// Auto-generated from main\images\ynfcloseeye.jpg
// Image size: 284x235

#include <stdint.h>

#define YNFCLOSEEYE_WIDTH 284
#define YNFCLOSEEYE_HEIGHT 235

const uint16_t ynfcloseeye_rgb565[66740] = {
    0x9BAE, 0x1DBF, 0xFDBE, 0xFDBE, 0xFDBE, 0xFDBE, 0xFDBE, 0xFDBE, 0xFDBE, 0xFDBE, 0xFDBE, 0xFDBE, 
    0xFDBE, 0xFDBE, 0xFDBE, 0xFDBE, 0xFDBE, 0xFDBE, 0xFDBE, 0xFDBE, 0xFDBE, 0xFDBE, 0xFDBE, 0xFDBE, 
    0xFDBE, 0xFDBE, 0xFDBE, 0xFDBE, 0xFDBE, 0xFDBE, 0xFDBE, 0xFDBE, 0xFDBE, 0xFDBE, 0xFDBE, 0xFDBE, 
    0xFDBE, 0xFDBE, 0xFDBE, 0xFDBE, 0xFDBE, 0xFDBE, 0xFDBE, 0xFDBE, 0xFDBE, 0xFDBE, 0xFDBE, 0xFDBE, 
    0xFDBE, 0xFDBE, 0xFDBE, 0xFDBE, 0xFDBE, 0xFDBE, 0xFDBE, 0xFDBE, 0xFDBE, 0xFDBE, 0xFDBE, 0xFDBE, 
    0xFDBE, 0xFDBE, 0xFDBE, 0xFDBE, 0xFDBE, 0xFDBE, 0xFDBE, 0xFDBE, 0xFDBE, 0xFDBE, 0xFDBE, 0xFDBE, 
    0xFDBE, 0xFDBE, 0xFDBE, 0xFDBE, 0xFDBE, 0xFDBE, 0xFDBE, 0xFDBE, 0xFDBE, 0xFDBE, 0xFDBE, 0xFDBE, 
    0xFDBE, 0xFDBE, 0xFDBE, 0x1EB7, 0x3FAF, 0x1EB7, 0x3DC7, 0x3DC7, 0x3DC7, 0x3EBF, 0x3FBF, 0x5EBF, 
    0x3EC7, 0x3EC7, 0x3FC7, 0x3FC7, 0x3FC7, 0x3FC7, 0x3FC7, 0x3FC7, 0x3FC7, 0x3FC7, 0x3FC7, 0x3FC7, 
    0x3EBF, 0x3EC7, 0x1FC7, 0x5FBF, 0x1DC7, 0xDCC6, 0xFEB6, 0x3FAF, 0x1EB7, 0xFDBE, 0x1EB7, 0x1EB7, 
    0xFDBE, 0xFDBE, 0x1EB7, 0xFCBE, 0x33A5, 0x6F9C, 0x909C, 0x9094, 0x9094, 0x7094, 0x708C, 0x708C, 
    0x708C, 0x508C, 0x4F8C, 0x508C, 0x4F8C, 0x2E8C, 0x2E8C, 0x2E8C, 0x0E8C, 0x0D8C, 0x0D8C, 0x0D8C, 
    0xED83, 0xED83, 0xCC8B, 0xCC8B, 0xCC83, 0xAC83, 0xAC83, 0x8C83, 0x8B83, 0x8B83, 0x8B7B, 0x6B7B, 
    0x6B7B, 0x6B7B, 0x4A7B, 0x6A7B, 0x4A7B, 0x4A73, 0x2973, 0x2973, 0x0973, 0x0973, 0x0973, 0xE97A, 
    0xE872, 0xE972, 0xA76A, 0x1295, 0x1EBF, 0xFDB6, 0x1DBF, 0xFDBE, 0xFCBE, 0xFCBE, 0x1DB7, 0x1EB7, 
    0xFDBE, 0x149D, 0xD19C, 0x53B5, 0x34A5, 0x54A5, 0x559D, 0x559D, 0x559D, 0x559D, 0x559D, 0x559D, 
    0x559D, 0x559D, 0x559D, 0x559D, 0x559D, 0x559D, 0x559D, 0x559D, 0x75A5, 0x759D, 0x759D, 0x759D, 
    0x54A5, 0x79C6, 0x3EB7, 0x1EB7, 0xFDBE, 0x1DBF, 0xFDBE, 0xFDBE, 0x1DBF, 0x1DB7, 0xFDBE, 0xFDBE, 
    0xFDBE, 0xFDBE, 0xFDBE, 0xFDBE, 0xFDBE, 0xFDBE, 0xFDBE, 0xFDBE, 0xFDBE, 0xFDBE, 0xFDBE, 0xFDBE, 
    0xFDBE, 0xFDBE, 0xFDBE, 0xFDBE, 0xFDBE, 0xFDBE, 0xFDBE, 0xFDBE, 0xFDBE, 0xFDBE, 0xFDBE, 0xFDBE, 
    0xFDBE, 0xFDBE, 0xFDBE, 0xFDBE, 0xFDBE, 0xFDBE, 0xFDBE, 0xFDBE, 0xFDBE, 0xFDBE, 0xFDBE, 0xFDBE, 
    0xFDBE, 0xFDBE, 0xFDBE, 0xFDBE, 0xFDBE, 0xFDBE, 0xFDBE, 0xFDBE, 0xFDBE, 0xFDBE, 0xFDBE, 0xFDBE, 
    0xFDBE, 0xFDBE, 0xFDBE, 0xFDBE, 0xFDBE, 0xFDBE, 0xFDBE, 0xFDBE, 0xFDBE, 0xFDBE, 0xFDBE, 0xFDBE, 
    0xFDBE, 0xFDBE, 0xFDBE, 0xFDBE, 0xFDBE, 0xFDBE, 0xFDBE, 0xFDBE, 
    0x9BAE, 0x1DBF, 0xFDBE, 0xFDBE, 
    0xFDBE, 0xFDBE, 0xFDBE, 0xFDBE, 0xFDBE, 0xFDBE, 0xFDBE, 0xFDBE, 0xFDBE, 0xFDBE, 0xFDBE, 0xFDBE, 
    0xFDBE, 0xFDBE, 0xFDBE, 0xFDBE, 0xFDBE, 0xFDBE, 0xFDBE, 0xFDBE, 0xFDBE, 0xFDBE, 0xFDBE, 0xFDBE, 
    0xFDBE, 0xFDBE, 0xFDBE, 0xFDBE, 0xFDBE, 0xFDBE, 0xFDBE, 0xFDBE, 0xFDBE, 0xFDBE, 0xFDBE, 0xFDBE, 
    0xFDBE, 0xFDBE, 0xFDBE, 0xFDBE, 0xFDBE, 0xFDBE, 0xFDBE, 0xFDBE, 0xFDBE, 0xFDBE, 0xFDBE, 0xFDBE, 
    0xFDBE, 0xFDBE, 0xFDBE, 0xFDBE, 0xFDBE, 0xFDBE, 0xFDBE, 0xFDBE, 0xFDBE, 0xFDBE, 0xFDBE, 0xFDBE, 
    0xFDBE, 0xFDBE, 0xFDBE, 0xFDBE, 0xFDBE, 0xFDBE, 0xFDBE, 0xFDBE, 0xFDBE, 0xFDBE, 0xFDBE, 0xFDBE, 
    0xFDBE, 0xFDBE, 0xFDBE, 0xFDBE, 0xFDBE, 0xFDBE, 0xFDBE, 0xFDBE, 0xFDBE, 0xFDBE, 0xFDBE, 0xFDBE, 
    0x1DC7, 0x39B6, 0x508C, 0x2F8C, 0x4F8C, 0x508C, 0x508C, 0x508C, 0x4F8C, 0x4F8C, 0x4F8C, 0x4F8C, 
    0x4F8C, 0x4F8C, 0x4F8C, 0x4F8C, 0x4F8C, 0x4F8C, 0x4F8C, 0x508C, 0x7084, 0x4F8C, 0x508C, 0x7084, 
    0x2F84, 0xAD7B, 0x39B6, 0x3DBF, 0xDCBE, 0xFDBE, 0xFEB6, 0xFEB6, 0xFDBE, 0xFDBE, 0x1EBF, 0x7AB6, 
    0x0A63, 0x665A, 0x675A, 0x665A, 0x665A, 0x665A, 0x665A, 0x665A, 0x665A, 0x665A, 0x665A, 0x465A, 
    0x465A, 0x465A, 0x465A, 0x465A, 0x465A, 0x465A, 0x465A, 0x465A, 0x465A, 0x465A, 0x665A, 0x465A, 
    0x665A, 0x665A, 0x6662, 0x665A, 0x6662, 0x6662, 0x6662, 0x6662, 0x6662, 0x6662, 0x6762, 0x6662, 
    0x665A, 0x6662, 0x6662, 0x6662, 0x6662, 0x8662, 0x6662, 0x666A, 0x8662, 0x6762, 0x6662, 0x908C, 
    0x3EBF, 0x1DBF, 0xFCBE, 0xFEBE, 0xFDBE, 0xFDBE, 0x1DB7, 0x1DB7, 0xFCBE, 0x0B5B, 0x675A, 0x8762, 
    0x885A, 0x885A, 0x8762, 0x8762, 0x8762, 0x8762, 0x8762, 0x8762, 0x8762, 0x8762, 0x8762, 0x8762, 
    0x8762, 0x8762, 0x8762, 0x875A, 0x8762, 0x875A, 0x875A, 0xA762, 0x675A, 0xD28C, 0x5EBF, 0xFEB6, 
    0xFDBE, 0x1CB7, 0xFDBE, 0xFDBE, 0x1DBF, 0x1DB7, 0xFDBE, 0xFDBE, 0xFDBE, 0xFDBE, 0xFDBE, 0xFDBE, 
    0xFDBE, 0xFDBE, 0xFDBE, 0xFDBE, 0xFDBE, 0xFDBE, 0xFDBE, 0xFDBE, 0xFDBE, 0xFDBE, 0xFDBE, 0xFDBE, 
    0xFDBE, 0xFDBE, 0xFDBE, 0xFDBE, 0xFDBE, 0xFDBE, 0xFDBE, 0xFDBE, 0xFDBE, 0xFDBE, 0xFDBE, 0xFDBE, 
    0xFDBE, 0xFDBE, 0xFDBE, 0xFDBE, 0xFDBE, 0xFDBE, 0xFDBE, 0xFDBE, 0xFDBE, 0xFDBE, 0xFDBE, 0xFDBE, 
    0xFDBE, 0xFDBE, 0xFDBE, 0xFDBE, 0xFDBE, 0xFDBE, 0xFDBE, 0xFDBE, 0xFDBE, 0xFDBE, 0xFDBE, 0xFDBE, 
    0xFDBE, 0xFDBE, 0xFDBE, 0xFDBE, 0xFDBE, 0xFDBE, 0xFDBE, 0xFDBE, 0xFDBE, 0xFDBE, 0xFDBE, 0xFDBE, 
    0xFDBE, 0xFDBE, 0xFDBE, 0xFDBE, 
    0x9BAE, 0x1DBF, 0xFDBE, 0xFDBE, 0xFDBE, 0xFDBE, 0xFDBE, 0xFDBE, 
    0xFDBE, 0xFDBE, 0xFDBE, 0xFDBE, 0xFDBE, 0xFDBE, 0xFDBE, 0xFDBE, 0xFDBE, 0xFDBE, 0xFDBE, 0xFDBE, 
    0xFDBE, 0xFDBE, 0xFDBE, 0xFDBE, 0xFDBE, 0xFDBE, 0xFDBE, 0xFDBE, 0xFDBE, 0xFDBE, 0xFDBE, 0xFDBE, 
    0xFDBE, 0xFDBE, 0xFDBE, 0xFDBE, 0xFDBE, 0xFDBE, 0xFDBE, 0xFDBE, 0xFDBE, 0xFDBE, 0xFDBE, 0xFDBE, 
    0xFDBE, 0xFDBE, 0xFDBE, 0xFDBE, 0xFDBE, 0xFDBE, 0xFDBE, 0xFDBE, 0xFDBE, 0xFDBE, 0xFDBE, 0xFDBE, 
    0xFDBE, 0xFDBE, 0xFDBE, 0xFDBE, 0xFDBE, 0xFDBE, 0xFDBE, 0xFDBE, 0xFDBE, 0xFDBE, 0xFDBE, 0xFDBE, 
    0xFDBE, 0xFDBE, 0xFDBE, 0xFDBE, 0xFDBE, 0xFDBE, 0xFDBE, 0xFDBE, 0xFDBE, 0xFDBE, 0xFDBE, 0xFDBE, 
    0xFDBE, 0xFDBE, 0xFDBE, 0xFDBE, 0xFDBE, 0xFDBE, 0xFDBE, 0xFDBE, 0x1CC7, 0xD6AD, 0xA85A, 0x4562, 
    0x4562, 0x4562, 0x4662, 0x4562, 0x4562, 0x4562, 0x4562, 0x4562, 0x4562, 0x4562, 0x4562, 0x4562, 
    0x4562, 0x4562, 0x4562, 0x4662, 0x4562, 0x4462, 0x2562, 0x665A, 0x655A, 0x6762, 0xD6B5, 0x1CC7, 
    0xDBC6, 0xFCBE, 0x1DB7, 0xFEB6, 0xFDBE, 0xFCBE, 0x3EBF, 0x39AE, 0xC95A, 0xE872, 0x4A83, 0x2883, 
    0x2883, 0x2883, 0x498B, 0x498B, 0x498B, 0x498B, 0x498B, 0x498B, 0x698B, 0x6A8B, 0x6A8B, 0x6A8B, 
    0x6A8B, 0x6A8B, 0x6A8B, 0x6A8B, 0x6A8B, 0x8A8B, 0x8A8B, 0x8A8B, 0x8A8B, 0x8A8B, 0x8A8B, 0x8B8B, 
    0xAB8B, 0xAB8B, 0xAB8B, 0xAB93, 0xAB93, 0xAB93, 0xAB93, 0x4DA4, 0x6EA4, 0x8EA4, 0x8EA4, 0x8EAC, 
    0x8EAC, 0xAEAC, 0xAFAC, 0x8FAC, 0xAEAC, 0xAFAC, 0xA76A, 0xB08C, 0x3EBF, 0xFDB6, 0xFCBE, 0xFEBE, 
    0xFDB6, 0x1DBF, 0x1DB7, 0x1DBF, 0xDCC6, 0x4B6B, 0xA76A, 0xC772, 0xE872, 0xC77A, 0xC77A, 0xC77A, 
    0xC77A, 0xC77A, 0xC77A, 0xC77A, 0xC77A, 0xC77A, 0xC77A, 0xC77A, 0xC77A, 0xC77A, 0xC77A, 0xC77A, 
    0xA77A, 0xC77A, 0xC77A, 0xC77A, 0x4562, 0x928C, 0x3EBF, 0xFEB6, 0xFDBE, 0x1DBF, 0xFEBE, 0xFEBE, 
    0xFDBE, 0x1DB7, 0xFDBE, 0xFDBE, 0xFDBE, 0xFDBE, 0xFDBE, 0xFDBE, 0xFDBE, 0xFDBE, 0xFDBE, 0xFDBE, 
    0xFDBE, 0xFDBE, 0xFDBE, 0xFDBE, 0xFDBE, 0xFDBE, 0xFDBE, 0xFDBE, 0xFDBE, 0xFDBE, 0xFDBE, 0xFDBE, 
    0xFDBE, 0xFDBE, 0xFDBE, 0xFDBE, 0xFDBE, 0xFDBE, 0xFDBE, 0xFDBE, 0xFDBE, 0xFDBE, 0xFDBE, 0xFDBE, 
    0xFDBE, 0xFDBE, 0xFDBE, 0xFDBE, 0xFDBE, 0xFDBE, 0xFDBE, 0xFDBE, 0xFDBE, 0xFDBE, 0xFDBE, 0xFDBE, 
    0xFDBE, 0xFDBE, 0xFDBE, 0xFDBE, 0xFDBE, 0xFDBE, 0xFDBE, 0xFDBE, 0xFDBE, 0xFDBE, 0xFDBE, 0xFDBE, 
    0xFDBE, 0xFDBE, 0xFDBE, 0xFDBE, 0xFDBE, 0xFDBE, 0xFDBE, 0xFDBE, 0xFDBE, 0xFDBE, 0xFDBE, 0xFDBE, 
    
    0x9BAE, 0x1DBF, 0xFDBE, 0xFDBE, 0xFDBE, 0xFDBE, 0xFDBE, 0xFDBE, 0xFDBE, 0xFDBE, 0xFDBE, 0xFDBE, 
    0xFDBE, 0xFDBE, 0xFDBE, 0xFDBE, 0xFDBE, 0xFDBE, 0xFDBE, 0xFDBE, 0xFDBE, 0xFDBE, 0xFDBE, 0xFDBE, 
    0xFDBE, 0xFDBE, 0xFDBE, 0xFDBE, 0xFDBE, 0xFDBE, 0xFDBE, 0xFDBE, 0xFDBE, 0xFDBE, 0xFDBE, 0xFDBE, 
    0xFDBE, 0xFDBE, 0xFDBE, 0xFDBE, 0xFDBE, 0xFDBE, 0xFDBE, 0xFDBE, 0xFDBE, 0xFDBE, 0xFDBE, 0xFDBE, 
    0xFDBE, 0xFDBE, 0xFDBE, 0xFDBE, 0xFDBE, 0xFDBE, 0xFDBE, 0xFDBE, 0xFDBE, 0xFDBE, 0xFDBE, 0xFDBE, 
    0xFDBE, 0xFDBE, 0xFDBE, 0xFDBE, 0xFDBE, 0xFDBE, 0xFDBE, 0xFDBE, 0xFDBE, 0xFDBE, 0xFDBE, 0xFDBE, 
    0xFDBE, 0xFDBE, 0xFDBE, 0xFDBE, 0xFDBE, 0xFDBE, 0xFDBE, 0xFDBE, 0xFDBE, 0xFDBE, 0xFDBE, 0xFDBE, 
    0xFDBE, 0xFDBE, 0xFDBE, 0xFDB6, 0x3EBF, 0xF7A5, 0xC95A, 0x497B, 0x8A8B, 0x6A83, 0x6A83, 0x6A83, 
    0x698B, 0x6A8B, 0x6A83, 0x6A83, 0x6A83, 0x6A83, 0x6A83, 0x6A83, 0x6A83, 0x6A83, 0x6A83, 0x6A8B, 
    0x698B, 0x698B, 0x4A8B, 0x8A83, 0x297B, 0xA86A, 0xD7AD, 0x5EBF, 0xFDB6, 0xFCBE, 0x1DB7, 0xFDB6, 
    0xFCBE, 0xDCBE, 0x3EC7, 0x38B6, 0xC862, 0x6A8B, 0x8FB4, 0x6DB4, 0x6DB4, 0x8EB4, 0x8EB4, 0x6EB4, 
    0x6EB4, 0x6EB4, 0x8EB4, 0x8EB4, 0x8EB4, 0x8EB4, 0x8EB4, 0x8EB4, 0x8EB4, 0x8EB4, 0x8EB4, 0x8EB4, 
    0x8EB4, 0x8EB4, 0x8EB4, 0x8EB4, 0x8EB4, 0x8EB4, 0x8EB4, 0x8EB4, 0x8EB4, 0x8EB4, 0x8EB4, 0x8EB4, 
    0x8EB4, 0x8EB4, 0x8EB4, 0xD3D5, 0x14DE, 0x14DE, 0x13DE, 0x13DE, 0x13DE, 0x13DE, 0x14D6, 0x14DE, 
    0x14D6, 0x15DE, 0xA66A, 0xB08C, 0x3EBF, 0x1DBF, 0xFCBE, 0xFEB6, 0x1DB7, 0x1DBF, 0x1DB7, 0x1DBF, 
    0xDBC6, 0x2B6B, 0x0883, 0x6DB4, 0x4DAC, 0x4EAC, 0x4EAC, 0x4EAC, 0x4EAC, 0x4EAC, 0x4EAC, 0x4EAC, 
    0x4EAC, 0x4EAC, 0x4EAC, 0x4EAC, 0x4EAC, 0x4EAC, 0x4EAC, 0x4EAC, 0x4EAC, 0x4EA4, 0x6EAC, 0x2DA4, 
    0x676A, 0x918C, 0x3DBF, 0xFEB6, 0xFDBE, 0xFDBE, 0xFEBE, 0xFEBE, 0xFDBE, 0x1DB7, 0xFDBE, 0xFDBE, 
    0xFDBE, 0xFDBE, 0xFDBE, 0xFDBE, 0xFDBE, 0xFDBE, 0xFDBE, 0xFDBE, 0xFDBE, 0xFDBE, 0xFDBE, 0xFDBE, 
    0xFDBE, 0xFDBE, 0xFDBE, 0xFDBE, 0xFDBE, 0xFDBE, 0xFDBE, 0xFDBE, 0xFDBE, 0xFDBE, 0xFDBE, 0xFDBE, 
    0xFDBE, 0xFDBE, 0xFDBE, 0xFDBE, 0xFDBE, 0xFDBE, 0xFDBE, 0xFDBE, 0xFDBE, 0xFDBE, 0xFDBE, 0xFDBE, 
    0xFDBE, 0xFDBE, 0xFDBE, 0xFDBE, 0xFDBE, 0xFDBE, 0xFDBE, 0xFDBE, 0xFDBE, 0xFDBE, 0xFDBE, 0xFDBE, 
    0xFDBE, 0xFDBE, 0xFDBE, 0xFDBE, 0xFDBE, 0xFDBE, 0xFDBE, 0xFDBE, 0xFDBE, 0xFDBE, 0xFDBE, 0xFDBE, 
    0xFDBE, 0xFDBE, 0xFDBE, 0xFDBE, 0xFDBE, 0xFDBE, 0xFDBE, 0xFDBE, 
    0x9BAE, 0x1DBF, 0xFDBE, 0xFDBE, 
    0xFDBE, 0xFDBE, 0xFDBE, 0xFDBE, 0xFDBE, 0xFDBE, 0xFDBE, 0xFDBE, 0xFDBE, 0xFDBE, 0xFDBE, 0xFDBE, 
    0xFDBE, 0xFDBE, 0xFDBE, 0xFDBE, 0xFDBE, 0xFDBE, 0xFDBE, 0xFDBE, 0xFDBE, 0xFDBE, 0xFDBE, 0xFDBE, 
    0xFDBE, 0xFDBE, 0xFDBE, 0xFDBE, 0xFDBE, 0xFDBE, 0xFDBE, 0xFDBE, 0xFDBE, 0xFDBE, 0xFDBE, 0xFDBE, 
    0xFDBE, 0xFDBE, 0xFDBE, 0xFDBE, 0xFDBE, 0xFDBE, 0xFDBE, 0xFDBE, 0xFDBE, 0xFDBE, 0xFDBE, 0xFDBE, 
    0xFDBE, 0xFDBE, 0xFDBE, 0xFDBE, 0xFDBE, 0xFDBE, 0xFDBE, 0xFDBE, 0xFDBE, 0xFDBE, 0xFDBE, 0xFDBE, 
    0xFDBE, 0xFDBE, 0xFDBE, 0xFDBE, 0xFDBE, 0xFDBE, 0xFDBE, 0xFDBE, 0xFDBE, 0xFDBE, 0xFDBE, 0xFDBE, 
    0xFDBE, 0xFDBE, 0xFDBE, 0xFDBE, 0xFDBE, 0xFDBE, 0xFDBE, 0xFDBE, 0xFDBE, 0xFDBE, 0xFDBE, 0xFDB6, 
    0x3FBF, 0x97A5, 0xA95A, 0x2DA4, 0xAFBC, 0x8FB4, 0x8FB4, 0x8FB4, 0x8FB4, 0x8FB4, 0xAEB4, 0xAEB4, 
    0xAEB4, 0xAEB4, 0xAEB4, 0xAEB4, 0xAEB4, 0xAEB4, 0xAEB4, 0x90B4, 0xAFAC, 0xAEB4, 0x8FB4, 0xD0B4, 
    0xEC93, 0xA862, 0xF8AD, 0x3EB7, 0x1EB7, 0x1DBF, 0x1DB7, 0xFEB6, 0xFDBE, 0xFCBE, 0x1DC7, 0x38B6, 
    0xA862, 0x8A93, 0xAFB4, 0x6EAC, 0x8EAC, 0x6EAC, 0x6EAC, 0x6EAC, 0x6EAC, 0x8EAC, 0x8EAC, 0x8FAC, 
    0x6EAC, 0x6EB4, 0x6EB4, 0x6EB4, 0x6EB4, 0x6EB4, 0x6EB4, 0x6EB4, 0x6EB4, 0x6EB4, 0x6EB4, 0x6EB4, 
    0x6EB4, 0x6EB4, 0x6EAC, 0x6EB4, 0x6EB4, 0x6EB4, 0x6EB4, 0x6EB4, 0x6EB4, 0x6EAC, 0x6EAC, 0x92CD, 
    0xD3D5, 0xD3D5, 0xD3D5, 0xD3D5, 0xD2D5, 0xD2D5, 0xD3CD, 0xB3D5, 0xD2CD, 0xD3D5, 0xA66A, 0x908C, 
    0x3EBF, 0xFDB6, 0xFDBE, 0xFEB6, 0xFDBE, 0xFDBE, 0x1DBF, 0x1DBF, 0xDBC6, 0x4B6B, 0x0883, 0x8DBC, 
    0x6EB4, 0x6FAC, 0x8FAC, 0x8FAC, 0x8FAC, 0x8FAC, 0x8FAC, 0x8FAC, 0x8FAC, 0x8FAC, 0x8FAC, 0x8FAC, 
    0x8FAC, 0x8FAC, 0x8FAC, 0x8FAC, 0x8FAC, 0x8FAC, 0x8FAC, 0x6EA4, 0x876A, 0x708C, 0x3DC7, 0xFEBE, 
    0xFDBE, 0xFDBE, 0xFEBE, 0xFEBE, 0x1DBF, 0x1DB7, 0xFDBE, 0xFDBE, 0xFDBE, 0xFDBE, 0xFDBE, 0xFDBE, 
    0xFDBE, 0xFDBE, 0xFDBE, 0xFDBE, 0xFDBE, 0xFDBE, 0xFDBE, 0xFDBE, 0xFDBE, 0xFDBE, 0xFDBE, 0xFDBE, 
    0xFDBE, 0xFDBE, 0xFDBE, 0xFDBE, 0xFDBE, 0xFDBE, 0xFDBE, 0xFDBE, 0xFDBE, 0xFDBE, 0xFDBE, 0xFDBE, 
    0xFDBE, 0xFDBE, 0xFDBE, 0xFDBE, 0xFDBE, 0xFDBE, 0xFDBE, 0xFDBE, 0xFDBE, 0xFDBE, 0xFDBE, 0xFDBE, 
    0xFDBE, 0xFDBE, 0xFDBE, 0xFDBE, 0xFDBE, 0xFDBE, 0xFDBE, 0xFDBE, 0xFDBE, 0xFDBE, 0xFDBE, 0xFDBE, 
    0xFDBE, 0xFDBE, 0xFDBE, 0xFDBE, 0xFDBE, 0xFDBE, 0xFDBE, 0xFDBE, 0xFDBE, 0xFDBE, 0xFDBE, 0xFDBE, 
    0xFDBE, 0xFDBE, 0xFDBE, 0xFDBE, 
    0x9BAE, 0x1DBF, 0xFDBE, 0xFDBE, 0xFDBE, 0xFDBE, 0xFDBE, 0xFDBE, 
    0xFDBE, 0xFDBE, 0xFDBE, 0xFDBE, 0xFDBE, 0xFDBE, 0xFDBE, 0xFDBE, 0xFDBE, 0xFDBE, 0xFDBE, 0xFDBE, 
    0xFDBE, 0xFDBE, 0xFDBE, 0xFDBE, 0xFDBE, 0xFDBE, 0xFDBE, 0xFDBE, 0xFDBE, 0xFDBE, 0xFDBE, 0xFDBE, 
    0xFDBE, 0xFDBE, 0xFDBE, 0xFDBE, 0xFDBE, 0xFDBE, 0xFDBE, 0xFDBE, 0xFDBE, 0xFDBE, 0xFDBE, 0xFDBE, 
    0xFDBE, 0xFDBE, 0xFDBE, 0xFDBE, 0xFDBE, 0xFDBE, 0xFDBE, 0xFDBE, 0xFDBE, 0xFDBE, 0xFDBE, 0xFDBE, 
    0xFDBE, 0xFDBE, 0xFDBE, 0xFDBE, 0xFDBE, 0xFDBE, 0xFDBE, 0xFDBE, 0xFDBE, 0xFDBE, 0xFDBE, 0xFDBE, 
    0xFDBE, 0xFDBE, 0xFDBE, 0xFDBE, 0xFDBE, 0xFDBE, 0xFDBE, 0xFDBE, 0xFDBE, 0xFDBE, 0xFDBE, 0xFDBE, 
    0xFDBE, 0xFDBE, 0xFDBE, 0xFDBE, 0xFDBE, 0xFDBE, 0xFDBE, 0xFDB6, 0x3EC7, 0x96A5, 0xA862, 0xECA3, 
    0x6DBC, 0x4DB4, 0x6EB4, 0x6EAC, 0x6EAC, 0x6EB4, 0x6DB4, 0x6DB4, 0x6DB4, 0x6DB4, 0x6DB4, 0x6DB4, 
    0x6DB4, 0x6DB4, 0x6DB4, 0x6FAC, 0x6EAC, 0x6DB4, 0x4EB4, 0x8EB4, 0xCB93, 0x876A, 0xF7B5, 0x3EBF, 
    0xFDB6, 0xFDBE, 0x1EB7, 0x1EB7, 0xFDBE, 0xFDBE, 0x3EBF, 0x38B6, 0xA862, 0x6A8B, 0x8FB4, 0x6EAC, 
    0x6FAC, 0x6FAC, 0x6FAC, 0x6FAC, 0x6FAC, 0x6FAC, 0x8FAC, 0x6FAC, 0x6EAC, 0x6EAC, 0x6EAC, 0x6EAC, 
    0x6EAC, 0x6EAC, 0x6EAC, 0x6EAC, 0x6EAC, 0x6EAC, 0x6EAC, 0x6EAC, 0x6EAC, 0x6EAC, 0x6EAC, 0x6EAC, 
    0x6EAC, 0x6EAC, 0x6EAC, 0x6EAC, 0x6EB4, 0x6EAC, 0x6EAC, 0x92CD, 0xD3D5, 0xD3D5, 0xD3D5, 0xD3D5, 
    0xD3D5, 0xF3D5, 0xF3D5, 0xD3D5, 0xF3D5, 0xD3D5, 0xA66A, 0x908C, 0x1EBF, 0xFDBE, 0xFDBE, 0xFEBE, 
    0xFDBE, 0xFDBE, 0x1DB7, 0x1DBF, 0xDCC6, 0x4C6B, 0x097B, 0x8EB4, 0x6EAC, 0x6EAC, 0x6EAC, 0x6EAC, 
    0x6EAC, 0x6EAC, 0x6EAC, 0x6EAC, 0x6EAC, 0x6EAC, 0x6EAC, 0x6EB4, 0x6EB4, 0x6EAC, 0x6EAC, 0x6EAC, 
    0x6EAC, 0x6EAC, 0x8EAC, 0x4DAC, 0x866A, 0x7094, 0x3DC7, 0xFEBE, 0xFDBE, 0x1DBF, 0xFEBE, 0xFEBE, 
    0xFDBE, 0x1DB7, 0xFDBE, 0xFDBE, 0xFDBE, 0xFDBE, 0xFDBE, 0xFDBE, 0xFDBE, 0xFDBE, 0xFDBE, 0xFDBE, 
    0xFDBE, 0xFDBE, 0xFDBE, 0xFDBE, 0xFDBE, 0xFDBE, 0xFDBE, 0xFDBE, 0xFDBE, 0xFDBE, 0xFDBE, 0xFDBE, 
    0xFDBE, 0xFDBE, 0xFDBE, 0xFDBE, 0xFDBE, 0xFDBE, 0xFDBE, 0xFDBE, 0xFDBE, 0xFDBE, 0xFDBE, 0xFDBE, 
    0xFDBE, 0xFDBE, 0xFDBE, 0xFDBE, 0xFDBE, 0xFDBE, 0xFDBE, 0xFDBE, 0xFDBE, 0xFDBE, 0xFDBE, 0xFDBE, 
    0xFDBE, 0xFDBE, 0xFDBE, 0xFDBE, 0xFDBE, 0xFDBE, 0xFDBE, 0xFDBE, 0xFDBE, 0xFDBE, 0xFDBE, 0xFDBE, 
    0xFDBE, 0xFDBE, 0xFDBE, 0xFDBE, 0xFDBE, 0xFDBE, 0xFDBE, 0xFDBE, 0xFDBE, 0xFDBE, 0xFDBE, 0xFDBE, 
    
    0x9BAE, 0x1DBF, 0xFDBE, 0xFDBE, 0xFDBE, 0xFDBE, 0xFDBE, 0xFDBE, 0xFDBE, 0xFDBE, 0xFDBE, 0xFDBE, 
    0xFDBE, 0xFDBE, 0xFDBE, 0xFDBE, 0xFDBE, 0xFDBE, 0xFDBE, 0xFDBE, 0xFDBE, 0xFDBE, 0xFDBE, 0xFDBE, 
    0xFDBE, 0xFDBE, 0xFDBE, 0xFDBE, 0xFDBE, 0xFDBE, 0xFDBE, 0xFDBE, 0xFDBE, 0xFDBE, 0xFDBE, 0xFDBE, 
    0xFDBE, 0xFDBE, 0xFDBE, 0xFDBE, 0xFDBE, 0xFDBE, 0xFDBE, 0xFDBE, 0xFDBE, 0xFDBE, 0xFDBE, 0xFDBE, 
    0xFDBE, 0xFDBE, 0xFDBE, 0xFDBE, 0xFDBE, 0xFDBE, 0xFDBE, 0xFDBE, 0xFDBE, 0xFDBE, 0xFDBE, 0xFDBE, 
    0xFDBE, 0xFDBE, 0xFDBE, 0xFDBE, 0xFDBE, 0xFDBE, 0xFDBE, 0xFDBE, 0xFDBE, 0xFDBE, 0xFDBE, 0xFDBE, 
    0xFDBE, 0xFDBE, 0xFDBE, 0xFDBE, 0xFDBE, 0xFDBE, 0xFDBE, 0xFDBE, 0xFDBE, 0xFDBE, 0xFDBE, 0xFDBE, 
    0xFDBE, 0xFDBE, 0xFDBE, 0xFDB6, 0x3DC7, 0x95A5, 0xC862, 0x0B9C, 0x8DB4, 0x6DAC, 0x8EAC, 0x8EAC, 
    0x8EAC, 0x8EAC, 0x6FAC, 0x6FAC, 0x6FAC, 0x6FAC, 0x6FAC, 0x6FAC, 0x6FAC, 0x6FAC, 0x6FAC, 0x6FAC, 
    0x6EAC, 0x6DB4, 0x4EB4, 0x8EB4, 0xCB93, 0x876A, 0xF7B5, 0x3DBF, 0xFDBE, 0xFDBE, 0x1EB7, 0x1EB7, 
    0xFDBE, 0xFDBE, 0x3EBF, 0x39B6, 0xA862, 0x8A8B, 0xAFB4, 0x6EAC, 0x6EAC, 0x6EAC, 0x6EAC, 0x6EAC, 
    0x6EAC, 0x6EAC, 0x6EAC, 0x6EAC, 0x6EAC, 0x6EAC, 0x6EAC, 0x6EAC, 0x6EAC, 0x6EAC, 0x6EAC, 0x6EAC, 
    0x6EAC, 0x6EAC, 0x6EAC, 0x6EAC, 0x6EAC, 0x6EAC, 0x6EAC, 0x6EAC, 0x6EAC, 0x6EAC, 0x6EAC, 0x6EAC, 
    0x6EAC, 0x6EAC, 0x6EAC, 0x92CD, 0xF3D5, 0xD3D5, 0xD3D5, 0xF3D5, 0xF3D5, 0xF3CD, 0xD3D5, 0xD3D5, 
    0xF3D5, 0xD4D5, 0xA66A, 0x908C, 0x1EBF, 0xFDBE, 0xFDBE, 0xFEBE, 0xFDBE, 0xFDBE, 0xFDB6, 0x1DBF, 
    0xDCC6, 0x4C6B, 0x097B, 0x8EB4, 0x8FAC, 0x8EAC, 0x6DB4, 0x6DB4, 0x6DB4, 0x6DB4, 0x6DB4, 0x6DB4, 
    0x6DB4, 0x6DB4, 0x6DB4, 0x6DB4, 0x6DB4, 0x6DB4, 0x6DB4, 0x6DB4, 0x6DB4, 0x6DAC, 0x8EB4, 0x6DAC, 
    0x866A, 0x7094, 0x3DC7, 0xFEBE, 0xFDBE, 0x1DBF, 0xFEBE, 0xFEBE, 0xFDBE, 0x1DB7, 0xFDBE, 0xFDBE, 
    0xFDBE, 0xFDBE, 0xFDBE, 0xFDBE, 0xFDBE, 0xFDBE, 0xFDBE, 0xFDBE, 0xFDBE, 0xFDBE, 0xFDBE, 0xFDBE, 
    0xFDBE, 0xFDBE, 0xFDBE, 0xFDBE, 0xFDBE, 0xFDBE, 0xFDBE, 0xFDBE, 0xFDBE, 0xFDBE, 0xFDBE, 0xFDBE, 
    0xFDBE, 0xFDBE, 0xFDBE, 0xFDBE, 0xFDBE, 0xFDBE, 0xFDBE, 0xFDBE, 0xFDBE, 0xFDBE, 0xFDBE, 0xFDBE, 
    0xFDBE, 0xFDBE, 0xFDBE, 0xFDBE, 0xFDBE, 0xFDBE, 0xFDBE, 0xFDBE, 0xFDBE, 0xFDBE, 0xFDBE, 0xFDBE, 
    0xFDBE, 0xFDBE, 0xFDBE, 0xFDBE, 0xFDBE, 0xFDBE, 0xFDBE, 0xFDBE, 0xFDBE, 0xFDBE, 0xFDBE, 0xFDBE, 
    0xFDBE, 0xFDBE, 0xFDBE, 0xFDBE, 0xFDBE, 0xFDBE, 0xFDBE, 0xFDBE, 
    0x9BAE, 0x1DBF, 0xFDBE, 0xFDBE, 
    0xFDBE, 0xFDBE, 0xFDBE, 0xFDBE, 0xFDBE, 0xFDBE, 0xFDBE, 0xFDBE, 0xFDBE, 0xFDBE, 0xFDBE, 0xFDBE, 
    0xFDBE, 0xFDBE, 0xFDBE, 0xFDBE, 0xFDBE, 0xFDBE, 0xFDBE, 0xFDBE, 0xFDBE, 0xFDBE, 0xFDBE, 0xFDBE, 
    0xFDBE, 0xFDBE, 0xFDBE, 0xFDBE, 0xFDBE, 0xFDBE, 0xFDBE, 0xFDBE, 0xFDBE, 0xFDBE, 0xFDBE, 0xFDBE, 
    0xFDBE, 0xFDBE, 0xFDBE, 0xFDBE, 0xFDBE, 0xFDBE, 0xFDBE, 0xFDBE, 0xFDBE, 0xFDBE, 0xFDBE, 0xFDBE, 
    0xFDBE, 0xFDBE, 0xFDBE, 0xFDBE, 0xFDBE, 0xFDBE, 0xFDBE, 0xFDBE, 0xFDBE, 0xFDBE, 0xFDBE, 0xFDBE, 
    0xFDBE, 0xFDBE, 0xFDBE, 0xFDBE, 0xFDBE, 0xFDBE, 0xFDBE, 0xFDBE, 0xFDBE, 0xFDBE, 0xFDBE, 0xFDBE, 
    0xFDBE, 0xFDBE, 0xFDBE, 0xFDBE, 0xFDBE, 0xFDBE, 0xFDBE, 0xFDBE, 0xFDBE, 0xFDBE, 0xFDBE, 0xFDBE, 
    0x1EC7, 0x96A5, 0xA862, 0x0C9C, 0x8EB4, 0x6EAC, 0x6FAC, 0x6FAC, 0x6FAC, 0x6EAC, 0x6EAC, 0x6EAC, 
    0x6EAC, 0x6EAC, 0x6EAC, 0x6EAC, 0x6EAC, 0x6EAC, 0x6EAC, 0x6FAC, 0x8FAC, 0x6EAC, 0x6EB4, 0xAFAC, 
    0xCB93, 0x8862, 0xF7AD, 0x3EBF, 0xFDB6, 0xFCBE, 0x1EB7, 0xFEB6, 0xFDBE, 0xFDBE, 0x3EBF, 0x39B6, 
    0xA862, 0x8A8B, 0xAEB4, 0x6DB4, 0x6EB4, 0x6EB4, 0x6EB4, 0x6EB4, 0x6EB4, 0x6EB4, 0x6EB4, 0x6EB4, 
    0x6EAC, 0x6EAC, 0x6EAC, 0x6EAC, 0x6EAC, 0x6EAC, 0x6EAC, 0x6EAC, 0x6EAC, 0x6EAC, 0x6EAC, 0x6EAC, 
    0x6EAC, 0x6EAC, 0x6EAC, 0x6EAC, 0x6EAC, 0x6EAC, 0x6EAC, 0x6EAC, 0x6EAC, 0x6EAC, 0x8EAC, 0xB2CD, 
    0xF3D5, 0xD3D5, 0xF3D5, 0xF3D5, 0xF3D5, 0xF3D5, 0xD3D5, 0xD3D5, 0xF3D5, 0xD4D5, 0x866A, 0x908C, 
    0x1EBF, 0xFDBE, 0xFDBE, 0xFEBE, 0xFDBE, 0xFDBE, 0x1DB7, 0x1DB7, 0xDCC6, 0x4C6B, 0x097B, 0x8EB4, 
    0x8EAC, 0x8EAC, 0x8EAC, 0x8EAC, 0x8EAC, 0x8EAC, 0x8EAC, 0x8EAC, 0x8EAC, 0x8EAC, 0x8EAC, 0x8EAC, 
    0x8EAC, 0x8EAC, 0x8EAC, 0x8EAC, 0x8EAC, 0x6EAC, 0x8EAC, 0x6EA4, 0x876A, 0x708C, 0x3DC7, 0xFEB6, 
    0xFDBE, 0x1DB7, 0xFEB6, 0xFEBE, 0x1DBF, 0x1DBF, 0xFDBE, 0xFDBE, 0xFDBE, 0xFDBE, 0xFDBE, 0xFDBE, 
    0xFDBE, 0xFDBE, 0xFDBE, 0xFDBE, 0xFDBE, 0xFDBE, 0xFDBE, 0xFDBE, 0xFDBE, 0xFDBE, 0xFDBE, 0xFDBE, 
    0xFDBE, 0xFDBE, 0xFDBE, 0xFDBE, 0xFDBE, 0xFDBE, 0xFDBE, 0xFDBE, 0xFDBE, 0xFDBE, 0xFDBE, 0xFDBE, 
    0xFDBE, 0xFDBE, 0xFDBE, 0xFDBE, 0xFDBE, 0xFDBE, 0xFDBE, 0xFDBE, 0xFDBE, 0xFDBE, 0xFDBE, 0xFDBE, 
    0xFDBE, 0xFDBE, 0xFDBE, 0xFDBE, 0xFDBE, 0xFDBE, 0xFDBE, 0xFDBE, 0xFDBE, 0xFDBE, 0xFDBE, 0xFDBE, 
    0xFDBE, 0xFDBE, 0xFDBE, 0xFDBE, 0xFDBE, 0xFDBE, 0xFDBE, 0xFDBE, 0xFDBE, 0xFDBE, 0xFDBE, 0xFDBE, 
    0xFDBE, 0xFDBE, 0xFDBE, 0xFDBE, 
    0x9BAE, 0x1DBF, 0xFDBE, 0xFDBE, 0xFDBE, 0xFDBE, 0xFDBE, 0xFDBE, 
    0xFDBE, 0xFDBE, 0xFDBE, 0xFDBE, 0xFDBE, 0xFDBE, 0xFDBE, 0xFDBE, 0xFDBE, 0xFDBE, 0xFDBE, 0xFDBE, 
    0xFDBE, 0xFDBE, 0xFDBE, 0xFDBE, 0xFDBE, 0xFDBE, 0xFDBE, 0xFDBE, 0xFDBE, 0xFDBE, 0xFDBE, 0xFDBE, 
    0xFDBE, 0xFDBE, 0xFDBE, 0xFDBE, 0xFDBE, 0xFDBE, 0xFDBE, 0xFDBE, 0xFDBE, 0xFDBE, 0xFDBE, 0xFDBE, 
    0xFDBE, 0xFDBE, 0xFDBE, 0xFDBE, 0xFDBE, 0xFDBE, 0xFDBE, 0xFDBE, 0xFDBE, 0xFDBE, 0xFDBE, 0xFDBE, 
    0xFDBE, 0xFDBE, 0xFDBE, 0xFDBE, 0xFDBE, 0xFDBE, 0xFDBE, 0xFDBE, 0xFDBE, 0xFDBE, 0xFDBE, 0xFDBE, 
    0xFDBE, 0xFDBE, 0xFDBE, 0xFDBE, 0xFDBE, 0xFDBE, 0xFDBE, 0xFDBE, 0xFDBE, 0xFDBE, 0xFDBE, 0xFDBE, 
    0xFDBE, 0xFDBE, 0xFDBE, 0xFDBE, 0xFDBE, 0xFDBE, 0xFDBE, 0xFDBE, 0x1EC7, 0x96A5, 0xA962, 0x0D9C, 
    0x8EB4, 0x6EB4, 0x6EAC, 0x6EB4, 0x6EB4, 0x6EB4, 0x6EB4, 0x6EB4, 0x6EB4, 0x6EB4, 0x6EB4, 0x6EB4, 
    0x6EB4, 0x6EB4, 0x6EB4, 0x6EAC, 0x8EAC, 0x6DB4, 0x4EB4, 0xAFAC, 0xEC8B, 0x8862, 0xF7AD, 0x3EBF, 
    0xFDBE, 0xFCBE, 0xFDBE, 0xFEB6, 0xFDBE, 0xFDBE, 0x3EBF, 0x38AE, 0xA862, 0x8A8B, 0xAEB4, 0x6EAC, 
    0x6EAC, 0x6EAC, 0x6EAC, 0x6EAC, 0x6EAC, 0x6EAC, 0x6EAC, 0x6EAC, 0x6EAC, 0x6EAC, 0x6EAC, 0x6EAC, 
    0x6EAC, 0x6EAC, 0x6EAC, 0x6EAC, 0x6EAC, 0x6EAC, 0x6EAC, 0x6EAC, 0x6EAC, 0x6EAC, 0x6EAC, 0x6EAC, 
    0x6EAC, 0x6EAC, 0x6EAC, 0x6EAC, 0x6EAC, 0x6EAC, 0x8EAC, 0x92CD, 0xF3D5, 0xD3D5, 0xD3D5, 0xD3D5, 
    0xD3D5, 0xF3D5, 0xD3D5, 0xD3D5, 0xF3D5, 0xD4D5, 0x866A, 0x908C, 0x1EBF, 0xFDBE, 0xFCBE, 0xFEBE, 
    0xFDBE, 0xFDBE, 0x1DB7, 0x1DBF, 0xDCC6, 0x4C73, 0x097B, 0x6EB4, 0x6EB4, 0x6EAC, 0x6EAC, 0x6EAC, 
    0x6EAC, 0x6EAC, 0x6EAC, 0x6EAC, 0x6EAC, 0x6EAC, 0x6EAC, 0x6EAC, 0x6EAC, 0x6EAC, 0x6EAC, 0x6EAC, 
    0x6EAC, 0x6EAC, 0x8EAC, 0x4EAC, 0x876A, 0x908C, 0x3DBF, 0xFEB6, 0xFDBE, 0x1DB7, 0xFEB6, 0xFEBE, 
    0x1DBF, 0x1CBF, 0xFDBE, 0xFDBE, 0xFDBE, 0xFDBE, 0xFDBE, 0xFDBE, 0xFDBE, 0xFDBE, 0xFDBE, 0xFDBE, 
    0xFDBE, 0xFDBE, 0xFDBE, 0xFDBE, 0xFDBE, 0xFDBE, 0xFDBE, 0xFDBE, 0xFDBE, 0xFDBE, 0xFDBE, 0xFDBE, 
    0xFDBE, 0xFDBE, 0xFDBE, 0xFDBE, 0xFDBE, 0xFDBE, 0xFDBE, 0xFDBE, 0xFDBE, 0xFDBE, 0xFDBE, 0xFDBE, 
    0xFDBE, 0xFDBE, 0xFDBE, 0xFDBE, 0xFDBE, 0xFDBE, 0xFDBE, 0xFDBE, 0xFDBE, 0xFDBE, 0xFDBE, 0xFDBE, 
    0xFDBE, 0xFDBE, 0xFDBE, 0xFDBE, 0xFDBE, 0xFDBE, 0xFDBE, 0xFDBE, 0xFDBE, 0xFDBE, 0xFDBE, 0xFDBE, 
    0xFDBE, 0xFDBE, 0xFDBE, 0xFDBE, 0xFDBE, 0xFDBE, 0xFDBE, 0xFDBE, 0xFDBE, 0xFDBE, 0xFDBE, 0xFDBE, 
    
    0x9BAE, 0x1DBF, 0xFDBE, 0xFDBE, 0xFDBE, 0xFDBE, 0xFDBE, 0xFDBE, 0xFDBE, 0xFDBE, 0xFDBE, 0xFDBE, 
    0xFDBE, 0xFDBE, 0xFDBE, 0xFDBE, 0xFDBE, 0xFDBE, 0xFDBE, 0xFDBE, 0xFDBE, 0xFDBE, 0xFDBE, 0xFDBE, 
    0xFDBE, 0xFDBE, 0xFDBE, 0xFDBE, 0xFDBE, 0xFDBE, 0xFDBE, 0xFDBE, 0xFDBE, 0xFDBE, 0xFDBE, 0xFDBE, 
    0xFDBE, 0xFDBE, 0xFDBE, 0xFDBE, 0xFDBE, 0xFDBE, 0xFDBE, 0xFDBE, 0xFDBE, 0xFDBE, 0xFDBE, 0xFDBE, 
    0xFDBE, 0xFDBE, 0xFDBE, 0xFDBE, 0xFDBE, 0xFDBE, 0xFDBE, 0xFDBE, 0xFDBE, 0xFDBE, 0xFDBE, 0xFDBE, 
    0xFDBE, 0xFDBE, 0xFDBE, 0xFDBE, 0xFDBE, 0xFDBE, 0xFDBE, 0xFDBE, 0xFDBE, 0xFDBE, 0xFDBE, 0xFDBE, 
    0xFDBE, 0xFDBE, 0xFDBE, 0xFDBE, 0xFDBE, 0xFDBE, 0xFDBE, 0xFDBE, 0xFDBE, 0xFDBE, 0xFDBE, 0xFDBE, 
    0xFDBE, 0xFDBE, 0xFDBE, 0xFDB6, 0x3EC7, 0x96A5, 0xC862, 0x0C9C, 0xAEB4, 0x6EAC, 0x8EAC, 0x6DAC, 
    0x6DB4, 0x6EAC, 0x6EAC, 0x6EAC, 0x6EAC, 0x6EAC, 0x6EAC, 0x6EAC, 0x6EAC, 0x6EAC, 0x6EAC, 0x6EB4, 
    0x6DB4, 0x6DB4, 0x6EB4, 0xAFAC, 0xCB93, 0x8862, 0xF7AD, 0x3DBF, 0xFDBE, 0xFCBE, 0xFDBE, 0xFEBE, 
    0xFDBE, 0xFDBE, 0x1EC7, 0x38B6, 0xA862, 0x8A93, 0xAEB4, 0x6EAC, 0x6EAC, 0x6EAC, 0x6EAC, 0x6EAC, 
    0x6EAC, 0x6EAC, 0x6EAC, 0x6EAC, 0x6EAC, 0x6EB4, 0x6EB4, 0x6EB4, 0x6EB4, 0x6EB4, 0x6EB4, 0x6EB4, 
    0x6EB4, 0x6EB4, 0x6EB4, 0x6EB4, 0x6EB4, 0x6EB4, 0x6EB4, 0x6EB4, 0x6EB4, 0x6EB4, 0x6EB4, 0x6EB4, 
    0x6EAC, 0x6EAC, 0x8EAC, 0x92CD, 0xF3D5, 0xD3D5, 0xD3D5, 0xD3D5, 0xD3D5, 0xF3D5, 0xD3D5, 0xD3D5, 
    0xF3D5, 0xD4D5, 0x876A, 0x908C, 0x3EBF, 0xFDBE, 0xFCBE, 0xFEB6, 0xFEB6, 0xFEB6, 0x1EB7, 0x1EB7, 
    0xDCC6, 0x6C73, 0x087B, 0x6EB4, 0x6EAC, 0x6EAC, 0x6EB4, 0x6EB4, 0x6EB4, 0x6EB4, 0x6EB4, 0x6EB4, 
    0x6EB4, 0x6EB4, 0x6EB4, 0x6EB4, 0x6EB4, 0x6EB4, 0x6EB4, 0x6EB4, 0x6EB4, 0x6EAC, 0x6EB4, 0x4DAC, 
    0x666A, 0x908C, 0x3DBF, 0xFEB6, 0xFDBE, 0x1DB7, 0xFEBE, 0xFDBE, 0x1DBF, 0x1DBF, 0xFDBE, 0xFDBE, 
    0xFDBE, 0xFDBE, 0xFDBE, 0xFDBE, 0xFDBE, 0xFDBE, 0xFDBE, 0xFDBE, 0xFDBE, 0xFDBE, 0xFDBE, 0xFDBE, 
    0xFDBE, 0xFDBE, 0xFDBE, 0xFDBE, 0xFDBE, 0xFDBE, 0xFDBE, 0xFDBE, 0xFDBE, 0xFDBE, 0xFDBE, 0xFDBE, 
    0xFDBE, 0xFDBE, 0xFDBE, 0xFDBE, 0xFDBE, 0xFDBE, 0xFDBE, 0xFDBE, 0xFDBE, 0xFDBE, 0xFDBE, 0xFDBE, 
    0xFDBE, 0xFDBE, 0xFDBE, 0xFDBE, 0xFDBE, 0xFDBE, 0xFDBE, 0xFDBE, 0xFDBE, 0xFDBE, 0xFDBE, 0xFDBE, 
    0xFDBE, 0xFDBE, 0xFDBE, 0xFDBE, 0xFDBE, 0xFDBE, 0xFDBE, 0xFDBE, 0xFDBE, 0xFDBE, 0xFDBE, 0xFDBE, 
    0xFDBE, 0xFDBE, 0xFDBE, 0xFDBE, 0xFDBE, 0xFDBE, 0xFDBE, 0xFDBE, 
    0x9BAE, 0x1DBF, 0xFDBE, 0xFDBE, 
    0xFDBE, 0xFDBE, 0xFDBE, 0xFDBE, 0xFDBE, 0xFDBE, 0xFDBE, 0xFDBE, 0xFDBE, 0xFDBE, 0xFDBE, 0xFDBE, 
    0xFDBE, 0xFDBE, 0xFDBE, 0xFDBE, 0xFDBE, 0xFDBE, 0xFDBE, 0xFDBE, 0xFDBE, 0xFDBE, 0xFDBE, 0xFDBE, 
    0xFDBE, 0xFDBE, 0xFDBE, 0xFDBE, 0xFDBE, 0xFDBE, 0xFDBE, 0xFDBE, 0xFDBE, 0xFDBE, 0xFDBE, 0xFDBE, 
    0xFDBE, 0xFDBE, 0xFDBE, 0xFDBE, 0xFDBE, 0xFDBE, 0xFDBE, 0xFDBE, 0xFDBE, 0xFDBE, 0xFDBE, 0xFDBE, 
    0xFDBE, 0xFDBE, 0xFDBE, 0xFDBE, 0xFDBE, 0xFDBE, 0xFDBE, 0xFDBE, 0xFDBE, 0xFDBE, 0xFDBE, 0xFDBE, 
    0xFDBE, 0xFDBE, 0xFDBE, 0xFDBE, 0xFDBE, 0xFDBE, 0xFDBE, 0xFDBE, 0xFDBE, 0xFDBE, 0xFDBE, 0xFDBE, 
    0xFDBE, 0xFDBE, 0xFDBE, 0xFDBE, 0xFDBE, 0xFDBE, 0xFDBE, 0xFDBE, 0xFDBE, 0xFDBE, 0xFDBE, 0xFDB6, 
    0x3EBF, 0x95A5, 0xA762, 0x0C9C, 0x8FB4, 0x6EAC, 0x6EAC, 0x6EB4, 0x6EAC, 0x6EAC, 0x6EAC, 0x6EAC, 
    0x6EAC, 0x6EAC, 0x6EAC, 0x6EAC, 0x6EAC, 0x6EAC, 0x6EAC, 0x8EAC, 0x6EB4, 0x6DB4, 0x6EAC, 0x8FAC, 
    0xCB93, 0xA862, 0xF7AD, 0x3EBF, 0x1DB7, 0x1DB7, 0xFEBE, 0xFEBE, 0x1CBF, 0xFCBE, 0x1DC7, 0x38B6, 
    0xC85A, 0x8A8B, 0x8EBC, 0x6EAC, 0x6EAC, 0x6EAC, 0x6EAC, 0x6EAC, 0x6EAC, 0x6EAC, 0x6EAC, 0x6EAC, 
    0x6EAC, 0x6EAC, 0x6EAC, 0x6EAC, 0x6EAC, 0x6EAC, 0x6EAC, 0x6EAC, 0x6EAC, 0x6EAC, 0x6EAC, 0x6EAC, 
    0x6EAC, 0x6EAC, 0x6EAC, 0x6EAC, 0x6EAC, 0x6EAC, 0x6EAC, 0x6EAC, 0x6EB4, 0x6EAC, 0x6EAC, 0x92CD, 
    0xF3D5, 0xF3D5, 0xF3D5, 0xD3D5, 0xD3D5, 0xD3D5, 0xD3D5, 0xD3D5, 0xF3CD, 0xF2CD, 0xA762, 0x918C, 
    0x3EBF, 0xFEB6, 0x1DBF, 0x1CB7, 0xFDBE, 0xFEB6, 0x1EB7, 0x1EB7, 0xDCC6, 0x6C73, 0xE87A, 0x8EB4, 
    0x8FAC, 0x6EAC, 0x6EAC, 0x6EAC, 0x6EAC, 0x6EAC, 0x6EAC, 0x6EAC, 0x6EB4, 0x6EB4, 0x6EB4, 0x6EAC, 
    0x6EAC, 0x6EAC, 0x6EAC, 0x6EAC, 0x6EAC, 0x6EAC, 0x8EAC, 0x4EAC, 0x866A, 0x908C, 0x3EC7, 0xFEB6, 
    0xFCBE, 0xFDB6, 0x1DB7, 0xFCBE, 0xFDBE, 0xFEB6, 0xFDBE, 0xFDBE, 0xFDBE, 0xFDBE, 0xFDBE, 0xFDBE, 
    0xFDBE, 0xFDBE, 0xFDBE, 0xFDBE, 0xFDBE, 0xFDBE, 0xFDBE, 0xFDBE, 0xFDBE, 0xFDBE, 0xFDBE, 0xFDBE, 
    0xFDBE, 0xFDBE, 0xFDBE, 0xFDBE, 0xFDBE, 0xFDBE, 0xFDBE, 0xFDBE, 0xFDBE, 0xFDBE, 0xFDBE, 0xFDBE, 
    0xFDBE, 0xFDBE, 0xFDBE, 0xFDBE, 0xFDBE, 0xFDBE, 0xFDBE, 0xFDBE, 0xFDBE, 0xFDBE, 0xFDBE, 0xFDBE, 
    0xFDBE, 0xFDBE, 0xFDBE, 0xFDBE, 0xFDBE, 0xFDBE, 0xFDBE, 0xFDBE, 0xFDBE, 0xFDBE, 0xFDBE, 0xFDBE, 
    0xFDBE, 0xFDBE, 0xFDBE, 0xFDBE, 0xFDBE, 0xFDBE, 0xFDBE, 0xFDBE, 0xFDBE, 0xFDBE, 0xFDBE, 0xFDBE, 
    0xFDBE, 0xFDBE, 0xFDBE, 0xFDBE, 
    0x9BAE, 0x1DBF, 0xFDBE, 0xFDBE, 0xFDBE, 0xFDBE, 0xFDBE, 0xFDBE, 
    0xFDBE, 0xFDBE, 0xFDBE, 0xFDBE, 0xFDBE, 0xFDBE, 0xFDBE, 0xFDBE, 0xFDBE, 0xFDBE, 0xFDBE, 0xFDBE, 
    0xFDBE, 0xFDBE, 0xFDBE, 0xFDBE, 0xFDBE, 0xFDBE, 0xFDBE, 0xFDBE, 0xFDBE, 0xFDBE, 0xFDBE, 0xFDBE, 
    0xFDBE, 0xFDBE, 0xFDBE, 0xFDBE, 0xFDBE, 0xFDBE, 0xFDBE, 0xFDBE, 0xFDBE, 0xFDBE, 0xFDBE, 0xFDBE, 
    0xFDBE, 0xFDBE, 0xFDBE, 0xFDBE, 0xFDBE, 0xFDBE, 0xFDBE, 0xFDBE, 0xFDBE, 0xFDBE, 0xFDBE, 0xFDBE, 
    0xFDBE, 0xFDBE, 0xFDBE, 0xFDBE, 0xFDBE, 0xFDBE, 0xFDBE, 0xFDBE, 0xFDBE, 0xFDBE, 0xFDBE, 0xFDBE, 
    0xFDBE, 0xFDBE, 0xFDBE, 0xFDBE, 0xFDBE, 0xFDBE, 0xFDBE, 0xFDBE, 0xFDBE, 0xFDBE, 0xFDBE, 0xFDBE, 
    0xFDBE, 0xFDBE, 0xFDBE, 0xFDBE, 0xFDBE, 0xFDBE, 0xFDBE, 0xFDB6, 0x3EBF, 0x95A5, 0xA762, 0x0C9C, 
    0x8FB4, 0x6EAC, 0x6EAC, 0x6EB4, 0x6EAC, 0x6EAC, 0x6EB4, 0x6EAC, 0x6EAC, 0x6EAC, 0x6EAC, 0x6EAC, 
    0x6EAC, 0x6EAC, 0x6EAC, 0x8FAC, 0x6EAC, 0x6DB4, 0x6EAC, 0x8FAC, 0xCB93, 0xA762, 0xF7AD, 0x3DBF, 
    0xFDB6, 0x1CBF, 0xFDB6, 0xFEB6, 0x1DB7, 0x1CB7, 0x3EBF, 0x38B6, 0xC85A, 0x8A8B, 0xAFB4, 0x6EAC, 
    0x6EAC, 0x6EAC, 0x6EAC, 0x6EAC, 0x6EAC, 0x6EAC, 0x6EAC, 0x6EAC, 0x6EAC, 0x6EAC, 0x6EAC, 0x6EAC, 
    0x6EAC, 0x6EAC, 0x6EAC, 0x6EAC, 0x6EAC, 0x6EAC, 0x6EAC, 0x6EAC, 0x6EAC, 0x6EAC, 0x6EAC, 0x6EAC, 
    0x6EAC, 0x6EAC, 0x6EAC, 0x6EAC, 0x6EB4, 0x6EB4, 0x6EAC, 0x92CD, 0xF3D5, 0xF3D5, 0xF3D5, 0xD3D5, 
    0xD3D5, 0xD3D5, 0xD3D5, 0xD3D5, 0xF3D5, 0xF2D5, 0x876A, 0x918C, 0x1DC7, 0xFDBE, 0xFDBE, 0xFCBE, 
    0xFCC6, 0xFCBE, 0xFDBE, 0xFDBE, 0xDBCE, 0x6B7B, 0xE782, 0x6DBC, 0x6EB4, 0x6EAC, 0x6EAC, 0x6EAC, 
    0x6EAC, 0x6EAC, 0x6EAC, 0x6EAC, 0x6EB4, 0x6EB4, 0x6EB4, 0x6EAC, 0x6EAC, 0x6EAC, 0x6EAC, 0x6EAC, 
    0x6EAC, 0x6EAC, 0x8EAC, 0x4EAC, 0x866A, 0x908C, 0x3EC7, 0xFEB6, 0xFCBE, 0xFDB6, 0x1DB7, 0xFCBE, 
    0xFDBE, 0xFDB6, 0xFDBE, 0xFDBE, 0xFDBE, 0xFDBE, 0xFDBE, 0xFDBE, 0xFDBE, 0xFDBE, 0xFDBE, 0xFDBE, 
    0xFDBE, 0xFDBE, 0xFDBE, 0xFDBE, 0xFDBE, 0xFDBE, 0xFDBE, 0xFDBE, 0xFDBE, 0xFDBE, 0xFDBE, 0xFDBE, 
    0xFDBE, 0xFDBE, 0xFDBE, 0xFDBE, 0xFDBE, 0xFDBE, 0xFDBE, 0xFDBE, 0xFDBE, 0xFDBE, 0xFDBE, 0xFDBE, 
    0xFDBE, 0xFDBE, 0xFDBE, 0xFDBE, 0xFDBE, 0xFDBE, 0xFDBE, 0xFDBE, 0xFDBE, 0xFDBE, 0xFDBE, 0xFDBE, 
    0xFDBE, 0xFDBE, 0xFDBE, 0xFDBE, 0xFDBE, 0xFDBE, 0xFDBE, 0xFDBE, 0xFDBE, 0xFDBE, 0xFDBE, 0xFDBE, 
    0xFDBE, 0xFDBE, 0xFDBE, 0xFDBE, 0xFDBE, 0xFDBE, 0xFDBE, 0xFDBE, 0xFDBE, 0xFDBE, 0xFDBE, 0xFDBE, 
    
    0x9BAE, 0x1DBF, 0xFDBE, 0xFDBE, 0xFDBE, 0xFDBE, 0xFDBE, 0xFDBE, 0xFDBE, 0xFDBE, 0xFDBE, 0xFDBE, 
    0xFDBE, 0xFDBE, 0xFDBE, 0xFDBE, 0xFDBE, 0xFDBE, 0xFDBE, 0xFDBE, 0xFDBE, 0xFDBE, 0xFDBE, 0xFDBE, 
    0xFDBE, 0xFDBE, 0xFDBE, 0xFDBE, 0xFDBE, 0xFDBE, 0xFDBE, 0xFDBE, 0xFDBE, 0xFDBE, 0xFDBE, 0xFDBE, 
    0xFDBE, 0xFDBE, 0xFDBE, 0xFDBE, 0xFDBE, 0xFDBE, 0xFDBE, 0xFDBE, 0xFDBE, 0xFDBE, 0xFDBE, 0xFDBE, 
    0xFDBE, 0xFDBE, 0xFDBE, 0xFDBE, 0xFDBE, 0xFDBE, 0xFDBE, 0xFDBE, 0xFDBE, 0xFDBE, 0xFDBE, 0xFDBE, 
    0xFDBE, 0xFDBE, 0xFDBE, 0xFDBE, 0xFDBE, 0xFDBE, 0xFDBE, 0xFDBE, 0xFDBE, 0xFDBE, 0xFDBE, 0xFDBE, 
    0xFDBE, 0xFDBE, 0xFDBE, 0xFDBE, 0xFDBE, 0xFDBE, 0xFDBE, 0xFDBE, 0xFDBE, 0xFDBE, 0xFDBE, 0xFDBE, 
    0xFDBE, 0xFDBE, 0xFDBE, 0xFDB6, 0x3EBF, 0x95A5, 0xA762, 0xEC9B, 0x8FB4, 0x6EAC, 0x6EB4, 0x6EB4, 
    0x6EB4, 0x6EAC, 0x6EB4, 0x6EB4, 0x6EB4, 0x6EAC, 0x6EAC, 0x6EAC, 0x6EAC, 0x6EAC, 0x6EAC, 0x8FAC, 
    0x8EAC, 0x6DB4, 0x6EAC, 0x8FB4, 0xCB9B, 0xA762, 0xF7B5, 0x3DBF, 0xFDB6, 0xFCBE, 0xFEBE, 0xFEBE, 
    0xFDBE, 0xFDB6, 0x1EC7, 0x39B6, 0xC95A, 0x8B8B, 0x8FBC, 0x6EAC, 0x6EAC, 0x6EAC, 0x6EAC, 0x6EAC, 
    0x6EAC, 0x6EAC, 0x6EAC, 0x6EAC, 0x6EAC, 0x6EAC, 0x6EAC, 0x6EAC, 0x6EAC, 0x6EAC, 0x6EAC, 0x6EAC, 
    0x6EAC, 0x6EAC, 0x6EAC, 0x6EAC, 0x6EAC, 0x6EAC, 0x6EAC, 0x6EAC, 0x6EAC, 0x6EAC, 0x6EAC, 0x6EAC, 
    0x6EB4, 0x6EB4, 0x6EAC, 0x92CD, 0xF3D5, 0xF3D5, 0xF3D5, 0xF3D5, 0xD3D5, 0xF3D5, 0xD3D5, 0xD3D5, 
    0xF3D5, 0xF2D5, 0x876A, 0x718C, 0x1DC7, 0xDDBE, 0xFDBE, 0x1CBF, 0xFDBE, 0xFDBE, 0x1EB7, 0x1EB7, 
    0xFCBE, 0x8D73, 0xE872, 0x8EB4, 0x6FAC, 0x6EAC, 0x6EAC, 0x6EAC, 0x6EAC, 0x6EAC, 0x6EAC, 0x6EAC, 
    0x6EAC, 0x6EB4, 0x6EB4, 0x6EB4, 0x6EB4, 0x6EAC, 0x6EAC, 0x6EAC, 0x6EAC, 0x6EAC, 0x8EAC, 0x4DAC, 
    0x866A, 0x908C, 0x3EC7, 0xFEB6, 0xFCBE, 0xFDB6, 0x1DB7, 0xFCBE, 0xFDBE, 0xFDB6, 0xFDBE, 0xFDBE, 
    0xFDBE, 0xFDBE, 0xFDBE, 0xFDBE, 0xFDBE, 0xFDBE, 0xFDBE, 0xFDBE, 0xFDBE, 0xFDBE, 0xFDBE, 0xFDBE, 
    0xFDBE, 0xFDBE, 0xFDBE, 0xFDBE, 0xFDBE, 0xFDBE, 0xFDBE, 0xFDBE, 0xFDBE, 0xFDBE, 0xFDBE, 0xFDBE, 
    0xFDBE, 0xFDBE, 0xFDBE, 0xFDBE, 0xFDBE, 0xFDBE, 0xFDBE, 0xFDBE, 0xFDBE, 0xFDBE, 0xFDBE, 0xFDBE, 
    0xFDBE, 0xFDBE, 0xFDBE, 0xFDBE, 0xFDBE, 0xFDBE, 0xFDBE, 0xFDBE, 0xFDBE, 0xFDBE, 0xFDBE, 0xFDBE, 
    0xFDBE, 0xFDBE, 0xFDBE, 0xFDBE, 0xFDBE, 0xFDBE, 0xFDBE, 0xFDBE, 0xFDBE, 0xFDBE, 0xFDBE, 0xFDBE, 
    0xFDBE, 0xFDBE, 0xFDBE, 0xFDBE, 0xFDBE, 0xFDBE, 0xFDBE, 0xFDBE, 
    0x9BAE, 0x1DBF, 0xFDBE, 0xFDBE, 
    0xFDBE, 0xFDBE, 0xFDBE, 0xFDBE, 0xFDBE, 0xFDBE, 0xFDBE, 0xFDBE, 0xFDBE, 0xFDBE, 0xFDBE, 0xFDBE, 
    0xFDBE, 0xFDBE, 0xFDBE, 0xFDBE, 0xFDBE, 0xFDBE, 0xFDBE, 0xFDBE, 0xFDBE, 0xFDBE, 0xFDBE, 0xFDBE, 
    0xFDBE, 0xFDBE, 0xFDBE, 0xFDBE, 0xFDBE, 0xFDBE, 0xFDBE, 0xFDBE, 0xFDBE, 0xFDBE, 0xFDBE, 0xFDBE, 
    0xFDBE, 0xFDBE, 0xFDBE, 0xFDBE, 0xFDBE, 0xFDBE, 0xFDBE, 0xFDBE, 0xFDBE, 0xFDBE, 0xFDBE, 0xFDBE, 
    0xFDBE, 0xFDBE, 0xFDBE, 0xFDBE, 0xFDBE, 0xFDBE, 0xFDBE, 0xFDBE, 0xFDBE, 0xFDBE, 0xFDBE, 0xFDBE, 
    0xFDBE, 0xFDBE, 0xFDBE, 0xFDBE, 0xFDBE, 0xFDBE, 0xFDBE, 0xFDBE, 0xFDBE, 0xFDBE, 0xFDBE, 0xFDBE, 
    0xFDBE, 0xFDBE, 0xFDBE, 0xFDBE, 0xFDBE, 0xFDBE, 0xFDBE, 0xFDBE, 0xFDBE, 0xFDBE, 0xFDBE, 0xFDB6, 
    0x3EBF, 0x95AD, 0xA76A, 0xECA3, 0x8FB4, 0x6EAC, 0x6EB4, 0x6EB4, 0x6EB4, 0x6EAC, 0x6EB4, 0x6EB4, 
    0x6EB4, 0x6EB4, 0x6EAC, 0x6EAC, 0x6EAC, 0x6EAC, 0x6EAC, 0x8FAC, 0x6EAC, 0x6DB4, 0x6EAC, 0x8FB4, 
    0xCB9B, 0xA762, 0xF7B5, 0x1EBF, 0xFDB6, 0x1CBF, 0xFDBE, 0xFDBE, 0x1DB7, 0x1DB7, 0x3EBF, 0x38AE, 
    0xC85A, 0x8A8B, 0xAEB4, 0x6EAC, 0x6EAC, 0x6EAC, 0x6EAC, 0x6EAC, 0x6EAC, 0x6EAC, 0x6EAC, 0x6EAC, 
    0x6EAC, 0x8EAC, 0x8EAC, 0x8EAC, 0x6EAC, 0x8EAC, 0x8EAC, 0x8EAC, 0x8EAC, 0x8EAC, 0x6EAC, 0x6EAC, 
    0x6EAC, 0x6EAC, 0x6EAC, 0x6EAC, 0x6EAC, 0x6EAC, 0x6EAC, 0x6EAC, 0x6EB4, 0x6EB4, 0x6EAC, 0x92CD, 
    0xF3D5, 0xD3D5, 0xF3D5, 0xF3D5, 0xF3D5, 0xF3D5, 0xD3D5, 0xD3D5, 0xF3D5, 0xD2D5, 0x876A, 0x7194, 
    0x1DC7, 0xFEBE, 0xFEBE, 0x1DB7, 0xFDBE, 0x1DB7, 0x1EB7, 0x1EB7, 0xFDBE, 0xAD73, 0x0873, 0x6EB4, 
    0x6EAC, 0x6EAC, 0x6EAC, 0x6EAC, 0x6EAC, 0x6EAC, 0x6EAC, 0x6EAC, 0x6EAC, 0x6EAC, 0x6EAC, 0x6EB4, 
    0x6EB4, 0x6EAC, 0x6EAC, 0x6EAC, 0x6EAC, 0x6EAC, 0x8EAC, 0x4DAC, 0x866A, 0x908C, 0x3EC7, 0xFEB6, 
    0xFCBE, 0xFDB6, 0x1DB7, 0xFCBE, 0xFDBE, 0xFDB6, 0xFDBE, 0xFDBE, 0xFDBE, 0xFDBE, 0xFDBE, 0xFDBE, 
    0xFDBE, 0xFDBE, 0xFDBE, 0xFDBE, 0xFDBE, 0xFDBE, 0xFDBE, 0xFDBE, 0xFDBE, 0xFDBE, 0xFDBE, 0xFDBE, 
    0xFDBE, 0xFDBE, 0xFDBE, 0xFDBE, 0xFDBE, 0xFDBE, 0xFDBE, 0xFDBE, 0xFDBE, 0xFDBE, 0xFDBE, 0xFDBE, 
    0xFDBE, 0xFDBE, 0xFDBE, 0xFDBE, 0xFDBE, 0xFDBE, 0xFDBE, 0xFDBE, 0xFDBE, 0xFDBE, 0xFDBE, 0xFDBE, 
    0xFDBE, 0xFDBE, 0xFDBE, 0xFDBE, 0xFDBE, 0xFDBE, 0xFDBE, 0xFDBE, 0xFDBE, 0xFDBE, 0xFDBE, 0xFDBE, 
    0xFDBE, 0xFDBE, 0xFDBE, 0xFDBE, 0xFDBE, 0xFDBE, 0xFDBE, 0xFDBE, 0xFDBE, 0xFDBE, 0xFDBE, 0xFDBE, 
    0xFDBE, 0xFDBE, 0xFDBE, 0xFDBE, 
    0x9BAE, 0x1DBF, 0xFDBE, 0xFDBE, 0xFDBE, 0xFDBE, 0xFDBE, 0xFDBE, 
    0xFDBE, 0xFDBE, 0xFDBE, 0xFDBE, 0xFDBE, 0xFDBE, 0xFDBE, 0xFDBE, 0xFDBE, 0xFDBE, 0xFDBE, 0xFDBE, 
    0xFDBE, 0xFDBE, 0xFDBE, 0xFDBE, 0xFDBE, 0xFDBE, 0xFDBE, 0xFDBE, 0xFDBE, 0xFDBE, 0xFDBE, 0xFDBE, 
    0xFDBE, 0xFDBE, 0xFDBE, 0xFDBE, 0xFDBE, 0xFDBE, 0xFDBE, 0xFDBE, 0xFDBE, 0xFDBE, 0xFDBE, 0xFDBE, 
    0xFDBE, 0xFDBE, 0xFDBE, 0xFDBE, 0xFDBE, 0xFDBE, 0xFDBE, 0xFDBE, 0xFDBE, 0xFDBE, 0xFDBE, 0xFDBE, 
    0xFDBE, 0xFDBE, 0xFDBE, 0xFDBE, 0xFDBE, 0xFDBE, 0xFDBE, 0xFDBE, 0xFDBE, 0xFDBE, 0xFDBE, 0xFDBE, 
    0xFDBE, 0xFDBE, 0xFDBE, 0xFDBE, 0xFDBE, 0xFDBE, 0xFDBE, 0xFDBE, 0xFDBE, 0xFDBE, 0xFDBE, 0xFDBE, 
    0xFDBE, 0xFDBE, 0xFDBE, 0xFDBE, 0xFDBE, 0xFDBE, 0xFDBE, 0xFDB6, 0x3EC7, 0x95AD, 0xA86A, 0xECA3, 
    0x8FB4, 0x6EAC, 0x6EB4, 0x6EB4, 0x6EAC, 0x6EAC, 0x6EB4, 0x6EB4, 0x6EAC, 0x6EAC, 0x6EAC, 0x6EAC, 
    0x6EB4, 0x6EAC, 0x6EAC, 0x8FAC, 0x6EAC, 0x6DB4, 0x6EAC, 0x8FAC, 0xCB93, 0xA862, 0xF7AD, 0x3EBF, 
    0xFDB6, 0xFCBE, 0xFDBE, 0xFDBE, 0x1CB7, 0xFCB6, 0x1DC7, 0x38B6, 0xC75A, 0x698B, 0x8EBC, 0x6EAC, 
    0x6EAC, 0x6EAC, 0x6EAC, 0x6EAC, 0x6EAC, 0x6EAC, 0x8EAC, 0x8EAC, 0x6EAC, 0x6EAC, 0x6EAC, 0x6EAC, 
    0x6EAC, 0x6EAC, 0x6EAC, 0x6EAC, 0x6EAC, 0x6EAC, 0x6EAC, 0x6EAC, 0x6EAC, 0x6EAC, 0x6EAC, 0x6EAC, 
    0x6EAC, 0x6EAC, 0x6EAC, 0x6EAC, 0x6EB4, 0x6EAC, 0x6EAC, 0x92CD, 0xD3D5, 0xD3D5, 0xF3D5, 0xF3D5, 
    0xD3D5, 0xF3D5, 0xF3D5, 0xD3D5, 0xF3D5, 0xF3D5, 0x876A, 0x918C, 0x3DBF, 0xFEB6, 0x1EB7, 0x1DB7, 
    0xFDBE, 0xFCBE, 0xFDBE, 0xFDBE, 0xDCC6, 0x8D73, 0xE77A, 0x6DB4, 0x6DB4, 0x6EAC, 0x6EAC, 0x6EAC, 
    0x6EAC, 0x6EAC, 0x6EAC, 0x6EAC, 0x8EAC, 0x6EAC, 0x6EAC, 0x6EAC, 0x6EAC, 0x6EAC, 0x6EAC, 0x6EAC, 
    0x6EAC, 0x6EAC, 0x8EAC, 0x4DAC, 0x866A, 0x908C, 0x3EC7, 0xFEB6, 0xFCBE, 0xFDB6, 0x1DB7, 0xFCBE, 
    0xFDBE, 0xFDB6, 0xFDBE, 0xFDBE, 0xFDBE, 0xFDBE, 0xFDBE, 0xFDBE, 0xFDBE, 0xFDBE, 0xFDBE, 0xFDBE, 
    0xFDBE, 0xFDBE, 0xFDBE, 0xFDBE, 0xFDBE, 0xFDBE, 0xFDBE, 0xFDBE, 0xFDBE, 0xFDBE, 0xFDBE, 0xFDBE, 
    0xFDBE, 0xFDBE, 0xFDBE, 0xFDBE, 0xFDBE, 0xFDBE, 0xFDBE, 0xFDBE, 0xFDBE, 0xFDBE, 0xFDBE, 0xFDBE, 
    0xFDBE, 0xFDBE, 0xFDBE, 0xFDBE, 0xFDBE, 0xFDBE, 0xFDBE, 0xFDBE, 0xFDBE, 0xFDBE, 0xFDBE, 0xFDBE, 
    0xFDBE, 0xFDBE, 0xFDBE, 0xFDBE, 0xFDBE, 0xFDBE, 0xFDBE, 0xFDBE, 0xFDBE, 0xFDBE, 0xFDBE, 0xFDBE, 
    0xFDBE, 0xFDBE, 0xFDBE, 0xFDBE, 0xFDBE, 0xFDBE, 0xFDBE, 0xFDBE, 0xFDBE, 0xFDBE, 0xFDBE, 0xFDBE, 
    
    0x9BAE, 0x1DBF, 0xFDBE, 0xFDBE, 0xFDBE, 0xFDBE, 0xFDBE, 0xFDBE, 0xFDBE, 0xFDBE, 0xFDBE, 0xFDBE, 
    0xFDBE, 0xFDBE, 0xFDBE, 0xFDBE, 0xFDBE, 0xFDBE, 0xFDBE, 0xFDBE, 0xFDBE, 0xFDBE, 0xFDBE, 0xFDBE, 
    0xFDBE, 0xFDBE, 0xFDBE, 0xFDBE, 0xFDBE, 0xFDBE, 0xFDBE, 0xFDBE, 0xFDBE, 0xFDBE, 0xFDBE, 0xFDBE, 
    0xFDBE, 0xFDBE, 0xFDBE, 0xFDBE, 0xFDBE, 0xFDBE, 0xFDBE, 0xFDBE, 0xFDBE, 0xFDBE, 0xFDBE, 0xFDBE, 
    0xFDBE, 0xFDBE, 0xFDBE, 0xFDBE, 0xFDBE, 0xFDBE, 0xFDBE, 0xFDBE, 0xFDBE, 0xFDBE, 0xFDBE, 0xFDBE, 
    0xFDBE, 0xFDBE, 0xFDBE, 0xFDBE, 0xFDBE, 0xFDBE, 0xFDBE, 0xFDBE, 0xFDBE, 0xFDBE, 0xFDBE, 0xFDBE, 
    0xFDBE, 0xFDBE, 0xFDBE, 0xFDBE, 0xFDBE, 0xFDBE, 0xFDBE, 0xFDBE, 0xFDBE, 0xFDBE, 0xFDBE, 0xFDBE, 
    0xFDBE, 0xFDBE, 0xFDBE, 0xFDB6, 0x3EBF, 0x95AD, 0xA86A, 0xEC9B, 0x8FB4, 0x6EAC, 0x6EAC, 0x6EB4, 
    0x6EAC, 0x6EAC, 0x6EAC, 0x6EAC, 0x6EAC, 0x8EAC, 0x6EAC, 0x6EAC, 0x6EAC, 0x6EAC, 0x6EAC, 0x6EAC, 
    0x6DB4, 0x6DB4, 0x6EAC, 0x8FAC, 0xCB93, 0x8862, 0xF7AD, 0x1EBF, 0x1EBF, 0x1EB7, 0xFFB6, 0xFFB6, 
    0x1EB7, 0xFEB6, 0x1FC7, 0x39B6, 0xA95A, 0x8B8B, 0x8FB4, 0x6EAC, 0x6EAC, 0x6EAC, 0x6EAC, 0x6EAC, 
    0x6EAC, 0x8EB4, 0x6EAC, 0x6EAC, 0x6EB4, 0x6EB4, 0x6EB4, 0x6EB4, 0x6EB4, 0x6EB4, 0x6EB4, 0x6EB4, 
    0x6EB4, 0x6EB4, 0x6EB4, 0x6EB4, 0x6EB4, 0x6EAC, 0x6EAC, 0x6EB4, 0x6EB4, 0x6EB4, 0x6EAC, 0x6EAC, 
    0x6EAC, 0x8EAC, 0x6EAC, 0x72CD, 0xF3D5, 0xD3D5, 0xD3D5, 0xD3D5, 0xD3D5, 0xD3D5, 0xD2D5, 0xD3D5, 
    0xF3D5, 0xD3CD, 0x876A, 0x908C, 0x3DBF, 0xFEB6, 0x1EB7, 0x1EB7, 0xFEB6, 0xFDBE, 0xFDBE, 0x1EBF, 
    0xFCC6, 0xAD73, 0xE872, 0x6EB4, 0x6EAC, 0x6EAC, 0x6EAC, 0x6EAC, 0x6EAC, 0x6EAC, 0x6EAC, 0x8EAC, 
    0x6EAC, 0x6EAC, 0x6EAC, 0x6EAC, 0x6EAC, 0x6EAC, 0x6EAC, 0x6EAC, 0x6EAC, 0x6EAC, 0x6EAC, 0x4DA4, 
    0x866A, 0x908C, 0x1EC7, 0xFEB6, 0xFCBE, 0x1DBF, 0x1DB7, 0xFCBE, 0xFDBE, 0xFDB6, 0xFDBE, 0xFDBE, 
    0xFDBE, 0xFDBE, 0xFDBE, 0xFDBE, 0xFDBE, 0xFDBE, 0xFDBE, 0xFDBE, 0xFDBE, 0xFDBE, 0xFDBE, 0xFDBE, 
    0xFDBE, 0xFDBE, 0xFDBE, 0xFDBE, 0xFDBE, 0xFDBE, 0xFDBE, 0xFDBE, 0xFDBE, 0xFDBE, 0xFDBE, 0xFDBE, 
    0xFDBE, 0xFDBE, 0xFDBE, 0xFDBE, 0xFDBE, 0xFDBE, 0xFDBE, 0xFDBE, 0xFDBE, 0xFDBE, 0xFDBE, 0xFDBE, 
    0xFDBE, 0xFDBE, 0xFDBE, 0xFDBE, 0xFDBE, 0xFDBE, 0xFDBE, 0xFDBE, 0xFDBE, 0xFDBE, 0xFDBE, 0xFDBE, 
    0xFDBE, 0xFDBE, 0xFDBE, 0xFDBE, 0xFDBE, 0xFDBE, 0xFDBE, 0xFDBE, 0xFDBE, 0xFDBE, 0xFDBE, 0xFDBE, 
    0xFDBE, 0xFDBE, 0xFDBE, 0xFDBE, 0xFDBE, 0xFDBE, 0xFDBE, 0xFDBE, 
    0x9BAE, 0x1DBF, 0xFDBE, 0xFDBE, 
    0xFDBE, 0xFDBE, 0xFDBE, 0xFDBE, 0xFDBE, 0xFDBE, 0xFDBE, 0xFDBE, 0xFDBE, 0xFDBE, 0xFDBE, 0xFDBE, 
    0xFDBE, 0xFDBE, 0xFDBE, 0xFDBE, 0xFDBE, 0xFDBE, 0xFDBE, 0xFDBE, 0xFDBE, 0xFDBE, 0xFDBE, 0xFDBE, 
    0xFDBE, 0xFDBE, 0xFDBE, 0xFDBE, 0xFDBE, 0xFDBE, 0xFDBE, 0xFDBE, 0xFDBE, 0xFDBE, 0xFDBE, 0xFDBE, 
    0xFDBE, 0xFDBE, 0xFDBE, 0xFDBE, 0xFDBE, 0xFDBE, 0xFDBE, 0xFDBE, 0xFDBE, 0xFDBE, 0xFDBE, 0xFDBE, 
    0xFDBE, 0xFDBE, 0xFDBE, 0xFDBE, 0xFDBE, 0xFDBE, 0xFDBE, 0xFDBE, 0xFDBE, 0xFDBE, 0xFDBE, 0xFDBE, 
    0xFDBE, 0xFDBE, 0xFDBE, 0xFDBE, 0xFDBE, 0xFDBE, 0xFDBE, 0xFDBE, 0xFDBE, 0xFDBE, 0xFDBE, 0xFDBE, 
    0xFDBE, 0xFDBE, 0xFDBE, 0xFDBE, 0xFDBE, 0xFDBE, 0xFDBE, 0xFDBE, 0xFDBE, 0xFDBE, 0xFDBE, 0xFDB6, 
    0x3EBF, 0xB6AD, 0x8762, 0x0C9C, 0x8FAC, 0x6EAC, 0x6EAC, 0x6EAC, 0x8EAC, 0x8EAC, 0x6EAC, 0x6EAC, 
    0x8EAC, 0x8EAC, 0x6EAC, 0x6EAC, 0x6EAC, 0x8EAC, 0x6EAC, 0x6EAC, 0x6DB4, 0x6DB4, 0x6EAC, 0xAFAC, 
    0xCB93, 0xA762, 0xF7B5, 0x1CCF, 0xDCC6, 0x1CBF, 0xFDBE, 0xFDBE, 0xFCBE, 0xFCBE, 0x1DC7, 0x38B6, 
    0xE85A, 0x8B83, 0xAFB4, 0x6EAC, 0x6EAC, 0x6EAC, 0x6EAC, 0x6EAC, 0x8EAC, 0x6EAC, 0x6EAC, 0x6EAC, 
    0x6EAC, 0x6EAC, 0x6EAC, 0x6EAC, 0x6EAC, 0x6EAC, 0x6EAC, 0x6EAC, 0x6EAC, 0x6EAC, 0x6EAC, 0x6EAC, 
    0x6EAC, 0x8EAC, 0x8EAC, 0x8EAC, 0x8EAC, 0x8EAC, 0x8EAC, 0x8EAC, 0x8EAC, 0x8EAC, 0x8EAC, 0xB3CD, 
    0xF3D5, 0xD3D5, 0xD3D5, 0xD3D5, 0xD3D5, 0xD3D5, 0xD2D5, 0xD3D5, 0xD3CD, 0xF3D5, 0x876A, 0x908C, 
    0x3CCF, 0xDCC6, 0xDCC6, 0xFCBE, 0xFDBE, 0xFCC6, 0xFCC6, 0xFCC6, 0xDBC6, 0xCE73, 0xE96A, 0x8EAC, 
    0x8FAC, 0x6EAC, 0x6EAC, 0x6EAC, 0x6EAC, 0x6EAC, 0x6EAC, 0x6EAC, 0x6EAC, 0x8EB4, 0x8EB4, 0x8EAC, 
    0x8EB4, 0x8EB4, 0x8EAC, 0x8EAC, 0x8EAC, 0x8EAC, 0xAFB4, 0x6EAC, 0x866A, 0x908C, 0x1EC7, 0xFEB6, 
    0xFCBE, 0x1DBF, 0x1DB7, 0xFCBE, 0xFDBE, 0xFDB6, 0xFDBE, 0xFDBE, 0xFDBE, 0xFDBE, 0xFDBE, 0xFDBE, 
    0xFDBE, 0xFDBE, 0xFDBE, 0xFDBE, 0xFDBE, 0xFDBE, 0xFDBE, 0xFDBE, 0xFDBE, 0xFDBE, 0xFDBE, 0xFDBE, 
    0xFDBE, 0xFDBE, 0xFDBE, 0xFDBE, 0xFDBE, 0xFDBE, 0xFDBE, 0xFDBE, 0xFDBE, 0xFDBE, 0xFDBE, 0xFDBE, 
    0xFDBE, 0xFDBE, 0xFDBE, 0xFDBE, 0xFDBE, 0xFDBE, 0xFDBE, 0xFDBE, 0xFDBE, 0xFDBE, 0xFDBE, 0xFDBE, 
    0xFDBE, 0xFDBE, 0xFDBE, 0xFDBE, 0xFDBE, 0xFDBE, 0xFDBE, 0xFDBE, 0xFDBE, 0xFDBE, 0xFDBE, 0xFDBE, 
    0xFDBE, 0xFDBE, 0xFDBE, 0xFDBE, 0xFDBE, 0xFDBE, 0xFDBE, 0xFDBE, 0xFDBE, 0xFDBE, 0xFDBE, 0xFDBE, 
    0xFDBE, 0xFDBE, 0xFDBE, 0xFDBE, 
    0x9BAE, 0x1DBF, 0xFDBE, 0xFDBE, 0xFDBE, 0xFDBE, 0xFDBE, 0xFDBE, 
    0xFDBE, 0xFDBE, 0xFDBE, 0xFDBE, 0xFDBE, 0xFDBE, 0xFDBE, 0xFDBE, 0xFDBE, 0xFDBE, 0xFDBE, 0xFDBE, 
    0xFDBE, 0xFDBE, 0xFDBE, 0xFDBE, 0xFDBE, 0xFDBE, 0xFDBE, 0xFDBE, 0xFDBE, 0xFDBE, 0xFDBE, 0xFDBE, 
    0xFDBE, 0xFDBE, 0xFDBE, 0xFDBE, 0xFDBE, 0xFDBE, 0xFDBE, 0xFDBE, 0xFDBE, 0xFDBE, 0xFDBE, 0xFDBE, 
    0xFDBE, 0xFDBE, 0xFDBE, 0xFDBE, 0xFDBE, 0xFDBE, 0xFDBE, 0xFDBE, 0xFDBE, 0xFDBE, 0xFDBE, 0xFDBE, 
    0xFDBE, 0xFDBE, 0xFDBE, 0xFDBE, 0xFDBE, 0xFDBE, 0xFDBE, 0xFDBE, 0xFDBE, 0xFDBE, 0xFDBE, 0xFDBE, 
    0xFDBE, 0xFDBE, 0xFDBE, 0xFDBE, 0xFDBE, 0xFDBE, 0xFDBE, 0xFDBE, 0xFDBE, 0xFDBE, 0xFDBE, 0xFDBE, 
    0xFDBE, 0xFDBE, 0xFDBE, 0xFDBE, 0xFDBE, 0xFDBE, 0xFDBE, 0xFDB6, 0x3EBF, 0x95A5, 0xA862, 0x0DA4, 
    0xAFAC, 0x8EAC, 0x8EAC, 0x8EAC, 0x8EAC, 0x8EAC, 0x8EAC, 0x6EAC, 0x6EAC, 0x2DA4, 0x6EAC, 0x6EAC, 
    0x6EAC, 0x6EAC, 0x6EAC, 0x6EAC, 0x6DB4, 0x6DB4, 0x6EAC, 0x8FAC, 0xAB93, 0x866A, 0x6B73, 0xCE73, 
    0xAD73, 0x8B7B, 0x6B7B, 0x6B7B, 0x6A7B, 0x6A7B, 0x4B7B, 0x2A7B, 0x656A, 0x699B, 0x6EC4, 0x6EAC, 
    0x6EAC, 0x6EAC, 0x6EAC, 0x6EAC, 0x6EAC, 0x6EAC, 0xAFB4, 0x8A93, 0xC772, 0xE87A, 0xE87A, 0xE872, 
    0xE87A, 0x097B, 0x097B, 0x097B, 0x097B, 0x097B, 0x297B, 0x297B, 0x297B, 0x297B, 0x2983, 0x2983, 
    0x4983, 0x4983, 0x4983, 0x4A83, 0x4A83, 0x4983, 0x4983, 0xAFB4, 0xB3D5, 0xB3D5, 0xB3D5, 0xB3D5, 
    0xB3D5, 0xB2D5, 0xD2D5, 0xB3D5, 0xD4D5, 0xB3CD, 0xA772, 0x096B, 0xED73, 0xCE73, 0xAD7B, 0xAD73, 
    0x8C73, 0x8B7B, 0x8B7B, 0x8C73, 0x8C73, 0xC86A, 0xE782, 0x4DB4, 0x6EB4, 0x6EB4, 0x6EB4, 0x6EAC, 
    0x6EAC, 0x6EAC, 0x6EAC, 0x6EAC, 0x6EAC, 0xAB93, 0xAB93, 0xAB8B, 0x8B8B, 0x8B8B, 0xAB8B, 0xAB8B, 
    0xAB8B, 0x8B8B, 0x8B8B, 0x8B8B, 0x8662, 0x908C, 0x1EBF, 0xFEB6, 0xFCBE, 0x1DBF, 0x1DB7, 0xFCBE, 
    0xFDBE, 0xFDB6, 0xFDBE, 0xFDBE, 0xFDBE, 0xFDBE, 0xFDBE, 0xFDBE, 0xFDBE, 0xFDBE, 0xFDBE, 0xFDBE, 
    0xFDBE, 0xFDBE, 0xFDBE, 0xFDBE, 0xFDBE, 0xFDBE, 0xFDBE, 0xFDBE, 0xFDBE, 0xFDBE, 0xFDBE, 0xFDBE, 
    0xFDBE, 0xFDBE, 0xFDBE, 0xFDBE, 0xFDBE, 0xFDBE, 0xFDBE, 0xFDBE, 0xFDBE, 0xFDBE, 0xFDBE, 0xFDBE, 
    0xFDBE, 0xFDBE, 0xFDBE, 0xFDBE, 0xFDBE, 0xFDBE, 0xFDBE, 0xFDBE, 0xFDBE, 0xFDBE, 0xFDBE, 0xFDBE, 
    0xFDBE, 0xFDBE, 0xFDBE, 0xFDBE, 0xFDBE, 0xFDBE, 0xFDBE, 0xFDBE, 0xFDBE, 0xFDBE, 0xFDBE, 0xFDBE, 
    0xFDBE, 0xFDBE, 0xFDBE, 0xFDBE, 0xFDBE, 0xFDBE, 0xFDBE, 0xFDBE, 0xFDBE, 0xFDBE, 0xFDBE, 0xFDBE, 
    
    0x9BAE, 0x1DBF, 0xFDBE, 0xFDBE, 0xFDBE, 0xFDBE, 0xFDBE, 0xFDBE, 0xFDBE, 0xFDBE, 0xFDBE, 0xFDBE, 
    0xFDBE, 0xFDBE, 0xFDBE, 0xFDBE, 0xFDBE, 0xFDBE, 0xFDBE, 0xFDBE, 0xFDBE, 0xFDBE, 0xFDBE, 0xFDBE, 
    0xFDBE, 0xFDBE, 0xFDBE, 0xFDBE, 0xFDBE, 0xFDBE, 0xFDBE, 0xFDBE, 0xFDBE, 0xFDBE, 0xFDBE, 0xFDBE, 
    0xFDBE, 0xFDBE, 0xFDBE, 0xFDBE, 0xFDBE, 0xFDBE, 0xFDBE, 0xFDBE, 0xFDBE, 0xFDBE, 0xFDBE, 0xFDBE, 
    0xFDBE, 0xFDBE, 0xFDBE, 0xFDBE, 0xFDBE, 0xFDBE, 0xFDBE, 0xFDBE, 0xFDBE, 0xFDBE, 0xFDBE, 0xFDBE, 
    0xFDBE, 0xFDBE, 0xFDBE, 0xFDBE, 0xFDBE, 0xFDBE, 0xFDBE, 0xFDBE, 0xFDBE, 0xFDBE, 0xFDBE, 0xFDBE, 
    0xFDBE, 0xFDBE, 0xFDBE, 0xFDBE, 0xFDBE, 0xFDBE, 0xFDBE, 0xFDBE, 0xFDBE, 0xFDBE, 0xFDBE, 0xFDBE, 
    0xFDBE, 0xFDBE, 0xFDBE, 0xFDB6, 0x5EBF, 0x95A5, 0xA762, 0x2983, 0x4A83, 0x4983, 0x2983, 0x2883, 
    0x297B, 0x087B, 0x087B, 0x087B, 0xE77A, 0xA772, 0x0C9C, 0x8FB4, 0x8EAC, 0x8EB4, 0x8EB4, 0x8FAC, 
    0x8EB4, 0x8EB4, 0x8FAC, 0xB0AC, 0x8A93, 0x656A, 0x6662, 0x665A, 0x6662, 0x6562, 0x4662, 0x466A, 
    0x656A, 0x6562, 0x4762, 0x6762, 0x6562, 0x6A93, 0x8FBC, 0x6EAC, 0x6EAC, 0x6EAC, 0x6EAC, 0x6EAC, 
    0x8EAC, 0x6EAC, 0x8EB4, 0x498B, 0x4562, 0x4662, 0x4562, 0x4562, 0x4562, 0x4562, 0x4562, 0x4562, 
    0x4562, 0x4562, 0x4562, 0x4562, 0x4562, 0x4562, 0x4562, 0x4562, 0x4562, 0x4562, 0x4562, 0x4562, 
    0x4562, 0x4562, 0x656A, 0xA76A, 0x2D9C, 0xCFB4, 0xAFAC, 0xAFB4, 0xAFB4, 0xAEB4, 0xCEB4, 0x8FB4, 
    0xB0AC, 0xCFB4, 0x2993, 0x6662, 0x875A, 0x4662, 0x456A, 0x6662, 0x6662, 0x456A, 0x456A, 0x6662, 
    0x6662, 0x4562, 0xE77A, 0x6DB4, 0x6FAC, 0x6EAC, 0x6EB4, 0x6EB4, 0x6EAC, 0x6EAC, 0x6EAC, 0x8EAC, 
    0x2DA4, 0xA772, 0x456A, 0x456A, 0x4562, 0x4562, 0x4562, 0x4562, 0x4562, 0x4562, 0x4562, 0x4562, 
    0x2562, 0x7094, 0x1EBF, 0xFEB6, 0xFCBE, 0x1DBF, 0x1DB7, 0xFCBE, 0xFDBE, 0xFDB6, 0xFDBE, 0xFDBE, 
    0xFDBE, 0xFDBE, 0xFDBE, 0xFDBE, 0xFDBE, 0xFDBE, 0xFDBE, 0xFDBE, 0xFDBE, 0xFDBE, 0xFDBE, 0xFDBE, 
    0xFDBE, 0xFDBE, 0xFDBE, 0xFDBE, 0xFDBE, 0xFDBE, 0xFDBE, 0xFDBE, 0xFDBE, 0xFDBE, 0xFDBE, 0xFDBE, 
    0xFDBE, 0xFDBE, 0xFDBE, 0xFDBE, 0xFDBE, 0xFDBE, 0xFDBE, 0xFDBE, 0xFDBE, 0xFDBE, 0xFDBE, 0xFDBE, 
    0xFDBE, 0xFDBE, 0xFDBE, 0xFDBE, 0xFDBE, 0xFDBE, 0xFDBE, 0xFDBE, 0xFDBE, 0xFDBE, 0xFDBE, 0xFDBE, 
    0xFDBE, 0xFDBE, 0xFDBE, 0xFDBE, 0xFDBE, 0xFDBE, 0xFDBE, 0xFDBE, 0xFDBE, 0xFDBE, 0xFDBE, 0xFDBE, 
    0xFDBE, 0xFDBE, 0xFDBE, 0xFDBE, 0xFDBE, 0xFDBE, 0xFDBE, 0xFDBE, 
    0x9BAE, 0x1DBF, 0xFDBE, 0xFDBE, 
    0xFDBE, 0xFDBE, 0xFDBE, 0xFDBE, 0xFDBE, 0xFDBE, 0xFDBE, 0xFDBE, 0xFDBE, 0xFDBE, 0xFDBE, 0xFDBE, 
    0xFDBE, 0xFDBE, 0xFDBE, 0xFDBE, 0xFDBE, 0xFDBE, 0xFDBE, 0xFDBE, 0xFDBE, 0xFDBE, 0xFDBE, 0xFDBE, 
    0xFDBE, 0xFDBE, 0xFDBE, 0xFDBE, 0xFDBE, 0xFDBE, 0xFDBE, 0xFDBE, 0xFDBE, 0xFDBE, 0xFDBE, 0xFDBE, 
    0xFDBE, 0xFDBE, 0xFDBE, 0xFDBE, 0xFDBE, 0xFDBE, 0xFDBE, 0xFDBE, 0xFDBE, 0xFDBE, 0xFDBE, 0xFDBE, 
    0xFDBE, 0xFDBE, 0xFDBE, 0xFDBE, 0xFDBE, 0xFDBE, 0xFDBE, 0xFDBE, 0xFDBE, 0xFDBE, 0xFDBE, 0xFDBE, 
    0xFDBE, 0xFDBE, 0xFDBE, 0xFDBE, 0xFDBE, 0xFDBE, 0xFDBE, 0xFDBE, 0xFDBE, 0xFDBE, 0xFDBE, 0xFDBE, 
    0xFDBE, 0xFDBE, 0xFDBE, 0xFDBE, 0xFDBE, 0xFDBE, 0xFDBE, 0xFDBE, 0xFDBE, 0xFDBE, 0x1DBF, 0xFDB6, 
    0x3CCF, 0xB5AD, 0x875A, 0x4662, 0x4562, 0x4562, 0x4562, 0x4562, 0x4562, 0x4662, 0x6762, 0x675A, 
    0x8762, 0x666A, 0xCFB4, 0xF3CD, 0x92CD, 0xB2CD, 0xB2CD, 0xB2CD, 0x92D5, 0x92D5, 0xB3CD, 0xB3CD, 
    0xEFBC, 0x698B, 0x8A93, 0xAB93, 0x8A93, 0xAB8B, 0xAB8B, 0xAB8B, 0xAA8B, 0xCB8B, 0xCC8B, 0xCC8B, 
    0xCB8B, 0x2D9C, 0x8FAC, 0x6EAC, 0x6EAC, 0x6EAC, 0x6EAC, 0x6EAC, 0x6EAC, 0x6EAC, 0xAFB4, 0x2983, 
    0xE96A, 0xF29C, 0x139D, 0x1395, 0xF394, 0xF294, 0xF394, 0xF394, 0xD394, 0xD294, 0xD294, 0xB28C, 
    0xB18C, 0xB18C, 0x918C, 0x918C, 0x918C, 0x918C, 0x7084, 0x7084, 0x7084, 0x9184, 0xED7B, 0x866A, 
    0xEC9B, 0x8FAC, 0x6EAC, 0x6EAC, 0x6EAC, 0x6EAC, 0x6EAC, 0x6EAC, 0x6EAC, 0x6EAC, 0x0CAC, 0x6A8B, 
    0x8A8B, 0x8A93, 0x8A93, 0x8A93, 0xAB8B, 0x8A93, 0xAA93, 0xAB8B, 0xAB8B, 0xAB93, 0xCB9B, 0x6EAC, 
    0x8FAC, 0x6EAC, 0x6EAC, 0x6EAC, 0x6EB4, 0x6EAC, 0x6EAC, 0x8EB4, 0x0CA4, 0xA76A, 0x4B73, 0xCE7B, 
    0xAD73, 0xCD7B, 0xCD7B, 0xCE7B, 0xCE7B, 0xCD73, 0xEE7B, 0xCE7B, 0x8D6B, 0x148D, 0x3EBF, 0xFDB6, 
    0xFDBE, 0x1DBF, 0xFDBE, 0xFDBE, 0xFDBE, 0xFDBE, 0xFDBE, 0xFDBE, 0xFDBE, 0xFDBE, 0xFDBE, 0xFDBE, 
    0xFDBE, 0xFDBE, 0xFDBE, 0xFDBE, 0xFDBE, 0xFDBE, 0xFDBE, 0xFDBE, 0xFDBE, 0xFDBE, 0xFDBE, 0xFDBE, 
    0xFDBE, 0xFDBE, 0xFDBE, 0xFDBE, 0xFDBE, 0xFDBE, 0xFDBE, 0xFDBE, 0xFDBE, 0xFDBE, 0xFDBE, 0xFDBE, 
    0xFDBE, 0xFDBE, 0xFDBE, 0xFDBE, 0xFDBE, 0xFDBE, 0x1DBF, 0xFDBE, 0xFDBE, 0xFDBE, 0xFDBE, 0xFDBE, 
    0x1DBF, 0xFDBE, 0xFDBE, 0xFDBE, 0xFDBE, 0xFDBE, 0xFDBE, 0xFDBE, 0xFDBE, 0xFDBE, 0xFDBE, 0xFDBE, 
    0xFDBE, 0xFDBE, 0xFDBE, 0xFDBE, 0xFDBE, 0xFDBE, 0xFDBE, 0xFDBE, 0xFDBE, 0xFDBE, 0xFDBE, 0xFDBE, 
    0xFDBE, 0xFDBE, 0xFDBE, 0xFDBE, 
    0x9BAE, 0x1DBF, 0xFDBE, 0xFDBE, 0xFDBE, 0xFDBE, 0xFDBE, 0xFDBE, 
    0xFDBE, 0xFDBE, 0xFDBE, 0xFDBE, 0xFDBE, 0xFDBE, 0xFDBE, 0xFDBE, 0xFDBE, 0xFDBE, 0xFDBE, 0xFDBE, 
    0xFDBE, 0xFDBE, 0xFDBE, 0xFDBE, 0xFDBE, 0xFDBE, 0xFDBE, 0xFDBE, 0xFDBE, 0xFDBE, 0xFDBE, 0xFDBE, 
    0xFDBE, 0xFDBE, 0xFDBE, 0xFDBE, 0xFDBE, 0xFDBE, 0xFDBE, 0xFDBE, 0xFDBE, 0xFDBE, 0xFDBE, 0xFDBE, 
    0xFDBE, 0xFDBE, 0xFDBE, 0xFDBE, 0xFDBE, 0xFDBE, 0xFDBE, 0xFDBE, 0xFDBE, 0xFDBE, 0xFDBE, 0xFDBE, 
    0xFDBE, 0xFDBE, 0xFDBE, 0xFDBE, 0xFDBE, 0xFDBE, 0xFDBE, 0xFDBE, 0xFDBE, 0xFDBE, 0xFDBE, 0xFDBE, 
    0xFDBE, 0xFDBE, 0xFDBE, 0xFDBE, 0xFDBE, 0xFDBE, 0xFDBE, 0xFDBE, 0xFDBE, 0xFDBE, 0xFDBE, 0xFDBE, 
    0xFDBE, 0xFDBE, 0xFDBE, 0xFDBE, 0xFDBE, 0xFDBE, 0xFDBE, 0xFDBE, 0x1DC7, 0x5AAE, 0x727C, 0x7184, 
    0x908C, 0x9094, 0x9094, 0xB194, 0xD294, 0xD294, 0xD29C, 0x349D, 0x708C, 0x8872, 0xCFB4, 0x33D6, 
    0xD3D5, 0xF3CD, 0xF3CD, 0xD3D5, 0xF3D5, 0xF3D5, 0xF3D5, 0xF3D5, 0x92CD, 0x8EAC, 0x8EB4, 0x8EB4, 
    0x8EB4, 0x8EB4, 0x8EB4, 0x8EB4, 0x8EB4, 0x8EB4, 0x8EB4, 0x8EB4, 0x8EB4, 0x8EB4, 0x6EAC, 0x6EAC, 
    0x6EAC, 0x6EAC, 0x6EAC, 0x6EB4, 0x6EAC, 0x6EAC, 0xAFB4, 0x2983, 0x2B6B, 0xFCC6, 0x5FC7, 0x3FBF, 
    0x3FBF, 0x3EC7, 0x3EBF, 0x3FBF, 0x3FBF, 0x3EC7, 0x3EC7, 0x3EBF, 0x3EBF, 0x3EBF, 0x3EBF, 0x3EBF, 
    0x3EBF, 0x1EBF, 0x1EBF, 0x1EBF, 0x1EBF, 0x5FBF, 0xD6A5, 0xA76A, 0xCC9B, 0x8FB4, 0x6EB4, 0x8EAC, 
    0x6FAC, 0x6EB4, 0x6EAC, 0x8EAC, 0x6EAC, 0x8EAC, 0x6EAC, 0x8EB4, 0x8EB4, 0x8EB4, 0x8EB4, 0x8EB4, 
    0x8EB4, 0x8EB4, 0x8EB4, 0x8EB4, 0x8EB4, 0x8EB4, 0x8EB4, 0x6EAC, 0x6EAC, 0x6DB4, 0x6EAC, 0x6EAC, 
    0x6EB4, 0x6EB4, 0x6EAC, 0xAFB4, 0xEBA3, 0xA862, 0x96A5, 0x1DC7, 0xDCBE, 0xDCBE, 0xFCBE, 0xFCBE, 
    0xFCBE, 0xFCBE, 0xFCBE, 0xFCBE, 0xDCB6, 0xFDB6, 0xFDBE, 0xFDBE, 0x1DBF, 0xFDBE, 0xFDBE, 0xFDBE, 
    0xFDBE, 0xFDBE, 0xFDBE, 0xFDBE, 0xFDBE, 0xFDBE, 0xFDBE, 0xFDBE, 0xFDBE, 0xFDBE, 0xFDBE, 0xFDBE, 
    0xFDBE, 0xFDBE, 0xFDBE, 0xFDBE, 0xFDBE, 0xFDBE, 0xFDBE, 0xFDBE, 0xFDBE, 0xFDBE, 0xFDBE, 0xFDBE, 
    0xFDBE, 0xFDBE, 0xFDBE, 0xFDBE, 0xFDBE, 0xFDBE, 0xFDBE, 0xFDBE, 0xFDBE, 0xFDBE, 0xFDBE, 0xFDBE, 
    0xFDBE, 0x1DBF, 0xFDBE, 0xFDBE, 0x1DBF, 0xFDBE, 0xFDBE, 0xFDBE, 0xFDBE, 0xFDBE, 0x1DBF, 0xFDBE, 
    0xFDBE, 0xFDBE, 0xFDBE, 0xFDBE, 0xFDBE, 0xFDBE, 0xFDBE, 0xFDBE, 0xFDBE, 0xFDBE, 0xFDBE, 0xFDBE, 
    0xFDBE, 0xFDBE, 0xFDBE, 0xFDBE, 0xFDBE, 0xFDBE, 0xFDBE, 0xFDBE, 0xFDBE, 0xFDBE, 0xFDBE, 0xFDBE, 
    
    0x9BAE, 0x1DBF, 0xFDBE, 0xFDBE, 0xFDBE, 0xFDBE, 0xFDBE, 0xFDBE, 0xFDBE, 0xFDBE, 0xFDBE, 0xFDBE, 
    0xFDBE, 0xFDBE, 0xFDBE, 0xFDBE, 0xFDBE, 0xFDBE, 0xFDBE, 0xFDBE, 0xFDBE, 0xFDBE, 0xFDBE, 0xFDBE, 
    0xFDBE, 0xFDBE, 0xFDBE, 0xFDBE, 0xFDBE, 0xFDBE, 0xFDBE, 0xFDBE, 0xFDBE, 0xFDBE, 0xFDBE, 0xFDBE, 
    0xFDBE, 0xFDBE, 0xFDBE, 0xFDBE, 0xFDBE, 0xFDBE, 0xFDBE, 0xFDBE, 0xFDBE, 0xFDBE, 0xFDBE, 0xFDBE, 
    0xFDBE, 0xFDBE, 0xFDBE, 0xFDBE, 0xFDBE, 0xFDBE, 0xFDBE, 0xFDBE, 0xFDBE, 0xFDBE, 0xFDBE, 0xFDBE, 
    0xFDBE, 0xFDBE, 0xFDBE, 0xFDBE, 0xFDBE, 0xFDBE, 0xFDBE, 0xFDBE, 0xFDBE, 0xFDBE, 0xFDBE, 0xFDBE, 
    0xFDBE, 0xFDBE, 0xFDBE, 0xFDBE, 0xFDBE, 0xFDBE, 0xFDBE, 0xFDBE, 0xFDBE, 0xFDBE, 0xFDBE, 0xFDBE, 
    0xFDBE, 0xFDBE, 0xFDBE, 0xFDB6, 0x1FAF, 0x3FB7, 0x3FBF, 0x3EC7, 0x3EC7, 0x3EC7, 0x3EC7, 0x3EC7, 
    0x3FBF, 0x3DC7, 0x1CC7, 0x7DCF, 0x17B6, 0xA86A, 0xCFB4, 0x13D6, 0xB3D5, 0xD3D5, 0xD2D5, 0xD3D5, 
    0xD3D5, 0xD3D5, 0xD3D5, 0xF3D5, 0x92CD, 0x6EAC, 0x6EAC, 0x6EAC, 0x6EAC, 0x6EAC, 0x6EAC, 0x6EAC, 
    0x6EAC, 0x6EAC, 0x6EAC, 0x6EAC, 0x6EAC, 0x8EAC, 0x8EAC, 0x6EAC, 0x6EAC, 0x6EAC, 0x6EAC, 0x6EB4, 
    0x6EAC, 0x6EAC, 0xAFB4, 0x2983, 0x2A6B, 0xBABE, 0xFDBE, 0xFDB6, 0xFDBE, 0xDCBE, 0xFDBE, 0xFDB6, 
    0xFDB6, 0xFCBE, 0xFCBE, 0xFCBE, 0xFCBE, 0xFDBE, 0xFDBE, 0xFDBE, 0xFDBE, 0xFDBE, 0xFDBE, 0xFCBE, 
    0xDCBE, 0x3EBF, 0xB6A5, 0xA76A, 0xEC9B, 0x8FB4, 0x6EAC, 0x8EAC, 0x6EAC, 0x6EB4, 0x6EAC, 0x6EAC, 
    0x6EAC, 0x6EAC, 0x6EAC, 0x6EAC, 0x6EAC, 0x6EAC, 0x6EAC, 0x6EAC, 0x6EAC, 0x6EAC, 0x6EAC, 0x6EAC, 
    0x6EAC, 0x6EAC, 0x6EAC, 0x6EAC, 0x6EAC, 0x6DB4, 0x6EAC, 0x6EAC, 0x6EB4, 0x6EB4, 0x6EAC, 0x8EB4, 
    0x0CA4, 0xA862, 0x96A5, 0x3DC7, 0xFCBE, 0xFCBE, 0xFCBE, 0xFCBE, 0xFCBE, 0xFCBE, 0xFCBE, 0xFCBE, 
    0x1DBF, 0xFDBE, 0xFDBE, 0x1DBF, 0xFDBE, 0x1DBF, 0xFDBE, 0xFDBE, 0xFDBE, 0xFDBE, 0xFDBE, 0xFDBE, 
    0xFDBE, 0xFDBE, 0xFDBE, 0xFDBE, 0xFDBE, 0xFDBE, 0xFDBE, 0xFDBE, 0xFDBE, 0xFDBE, 0xFDBE, 0xFDBE, 
    0xFDBE, 0xFDBE, 0xFDBE, 0xFDBE, 0xFDBE, 0xFDBE, 0xFDBE, 0xFDBE, 0xFDBE, 0xFDBE, 0xFDBE, 0xFDBE, 
    0xFDBE, 0xFDBE, 0xFDBE, 0xFDBE, 0xFDBE, 0xFDBE, 0xFDBE, 0xFDBE, 0x1DBF, 0xFDBE, 0xFDBE, 0x1DBF, 
    0xFDB6, 0xFDBE, 0xFDBE, 0x1DBF, 0xFDBE, 0xFDBE, 0xFDBE, 0xFDBE, 0xFDBE, 0xFDBE, 0xFDBE, 0xFDBE, 
    0xFDBE, 0xFDBE, 0xFDBE, 0xFDBE, 0xFDBE, 0xFDBE, 0xFDBE, 0xFDBE, 0xFDBE, 0xFDBE, 0xFDBE, 0xFDBE, 
    0xFDBE, 0xFDBE, 0xFDBE, 0xFDBE, 0xFDBE, 0xFDBE, 0xFDBE, 0xFDBE, 
    0x9BAE, 0x1DBF, 0xFDBE, 0xFDBE, 
    0xFDBE, 0xFDBE, 0xFDBE, 0xFDBE, 0xFDBE, 0xFDBE, 0xFDBE, 0xFDBE, 0xFDBE, 0xFDBE, 0xFDBE, 0xFDBE, 
    0xFDBE, 0xFDBE, 0xFDBE, 0xFDBE, 0xFDBE, 0xFDBE, 0xFDBE, 0xFDBE, 0xFDBE, 0xFDBE, 0xFDBE, 0xFDBE, 
    0xFDBE, 0xFDBE, 0xFDBE, 0xFDBE, 0xFDBE, 0xFDBE, 0xFDBE, 0xFDBE, 0xFDBE, 0xFDBE, 0xFDBE, 0xFDBE, 
    0xFDBE, 0xFDBE, 0xFDBE, 0xFDBE, 0xFDBE, 0xFDBE, 0xFDBE, 0xFDBE, 0xFDBE, 0xFDBE, 0xFDBE, 0xFDBE, 
    0xFDBE, 0xFDBE, 0xFDBE, 0xFDBE, 0xFDBE, 0xFDBE, 0xFDBE, 0xFDBE, 0xFDBE, 0xFDBE, 0xFDBE, 0xFDBE, 
    0xFDBE, 0xFDBE, 0xFDBE, 0xFDBE, 0xFDBE, 0xFDBE, 0xFDBE, 0xFDBE, 0xFDBE, 0xFDBE, 0xFDBE, 0xFDBE, 
    0xFDBE, 0xFDBE, 0xFDBE, 0xFDBE, 0xFDBE, 0xFDBE, 0xFDBE, 0xFDBE, 0xFDBE, 0xFDBE, 0x1DBF, 0xFDBE, 
    0xFDBE, 0xFDBE, 0xDCBE, 0xFCBE, 0xFDBE, 0xFDBE, 0xFDBE, 0xFDB6, 0xFDB6, 0xFDB6, 0xFDB6, 0x3EB7, 
    0xF7A5, 0x8862, 0xCFB4, 0x13D6, 0xB3DD, 0xD3D5, 0xD3DD, 0xD3D5, 0xD3D5, 0xD3D5, 0xD3D5, 0xF3D5, 
    0x92CD, 0x6EAC, 0x8EAC, 0x6EAC, 0x6EB4, 0x6EAC, 0x6EAC, 0x6EAC, 0x6EAC, 0x6EAC, 0x6EAC, 0x6EAC, 
    0x6EAC, 0x6EAC, 0x6EAC, 0x6EAC, 0x6EAC, 0x6EAC, 0x6EAC, 0x6EB4, 0x6EAC, 0x6EAC, 0xAFB4, 0x2983, 
    0x2B6B, 0xBBBE, 0x1DBF, 0xFDB6, 0xFDBE, 0xFCBE, 0xFDBE, 0xFEB6, 0xFDB6, 0xFDBE, 0xFDBE, 0xFDBE, 
    0xFDBE, 0xFDBE, 0xFDBE, 0xFDBE, 0xFDBE, 0xFDBE, 0xFDBE, 0xFDBE, 0xFDBE, 0x3EBF, 0xD6A5, 0xA76A, 
    0xCC9B, 0x8FB4, 0x6EAC, 0x8EAC, 0x6EAC, 0x6EB4, 0x6EAC, 0x6EAC, 0x6EAC, 0x6EAC, 0x6EAC, 0x6EAC, 
    0x6EAC, 0x6EAC, 0x6EAC, 0x6EAC, 0x6EAC, 0x6EAC, 0x6EAC, 0x6EAC, 0x6EAC, 0x6EAC, 0x6EAC, 0x6EAC, 
    0x6EAC, 0x6DB4, 0x6EAC, 0x6EAC, 0x6EB4, 0x6EB4, 0x6EAC, 0x8EB4, 0xEBA3, 0xA862, 0x96A5, 0x1EBF, 
    0xDDB6, 0xFDBE, 0xFDBE, 0xFDBE, 0xFDBE, 0xFDBE, 0xFDBE, 0xFDBE, 0xFDBE, 0x1DBF, 0xFDBE, 0xFDBE, 
    0x1DBF, 0xFDBE, 0xFDBE, 0xFDBE, 0xFDBE, 0xFDBE, 0xFDBE, 0xFDBE, 0xFDBE, 0xFDBE, 0xFDBE, 0xFDBE, 
    0xFDBE, 0xFDBE, 0xFDBE, 0xFDBE, 0xFDBE, 0xFDBE, 0xFDBE, 0xFDBE, 0xFDBE, 0xFDBE, 0xFDBE, 0xFDBE, 
    0xFDBE, 0xFDBE, 0xFDBE, 0xFDBE, 0xFDBE, 0xFDBE, 0xFDBE, 0xFDBE, 0xFDBE, 0xFDBE, 0xFDBE, 0xFDBE, 
    0xFDBE, 0xFDBE, 0xFDBE, 0xFDBE, 0xFDBE, 0xFDBE, 0x1DBF, 0xFDBE, 0xFDBE, 0x1DBF, 0x1DBF, 0xFDBE, 
    0x1DBF, 0x1DBF, 0xFDBE, 0xFDBE, 0xFDBE, 0xFDBE, 0xFDBE, 0xFDBE, 0xFDBE, 0xFDBE, 0xFDBE, 0xFDBE, 
    0xFDBE, 0xFDBE, 0xFDBE, 0xFDBE, 0xFDBE, 0xFDBE, 0xFDBE, 0xFDBE, 0xFDBE, 0xFDBE, 0xFDBE, 0xFDBE, 
    0xFDBE, 0xFDBE, 0xFDBE, 0xFDBE, 
    0x9BAE, 0x1DBF, 0xFDBE, 0xFDBE, 0xFDBE, 0xFDBE, 0xFDBE, 0xFDBE, 
    0xFDBE, 0xFDBE, 0xFDBE, 0xFDBE, 0xFDBE, 0xFDBE, 0xFDBE, 0xFDBE, 0xFDBE, 0xFDBE, 0xFDBE, 0xFDBE, 
    0xFDBE, 0xFDBE, 0xFDBE, 0xFDBE, 0xFDBE, 0xFDBE, 0xFDBE, 0xFDBE, 0xFDBE, 0xFDBE, 0xFDBE, 0xFDBE, 
    0xFDBE, 0xFDBE, 0xFDBE, 0xFDBE, 0xFDBE, 0xFDBE, 0xFDBE, 0xFDBE, 0xFDBE, 0xFDBE, 0xFDBE, 0xFDBE, 
    0xFDBE, 0xFDBE, 0xFDBE, 0xFDBE, 0xFDBE, 0xFDBE, 0xFDBE, 0xFDBE, 0xFDBE, 0xFDBE, 0xFDBE, 0xFDBE, 
    0xFDBE, 0xFDBE, 0xFDBE, 0xFDBE, 0xFDBE, 0xFDBE, 0xFDBE, 0xFDBE, 0xFDBE, 0xFDBE, 0xFDBE, 0xFDBE, 
    0xFDBE, 0xFDBE, 0xFDBE, 0xFDBE, 0xFDBE, 0xFDBE, 0xFDBE, 0xFDBE, 0xFDBE, 0xFDBE, 0xFDBE, 0xFDBE, 
    0xFDBE, 0xFDBE, 0xFDBE, 0xFDBE, 0xFDBE, 0xFDBE, 0xFDBE, 0xFDBE, 0xFCC6, 0xFCC6, 0xFCBE, 0xFDBE, 
    0xFDBE, 0xFDBE, 0xFDBE, 0xFDBE, 0xFDBE, 0xFDB6, 0xFEB6, 0x3EBF, 0xF8A5, 0x886A, 0xCFB4, 0x33D6, 
    0xD3D5, 0xD3CD, 0xF3CD, 0xD3D5, 0xD3D5, 0xD3D5, 0xD3D5, 0xF3D5, 0x92CD, 0x6EAC, 0x8EAC, 0x6EAC, 
    0x6EB4, 0x6EAC, 0x6EAC, 0x6EAC, 0x6EAC, 0x6EAC, 0x6EAC, 0x6EAC, 0x6EAC, 0x6EAC, 0x6EAC, 0x6EAC, 
    0x6EAC, 0x6EAC, 0x6EAC, 0x6EB4, 0x6EAC, 0x6EAC, 0xAFB4, 0x2983, 0x2B6B, 0xBBBE, 0x1DBF, 0xFEB6, 
    0xFDBE, 0xFDBE, 0xFDBE, 0xFEB6, 0xFEB6, 0xFDBE, 0xFDBE, 0xFDBE, 0xFDBE, 0xFDBE, 0xFDBE, 0xFDBE, 
    0xFDBE, 0xFDBE, 0xFDBE, 0x1DBF, 0xFDBE, 0x3EBF, 0xD6A5, 0xA76A, 0xEC9B, 0x8FB4, 0x6EAC, 0x8EAC, 
    0x6EAC, 0x6EB4, 0x6EAC, 0x6EAC, 0x6EAC, 0x6EAC, 0x6EAC, 0x6EAC, 0x6EAC, 0x6EAC, 0x6EAC, 0x6EAC, 
    0x6EAC, 0x6EAC, 0x6EAC, 0x6EAC, 0x6EAC, 0x8EAC, 0x6EAC, 0x6EAC, 0x6EAC, 0x6DB4, 0x6EAC, 0x6EAC, 
    0x6EB4, 0x6EB4, 0x6EAC, 0x8EB4, 0x0BA4, 0xA862, 0x96A5, 0x3EBF, 0xFDB6, 0xFDBE, 0xFDBE, 0xFDBE, 
    0xFDBE, 0xFDB6, 0xFDB6, 0xFDB6, 0xFDB6, 0xFDBE, 0x1DBF, 0x1DBF, 0xFDBE, 0xFDBE, 0xFDBE, 0xFDBE, 
    0xFDBE, 0xFDBE, 0xFDBE, 0xFDBE, 0xFDBE, 0xFDBE, 0xFDBE, 0xFDBE, 0xFDBE, 0xFDBE, 0xFDBE, 0xFDBE, 
    0xFDBE, 0xFDBE, 0xFDBE, 0xFDBE, 0xFDBE, 0xFDBE, 0xFDBE, 0xFDBE, 0xFDBE, 0xFDBE, 0xFDBE, 0xFDBE, 
    0xFDBE, 0xFDBE, 0xFDBE, 0xFDBE, 0xFDBE, 0xFDBE, 0xFDBE, 0xFDBE, 0xFDBE, 0xFDBE, 0xFDBE, 0xFDBE, 
    0xFDBE, 0x1DBF, 0xFDBE, 0xFDBE, 0xFDBE, 0xDCB6, 0xDDB6, 0x1DBF, 0xFDBE, 0xFDBE, 0xFDBE, 0xFDBE, 
    0xFDBE, 0xFDBE, 0xFDBE, 0xFDBE, 0xFDBE, 0xFDBE, 0xFDBE, 0xFDBE, 0xFDBE, 0xFDBE, 0xFDBE, 0xFDBE, 
    0xFDBE, 0xFDBE, 0xFDBE, 0xFDBE, 0xFDBE, 0xFDBE, 0xFDBE, 0xFDBE, 0xFDBE, 0xFDBE, 0xFDBE, 0xFDBE, 
    
    0x9BAE, 0x1DBF, 0xFDBE, 0xFDBE, 0xFDBE, 0xFDBE, 0xFDBE, 0xFDBE, 0xFDBE, 0xFDBE, 0xFDBE, 0xFDBE, 
    0xFDBE, 0xFDBE, 0xFDBE, 0xFDBE, 0xFDBE, 0xFDBE, 0xFDBE, 0xFDBE, 0xFDBE, 0xFDBE, 0xFDBE, 0xFDBE, 
    0xFDBE, 0xFDBE, 0xFDBE, 0xFDBE, 0xFDBE, 0xFDBE, 0xFDBE, 0xFDBE, 0xFDBE, 0xFDBE, 0xFDBE, 0xFDBE, 
    0xFDBE, 0xFDBE, 0xFDBE, 0xFDBE, 0xFDBE, 0xFDBE, 0xFDBE, 0xFDBE, 0xFDBE, 0xFDBE, 0xFDBE, 0xFDBE, 
    0xFDBE, 0xFDBE, 0xFDBE, 0xFDBE, 0xFDBE, 0xFDBE, 0xFDBE, 0xFDBE, 0xFDBE, 0xFDBE, 0xFDBE, 0xFDBE, 
    0xFDBE, 0xFDBE, 0xFDBE, 0xFDBE, 0xFDBE, 0xFDBE, 0xFDBE, 0xFDBE, 0xFDBE, 0xFDBE, 0xFDBE, 0xFDBE, 
    0xFDBE, 0xFDBE, 0xFDBE, 0xFDBE, 0xFDBE, 0xFDBE, 0xFDBE, 0xFDBE, 0xFDBE, 0xFDBE, 0xFDBE, 0xFDBE, 
    0xFDBE, 0xFDBE, 0xFDBE, 0xFDBE, 0xFDBE, 0xFDB6, 0x1EB7, 0x1EB7, 0x1EB7, 0x1EB7, 0x1EB7, 0x1EB7, 
    0x1DB7, 0xFEBE, 0xDEBE, 0x3EC7, 0xD7AD, 0x886A, 0xCEB4, 0x33D6, 0xD3D5, 0xF3CD, 0xF3CD, 0xD3D5, 
    0xD3D5, 0xD3D5, 0xD3D5, 0xF3D5, 0x92CD, 0x6EAC, 0x6EAC, 0x6EAC, 0x6EB4, 0x6EAC, 0x6EAC, 0x6EAC, 
    0x6EAC, 0x6EAC, 0x6EAC, 0x6EAC, 0x6EAC, 0x6EAC, 0x6EAC, 0x6EAC, 0x6EAC, 0x6EAC, 0x6EAC, 0x6EB4, 
    0x6EAC, 0x6EAC, 0xAFB4, 0x2983, 0x2B6B, 0xBBBE, 0x1DBF, 0xFEB6, 0xFDBE, 0xFCBE, 0xFDBE, 0x1EB7, 
    0xFEB6, 0xFDBE, 0xFDBE, 0xFDBE, 0xFDBE, 0xFDBE, 0xFDBE, 0xFDBE, 0xFDBE, 0xFDBE, 0xFDBE, 0xFDBE, 
    0xFDBE, 0x3EBF, 0xD6A5, 0xA76A, 0xEC9B, 0x8FB4, 0x6EAC, 0x8EAC, 0x6EAC, 0x6EB4, 0x6EAC, 0x6EAC, 
    0x6EAC, 0x6EAC, 0x6EAC, 0x6EAC, 0x6EAC, 0x6EAC, 0x6EAC, 0x6EAC, 0x6EAC, 0x6EAC, 0x6EAC, 0x6EAC, 
    0x6EAC, 0x6EAC, 0x6EAC, 0x6EAC, 0x6EAC, 0x6DB4, 0x6EAC, 0x6EAC, 0x6EB4, 0x6EB4, 0x6EAC, 0x8EB4, 
    0x0BA4, 0xA762, 0x96A5, 0x3EC7, 0xFDB6, 0x1DBF, 0x1DBF, 0x1DBF, 0x1DBF, 0xFDBE, 0xFDBE, 0xFDBE, 
    0xFDBE, 0xFDBE, 0xFDBE, 0xFDBE, 0xFDBE, 0xFDBE, 0xFDBE, 0xFDBE, 0xFDBE, 0xFDBE, 0xFDBE, 0xFDBE, 
    0xFDBE, 0xFDBE, 0xFDBE, 0xFDBE, 0xFDBE, 0xFDBE, 0xFDBE, 0xFDBE, 0xFDBE, 0xFDBE, 0xFDBE, 0xFDBE, 
    0xFDBE, 0xFDBE, 0xFDBE, 0xFDBE, 0xFDBE, 0xFDBE, 0xFDBE, 0xFDBE, 0xFDBE, 0xFDBE, 0xFDBE, 0xFDBE, 
    0xFDBE, 0xFDBE, 0xFDBE, 0xFDBE, 0xFDBE, 0xFDBE, 0xFDBE, 0xFDBE, 0xFDBE, 0xFDBE, 0xFDBE, 0x1DBF, 
    0xDDB6, 0x5685, 0xF99D, 0x1DBF, 0xFDBE, 0xFDBE, 0xFDBE, 0xFDBE, 0xFDBE, 0xFDBE, 0xFDBE, 0xFDBE, 
    0xFDBE, 0xFDBE, 0xFDBE, 0xFDBE, 0xFDBE, 0xFDBE, 0xFDBE, 0xFDBE, 0xFDBE, 0xFDBE, 0xFDBE, 0xFDBE, 
    0xFDBE, 0xFDBE, 0xFDBE, 0xFDBE, 0xFDBE, 0xFDBE, 0xFDBE, 0xFDBE, 
    0x9BAE, 0x1DBF, 0xFDBE, 0xFDBE, 
    0xFDBE, 0xFDBE, 0xFDBE, 0xFDBE, 0xFDBE, 0xFDBE, 0xFDBE, 0xFDBE, 0xFDBE, 0xFDBE, 0xFDBE, 0xFDBE, 
    0xFDBE, 0xFDBE, 0xFDBE, 0xFDBE, 0xFDBE, 0xFDBE, 0xFDBE, 0xFDBE, 0xFDBE, 0xFDBE, 0xFDBE, 0xFDBE, 
    0xFDBE, 0xFDBE, 0xFDBE, 0xFDBE, 0xFDBE, 0xFDBE, 0xFDBE, 0xFDBE, 0xFDBE, 0xFDBE, 0xFDBE, 0xFDBE, 
    0xFDBE, 0xFDBE, 0xFDBE, 0xFDBE, 0xFDBE, 0xFDBE, 0xFDBE, 0xFDBE, 0xFDBE, 0xFDBE, 0xFDBE, 0xFDBE, 
    0xFDBE, 0xFDBE, 0xFDBE, 0xFDBE, 0xFDBE, 0xFDBE, 0xFDBE, 0xFDBE, 0xFDBE, 0xFDBE, 0xFDBE, 0xFDBE, 
    0xFDBE, 0xFDBE, 0xFDBE, 0xFDBE, 0xFDBE, 0xFDBE, 0xFDBE, 0xFDBE, 0xFDBE, 0xFDBE, 0xFDBE, 0xFDBE, 
    0xFDBE, 0xFDBE, 0xFDBE, 0xFDBE, 0xFDBE, 0xFDBE, 0xFDBE, 0xFDBE, 0xFDBE, 0xFDBE, 0xFDBE, 0xFDBE, 
    0xFDBE, 0xFDBE, 0xFDB6, 0x1DB7, 0x1DB7, 0x1DBF, 0xFDBE, 0xFDBE, 0xFCBE, 0xFDBE, 0xFDBE, 0x3DBF, 
    0xF7AD, 0x886A, 0xCEB4, 0x33D6, 0xB3D5, 0xD4D5, 0xD3CD, 0xD3D5, 0xD3D5, 0xD3D5, 0xD3D5, 0xF3D5, 
    0x92CD, 0x6EAC, 0x6EAC, 0x6EAC, 0x6EB4, 0x6EAC, 0x6EAC, 0x6EAC, 0x6EAC, 0x6EAC, 0x6EAC, 0x6EAC, 
    0x6EAC, 0x6EAC, 0x6EAC, 0x6EAC, 0x6EAC, 0x6EAC, 0x6EAC, 0x6EB4, 0x6EAC, 0x6EAC, 0xAFB4, 0x2983, 
    0x2B6B, 0xBBBE, 0x1DBF, 0xFEB6, 0xFDBE, 0xFCBE, 0xFDBE, 0x1EB7, 0xFEB6, 0xFDBE, 0xFDBE, 0xFDBE, 
    0xFDBE, 0xFDBE, 0xFDBE, 0xFDBE, 0xFDBE, 0xFDBE, 0xFDBE, 0xFDBE, 0xFDBE, 0x3EBF, 0xD6A5, 0xA76A, 
    0xEC9B, 0x8FB4, 0x6EAC, 0x8EAC, 0x6EAC, 0x6EB4, 0x6EAC, 0x6EAC, 0x6EAC, 0x6EAC, 0x6EAC, 0x6EAC, 
    0x6EAC, 0x6EAC, 0x6EAC, 0x6EAC, 0x6EAC, 0x6EAC, 0x6EAC, 0x6EAC, 0x6EAC, 0x6EAC, 0x6EAC, 0x6EAC, 
    0x6EAC, 0x6DB4, 0x6EAC, 0x6EAC, 0x6EB4, 0x6EB4, 0x6EAC, 0x8EB4, 0x0BA4, 0xA862, 0x96A5, 0x3EC7, 
    0xFDB6, 0xFDBE, 0xFDBE, 0xFDBE, 0xFDBE, 0xFDBE, 0xFDBE, 0xFDBE, 0xFDBE, 0xFDBE, 0xFDBE, 0xFDBE, 
    0xFDBE, 0xFDBE, 0xFDBE, 0xFDBE, 0xFDBE, 0xFDBE, 0xFDBE, 0xFDBE, 0xFDBE, 0xFDBE, 0xFDBE, 0xFDBE, 
    0xFDBE, 0xFDBE, 0xFDBE, 0xFDBE, 0xFDBE, 0xFDBE, 0xFDBE, 0xFDBE, 0xFDBE, 0xFDBE, 0xFDBE, 0xFDBE, 
    0xFDBE, 0xFDBE, 0xFDBE, 0xFDBE, 0xFDBE, 0xFDBE, 0xFDBE, 0xFDBE, 0xFDBE, 0xFDBE, 0xFDBE, 0xFDBE, 
    0xFDBE, 0xFDBE, 0xFDBE, 0xFDBE, 0xFDBE, 0xFDBE, 0xFDBE, 0x1DBF, 0xDDB6, 0xD574, 0xB895, 0x1EBF, 
    0xFDBE, 0xFDBE, 0xFDBE, 0xFDBE, 0xFDBE, 0xFDBE, 0xFDBE, 0xFDBE, 0xFDBE, 0xFDBE, 0xFDBE, 0xFDBE, 
    0xFDBE, 0xFDBE, 0xFDBE, 0xFDBE, 0xFDBE, 0xFDBE, 0xFDBE, 0xFDBE, 0xFDBE, 0xFDBE, 0xFDBE, 0xFDBE, 
    0xFDBE, 0xFDBE, 0xFDBE, 0xFDBE, 
    0x9BAE, 0x1DBF, 0xFDBE, 0xFDBE, 0xFDBE, 0xFDBE, 0xFDBE, 0xFDBE, 
    0xFDBE, 0xFDBE, 0xFDBE, 0xFDBE, 0xFDBE, 0xFDBE, 0xFDBE, 0xFDBE, 0xFDBE, 0xFDBE, 0xFDBE, 0xFDBE, 
    0xFDBE, 0xFDBE, 0xFDBE, 0xFDBE, 0xFDBE, 0xFDBE, 0xFDBE, 0xFDBE, 0xFDBE, 0xFDBE, 0xFDBE, 0xFDBE, 
    0xFDBE, 0xFDBE, 0xFDBE, 0xFDBE, 0xFDBE, 0xFDBE, 0xFDBE, 0xFDBE, 0xFDBE, 0xFDBE, 0xFDBE, 0xFDBE, 
    0xFDBE, 0xFDBE, 0xFDBE, 0xFDBE, 0xFDBE, 0xFDBE, 0xFDBE, 0xFDBE, 0xFDBE, 0xFDBE, 0xFDBE, 0xFDBE, 
    0xFDBE, 0xFDBE, 0xFDBE, 0xFDBE, 0xFDBE, 0xFDBE, 0xFDBE, 0xFDBE, 0xFDBE, 0xFDBE, 0xFDBE, 0xFDBE, 
    0xFDBE, 0xFDBE, 0xFDBE, 0xFDBE, 0xFDBE, 0xFDBE, 0xFDBE, 0xFDBE, 0xFDBE, 0xFDBE, 0xFDBE, 0xFDBE, 
    0xFDBE, 0xFDBE, 0xFDBE, 0xFDBE, 0xFDBE, 0xFDBE, 0xFDBE, 0xFDBE, 0xFDBE, 0xFDBE, 0xFDBE, 0xFDBE, 
    0xFDBE, 0xFDBE, 0xFCBE, 0xFCBE, 0xFCC6, 0x1CBF, 0x1DB7, 0x3DBF, 0x17AE, 0x886A, 0xCEB4, 0x13D6, 
    0xB3DD, 0xD4D5, 0xB3D5, 0xD3D5, 0xD3D5, 0xD3D5, 0xD3D5, 0xF3D5, 0x92CD, 0x6EAC, 0x6EAC, 0x6EAC, 
    0x6EB4, 0x6EAC, 0x6EAC, 0x6EAC, 0x6EAC, 0x6EAC, 0x6EAC, 0x6EAC, 0x6EAC, 0x6EAC, 0x6EAC, 0x6EAC, 
    0x6EAC, 0x6EAC, 0x6EAC, 0x6EB4, 0x6EAC, 0x6EAC, 0xAFB4, 0x2983, 0x2B6B, 0xBBBE, 0x1DBF, 0xFEB6, 
    0xFDBE, 0xFCBE, 0xFDBE, 0x1EB7, 0xFEB6, 0xFDBE, 0xFDBE, 0xFDBE, 0xFDBE, 0xFDBE, 0xFDBE, 0xFDBE, 
    0xFDBE, 0xFDBE, 0xFDBE, 0xFDBE, 0xFDBE, 0x3EBF, 0xD6A5, 0xA76A, 0xEC9B, 0x8FAC, 0x6EAC, 0x8EAC, 
    0x6EAC, 0x6EB4, 0x6EAC, 0x6EAC, 0x6EAC, 0x6EAC, 0x6EAC, 0x6EAC, 0x6EAC, 0x6EAC, 0x6EAC, 0x6EAC, 
    0x6EAC, 0x6EAC, 0x6EAC, 0x6EAC, 0x6EAC, 0x6EAC, 0x6EAC, 0x6EAC, 0x6EAC, 0x6DB4, 0x6EAC, 0x6EAC, 
    0x6EB4, 0x6EB4, 0x6EAC, 0x8EB4, 0x0BA4, 0xA862, 0x96A5, 0x3EC7, 0xFDBE, 0xFDBE, 0xFDBE, 0xFDBE, 
    0xFDBE, 0xFDBE, 0xFDBE, 0xFDBE, 0xFDBE, 0xFDBE, 0xFDBE, 0xFDBE, 0xFDBE, 0xFDBE, 0xFDBE, 0xFDBE, 
    0xFDBE, 0xFDBE, 0xFDBE, 0xFDBE, 0xFDBE, 0xFDBE, 0xFDBE, 0xFDBE, 0xFDBE, 0xFDBE, 0xFDBE, 0xFDBE, 
    0xFDBE, 0xFDBE, 0xFDBE, 0xFDBE, 0xFDBE, 0xFDBE, 0xFDBE, 0xFDBE, 0xFDBE, 0xFDBE, 0xFDBE, 0xFDBE, 
    0xFDBE, 0xFDBE, 0xFDBE, 0xFDBE, 0xFDBE, 0xFDBE, 0xFDBE, 0xFDBE, 0xFDBE, 0xFDBE, 0xFDBE, 0xFDBE, 
    0xFDBE, 0xFDBE, 0xFDBE, 0x1DBF, 0xDDB6, 0xF57C, 0xD895, 0x1EBF, 0xFDBE, 0xFDBE, 0xFDBE, 0xFDBE, 
    0xFDBE, 0xFDBE, 0xFDBE, 0xFDBE, 0xFDBE, 0xFDBE, 0xFDBE, 0xFDBE, 0xFDBE, 0xFDBE, 0xFDBE, 0xFDBE, 
    0xFDBE, 0xFDBE, 0xFDBE, 0xFDBE, 0xFDBE, 0xFDBE, 0xFDBE, 0xFDBE, 0xFDBE, 0xFDBE, 0xFDBE, 0xFDBE, 
    
    0x9BAE, 0x1DBF, 0xFDBE, 0xFDBE, 0xFDBE, 0xFDBE, 0xFDBE, 0xFDBE, 0xFDBE, 0xFDBE, 0xFDBE, 0xFDBE, 
    0xFDBE, 0xFDBE, 0xFDBE, 0xFDBE, 0xFDBE, 0xFDBE, 0xFDBE, 0xFDBE, 0xFDBE, 0xFDBE, 0xFDBE, 0xFDBE, 
    0xFDBE, 0xFDBE, 0xFDBE, 0xFDBE, 0xFDBE, 0xFDBE, 0xFDBE, 0xFDBE, 0xFDBE, 0xFDBE, 0xFDBE, 0xFDBE, 
    0xFDBE, 0xFDBE, 0xFDBE, 0xFDBE, 0xFDBE, 0xFDBE, 0xFDBE, 0xFDBE, 0xFDBE, 0xFDBE, 0xFDBE, 0xFDBE, 
    0xFDBE, 0xFDBE, 0xFDBE, 0xFDBE, 0xFDBE, 0xFDBE, 0xFDBE, 0xFDBE, 0xFDBE, 0xFDBE, 0xFDBE, 0xFDBE, 
    0xFDBE, 0xFDBE, 0xFDBE, 0xFDBE, 0xFDBE, 0xFDBE, 0xFDBE, 0xFDBE, 0xFDBE, 0xFDBE, 0xFDBE, 0xFDBE, 
    0xFDBE, 0xFDBE, 0xFDBE, 0xFDBE, 0xFDBE, 0xFDBE, 0xFDBE, 0xFDBE, 0xFDBE, 0xFDBE, 0xFDBE, 0xFDBE, 
    0xFDBE, 0xFDBE, 0xFDBE, 0xFDBE, 0xFEB6, 0xFEBE, 0xFEBE, 0xFEBE, 0xFDBE, 0xFDBE, 0xFDBE, 0x1DB7, 
    0xFDBE, 0x1DB7, 0xFDB6, 0x3DBF, 0x17AE, 0xA96A, 0xAEAC, 0x13D6, 0xB3D5, 0xD3D5, 0xD3D5, 0xD3D5, 
    0xD3D5, 0xD3D5, 0xD3D5, 0xF3D5, 0x92CD, 0x6EAC, 0x6EAC, 0x6EAC, 0x6EB4, 0x6EAC, 0x6EAC, 0x6EAC, 
    0x6EAC, 0x6EAC, 0x6EAC, 0x6EAC, 0x6EAC, 0x6EAC, 0x6EAC, 0x6EAC, 0x6EAC, 0x6EAC, 0x6EAC, 0x6EB4, 
    0x6EAC, 0x6EAC, 0xAFB4, 0x2983, 0x2B6B, 0xBBBE, 0x1DBF, 0xFEB6, 0xFDBE, 0xFCBE, 0xFDBE, 0x1EB7, 
    0x1EB7, 0xFDBE, 0xFDBE, 0xFDBE, 0xFDBE, 0xFDBE, 0xFDBE, 0xFDBE, 0xFDBE, 0xFDBE, 0xFDBE, 0xFDBE, 
    0xFDBE, 0x3EB7, 0xD6A5, 0xA76A, 0xEC9B, 0x8FAC, 0x6EAC, 0x8DAC, 0x6EAC, 0x6EB4, 0x6EAC, 0x6EAC, 
    0x6EAC, 0x6EAC, 0x6EAC, 0x6EAC, 0x6EAC, 0x6EAC, 0x6EAC, 0x6EAC, 0x6EAC, 0x6EAC, 0x6EAC, 0x6EAC, 
    0x6EAC, 0x6EAC, 0x6EAC, 0x6EAC, 0x6EAC, 0x6DB4, 0x6EAC, 0x6EAC, 0x6EB4, 0x6EB4, 0x6EAC, 0x8EB4, 
    0x0BA4, 0xA862, 0x96A5, 0x3EC7, 0xFDB6, 0xFDBE, 0xFDBE, 0xFDBE, 0xFDBE, 0xFDBE, 0xFDBE, 0xFDBE, 
    0xFDBE, 0xFDBE, 0xFDBE, 0xFDBE, 0xFDBE, 0xFDBE, 0xFDBE, 0xFDBE, 0xFDBE, 0xFDBE, 0xFDBE, 0xFDBE, 
    0xFDBE, 0xFDBE, 0xFDBE, 0xFDBE, 0xFDBE, 0xFDBE, 0xFDBE, 0xFDBE, 0xFDBE, 0xFDBE, 0xFDBE, 0xFDBE, 
    0xFDBE, 0xFDBE, 0xFDBE, 0xFDBE, 0xFDBE, 0xFDBE, 0xFDBE, 0xFDBE, 0xFDBE, 0xFDBE, 0xFDBE, 0xFDBE, 
    0xFDBE, 0xFDBE, 0xFDBE, 0xFDBE, 0xFDBE, 0xFDBE, 0xFDBE, 0xFDBE, 0xFDBE, 0xFDBE, 0xFDBE, 0x1DBF, 
    0xDDB6, 0xF57C, 0xD895, 0x1EBF, 0xFDBE, 0xFDBE, 0xFDBE, 0xFDBE, 0xFDBE, 0xFDBE, 0xFDBE, 0xFDBE, 
    0xFDBE, 0xFDBE, 0xFDBE, 0xFDBE, 0xFDBE, 0xFDBE, 0xFDBE, 0xFDBE, 0xFDBE, 0xFDBE, 0xFDBE, 0xFDBE, 
    0xFDBE, 0xFDBE, 0xFDBE, 0xFDBE, 0xFDBE, 0xFDBE, 0xFDBE, 0xFDBE, 
    0x9BAE, 0x1DBF, 0xFDBE, 0xFDBE, 
    0xFDBE, 0xFDBE, 0xFDBE, 0xFDBE, 0xFDBE, 0xFDBE, 0xFDBE, 0xFDBE, 0xFDBE, 0xFDBE, 0xFDBE, 0xFDBE, 
    0xFDBE, 0xFDBE, 0xFDBE, 0xFDBE, 0xFDBE, 0xFDBE, 0xFDBE, 0xFDBE, 0xFDBE, 0xFDBE, 0xFDBE, 0xFDBE, 
    0xFDBE, 0xFDBE, 0xFDBE, 0xFDBE, 0xFDBE, 0xFDBE, 0xFDBE, 0xFDBE, 0xFDBE, 0xFDBE, 0xFDBE, 0xFDBE, 
    0xFDBE, 0xFDBE, 0xFDBE, 0xFDBE, 0xFDBE, 0xFDBE, 0xFDBE, 0xFDBE, 0xFDBE, 0xFDBE, 0xFDBE, 0xFDBE, 
    0xFDBE, 0xFDBE, 0xFDBE, 0xFDBE, 0xFDBE, 0xFDBE, 0xFDBE, 0xFDBE, 0xFDBE, 0xFDBE, 0xFDBE, 0xFDBE, 
    0xFDBE, 0xFDBE, 0xFDBE, 0xFDBE, 0xFDBE, 0xFDBE, 0xFDBE, 0xFDBE, 0xFDBE, 0xFDBE, 0xFDBE, 0xFDBE, 
    0xFDBE, 0xFDBE, 0xFDBE, 0xFDBE, 0xFDBE, 0xFDBE, 0xFDBE, 0xFDBE, 0xFDBE, 0xFDBE, 0xFDBE, 0xFDBE, 
    0xFDBE, 0xFDBE, 0xFDBE, 0xFDBE, 0xFDBE, 0xFDBE, 0xFDBE, 0x1EB7, 0x1EB7, 0xFDB6, 0xDDBE, 0x1EBF, 
    0x18AE, 0x896A, 0xCFAC, 0x33CE, 0xD3D5, 0xF3D5, 0xF2CD, 0xD3D5, 0xD3D5, 0xD3D5, 0xD3D5, 0xF3D5, 
    0x92CD, 0x6EAC, 0x6EAC, 0x6EAC, 0x6EB4, 0x6EAC, 0x6EAC, 0x6EAC, 0x6EAC, 0x6EAC, 0x6EAC, 0x6EAC, 
    0x6EAC, 0x6EAC, 0x6EAC, 0x6EAC, 0x6EAC, 0x6EAC, 0x6EAC, 0x6EB4, 0x6EAC, 0x6EAC, 0xAFB4, 0x2983, 
    0x2B6B, 0xBBBE, 0x1DBF, 0xFEB6, 0xFDBE, 0xFCBE, 0xFDBE, 0x1EB7, 0x1EB7, 0xFDBE, 0xFDBE, 0xFDBE, 
    0xFDBE, 0xFDBE, 0xFDBE, 0xFDBE, 0xFDBE, 0xFDBE, 0xFDBE, 0xFDBE, 0xFDBE, 0x3FB7, 0xD6A5, 0xA76A, 
    0xEC9B, 0x8FAC, 0x6DAC, 0x8DAC, 0x6EAC, 0x6EB4, 0x6EAC, 0x6EAC, 0x6EAC, 0x6EAC, 0x6EAC, 0x6EAC, 
    0x6EAC, 0x6EAC, 0x6EAC, 0x6EAC, 0x6EAC, 0x6EAC, 0x6EAC, 0x6EAC, 0x6EAC, 0x6EAC, 0x6EAC, 0x6EAC, 
    0x6EAC, 0x6DB4, 0x6EAC, 0x6EAC, 0x6EB4, 0x6EB4, 0x6EAC, 0x8EB4, 0x0BA4, 0xA862, 0x96A5, 0x3EBF, 
    0xFDB6, 0xFDBE, 0xFDBE, 0xFDBE, 0xFDBE, 0xFDBE, 0xFDBE, 0xFDBE, 0xFDBE, 0xFDBE, 0xFDBE, 0xFDBE, 
    0xFDBE, 0xFDBE, 0xFDBE, 0xFDBE, 0xFDBE, 0xFDBE, 0xFDBE, 0xFDBE, 0xFDBE, 0xFDBE, 0xFDBE, 0xFDBE, 
    0xFDBE, 0xFDBE, 0xFDBE, 0xFDBE, 0xFDBE, 0xFDBE, 0xFDBE, 0xFDBE, 0xFDBE, 0xFDBE, 0xFDBE, 0xFDBE, 
    0xFDBE, 0xFDBE, 0xFDBE, 0xFDBE, 0xFDBE, 0xFDBE, 0xFDBE, 0xFDBE, 0xFDBE, 0xFDBE, 0xFDBE, 0xFDBE, 
    0xFDBE, 0xFDBE, 0xFDBE, 0xFDBE, 0xFDBE, 0xFDBE, 0xFDBE, 0x1DBF, 0xDDB6, 0xF57C, 0xD895, 0x1EBF, 
    0xFDBE, 0xFDBE, 0xFDBE, 0xFDBE, 0xFDBE, 0xFDBE, 0xFDBE, 0xFDBE, 0xFDBE, 0xFDBE, 0xFDBE, 0xFDBE, 
    0xFDBE, 0xFDBE, 0xFDBE, 0xFDBE, 0xFDBE, 0xFDBE, 0xFDBE, 0xFDBE, 0xFDBE, 0xFDBE, 0xFDBE, 0xFDBE, 
    0xFDBE, 0xFDBE, 0xFDBE, 0xFDBE, 
    0x9BAE, 0x1DBF, 0xFDBE, 0xFDBE, 0xFDBE, 0xFDBE, 0xFDBE, 0xFDBE, 
    0xFDBE, 0xFDBE, 0xFDBE, 0xFDBE, 0xFDBE, 0xFDBE, 0xFDBE, 0xFDBE, 0xFDBE, 0xFDBE, 0xFDBE, 0xFDBE, 
    0xFDBE, 0xFDBE, 0xFDBE, 0xFDBE, 0xFDBE, 0xFDBE, 0xFDBE, 0xFDBE, 0xFDBE, 0xFDBE, 0xFDBE, 0xFDBE, 
    0xFDBE, 0xFDBE, 0xFDBE, 0x1DBF, 0x1EB7, 0x1EB7, 0x1EB7, 0xFDBE, 0xFDBE, 0xFDBE, 0xFDBE, 0xFDBE, 
    0xFDBE, 0xFDBE, 0xFDBE, 0xFDBE, 0xFDBE, 0xFDBE, 0xFDBE, 0xFDBE, 0xFDBE, 0xFDBE, 0xFDBE, 0xFDBE, 
    0xFDBE, 0xFDBE, 0xFDBE, 0xFDBE, 0xFDBE, 0xFDBE, 0xFDBE, 0xFDBE, 0xFDBE, 0xFDBE, 0xFDBE, 0xFDBE, 
    0xFDBE, 0xFDBE, 0xFDBE, 0xFDBE, 0xFDBE, 0xFDBE, 0xFDBE, 0xFDBE, 0xFDBE, 0xFDBE, 0xFDBE, 0xFDBE, 
    0xFDBE, 0xFDBE, 0xFDBE, 0xFDBE, 0xFDBE, 0xFDBE, 0xFDBE, 0xFDBE, 0xFDBE, 0xFDBE, 0xFDBE, 0xFDBE, 
    0xFDBE, 0xFDBE, 0xFDBE, 0xFDBE, 0xFDBE, 0xFDBE, 0xDCBE, 0x3DBF, 0x17AE, 0xA862, 0x8EB4, 0x13DE, 
    0xD2D5, 0xD2D5, 0xB2DD, 0xD3D5, 0xF3CD, 0xF3CD, 0xF3CD, 0xF3D5, 0x92CD, 0x8EAC, 0x6EAC, 0x6EAC, 
    0x6EAC, 0x6EAC, 0x6EAC, 0x6EAC, 0x6EAC, 0x6EAC, 0x6EAC, 0x6EAC, 0x6EAC, 0x6EAC, 0x6EAC, 0x6EB4, 
    0x6EB4, 0x6EB4, 0x6EAC, 0x6EAC, 0x6EAC, 0x6EAC, 0xAFB4, 0x298B, 0x2B6B, 0xBBBE, 0x1CC7, 0xFDB6, 
    0x1DB7, 0xFDBE, 0xFDBE, 0xFDBE, 0xFDBE, 0xFDBE, 0xFDBE, 0xFDBE, 0xFDBE, 0xFDBE, 0xFDBE, 0xFDBE, 
    0xFDBE, 0xFDBE, 0xFDBE, 0xFDBE, 0xFDB6, 0x3DBF, 0xD6AD, 0x886A, 0xEC9B, 0x8EAC, 0x6DAC, 0x6DB4, 
    0x4EB4, 0x6EB4, 0x6EAC, 0x6EAC, 0x6EAC, 0x6EAC, 0x6EAC, 0x6EAC, 0x6EAC, 0x6EAC, 0x6EAC, 0x6EAC, 
    0x6EAC, 0x6EAC, 0x6EAC, 0x6EAC, 0x6EAC, 0x6EAC, 0x6EAC, 0x6EAC, 0x6EAC, 0x6EAC, 0x6EAC, 0x6EAC, 
    0x6EAC, 0x6EAC, 0x6EAC, 0x8DBC, 0xEBA3, 0xA862, 0x96A5, 0x3EC7, 0xFDB6, 0xFDBE, 0xFDBE, 0xFDBE, 
    0xFDBE, 0xFDBE, 0xFDBE, 0xFDBE, 0xFDBE, 0xFDBE, 0xFDBE, 0xFDBE, 0xFDBE, 0xFDBE, 0xFDBE, 0xFDBE, 
    0xFDBE, 0xFDBE, 0xFDBE, 0xFDBE, 0xFDBE, 0xFDBE, 0xFDBE, 0xFDBE, 0xFDBE, 0xFDBE, 0xFDBE, 0xFDBE, 
    0xFDBE, 0xFDBE, 0xFDBE, 0xFDBE, 0xFDBE, 0xFDBE, 0xFDBE, 0xFDBE, 0xFDBE, 0xFDBE, 0xFDBE, 0xFDBE, 
    0xFDBE, 0xFDBE, 0xFDBE, 0xFDBE, 0xFDBE, 0xFDBE, 0xFDBE, 0xFDBE, 0xFDBE, 0xFDBE, 0xFDBE, 0xFDBE, 
    0xFDBE, 0xFDBE, 0xFDBE, 0x1DBF, 0xDDB6, 0xF574, 0xD995, 0x1EBF, 0xFDB6, 0xFDBE, 0xFDBE, 0xFDBE, 
    0xFDBE, 0xFDBE, 0xFDBE, 0xFDBE, 0xFDBE, 0xFDBE, 0xFDBE, 0xFDBE, 0xFDBE, 0xFDBE, 0xFDBE, 0xFDBE, 
    0xFDBE, 0xFDBE, 0xFDBE, 0xFDBE, 0xFDBE, 0xFDBE, 0xFDBE, 0xFDBE, 0xFDBE, 0xFDBE, 0xFDBE, 0xFDBE, 
    
    0x9BAE, 0x1DBF, 0xFDBE, 0xFDBE, 0xFDBE, 0xFDBE, 0xFDBE, 0xFDBE, 0xFDBE, 0xFDBE, 0xFDBE, 0xFDBE, 
    0xFDBE, 0xFDBE, 0xFDBE, 0xFDBE, 0xFDBE, 0xFDBE, 0xFDBE, 0xFDBE, 0xFDBE, 0xFDBE, 0xFDBE, 0xFDBE, 
    0xFDBE, 0xFDBE, 0xFDBE, 0xFDBE, 0xFDBE, 0xFDBE, 0xFDBE, 0xFDBE, 0xFDBE, 0xFDBE, 0xFDBE, 0xFDBE, 
    0xFDBE, 0xFDB6, 0xFDB6, 0xFDBE, 0xFDBE, 0xFDBE, 0xFDBE, 0xFDBE, 0xFDBE, 0xFDBE, 0xFDBE, 0xFDBE, 
    0xFDBE, 0xFDBE, 0xFDBE, 0xFDBE, 0xFDBE, 0xFDBE, 0xFDBE, 0xFDBE, 0xFDBE, 0xFDBE, 0xFDBE, 0xFDBE, 
    0xFDBE, 0xFDBE, 0xFDBE, 0xFDBE, 0xFDBE, 0xFDBE, 0xFDBE, 0xFDBE, 0xFDBE, 0xFDBE, 0xFDBE, 0xFDBE, 
    0xFDBE, 0xFDBE, 0xFDBE, 0xFDBE, 0xFDBE, 0xFDBE, 0xFDBE, 0xFDBE, 0xFDBE, 0xFDBE, 0xFDBE, 0xFDBE, 
    0xFDBE, 0xFDBE, 0xFDBE, 0xFDBE, 0xFDBE, 0xFDBE, 0xFDBE, 0xFDBE, 0xFDBE, 0xFDBE, 0xFDBE, 0xFDBE, 
    0xFDBE, 0xFDBE, 0xFEB6, 0x3EB7, 0x18A6, 0xC95A, 0x8FAC, 0x14D6, 0xF3C5, 0xF4C5, 0xD3D5, 0xD3D5, 
    0xD3CD, 0xD3D5, 0xD3D5, 0xD3D5, 0x72CD, 0x6EAC, 0x6EB4, 0x6EAC, 0x6EB4, 0x6EAC, 0x6EAC, 0x6EAC, 
    0x6EAC, 0x6EAC, 0x6EAC, 0x6EAC, 0x6EAC, 0x6EAC, 0x6EAC, 0x6EAC, 0x6EAC, 0x6EAC, 0x6EAC, 0x6EAC, 
    0x6EAC, 0x6EAC, 0xAFB4, 0x2983, 0x4B6B, 0xDBBE, 0x1CC7, 0xFDBE, 0x1DB7, 0xFDB6, 0xFDBE, 0xFDBE, 
    0xFDBE, 0xFDBE, 0xFDBE, 0xFDBE, 0xFDBE, 0xFDBE, 0xFDBE, 0xFDBE, 0xFDBE, 0xFDBE, 0xFDBE, 0xFDBE, 
    0xFEAE, 0x3EBF, 0xB7AD, 0x8A62, 0xED93, 0xAFA4, 0x8FA4, 0x6FAC, 0x6FAC, 0x8FA4, 0x6EAC, 0x6EAC, 
    0x6EAC, 0x6EAC, 0x6EAC, 0x6EAC, 0x6EAC, 0x6EAC, 0x6EAC, 0x6EAC, 0x6EAC, 0x6EAC, 0x6EAC, 0x6EAC, 
    0x6EAC, 0x6EAC, 0x6EAC, 0x6EAC, 0x6EAC, 0x8EAC, 0x6EAC, 0x6EAC, 0x6FAC, 0x6FAC, 0x6EAC, 0x8DB4, 
    0x0CA4, 0xA85A, 0xB6A5, 0x3EC7, 0xFDB6, 0xFDBE, 0xFDBE, 0xFDBE, 0xFDBE, 0xFDBE, 0xFDBE, 0xFDBE, 
    0xFDBE, 0xFDBE, 0xFDBE, 0xFDBE, 0xFDBE, 0xFDBE, 0xFDBE, 0xFDBE, 0xFDBE, 0xFDBE, 0xFDBE, 0xFDBE, 
    0xFDBE, 0xFDBE, 0xFDBE, 0xFDBE, 0xFDBE, 0xFDBE, 0xFDBE, 0xFDBE, 0xFDBE, 0xFDBE, 0xFDBE, 0xFDBE, 
    0xFDBE, 0xFDBE, 0xFDBE, 0xFDBE, 0xFDBE, 0xFDBE, 0xFDBE, 0xFDBE, 0xFDBE, 0xFDBE, 0xFDBE, 0xFDBE, 
    0xFDBE, 0xFDBE, 0xFDBE, 0xFDBE, 0xFDBE, 0xFDBE, 0xFDBE, 0xFDBE, 0xFDBE, 0xFDBE, 0xFDBE, 0x1DBF, 
    0xDDB6, 0xF574, 0xD98D, 0x1EBF, 0xFDB6, 0xFDBE, 0xFDBE, 0xFDBE, 0xFDBE, 0xFDBE, 0xFDBE, 0xFDBE, 
    0xFDBE, 0xFDBE, 0xFDBE, 0xFDBE, 0xFDBE, 0xFDBE, 0xFDBE, 0xFDBE, 0xFDBE, 0xFDBE, 0xFDBE, 0xFDBE, 
    0xFDBE, 0xFDBE, 0xFDBE, 0xFDBE, 0xFDBE, 0xFDBE, 0xFDBE, 0xFDBE, 
    0x9BAE, 0x1DBF, 0xFDBE, 0xFDBE, 
    0xFDBE, 0xFDBE, 0xFDBE, 0xFDBE, 0xFDBE, 0xFDBE, 0xFDBE, 0xFDBE, 0xFDBE, 0xFDBE, 0xFDBE, 0xFDBE, 
    0xFDBE, 0xFDBE, 0xFDBE, 0xFDBE, 0xFDBE, 0xFDBE, 0xFDBE, 0xFDBE, 0xFDBE, 0xFDBE, 0xFDBE, 0xFDBE, 
    0xFDBE, 0xFDBE, 0xFDBE, 0xFDBE, 0xFDBE, 0xFDBE, 0xFDBE, 0xFDBE, 0xFDBE, 0xFDBE, 0xFCBE, 0x1DBF, 
    0x1DBF, 0x1DBF, 0x1DB7, 0x1DB7, 0x1DB7, 0x1DB7, 0x1DB7, 0x1DB7, 0x1DB7, 0xFDBE, 0xFDBE, 0xFDBE, 
    0xFDBE, 0xFDBE, 0xFDBE, 0xFDBE, 0xFDBE, 0xFDBE, 0xFDBE, 0xFDBE, 0xFDBE, 0xFDBE, 0xFDBE, 0xFDBE, 
    0xFDBE, 0xFDBE, 0xFDBE, 0xFDBE, 0xFDBE, 0xFDBE, 0xFDBE, 0xFDBE, 0xFDBE, 0xFDBE, 0xFDBE, 0xFDBE, 
    0xFDBE, 0xFDBE, 0xFDBE, 0xFDBE, 0xFDBE, 0xFDBE, 0xFDBE, 0xFDBE, 0xFDBE, 0xFDBE, 0xFDBE, 0xFDBE, 
    0xFDBE, 0xFDBE, 0xFDBE, 0xFDBE, 0xFDBE, 0xFDBE, 0xFDBE, 0xFDBE, 0xFDBE, 0xFDBE, 0xDDBE, 0x1EC7, 
    0xF8AD, 0xA962, 0x8EB4, 0x13DE, 0x13CE, 0x14CE, 0xF3D5, 0xD3DD, 0xD3DD, 0xD3DD, 0xD3DD, 0xD3DD, 
    0x92D5, 0x4DB4, 0x6EB4, 0x6EB4, 0x6EB4, 0x6EB4, 0x8EB4, 0x6EB4, 0x6EB4, 0x6EB4, 0x8EB4, 0x8EB4, 
    0x8EB4, 0x8EB4, 0x8EB4, 0x6EB4, 0x6EB4, 0x6EB4, 0x6EB4, 0x8EB4, 0x6EB4, 0x6EB4, 0xAFBC, 0x288B, 
    0x2B6B, 0xBBBE, 0x1CC7, 0xFDBE, 0xFDBE, 0xFDBE, 0xFDBE, 0xFDBE, 0xFDBE, 0xFDBE, 0xFDBE, 0xFDBE, 
    0xFDBE, 0xFDBE, 0xFDBE, 0xFDBE, 0xFDBE, 0xFDBE, 0xFDBE, 0xFDBE, 0xFEBE, 0x1DC7, 0x96AD, 0x886A, 
    0xEDA3, 0xAEAC, 0xAEAC, 0x8EB4, 0x8EAC, 0xAEAC, 0x8EB4, 0x8EB4, 0x8EB4, 0x8EB4, 0x8EB4, 0x8EB4, 
    0x8EB4, 0x8EB4, 0x8EB4, 0x8EB4, 0x8EB4, 0x8EB4, 0x8EB4, 0x8EB4, 0x8EB4, 0x8EB4, 0x8EB4, 0x8EB4, 
    0x8EB4, 0x8EB4, 0x8EB4, 0x8EB4, 0x8EB4, 0x8FAC, 0x6EB4, 0x8DBC, 0x0CA4, 0xA862, 0x95AD, 0x3EC7, 
    0xFDB6, 0xFDBE, 0xFDBE, 0xFDBE, 0xFDBE, 0xFDBE, 0xFDBE, 0xFDBE, 0xFDBE, 0xFDBE, 0xFDBE, 0xFDBE, 
    0xFDBE, 0xFDBE, 0xFDBE, 0xFDBE, 0xFDBE, 0xFDBE, 0xFDBE, 0xFDBE, 0xFDBE, 0xFDBE, 0xFDBE, 0xFDBE, 
    0xFDBE, 0xFDBE, 0xFDBE, 0xFDBE, 0xFDBE, 0xFDBE, 0xFDBE, 0xFDBE, 0xFDBE, 0xFDBE, 0xFDBE, 0xFDBE, 
    0xFDBE, 0xFDBE, 0xFDBE, 0xFDBE, 0xFDBE, 0xFDBE, 0xFDBE, 0xFDBE, 0xFDBE, 0xFDBE, 0xFDBE, 0xFDBE, 
    0xFDBE, 0xFDBE, 0xFDBE, 0xFDBE, 0xFDBE, 0xFDBE, 0xFDBE, 0x1DBF, 0xDDB6, 0xF574, 0xD98D, 0x1EBF, 
    0xFDB6, 0xFDBE, 0xFDBE, 0xFDBE, 0xFDBE, 0xFDBE, 0xFDBE, 0xFDBE, 0xFDBE, 0xFDBE, 0xFDBE, 0xFDBE, 
    0xFDBE, 0xFDBE, 0xFDBE, 0xFDBE, 0xFDBE, 0xFDBE, 0xFDBE, 0xFDBE, 0xFDBE, 0xFDBE, 0xFDBE, 0xFDBE, 
    0xFDBE, 0xFDBE, 0xFDBE, 0xFDBE, 
    0x9BAE, 0x1DBF, 0xFDBE, 0xFDBE, 0xFDBE, 0xFDBE, 0xFDBE, 0xFDBE, 
    0xFDBE, 0xFDBE, 0xFDBE, 0xFDBE, 0xFDBE, 0xFDBE, 0xFDBE, 0xFDBE, 0xFDBE, 0xFDBE, 0xFDBE, 0xFDBE, 
    0xFDBE, 0xFDBE, 0xFDBE, 0xFDBE, 0xFDBE, 0xFDBE, 0xFDBE, 0xFDBE, 0xFDBE, 0xFDBE, 0xFDBE, 0xFDBE, 
    0xFDBE, 0xFDBE, 0xFDBE, 0xFDBE, 0xFCBE, 0xFCBE, 0xFCBE, 0xFCBE, 0xFDBE, 0xFDBE, 0xFDBE, 0xFDBE, 
    0x1DB7, 0x1DB7, 0x1DB7, 0x1DB7, 0x1DB7, 0xFDBE, 0xFDBE, 0xFDBE, 0xFDBE, 0xFDBE, 0xFDBE, 0xFDBE, 
    0xFDBE, 0xFDBE, 0xFDBE, 0xFDBE, 0xFDBE, 0xFDBE, 0xFDBE, 0xFDBE, 0xFDBE, 0xFDBE, 0xFDBE, 0xFDBE, 
    0xFDBE, 0xFDBE, 0xFDBE, 0xFDBE, 0xFDBE, 0xFDBE, 0xFDBE, 0xFDBE, 0xFDBE, 0xFDBE, 0xFDBE, 0xFDBE, 
    0xFDBE, 0xFDBE, 0xFDBE, 0xFDBE, 0xFDBE, 0xFDBE, 0xFDBE, 0xFDBE, 0xFDBE, 0xFDBE, 0xFDBE, 0xFDBE, 
    0xFDBE, 0xFDBE, 0xFDBE, 0xFDBE, 0xFDBE, 0xFDBE, 0xDDBE, 0x1DC7, 0x18B6, 0xA862, 0x6DB4, 0xD2DD, 
    0xB2CD, 0xD2CD, 0xB2D5, 0xB2CD, 0xB2CD, 0xB2CD, 0xB2CD, 0xB2CD, 0x71C5, 0x6EA4, 0x6EA4, 0x6EA4, 
    0x6EA4, 0x4EAC, 0x4EAC, 0x4EAC, 0x4DAC, 0x4DAC, 0x4DAC, 0x4DAC, 0x4DA4, 0x4DA4, 0x4DA4, 0x4DA4, 
    0x4DA4, 0x4DA4, 0x4DA4, 0x4DA4, 0x4DA4, 0x4DA4, 0x6EAC, 0x0883, 0x4B6B, 0xBBBE, 0x1DC7, 0xFDBE, 
    0xFDBE, 0xFDBE, 0xFDBE, 0xFDBE, 0xFDBE, 0x1DBF, 0xFDBE, 0xFDBE, 0xFDBE, 0xFDBE, 0xFDBE, 0xFDBE, 
    0xFDBE, 0xFDBE, 0xFDBE, 0xFDBE, 0xFDB6, 0x3DC7, 0xD6AD, 0xA86A, 0xAB9B, 0x6DAC, 0x4CA4, 0x2CAC, 
    0x2DAC, 0x4DA4, 0x4DA4, 0x4DA4, 0x4DA4, 0x4DA4, 0x4DA4, 0x4DA4, 0x4DA4, 0x4DA4, 0x4DA4, 0x4DA4, 
    0x4DA4, 0x4DA4, 0x4DA4, 0x4DA4, 0x4DA4, 0x4DA4, 0x4DA4, 0x4DA4, 0x4DA4, 0x4DA4, 0x4DA4, 0x4DAC, 
    0x4DA4, 0x4EA4, 0x2DA4, 0x4DAC, 0xCB9B, 0xC962, 0x95A5, 0x3EC7, 0xFDB6, 0xFDBE, 0xFDBE, 0xFDBE, 
    0xFDBE, 0xFDBE, 0xFDBE, 0xFDBE, 0xFDBE, 0xFDBE, 0xFDBE, 0xFDBE, 0xFDBE, 0xFDBE, 0xFDBE, 0xFDBE, 
    0xFDBE, 0xFDBE, 0xFDBE, 0xFDBE, 0xFDBE, 0xFDBE, 0xFDBE, 0xFDBE, 0xFDBE, 0xFDBE, 0xFDBE, 0xFDBE, 
    0xFDBE, 0xFDBE, 0xFDBE, 0xFDBE, 0xFDBE, 0xFDBE, 0xFDBE, 0xFDBE, 0xFDBE, 0xFDBE, 0xFDBE, 0xFDBE, 
    0xFDBE, 0xFDBE, 0xFDBE, 0xFDBE, 0xFDBE, 0xFDBE, 0xFDBE, 0xFDBE, 0xFDBE, 0xFDBE, 0xFDBE, 0xFDBE, 
    0xFDBE, 0xFDBE, 0xFDBE, 0x1DBF, 0xDDB6, 0xF574, 0xD98D, 0x1EBF, 0xFDB6, 0xFDBE, 0xFDBE, 0xFDBE, 
    0xFDBE, 0xFDBE, 0xFDBE, 0xFDBE, 0xFDBE, 0xFDBE, 0xFDBE, 0xFDBE, 0xFDBE, 0xFDBE, 0xFDBE, 0xFDBE, 
    0xFDBE, 0xFDBE, 0xFDBE, 0xFDBE, 0xFDBE, 0xFDBE, 0xFDBE, 0xFDBE, 0xFDBE, 0xFDBE, 0xFDBE, 0xFDBE, 
    
    0x9BAE, 0x1DBF, 0xFDBE, 0xFDBE, 0xFDBE, 0xFDBE, 0xFDBE, 0xFDBE, 0xFDBE, 0xFDBE, 0xFDBE, 0xFDBE, 
    0xFDBE, 0xFDBE, 0xFDBE, 0xFDBE, 0xFDBE, 0xFDBE, 0xFDBE, 0xFDBE, 0xFDBE, 0xFDBE, 0xFDBE, 0xFDBE, 
    0xFDBE, 0xFDBE, 0xFDBE, 0xFDBE, 0xFDBE, 0xFDBE, 0xFDBE, 0xFDBE, 0xFDBE, 0xFDBE, 0xFDBE, 0xFDBE, 
    0xFDBE, 0xFDBE, 0xFDBE, 0xFDBE, 0xFDBE, 0xFDBE, 0xFDBE, 0xFDBE, 0xFDBE, 0xFDBE, 0xFDBE, 0xFDBE, 
    0xFDBE, 0xFDBE, 0xFDBE, 0xFDBE, 0xFDBE, 0xFDBE, 0xFDBE, 0xFDBE, 0xFDBE, 0xFDBE, 0xFDBE, 0xFDBE, 
    0xFDBE, 0xFDBE, 0xFDBE, 0xFDBE, 0xFDBE, 0xFDBE, 0xFDBE, 0xFDBE, 0xFDBE, 0xFDBE, 0xFDBE, 0xFDBE, 
    0xFDBE, 0xFDBE, 0xFDBE, 0xFDBE, 0xFDBE, 0xFDBE, 0xFDBE, 0xFDBE, 0xFDBE, 0xFDBE, 0xFDBE, 0xFDBE, 
    0xFDBE, 0xFDBE, 0xFDBE, 0xFDBE, 0xFDBE, 0xFDBE, 0xFDBE, 0xFDBE, 0xFDBE, 0xFDBE, 0xFDBE, 0xFDBE, 
    0xFDBE, 0x1DB7, 0x1DAF, 0x3DBF, 0x18AE, 0xC962, 0xE87A, 0x4983, 0x297B, 0x2A7B, 0x2983, 0x297B, 
    0x287B, 0x287B, 0x287B, 0x287B, 0x2873, 0xE772, 0xE772, 0xE772, 0xE772, 0xC872, 0xC772, 0xC772, 
    0xC772, 0xC772, 0xC772, 0xA772, 0xA772, 0xA772, 0xA772, 0xA772, 0xA772, 0xA772, 0xA772, 0xC772, 
    0xA76A, 0xA76A, 0xA76A, 0x8672, 0x4B6B, 0xBBBE, 0x1DC7, 0xFDBE, 0xFDBE, 0xFDBE, 0xFDBE, 0xFDBE, 
    0x1DBF, 0x1DB7, 0xFDBE, 0xFDBE, 0xFDBE, 0xFDBE, 0xFDBE, 0xFDBE, 0xFDBE, 0xFDBE, 0xFDBE, 0xFDBE, 
    0x1EAF, 0x5DBF, 0xD69D, 0x885A, 0xA76A, 0xC76A, 0xA772, 0x8772, 0x8772, 0xA76A, 0xA76A, 0xA76A, 
    0xA76A, 0xA76A, 0xA76A, 0xA76A, 0xA76A, 0xA76A, 0xA76A, 0xA76A, 0xA76A, 0xA76A, 0xA76A, 0xA76A, 
    0xA76A, 0xA76A, 0xA76A, 0xA76A, 0xA76A, 0xA76A, 0xA772, 0xA672, 0xA76A, 0xA76A, 0xA76A, 0xA672, 
    0xA772, 0xA862, 0x95AD, 0x3EC7, 0xFDB6, 0xFDBE, 0xFDBE, 0xFDBE, 0xFDBE, 0xFDBE, 0xFDBE, 0xFDBE, 
    0xFDBE, 0xFDBE, 0xFDBE, 0xFDBE, 0xFDBE, 0xFDBE, 0xFDBE, 0xFDBE, 0xFDBE, 0xFDBE, 0xFDBE, 0xFDBE, 
    0xFDBE, 0xFDBE, 0xFDBE, 0xFDBE, 0xFDBE, 0xFDBE, 0xFDBE, 0xFDBE, 0xFDBE, 0xFDBE, 0xFDBE, 0xFDBE, 
    0xFDBE, 0xFDBE, 0xFDBE, 0xFDBE, 0xFDBE, 0xFDBE, 0xFDBE, 0xFDBE, 0xFDBE, 0xFDBE, 0xFDBE, 0xFDBE, 
    0xFDBE, 0xFDBE, 0xFDBE, 0xFDBE, 0xFDBE, 0xFDBE, 0xFDBE, 0xFDBE, 0xFDBE, 0xFDBE, 0xFDBE, 0x1DBF, 
    0xDDB6, 0xF574, 0xD98D, 0x1EBF, 0xFDB6, 0xFDBE, 0xFDBE, 0xFDBE, 0xFDBE, 0xFDBE, 0xFDBE, 0xFDBE, 
    0xFDBE, 0xFDBE, 0xFDBE, 0xFDBE, 0xFDBE, 0xFDBE, 0xFDBE, 0xFDBE, 0xFDBE, 0xFDBE, 0xFDBE, 0xFDBE, 
    0xFDBE, 0xFDBE, 0xFDBE, 0xFDBE, 0xFDBE, 0xFDBE, 0xFDBE, 0xFDBE, 
    0x9BAE, 0x1DBF, 0xFDBE, 0xFDBE, 
    0xFDBE, 0xFDBE, 0xFDBE, 0xFDBE, 0xFDBE, 0xFDBE, 0xFDBE, 0xFDBE, 0xFDBE, 0xFDBE, 0xFDBE, 0xFDBE, 
    0xFDBE, 0xFDBE, 0xFDBE, 0xFDBE, 0xFDBE, 0xFDBE, 0xFDBE, 0xFDBE, 0xFDBE, 0xFDBE, 0xFDBE, 0xFDBE, 
    0xFDBE, 0xFDBE, 0xFDBE, 0xFDBE, 0xFDBE, 0xFDB6, 0x1EBF, 0x3EBF, 0x1EB7, 0x1EBF, 0x1EBF, 0x1EBF, 
    0x1EBF, 0xFEBE, 0x1EBF, 0x1EBF, 0xFDBE, 0xFDBE, 0xFDBE, 0xFDBE, 0xFDBE, 0xFDBE, 0xFDBE, 0xFDBE, 
    0xFDBE, 0xFDBE, 0xFDBE, 0xFDBE, 0xFDBE, 0xFDBE, 0xFDBE, 0xFDBE, 0xFDBE, 0xFDBE, 0xFDBE, 0xFDBE, 
    0xFDBE, 0xFDBE, 0xFDBE, 0xFDBE, 0xFDBE, 0xFDBE, 0xFDBE, 0xFDBE, 0xFDBE, 0xFDBE, 0xFDBE, 0xFDBE, 
    0xFDBE, 0xFDBE, 0xFDBE, 0xFDBE, 0xFDBE, 0xFDBE, 0xFDBE, 0xFDBE, 0xFDBE, 0xFDBE, 0xFDBE, 0xFDBE, 
    0xFDBE, 0xFDBE, 0xFDBE, 0xFDBE, 0xFDBE, 0xFDBE, 0xFDBE, 0xFDBE, 0xFDBE, 0x1DBF, 0x1CB7, 0x1CBF, 
    0x79BE, 0x4A6B, 0x455A, 0x4562, 0x4662, 0x4662, 0x4662, 0x4662, 0x4662, 0x6662, 0x6662, 0x4662, 
    0x6662, 0x6662, 0x6662, 0x666A, 0x666A, 0x6662, 0x6662, 0x6662, 0x6662, 0x6662, 0x6662, 0x6662, 
    0x6662, 0x8662, 0x8662, 0x8662, 0x8662, 0x8762, 0x8762, 0x8762, 0x8662, 0x876A, 0x876A, 0x4562, 
    0x2B63, 0xBCB6, 0xFDC6, 0xFDBE, 0xFDBE, 0xFDBE, 0xFDBE, 0xFDBE, 0x1DBF, 0x1DB7, 0xFDBE, 0xFDBE, 
    0xFDBE, 0xFDBE, 0xFDBE, 0xFDBE, 0xFDBE, 0xFDBE, 0xFDBE, 0xFDBE, 0xFDB6, 0x3CBF, 0x58B6, 0x8C7B, 
    0x6762, 0xA762, 0x8762, 0x676A, 0x876A, 0x8762, 0x876A, 0x876A, 0x876A, 0x876A, 0x876A, 0x876A, 
    0x876A, 0x876A, 0x876A, 0x876A, 0x8662, 0xA76A, 0x8762, 0xA76A, 0x8662, 0x8762, 0x8762, 0x8762, 
    0x8762, 0x8762, 0x866A, 0x866A, 0x876A, 0x8762, 0x8762, 0x866A, 0x8662, 0x885A, 0x75AD, 0x3EC7, 
    0xFDB6, 0xFDBE, 0xFDBE, 0xFDBE, 0xFDBE, 0xFDBE, 0xFDBE, 0xFDBE, 0xFDBE, 0xFDBE, 0xFDBE, 0xFDBE, 
    0xFDBE, 0xFDBE, 0xFDBE, 0xFDBE, 0xFDBE, 0xFDBE, 0xFDBE, 0xFDBE, 0xFDBE, 0xFDBE, 0xFDBE, 0xFDBE, 
    0xFDBE, 0xFDBE, 0xFDBE, 0xFDBE, 0xFDBE, 0xFDBE, 0xFDBE, 0xFDBE, 0xFDBE, 0xFDBE, 0xFDBE, 0xFDBE, 
    0xFDBE, 0xFDBE, 0xFDBE, 0xFDBE, 0xFDBE, 0xFDBE, 0xFDBE, 0xFDBE, 0xFDBE, 0xFDBE, 0xFDBE, 0xFDBE, 
    0xFDBE, 0xFDBE, 0xFDBE, 0xFDBE, 0xFDBE, 0xFDBE, 0xFDBE, 0x1DBF, 0xDDB6, 0xF574, 0xD98D, 0x1EBF, 
    0xFDB6, 0xFDBE, 0xFDBE, 0xFDBE, 0xFDBE, 0xFDBE, 0xFDBE, 0xFDBE, 0xFDBE, 0xFDBE, 0xFDBE, 0xFDBE, 
    0xFDBE, 0xFDBE, 0xFDBE, 0xFDBE, 0xFDBE, 0xFDBE, 0xFDBE, 0xFDBE, 0xFDBE, 0xFDBE, 0xFDBE, 0xFDBE, 
    0xFDBE, 0xFDBE, 0xFDBE, 0xFDBE, 
    0x9BAE, 0x1DBF, 0xFDBE, 0xFDBE, 0xFDBE, 0xFDBE, 0xFDBE, 0xFDBE, 
    0xFDBE, 0xFDBE, 0xFDBE, 0xFDBE, 0xFDBE, 0xFDBE, 0xFDBE, 0xFDBE, 0xFDBE, 0xFDBE, 0xFDBE, 0xFDBE, 
    0xFDBE, 0xFDBE, 0xFDBE, 0xFDBE, 0xFDBE, 0xFDBE, 0xFDBE, 0xFDBE, 0xFDBE, 0xFDBE, 0xFDBE, 0xFDBE, 
    0x1DBF, 0x1EB7, 0x7BA6, 0x5B9E, 0x9CA6, 0x9CA6, 0xBCAE, 0xBCA6, 0x9CA6, 0xBCAE, 0x9CAE, 0x9CAE, 
    0xBCAE, 0xFDB6, 0x1DBF, 0xFDBE, 0x1DBF, 0xFDBE, 0xFDBE, 0xFDBE, 0xFDBE, 0xFDBE, 0xFDBE, 0xFDBE, 
    0xFDBE, 0xFDBE, 0xFDBE, 0xFDBE, 0xFDBE, 0xFDBE, 0xFDBE, 0xFDBE, 0xFDBE, 0xFDBE, 0xFDBE, 0xFDBE, 
    0xFDBE, 0xFDBE, 0xFDBE, 0xFDBE, 0xFDBE, 0xFDBE, 0xFDBE, 0xFDBE, 0xFDBE, 0xFDBE, 0xFDBE, 0xFDBE, 
    0xFDBE, 0xFDBE, 0xFDBE, 0xFDBE, 0xFDBE, 0xFDBE, 0xFDBE, 0xFDBE, 0xFDBE, 0xFDBE, 0xFDBE, 0xFDBE, 
    0xFDBE, 0xFDBE, 0xFDBE, 0xFDBE, 0xFDBE, 0xFDB6, 0x1EB7, 0xFEB6, 0xFEC6, 0xD7AD, 0x339D, 0x74A5, 
    0x759D, 0x559D, 0x749D, 0x759D, 0x769D, 0x317C, 0x727C, 0x96A5, 0x96A5, 0x96A5, 0x96A5, 0x96A5, 
    0x96A5, 0x969D, 0x969D, 0xB7A5, 0xB7A5, 0xB7A5, 0xB7A5, 0xB7A5, 0xB7A5, 0xB7A5, 0xB7A5, 0xD7A5, 
    0xD7A5, 0xD7A5, 0xD7A5, 0xD7A5, 0xD7A5, 0xF8AD, 0xF8AD, 0x969D, 0x979D, 0xDCBE, 0xFDBE, 0xFDBE, 
    0xFDB6, 0x1DBF, 0xFDBE, 0xFDBE, 0xFDBE, 0x1DBF, 0xFDBE, 0xFDBE, 0xFDBE, 0xFDBE, 0xFDBE, 0xFDBE, 
    0xFDBE, 0xFDBE, 0xFDBE, 0xFDBE, 0xFFBE, 0xFEB6, 0x1DC7, 0x7ABE, 0xD7AD, 0xF7AD, 0xF7AD, 0xF7AD, 
    0xF7AD, 0x17A6, 0xF8AD, 0xF8AD, 0xF8AD, 0xF8AD, 0xF8AD, 0xF8AD, 0xF8AD, 0xF8AD, 0xF8AD, 0xF8AD, 
    0xF8AD, 0xB79D, 0x5174, 0x5695, 0xF8AD, 0xF8A5, 0xF8AD, 0xF8AD, 0xF8AD, 0xF8A5, 0xF8AD, 0xF7AD, 
    0xF8AD, 0xF8A5, 0xF8A5, 0xF8AD, 0xD7AD, 0xB89D, 0x9CAE, 0x1DBF, 0xFDBE, 0xFDBE, 0xFDBE, 0xFDBE, 
    0xFDBE, 0xFDBE, 0xFDBE, 0xFDBE, 0xFDBE, 0xFDBE, 0xFDBE, 0xFDBE, 0xFDBE, 0xFDBE, 0xFDBE, 0xFDBE, 
    0xFDBE, 0xFDBE, 0xFDBE, 0xFDBE, 0xFDBE, 0xFDBE, 0xFDBE, 0xFDBE, 0xFDBE, 0xFDBE, 0xFDBE, 0xFDBE, 
    0xFDBE, 0xFDBE, 0xFDBE, 0xFDBE, 0xFDBE, 0xFDBE, 0xFDBE, 0xFDBE, 0xFDBE, 0xFDBE, 0xFDBE, 0xFDBE, 
    0xFDBE, 0xFDBE, 0xFDBE, 0xFDBE, 0xFDBE, 0xFDBE, 0xFDBE, 0xFDBE, 0xFDBE, 0xFDBE, 0xFDBE, 0xFDBE, 
    0xFDBE, 0xFDBE, 0xFDBE, 0x1DBF, 0xDDB6, 0xF574, 0xD98D, 0x1EBF, 0xFDB6, 0xFDBE, 0xFDBE, 0xFDBE, 
    0xFDBE, 0xFDBE, 0xFDBE, 0xFDBE, 0xFDBE, 0xFDBE, 0xFDBE, 0xFDBE, 0xFDBE, 0xFDBE, 0xFDBE, 0xFDBE, 
    0xFDBE, 0xFDBE, 0xFDBE, 0xFDBE, 0xFDBE, 0xFDBE, 0xFDBE, 0xFDBE, 0xFDBE, 0xFDBE, 0xFDBE, 0xFDBE, 
    
    0x9BAE, 0x1DBF, 0xFDBE, 0xFDBE, 0xFDBE, 0xFDBE, 0xFDBE, 0xFDBE, 0xFDBE, 0xFDBE, 0xFDBE, 0xFDBE, 
    0xFDBE, 0xFDBE, 0xFDBE, 0xFDBE, 0xFDBE, 0xFDBE, 0xFDBE, 0xFDBE, 0xFDBE, 0xFDBE, 0xFDBE, 0xFDBE, 
    0xFDBE, 0xFDBE, 0xFDBE, 0xFDBE, 0xFDBE, 0xFDBE, 0xFDBE, 0xFDBE, 0x1DBF, 0x1EB7, 0x5785, 0xD574, 
    0xF574, 0xD574, 0xD574, 0xF574, 0xF574, 0xF574, 0xF474, 0xF474, 0x1575, 0x7BA6, 0x3DB7, 0x1DB7, 
    0x1DB7, 0xFDBE, 0xFDBE, 0xFDBE, 0xFDBE, 0xFDBE, 0xFDBE, 0xFDBE, 0xFDBE, 0xFDBE, 0xFDBE, 0xFDBE, 
    0xFDBE, 0xFDBE, 0xFDBE, 0xFDBE, 0xFDBE, 0xFDBE, 0xFDBE, 0xFDBE, 0xFDBE, 0xFDBE, 0xFDBE, 0xFDBE, 
    0xFDBE, 0xFDBE, 0xFDBE, 0xFDBE, 0xFDBE, 0xFDBE, 0xFDBE, 0xFDBE, 0xFDBE, 0xFDBE, 0xFDBE, 0xFDBE, 
    0xFDBE, 0xFDBE, 0xFDBE, 0xFDBE, 0xFDBE, 0xFDBE, 0xFDBE, 0xFDBE, 0xFDBE, 0xFDBE, 0xFDBE, 0xFDBE, 
    0xFDBE, 0x1DB7, 0x1EB7, 0xFFB6, 0xDFB6, 0x1EBF, 0x3DBF, 0x3EBF, 0x3FBF, 0x5EBF, 0x5EBF, 0x5EBF, 
    0x5FBF, 0x577D, 0xB885, 0x5FBF, 0x5EBF, 0x5EBF, 0x5EBF, 0x5EBF, 0x5EBF, 0x3EBF, 0x3EBF, 0x3EBF, 
    0x3EBF, 0x3EBF, 0x3EBF, 0x3EBF, 0x3EBF, 0x3FBF, 0x3EBF, 0x3EBF, 0x3EBF, 0x3EBF, 0x3EBF, 0x3EBF, 
    0x3EBF, 0x3EBF, 0x3EBF, 0x3FBF, 0x1EC7, 0xFDBE, 0xFDBE, 0xFDB6, 0xFDB6, 0x1DBF, 0xFDBE, 0xFDBE, 
    0xFDBE, 0xFDBE, 0xFDBE, 0xFDBE, 0xFDBE, 0xFDBE, 0xFDBE, 0xFDBE, 0xFDBE, 0xFDBE, 0xFDBE, 0xFDBE, 
    0xDFBE, 0xFFB6, 0xFEB6, 0x1EBF, 0x1EC7, 0x3EBF, 0x3FBF, 0x3EBF, 0x5EB7, 0x5EB7, 0x3EBF, 0x3EBF, 
    0x3EBF, 0x3EBF, 0x3EBF, 0x3EBF, 0x3EBF, 0x3EBF, 0x3EBF, 0x3EBF, 0x5FBF, 0xDDB6, 0xD574, 0x7BA6, 
    0x5FC7, 0x3EBF, 0x3EBF, 0x3EBF, 0x3EBF, 0x3FBF, 0x3EBF, 0x1EC7, 0x3EBF, 0x3FBF, 0x3FBF, 0x3EBF, 
    0x3EC7, 0x3FBF, 0x1FB7, 0xFDBE, 0xFDBE, 0xFDBE, 0xFDBE, 0xFDBE, 0xFDBE, 0xFDBE, 0xFDBE, 0xFDBE, 
    0xFDBE, 0xFDBE, 0xFDBE, 0xFDBE, 0xFDBE, 0xFDBE, 0xFDBE, 0xFDBE, 0xFDBE, 0xFDBE, 0xFDBE, 0xFDBE, 
    0xFDBE, 0xFDBE, 0xFDBE, 0xFDBE, 0xFDBE, 0xFDBE, 0xFDBE, 0xFDBE, 0xFDBE, 0xFDBE, 0xFDBE, 0xFDBE, 
    0xFDBE, 0xFDBE, 0xFDBE, 0xFDBE, 0xFDBE, 0xFDBE, 0xFDBE, 0xFDBE, 0xFDBE, 0xFDBE, 0xFDBE, 0xFDBE, 
    0xFDBE, 0xFDBE, 0xFDBE, 0xFDBE, 0xFDBE, 0xFDBE, 0xFDBE, 0xFDBE, 0xFDBE, 0xFDBE, 0xFDBE, 0x1DBF, 
    0xDDB6, 0xF574, 0xD98D, 0x1EBF, 0xFDB6, 0xFDBE, 0xFDBE, 0xFDBE, 0xFDBE, 0xFDBE, 0xFDBE, 0xFDBE, 
    0xFDBE, 0xFDBE, 0xFDBE, 0xFDBE, 0xFDBE, 0xFDBE, 0xFDBE, 0xFDBE, 0xFDBE, 0xFDBE, 0xFDBE, 0xFDBE, 
    0xFDBE, 0xFDBE, 0xFDBE, 0xFDBE, 0xFDBE, 0xFDBE, 0xFDBE, 0xFDBE, 
    0x9BAE, 0x1DBF, 0xFDBE, 0xFDBE, 
    0xFDBE, 0xFDBE, 0xFDBE, 0xFDBE, 0xFDBE, 0xFDBE, 0xFDBE, 0xFDBE, 0xFDBE, 0xFDBE, 0xFDBE, 0xFDBE, 
    0xFDBE, 0xFDBE, 0xFDBE, 0xFDBE, 0xFDBE, 0xFDBE, 0xFDBE, 0xFDBE, 0xFDBE, 0xFDBE, 0xFDBE, 0xFDBE, 
    0xFDBE, 0xFDBE, 0x1DBF, 0x1DBF, 0xFDBE, 0xFDBE, 0x7785, 0xD474, 0x1585, 0xF484, 0xF484, 0xF484, 
    0xF484, 0xF484, 0x1485, 0xF47C, 0xD47C, 0x5AA6, 0x1DBF, 0xFDB6, 0x1DB7, 0xFDBE, 0xFDBE, 0xFDBE, 
    0xFDBE, 0xFDBE, 0xFDBE, 0xFDBE, 0xFDBE, 0xFDBE, 0xFDBE, 0xFDBE, 0xFDBE, 0xFDBE, 0xFDBE, 0xFDBE, 
    0xFDBE, 0xFDBE, 0xFDBE, 0xFDBE, 0xFDBE, 0xFDBE, 0xFDBE, 0xFDBE, 0xFDBE, 0xFDBE, 0xFDBE, 0xFDBE, 
    0xFDBE, 0xFDBE, 0xFDBE, 0xFDBE, 0xFDBE, 0xFDBE, 0xFDBE, 0xFDBE, 0xFDBE, 0xFDBE, 0xFDBE, 0xFDBE, 
    0xFDBE, 0xFDBE, 0xFDBE, 0xFDBE, 0xFDBE, 0xFDBE, 0xFDBE, 0xFDBE, 0xFDBE, 0xFCBE, 0xFCBE, 0xFDBE, 
    0xDEBE, 0xFDBE, 0xFCB6, 0xFCBE, 0xFDBE, 0xFDBE, 0xFCB6, 0xFCBE, 0xFCBE, 0x3585, 0x768D, 0xFCBE, 
    0xFCBE, 0xFCBE, 0xFCBE, 0xFCBE, 0xFCBE, 0xFCBE, 0xFCBE, 0xDCBE, 0xDCBE, 0xDCBE, 0xFCBE, 0xDCBE, 
    0xDCBE, 0xDCBE, 0xDCBE, 0xFCBE, 0xFCBE, 0xFCBE, 0xDCBE, 0xDCBE, 0xFCBE, 0xDCBE, 0xDCBE, 0xDCBE, 
    0xFCBE, 0xFDBE, 0x1DBF, 0x1DB7, 0x1EB7, 0xFDBE, 0xFDBE, 0xFDBE, 0xFDBE, 0xFDBE, 0xFDBE, 0xFDBE, 
    0xFDBE, 0xFDBE, 0xFDBE, 0xFDBE, 0xFDBE, 0xFDBE, 0xFDBE, 0xFDBE, 0xDDC6, 0xFDBE, 0x1DBF, 0xFCBE, 
    0xFDBE, 0xFDB6, 0xFDB6, 0xDDBE, 0xFCBE, 0xFCB6, 0xDCBE, 0xDCBE, 0xDCBE, 0xDCBE, 0xDCBE, 0xDCBE, 
    0xDCBE, 0xDCBE, 0xDCBE, 0xDCBE, 0xFCC6, 0x9BB6, 0xB374, 0x39A6, 0xFCC6, 0xDCBE, 0xFCBE, 0xFCBE, 
    0xFCBE, 0xFCBE, 0xFCBE, 0xDBC6, 0xDBBE, 0xFCBE, 0xFCBE, 0xDBBE, 0xDBC6, 0xDBC6, 0xFDBE, 0xFDBE, 
    0xFDBE, 0xFDBE, 0xFDBE, 0xFDBE, 0xFDBE, 0xFDBE, 0xFDBE, 0xFDBE, 0xFDBE, 0xFDBE, 0xFDBE, 0xFDBE, 
    0xFDBE, 0xFDBE, 0xFDBE, 0xFDBE, 0xFDBE, 0xFDBE, 0xFDBE, 0xFDBE, 0xFDBE, 0xFDBE, 0xFDBE, 0xFDBE, 
    0xFDBE, 0xFDBE, 0xFDBE, 0xFDBE, 0xFDBE, 0xFDBE, 0xFDBE, 0xFDBE, 0xFDBE, 0xFDBE, 0xFDBE, 0xFDBE, 
    0xFDBE, 0xFDBE, 0xFDBE, 0xFDBE, 0xFDBE, 0xFDBE, 0xFDBE, 0xFDBE, 0xFDBE, 0xFDBE, 0xFDBE, 0xFDBE, 
    0xFDBE, 0xFDBE, 0xFDBE, 0xFDBE, 0xFDBE, 0xFDBE, 0xFDBE, 0x1DBF, 0xDDB6, 0xF574, 0xD98D, 0x1EBF, 
    0xFDB6, 0xFDBE, 0xFDBE, 0xFDBE, 0xFDBE, 0xFDBE, 0xFDBE, 0xFDBE, 0xFDBE, 0xFDBE, 0xFDBE, 0xFDBE, 
    0xFDBE, 0xFDBE, 0xFDBE, 0xFDBE, 0xFDBE, 0xFDBE, 0xFDBE, 0xFDBE, 0xFDBE, 0xFDBE, 0xFDBE, 0xFDBE, 
    0xFDBE, 0xFDBE, 0xFDBE, 0xFDBE, 
    0x9BAE, 0x1DBF, 0xFDBE, 0xFDBE, 0xFDBE, 0xFDBE, 0xFDBE, 0xFDBE, 
    0xFDBE, 0xFDBE, 0xFDBE, 0xFDBE, 0xFDBE, 0xFDBE, 0xFDBE, 0xFDBE, 0xFDBE, 0xFDBE, 0xFDBE, 0xFDBE, 
    0xFDBE, 0xFDBE, 0xFDBE, 0xFDBE, 0xFDBE, 0xFDBE, 0xFDBE, 0xFDBE, 0xFDBE, 0x1DB7, 0x1DB7, 0x1DB7, 
    0xFDBE, 0xFDBE, 0x3685, 0x7695, 0x5DD7, 0x5DDF, 0x3CDF, 0x3CE7, 0x3CDF, 0x3CDF, 0x5DDF, 0x9ABE, 
    0xD47C, 0x5AAE, 0x1EBF, 0xFEBE, 0xFDBE, 0xFDBE, 0xFDBE, 0xFDBE, 0xFDBE, 0xFDBE, 0xFDBE, 0xFDBE, 
    0xFDBE, 0xFDBE, 0xFDBE, 0xFDBE, 0xFDBE, 0xFDBE, 0xFDBE, 0xFDBE, 0xFDBE, 0xFDBE, 0xFDBE, 0xFDBE, 
    0xFDBE, 0xFDBE, 0xFDBE, 0xFDBE, 0xFDBE, 0xFDBE, 0xFDBE, 0xFDBE, 0xFDBE, 0xFDBE, 0xFDBE, 0xFDBE, 
    0xFDBE, 0xFDBE, 0xFDBE, 0xFDBE, 0xFDBE, 0xFDBE, 0xFDBE, 0xFDBE, 0xFDBE, 0xFDBE, 0xFDBE, 0xFDBE, 
    0xFDBE, 0xFDBE, 0xFDBE, 0xFDBE, 0xFDBE, 0x1CBF, 0x1BB7, 0xFDBE, 0xFEBE, 0xFDB6, 0x1DB7, 0x1DB7, 
    0xFEBE, 0xFEBE, 0xFDBE, 0xFEB6, 0x1EB7, 0x367D, 0x7885, 0x1EBF, 0xFEBE, 0xFDBE, 0xFDBE, 0xFDBE, 
    0xFDBE, 0x1EB7, 0x1EB7, 0x1EB7, 0x1EB7, 0x1EB7, 0x1EB7, 0x1EB7, 0x1EB7, 0x1EB7, 0x1EB7, 0x1EB7, 
    0x1EB7, 0x1EB7, 0x1EB7, 0x1EB7, 0x1EB7, 0x1EB7, 0x1EB7, 0xFEB6, 0x1DBF, 0xFDBE, 0x1DB7, 0xFDB6, 
    0xFDB6, 0xFDBE, 0xFDBE, 0xFDBE, 0xFDBE, 0xFDBE, 0xFDBE, 0xFDBE, 0xFDBE, 0xFDBE, 0xFDBE, 0xFDBE, 
    0xFDBE, 0xFDBE, 0xFDBE, 0xFDBE, 0xFCBE, 0x1CB7, 0x1CB7, 0x1DBF, 0x1DBF, 0x1EB7, 0xFEBE, 0xDDC6, 
    0xDDC6, 0xFDBE, 0x1EB7, 0x1EB7, 0x1EB7, 0x1EB7, 0x1EB7, 0x1EB7, 0x1EB7, 0x1EB7, 0x1DB7, 0xFDB6, 
    0x1EB7, 0xBCAE, 0xD56C, 0x3B9E, 0x1EB7, 0xFEB6, 0xFEB6, 0xFEB6, 0xFEB6, 0x1EB7, 0x1EB7, 0xFDBE, 
    0x1DB7, 0x1EB7, 0x1EB7, 0x1DBF, 0xFCBE, 0x1DBF, 0xFEB6, 0xFDBE, 0xFDBE, 0xFDBE, 0xFDBE, 0xFDBE, 
    0xFDBE, 0xFDBE, 0xFDBE, 0xFDBE, 0xFDBE, 0xFDBE, 0xFDBE, 0xFDBE, 0xFDBE, 0xFDBE, 0xFDBE, 0xFDBE, 
    0xFDBE, 0xFDBE, 0xFDBE, 0xFDBE, 0xFDBE, 0xFDBE, 0xFDBE, 0xFDBE, 0xFDBE, 0xFDBE, 0xFDBE, 0xFDBE, 
    0xFDBE, 0xFDBE, 0xFDBE, 0xFDBE, 0xFDBE, 0xFDBE, 0xFDBE, 0xFDBE, 0xFDBE, 0xFDBE, 0xFDBE, 0xFDBE, 
    0xFDBE, 0xFDBE, 0xFDBE, 0xFDBE, 0xFDBE, 0xFDBE, 0xFDBE, 0xFDBE, 0xFDBE, 0xFDBE, 0xFDBE, 0xFDBE, 
    0xFDBE, 0xFDBE, 0xFDBE, 0x1DBF, 0xDDB6, 0xF574, 0xD98D, 0x1EBF, 0xFDB6, 0xFDBE, 0xFDBE, 0xFDBE, 
    0xFDBE, 0xFDBE, 0xFDBE, 0xFDBE, 0xFDBE, 0xFDBE, 0xFDBE, 0xFDBE, 0xFDBE, 0xFDBE, 0xFDBE, 0xFDBE, 
    0xFDBE, 0xFDBE, 0xFDBE, 0xFDBE, 0xFDBE, 0xFDBE, 0xFDBE, 0xFDBE, 0xFDBE, 0xFDBE, 0xFDBE, 0xFDBE, 
    
    0x9BAE, 0x1DBF, 0xFDBE, 0xFDBE, 0xFDBE, 0xFDBE, 0xFDBE, 0xFDBE, 0xFDBE, 0xFDBE, 0xFDBE, 0xFDBE, 
    0xFDBE, 0xFDBE, 0xFDBE, 0xFDBE, 0xFDBE, 0xFDBE, 0xFDBE, 0xFDBE, 0xFDBE, 0xFDBE, 0xFDBE, 0xFDBE, 
    0xFDBE, 0xFDBE, 0xFDBE, 0xFDBE, 0xFDBE, 0xFDBE, 0xFDBE, 0xFDBE, 0xFCBE, 0xFDBE, 0x577D, 0x7795, 
    0xDDFF, 0xBCFF, 0xBDFF, 0xBDFF, 0xBCFF, 0xBDFF, 0xDDFF, 0xFADE, 0xD574, 0x7BA6, 0x1DBF, 0xFDBE, 
    0xFDBE, 0xFDBE, 0xFDBE, 0xFDBE, 0xFDBE, 0xFDBE, 0xFDBE, 0xFDBE, 0xFDBE, 0xFDBE, 0xFDBE, 0xFDBE, 
    0xFDBE, 0xFDBE, 0xFDBE, 0xFDBE, 0xFDBE, 0xFDBE, 0xFDBE, 0xFDBE, 0xFDBE, 0xFDBE, 0xFDBE, 0xFDBE, 
    0xFDBE, 0xFDBE, 0xFDBE, 0xFDBE, 0xFDBE, 0xFDBE, 0xFDBE, 0xFDBE, 0xFDBE, 0xFDBE, 0xFDBE, 0xFDBE, 
    0xFDBE, 0xFDBE, 0xFDBE, 0xFDBE, 0xFDBE, 0xFDBE, 0xFDBE, 0xFDBE, 0xFDBE, 0xFDBE, 0xFDBE, 0xFDBE, 
    0xFDBE, 0xFDBE, 0xFDBE, 0xFDBE, 0xFDBE, 0xFDBE, 0x1DBF, 0xFDBE, 0xFDBE, 0xFDBE, 0xFDBE, 0xFDBE, 
    0x1EBF, 0x367D, 0x9785, 0x1EBF, 0xFDBE, 0xFDBE, 0xFDBE, 0xFDBE, 0x1DBF, 0xFDBE, 0xFDBE, 0xFDBE, 
    0xFDBE, 0xFDBE, 0xFDBE, 0xFDBE, 0xFDBE, 0xFDBE, 0xFDBE, 0xFDBE, 0xFDBE, 0xFDBE, 0xFDBE, 0xFDBE, 
    0xFDBE, 0xFDBE, 0xFDBE, 0xFDBE, 0xFDBE, 0xFDBE, 0xFDBE, 0xFDBE, 0xFDBE, 0xFDBE, 0xFDBE, 0xFDBE, 
    0xFDBE, 0xFDBE, 0xFDBE, 0xFDBE, 0xFDBE, 0xFDBE, 0xFDBE, 0xFDBE, 0xFDBE, 0xFDBE, 0xFDBE, 0xFDBE, 
    0xFDBE, 0xFDBE, 0xFDBE, 0xFDBE, 0xFDBE, 0xFDBE, 0xFDBE, 0xFDBE, 0xFDBE, 0xFDBE, 0xFDBE, 0xFDBE, 
    0xFDBE, 0xFDBE, 0xFDBE, 0xFDBE, 0xFDBE, 0xFDBE, 0xFDBE, 0xFDB6, 0x1DBF, 0xBCAE, 0xD574, 0x3B9E, 
    0x1EBF, 0xFDB6, 0xFDBE, 0xFDBE, 0xFDBE, 0xFDBE, 0xFDBE, 0xFDBE, 0xFDBE, 0xFDBE, 0xFDBE, 0x1DBF, 
    0xFDBE, 0xFDBE, 0xFDBE, 0xFDBE, 0xFDBE, 0xFDBE, 0xFDBE, 0xFDBE, 0xFDBE, 0xFDBE, 0xFDBE, 0xFDBE, 
    0xFDBE, 0xFDBE, 0xFDBE, 0xFDBE, 0xFDBE, 0xFDBE, 0xFDBE, 0xFDBE, 0xFDBE, 0xFDBE, 0xFDBE, 0xFDBE, 
    0xFDBE, 0xFDBE, 0xFDBE, 0xFDBE, 0xFDBE, 0xFDBE, 0xFDBE, 0xFDBE, 0xFDBE, 0xFDBE, 0xFDBE, 0xFDBE, 
    0xFDBE, 0xFDBE, 0xFDBE, 0xFDBE, 0xFDBE, 0xFDBE, 0xFDBE, 0xFDBE, 0xFDBE, 0xFDBE, 0xFDBE, 0xFDBE, 
    0xFDBE, 0xFDBE, 0xFDBE, 0xFDBE, 0xFDBE, 0xFDBE, 0xFDBE, 0xFDBE, 0xFDBE, 0xFDBE, 0xFDBE, 0x1DBF, 
    0xDDB6, 0xF574, 0xD98D, 0x1EBF, 0xFDB6, 0xFDBE, 0xFDBE, 0xFDBE, 0xFDBE, 0xFDBE, 0xFDBE, 0xFDBE, 
    0xFDBE, 0xFDBE, 0xFDBE, 0xFDBE, 0xFDBE, 0xFDBE, 0xFDBE, 0xFDBE, 0xFDBE, 0xFDBE, 0xFDBE, 0xFDBE, 
    0xFDBE, 0xFDBE, 0xFDBE, 0xFDBE, 0xFDBE, 0xFDBE, 0xFDBE, 0xFDBE, 
    0x9BAE, 0x1DBF, 0xFDBE, 0xFDBE, 
    0xFDBE, 0xFDBE, 0xFDBE, 0xFDBE, 0xFDBE, 0xFDBE, 0xFDBE, 0xFDBE, 0xFDBE, 0xFDBE, 0xFDBE, 0xFDBE, 
    0xFDBE, 0xFDBE, 0xFDBE, 0xFDBE, 0xFDBE, 0xFDBE, 0xFDBE, 0xFDBE, 0xFDBE, 0xFDBE, 0xFDBE, 0xFDBE, 
    0xFDBE, 0xFDBE, 0xFDBE, 0xFDBE, 0xFCBE, 0xFDBE, 0x577D, 0x7795, 0xBDFF, 0x7BFF, 0x9CFF, 0x9CFF, 
    0x7CFF, 0x9CFF, 0xBCFF, 0xDADE, 0xD574, 0x7BA6, 0x1DBF, 0xFDBE, 0xFDBE, 0xFDBE, 0xFDBE, 0xFDBE, 
    0xFDBE, 0xFDBE, 0xFDBE, 0xFDBE, 0xFDBE, 0xFDBE, 0xFDBE, 0xFDBE, 0xFDBE, 0xFDBE, 0xFDBE, 0xFDBE, 
    0xFDBE, 0xFDBE, 0xFDBE, 0xFDBE, 0xFDBE, 0xFDBE, 0xFDBE, 0xFDBE, 0xFDBE, 0xFDBE, 0xFDBE, 0xFDBE, 
    0xFDBE, 0xFDBE, 0xFDBE, 0xFDBE, 0xFDBE, 0xFDBE, 0xFDBE, 0xFDBE, 0xFDBE, 0xFDBE, 0xFDBE, 0xFDBE, 
    0xFDBE, 0xFDBE, 0xFDBE, 0xFDBE, 0xFDBE, 0xFDBE, 0xFDBE, 0xFDBE, 0xFDBE, 0xFDBE, 0xFDBE, 0xFDBE, 
    0xFDBE, 0xFDBE, 0xFDBE, 0xFDBE, 0xFDBE, 0xFDBE, 0xFDBE, 0xFDBE, 0x1EBF, 0x367D, 0x9785, 0x1EBF, 
    0xFDBE, 0xFDBE, 0xFDBE, 0xFDBE, 0x1DBF, 0xFDBE, 0xFDBE, 0xFDBE, 0xFDBE, 0xFDBE, 0xFDBE, 0xFDBE, 
    0xFDBE, 0xFDBE, 0xFDBE, 0xFDBE, 0xFDBE, 0xFDBE, 0xFDBE, 0xFDBE, 0xFDBE, 0xFDBE, 0xFDBE, 0xFDBE, 
    0xFDBE, 0xFDBE, 0xFDBE, 0xFDBE, 0xFDBE, 0xFDBE, 0xFDBE, 0xFDBE, 0xFDBE, 0xFDBE, 0xFDBE, 0xFDBE, 
    0xFDBE, 0xFDBE, 0xFDBE, 0xFDBE, 0xFDBE, 0xFDBE, 0xFDBE, 0xFDBE, 0xFDBE, 0xFDBE, 0xFDBE, 0xFDBE, 
    0xFDBE, 0xFDBE, 0xFDBE, 0xFDBE, 0xFDBE, 0xFDBE, 0xFDBE, 0xFDBE, 0xFDBE, 0xFDBE, 0xFDBE, 0xFDBE, 
    0xFDBE, 0xFDBE, 0xFDBE, 0xFDBE, 0x1DBF, 0xBCAE, 0xD574, 0x3BA6, 0x1EBF, 0xFDBE, 0xFDBE, 0xFDBE, 
    0xFDBE, 0xFDBE, 0xFDBE, 0xFDBE, 0xFDBE, 0xFDBE, 0xFDBE, 0xFDBE, 0xFDBE, 0xFDBE, 0xFDBE, 0xFDBE, 
    0xFDBE, 0xFDBE, 0xFDBE, 0xFDBE, 0xFDBE, 0xFDBE, 0xFDBE, 0xFDBE, 0xFDBE, 0xFDBE, 0xFDBE, 0xFDBE, 
    0xFDBE, 0xFDBE, 0xFDBE, 0xFDBE, 0xFDBE, 0xFDBE, 0xFDBE, 0xFDBE, 0xFDBE, 0xFDBE, 0xFDBE, 0xFDBE, 
    0xFDBE, 0xFDBE, 0xFDBE, 0xFDBE, 0xFDBE, 0xFDBE, 0xFDBE, 0xFDBE, 0xFDBE, 0xFDBE, 0xFDBE, 0xFDBE, 
    0xFDBE, 0xFDBE, 0xFDBE, 0xFDBE, 0xFDBE, 0xFDBE, 0xFDBE, 0xFDBE, 0xFDBE, 0xFDBE, 0xFDBE, 0xFDBE, 
    0xFDBE, 0xFDBE, 0xFDBE, 0xFDBE, 0xFDBE, 0xFDBE, 0xFDBE, 0x1DBF, 0xDDB6, 0xF574, 0xD98D, 0x1EBF, 
    0xFDB6, 0xFDBE, 0xFDBE, 0xFDBE, 0xFDBE, 0xFDBE, 0xFDBE, 0xFDBE, 0xFDBE, 0xFDBE, 0xFDBE, 0xFDBE, 
    0xFDBE, 0xFDBE, 0xFDBE, 0xFDBE, 0xFDBE, 0xFDBE, 0xFDBE, 0xFDBE, 0xFDBE, 0xFDBE, 0xFDBE, 0xFDBE, 
    0xFDBE, 0xFDBE, 0xFDBE, 0xFDBE, 
    0x9BAE, 0x1DBF, 0xFDBE, 0xFDBE, 0xFDBE, 0xFDBE, 0xFDBE, 0xFDBE, 
    0xFDBE, 0xFDBE, 0xFDBE, 0xFDBE, 0xFDBE, 0xFDBE, 0xFDBE, 0xFDBE, 0xFDBE, 0xFDBE, 0xFDBE, 0xFDBE, 
    0xFDBE, 0xFDBE, 0xFDBE, 0xFDBE, 0xFDBE, 0xFDBE, 0xFDBE, 0xFDBE, 0xFDBE, 0xFDBE, 0xFDBE, 0xFDBE, 
    0xFCBE, 0xFDBE, 0x577D, 0x7795, 0xBDFF, 0x9BFF, 0x9CFF, 0x9CFF, 0x9CFF, 0x9DFF, 0xBCFF, 0xDADE, 
    0xD574, 0x7BA6, 0x1DBF, 0xFDBE, 0xFDBE, 0xFDBE, 0xFDBE, 0xFDBE, 0xFDBE, 0xFDBE, 0xFDBE, 0xFDBE, 
    0xFDBE, 0xFDBE, 0xFDBE, 0xFDBE, 0xFDBE, 0xFDBE, 0xFDBE, 0xFDBE, 0xFDBE, 0xFDBE, 0xFDBE, 0xFDBE, 
    0xFDBE, 0xFDBE, 0xFDBE, 0xFDBE, 0xFDBE, 0xFDBE, 0xFDBE, 0xFDBE, 0xFDBE, 0xFDBE, 0xFDBE, 0xFDBE, 
    0xFDBE, 0xFDBE, 0xFDBE, 0xFDBE, 0xFDBE, 0xFDBE, 0xFDBE, 0xFDBE, 0xFDBE, 0xFDBE, 0xFDBE, 0xFDBE, 
    0xFDBE, 0xFDBE, 0xFDBE, 0xFDBE, 0xFDBE, 0xFDBE, 0xFDBE, 0xFDBE, 0xFDBE, 0xFDBE, 0xFDBE, 0xFDBE, 
    0xFDBE, 0xFDBE, 0xFDBE, 0xFDBE, 0x1EBF, 0x367D, 0x9785, 0x1EBF, 0xFDBE, 0xFDBE, 0xFDBE, 0xFDBE, 
    0x1DBF, 0xFDBE, 0xFDBE, 0xFDBE, 0xFDBE, 0xFDBE, 0xFDBE, 0xFDBE, 0xFDBE, 0xFDBE, 0xFDBE, 0xFDBE, 
    0xFDBE, 0xFDBE, 0xFDBE, 0xFDBE, 0xFDBE, 0xFDBE, 0xFDBE, 0xFDBE, 0xFDBE, 0xFDBE, 0xFDBE, 0xFDBE, 
    0xFDBE, 0xFDBE, 0xFDBE, 0xFDBE, 0xFDBE, 0xFDBE, 0xFDBE, 0xFDBE, 0xFDBE, 0xFDBE, 0xFDBE, 0xFDBE, 
    0xFDBE, 0xFDBE, 0xFDBE, 0xFDBE, 0xFDBE, 0xFDBE, 0xFDBE, 0xFDBE, 0xFDBE, 0xFDBE, 0xFDBE, 0xFDBE, 
    0xFDBE, 0xFDBE, 0xFDBE, 0xFDBE, 0xFDBE, 0xFDBE, 0xFDBE, 0xFDBE, 0xFDBE, 0xFDBE, 0xFDBE, 0xFDBE, 
    0x1DBF, 0xBCAE, 0xD574, 0x3BA6, 0x1EBF, 0xFDBE, 0xFDBE, 0xFDBE, 0xFDBE, 0xFDBE, 0xFDBE, 0xFDBE, 
    0xFDBE, 0xFDBE, 0xFDBE, 0xFDBE, 0xFDBE, 0xFDBE, 0xFDBE, 0xFDBE, 0xFDBE, 0xFDBE, 0xFDBE, 0xFDBE, 
    0xFDBE, 0xFDBE, 0xFDBE, 0xFDBE, 0xFDBE, 0xFDBE, 0xFDBE, 0xFDBE, 0xFDBE, 0xFDBE, 0xFDBE, 0xFDBE, 
    0xFDBE, 0xFDBE, 0xFDBE, 0xFDBE, 0xFDBE, 0xFDBE, 0xFDBE, 0xFDBE, 0xFDBE, 0xFDBE, 0xFDBE, 0xFDBE, 
    0xFDBE, 0xFDBE, 0xFDBE, 0xFDBE, 0xFDBE, 0xFDBE, 0xFDBE, 0xFDBE, 0xFDBE, 0xFDBE, 0xFDBE, 0xFDBE, 
    0xFDBE, 0xFDBE, 0xFDBE, 0xFDBE, 0xFDBE, 0xFDBE, 0xFDBE, 0xFDBE, 0xFDBE, 0xFDBE, 0xFDBE, 0xFDBE, 
    0xFDBE, 0xFDBE, 0xFDBE, 0x1DBF, 0xDDB6, 0xF574, 0xD98D, 0x1EBF, 0xFDB6, 0xFDBE, 0xFDBE, 0xFDBE, 
    0xFDBE, 0xFDBE, 0xFDBE, 0xFDBE, 0xFDBE, 0xFDBE, 0xFDBE, 0xFDBE, 0xFDBE, 0xFDBE, 0xFDBE, 0xFDBE, 
    0xFDBE, 0xFDBE, 0xFDBE, 0xFDBE, 0xFDBE, 0xFDBE, 0xFDBE, 0xFDBE, 0xFDBE, 0xFDBE, 0xFDBE, 0xFDBE, 
    
    0x9BAE, 0x1DBF, 0xFDBE, 0xFDBE, 0xFDBE, 0xFDBE, 0xFDBE, 0xFDBE, 0xFDBE, 0xFDBE, 0xFDBE, 0xFDBE, 
    0xFDBE, 0xFDBE, 0xFDBE, 0xFDBE, 0xFDBE, 0xFDBE, 0xFDBE, 0xFDBE, 0xFDBE, 0xFDBE, 0xFDBE, 0xFDBE, 
    0xFDBE, 0xFDBE, 0xFDBE, 0xFDBE, 0xFDBE, 0xFDBE, 0xFDBE, 0xFDBE, 0xFCBE, 0xFDBE, 0x577D, 0x7795, 
    0xBDFF, 0x9BFF, 0x9CFF, 0x9CFF, 0x9CFF, 0x9DFF, 0xBCFF, 0xDADE, 0xD574, 0x7BA6, 0x1DBF, 0xFDBE, 
    0xFDBE, 0xFDBE, 0xFDBE, 0xFDBE, 0xFDBE, 0xFDBE, 0xFDBE, 0xFDBE, 0xFDBE, 0xFDBE, 0xFDBE, 0xFDBE, 
    0xFDBE, 0xFDBE, 0xFDBE, 0xFDBE, 0xFDBE, 0xFDBE, 0xFDBE, 0xFDBE, 0xFDBE, 0xFDBE, 0xFDBE, 0xFDBE, 
    0xFDBE, 0xFDBE, 0xFDBE, 0xFDBE, 0xFDBE, 0xFDBE, 0xFDBE, 0xFDBE, 0xFDBE, 0xFDBE, 0xFDBE, 0xFDBE, 
    0xFDBE, 0xFDBE, 0xFDBE, 0xFDBE, 0xFDBE, 0xFDBE, 0xFDBE, 0xFDBE, 0xFDBE, 0xFDBE, 0xFDBE, 0xFDBE, 
    0xFDBE, 0xFDBE, 0xFDBE, 0xFDBE, 0xFDBE, 0xFDBE, 0xFDBE, 0xFDBE, 0xFDBE, 0xFDBE, 0xFDBE, 0xFDBE, 
    0x1EBF, 0x367D, 0x9785, 0x1EBF, 0xFDBE, 0xFDBE, 0xFDBE, 0xFDBE, 0x1DBF, 0xFDBE, 0xFDBE, 0xFDBE, 
    0xFDBE, 0xFDBE, 0xFDBE, 0xFDBE, 0xFDBE, 0xFDBE, 0xFDBE, 0xFDBE, 0xFDBE, 0xFDBE, 0xFDBE, 0xFDBE, 
    0xFDBE, 0xFDBE, 0xFDBE, 0xFDBE, 0xFDBE, 0xFDBE, 0xFDBE, 0xFDBE, 0xFDBE, 0xFDBE, 0xFDBE, 0xFDBE, 
    0xFDBE, 0xFDBE, 0xFDBE, 0xFDBE, 0xFDBE, 0xFDBE, 0xFDBE, 0xFDBE, 0xFDBE, 0xFDBE, 0xFDBE, 0xFDBE, 
    0xFDBE, 0xFDBE, 0xFDBE, 0xFDBE, 0xFDBE, 0xFDBE, 0xFDBE, 0xFDBE, 0xFDBE, 0xFDBE, 0xFDBE, 0xFDBE, 
    0xFDBE, 0xFDBE, 0xFDBE, 0xFDBE, 0xFDBE, 0xFDBE, 0xFDBE, 0xFDBE, 0x1DBF, 0xBCAE, 0xD574, 0x3BA6, 
    0x1EBF, 0xFDBE, 0xFDBE, 0xFDBE, 0xFDBE, 0xFDBE, 0xFDBE, 0xFDBE, 0xFDBE, 0xFDBE, 0xFDBE, 0xFDBE, 
    0xFDBE, 0xFDBE, 0xFDBE, 0xFDBE, 0xFDBE, 0xFDBE, 0xFDBE, 0xFDBE, 0xFDBE, 0xFDBE, 0xFDBE, 0xFDBE, 
    0xFDBE, 0xFDBE, 0xFDBE, 0xFDBE, 0xFDBE, 0xFDBE, 0xFDBE, 0xFDBE, 0xFDBE, 0xFDBE, 0xFDBE, 0xFDBE, 
    0xFDBE, 0xFDBE, 0xFDBE, 0xFDBE, 0xFDBE, 0xFDBE, 0xFDBE, 0xFDBE, 0xFDBE, 0xFDBE, 0xFDBE, 0xFDBE, 
    0xFDBE, 0xFDBE, 0xFDBE, 0xFDBE, 0xFDBE, 0xFDBE, 0xFDBE, 0xFDBE, 0xFDBE, 0xFDBE, 0xFDBE, 0xFDBE, 
    0xFDBE, 0xFDBE, 0xFDBE, 0xFDBE, 0xFDBE, 0xFDBE, 0xFDBE, 0xFDBE, 0xFDBE, 0xFDBE, 0xFDBE, 0x1DBF, 
    0xDDB6, 0xF574, 0xD98D, 0x1EBF, 0xFDB6, 0xFDBE, 0xFDBE, 0xFDBE, 0xFDBE, 0xFDBE, 0xFDBE, 0xFDBE, 
    0xFDBE, 0xFDBE, 0xFDBE, 0xFDBE, 0xFDBE, 0xFDBE, 0xFDBE, 0xFDBE, 0xFDBE, 0xFDBE, 0xFDBE, 0xFDBE, 
    0xFDBE, 0xFDBE, 0xFDBE, 0xFDBE, 0xFDBE, 0xFDBE, 0xFDBE, 0xFDBE, 
    0x9BAE, 0x1DBF, 0xFDBE, 0xFDBE, 
    0xFDBE, 0xFDBE, 0xFDBE, 0xFDBE, 0xFDBE, 0xFDBE, 0xFDBE, 0xFDBE, 0xFDBE, 0xFDBE, 0xFDBE, 0xFDBE, 
    0xFDBE, 0xFDBE, 0xFDBE, 0xFDBE, 0xFDBE, 0xFDBE, 0xFDBE, 0xFDBE, 0xFDBE, 0xFDBE, 0xFDBE, 0xFDBE, 
    0xFDBE, 0xFDBE, 0xFDBE, 0xFDBE, 0xFCBE, 0xFDBE, 0x577D, 0x7795, 0xBDFF, 0x9BFF, 0x9CFF, 0x9CFF, 
    0x9CFF, 0x9DFF, 0xBCFF, 0xDADE, 0xD574, 0x7BA6, 0x1DBF, 0xFDBE, 0xFDBE, 0xFDBE, 0xFDBE, 0xFDBE, 
    0xFDBE, 0xFDBE, 0xFDBE, 0xFDBE, 0xFDBE, 0xFDBE, 0xFDBE, 0xFDBE, 0xFDBE, 0xFDBE, 0xFDBE, 0xFDBE, 
    0xFDBE, 0xFDBE, 0xFDBE, 0xFDBE, 0xFDBE, 0xFDBE, 0xFDBE, 0xFDBE, 0xFDBE, 0xFDBE, 0xFDBE, 0xFDBE, 
    0xFDBE, 0xFDBE, 0xFDBE, 0xFDBE, 0xFDBE, 0xFDBE, 0xFDBE, 0xFDBE, 0xFDBE, 0xFDBE, 0xFDBE, 0xFDBE, 
    0xFDBE, 0xFDBE, 0xFDBE, 0xFDBE, 0xFDBE, 0xFDBE, 0xFDBE, 0xFDBE, 0xFDBE, 0xFDBE, 0xFDBE, 0xFDBE, 
    0xFDBE, 0xFDBE, 0xFDBE, 0xFDBE, 0xFDBE, 0xFDBE, 0xFDBE, 0xFDBE, 0x1EBF, 0x367D, 0x9785, 0x1EBF, 
    0xFDBE, 0xFDBE, 0xFDBE, 0xFDBE, 0x1DBF, 0xFDBE, 0xFDBE, 0xFDBE, 0xFDBE, 0xFDBE, 0xFDBE, 0xFDBE, 
    0xFDBE, 0xFDBE, 0xFDBE, 0xFDBE, 0xFDBE, 0xFDBE, 0xFDBE, 0xFDBE, 0xFDBE, 0xFDBE, 0xFDBE, 0xFDBE, 
    0xFDBE, 0xFDBE, 0xFDBE, 0xFDBE, 0xFDBE, 0xFDBE, 0xFDBE, 0xFDBE, 0xFDBE, 0xFDBE, 0xFDBE, 0xFDBE, 
    0xFDBE, 0xFDBE, 0xFDBE, 0xFDBE, 0xFDBE, 0xFDBE, 0xFDBE, 0xFDBE, 0xFDBE, 0xFDBE, 0xFDBE, 0xFDBE, 
    0xFDBE, 0xFDBE, 0xFDBE, 0xFDBE, 0xFDBE, 0xFDBE, 0xFDBE, 0xFDBE, 0xFDBE, 0xFDBE, 0xFDBE, 0xFDBE, 
    0xFDBE, 0xFDBE, 0xFDBE, 0xFDBE, 0x1DBF, 0xBCAE, 0xD574, 0x3BA6, 0x1EBF, 0xFDBE, 0xFDBE, 0xFDBE, 
    0xFDBE, 0xFDBE, 0xFDBE, 0xFDBE, 0xFDBE, 0xFDBE, 0xFDBE, 0xFDBE, 0xFDBE, 0xFDBE, 0xFDBE, 0xFDBE, 
    0xFDBE, 0xFDBE, 0xFDBE, 0xFDBE, 0xFDBE, 0xFDBE, 0xFDBE, 0xFDBE, 0xFDBE, 0xFDBE, 0xFDBE, 0xFDBE, 
    0xFDBE, 0xFDBE, 0xFDBE, 0xFDBE, 0xFDBE, 0xFDBE, 0xFDBE, 0xFDBE, 0xFDBE, 0xFDBE, 0xFDBE, 0xFDBE, 
    0xFDBE, 0xFDBE, 0xFDBE, 0xFDBE, 0xFDBE, 0xFDBE, 0xFDBE, 0xFDBE, 0xFDBE, 0xFDBE, 0xFDBE, 0xFDBE, 
    0xFDBE, 0xFDBE, 0xFDBE, 0xFDBE, 0xFDBE, 0xFDBE, 0xFDBE, 0xFDBE, 0xFDBE, 0xFDBE, 0xFDBE, 0xFDBE, 
    0xFDBE, 0xFDBE, 0xFDBE, 0xFDBE, 0xFDBE, 0xFDBE, 0xFDBE, 0x1DBF, 0xDDB6, 0xF574, 0xD98D, 0x1EBF, 
    0xFDB6, 0xFDBE, 0xFDBE, 0xFDBE, 0xFDBE, 0xFDBE, 0xFDBE, 0xFDBE, 0xFDBE, 0xFDBE, 0xFDBE, 0xFDBE, 
    0xFDBE, 0xFDBE, 0xFDBE, 0xFDBE, 0xFDBE, 0xFDBE, 0xFDBE, 0xFDBE, 0xFDBE, 0xFDBE, 0xFDBE, 0xFDBE, 
    0xFDBE, 0xFDBE, 0xFDBE, 0xFDBE, 
    0x9BAE, 0x1DBF, 0xFDBE, 0xFDBE, 0xFDBE, 0xFDBE, 0xFDBE, 0xFDBE, 
    0xFDBE, 0xFDBE, 0xFDBE, 0xFDBE, 0xFDBE, 0xFDBE, 0xFDBE, 0xFDBE, 0xFDBE, 0xFDBE, 0xFDBE, 0xFDBE, 
    0xFDBE, 0xFDBE, 0xFDBE, 0xFDBE, 0xFDBE, 0xFDBE, 0xFDBE, 0xFDBE, 0xFDBE, 0xFDBE, 0xFDBE, 0xFDBE, 
    0xFCBE, 0xFDBE, 0x577D, 0x7795, 0xBDFF, 0x9BFF, 0x9CFF, 0x9CFF, 0x9CFF, 0x9DFF, 0xBCFF, 0xDADE, 
    0xD574, 0x7BA6, 0x1DBF, 0xFDBE, 0xFDBE, 0xFDBE, 0xFDBE, 0xFDBE, 0xFDBE, 0xFDBE, 0xFDBE, 0xFDBE, 
    0xFDBE, 0xFDBE, 0xFDBE, 0xFDBE, 0xFDBE, 0xFDBE, 0xFDBE, 0xFDBE, 0xFDBE, 0xFDBE, 0xFDBE, 0xFDBE, 
    0xFDBE, 0xFDBE, 0xFDBE, 0xFDBE, 0xFDBE, 0xFDBE, 0xFDBE, 0xFDBE, 0xFDBE, 0xFDBE, 0xFDBE, 0xFDBE, 
    0xFDBE, 0xFDBE, 0xFDBE, 0xFDBE, 0xFDBE, 0xFDBE, 0xFDBE, 0xFDBE, 0xFDBE, 0xFDBE, 0xFDBE, 0xFDBE, 
    0xFDBE, 0xFDBE, 0xFDBE, 0xFDBE, 0xFDBE, 0xFDBE, 0xFDBE, 0xFDBE, 0xFDBE, 0xFDBE, 0xFDBE, 0xFDBE, 
    0xFDBE, 0xFDBE, 0xFDBE, 0xFDBE, 0x1EBF, 0x367D, 0x9785, 0x1EBF, 0xFDBE, 0xFDBE, 0xFDBE, 0xFDBE, 
    0x1DBF, 0xFDBE, 0xFDBE, 0xFDBE, 0xFDBE, 0xFDBE, 0xFDBE, 0xFDBE, 0xFDBE, 0xFDBE, 0xFDBE, 0xFDBE, 
    0xFDBE, 0xFDBE, 0xFDBE, 0xFDBE, 0xFDBE, 0xFDBE, 0xFDBE, 0xFDBE, 0xFDBE, 0xFDBE, 0xFDBE, 0xFDBE, 
    0xFDBE, 0xFDBE, 0xFDBE, 0xFDBE, 0xFDBE, 0xFDBE, 0xFDBE, 0xFDBE, 0xFDBE, 0xFDBE, 0xFDBE, 0xFDBE, 
    0xFDBE, 0xFDBE, 0xFDBE, 0xFDBE, 0xFDBE, 0xFDBE, 0xFDBE, 0xFDBE, 0xFDBE, 0xFDBE, 0xFDBE, 0xFDBE, 
    0xFDBE, 0xFDBE, 0xFDBE, 0xFDBE, 0xFDBE, 0xFDBE, 0xFDBE, 0xFDBE, 0xFDBE, 0xFDBE, 0xFDBE, 0xFDBE, 
    0x1DBF, 0xBCAE, 0xD574, 0x3BA6, 0x1EBF, 0xFDBE, 0xFDBE, 0xFDBE, 0xFDBE, 0xFDBE, 0xFDBE, 0xFDBE, 
    0xFDBE, 0xFDBE, 0xFDBE, 0xFDBE, 0xFDBE, 0xFDBE, 0xFDBE, 0xFDBE, 0xFDBE, 0xFDBE, 0xFDBE, 0xFDBE, 
    0xFDBE, 0xFDBE, 0xFDBE, 0xFDBE, 0xFDBE, 0xFDBE, 0xFDBE, 0xFDBE, 0xFDBE, 0xFDBE, 0xFDBE, 0xFDBE, 
    0xFDBE, 0xFDBE, 0xFDBE, 0xFDBE, 0xFDBE, 0xFDBE, 0xFDBE, 0xFDBE, 0xFDBE, 0xFDBE, 0xFDBE, 0xFDBE, 
    0xFDBE, 0xFDBE, 0xFDBE, 0xFDBE, 0xFDBE, 0xFDBE, 0xFDBE, 0xFDBE, 0xFDBE, 0xFDBE, 0xFDBE, 0xFDBE, 
    0xFDBE, 0xFDBE, 0xFDBE, 0xFDBE, 0xFDBE, 0xFDBE, 0xFDBE, 0xFDBE, 0xFDBE, 0xFDBE, 0xFDBE, 0xFDBE, 
    0xFDBE, 0xFDBE, 0xFDBE, 0x1DBF, 0xDDB6, 0xF574, 0xD98D, 0x1EBF, 0xFDB6, 0xFDBE, 0xFDBE, 0xFDBE, 
    0xFDBE, 0xFDBE, 0xFDBE, 0xFDBE, 0xFDBE, 0xFDBE, 0xFDBE, 0xFDBE, 0xFDBE, 0xFDBE, 0xFDBE, 0xFDBE, 
    0xFDBE, 0xFDBE, 0xFDBE, 0xFDBE, 0xFDBE, 0xFDBE, 0xFDBE, 0xFDBE, 0xFDBE, 0xFDBE, 0xFDBE, 0xFDBE, 
    
    0x9BAE, 0x1DBF, 0xFDBE, 0xFDBE, 0xFDBE, 0xFDBE, 0xFDBE, 0xFDBE, 0xFDBE, 0xFDBE, 0xFDBE, 0xFDBE, 
    0xFDBE, 0xFDBE, 0xFDBE, 0xFDBE, 0xFDBE, 0xFDBE, 0xFDBE, 0xFDBE, 0xFDBE, 0xFDBE, 0xFDBE, 0xFDBE, 
    0xFDBE, 0xFDBE, 0xFDBE, 0xFDBE, 0xFDBE, 0xFDBE, 0xFDBE, 0xFDBE, 0xFCBE, 0xFDBE, 0x577D, 0x7795, 
    0xBDFF, 0x9BFF, 0x9CFF, 0x9CFF, 0x9CFF, 0x9DFF, 0xBCFF, 0xDADE, 0xD574, 0x7BA6, 0x1DBF, 0xFDBE, 
    0xFDBE, 0xFDBE, 0xFDBE, 0xFDBE, 0xFDBE, 0xFDBE, 0xFDBE, 0xFDBE, 0xFDBE, 0xFDBE, 0xFDBE, 0xFDBE, 
    0xFDBE, 0xFDBE, 0xFDBE, 0xFDBE, 0xFDBE, 0xFDBE, 0xFDBE, 0xFDBE, 0xFDBE, 0xFDBE, 0xFDBE, 0xFDBE, 
    0xFDBE, 0xFDBE, 0xFDBE, 0xFDBE, 0xFDBE, 0xFDBE, 0xFDBE, 0xFDBE, 0xFDBE, 0xFDBE, 0xFDBE, 0xFDBE, 
    0xFDBE, 0xFDBE, 0xFDBE, 0xFDBE, 0xFDBE, 0xFDBE, 0xFDBE, 0xFDBE, 0xFDBE, 0xFDBE, 0xFDBE, 0xFDBE, 
    0xFDBE, 0xFDBE, 0xFDBE, 0xFDBE, 0xFDBE, 0xFDBE, 0xFDBE, 0xFDBE, 0xFDBE, 0xFDBE, 0xFDBE, 0xFDBE, 
    0x1EBF, 0x367D, 0x9785, 0x1EBF, 0xFDBE, 0xFDBE, 0xFDBE, 0xFDBE, 0x1DBF, 0xFDBE, 0xFDBE, 0xFDBE, 
    0xFDBE, 0xFDBE, 0xFDBE, 0xFDBE, 0xFDBE, 0xFDBE, 0xFDBE, 0xFDBE, 0xFDBE, 0xFDBE, 0xFDBE, 0xFDBE, 
    0xFDBE, 0xFDBE, 0xFDBE, 0xFDBE, 0xFDBE, 0xFDBE, 0xFDBE, 0xFDBE, 0xFDBE, 0xFDBE, 0xFDBE, 0xFDBE, 
    0xFDBE, 0xFDBE, 0xFDBE, 0xFDBE, 0xFDBE, 0xFDBE, 0xFDBE, 0xFDBE, 0xFDBE, 0xFDBE, 0xFDBE, 0xFDBE, 
    0xFDBE, 0xFDBE, 0xFDBE, 0xFDBE, 0xFDBE, 0xFDBE, 0xFDBE, 0xFDBE, 0xFDBE, 0xFDBE, 0xFDBE, 0xFDBE, 
    0xFDBE, 0xFDBE, 0xFDBE, 0xFDBE, 0xFDBE, 0xFDBE, 0xFDBE, 0xFDBE, 0x1DBF, 0xBCAE, 0xD574, 0x3BA6, 
    0x1EBF, 0xFDBE, 0xFDBE, 0xFDBE, 0xFDBE, 0xFDBE, 0xFDBE, 0xFDBE, 0xFDBE, 0xFDBE, 0xFDBE, 0xFDBE, 
    0xFDBE, 0xFDBE, 0xFDBE, 0xFDBE, 0xFDBE, 0xFDBE, 0xFDBE, 0xFDBE, 0xFDBE, 0xFDBE, 0xFDBE, 0xFDBE, 
    0xFDBE, 0xFDBE, 0xFDBE, 0xFDBE, 0xFDBE, 0xFDBE, 0xFDBE, 0xFDBE, 0xFDBE, 0xFDBE, 0xFDBE, 0xFDBE, 
    0xFDBE, 0xFDBE, 0xFDBE, 0xFDBE, 0xFDBE, 0xFDBE, 0xFDBE, 0xFDBE, 0xFDBE, 0xFDBE, 0xFDBE, 0xFDBE, 
    0xFDBE, 0xFDBE, 0xFDBE, 0xFDBE, 0xFDBE, 0xFDBE, 0xFDBE, 0xFDBE, 0xFDBE, 0xFDBE, 0xFDBE, 0xFDBE, 
    0xFDBE, 0xFDBE, 0xFDBE, 0xFDBE, 0xFDBE, 0xFDBE, 0xFDBE, 0xFDBE, 0xFDBE, 0xFDBE, 0xFDBE, 0x1DBF, 
    0xDDB6, 0xF574, 0xD98D, 0x1EBF, 0xFDB6, 0xFDBE, 0xFDBE, 0xFDBE, 0xFDBE, 0xFDBE, 0xFDBE, 0xFDBE, 
    0xFDBE, 0xFDBE, 0xFDBE, 0xFDBE, 0xFDBE, 0xFDBE, 0xFDBE, 0xFDBE, 0xFDBE, 0xFDBE, 0xFDBE, 0xFDBE, 
    0xFDBE, 0xFDBE, 0xFDBE, 0xFDBE, 0xFDBE, 0xFDBE, 0xFDBE, 0xFDBE, 
    0x9BAE, 0x1DBF, 0xFDBE, 0xFDBE, 
    0xFDBE, 0xFDBE, 0xFDBE, 0xFDBE, 0xFDBE, 0xFDBE, 0xFDBE, 0xFDBE, 0xFDBE, 0xFDBE, 0xFDBE, 0xFDBE, 
    0xFDBE, 0xFDBE, 0xFDBE, 0xFDBE, 0xFDBE, 0xFDBE, 0xFDBE, 0xFDBE, 0xFDBE, 0xFDBE, 0xFDBE, 0xFDBE, 
    0xFDBE, 0xFDBE, 0xFDBE, 0xFDBE, 0xFCBE, 0xFDBE, 0x577D, 0x7795, 0xBDFF, 0x9BFF, 0x9CFF, 0x9CFF, 
    0x9CFF, 0x9DFF, 0xBCFF, 0xDADE, 0xD574, 0x7BA6, 0x1DBF, 0xFDBE, 0xFDBE, 0xFDBE, 0xFDBE, 0xFDBE, 
    0xFDBE, 0xFDBE, 0xFDBE, 0xFDBE, 0xFDBE, 0xFDBE, 0xFDBE, 0xFDBE, 0xFDBE, 0xFDBE, 0xFDBE, 0xFDBE, 
    0xFDBE, 0xFDBE, 0xFDBE, 0xFDBE, 0xFDBE, 0xFDBE, 0xFDBE, 0xFDBE, 0xFDBE, 0xFDBE, 0xFDBE, 0xFDBE, 
    0xFDBE, 0xFDBE, 0xFDBE, 0xFDBE, 0xFDBE, 0xFDBE, 0xFDBE, 0xFDBE, 0xFDBE, 0xFDBE, 0xFDBE, 0xFDBE, 
    0xFDBE, 0xFDBE, 0xFDBE, 0xFDBE, 0xFDBE, 0xFDBE, 0xFDBE, 0xFDBE, 0xFDBE, 0xFDBE, 0xFDBE, 0xFDBE, 
    0xFDBE, 0xFDBE, 0xFDBE, 0xFDBE, 0xFDBE, 0xFDBE, 0xFDBE, 0xFDBE, 0x1EBF, 0x367D, 0x9785, 0x1EBF, 
    0xFDBE, 0xFDBE, 0xFDBE, 0xFDBE, 0x1DBF, 0xFDBE, 0xFDBE, 0xFDBE, 0xFDBE, 0xFDBE, 0xFDBE, 0xFDBE, 
    0xFDBE, 0xFDBE, 0xFDBE, 0xFDBE, 0xFDBE, 0xFDBE, 0xFDBE, 0xFDBE, 0xFDBE, 0xFDBE, 0xFDBE, 0xFDBE, 
    0xFDBE, 0xFDBE, 0xFDBE, 0xFDBE, 0xFDBE, 0xFDBE, 0xFDBE, 0xFDBE, 0xFDBE, 0xFDBE, 0xFDBE, 0xFDBE, 
    0xFDBE, 0xFDBE, 0xFDBE, 0xFDBE, 0xFDBE, 0xFDBE, 0xFDBE, 0xFDBE, 0xFDBE, 0xFDBE, 0xFDBE, 0xFDBE, 
    0xFDBE, 0xFDBE, 0xFDBE, 0xFDBE, 0xFDBE, 0xFDBE, 0xFDBE, 0xFDBE, 0xFDBE, 0xFDBE, 0xFDBE, 0xFDBE, 
    0xFDBE, 0xFDBE, 0xFDBE, 0xFDBE, 0x1DBF, 0xBCAE, 0xD574, 0x3BA6, 0x1EBF, 0xFDBE, 0xFDBE, 0xFDBE, 
    0xFDBE, 0xFDBE, 0xFDBE, 0xFDBE, 0xFDBE, 0xFDBE, 0xFDBE, 0xFDBE, 0xFDBE, 0xFDBE, 0xFDBE, 0xFDBE, 
    0xFDBE, 0xFDBE, 0xFDBE, 0xFDBE, 0xFDBE, 0xFDBE, 0xFDBE, 0xFDBE, 0xFDBE, 0xFDBE, 0xFDBE, 0xFDBE, 
    0xFDBE, 0xFDBE, 0xFDBE, 0xFDBE, 0xFDBE, 0xFDBE, 0xFDBE, 0xFDBE, 0xFDBE, 0xFDBE, 0xFDBE, 0xFDBE, 
    0xFDBE, 0xFDBE, 0xFDBE, 0xFDBE, 0xFDBE, 0xFDBE, 0xFDBE, 0xFDBE, 0xFDBE, 0xFDBE, 0xFDBE, 0xFDBE, 
    0xFDBE, 0xFDBE, 0xFDBE, 0xFDBE, 0xFDBE, 0xFDBE, 0xFDBE, 0xFDBE, 0xFDBE, 0xFDBE, 0xFDBE, 0xFDBE, 
    0xFDBE, 0xFDBE, 0xFDBE, 0xFDBE, 0xFDBE, 0xFDBE, 0xFDBE, 0x1DBF, 0xDDB6, 0xF574, 0xD98D, 0x1EBF, 
    0xFDB6, 0xFDBE, 0xFDBE, 0xFDBE, 0xFDBE, 0xFDBE, 0xFDBE, 0xFDBE, 0xFDBE, 0xFDBE, 0xFDBE, 0xFDBE, 
    0xFDBE, 0xFDBE, 0xFDBE, 0xFDBE, 0xFDBE, 0xFDBE, 0xFDBE, 0xFDBE, 0xFDBE, 0xFDBE, 0xFDBE, 0xFDBE, 
    0xFDBE, 0xFDBE, 0xFDBE, 0xFDBE, 
    0x9BAE, 0x1DBF, 0xFDBE, 0xFDBE, 0xFDBE, 0xFDBE, 0xFDBE, 0xFDBE, 
    0xFDBE, 0xFDBE, 0xFDBE, 0xFDBE, 0xFDBE, 0xFDBE, 0xFDBE, 0xFDBE, 0xFDBE, 0xFDBE, 0xFDBE, 0xFDBE, 
    0xFDBE, 0xFDBE, 0xFDBE, 0xFDBE, 0xFDBE, 0xFDBE, 0xFDBE, 0xFDBE, 0xFDBE, 0xFDBE, 0xFDBE, 0xFDBE, 
    0xFCBE, 0xFDBE, 0x577D, 0x7795, 0xBDFF, 0x9BFF, 0x9CFF, 0x9CFF, 0x9CFF, 0x9DFF, 0xBCFF, 0xDADE, 
    0xD574, 0x7BA6, 0x1DBF, 0xFDBE, 0xFDBE, 0xFDBE, 0xFDBE, 0xFDBE, 0xFDBE, 0xFDBE, 0xFDBE, 0xFDBE, 
    0xFDBE, 0xFDBE, 0xFDBE, 0xFDBE, 0xFDBE, 0xFDBE, 0xFDBE, 0xFDBE, 0xFDBE, 0xFDBE, 0xFDBE, 0xFDBE, 
    0xFDBE, 0xFDBE, 0xFDBE, 0xFDBE, 0xFDBE, 0xFDBE, 0xFDBE, 0xFDBE, 0xFDBE, 0xFDBE, 0xFDBE, 0xFDBE, 
    0xFDBE, 0xFDBE, 0xFDBE, 0xFDBE, 0xFDBE, 0xFDBE, 0xFDBE, 0xFDBE, 0xFDBE, 0xFDBE, 0xFDBE, 0xFDBE, 
    0xFDBE, 0xFDBE, 0xFDBE, 0xFDBE, 0xFDBE, 0xFDBE, 0xFDBE, 0xFDBE, 0xFDBE, 0xFDBE, 0xFDBE, 0xFDBE, 
    0xFDBE, 0xFDBE, 0xFDBE, 0xFDBE, 0x1EBF, 0x367D, 0x9785, 0x1EBF, 0xFDBE, 0xFDBE, 0xFDBE, 0xFDBE, 
    0x1DBF, 0xFDBE, 0xFDBE, 0xFDBE, 0xFDBE, 0xFDBE, 0xFDBE, 0xFDBE, 0xFDBE, 0xFDBE, 0xFDBE, 0xFDBE, 
    0xFDBE, 0xFDBE, 0xFDBE, 0xFDBE, 0xFDBE, 0xFDBE, 0xFDBE, 0xFDBE, 0xFDBE, 0xFDBE, 0xFDBE, 0xFDBE, 
    0xFDBE, 0xFDBE, 0xFDBE, 0xFDBE, 0xFDBE, 0xFDBE, 0xFDBE, 0xFDBE, 0xFDBE, 0xFDBE, 0xFDBE, 0xFDBE, 
    0xFDBE, 0xFDBE, 0xFDBE, 0xFDBE, 0xFDBE, 0xFDBE, 0xFDBE, 0xFDBE, 0xFDBE, 0xFDBE, 0xFDBE, 0xFDBE, 
    0xFDBE, 0xFDBE, 0xFDBE, 0xFDBE, 0xFDBE, 0xFDBE, 0xFDBE, 0xFDBE, 0xFDBE, 0xFDBE, 0xFDBE, 0xFDBE, 
    0x1DBF, 0xBCAE, 0xD574, 0x3BA6, 0x1EBF, 0xFDBE, 0xFDBE, 0xFDBE, 0xFDBE, 0xFDBE, 0xFDBE, 0xFDBE, 
    0xFDBE, 0xFDBE, 0xFDBE, 0xFDBE, 0xFDBE, 0xFDBE, 0xFDBE, 0xFDBE, 0xFDBE, 0xFDBE, 0xFDBE, 0xFDBE, 
    0xFDBE, 0xFDBE, 0xFDBE, 0xFDBE, 0xFDBE, 0xFDBE, 0xFDBE, 0xFDBE, 0xFDBE, 0xFDBE, 0xFDBE, 0xFDBE, 
    0xFDBE, 0xFDBE, 0xFDBE, 0xFDBE, 0xFDBE, 0xFDBE, 0xFDBE, 0xFDBE, 0xFDBE, 0xFDBE, 0xFDBE, 0xFDBE, 
    0xFDBE, 0xFDBE, 0xFDBE, 0xFDBE, 0xFDBE, 0xFDBE, 0xFDBE, 0xFDBE, 0xFDBE, 0xFDBE, 0xFDBE, 0xFDBE, 
    0xFDBE, 0xFDBE, 0xFDBE, 0xFDBE, 0xFDBE, 0xFDBE, 0xFDBE, 0xFDBE, 0xFDBE, 0xFDBE, 0xFDBE, 0xFDBE, 
    0xFDBE, 0xFDBE, 0xFDBE, 0x1DBF, 0xDDB6, 0xF574, 0xD98D, 0x1EBF, 0xFDB6, 0xFDBE, 0xFDBE, 0xFDBE, 
    0xFDBE, 0xFDBE, 0xFDBE, 0xFDBE, 0xFDBE, 0xFDBE, 0xFDBE, 0xFDBE, 0xFDBE, 0xFDBE, 0xFDBE, 0xFDBE, 
    0xFDBE, 0xFDBE, 0xFDBE, 0xFDBE, 0xFDBE, 0xFDBE, 0xFDBE, 0xFDBE, 0xFDBE, 0xFDBE, 0xFDBE, 0xFDBE, 
    
    0x9BAE, 0x1DBF, 0xFDBE, 0xFDBE, 0xFDBE, 0xFDBE, 0xFDBE, 0xFDBE, 0xFDBE, 0xFDBE, 0xFDBE, 0xFDBE, 
    0xFDBE, 0xFDBE, 0xFDBE, 0xFDBE, 0xFDBE, 0xFDBE, 0xFDBE, 0xFDBE, 0xFDBE, 0xFDBE, 0xFDBE, 0xFDBE, 
    0xFDBE, 0xFDBE, 0xFDBE, 0xFDBE, 0xFDBE, 0xFDBE, 0xFDBE, 0xFDBE, 0xFCBE, 0xFDBE, 0x577D, 0x7795, 
    0xBDFF, 0x9BFF, 0x9CFF, 0x9CFF, 0x9CFF, 0x9DFF, 0xBCFF, 0xDADE, 0xD574, 0x7BA6, 0x1DBF, 0xFDBE, 
    0xFDBE, 0xFDBE, 0xFDBE, 0xFDBE, 0xFDBE, 0xFDBE, 0xFDBE, 0xFDBE, 0xFDBE, 0xFDBE, 0xFDBE, 0xFDBE, 
    0xFDBE, 0xFDBE, 0xFDBE, 0xFDBE, 0xFDBE, 0xFDBE, 0xFDBE, 0xFDBE, 0xFDBE, 0xFDBE, 0xFDBE, 0xFDBE, 
    0xFDBE, 0xFDBE, 0xFDBE, 0xFDBE, 0xFDBE, 0xFDBE, 0xFDBE, 0xFDBE, 0xFDBE, 0xFDBE, 0xFDBE, 0xFDBE, 
    0xFDBE, 0xFDBE, 0xFDBE, 0xFDBE, 0xFDBE, 0xFDBE, 0xFDBE, 0xFDBE, 0xFDBE, 0xFDBE, 0xFDBE, 0xFDBE, 
    0xFDBE, 0xFDBE, 0xFDBE, 0xFDBE, 0xFDBE, 0xFDBE, 0xFDBE, 0xFDBE, 0xFDBE, 0xFDBE, 0xFDBE, 0xFDBE, 
    0x1EBF, 0x367D, 0x9785, 0x1EBF, 0xFDBE, 0xFDBE, 0xFDBE, 0xFDBE, 0x1DBF, 0xFDBE, 0xFDBE, 0xFDBE, 
    0xFDBE, 0xFDBE, 0xFDBE, 0xFDBE, 0xFDBE, 0xFDBE, 0xFDBE, 0xFDBE, 0xFDBE, 0xFDBE, 0xFDBE, 0xFDBE, 
    0xFDBE, 0xFDBE, 0xFDBE, 0xFDBE, 0xFDBE, 0xFDBE, 0xFDBE, 0xFDBE, 0xFDBE, 0xFDBE, 0xFDBE, 0xFDBE, 
    0xFDBE, 0xFDBE, 0xFDBE, 0xFDBE, 0xFDBE, 0xFDBE, 0xFDBE, 0xFDBE, 0xFDBE, 0xFDBE, 0xFDBE, 0xFDBE, 
    0xFDBE, 0xFDBE, 0xFDBE, 0xFDBE, 0xFDBE, 0xFDBE, 0xFDBE, 0xFDBE, 0xFDBE, 0xFDBE, 0xFDBE, 0xFDBE, 
    0xFDBE, 0xFDBE, 0xFDBE, 0xFDBE, 0xFDBE, 0xFDBE, 0xFDBE, 0xFDBE, 0x1DBF, 0xBCAE, 0xD574, 0x3BA6, 
    0x1EBF, 0xFDBE, 0xFDBE, 0xFDBE, 0xFDBE, 0xFDBE, 0xFDBE, 0xFDBE, 0xFDBE, 0xFDBE, 0xFDBE, 0xFDBE, 
    0xFDBE, 0xFDBE, 0xFDBE, 0xFDBE, 0xFDBE, 0xFDBE, 0xFDBE, 0xFDBE, 0xFDBE, 0xFDBE, 0xFDBE, 0xFDBE, 
    0xFDBE, 0xFDBE, 0xFDBE, 0xFDBE, 0xFDBE, 0xFDBE, 0xFDBE, 0xFDBE, 0xFDBE, 0xFDBE, 0xFDBE, 0xFDBE, 
    0xFDBE, 0xFDBE, 0xFDBE, 0xFDBE, 0xFDBE, 0xFDBE, 0xFDBE, 0xFDBE, 0xFDBE, 0xFDBE, 0xFDBE, 0xFDBE, 
    0xFDBE, 0xFDBE, 0xFDBE, 0xFDBE, 0xFDBE, 0xFDBE, 0xFDBE, 0xFDBE, 0xFDBE, 0xFDBE, 0xFDBE, 0xFDBE, 
    0xFDBE, 0xFDBE, 0xFDBE, 0xFDBE, 0xFDBE, 0xFDBE, 0xFDBE, 0xFDBE, 0xFDBE, 0xFDBE, 0xFDBE, 0x1DBF, 
    0xDDB6, 0xF574, 0xD995, 0x1EBF, 0xFDB6, 0xFDBE, 0xFDBE, 0xFDBE, 0xFDBE, 0xFDBE, 0xFDBE, 0xFDBE, 
    0xFDBE, 0xFDBE, 0xFDBE, 0xFDBE, 0xFDBE, 0xFDBE, 0xFDBE, 0xFDBE, 0xFDBE, 0xFDBE, 0xFDBE, 0xFDBE, 
    0xFDBE, 0xFDBE, 0xFDBE, 0xFDBE, 0xFDBE, 0xFDBE, 0xFDBE, 0xFDBE, 
    0x9BAE, 0x1DBF, 0xFDBE, 0xFDBE, 
    0xFDBE, 0xFDBE, 0xFDBE, 0xFDBE, 0xFDBE, 0xFDBE, 0xFDBE, 0xFDBE, 0xFDBE, 0xFDBE, 0xFDBE, 0xFDBE, 
    0xFDBE, 0xFDBE, 0xFDBE, 0xFDBE, 0xFDBE, 0xFDBE, 0xFDBE, 0xFDBE, 0xFDBE, 0xFDBE, 0xFDBE, 0xFDBE, 
    0xFDBE, 0xFDBE, 0xFDBE, 0xFDBE, 0xFCBE, 0xFDBE, 0x577D, 0x7795, 0xBDFF, 0x9BFF, 0x9CFF, 0x9CFF, 
    0x9CFF, 0x9DFF, 0xBCFF, 0xDADE, 0xD574, 0x7BA6, 0x1DBF, 0xFDBE, 0xFDBE, 0xFDBE, 0xFDBE, 0xFDBE, 
    0xFDBE, 0xFDBE, 0xFDBE, 0xFDBE, 0xFDBE, 0xFDBE, 0xFDBE, 0xFDBE, 0xFDBE, 0xFDBE, 0xFDBE, 0xFDBE, 
    0xFDBE, 0xFDBE, 0xFDBE, 0xFDBE, 0xFDBE, 0xFDBE, 0xFDBE, 0xFDBE, 0xFDBE, 0xFDBE, 0xFDBE, 0xFDBE, 
    0xFDBE, 0xFDBE, 0xFDBE, 0xFDBE, 0xFDBE, 0xFDBE, 0xFDBE, 0xFDBE, 0xFDBE, 0xFDBE, 0xFDBE, 0xFDBE, 
    0xFDBE, 0xFDBE, 0xFDBE, 0xFDBE, 0xFDBE, 0xFDBE, 0xFDBE, 0xFDBE, 0xFDBE, 0xFDBE, 0xFDBE, 0xFDBE, 
    0xFDBE, 0xFDBE, 0xFDBE, 0xFDBE, 0xFDBE, 0xFDBE, 0xFDBE, 0xFDBE, 0x1EBF, 0x367D, 0x9785, 0x1EBF, 
    0xFDBE, 0xFDBE, 0xFDBE, 0xFDBE, 0x1DBF, 0xFDBE, 0xFDBE, 0xFDBE, 0xFDBE, 0xFDBE, 0xFDBE, 0xFDBE, 
    0xFDBE, 0xFDBE, 0xFDBE, 0xFDBE, 0xFDBE, 0xFDBE, 0xFDBE, 0xFDBE, 0xFDBE, 0xFDBE, 0xFDBE, 0xFDBE, 
    0xFDBE, 0xFDBE, 0xFDBE, 0xFDBE, 0xFDBE, 0xFDBE, 0xFDBE, 0xFDBE, 0xFDBE, 0xFDBE, 0xFDBE, 0xFDBE, 
    0xFDBE, 0xFDBE, 0xFDBE, 0xFDBE, 0xFDBE, 0xFDBE, 0xFDBE, 0xFDBE, 0xFDBE, 0xFDBE, 0xFDBE, 0xFDBE, 
    0xFDBE, 0xFDBE, 0xFDBE, 0xFDBE, 0xFDBE, 0xFDBE, 0xFDBE, 0xFDBE, 0xFDBE, 0xFDBE, 0xFDBE, 0xFDBE, 
    0xFDBE, 0xFDBE, 0xFDBE, 0xFDBE, 0x1DBF, 0xBCAE, 0xD574, 0x3BA6, 0x1EBF, 0xFDBE, 0xFDBE, 0xFDBE, 
    0xFDBE, 0xFDBE, 0xFDBE, 0xFDBE, 0xFDBE, 0xFDBE, 0xFDBE, 0xFDBE, 0xFDBE, 0xFDBE, 0xFDBE, 0xFDBE, 
    0xFDBE, 0xFDBE, 0xFDBE, 0xFDBE, 0xFDBE, 0xFDBE, 0xFDBE, 0xFDBE, 0xFDBE, 0xFDBE, 0xFDBE, 0xFDBE, 
    0xFDBE, 0xFDBE, 0xFDBE, 0xFDBE, 0xFDBE, 0xFDBE, 0xFDBE, 0xFDBE, 0xFDBE, 0xFDBE, 0xFDBE, 0xFDBE, 
    0xFDBE, 0xFDBE, 0xFDBE, 0xFDBE, 0xFDBE, 0xFDBE, 0xFDBE, 0xFDBE, 0xFDBE, 0xFDBE, 0xFDBE, 0xFDBE, 
    0xFDBE, 0xFDBE, 0xFDBE, 0xFDBE, 0xFDBE, 0xFDBE, 0xFDBE, 0xFDBE, 0xFDBE, 0xFDBE, 0xFDBE, 0xFDBE, 
    0xFDBE, 0xFDBE, 0xFDBE, 0xFDBE, 0xFDBE, 0xFDBE, 0xFDBE, 0xFEBE, 0xDDB6, 0xF57C, 0xD895, 0x1EBF, 
    0xFDBE, 0xFDBE, 0xFDBE, 0xFDBE, 0xFDBE, 0xFDBE, 0xFDBE, 0xFDBE, 0xFDBE, 0xFDBE, 0xFDBE, 0xFDBE, 
    0xFDBE, 0xFDBE, 0xFDBE, 0xFDBE, 0xFDBE, 0xFDBE, 0xFDBE, 0xFDBE, 0xFDBE, 0xFDBE, 0xFDBE, 0xFDBE, 
    0xFDBE, 0xFDBE, 0xFDBE, 0xFDBE, 
    0x9BAE, 0x1DBF, 0xFDBE, 0xFDBE, 0xFDBE, 0xFDBE, 0xFDBE, 0xFDBE, 
    0xFDBE, 0xFDBE, 0xFDBE, 0xFDBE, 0xFDBE, 0xFDBE, 0xFDBE, 0xFDBE, 0xFDBE, 0xFDBE, 0xFDBE, 0xFDBE, 
    0xFDBE, 0xFDBE, 0xFDBE, 0xFDBE, 0xFDBE, 0xFDBE, 0xFDBE, 0xFDBE, 0xFDBE, 0xFDBE, 0xFDBE, 0xFDBE, 
    0xFCBE, 0xFDBE, 0x577D, 0x7795, 0xBDFF, 0x9BFF, 0x9CFF, 0x9CFF, 0x9CFF, 0x9DFF, 0xBCFF, 0xDADE, 
    0xD574, 0x7BA6, 0x1DBF, 0xFDBE, 0xFDBE, 0xFDBE, 0xFDBE, 0xFDBE, 0xFDBE, 0xFDBE, 0xFDBE, 0xFDBE, 
    0xFDBE, 0xFDBE, 0xFDBE, 0xFDBE, 0xFDBE, 0xFDBE, 0xFDBE, 0xFDBE, 0xFDBE, 0xFDBE, 0xFDBE, 0xFDBE, 
    0xFDBE, 0xFDBE, 0xFDBE, 0xFDBE, 0xFDBE, 0xFDBE, 0xFDBE, 0xFDBE, 0xFDBE, 0xFDBE, 0xFDBE, 0xFDBE, 
    0xFDBE, 0xFDBE, 0xFDBE, 0xFDBE, 0xFDBE, 0xFDBE, 0xFDBE, 0xFDBE, 0xFDBE, 0xFDBE, 0xFDBE, 0xFDBE, 
    0xFDBE, 0xFDBE, 0xFDBE, 0xFDBE, 0xFDBE, 0xFDBE, 0xFDBE, 0xFDBE, 0xFDBE, 0xFDBE, 0xFDBE, 0xFDBE, 
    0xFDBE, 0xFDBE, 0xFDBE, 0xFDBE, 0x1EBF, 0x367D, 0x9785, 0x1EBF, 0xFDBE, 0xFDBE, 0xFDBE, 0xFDBE, 
    0x1DBF, 0xFDBE, 0xFDBE, 0xFDBE, 0xFDBE, 0xFDBE, 0xFDBE, 0xFDBE, 0xFDBE, 0xFDBE, 0xFDBE, 0xFDBE, 
    0xFDBE, 0xFDBE, 0xFDBE, 0xFDBE, 0xFDBE, 0xFDBE, 0xFDBE, 0xFDBE, 0xFDBE, 0xFDBE, 0xFDBE, 0xFDBE, 
    0xFDBE, 0xFDBE, 0xFDBE, 0xFDBE, 0xFDBE, 0xFDBE, 0xFDBE, 0xFDBE, 0xFDBE, 0xFDBE, 0xFDBE, 0xFDBE, 
    0xFDBE, 0xFDBE, 0xFDBE, 0xFDBE, 0xFDBE, 0xFDBE, 0xFDBE, 0xFDBE, 0xFDBE, 0xFDBE, 0xFDBE, 0xFDBE, 
    0xFDBE, 0xFDBE, 0xFDBE, 0xFDBE, 0xFDBE, 0xFDBE, 0xFDBE, 0xFDBE, 0xFDBE, 0xFDBE, 0xFDBE, 0xFDBE, 
    0x1DBF, 0xBCAE, 0xD574, 0x3BA6, 0x1EBF, 0xFDBE, 0xFDBE, 0xFDBE, 0xFDBE, 0xFDBE, 0xFDBE, 0xFDBE, 
    0xFDBE, 0xFDBE, 0xFDBE, 0xFDBE, 0xFDBE, 0xFDBE, 0xFDBE, 0xFDBE, 0xFDBE, 0xFDBE, 0xFDBE, 0xFDBE, 
    0xFDBE, 0xFDBE, 0xFDBE, 0xFDBE, 0xFDBE, 0xFDBE, 0xFDBE, 0xFDBE, 0xFDBE, 0xFDBE, 0xFDBE, 0xFDBE, 
    0xFDBE, 0xFDBE, 0xFDBE, 0xFDBE, 0xFDBE, 0xFDBE, 0xFDBE, 0xFDBE, 0xFDBE, 0xFDBE, 0xFDBE, 0xFDBE, 
    0xFDBE, 0xFDBE, 0xFDBE, 0xFDBE, 0xFDBE, 0xFDBE, 0xFDBE, 0xFDBE, 0xFDBE, 0xFDBE, 0xFDBE, 0xFDBE, 
    0xFDBE, 0xFDBE, 0xFDBE, 0xFDBE, 0xFDBE, 0xFDBE, 0xFDBE, 0xFDBE, 0xFDBE, 0xFDBE, 0xFDBE, 0xFDBE, 
    0xFDBE, 0xFDBE, 0xFDBE, 0xFEBE, 0xDDB6, 0xF57C, 0xD895, 0x1EBF, 0xFDBE, 0xFDBE, 0xFDBE, 0xFDBE, 
    0xFDBE, 0xFDBE, 0xFDBE, 0xFDBE, 0xFDBE, 0xFDBE, 0xFDBE, 0xFDBE, 0xFDBE, 0xFDBE, 0xFDBE, 0xFDBE, 
    0xFDBE, 0xFDBE, 0xFDBE, 0xFDBE, 0xFDBE, 0xFDBE, 0xFDBE, 0xFDBE, 0xFDBE, 0xFDBE, 0xFDBE, 0xFDBE, 
    
    0x9BAE, 0x1DBF, 0xFDBE, 0xFDBE, 0xFDBE, 0xFDBE, 0xFDBE, 0xFDBE, 0xFDBE, 0xFDBE, 0xFDBE, 0xFDBE, 
    0xFDBE, 0xFDBE, 0xFDBE, 0xFDBE, 0xFDBE, 0xFDBE, 0xFDBE, 0xFDBE, 0xFDBE, 0xFDBE, 0xFDBE, 0xFDBE, 
    0xFDBE, 0xFDBE, 0xFDBE, 0xFDBE, 0xFDBE, 0xFDBE, 0xFDBE, 0xFDBE, 0xFCBE, 0xFDBE, 0x577D, 0x7795, 
    0xBDFF, 0x9BFF, 0x9CFF, 0x9CFF, 0x9CFF, 0x9DFF, 0xBCFF, 0xDADE, 0xD574, 0x7BA6, 0x1DBF, 0xFDBE, 
    0xFDBE, 0xFDBE, 0xFDBE, 0xFDBE, 0xFDBE, 0xFDBE, 0xFDBE, 0xFDBE, 0xFDBE, 0xFDBE, 0xFDBE, 0xFDBE, 
    0xFDBE, 0xFDBE, 0xFDBE, 0xFDBE, 0xFDBE, 0xFDBE, 0xFDBE, 0xFDBE, 0xFDBE, 0xFDBE, 0xFDBE, 0xFDBE, 
    0xFDBE, 0xFDBE, 0xFDBE, 0xFDBE, 0xFDBE, 0xFDBE, 0xFDBE, 0xFDBE, 0xFDBE, 0xFDBE, 0xFDBE, 0xFDBE, 
    0xFDBE, 0xFDBE, 0xFDBE, 0xFDBE, 0xFDBE, 0xFDBE, 0xFDBE, 0xFDBE, 0xFDBE, 0xFDBE, 0xFDBE, 0xFDBE, 
    0xFDBE, 0xFDBE, 0xFDBE, 0xFDBE, 0xFDBE, 0xFDBE, 0xFDBE, 0xFDBE, 0xFDBE, 0xFDBE, 0xFDBE, 0xFDBE, 
    0x1EBF, 0x367D, 0x9785, 0x1EBF, 0xFDBE, 0xFDBE, 0xFDBE, 0xFDBE, 0x1DBF, 0xFDBE, 0xFDBE, 0xFDBE, 
    0xFDBE, 0xFDBE, 0xFDBE, 0xFDBE, 0xFDBE, 0xFDBE, 0xFDBE, 0xFDBE, 0xFDBE, 0xFDBE, 0xFDBE, 0xFDBE, 
    0xFDBE, 0xFDBE, 0xFDBE, 0xFDBE, 0xFDBE, 0xFDBE, 0xFDBE, 0xFDBE, 0xFDBE, 0xFDBE, 0xFDBE, 0xFDBE, 
    0xFDBE, 0xFDBE, 0xFDBE, 0xFDBE, 0xFDBE, 0xFDBE, 0xFDBE, 0xFDBE, 0xFDBE, 0xFDBE, 0xFDBE, 0xFDBE, 
    0xFDBE, 0xFDBE, 0xFDBE, 0xFDBE, 0xFDBE, 0xFDBE, 0xFDBE, 0xFDBE, 0xFDBE, 0xFDBE, 0xFDBE, 0xFDBE, 
    0xFDBE, 0xFDBE, 0xFDBE, 0xFDBE, 0xFDBE, 0xFDBE, 0xFDBE, 0xFDBE, 0x1DBF, 0xBCAE, 0xD574, 0x3BA6, 
    0x1EBF, 0xFDBE, 0xFDBE, 0xFDBE, 0xFDBE, 0xFDBE, 0xFDBE, 0xFDBE, 0xFDBE, 0xFDBE, 0xFDBE, 0xFDBE, 
    0xFDBE, 0xFDBE, 0xFDBE, 0xFDBE, 0xFDBE, 0xFDBE, 0xFDBE, 0xFDBE, 0xFDBE, 0xFDBE, 0xFDBE, 0xFDBE, 
    0xFDBE, 0xFDBE, 0xFDBE, 0xFDBE, 0xFDBE, 0xFDBE, 0xFDBE, 0xFDBE, 0xFDBE, 0xFDBE, 0xFDBE, 0xFDBE, 
    0xFDBE, 0xFDBE, 0xFDBE, 0xFDBE, 0xFDBE, 0xFDBE, 0xFDBE, 0xFDBE, 0xFDBE, 0xFDBE, 0xFDBE, 0xFDBE, 
    0xFDBE, 0xFDBE, 0xFDBE, 0xFDBE, 0xFDBE, 0xFDBE, 0xFDBE, 0xFDBE, 0xFDBE, 0xFDBE, 0xFDBE, 0xFDBE, 
    0xFDBE, 0xFDBE, 0xFDBE, 0xFDBE, 0xFDBE, 0xFDBE, 0xFDBE, 0xFDBE, 0xFDBE, 0xFDBE, 0xFDBE, 0xFEBE, 
    0xDDB6, 0xF57C, 0xD895, 0x1EBF, 0xFDBE, 0xFDBE, 0xFDBE, 0xFDBE, 0xFDBE, 0xFDBE, 0xFDBE, 0xFDBE, 
    0xFDBE, 0xFDBE, 0xFDBE, 0xFDBE, 0xFDBE, 0xFDBE, 0xFDBE, 0xFDBE, 0xFDBE, 0xFDBE, 0xFDBE, 0xFDBE, 
    0xFDBE, 0xFDBE, 0xFDBE, 0xFDBE, 0xFDBE, 0xFDBE, 0xFDBE, 0xFDBE, 
    0x9BAE, 0x1DBF, 0xFDBE, 0xFDBE, 
    0xFDBE, 0xFDBE, 0xFDBE, 0xFDBE, 0xFDBE, 0xFDBE, 0xFDBE, 0xFDBE, 0xFDBE, 0xFDBE, 0xFDBE, 0xFDBE, 
    0xFDBE, 0xFDBE, 0xFDBE, 0xFDBE, 0xFDBE, 0xFDBE, 0xFDBE, 0xFDBE, 0xFDBE, 0xFDBE, 0xFDBE, 0xFDBE, 
    0xFDBE, 0xFDBE, 0xFDBE, 0xFDBE, 0xFCBE, 0xFDBE, 0x577D, 0x7795, 0xBDFF, 0x9BFF, 0x9CFF, 0x9CFF, 
    0x9CFF, 0x9DFF, 0xBCFF, 0xDADE, 0xD574, 0x7BA6, 0x1DBF, 0xFDBE, 0xFDBE, 0xFDBE, 0xFDBE, 0xFDBE, 
    0xFDBE, 0xFDBE, 0xFDBE, 0xFDBE, 0xFDBE, 0xFDBE, 0xFDBE, 0xFDBE, 0xFDBE, 0xFDBE, 0xFDBE, 0xFDBE, 
    0xFDBE, 0xFDBE, 0xFDBE, 0xFDBE, 0xFDBE, 0xFDBE, 0xFDBE, 0xFDBE, 0xFDBE, 0xFDBE, 0xFDBE, 0xFDBE, 
    0xFDBE, 0xFDBE, 0xFDBE, 0xFDBE, 0xFDBE, 0xFDBE, 0xFDBE, 0xFDBE, 0xFDBE, 0xFDBE, 0xFDBE, 0xFDBE, 
    0xFDBE, 0xFDBE, 0xFDBE, 0xFDBE, 0xFDBE, 0xFDBE, 0xFDBE, 0xFDBE, 0xFDBE, 0xFDBE, 0xFDBE, 0xFDBE, 
    0xFDBE, 0xFDBE, 0xFDBE, 0xFDBE, 0xFDBE, 0xFDBE, 0xFDBE, 0xFDBE, 0x1EBF, 0x367D, 0x9785, 0x1EBF, 
    0xFDBE, 0xFDBE, 0xFDBE, 0xFDBE, 0x1DBF, 0xFDBE, 0xFDBE, 0xFDBE, 0xFDBE, 0xFDBE, 0xFDBE, 0xFDBE, 
    0xFDBE, 0xFDBE, 0xFDBE, 0xFDBE, 0xFDBE, 0xFDBE, 0xFDBE, 0xFDBE, 0xFDBE, 0xFDBE, 0xFDBE, 0xFDBE, 
    0xFDBE, 0xFDBE, 0xFDBE, 0xFDBE, 0xFDBE, 0xFDBE, 0xFDBE, 0xFDBE, 0xFDBE, 0xFDBE, 0xFDBE, 0xFDBE, 
    0xFDBE, 0xFDBE, 0xFDBE, 0xFDBE, 0xFDBE, 0xFDBE, 0xFDBE, 0xFDBE, 0xFDBE, 0xFDBE, 0xFDBE, 0xFDBE, 
    0xFDBE, 0xFDBE, 0xFDBE, 0xFDBE, 0xFDBE, 0xFDBE, 0xFDBE, 0xFDBE, 0xFDBE, 0xFDBE, 0xFDBE, 0xFDBE, 
    0xFDBE, 0xFDBE, 0xFDBE, 0xFDBE, 0x1DBF, 0xBCAE, 0xD574, 0x3BA6, 0x1EBF, 0xFDBE, 0xFDBE, 0xFDBE, 
    0xFDBE, 0xFDBE, 0xFDBE, 0xFDBE, 0xFDBE, 0xFDBE, 0xFDBE, 0xFDBE, 0xFDBE, 0xFDBE, 0xFDBE, 0xFDBE, 
    0xFDBE, 0xFDBE, 0xFDBE, 0xFDBE, 0xFDBE, 0xFDBE, 0xFDBE, 0xFDBE, 0xFDBE, 0xFDBE, 0xFDBE, 0xFDBE, 
    0xFDBE, 0xFDBE, 0xFDBE, 0xFDBE, 0xFDBE, 0xFDBE, 0xFDBE, 0xFDBE, 0xFDBE, 0xFDBE, 0xFDBE, 0xFDBE, 
    0xFDBE, 0xFDBE, 0xFDBE, 0xFDBE, 0xFDBE, 0xFDBE, 0xFDBE, 0xFDBE, 0xFDBE, 0xFDBE, 0xFDBE, 0xFDBE, 
    0xFDBE, 0xFDBE, 0xFDBE, 0xFDBE, 0xFDBE, 0xFDBE, 0xFDBE, 0xFDBE, 0xFDBE, 0xFDBE, 0xFDBE, 0xFDBE, 
    0xFDBE, 0xFDBE, 0xFDBE, 0xFDBE, 0xFDBE, 0xFDBE, 0xFDBE, 0xFEBE, 0xDDB6, 0xF57C, 0xB895, 0x1EBF, 
    0xFDBE, 0xFDBE, 0xFDBE, 0xFDBE, 0xFDBE, 0xFDBE, 0xFDBE, 0xFDBE, 0xFDBE, 0xFDBE, 0xFDBE, 0xFDBE, 
    0xFDBE, 0xFDBE, 0xFDBE, 0xFDBE, 0xFDBE, 0xFDBE, 0xFDBE, 0xFDBE, 0xFDBE, 0xFDBE, 0xFDBE, 0xFDBE, 
    0xFDBE, 0xFDBE, 0xFDBE, 0xFDBE, 
    0x9BAE, 0x1DBF, 0xFDBE, 0xFDBE, 0xFDBE, 0xFDBE, 0xFDBE, 0xFDBE, 
    0xFDBE, 0xFDBE, 0xFDBE, 0xFDBE, 0xFDBE, 0xFDBE, 0xFDBE, 0xFDBE, 0xFDBE, 0xFDBE, 0xFDBE, 0xFDBE, 
    0xFDBE, 0xFDBE, 0xFDBE, 0xFDBE, 0xFDBE, 0xFDBE, 0xFDBE, 0xFDBE, 0xFDBE, 0xFDBE, 0xFDBE, 0xFDBE, 
    0xFCBE, 0xFDBE, 0x577D, 0x7795, 0xBDFF, 0x9BFF, 0x9CFF, 0x9CFF, 0x9CFF, 0x9DFF, 0xBCFF, 0xDADE, 
    0xD574, 0x7BA6, 0x1DBF, 0xFDBE, 0xFDBE, 0xFDBE, 0xFDBE, 0xFDBE, 0xFDBE, 0xFDBE, 0xFDBE, 0xFDBE, 
    0xFDBE, 0xFDBE, 0xFDBE, 0xFDBE, 0xFDBE, 0xFDBE, 0xFDBE, 0xFDBE, 0xFDBE, 0xFDBE, 0xFDBE, 0xFDBE, 
    0xFDBE, 0xFDBE, 0xFDBE, 0xFDBE, 0xFDBE, 0xFDBE, 0xFDBE, 0xFDBE, 0xFDBE, 0xFDBE, 0xFDBE, 0xFDBE, 
    0xFDBE, 0xFDBE, 0xFDBE, 0xFDBE, 0xFDBE, 0xFDBE, 0xFDBE, 0xFDBE, 0xFDBE, 0xFDBE, 0xFDBE, 0xFDBE, 
    0xFDBE, 0xFDBE, 0xFDBE, 0xFDBE, 0xFDBE, 0xFDBE, 0xFDBE, 0xFDBE, 0xFDBE, 0xFDBE, 0xFDBE, 0xFDBE, 
    0xFDBE, 0xFDBE, 0xFDBE, 0xFDBE, 0x1EBF, 0x367D, 0x9785, 0x1EBF, 0xFDBE, 0xFDBE, 0xFDBE, 0xFDBE, 
    0x1DBF, 0xFDBE, 0xFDBE, 0xFDBE, 0xFDBE, 0xFDBE, 0xFDBE, 0xFDBE, 0xFDBE, 0xFDBE, 0xFDBE, 0xFDBE, 
    0xFDBE, 0xFDBE, 0xFDBE, 0xFDBE, 0xFDBE, 0xFDBE, 0xFDBE, 0xFDBE, 0xFDBE, 0xFDBE, 0xFDBE, 0xFDBE, 
    0xFDBE, 0xFDBE, 0xFDBE, 0xFDBE, 0xFDBE, 0xFDBE, 0xFDBE, 0xFDBE, 0xFDBE, 0xFDBE, 0xFDBE, 0xFDBE, 
    0xFDBE, 0xFDBE, 0xFDBE, 0xFDBE, 0xFDBE, 0xFDBE, 0xFDBE, 0xFDBE, 0xFDBE, 0xFDBE, 0xFDBE, 0xFDBE, 
    0xFDBE, 0xFDBE, 0xFDBE, 0xFDBE, 0xFDBE, 0xFDBE, 0xFDBE, 0xFDBE, 0xFDBE, 0xFDBE, 0xFDBE, 0xFDBE, 
    0x1DBF, 0xBCAE, 0xD574, 0x3BA6, 0x1EBF, 0xFDBE, 0xFDBE, 0xFDBE, 0xFDBE, 0xFDBE, 0xFDBE, 0xFDBE, 
    0xFDBE, 0xFDBE, 0xFDBE, 0xFDBE, 0xFDBE, 0xFDBE, 0xFDBE, 0xFDBE, 0xFDBE, 0xFDBE, 0xFDBE, 0xFDBE, 
    0xFDBE, 0xFDBE, 0xFDBE, 0xFDBE, 0xFDBE, 0xFDBE, 0xFDBE, 0xFDBE, 0xFDBE, 0xFDBE, 0xFDBE, 0xFDBE, 
    0xFDBE, 0xFDBE, 0xFDBE, 0xFDBE, 0xFDBE, 0xFDBE, 0xFDBE, 0xFDBE, 0xFDBE, 0xFDBE, 0xFDBE, 0xFDBE, 
    0xFDBE, 0xFDBE, 0xFDBE, 0xFDBE, 0xFDBE, 0xFDBE, 0xFDBE, 0xFDBE, 0xFDBE, 0xFDBE, 0xFDBE, 0xFDBE, 
    0xFDBE, 0xFDBE, 0xFDBE, 0xFDBE, 0xFDBE, 0xFDBE, 0xFDBE, 0xFDBE, 0xFDBE, 0xFDBE, 0xFDBE, 0xFDBE, 
    0xFDBE, 0xFDBE, 0xFDBE, 0x1EBF, 0xDDB6, 0xD574, 0xD995, 0x1EBF, 0xFDB6, 0x1DBF, 0xFDBE, 0xFDBE, 
    0xFDBE, 0xFDBE, 0xFDBE, 0x1DBF, 0xFDBE, 0xFDBE, 0x1DBF, 0xFDBE, 0xFDBE, 0xFDBE, 0xFDBE, 0xFDBE, 
    0xFDBE, 0xFDBE, 0xFDBE, 0xFDBE, 0xFDBE, 0xFDBE, 0xFDBE, 0xFDBE, 0xFDBE, 0xFDBE, 0xFDBE, 0xFDBE, 
    
    0x9BAE, 0x1DBF, 0xFDBE, 0xFDBE, 0xFDBE, 0xFDBE, 0xFDBE, 0xFDBE, 0xFDBE, 0xFDBE, 0xFDBE, 0xFDBE, 
    0xFDBE, 0xFDBE, 0xFDBE, 0xFDBE, 0xFDBE, 0xFDBE, 0xFDBE, 0xFDBE, 0xFDBE, 0xFDBE, 0xFDBE, 0xFDBE, 
    0xFDBE, 0xFDBE, 0xFDBE, 0xFDBE, 0xFDBE, 0xFDBE, 0xFDBE, 0xFDBE, 0xFCBE, 0xFDBE, 0x577D, 0x7795, 
    0xBDFF, 0x9BFF, 0x9CFF, 0x9CFF, 0x9CFF, 0x9DFF, 0xBCFF, 0xDADE, 0xD574, 0x7BA6, 0x1DBF, 0xFDBE, 
    0xFDBE, 0xFDBE, 0xFDBE, 0xFDBE, 0xFDBE, 0xFDBE, 0xFDBE, 0xFDBE, 0xFDBE, 0xFDBE, 0xFDBE, 0xFDBE, 
    0xFDBE, 0xFDBE, 0xFDBE, 0xFDBE, 0xFDBE, 0xFDBE, 0xFDBE, 0xFDBE, 0xFDBE, 0xFDBE, 0xFDBE, 0xFDBE, 
    0xFDBE, 0xFDBE, 0xFDBE, 0xFDBE, 0xFDBE, 0xFDBE, 0xFDBE, 0xFDBE, 0xFDBE, 0xFDBE, 0xFDBE, 0xFDBE, 
    0xFDBE, 0xFDBE, 0xFDBE, 0xFDBE, 0xFDBE, 0xFDBE, 0xFDBE, 0xFDBE, 0xFDBE, 0xFDBE, 0xFDBE, 0xFDBE, 
    0xFDBE, 0xFDBE, 0xFDBE, 0xFDBE, 0xFDBE, 0xFDBE, 0xFDBE, 0xFDBE, 0xFDBE, 0xFDBE, 0xFDBE, 0xFDBE, 
    0x1EBF, 0x367D, 0x9785, 0x1EBF, 0xFDBE, 0xFDBE, 0xFDBE, 0xFDBE, 0x1DBF, 0xFDBE, 0xFDBE, 0xFDBE, 
    0xFDBE, 0xFDBE, 0xFDBE, 0xFDBE, 0xFDBE, 0xFDBE, 0xFDBE, 0xFDBE, 0xFDBE, 0xFDBE, 0xFDBE, 0xFDBE, 
    0xFDBE, 0xFDBE, 0xFDBE, 0xFDBE, 0xFDBE, 0xFDBE, 0xFDBE, 0xFDBE, 0xFDBE, 0xFDBE, 0xFDBE, 0xFDBE, 
    0xFDBE, 0xFDBE, 0xFDBE, 0xFDBE, 0xFDBE, 0xFDBE, 0xFDBE, 0xFDBE, 0xFDBE, 0xFDBE, 0xFDBE, 0xFDBE, 
    0xFDBE, 0xFDBE, 0xFDBE, 0xFDBE, 0xFDBE, 0xFDBE, 0xFDBE, 0xFDBE, 0xFDBE, 0xFDBE, 0xFDBE, 0xFDBE, 
    0xFDBE, 0xFDBE, 0xFDBE, 0xFDBE, 0xFDBE, 0xFDBE, 0xFDBE, 0xFDBE, 0x1DBF, 0xBCAE, 0xD574, 0x3BA6, 
    0x1EBF, 0xFDBE, 0xFDBE, 0xFDBE, 0xFDBE, 0xFDBE, 0xFDBE, 0xFDBE, 0xFDBE, 0xFDBE, 0xFDBE, 0xFDBE, 
    0xFDBE, 0xFDBE, 0xFDBE, 0xFDBE, 0xFDBE, 0xFDBE, 0xFDBE, 0xFDBE, 0xFDBE, 0xFDBE, 0xFDBE, 0xFDBE, 
    0xFDBE, 0xFDBE, 0xFDBE, 0xFDBE, 0xFDBE, 0xFDBE, 0xFDBE, 0xFDBE, 0xFDBE, 0xFDBE, 0xFDBE, 0xFDBE, 
    0xFDBE, 0xFDBE, 0xFDBE, 0xFDBE, 0xFDBE, 0xFDBE, 0xFDBE, 0xFDBE, 0xFDBE, 0xFDBE, 0xFDBE, 0xFDBE, 
    0xFDBE, 0xFDBE, 0xFDBE, 0xFDBE, 0xFDBE, 0xFDBE, 0xFDBE, 0xFDBE, 0xFDBE, 0xFDBE, 0xFDBE, 0xFDBE, 
    0xFDBE, 0xFDBE, 0xFDBE, 0xFDBE, 0xFDBE, 0xFDBE, 0xFDBE, 0xFDBE, 0xFDBE, 0xFDBE, 0xFDBE, 0xFDBE, 
    0xFDB6, 0xF57C, 0xD995, 0x1EBF, 0x1DBF, 0xFDBE, 0xFDB6, 0xFDBE, 0xFDBE, 0xFDBE, 0xFDBE, 0xFDB6, 
    0xFDBE, 0xDDB6, 0xDDB6, 0x1DBF, 0xFDBE, 0xFDBE, 0xFDBE, 0xFDBE, 0xFDBE, 0xFDBE, 0xFDBE, 0xFDBE, 
    0xFDBE, 0xFDBE, 0xFDBE, 0xFDBE, 0xFDBE, 0xFDBE, 0xFDBE, 0xFDBE, 
    0x9BAE, 0x1DBF, 0xFDBE, 0xFDBE, 
    0xFDBE, 0xFDBE, 0xFDBE, 0xFDBE, 0xFDBE, 0xFDBE, 0xFDBE, 0xFDBE, 0xFDBE, 0xFDBE, 0xFDBE, 0xFDBE, 
    0xFDBE, 0xFDBE, 0xFDBE, 0xFDBE, 0xFDBE, 0xFDBE, 0xFDBE, 0xFDBE, 0xFDBE, 0xFDBE, 0xFDBE, 0xFDBE, 
    0xFDBE, 0xFDBE, 0xFDBE, 0xFDBE, 0xFCBE, 0xFDBE, 0x577D, 0x7795, 0xBDFF, 0x9BFF, 0x9CFF, 0x9CFF, 
    0x9CFF, 0x9DFF, 0xBCFF, 0xDADE, 0xD574, 0x7BA6, 0x1DBF, 0xFDBE, 0xFDBE, 0xFDBE, 0xFDBE, 0xFDBE, 
    0xFDBE, 0xFDBE, 0xFDBE, 0xFDBE, 0xFDBE, 0xFDBE, 0xFDBE, 0xFDBE, 0xFDBE, 0xFDBE, 0xFDBE, 0xFDBE, 
    0xFDBE, 0xFDBE, 0xFDBE, 0xFDBE, 0xFDBE, 0xFDBE, 0xFDBE, 0xFDBE, 0xFDBE, 0xFDBE, 0xFDBE, 0xFDBE, 
    0xFDBE, 0xFDBE, 0xFDBE, 0xFDBE, 0xFDBE, 0xFDBE, 0xFDBE, 0xFDBE, 0xFDBE, 0xFDBE, 0xFDBE, 0xFDBE, 
    0xFDBE, 0xFDBE, 0xFDBE, 0xFDBE, 0xFDBE, 0xFDBE, 0xFDBE, 0xFDBE, 0xFDBE, 0xFDBE, 0xFDBE, 0xFDBE, 
    0xFDBE, 0xFDBE, 0xFDBE, 0xFDBE, 0xFDBE, 0xFDBE, 0xFDBE, 0xFDBE, 0x1EBF, 0x367D, 0x9785, 0x1EBF, 
    0xFDBE, 0xFDBE, 0xFDBE, 0xFDBE, 0x1DBF, 0xFDBE, 0xFDBE, 0xFDBE, 0xFDBE, 0xFDBE, 0xFDBE, 0xFDBE, 
    0xFDBE, 0xFDBE, 0xFDBE, 0xFDBE, 0xFDBE, 0xFDBE, 0xFDBE, 0xFDBE, 0xFDBE, 0xFDBE, 0xFDBE, 0xFDBE, 
    0xFDBE, 0xFDBE, 0xFDBE, 0xFDBE, 0xFDBE, 0xFDBE, 0xFDBE, 0xFDBE, 0xFDBE, 0xFDBE, 0xFDBE, 0xFDBE, 
    0xFDBE, 0xFDBE, 0xFDBE, 0xFDBE, 0xFDBE, 0xFDBE, 0xFDBE, 0xFDBE, 0xFDBE, 0xFDBE, 0xFDBE, 0xFDBE, 
    0xFDBE, 0xFDBE, 0xFDBE, 0xFDBE, 0xFDBE, 0xFDBE, 0xFDBE, 0xFDBE, 0xFDBE, 0xFDBE, 0xFDBE, 0xFDBE, 
    0xFDBE, 0xFDBE, 0xFDBE, 0xFDBE, 0x1DBF, 0xBCAE, 0xD574, 0x3BA6, 0x1EBF, 0xFDBE, 0xFDBE, 0xFDBE, 
    0xFDBE, 0xFDBE, 0xFDBE, 0xFDBE, 0xFDBE, 0xFDBE, 0xFDBE, 0xFDBE, 0xFDBE, 0xFDBE, 0xFDBE, 0xFDBE, 
    0xFDBE, 0xFDBE, 0xFDBE, 0xFDBE, 0xFDBE, 0xFDBE, 0xFDBE, 0xFDBE, 0xFDBE, 0xFDBE, 0xFDBE, 0xFDBE, 
    0xFDBE, 0xFDBE, 0xFDBE, 0xFDBE, 0xFDBE, 0xFDBE, 0xFDBE, 0xFDBE, 0xFDBE, 0xFDBE, 0xFDBE, 0xFDBE, 
    0xFDBE, 0xFDBE, 0xFDBE, 0xFDBE, 0xFDBE, 0xFDBE, 0xFDBE, 0xFDBE, 0xFDBE, 0xFDBE, 0xFDBE, 0xFDBE, 
    0xFDBE, 0xFDBE, 0xFDBE, 0xFDBE, 0xFDBE, 0xFDBE, 0xFDBE, 0xFDBE, 0xFDBE, 0xFDBE, 0xFDBE, 0xFDBE, 
    0xFDBE, 0xFDBE, 0xFDBE, 0xFDBE, 0x1DBF, 0xFDBE, 0xFDBE, 0xFDBE, 0xDDB6, 0xF57C, 0x167D, 0x978D, 
    0x7785, 0x7785, 0x778D, 0x7785, 0x7785, 0x7785, 0x7785, 0x9785, 0x9885, 0x367D, 0x7785, 0xFDB6, 
    0x1DBF, 0xFDBE, 0xFDBE, 0xFDBE, 0xFDBE, 0xFDBE, 0xFDBE, 0xFDBE, 0xFDBE, 0xFDBE, 0xFDBE, 0xFDBE, 
    0xFDBE, 0xFDBE, 0xFDBE, 0xFDBE, 
    0x9BAE, 0x1DBF, 0xFDBE, 0xFDBE, 0xFDBE, 0xFDBE, 0xFDBE, 0xFDBE, 
    0xFDBE, 0xFDBE, 0xFDBE, 0xFDBE, 0xFDBE, 0xFDBE, 0xFDBE, 0xFDBE, 0xFDBE, 0xFDBE, 0xFDBE, 0xFDBE, 
    0xFDBE, 0xFDBE, 0xFDBE, 0xFDBE, 0xFDBE, 0xFDBE, 0xFDBE, 0xFDBE, 0xFDBE, 0xFDBE, 0xFDBE, 0xFDBE, 
    0xFCBE, 0xFDBE, 0x577D, 0x7795, 0xBDFF, 0x9BFF, 0x9CFF, 0x9CFF, 0x9CFF, 0x9DFF, 0xBCFF, 0xDADE, 
    0xD574, 0x7BA6, 0x1DBF, 0xFDBE, 0xFDBE, 0xFDBE, 0xFDBE, 0xFDBE, 0xFDBE, 0xFDBE, 0xFDBE, 0xFDBE, 
    0xFDBE, 0xFDBE, 0xFDBE, 0xFDBE, 0xFDBE, 0xFDBE, 0xFDBE, 0xFDBE, 0xFDBE, 0xFDBE, 0xFDBE, 0xFDBE, 
    0xFDBE, 0xFDBE, 0xFDBE, 0xFDBE, 0xFDBE, 0xFDBE, 0xFDBE, 0xFDBE, 0xFDBE, 0xFDBE, 0xFDBE, 0xFDBE, 
    0xFDBE, 0xFDBE, 0xFDBE, 0xFDBE, 0xFDBE, 0xFDBE, 0xFDBE, 0xFDBE, 0xFDBE, 0xFDBE, 0xFDBE, 0xFDBE, 
    0xFDBE, 0xFDBE, 0xFDBE, 0xFDBE, 0xFDBE, 0xFDBE, 0xFDBE, 0xFDBE, 0xFDBE, 0xFDBE, 0xFDBE, 0xFDBE, 
    0xFDBE, 0xFDBE, 0xFDBE, 0xFDBE, 0x1EBF, 0x367D, 0x9785, 0x1EBF, 0xFDBE, 0xFDBE, 0xFDBE, 0xFDBE, 
    0x1DBF, 0xFDBE, 0xFDBE, 0xFDBE, 0xFDBE, 0xFDBE, 0xFDBE, 0xFDBE, 0xFDBE, 0xFDBE, 0xFDBE, 0xFDBE, 
    0xFDBE, 0xFDBE, 0xFDBE, 0xFDBE, 0xFDBE, 0xFDBE, 0xFDBE, 0xFDBE, 0xFDBE, 0xFDBE, 0xFDBE, 0xFDBE, 
    0xFDBE, 0xFDBE, 0xFDBE, 0xFDBE, 0xFDBE, 0xFDBE, 0xFDBE, 0xFDBE, 0xFDBE, 0xFDBE, 0xFDBE, 0xFDBE, 
    0xFDBE, 0xFDBE, 0xFDBE, 0xFDBE, 0xFDBE, 0xFDBE, 0xFDBE, 0xFDBE, 0xFDBE, 0xFDBE, 0xFDBE, 0xFDBE, 
    0xFDBE, 0xFDBE, 0xFDBE, 0xFDBE, 0xFDBE, 0xFDBE, 0xFDBE, 0xFDBE, 0xFDBE, 0xFDBE, 0xFDBE, 0xFDBE, 
    0x1DBF, 0xBCAE, 0xD574, 0x3BA6, 0x1EBF, 0xFDBE, 0xFDBE, 0xFDBE, 0xFDBE, 0xFDBE, 0xFDBE, 0xFDBE, 
    0xFDBE, 0xFDBE, 0xFDBE, 0xFDBE, 0xFDBE, 0xFDBE, 0xFDBE, 0xFDBE, 0xFDBE, 0xFDBE, 0xFDBE, 0xFDBE, 
    0xFDBE, 0xFDBE, 0xFDBE, 0xFDBE, 0xFDBE, 0xFDBE, 0xFDBE, 0xFDBE, 0xFDBE, 0xFDBE, 0xFDBE, 0xFDBE, 
    0xFDBE, 0xFDBE, 0xFDBE, 0xFDBE, 0xFDBE, 0xFDBE, 0xFDBE, 0xFDBE, 0xFDBE, 0xFDBE, 0xFDBE, 0xFDBE, 
    0xFDBE, 0xFDBE, 0xFDBE, 0xFDBE, 0xFDBE, 0xFDBE, 0xFDBE, 0xFDBE, 0xFDBE, 0xFDBE, 0xFDBE, 0xFDBE, 
    0xFDBE, 0xFDBE, 0xFDBE, 0xFDBE, 0xFDBE, 0xFDBE, 0xFDBE, 0xFDBE, 0xFDBE, 0xFDBE, 0xFDBE, 0xFDBE, 
    0xFDBE, 0xFDBE, 0xFDBE, 0xFDBE, 0xFDB6, 0x7785, 0xB46C, 0xB46C, 0xB474, 0xB46C, 0xB46C, 0xB46C, 
    0xB46C, 0xB46C, 0xB46C, 0xB46C, 0xB46C, 0xD56C, 0x367D, 0xFDB6, 0x1DBF, 0xFDBE, 0xFDBE, 0xFDBE, 
    0xFDBE, 0xFDBE, 0xFDBE, 0xFDBE, 0xFDBE, 0xFDBE, 0xFDBE, 0xFDBE, 0xFDBE, 0xFDBE, 0xFDBE, 0xFDBE, 
    
    0x9BAE, 0x1DBF, 0xFDBE, 0xFDBE, 0xFDBE, 0xFDBE, 0xFDBE, 0xFDBE, 0xFDBE, 0xFDBE, 0xFDBE, 0xFDBE, 
    0xFDBE, 0xFDBE, 0xFDBE, 0xFDBE, 0xFDBE, 0xFDBE, 0xFDBE, 0xFDBE, 0xFDBE, 0xFDBE, 0xFDBE, 0xFDBE, 
    0xFDBE, 0xFDBE, 0xFDBE, 0xFDBE, 0xFDBE, 0xFDBE, 0xFDB6, 0xFDB6, 0xFCBE, 0xFDB6, 0x577D, 0x7795, 
    0xBDFF, 0x9BFF, 0x9CFF, 0x9CFF, 0x9CFF, 0x9DFF, 0xBCFF, 0xDADE, 0xD574, 0x7BA6, 0x1DBF, 0xFDBE, 
    0xFDBE, 0xFDBE, 0xFDBE, 0xFDBE, 0xFDBE, 0xFDBE, 0xFDBE, 0xFDBE, 0xFDBE, 0xFDBE, 0xFDBE, 0xFDBE, 
    0xFDBE, 0xFDBE, 0xFDBE, 0xFDBE, 0xFDBE, 0xFDBE, 0xFDBE, 0xFDBE, 0xFDBE, 0xFDBE, 0xFDBE, 0xFDBE, 
    0xFDBE, 0xFDBE, 0xFDBE, 0xFDBE, 0xFDBE, 0xFDBE, 0xFDBE, 0xFDBE, 0xFDBE, 0xFDBE, 0xFDBE, 0xFDBE, 
    0xFDBE, 0xFDBE, 0xFDBE, 0xFDBE, 0xFDBE, 0xFDBE, 0xFDBE, 0xFDBE, 0xFDBE, 0xFDBE, 0xFDBE, 0xFDBE, 
    0xFDBE, 0xFDBE, 0xFDBE, 0xFDBE, 0xFDBE, 0xFDBE, 0xFDBE, 0xFDBE, 0xFDBE, 0xFDBE, 0xFDBE, 0xFDBE, 
    0x1EBF, 0x367D, 0x9785, 0x1EBF, 0xFDBE, 0xFDBE, 0xFDBE, 0xFDBE, 0x1DBF, 0xFDBE, 0xFDBE, 0xFDBE, 
    0xFDBE, 0xFDBE, 0xFDBE, 0xFDBE, 0xFDBE, 0xFDBE, 0xFDBE, 0xFDBE, 0xFDBE, 0xFDBE, 0xFDBE, 0xFDBE, 
    0xFDBE, 0xFDBE, 0xFDBE, 0xFDBE, 0xFDBE, 0xFDBE, 0xFDBE, 0xFDBE, 0xFDBE, 0xFDBE, 0xFDBE, 0xFDBE, 
    0xFDBE, 0xFDBE, 0xFDBE, 0xFDBE, 0xFDBE, 0xFDBE, 0xFDBE, 0xFDBE, 0xFDBE, 0xFDBE, 0xFDBE, 0xFDBE, 
    0xFDBE, 0xFDBE, 0xFDBE, 0xFDBE, 0xFDBE, 0xFDBE, 0xFDBE, 0xFDBE, 0xFDBE, 0xFDBE, 0xFDBE, 0xFDBE, 
    0xFDBE, 0xFDBE, 0xFDBE, 0xFDBE, 0xFDBE, 0xFDBE, 0xFDBE, 0xFDBE, 0x1DBF, 0xBCAE, 0xD574, 0x3BA6, 
    0x1EBF, 0xFDBE, 0xFDBE, 0xFDBE, 0xFDBE, 0xFDBE, 0xFDBE, 0xFDBE, 0xFDBE, 0xFDBE, 0xFDBE, 0xFDBE, 
    0xFDBE, 0xFDBE, 0xFDBE, 0xFDBE, 0xFDBE, 0xFDBE, 0xFDBE, 0xFDBE, 0xFDBE, 0xFDBE, 0xFDBE, 0xFDBE, 
    0xFDBE, 0xFDBE, 0xFDBE, 0xFDBE, 0xFDBE, 0xFDBE, 0xFDBE, 0xFDBE, 0xFDBE, 0xFDBE, 0xFDBE, 0xFDBE, 
    0xFDBE, 0xFDBE, 0xFDBE, 0xFDBE, 0xFDBE, 0xFDBE, 0xFDBE, 0xFDBE, 0xFDBE, 0xFDBE, 0xFDBE, 0xFDBE, 
    0xFDBE, 0xFDBE, 0xFDBE, 0xFDBE, 0xFDBE, 0xFDBE, 0xFDBE, 0xFDBE, 0xFDBE, 0xFDBE, 0xFDBE, 0xFDBE, 
    0xFDBE, 0xFDBE, 0xFDBE, 0xFDBE, 0xFDBE, 0xFDBE, 0xFDBE, 0xFDBE, 0xFDBE, 0xFDBE, 0xFDBE, 0xFDBE, 
    0xFDBE, 0xBCB6, 0x3B9E, 0x3A9E, 0x3A9E, 0x3BA6, 0x3A9E, 0x3A9E, 0x3A9E, 0x3A9E, 0x3A9E, 0x3A9E, 
    0x5B9E, 0x7785, 0x367D, 0xFDB6, 0xFDBE, 0xFDBE, 0xFDBE, 0xFDBE, 0xFDBE, 0xFDBE, 0xFDBE, 0xFDBE, 
    0xFDBE, 0xFDBE, 0xFDBE, 0xFDBE, 0xFDBE, 0xFDBE, 0xFDBE, 0xFDBE, 
    0x9BAE, 0x1DBF, 0xFDBE, 0xFDBE, 
    0xFDBE, 0xFDBE, 0xFDBE, 0xFDBE, 0xFDBE, 0xFDBE, 0xFDBE, 0xFDBE, 0xFDBE, 0xFDBE, 0xFDBE, 0xFDBE, 
    0xFDBE, 0xFDBE, 0xFDBE, 0xFDBE, 0xFDBE, 0xFDBE, 0x1DB7, 0xFDBE, 0xFDBE, 0xFDBE, 0xFDBE, 0xFDBE, 
    0xFDBE, 0xFDBE, 0xFDBE, 0xFDBE, 0xFDBE, 0xFEBE, 0x3785, 0x769D, 0x9DFF, 0x7CFF, 0x9CFF, 0xBCFF, 
    0x9CFF, 0x9CFF, 0xBCFF, 0xDAD6, 0xF56C, 0x7C9E, 0x1DBF, 0x1DB7, 0xFDBE, 0x1DB7, 0x1DBF, 0x1DBF, 
    0x1DBF, 0x1DB7, 0x1EB7, 0xFEBE, 0xFDBE, 0xFDBE, 0xFDBE, 0xFDBE, 0xFDBE, 0xFDBE, 0xFDBE, 0xFDBE, 
    0xFDBE, 0xFDBE, 0xFDBE, 0xFDBE, 0xFDBE, 0xFDBE, 0xFDBE, 0xFDBE, 0xFDBE, 0xFDBE, 0xFDBE, 0xFDBE, 
    0xFDBE, 0xFDBE, 0xFDBE, 0xFDBE, 0xFDBE, 0xFDBE, 0xFDBE, 0xFDBE, 0xFDBE, 0xFDBE, 0xFDBE, 0xFDBE, 
    0xFDBE, 0xFDBE, 0xFDBE, 0xFDBE, 0xFDBE, 0xFDBE, 0xFDBE, 0xFDBE, 0xFDBE, 0xFDBE, 0xFDBE, 0xFDBE, 
    0xFDBE, 0xFDBE, 0xFDBE, 0xFDBE, 0xFDBE, 0xFDBE, 0xFDBE, 0xFDBE, 0x1EBF, 0x367D, 0x9785, 0x1EBF, 
    0xFDBE, 0xFDBE, 0xFDBE, 0xFDBE, 0x1DBF, 0xFDBE, 0xFDBE, 0xFDBE, 0xFDBE, 0xFDBE, 0xFDBE, 0xFDBE, 
    0xFDBE, 0xFDBE, 0xFDBE, 0xFDBE, 0xFDBE, 0xFDBE, 0xFDBE, 0xFDBE, 0xFDBE, 0xFDBE, 0xFDBE, 0xFDBE, 
    0xFDBE, 0xFDBE, 0xFDBE, 0xFDBE, 0xFDBE, 0xFDBE, 0xFDBE, 0xFDBE, 0xFDBE, 0xFDBE, 0xFDBE, 0xFDBE, 
    0xFDBE, 0xFDBE, 0xFDBE, 0xFDBE, 0xFDBE, 0xFDBE, 0xFDBE, 0xFDBE, 0xFDBE, 0xFDBE, 0xFDBE, 0xFDBE, 
    0xFDBE, 0xFDBE, 0xFDBE, 0xFDBE, 0xFDBE, 0xFDBE, 0xFDBE, 0xFDBE, 0xFDBE, 0xFDBE, 0xFDBE, 0xFDBE, 
    0xFDBE, 0xFDBE, 0xFDBE, 0xFDBE, 0x1DBF, 0xBCAE, 0xD574, 0x3BA6, 0x1EBF, 0xFDBE, 0xFDBE, 0xFDBE, 
    0xFDBE, 0xFDBE, 0xFDBE, 0xFDBE, 0xFDBE, 0xFDBE, 0xFDBE, 0xFDBE, 0xFDBE, 0xFDBE, 0xFDBE, 0xFDBE, 
    0xFDBE, 0xFDBE, 0xFDBE, 0xFDBE, 0xFDBE, 0xFDBE, 0xFDBE, 0xFDBE, 0xFDBE, 0xFDBE, 0xFDBE, 0xFDBE, 
    0xFDBE, 0xFDBE, 0xFDBE, 0xFDBE, 0xFDBE, 0xFDBE, 0xFDBE, 0xFDBE, 0xFDBE, 0xFDBE, 0xFDBE, 0xFDBE, 
    0xFDBE, 0xFDBE, 0xFDBE, 0xFDBE, 0xFDBE, 0xFDBE, 0xFDBE, 0xFDBE, 0xFDBE, 0xFDBE, 0xFDBE, 0xFDBE, 
    0xFDBE, 0xFDBE, 0xFDBE, 0xFDBE, 0xFDBE, 0xFDBE, 0xFDBE, 0xFDBE, 0xFDBE, 0xFDBE, 0xFDBE, 0xFDBE, 
    0xFDBE, 0xFDBE, 0xFDBE, 0xFDBE, 0xFDBE, 0xFDBE, 0xFDBE, 0x1DBF, 0xFDBE, 0x1DBF, 0x1EBF, 0x3EBF, 
    0x1EBF, 0x3EBF, 0x1EBF, 0x1EBF, 0x1EBF, 0x1EBF, 0x1EBF, 0x1EBF, 0x3EBF, 0xD995, 0x367D, 0xDDB6, 
    0xFDBE, 0xFDBE, 0xFDBE, 0xFDBE, 0xFDBE, 0xFDBE, 0xFDBE, 0xFDBE, 0xFDBE, 0xFDBE, 0xFDBE, 0xFDBE, 
    0xFDBE, 0xFDBE, 0xFDBE, 0xFDBE, 
    0x9BAE, 0x1DBF, 0xFDBE, 0xFDBE, 0xFDBE, 0xFDBE, 0xFDBE, 0xFDBE, 
    0xFDBE, 0xFDBE, 0xFDBE, 0xFDBE, 0xFDBE, 0xFDBE, 0xFDBE, 0xFDBE, 0xFDBE, 0xFDBE, 0xFDBE, 0xFDBE, 
    0xFDBE, 0xFDBE, 0x1EB7, 0xFDBE, 0xFDBE, 0xFDBE, 0xFCBE, 0xFDBE, 0x1DBF, 0xFDBE, 0xFDBE, 0xFCBE, 
    0xFDBE, 0xFEBE, 0x577D, 0x7595, 0x9DFF, 0x9CFF, 0xBCFF, 0x9CFF, 0x9CFF, 0x9CFF, 0xBCFF, 0xDADE, 
    0xD674, 0x7CA6, 0x1DBF, 0xFDBE, 0xFDBE, 0xFDB6, 0x1DBF, 0xFDBE, 0x1DBF, 0x1DB7, 0x1EB7, 0xFEB6, 
    0xFEBE, 0xFDBE, 0xFDBE, 0xFDBE, 0xFDBE, 0xFDBE, 0xFDBE, 0xFDBE, 0xFDBE, 0xFDBE, 0xFDBE, 0xFDBE, 
    0xFDBE, 0xFDBE, 0xFDBE, 0xFDBE, 0xFDBE, 0xFDBE, 0xFDBE, 0xFDBE, 0xFDBE, 0xFDBE, 0xFDBE, 0xFDBE, 
    0xFDBE, 0xFDBE, 0xFDBE, 0xFDBE, 0xFDBE, 0xFDBE, 0xFDBE, 0xFDBE, 0xFDBE, 0xFDBE, 0xFDBE, 0xFDBE, 
    0xFDBE, 0xFDBE, 0xFDBE, 0xFDBE, 0xFDBE, 0xFDBE, 0xFDBE, 0xFDBE, 0xFDBE, 0xFDBE, 0xFDBE, 0xFDBE, 
    0xFDBE, 0xFDBE, 0xFDBE, 0xFDBE, 0x1EBF, 0x367D, 0x9785, 0x1EBF, 0xFDBE, 0xFDBE, 0xFDBE, 0xFDBE, 
    0x1DBF, 0xFDBE, 0xFDBE, 0xFDBE, 0xFDBE, 0xFDBE, 0xFDBE, 0xFDBE, 0xFDBE, 0xFDBE, 0xFDBE, 0xFDBE, 
    0xFDBE, 0xFDBE, 0xFDBE, 0xFDBE, 0xFDBE, 0xFDBE, 0xFDBE, 0xFDBE, 0xFDBE, 0xFDBE, 0xFDBE, 0xFDBE, 
    0xFDBE, 0xFDBE, 0xFDBE, 0xFDBE, 0xFDBE, 0xFDBE, 0xFDBE, 0xFDBE, 0xFDBE, 0xFDBE, 0xFDBE, 0xFDBE, 
    0xFDBE, 0xFDBE, 0xFDBE, 0xFDBE, 0xFDBE, 0xFDBE, 0xFDBE, 0xFDBE, 0xFDBE, 0xFDBE, 0xFDBE, 0xFDBE, 
    0xFDBE, 0xFDBE, 0xFDBE, 0xFDBE, 0xFDBE, 0xFDBE, 0xFDBE, 0xFDBE, 0xFDBE, 0xFDBE, 0xFDBE, 0xFDBE, 
    0x1DBF, 0xBCAE, 0xD574, 0x3BA6, 0x1EBF, 0xFDBE, 0xFDBE, 0xFDBE, 0xFDBE, 0xFDBE, 0xFDBE, 0xFDBE, 
    0xFDBE, 0xFDBE, 0xFDBE, 0xFDBE, 0xFDBE, 0xFDBE, 0xFDBE, 0xFDBE, 0xFDBE, 0xFDBE, 0xFDBE, 0xFDBE, 
    0xFDBE, 0xFDBE, 0xFDBE, 0xFDBE, 0xFDBE, 0xFDBE, 0xFDBE, 0xFDBE, 0xFDBE, 0xFDBE, 0xFDBE, 0xFDBE, 
    0xFDBE, 0xFDBE, 0xFDBE, 0xFDBE, 0xFDBE, 0xFDBE, 0xFDBE, 0xFDBE, 0xFDBE, 0xFDBE, 0xFDBE, 0xFDBE, 
    0xFDBE, 0xFDBE, 0xFDBE, 0xFDBE, 0xFDBE, 0xFDBE, 0xFDBE, 0xFDBE, 0xFDBE, 0xFDBE, 0xFDBE, 0xFDBE, 
    0xFDBE, 0xFDBE, 0xFDBE, 0xFDBE, 0xFDBE, 0xFDBE, 0xFDBE, 0xFDBE, 0xFDBE, 0xFDBE, 0xFDBE, 0xFDBE, 
    0xFDBE, 0xFDBE, 0xFDBE, 0xFDBE, 0xFDBE, 0xFDBE, 0xFDBE, 0xFDBE, 0xFDBE, 0xFDBE, 0xFDBE, 0xFDBE, 
    0xFDBE, 0xFDBE, 0xFDBE, 0xFDB6, 0x1DBF, 0xB995, 0x167D, 0xDDB6, 0xFDBE, 0xFDBE, 0xFDBE, 0xFDBE, 
    0xFDBE, 0xFDBE, 0xFDBE, 0xFDBE, 0xFDBE, 0xFDBE, 0xFDBE, 0xFDBE, 0xFDBE, 0xFDBE, 0xFDBE, 0xFDBE, 
    
    0x9BAE, 0x1DBF, 0xFDBE, 0xFDBE, 0xFDBE, 0xFDBE, 0xFDBE, 0xFDBE, 0xFDBE, 0xFDBE, 0xFDBE, 0xFDBE, 
    0xFDBE, 0xFDBE, 0xFDBE, 0xFDBE, 0xFDBE, 0xFDBE, 0xFDBE, 0xFDBE, 0xFDBE, 0x1DBF, 0xFDBE, 0x1DBF, 
    0xFDBE, 0xFDBE, 0xFDBE, 0xFDBE, 0xFEB6, 0xFDB6, 0x1DB7, 0x1DB7, 0x1DB7, 0x1EB7, 0x577D, 0x9695, 
    0xBDF7, 0x9CFF, 0xBCFF, 0x9CFF, 0x7CFF, 0x7DFF, 0x9CFF, 0xDADE, 0xD574, 0x5BA6, 0xFDC6, 0xFDBE, 
    0xFDC6, 0xFDBE, 0xFDBE, 0xFDBE, 0xFDBE, 0xFDBE, 0x1DBF, 0x1DBF, 0x1DBF, 0xFDBE, 0xFDBE, 0xFDBE, 
    0xFDBE, 0xFDBE, 0xFDBE, 0xFDBE, 0xFDBE, 0xFDBE, 0xFDBE, 0xFDBE, 0xFDBE, 0xFDBE, 0xFDBE, 0xFDBE, 
    0xFDBE, 0xFDBE, 0xFDBE, 0xFDBE, 0xFDBE, 0xFDBE, 0xFDBE, 0xFDBE, 0xFDBE, 0xFDBE, 0xFDBE, 0xFDBE, 
    0xFDBE, 0xFDBE, 0xFDBE, 0xFDBE, 0xFDBE, 0xFDBE, 0xFDBE, 0xFDBE, 0xFDBE, 0xFDBE, 0xFDBE, 0xFDBE, 
    0xFDBE, 0xFDBE, 0xFDBE, 0xFDBE, 0xFDBE, 0xFDBE, 0xFDBE, 0xFDBE, 0xFDBE, 0xFDBE, 0xFDBE, 0xFDBE, 
    0x1EBF, 0x367D, 0x9785, 0x1EBF, 0xFDBE, 0xFDBE, 0xFDBE, 0xFDBE, 0x1DBF, 0xFDBE, 0xFDBE, 0xFDBE, 
    0xFDBE, 0xFDBE, 0xFDBE, 0xFDBE, 0xFDBE, 0xFDBE, 0xFDBE, 0xFDBE, 0xFDBE, 0xFDBE, 0xFDBE, 0xFDBE, 
    0xFDBE, 0xFDBE, 0xFDBE, 0xFDBE, 0xFDBE, 0xFDBE, 0xFDBE, 0xFDBE, 0xFDBE, 0xFDBE, 0xFDBE, 0xFDBE, 
    0xFDBE, 0xFDBE, 0xFDBE, 0xFDBE, 0xFDBE, 0xFDBE, 0xFDBE, 0xFDBE, 0xFDBE, 0xFDBE, 0xFDBE, 0xFDBE, 
    0xFDBE, 0xFDBE, 0xFDBE, 0xFDBE, 0xFDBE, 0xFDBE, 0xFDBE, 0xFDBE, 0xFDBE, 0xFDBE, 0xFDBE, 0xFDBE, 
    0xFDBE, 0xFDBE, 0xFDBE, 0xFDBE, 0xFDBE, 0xFDBE, 0xFDBE, 0xFDBE, 0x1DBF, 0xBCAE, 0xD574, 0x3BA6, 
    0x1EBF, 0xFDBE, 0xFDBE, 0xFDBE, 0xFDBE, 0xFDBE, 0xFDBE, 0xFDBE, 0xFDBE, 0xFDBE, 0xFDBE, 0xFDBE, 
    0xFDBE, 0xFDBE, 0xFDBE, 0xFDBE, 0xFDBE, 0xFDBE, 0xFDBE, 0xFDBE, 0xFDBE, 0xFDBE, 0xFDBE, 0xFDBE, 
    0xFDBE, 0xFDBE, 0xFDBE, 0xFDBE, 0xFDBE, 0xFDBE, 0xFDBE, 0xFDBE, 0xFDBE, 0xFDBE, 0xFDBE, 0xFDBE, 
    0xFDBE, 0xFDBE, 0xFDBE, 0xFDBE, 0xFDBE, 0xFDBE, 0xFDBE, 0xFDBE, 0xFDBE, 0xFDBE, 0xFDBE, 0xFDBE, 
    0xFDBE, 0xFDBE, 0xFDBE, 0xFDBE, 0xFDBE, 0xFDBE, 0xFDBE, 0xFDBE, 0xFDBE, 0xFDBE, 0xFDBE, 0xFDBE, 
    0xFDBE, 0xFDBE, 0xFDBE, 0xFDBE, 0xFDBE, 0xFDBE, 0xFDBE, 0xFDBE, 0xFDBE, 0xFDBE, 0xFDBE, 0xFDBE, 
    0xFDBE, 0xFDBE, 0xFDBE, 0xFDBE, 0xFDBE, 0xFDBE, 0xFDBE, 0xFDBE, 0xFDBE, 0xFDBE, 0xFDBE, 0xFDB6, 
    0x1EBF, 0xB995, 0x167D, 0xDDB6, 0xFDBE, 0xFDBE, 0xFDBE, 0xFDBE, 0xFDBE, 0xFDBE, 0xFDBE, 0xFDBE, 
    0xFDBE, 0xFDBE, 0xFDBE, 0xFDBE, 0xFDBE, 0xFDBE, 0xFDBE, 0xFDBE, 
    0x9BAE, 0x1DBF, 0xFDBE, 0xFDBE, 
    0xFDBE, 0xFDBE, 0xFDBE, 0xFDBE, 0xFDBE, 0xFDBE, 0xFDBE, 0xFDBE, 0xFDBE, 0xFDBE, 0xFDBE, 0xFDBE, 
    0xFDBE, 0xFDBE, 0xFDBE, 0xFDBE, 0x1DBF, 0x1DBF, 0x1DBF, 0xFDBE, 0xFDBE, 0x1DBF, 0x1EBF, 0x1EB7, 
    0x1EB7, 0x1EBF, 0x1DBF, 0x1DBF, 0x1EBF, 0x1FB7, 0x577D, 0x7695, 0x9DFF, 0x7CFF, 0x9CFF, 0x9CFF, 
    0x9CFF, 0x9DF7, 0xBCFF, 0xDAD6, 0xF574, 0x7B9E, 0x1DBF, 0x1DB7, 0xFDBE, 0xFDBE, 0xFDBE, 0xFDBE, 
    0xFDBE, 0xFCBE, 0xFCBE, 0x1DBF, 0x1DB7, 0x1DB7, 0x1DBF, 0xFDBE, 0xFDBE, 0xFDBE, 0xFDBE, 0xFDBE, 
    0xFDBE, 0xFDBE, 0xFDBE, 0xFDBE, 0xFDBE, 0xFDBE, 0xFDBE, 0xFDBE, 0xFDBE, 0xFDBE, 0xFDBE, 0xFDBE, 
    0xFDBE, 0xFDBE, 0xFDBE, 0xFDBE, 0xFDBE, 0xFDBE, 0xFDBE, 0xFDBE, 0xFDBE, 0xFDBE, 0xFDBE, 0xFDBE, 
    0xFDBE, 0xFDBE, 0xFDBE, 0xFDBE, 0xFDBE, 0xFDBE, 0xFDBE, 0xFDBE, 0xFDBE, 0xFDBE, 0xFDBE, 0xFDBE, 
    0xFDBE, 0xFDBE, 0xFDBE, 0xFDBE, 0xFDBE, 0xFDBE, 0xFDBE, 0xFDBE, 0x1EBF, 0x367D, 0x9785, 0x1EBF, 
    0xFDBE, 0xFDBE, 0xFDBE, 0xFDBE, 0x1DBF, 0xFDBE, 0xFDBE, 0xFDBE, 0xFDBE, 0xFDBE, 0xFDBE, 0xFDBE, 
    0xFDBE, 0xFDBE, 0xFDBE, 0xFDBE, 0xFDBE, 0xFDBE, 0xFDBE, 0xFDBE, 0xFDBE, 0xFDBE, 0xFDBE, 0xFDBE, 
    0xFDBE, 0xFDBE, 0xFDBE, 0xFDBE, 0xFDBE, 0xFDBE, 0xFDBE, 0xFDBE, 0xFDBE, 0xFDBE, 0xFDBE, 0xFDBE, 
    0xFDBE, 0xFDBE, 0xFDBE, 0xFDBE, 0xFDBE, 0xFDBE, 0xFDBE, 0xFDBE, 0xFDBE, 0xFDBE, 0xFDBE, 0xFDBE, 
    0xFDBE, 0xFDBE, 0xFDBE, 0xFDBE, 0xFDBE, 0xFDBE, 0xFDBE, 0xFDBE, 0xFDBE, 0xFDBE, 0xFDBE, 0xFDBE, 
    0xFDBE, 0xFDBE, 0xFDBE, 0xFDBE, 0x1DBF, 0xBCAE, 0xD574, 0x3BA6, 0x1EBF, 0xFDBE, 0xFDBE, 0xFDBE, 
    0xFDBE, 0xFDBE, 0xFDBE, 0xFDBE, 0xFDBE, 0xFDBE, 0xFDBE, 0xFDBE, 0xFDBE, 0xFDBE, 0xFDBE, 0xFDBE, 
    0xFDBE, 0xFDBE, 0xFDBE, 0xFDBE, 0xFDBE, 0xFDBE, 0xFDBE, 0xFDBE, 0xFDBE, 0xFDBE, 0xFDBE, 0xFDBE, 
    0xFDBE, 0xFDBE, 0xFDBE, 0xFDBE, 0xFDBE, 0xFDBE, 0xFDBE, 0xFDBE, 0xFDBE, 0xFDBE, 0xFDBE, 0xFDBE, 
    0xFDBE, 0xFDBE, 0xFDBE, 0xFDBE, 0xFDBE, 0xFDBE, 0xFDBE, 0xFDBE, 0xFDBE, 0xFDBE, 0xFDBE, 0xFDBE, 
    0xFDBE, 0xFDBE, 0xFDBE, 0xFDBE, 0xFDBE, 0xFDBE, 0xFDBE, 0xFDBE, 0xFDBE, 0xFDBE, 0xFDBE, 0xFDBE, 
    0xFDBE, 0xFDBE, 0xFDBE, 0xFDBE, 0xFDBE, 0xFDBE, 0xFDBE, 0xFDBE, 0xFDBE, 0xFDBE, 0xFDBE, 0xFDBE, 
    0xFDBE, 0xFDBE, 0xFDBE, 0xFDBE, 0xFDBE, 0xFDBE, 0xFDBE, 0xFDB6, 0x1EBF, 0xB995, 0x167D, 0xDDB6, 
    0xFDBE, 0xFDBE, 0xFDBE, 0xFDBE, 0xFDBE, 0xFDBE, 0xFDBE, 0xFDBE, 0xFDBE, 0xFDBE, 0xFDBE, 0xFDBE, 
    0xFDBE, 0xFDBE, 0xFDBE, 0xFDBE, 
    0x9BAE, 0x1DBF, 0xFDBE, 0xFDBE, 0xFDBE, 0xFDBE, 0xFDBE, 0xFDBE, 
    0xFDBE, 0xFDBE, 0xFDBE, 0xFDBE, 0xFDBE, 0xFDBE, 0xFDBE, 0xFDBE, 0xFDBE, 0xFDBE, 0xFDBE, 0xFDB6, 
    0x1DB7, 0xFDBE, 0xFDBE, 0xFDBE, 0x1DBF, 0xFDB6, 0xBCAE, 0xDDAE, 0xDDAE, 0xBDB6, 0xDCB6, 0xDCB6, 
    0xDDB6, 0xDEB6, 0x377D, 0x769D, 0x9DFF, 0x7CFF, 0x9CFF, 0x9CFF, 0x9CFF, 0x9DFF, 0xBDFF, 0xDADE, 
    0xD574, 0x9BA6, 0x3EBF, 0x1EB7, 0x1EBF, 0x1EBF, 0x1EBF, 0x1EBF, 0xFDBE, 0xFDBE, 0xFCBE, 0xFCBE, 
    0x1DBF, 0x1DB7, 0x1DB7, 0xFDBE, 0xFDBE, 0xFDBE, 0xFDBE, 0xFDBE, 0xFDBE, 0xFDBE, 0xFDBE, 0xFDBE, 
    0xFDBE, 0xFDBE, 0xFDBE, 0xFDBE, 0xFDBE, 0xFDBE, 0xFDBE, 0xFDBE, 0xFDBE, 0xFDBE, 0xFDBE, 0xFDBE, 
    0xFDBE, 0xFDBE, 0xFDBE, 0xFDBE, 0xFDBE, 0xFDBE, 0xFDBE, 0xFDBE, 0xFDBE, 0xFDBE, 0xFDBE, 0xFDBE, 
    0xFDBE, 0xFDBE, 0xFDBE, 0xFDBE, 0xFDBE, 0xFDBE, 0xFDBE, 0xFDBE, 0xFDBE, 0xFDBE, 0xFDBE, 0xFDBE, 
    0xFDBE, 0xFDBE, 0xFDBE, 0xFDBE, 0x1EBF, 0x367D, 0x9785, 0x1EBF, 0xFDBE, 0xFDBE, 0xFDBE, 0xFDBE, 
    0x1DBF, 0xFDBE, 0xFDBE, 0xFDBE, 0xFDBE, 0xFDBE, 0xFDBE, 0xFDBE, 0xFDBE, 0xFDBE, 0xFDBE, 0xFDBE, 
    0xFDBE, 0xFDBE, 0xFDBE, 0xFDBE, 0xFDBE, 0xFDBE, 0xFDBE, 0xFDBE, 0xFDBE, 0xFDBE, 0xFDBE, 0xFDBE, 
    0xFDBE, 0xFDBE, 0xFDBE, 0xFDBE, 0xFDBE, 0xFDBE, 0xFDBE, 0xFDBE, 0xFDBE, 0xFDBE, 0xFDBE, 0xFDBE, 
    0xFDBE, 0xFDBE, 0xFDBE, 0xFDBE, 0xFDBE, 0xFDBE, 0xFDBE, 0xFDBE, 0xFDBE, 0xFDBE, 0xFDBE, 0xFDBE, 
    0xFDBE, 0xFDBE, 0xFDBE, 0xFDBE, 0xFDBE, 0xFDBE, 0xFDBE, 0xFDBE, 0xFDBE, 0xFDBE, 0xFDBE, 0xFDBE, 
    0x1DBF, 0xBCAE, 0xD574, 0x3BA6, 0x1EBF, 0xFDBE, 0xFDBE, 0xFDBE, 0xFDBE, 0xFDBE, 0xFDBE, 0xFDBE, 
    0xFDBE, 0xFDBE, 0xFDBE, 0xFDBE, 0xFDBE, 0xFDBE, 0xFDBE, 0xFDBE, 0xFDBE, 0xFDBE, 0xFDBE, 0xFDBE, 
    0xFDBE, 0xFDBE, 0xFDBE, 0xFDBE, 0xFDBE, 0xFDBE, 0xFDBE, 0xFDBE, 0xFDBE, 0xFDBE, 0xFDBE, 0xFDBE, 
    0xFDBE, 0xFDBE, 0xFDBE, 0xFDBE, 0xFDBE, 0xFDBE, 0xFDBE, 0xFDBE, 0xFDBE, 0xFDBE, 0xFDBE, 0xFDBE, 
    0xFDBE, 0xFDBE, 0xFDBE, 0xFDBE, 0xFDBE, 0xFDBE, 0xFDBE, 0xFDBE, 0xFDBE, 0xFDBE, 0xFDBE, 0xFDBE, 
    0xFDBE, 0xFDBE, 0xFDBE, 0xFDBE, 0xFDBE, 0xFDBE, 0xFDBE, 0xFDBE, 0xFDBE, 0xFDBE, 0xFDBE, 0xFDBE, 
    0xFDBE, 0xFDBE, 0xFDBE, 0xFDBE, 0xFDBE, 0xFDBE, 0xFDBE, 0xFDBE, 0xFDBE, 0xFDBE, 0xFDBE, 0xFDBE, 
    0xFDBE, 0xFDBE, 0xFDBE, 0xFDB6, 0x1EBF, 0xB995, 0x167D, 0xDDB6, 0xFDBE, 0xFDBE, 0xFDBE, 0xFDBE, 
    0xFDBE, 0xFDBE, 0xFDBE, 0xFDBE, 0xFDBE, 0xFDBE, 0xFDBE, 0xFDBE, 0xFDBE, 0xFDBE, 0xFDBE, 0xFDBE, 
    
    0x9BAE, 0x1DBF, 0xFDBE, 0xFDBE, 0xFDBE, 0xFDBE, 0xFDBE, 0xFDBE, 0xFDBE, 0xFDBE, 0xFDBE, 0xFDBE, 
    0xFDBE, 0xFDBE, 0xFDBE, 0xFDBE, 0xFDBE, 0xFDBE, 0xFDBE, 0xFDB6, 0x1DB7, 0xFDBE, 0xFCBE, 0xFDBE, 
    0x1DBF, 0xD995, 0xF674, 0x167D, 0x167D, 0x167D, 0x367D, 0x567D, 0x5785, 0x587D, 0xF674, 0x9695, 
    0x9DFF, 0x9CFF, 0xBCFF, 0x7BFF, 0x7CFF, 0x9DFF, 0xBDFF, 0xDADE, 0xF57C, 0xD995, 0x3AA6, 0x3B9E, 
    0x5BA6, 0x5BA6, 0x5BA6, 0xDCAE, 0x1EB7, 0xFDB6, 0xFCBE, 0xFDBE, 0xFDBE, 0x1DB7, 0xFDB6, 0xFDBE, 
    0xFDBE, 0xFDBE, 0xFDBE, 0xFDBE, 0xFDBE, 0xFDBE, 0xFDBE, 0xFDBE, 0xFDBE, 0xFDBE, 0xFDBE, 0xFDBE, 
    0xFDBE, 0xFDBE, 0xFDBE, 0xFDBE, 0xFDBE, 0xFDBE, 0xFDBE, 0xFDBE, 0xFDBE, 0xFDBE, 0xFDBE, 0xFDBE, 
    0xFDBE, 0xFDBE, 0xFDBE, 0xFDBE, 0xFDBE, 0xFDBE, 0xFDBE, 0xFDBE, 0xFDBE, 0xFDBE, 0xFDBE, 0xFDBE, 
    0xFDBE, 0xFDBE, 0xFDBE, 0xFDBE, 0xFDBE, 0xFDBE, 0xFDBE, 0xFDBE, 0xFDBE, 0xFDBE, 0xFDBE, 0xFDBE, 
    0x1EBF, 0x367D, 0x9785, 0x1EBF, 0xFDBE, 0xFDBE, 0xFDBE, 0xFDBE, 0x1DBF, 0xFDBE, 0xFDBE, 0xFDBE, 
    0xFDBE, 0xFDBE, 0xFDBE, 0xFDBE, 0xFDBE, 0xFDBE, 0xFDBE, 0xFDBE, 0xFDBE, 0xFDBE, 0xFDBE, 0xFDBE, 
    0xFDBE, 0xFDBE, 0xFDBE, 0xFDBE, 0xFDBE, 0xFDBE, 0xFDBE, 0xFDBE, 0xFDBE, 0xFDBE, 0xFDBE, 0xFDBE, 
    0xFDBE, 0xFDBE, 0xFDBE, 0xFDBE, 0xFDBE, 0xFDBE, 0xFDBE, 0xFDBE, 0xFDBE, 0xFDBE, 0xFDBE, 0xFDBE, 
    0xFDBE, 0xFDBE, 0xFDBE, 0xFDBE, 0xFDBE, 0xFDBE, 0xFDBE, 0xFDBE, 0xFDBE, 0xFDBE, 0xFDBE, 0xFDBE, 
    0xFDBE, 0xFDBE, 0xFDBE, 0xFDBE, 0xFDBE, 0xFDBE, 0xFDBE, 0xFDBE, 0x1DBF, 0xBCAE, 0xD574, 0x3BA6, 
    0x1EBF, 0xFDBE, 0xFDBE, 0xFDBE, 0xFDBE, 0xFDBE, 0xFDBE, 0xFDBE, 0xFDBE, 0xFDBE, 0xFDBE, 0xFDBE, 
    0xFDBE, 0xFDBE, 0xFDBE, 0xFDBE, 0xFDBE, 0xFDBE, 0xFDBE, 0xFDBE, 0xFDBE, 0xFDBE, 0xFDBE, 0xFDBE, 
    0xFDBE, 0xFDBE, 0xFDBE, 0xFDBE, 0xFDBE, 0xFDBE, 0xFDBE, 0xFDBE, 0xFDBE, 0xFDBE, 0xFDBE, 0xFDBE, 
    0xFDBE, 0xFDBE, 0xFDBE, 0xFDBE, 0xFDBE, 0xFDBE, 0xFDBE, 0xFDBE, 0xFDBE, 0xFDBE, 0xFDBE, 0xFDBE, 
    0xFDBE, 0xFDBE, 0xFDBE, 0xFDBE, 0xFDBE, 0xFDBE, 0xFDBE, 0xFDBE, 0xFDBE, 0xFDBE, 0xFDBE, 0xFDBE, 
    0xFDBE, 0xFDBE, 0xFDBE, 0xFDBE, 0xFDBE, 0xFDBE, 0xFDBE, 0xFDBE, 0xFDBE, 0xFDBE, 0xFDBE, 0xFDBE, 
    0xFDBE, 0xFDBE, 0xFDBE, 0xFDBE, 0xFDBE, 0xFDBE, 0xFDBE, 0xFDBE, 0xFDBE, 0xFDBE, 0xFDBE, 0xFDBE, 
    0x1EBF, 0xD995, 0x167D, 0xDDB6, 0x1DBF, 0xFDBE, 0xFDBE, 0xFDBE, 0xFDBE, 0xFDBE, 0xFDBE, 0xFDBE, 
    0xFDBE, 0xFDBE, 0xFDBE, 0xFDBE, 0xFDBE, 0xFDBE, 0xFDBE, 0xFDBE, 
    0x9BAE, 0x1DBF, 0xFDBE, 0xFDBE, 
    0xFDBE, 0xFDBE, 0xFDBE, 0xFDBE, 0xFDBE, 0xFDBE, 0xFDBE, 0xFDBE, 0xFDBE, 0xFDBE, 0xFDBE, 0xFDBE, 
    0xFDBE, 0xFDBE, 0xFDBE, 0x1DB7, 0x1DB7, 0xFDBE, 0xFCBE, 0xFDBE, 0x1DBF, 0xB88D, 0xB46C, 0xD47C, 
    0xB37C, 0xB47C, 0xD374, 0xD374, 0xB474, 0xB474, 0xB46C, 0x7595, 0x9DF7, 0x9CFF, 0xBDF7, 0x9BFF, 
    0xBBFF, 0xBDF7, 0xDDFF, 0x1ADF, 0xD46C, 0xD46C, 0xD46C, 0xD564, 0xD56C, 0xD474, 0xD46C, 0xF98D, 
    0x3EB7, 0xFDB6, 0xFDBE, 0xFDBE, 0xFDBE, 0xFEBE, 0xFEB6, 0xFDBE, 0xFDBE, 0xFDBE, 0xFDBE, 0xFDBE, 
    0xFDBE, 0xFDBE, 0xFDBE, 0xFDBE, 0xFDBE, 0xFDBE, 0xFDBE, 0xFDBE, 0xFDBE, 0xFDBE, 0xFDBE, 0xFDBE, 
    0xFDBE, 0xFDBE, 0xFDBE, 0xFDBE, 0xFDBE, 0xFDBE, 0xFDBE, 0xFDBE, 0xFDBE, 0xFDBE, 0xFDBE, 0xFDBE, 
    0xFDBE, 0xFDBE, 0xFDBE, 0xFDBE, 0xFDBE, 0xFDBE, 0xFDBE, 0xFDBE, 0xFDBE, 0xFDBE, 0xFDBE, 0xFDBE, 
    0xFDBE, 0xFDBE, 0xFDBE, 0xFDBE, 0xFDBE, 0xFDBE, 0xFDBE, 0xFDBE, 0x1EBF, 0x367D, 0x9785, 0x1EBF, 
    0xFDBE, 0xFDBE, 0xFDBE, 0xFDBE, 0x1DBF, 0xFDBE, 0xFDBE, 0xFDBE, 0xFDBE, 0xFDBE, 0xFDBE, 0xFDBE, 
    0xFDBE, 0xFDBE, 0xFDBE, 0xFDBE, 0xFDBE, 0xFDBE, 0xFDBE, 0xFDBE, 0xFDBE, 0xFDBE, 0xFDBE, 0xFDBE, 
    0xFDBE, 0xFDBE, 0xFDBE, 0xFDBE, 0xFDBE, 0xFDBE, 0xFDBE, 0xFDBE, 0xFDBE, 0xFDBE, 0xFDBE, 0xFDBE, 
    0xFDBE, 0xFDBE, 0xFDBE, 0xFDBE, 0xFDBE, 0xFDBE, 0xFDBE, 0xFDBE, 0xFDBE, 0xFDBE, 0xFDBE, 0xFDBE, 
    0xFDBE, 0xFDBE, 0xFDBE, 0xFDBE, 0xFDBE, 0xFDBE, 0xFDBE, 0xFDBE, 0xFDBE, 0xFDBE, 0xFDBE, 0xFDBE, 
    0xFDBE, 0xFDBE, 0xFDBE, 0xFDBE, 0x1DBF, 0xBCAE, 0xD574, 0x3BA6, 0x1EBF, 0xFDBE, 0xFDBE, 0xFDBE, 
    0xFDBE, 0xFDBE, 0xFDBE, 0xFDBE, 0xFDBE, 0xFDBE, 0xFDBE, 0xFDBE, 0xFDBE, 0xFDBE, 0xFDBE, 0xFDBE, 
    0xFDBE, 0xFDBE, 0xFDBE, 0xFDBE, 0xFDBE, 0xFDBE, 0xFDBE, 0xFDBE, 0xFDBE, 0xFDBE, 0xFDBE, 0xFDBE, 
    0xFDBE, 0xFDBE, 0xFDBE, 0xFDBE, 0xFDBE, 0xFDBE, 0xFDBE, 0xFDBE, 0xFDBE, 0xFDBE, 0xFDBE, 0xFDBE, 
    0xFDBE, 0xFDBE, 0xFDBE, 0xFDBE, 0xFDBE, 0xFDBE, 0xFDBE, 0xFDBE, 0xFDBE, 0xFDBE, 0xFDBE, 0xFDBE, 
    0xFDBE, 0xFDBE, 0xFDBE, 0xFDBE, 0xFDBE, 0xFDBE, 0xFDBE, 0xFDBE, 0xFDBE, 0xFDBE, 0xFDBE, 0xFDBE, 
    0xFDBE, 0xFDBE, 0xFDBE, 0xFDBE, 0xFDBE, 0xFDBE, 0xFDBE, 0xFDBE, 0xFDBE, 0xFDBE, 0xFDBE, 0xFDBE, 
    0xFDBE, 0xFDBE, 0xFDBE, 0xFDBE, 0xFDBE, 0xFDBE, 0xFDBE, 0xFDBE, 0x1EBF, 0xD995, 0x167D, 0xDDB6, 
    0x1DBF, 0xFDBE, 0xFDBE, 0xFDBE, 0xFDBE, 0xFDBE, 0xFDBE, 0xFDBE, 0xFDBE, 0xFDBE, 0xFDBE, 0xFDBE, 
    0xFDBE, 0xFDBE, 0xFDBE, 0xFDBE, 
    0x9BAE, 0x1DBF, 0xFDBE, 0xFDBE, 0xFDBE, 0xFDBE, 0xFDBE, 0xFDBE, 
    0xFDBE, 0xFDBE, 0xFDBE, 0xFDBE, 0xFDBE, 0xFDBE, 0xFDBE, 0xFDBE, 0xFDBE, 0xFDBE, 0xFDBE, 0x1DB7, 
    0xFDBE, 0xFDBE, 0xFDBE, 0xFDBE, 0x1EBF, 0x988D, 0x368D, 0x1CD7, 0xFBD6, 0xDBD6, 0xDBCE, 0xDACE, 
    0x9ACE, 0x9BCE, 0x7ABE, 0xBAD6, 0x9DFF, 0x9CFF, 0x9DFF, 0x9BFF, 0xBCFF, 0x9DF7, 0xBCFF, 0x3BEF, 
    0x7695, 0x758D, 0x5595, 0x768D, 0x358D, 0x558D, 0xF47C, 0x577D, 0x3FB7, 0x1EB7, 0xFDBE, 0xFDBE, 
    0xFDBE, 0xFEBE, 0xFDBE, 0xFDBE, 0xFDBE, 0xFDBE, 0xFDBE, 0xFDBE, 0xFDBE, 0xFDBE, 0xFDBE, 0xFDBE, 
    0xFDBE, 0xFDBE, 0xFDBE, 0xFDBE, 0xFDBE, 0xFDBE, 0xFDBE, 0xFDBE, 0xFDBE, 0xFDBE, 0xFDBE, 0xFDBE, 
    0xFDBE, 0xFDBE, 0xFDBE, 0xFDBE, 0xFDBE, 0xFDBE, 0xFDBE, 0xFDBE, 0xFDBE, 0xFDBE, 0xFDBE, 0xFDBE, 
    0xFDBE, 0xFDBE, 0xFDBE, 0xFDBE, 0xFDBE, 0xFDBE, 0xFDBE, 0xFDBE, 0xFDBE, 0xFDBE, 0xFDBE, 0xFDBE, 
    0xFDBE, 0xFDBE, 0xFDBE, 0xFDBE, 0x1EBF, 0x367D, 0x9785, 0x1EBF, 0xFDBE, 0xFDBE, 0xFDBE, 0xFDBE, 
    0x1DBF, 0xFDBE, 0xFDBE, 0xFDBE, 0xFDBE, 0xFDBE, 0xFDBE, 0xFDBE, 0xFDBE, 0xFDBE, 0xFDBE, 0xFDBE, 
    0xFDBE, 0xFDBE, 0xFDBE, 0xFDBE, 0xFDBE, 0xFDBE, 0xFDBE, 0xFDBE, 0xFDBE, 0xFDBE, 0xFDBE, 0xFDBE, 
    0xFDBE, 0xFDBE, 0xFDBE, 0xFDBE, 0xFDBE, 0xFDBE, 0xFDBE, 0xFDBE, 0xFDBE, 0xFDBE, 0xFDBE, 0xFDBE, 
    0xFDBE, 0xFDBE, 0xFDBE, 0xFDBE, 0xFDBE, 0xFDBE, 0xFDBE, 0xFDBE, 0xFDBE, 0xFDBE, 0xFDBE, 0xFDBE, 
    0xFDBE, 0xFDBE, 0xFDBE, 0xFDBE, 0xFDBE, 0xFDBE, 0xFDBE, 0xFDBE, 0xFDBE, 0xFDBE, 0xFDBE, 0xFDBE, 
    0x1DBF, 0xBCAE, 0xD574, 0x3BA6, 0x1EBF, 0xFDBE, 0xFDBE, 0xFDBE, 0xFDBE, 0xFDBE, 0xFDBE, 0xFDBE, 
    0xFDBE, 0xFDBE, 0xFDBE, 0xFDBE, 0xFDBE, 0xFDBE, 0xFDBE, 0xFDBE, 0xFDBE, 0xFDBE, 0xFDBE, 0xFDBE, 
    0xFDBE, 0xFDBE, 0xFDBE, 0xFDBE, 0xFDBE, 0xFDBE, 0xFDBE, 0xFDBE, 0xFDBE, 0xFDBE, 0xFDBE, 0xFDBE, 
    0xFDBE, 0xFDBE, 0xFDBE, 0xFDBE, 0xFDBE, 0xFDBE, 0xFDBE, 0xFDBE, 0xFDBE, 0xFDBE, 0xFDBE, 0xFDBE, 
    0xFDBE, 0xFDBE, 0xFDBE, 0xFDBE, 0xFDBE, 0xFDBE, 0xFDBE, 0xFDBE, 0xFDBE, 0xFDBE, 0xFDBE, 0xFDBE, 
    0xFDBE, 0xFDBE, 0xFDBE, 0xFDBE, 0xFDBE, 0xFDBE, 0xFDBE, 0xFDBE, 0xFDBE, 0xFDBE, 0xFDBE, 0xFDBE, 
    0xFDBE, 0xFDBE, 0xFDBE, 0xFDBE, 0xFDBE, 0xFDBE, 0xFDBE, 0xFDBE, 0xFDBE, 0xFDBE, 0xFDBE, 0xFDBE, 
    0xFDBE, 0xFDBE, 0xFDBE, 0xFDBE, 0x1EBF, 0xD995, 0x167D, 0xDDB6, 0x1DBF, 0xFDBE, 0xFDBE, 0xFDBE, 
    0xFDBE, 0xFDBE, 0xFDBE, 0xFDBE, 0xFDBE, 0xFDBE, 0xFDBE, 0xFDBE, 0xFDBE, 0xFDBE, 0xFDBE, 0xFDBE, 
    
    0x9BAE, 0x1DBF, 0xFDBE, 0xFDBE, 0xFDBE, 0xFDBE, 0xFDBE, 0xFDBE, 0xFDBE, 0xFDBE, 0xFDBE, 0xFDBE, 
    0xFDBE, 0xFDBE, 0xFDBE, 0xFDBE, 0xFDBE, 0xFDBE, 0xFDBE, 0xFDBE, 0xFDBE, 0xFDBE, 0xFCBE, 0x1DBF, 
    0x1EBF, 0x988D, 0x7695, 0xFFFF, 0xBDFF, 0xBDFF, 0xBDFF, 0xBDFF, 0xBDFF, 0xBEFF, 0xDEFF, 0xBDFF, 
    0x5BFF, 0x7CFF, 0x9DFF, 0x7CFF, 0x9CFF, 0x7DFF, 0x7CFF, 0x7CFF, 0xBFF7, 0xBDFF, 0x7CFF, 0x7DF7, 
    0x7DF7, 0x9DE7, 0x969D, 0x3685, 0x3FBF, 0xFDB6, 0xFDBE, 0xFCBE, 0xFDBE, 0xFDBE, 0x1DB7, 0xFDBE, 
    0xFDBE, 0xFDBE, 0xFDBE, 0xFDBE, 0xFDBE, 0xFDBE, 0xFDBE, 0xFDBE, 0xFDBE, 0xFDBE, 0xFDBE, 0xFDBE, 
    0xFDBE, 0xFDBE, 0xFDBE, 0xFDBE, 0xFDBE, 0xFDBE, 0xFDBE, 0xFDBE, 0xFDBE, 0xFDBE, 0xFDBE, 0xFDBE, 
    0xFDBE, 0xFDBE, 0xFDBE, 0xFDBE, 0xFDBE, 0xFDBE, 0xFDBE, 0xFDBE, 0xFDBE, 0xFDBE, 0xFDBE, 0xFDBE, 
    0xFDBE, 0xFDBE, 0xFDBE, 0xFDBE, 0xFDBE, 0xFDBE, 0xFDBE, 0xFDBE, 0xFDBE, 0xFDBE, 0xFDBE, 0xFDBE, 
    0x1EBF, 0x367D, 0x9785, 0x1EBF, 0xFDBE, 0xFDBE, 0xFDBE, 0xFDBE, 0x1DBF, 0xFDBE, 0xFDBE, 0xFDBE, 
    0xFDBE, 0xFDBE, 0xFDBE, 0xFDBE, 0xFDBE, 0xFDBE, 0xFDBE, 0xFDBE, 0xFDBE, 0xFDBE, 0xFDBE, 0xFDBE, 
    0xFDBE, 0xFDBE, 0xFDBE, 0xFDBE, 0xFDBE, 0xFDBE, 0xFDBE, 0xFDBE, 0xFDBE, 0xFDBE, 0xFDBE, 0xFDBE, 
    0xFDBE, 0xFDBE, 0xFDBE, 0xFDBE, 0xFDBE, 0xFDBE, 0xFDBE, 0xFDBE, 0xFDBE, 0xFDBE, 0xFDBE, 0xFDBE, 
    0xFDBE, 0xFDBE, 0xFDBE, 0xFDBE, 0xFDBE, 0xFDBE, 0xFDBE, 0xFDBE, 0xFDBE, 0xFDBE, 0xFDBE, 0xFDBE, 
    0xFDBE, 0xFDBE, 0xFDBE, 0xFDBE, 0xFDBE, 0xFDBE, 0xFDBE, 0xFDBE, 0x1DBF, 0xBCAE, 0xD574, 0x3BA6, 
    0x1EBF, 0xFDBE, 0xFDBE, 0xFDBE, 0xFDBE, 0xFDBE, 0xFDBE, 0xFDBE, 0xFDBE, 0xFDBE, 0xFDBE, 0xFDBE, 
    0xFDBE, 0xFDBE, 0xFDBE, 0xFDBE, 0xFDBE, 0xFDBE, 0xFDBE, 0xFDBE, 0xFDBE, 0xFDBE, 0xFDBE, 0xFDBE, 
    0xFDBE, 0xFDBE, 0xFDBE, 0xFDBE, 0xFDBE, 0xFDBE, 0xFDBE, 0xFDBE, 0xFDBE, 0xFDBE, 0xFDBE, 0xFDBE, 
    0xFDBE, 0xFDBE, 0xFDBE, 0xFDBE, 0xFDBE, 0xFDBE, 0xFDBE, 0xFDBE, 0xFDBE, 0xFDBE, 0xFDBE, 0xFDBE, 
    0xFDBE, 0xFDBE, 0xFDBE, 0xFDBE, 0xFDBE, 0xFDBE, 0xFDBE, 0xFDBE, 0xFDBE, 0xFDBE, 0xFDBE, 0xFDBE, 
    0xFDBE, 0xFDBE, 0xFDBE, 0xFDBE, 0xFDBE, 0xFDBE, 0xFDBE, 0xFDBE, 0xFDBE, 0xFDBE, 0xFDBE, 0xFDBE, 
    0xFDBE, 0xFDBE, 0xFDBE, 0xFDBE, 0xFDBE, 0xFDBE, 0xFDBE, 0xFDBE, 0xFDBE, 0xFDBE, 0xFDBE, 0xFDBE, 
    0x1EBF, 0xD995, 0x167D, 0xDDB6, 0x1DBF, 0xFDBE, 0xFDBE, 0xFDBE, 0xFDBE, 0xFDBE, 0xFDBE, 0xFDBE, 
    0xFDBE, 0xFDBE, 0xFDBE, 0xFDBE, 0xFDBE, 0xFDBE, 0xFDBE, 0xFDBE, 
    0x9BAE, 0x1DBF, 0xFDBE, 0xFDBE, 
    0xFDBE, 0xFDBE, 0xFDBE, 0xFDBE, 0xFDBE, 0xFDBE, 0xFDBE, 0xFDBE, 0xFDBE, 0xFDBE, 0xFDBE, 0xFDBE, 
    0xFDBE, 0xFDBE, 0xFDBE, 0xFDBE, 0xFDBE, 0xFDBE, 0xFDBE, 0xFDB6, 0x3EBF, 0x988D, 0x5595, 0xBDFF, 
    0x7BFF, 0x7CFF, 0x9CFF, 0x9BFF, 0x7BFF, 0x9CFF, 0xBCF7, 0xBBFF, 0x9BFF, 0x9CFF, 0xBDFF, 0x9CFF, 
    0x9CFF, 0x9DFF, 0x7BFF, 0x7BFF, 0x9DFF, 0x9CFF, 0x7BFF, 0x9CFF, 0x9CFF, 0xBEFF, 0x76A5, 0x1685, 
    0x1EBF, 0xFEB6, 0xFDBE, 0xFCBE, 0xFCBE, 0x1DB7, 0x1DB7, 0xFDBE, 0xFDBE, 0xFDBE, 0xFDBE, 0xFDBE, 
    0xFDBE, 0xFDBE, 0xFDBE, 0xFDBE, 0xFDBE, 0xFDBE, 0xFDBE, 0xFDBE, 0xFDBE, 0xFDBE, 0xFDBE, 0xFDBE, 
    0xFDBE, 0xFDBE, 0xFDBE, 0xFDBE, 0xFDBE, 0xFDBE, 0xFDBE, 0xFDBE, 0xFDBE, 0xFDBE, 0xFDBE, 0xFDBE, 
    0xFDBE, 0xFDBE, 0xFDBE, 0xFDBE, 0xFDBE, 0xFDBE, 0xFDBE, 0xFDBE, 0xFDBE, 0xFDBE, 0xFDBE, 0xFDBE, 
    0xFDBE, 0xFDBE, 0xFDBE, 0xFDBE, 0xFDBE, 0xFDBE, 0xFDBE, 0xFDBE, 0x1EBF, 0x367D, 0x9785, 0x1EBF, 
    0xFDBE, 0xFDBE, 0xFDBE, 0xFDBE, 0x1DBF, 0xFDBE, 0xFDBE, 0xFDBE, 0xFDBE, 0xFDBE, 0xFDBE, 0xFDBE, 
    0xFDBE, 0xFDBE, 0xFDBE, 0xFDBE, 0xFDBE, 0xFDBE, 0xFDBE, 0xFDBE, 0xFDBE, 0xFDBE, 0xFDBE, 0xFDBE, 
    0xFDBE, 0xFDBE, 0xFDBE, 0xFDBE, 0xFDBE, 0xFDBE, 0xFDBE, 0xFDBE, 0xFDBE, 0xFDBE, 0xFDBE, 0xFDBE, 
    0xFDBE, 0xFDBE, 0xFDBE, 0xFDBE, 0xFDBE, 0xFDBE, 0xFDBE, 0xFDBE, 0xFDBE, 0xFDBE, 0xFDBE, 0xFDBE, 
    0xFDBE, 0xFDBE, 0xFDBE, 0xFDBE, 0xFDBE, 0xFDBE, 0xFDBE, 0xFDBE, 0xFDBE, 0xFDBE, 0xFDBE, 0xFDBE, 
    0xFDBE, 0xFDBE, 0xFDBE, 0xFDBE, 0x1DBF, 0xBCAE, 0xD574, 0x3BA6, 0x1EBF, 0xFDBE, 0xFDBE, 0xFDBE, 
    0xFDBE, 0xFDBE, 0xFDBE, 0xFDBE, 0xFDBE, 0xFDBE, 0xFDBE, 0xFDBE, 0xFDBE, 0xFDBE, 0xFDBE, 0xFDBE, 
    0xFDBE, 0xFDBE, 0xFDBE, 0xFDBE, 0xFDBE, 0xFDBE, 0xFDBE, 0xFDBE, 0xFDBE, 0xFDBE, 0xFDBE, 0xFDBE, 
    0xFDBE, 0xFDBE, 0xFDBE, 0xFDBE, 0xFDBE, 0xFDBE, 0xFDBE, 0xFDBE, 0xFDBE, 0xFDBE, 0xFDBE, 0xFDBE, 
    0xFDBE, 0xFDBE, 0xFDBE, 0xFDBE, 0xFDBE, 0xFDBE, 0xFDBE, 0xFDBE, 0xFDBE, 0xFDBE, 0xFDBE, 0xFDBE, 
    0xFDBE, 0xFDBE, 0xFDBE, 0xFDBE, 0xFDBE, 0xFDBE, 0xFDBE, 0xFDBE, 0xFDBE, 0xFDBE, 0xFDBE, 0xFDBE, 
    0xFDBE, 0xFDBE, 0xFDBE, 0xFDBE, 0xFDBE, 0xFDBE, 0xFDBE, 0xFDBE, 0xFDBE, 0xFDBE, 0xFDBE, 0xFDBE, 
    0xFDBE, 0xFDBE, 0xFDBE, 0xFDBE, 0xFDBE, 0xFDBE, 0xFDBE, 0xFDBE, 0x1EBF, 0xD995, 0x167D, 0xDDB6, 
    0x1DBF, 0xFDBE, 0xFDBE, 0xFDBE, 0xFDBE, 0xFDBE, 0xFDBE, 0xFDBE, 0xFDBE, 0xFDBE, 0xFDBE, 0xFDBE, 
    0xFDBE, 0xFDBE, 0xFDBE, 0xFDBE, 
    0x9BAE, 0x1DBF, 0xFDBE, 0xFDBE, 0xFDBE, 0xFDBE, 0xFDBE, 0xFDBE, 
    0xFDBE, 0xFDBE, 0xFDBE, 0xFDBE, 0xFDBE, 0xFDBE, 0xFDBE, 0xFDBE, 0xFDBE, 0xFDBE, 0xFDBE, 0xFDBE, 
    0xFDBE, 0xFDBE, 0xFDBE, 0xFDB6, 0x1DBF, 0x9885, 0x568D, 0x9CFF, 0x9CFF, 0x9CFF, 0x9CFF, 0x9CFF, 
    0x9CFF, 0x9CFF, 0x9CFF, 0x9CFF, 0x9CFF, 0x9CFF, 0x9CFF, 0x9CFF, 0x9CFF, 0x9CFF, 0x9CFF, 0x9CFF, 
    0x9CFF, 0x9CFF, 0x9CFF, 0x9CFF, 0x9BFF, 0xBCFF, 0x969D, 0x3685, 0x1EC7, 0xFDBE, 0xFDBE, 0xFDBE, 
    0xFDBE, 0x1DB7, 0x1DB7, 0xFDBE, 0xFDBE, 0xFDBE, 0xFDBE, 0xFDBE, 0xFDBE, 0xFDBE, 0xFDBE, 0xFDBE, 
    0xFDBE, 0xFDBE, 0xFDBE, 0xFDBE, 0xFDBE, 0xFDBE, 0xFDBE, 0xFDBE, 0xFDBE, 0xFDBE, 0xFDBE, 0xFDBE, 
    0xFDBE, 0xFDBE, 0xFDBE, 0xFDBE, 0xFDBE, 0xFDBE, 0xFDBE, 0xFDBE, 0xFDBE, 0xFDBE, 0xFDBE, 0xFDBE, 
    0xFDBE, 0xFDBE, 0xFDBE, 0xFDBE, 0xFDBE, 0xFDBE, 0xFDBE, 0xFDBE, 0xFDBE, 0xFDBE, 0xFDBE, 0xFDBE, 
    0xFDBE, 0xFDBE, 0xFDBE, 0xFDBE, 0x1EBF, 0x367D, 0x9885, 0x1EBF, 0xFDBE, 0xFDBE, 0xFDBE, 0xFDBE, 
    0xFDBE, 0xFDBE, 0xFDBE, 0xFDBE, 0xFDBE, 0xFDBE, 0xFDBE, 0xFDBE, 0xFDBE, 0xFDBE, 0xFDBE, 0xFDBE, 
    0xFDBE, 0xFDBE, 0xFDBE, 0xFDBE, 0xFDBE, 0xFDBE, 0xFDBE, 0xFDBE, 0xFDBE, 0xFDBE, 0xFDBE, 0xFDBE, 
    0xFDBE, 0xFDBE, 0xFDBE, 0xFDBE, 0xFDBE, 0xFDBE, 0xFDBE, 0xFDBE, 0xFDBE, 0xFDBE, 0xFDBE, 0xFDBE, 
    0xFDBE, 0xFDBE, 0xFDBE, 0xFDBE, 0xFDBE, 0xFDBE, 0xFDBE, 0xFDBE, 0xFDBE, 0xFDBE, 0xFDBE, 0xFDBE, 
    0xFDBE, 0xFDBE, 0xFDBE, 0xFDBE, 0xFDBE, 0xFDBE, 0xFDBE, 0xFDBE, 0xFDBE, 0xFDBE, 0xFDBE, 0xFDBE, 
    0x1DBF, 0x9CB6, 0xB474, 0x3AA6, 0x1DBF, 0xFDBE, 0xFDBE, 0xFDBE, 0xFDBE, 0xFDBE, 0xFDBE, 0xFDBE, 
    0xFDBE, 0xFDBE, 0xFDBE, 0xFDBE, 0xFDBE, 0xFDBE, 0xFDBE, 0xFDBE, 0xFDBE, 0xFDBE, 0xFDBE, 0xFDBE, 
    0xFDBE, 0xFDBE, 0xFDBE, 0xFDBE, 0xFDBE, 0xFDBE, 0xFDBE, 0xFDBE, 0xFDBE, 0xFDBE, 0xFDBE, 0xFDBE, 
    0xFDBE, 0xFDBE, 0xFDBE, 0xFDBE, 0xFDBE, 0xFDBE, 0xFDBE, 0xFDBE, 0xFDBE, 0xFDBE, 0xFDBE, 0xFDBE, 
    0xFDBE, 0xFDBE, 0xFDBE, 0xFDBE, 0xFDBE, 0xFDBE, 0xFDBE, 0xFDBE, 0xFDBE, 0xFDBE, 0xFDBE, 0xFDBE, 
    0xFDBE, 0xFDBE, 0xFDBE, 0xFDBE, 0xFDBE, 0xFDBE, 0xFDBE, 0xFDBE, 0xFDBE, 0xFDBE, 0xFDBE, 0xFDBE, 
    0xFDBE, 0xFDBE, 0xFDBE, 0xFDBE, 0xFDBE, 0xFDBE, 0xFEBE, 0xFEBE, 0xFEBE, 0xFDBE, 0xFDBE, 0x1DB7, 
    0x1DB7, 0x1DB7, 0x1DB7, 0xFDB6, 0x1EBF, 0xD995, 0x167D, 0xDDB6, 0x1DBF, 0xFDBE, 0xFDBE, 0xFDBE, 
    0xFDBE, 0xFDBE, 0xFDBE, 0xFDBE, 0xFDBE, 0xFDBE, 0xFDBE, 0xFDBE, 0xFDBE, 0xFDBE, 0xFDBE, 0xFDBE, 
    
    0x9BAE, 0x1DBF, 0xFDBE, 0xFDBE, 0xFDBE, 0xFDBE, 0xFDBE, 0xFDBE, 0xFDBE, 0xFDBE, 0xFDBE, 0xFDBE, 
    0xFDBE, 0xFDBE, 0xFDBE, 0xFDBE, 0xFDBE, 0xFDBE, 0xFDBE, 0xFDBE, 0xFDBE, 0xFDBE, 0xFDBE, 0xFDB6, 
    0x1DBF, 0x9985, 0x578D, 0x9CFF, 0x9CFF, 0x9DFF, 0x9CFF, 0x9CFF, 0x9CFF, 0x9CFF, 0x9CFF, 0x9CFF, 
    0x9CFF, 0x9CFF, 0x9CFF, 0x9CFF, 0x9CFF, 0x9CFF, 0x9CFF, 0x9CFF, 0x9CFF, 0x9CFF, 0x9CFF, 0x9CFF, 
    0x9CFF, 0xBCFF, 0xB795, 0x377D, 0x1EC7, 0xFDBE, 0x1EB7, 0x1EB7, 0xFDBE, 0x1DB7, 0x1EB7, 0xFEB6, 
    0xFEB6, 0xFEB6, 0xFEB6, 0xFEB6, 0xFEB6, 0xFEB6, 0xFEB6, 0xFEB6, 0xFEB6, 0xFEB6, 0xFEB6, 0xFEB6, 
    0xFEB6, 0xFEB6, 0xFEB6, 0xFEB6, 0xFEB6, 0xFEB6, 0xFEB6, 0xFEB6, 0xFEB6, 0xFEB6, 0xFEB6, 0xFEB6, 
    0xFEB6, 0xFEB6, 0xFEB6, 0xFEB6, 0xFEB6, 0xFEB6, 0xFEB6, 0xFEB6, 0xFEB6, 0xFEB6, 0xFEB6, 0xFEB6, 
    0xFEB6, 0xFEB6, 0xFEB6, 0xFEB6, 0xFEB6, 0xFEB6, 0xFEB6, 0xFEB6, 0xFEB6, 0xFEB6, 0xFEB6, 0xFDBE, 
    0x1EBF, 0x377D, 0x9885, 0x1EBF, 0xFDB6, 0xFDBE, 0xFDBE, 0x1DB7, 0x1DB7, 0xFEB6, 0xFEB6, 0xFEB6, 
    0xFEB6, 0xFEB6, 0xFEB6, 0xFEB6, 0xFEB6, 0xFEB6, 0xFEB6, 0xFEB6, 0xFEB6, 0xFEB6, 0xFEB6, 0xFEB6, 
    0xFEB6, 0xFEB6, 0xFEB6, 0xFEB6, 0xFEB6, 0xFEB6, 0xFEB6, 0xFEB6, 0xFEB6, 0xFEB6, 0xFEB6, 0xFEB6, 
    0xFEB6, 0xFEB6, 0xFEB6, 0xFEB6, 0xFEB6, 0xFEB6, 0xFEB6, 0xFEB6, 0xFEB6, 0xFEB6, 0xFEB6, 0xFEB6, 
    0xFEB6, 0xFEB6, 0xFEB6, 0xFEB6, 0xFEB6, 0xFEB6, 0xFEB6, 0xFEB6, 0xFEB6, 0xFEB6, 0xFEB6, 0xFEB6, 
    0xFEB6, 0xFEB6, 0xFEB6, 0xFEB6, 0xFEB6, 0xFEB6, 0xFEB6, 0xFEB6, 0x1EBF, 0xBCAE, 0xD574, 0x3A9E, 
    0x1EBF, 0xFDB6, 0xFEB6, 0xFEB6, 0xFEB6, 0xFEB6, 0xFEB6, 0xFEB6, 0xFEB6, 0xFEB6, 0xFEB6, 0xFEB6, 
    0xFEB6, 0xFEB6, 0xFEB6, 0xFEB6, 0xFEB6, 0xFEB6, 0xFEB6, 0xFEB6, 0xFEB6, 0xFEB6, 0xFEB6, 0xFEB6, 
    0xFEB6, 0xFEB6, 0xFEB6, 0xFEB6, 0xFEB6, 0xFEB6, 0xFEB6, 0xFEB6, 0xFEB6, 0xFEB6, 0xFEB6, 0xFEB6, 
    0xFEB6, 0xFEB6, 0xFEB6, 0xFEB6, 0xFEB6, 0xFEB6, 0xFEB6, 0xFEB6, 0xFEB6, 0xFEB6, 0xFEB6, 0xFEB6, 
    0xFEB6, 0xFEB6, 0xFEB6, 0xFEB6, 0xFEB6, 0xFEB6, 0xFEB6, 0xFEB6, 0xFEB6, 0xFEB6, 0xFEB6, 0xFEB6, 
    0xFEB6, 0xFEB6, 0xFEB6, 0xFEB6, 0xFEB6, 0xFEB6, 0xFEB6, 0xFEB6, 0xFEB6, 0xFEB6, 0xFEB6, 0xFEB6, 
    0xFEB6, 0xFDBE, 0xFDBE, 0xFDBE, 0xFDBE, 0xFDBE, 0xFDBE, 0xFDBE, 0xFDBE, 0xFDBE, 0xFDBE, 0xFDBE, 
    0x1EBF, 0xD995, 0x167D, 0xDDB6, 0x1DBF, 0xFDBE, 0xFDBE, 0xFDBE, 0xFDBE, 0xFDBE, 0xFDBE, 0xFDBE, 
    0xFDBE, 0xFDBE, 0xFDBE, 0xFDBE, 0xFDBE, 0xFDBE, 0xFDBE, 0xFDBE, 
    0x9BAE, 0x1DBF, 0xFDBE, 0xFDBE, 
    0xFDBE, 0xFDBE, 0xFDBE, 0xFDBE, 0xFDBE, 0xFDBE, 0xFDBE, 0xFDBE, 0xFDBE, 0xFDBE, 0xFDBE, 0xFDBE, 
    0xFDBE, 0xFDBE, 0xFDBE, 0xFDBE, 0xFDBE, 0xFDBE, 0xFDBE, 0xFDB6, 0x1DBF, 0x9985, 0x578D, 0x9CFF, 
    0x9CFF, 0x9DFF, 0x9CFF, 0x9CFF, 0x9CFF, 0x9CFF, 0x9CFF, 0x9CFF, 0x9CFF, 0x9CFF, 0x9CFF, 0x9CFF, 
    0x9CFF, 0x9CFF, 0x9CFF, 0x9CFF, 0x9CFF, 0x9CFF, 0x9CFF, 0x9CFF, 0x9CFF, 0xBDFF, 0x979D, 0x377D, 
    0x1EBF, 0xFCBE, 0x1DB7, 0xFDBE, 0xFCBE, 0xFCBE, 0xFDBE, 0x1DB7, 0x1DB7, 0x1DB7, 0x1DB7, 0x1DB7, 
    0x1DB7, 0x1DB7, 0x1DB7, 0x1DB7, 0x1DB7, 0x1DB7, 0x1DB7, 0x1DB7, 0x1DB7, 0x1DB7, 0x1DB7, 0x1DB7, 
    0x1DB7, 0x1DB7, 0x1DB7, 0x1DB7, 0x1DB7, 0x1DB7, 0x1DB7, 0x1DB7, 0x1DB7, 0x1DB7, 0x1DB7, 0x1DB7, 
    0x1DB7, 0x1DB7, 0x1DB7, 0x1DB7, 0x1DB7, 0x1DB7, 0x1DB7, 0x1DB7, 0x1DB7, 0x1DB7, 0x1DB7, 0x1DB7, 
    0x1DB7, 0x1DB7, 0x1DB7, 0x1DB7, 0x1DB7, 0x1DB7, 0x1DB7, 0xFDBE, 0x1DBF, 0x367D, 0x9785, 0x1EBF, 
    0xFDBE, 0xFCBE, 0xFDBE, 0xFDBE, 0x1DBF, 0x1DB7, 0x1DB7, 0x1DB7, 0x1DB7, 0x1DB7, 0x1DB7, 0x1DB7, 
    0x1DB7, 0x1DB7, 0x1DB7, 0x1DB7, 0x1DB7, 0x1DB7, 0x1DB7, 0x1DB7, 0x1DB7, 0x1DB7, 0x1DB7, 0x1DB7, 
    0x1DB7, 0x1DB7, 0x1DB7, 0x1DB7, 0x1DB7, 0x1DB7, 0x1DB7, 0x1DB7, 0x1DB7, 0x1DB7, 0x1DB7, 0x1DB7, 
    0x1DB7, 0x1DB7, 0x1DB7, 0x1DB7, 0x1DB7, 0x1DB7, 0x1DB7, 0x1DB7, 0x1DB7, 0x1DB7, 0x1DB7, 0x1DB7, 
    0x1DB7, 0x1DB7, 0x1DB7, 0x1DB7, 0x1DB7, 0x1DB7, 0x1DB7, 0x1DB7, 0x1DB7, 0x1DB7, 0x1DB7, 0x1DB7, 
    0x1DB7, 0x1DB7, 0x1DB7, 0x1DB7, 0x1DBF, 0xBCAE, 0xD474, 0x3A9E, 0x1DBF, 0xFDB6, 0x1DB7, 0x1DB7, 
    0x1DB7, 0x1DB7, 0x1DB7, 0x1DB7, 0x1DB7, 0x1DB7, 0x1DB7, 0x1DB7, 0x1DB7, 0x1DB7, 0x1DB7, 0x1DB7, 
    0x1DB7, 0x1DB7, 0x1DB7, 0x1DB7, 0x1DB7, 0x1DB7, 0x1DB7, 0x1DB7, 0x1DB7, 0x1DB7, 0x1DB7, 0x1DB7, 
    0x1DB7, 0x1DB7, 0x1DB7, 0x1DB7, 0x1DB7, 0x1DB7, 0x1DB7, 0x1DB7, 0x1DB7, 0x1DB7, 0x1DB7, 0x1DB7, 
    0x1DB7, 0x1DB7, 0x1DB7, 0x1DB7, 0x1DB7, 0x1DB7, 0x1DB7, 0x1DB7, 0x1DB7, 0x1DB7, 0x1DB7, 0x1DB7, 
    0x1DB7, 0x1DB7, 0x1DB7, 0x1DB7, 0x1DB7, 0x1DB7, 0x1DB7, 0x1DB7, 0x1DB7, 0x1DB7, 0x1DB7, 0x1DB7, 
    0x1DB7, 0x1DB7, 0x1DB7, 0x1DB7, 0x1DB7, 0x1DB7, 0x1DB7, 0x1DB7, 0x1DB7, 0x1DB7, 0x1CB7, 0x1CB7, 
    0x1DB7, 0xFDBE, 0xFDBE, 0xFDBE, 0xFDBE, 0xFDBE, 0xDDC6, 0xFDBE, 0x1EBF, 0xD995, 0x167D, 0xDDB6, 
    0x1DBF, 0xFDBE, 0xFDBE, 0xFDBE, 0xFDBE, 0xFDBE, 0xFDBE, 0xFDBE, 0xFDBE, 0xFDBE, 0xFDBE, 0xFDBE, 
    0xFDBE, 0xFDBE, 0xFDBE, 0xFDBE, 
    0x9BAE, 0x1DBF, 0xFDBE, 0xFDBE, 0xFDBE, 0xFDBE, 0xFDBE, 0xFDBE, 
    0xFDBE, 0xFDBE, 0xFDBE, 0xFDBE, 0xFDBE, 0xFDBE, 0xFDBE, 0xFDBE, 0xFDBE, 0xFDBE, 0xFDBE, 0xFDBE, 
    0xFDBE, 0xFDBE, 0xFDBE, 0xFDB6, 0x1DBF, 0x9985, 0x578D, 0x9CFF, 0x9CFF, 0x9DFF, 0x9CFF, 0x9CFF, 
    0x9CFF, 0x9CFF, 0x9CFF, 0x9CFF, 0x9CFF, 0x9CFF, 0x9CFF, 0x9CFF, 0x9CFF, 0x9CFF, 0x9CFF, 0x9CFF, 
    0x9CFF, 0x9CFF, 0x9CFF, 0x9CFF, 0x9CFF, 0xBCFF, 0x979D, 0x367D, 0x3DBF, 0xFCBE, 0x1DBF, 0xFCBE, 
    0xFCC6, 0xFCC6, 0xFDBE, 0xFDBE, 0xFDBE, 0xFDBE, 0xFDBE, 0xFDBE, 0xFDBE, 0xFDBE, 0xFDBE, 0xFDBE, 
    0xFDBE, 0xFDBE, 0xFDBE, 0xFDBE, 0xFDBE, 0xFDBE, 0xFDBE, 0xFDBE, 0xFDBE, 0xFDBE, 0xFDBE, 0xFDBE, 
    0xFDBE, 0xFDBE, 0xFDBE, 0xFDBE, 0xFDBE, 0xFDBE, 0xFDBE, 0xFDBE, 0xFDBE, 0xFDBE, 0xFDBE, 0xFDBE, 
    0xFDBE, 0xFDBE, 0xFDBE, 0xFDBE, 0xFDBE, 0xFDBE, 0xFDBE, 0xFDBE, 0xFDBE, 0xFDBE, 0xFDBE, 0xFDBE, 
    0xFDBE, 0xFDBE, 0xFDBE, 0xFCBE, 0x1DBF, 0x167D, 0x778D, 0x1DBF, 0xFCBE, 0xFCBE, 0xFCBE, 0xFDBE, 
    0x1DBF, 0xFDBE, 0xFDBE, 0xFDBE, 0xFDBE, 0xFDBE, 0xFDBE, 0xFDBE, 0xFDBE, 0xFDBE, 0xFDBE, 0xFDBE, 
    0xFDBE, 0xFDBE, 0xFDBE, 0xFDBE, 0xFDBE, 0xFDBE, 0xFDBE, 0xFDBE, 0xFDBE, 0xFDBE, 0xFDBE, 0xFDBE, 
    0xFDBE, 0xFDBE, 0xFDBE, 0xFDBE, 0xFDBE, 0xFDBE, 0xFDBE, 0xFDBE, 0xFDBE, 0xFDBE, 0xFDBE, 0xFDBE, 
    0xFDBE, 0xFDBE, 0xFDBE, 0xFDBE, 0xFDBE, 0xFDBE, 0xFDBE, 0xFDBE, 0xFDBE, 0xFDBE, 0xFDBE, 0xFDBE, 
    0xFDBE, 0xFDBE, 0xFDBE, 0xFDBE, 0xFDBE, 0xFDBE, 0xFDBE, 0xFDBE, 0xFDBE, 0xFDBE, 0xFDBE, 0xFDBE, 
    0x1DBF, 0x9BAE, 0xD474, 0x3AA6, 0x1DBF, 0xFDBE, 0xFDBE, 0xFDBE, 0xFDBE, 0xFDBE, 0xFDBE, 0xFDBE, 
    0xFDBE, 0xFDBE, 0xFDBE, 0xFDBE, 0xFDBE, 0xFDBE, 0xFDBE, 0xFDBE, 0xFDBE, 0xFDBE, 0xFDBE, 0xFDBE, 
    0xFDBE, 0xFDBE, 0xFDBE, 0xFDBE, 0xFDBE, 0xFDBE, 0xFDBE, 0xFDBE, 0xFDBE, 0xFDBE, 0xFDBE, 0xFDBE, 
    0xFDBE, 0xFDBE, 0xFDBE, 0xFDBE, 0xFDBE, 0xFDBE, 0xFDBE, 0xFDBE, 0xFDBE, 0xFDBE, 0xFDBE, 0xFDBE, 
    0xFDBE, 0xFDBE, 0xFDBE, 0xFDBE, 0xFDBE, 0xFDBE, 0xFDBE, 0xFDBE, 0xFDBE, 0xFDBE, 0xFDBE, 0xFDBE, 
    0xFDBE, 0xFDBE, 0xFDBE, 0xFDBE, 0xFDBE, 0xFDBE, 0xFDBE, 0xFDBE, 0xFDBE, 0xFDBE, 0xFDBE, 0xFDBE, 
    0xFDBE, 0xFDBE, 0xFDBE, 0xFDBE, 0xFDBE, 0xFDBE, 0x1DB7, 0x1DB7, 0x1DB7, 0x1DB7, 0x1EB7, 0x1EB7, 
    0xFEB6, 0xFEB6, 0xFEBE, 0xFDB6, 0x1EBF, 0xD995, 0x167D, 0xDDB6, 0x1DBF, 0xFDBE, 0xFDBE, 0xFDBE, 
    0xFDBE, 0xFDBE, 0xFDBE, 0xFDBE, 0xFDBE, 0xFDBE, 0xFDBE, 0xFDBE, 0xFDBE, 0xFDBE, 0xFDBE, 0xFDBE, 
    
    0x9BAE, 0x1DBF, 0xFDBE, 0xFDBE, 0xFDBE, 0xFDBE, 0xFDBE, 0xFDBE, 0xFDBE, 0xFDBE, 0xFDBE, 0xFDBE, 
    0xFDBE, 0xFDBE, 0xFDBE, 0xFDBE, 0xFDBE, 0xFDBE, 0xFDBE, 0xFDBE, 0xFDBE, 0xFDBE, 0xFDBE, 0xFDB6, 
    0x1DBF, 0x9985, 0x578D, 0x9CFF, 0x9CFF, 0x9DFF, 0x9CFF, 0x9CFF, 0x9CFF, 0x9CFF, 0x9CFF, 0x9CFF, 
    0x9CFF, 0x9CFF, 0x9CFF, 0x9CFF, 0x9CFF, 0x9CFF, 0x9CFF, 0x9CFF, 0x9CFF, 0x9CFF, 0x9CFF, 0x9CFF, 
    0x9CFF, 0xBDFF, 0x9795, 0x377D, 0x3EBF, 0x1DB7, 0x1EAF, 0x1EB7, 0xFDBE, 0xFDBE, 0xFEB6, 0xFEBE, 
    0xFEBE, 0xFEBE, 0xFEBE, 0xFEBE, 0xFEBE, 0xFEBE, 0xFEBE, 0xFEBE, 0xFEBE, 0xFEBE, 0xFEBE, 0xFEBE, 
    0xFEBE, 0xFEBE, 0xFEBE, 0xFEBE, 0xFEBE, 0xFEBE, 0xFEBE, 0xFEBE, 0xFEBE, 0xFEBE, 0xFEBE, 0xFEBE, 
    0xFEBE, 0xFEBE, 0xFEBE, 0xFEBE, 0xFEBE, 0xFEBE, 0xFEBE, 0xFEBE, 0xFEBE, 0xFEBE, 0xFEBE, 0xFEBE, 
    0xFEBE, 0xFEBE, 0xFEBE, 0xFEBE, 0xFEBE, 0xFEBE, 0xFEBE, 0xFEBE, 0xFEBE, 0xFEBE, 0xFEBE, 0xFDB6, 
    0x1EB7, 0x377D, 0x9885, 0x1EB7, 0xFDB6, 0xFDB6, 0xFDB6, 0xFEB6, 0x1EB7, 0xFEBE, 0xFEBE, 0xFEBE, 
    0xFEBE, 0xFEBE, 0xFEBE, 0xFEBE, 0xFEBE, 0xFEBE, 0xFEBE, 0xFEBE, 0xFEBE, 0xFEBE, 0xFEBE, 0xFEBE, 
    0xFEBE, 0xFEBE, 0xFEBE, 0xFEBE, 0xFEBE, 0xFEBE, 0xFEBE, 0xFEBE, 0xFEBE, 0xFEBE, 0xFEBE, 0xFEBE, 
    0xFEBE, 0xFEBE, 0xFEBE, 0xFEBE, 0xFEBE, 0xFEBE, 0xFEBE, 0xFEBE, 0xFEBE, 0xFEBE, 0xFEBE, 0xFEBE, 
    0xFEBE, 0xFEBE, 0xFEBE, 0xFEBE, 0xFEBE, 0xFEBE, 0xFEBE, 0xFEBE, 0xFEBE, 0xFEBE, 0xFEBE, 0xFEBE, 
    0xFEBE, 0xFEBE, 0xFEBE, 0xFEBE, 0xFEBE, 0xFEBE, 0xFEBE, 0xFEBE, 0xFEBE, 0x9CAE, 0xD574, 0x3B9E, 
    0xFEBE, 0xFEB6, 0xFEBE, 0xFEBE, 0xFEBE, 0xFEBE, 0xFEBE, 0xFEBE, 0xFEBE, 0xFEBE, 0xFEBE, 0xFEBE, 
    0xFEBE, 0xFEBE, 0xFEBE, 0xFEBE, 0xFEBE, 0xFEBE, 0xFEBE, 0xFEBE, 0xFEBE, 0xFEBE, 0xFEBE, 0xFEBE, 
    0xFEBE, 0xFEBE, 0xFEBE, 0xFEBE, 0xFEBE, 0xFEBE, 0xFEBE, 0xFEBE, 0xFEBE, 0xFEBE, 0xFEBE, 0xFEBE, 
    0xFEBE, 0xFEBE, 0xFEBE, 0xFEBE, 0xFEBE, 0xFEBE, 0xFEBE, 0xFEBE, 0xFEBE, 0xFEBE, 0xFEBE, 0xFEBE, 
    0xFEBE, 0xFEBE, 0xFEBE, 0xFEBE, 0xFEBE, 0xFEBE, 0xFEBE, 0xFEBE, 0xFEBE, 0xFEBE, 0xFEBE, 0xFEBE, 
    0xFEBE, 0xFEBE, 0xFEBE, 0xFEBE, 0xFEBE, 0xFEBE, 0xFEBE, 0xFEBE, 0xFEBE, 0xFEBE, 0xFEBE, 0xFEBE, 
    0xFEBE, 0xFDBE, 0xFDBE, 0xFDBE, 0xFDBE, 0xFDB6, 0x1DB7, 0xFDB6, 0x1DB7, 0x1DB7, 0x1DB7, 0xFDB6, 
    0x1EBF, 0xD995, 0x167D, 0xDDB6, 0x1DBF, 0xFDBE, 0xFDBE, 0xFDBE, 0xFDBE, 0xFDBE, 0xFDBE, 0xFDBE, 
    0xFDBE, 0xFDBE, 0xFDBE, 0xFDBE, 0xFDBE, 0xFDBE, 0xFDBE, 0xFDBE, 
    0x9BAE, 0x1DBF, 0xFDBE, 0xFDBE, 
    0xFDBE, 0xFDBE, 0xFDBE, 0xFDBE, 0xFDBE, 0xFDBE, 0xFDBE, 0xFDBE, 0xFDBE, 0xFDBE, 0xFDBE, 0xFDBE, 
    0xFDBE, 0xFDBE, 0xFDBE, 0xFDBE, 0xFDBE, 0xFDBE, 0xFDBE, 0xFDB6, 0x1DBF, 0x9985, 0x578D, 0x9CFF, 
    0x9CFF, 0x9DFF, 0x9CFF, 0x9CFF, 0x9CFF, 0x9CFF, 0x9CFF, 0x9CFF, 0x9CFF, 0x9CFF, 0x9CFF, 0x9CFF, 
    0x9CFF, 0x9CFF, 0x9CFF, 0x9CFF, 0x9CFF, 0x9CFF, 0x9CFF, 0x9CFF, 0x9CFF, 0x9CFF, 0x979D, 0x377D, 
    0x5EC7, 0x1DBF, 0x3EB7, 0x3EB7, 0x1EBF, 0x1EBF, 0x1EBF, 0x1EBF, 0x1EBF, 0x1EBF, 0x1EBF, 0x1EBF, 
    0x1EBF, 0x1EBF, 0x1EBF, 0x1EBF, 0x1EBF, 0x1EBF, 0x1EBF, 0x1EBF, 0x1EBF, 0x1EBF, 0x1EBF, 0x1EBF, 
    0x1EBF, 0x1EBF, 0x1EBF, 0x1EBF, 0x1EBF, 0x1EBF, 0x1EBF, 0x1EBF, 0x1EBF, 0x1EBF, 0x1EBF, 0x1EBF, 
    0x1EBF, 0x1EBF, 0x1EBF, 0x1EBF, 0x1EBF, 0x1EBF, 0x1EBF, 0x1EBF, 0x1EBF, 0x1EBF, 0x1EBF, 0x1EBF, 
    0x1EBF, 0x1EBF, 0x1EBF, 0x1EBF, 0x1EBF, 0x1EBF, 0x1EBF, 0x1EBF, 0x3EBF, 0x367D, 0x9885, 0x3EBF, 
    0x1EBF, 0x1EBF, 0x1EBF, 0x1EBF, 0x3EBF, 0x1EBF, 0x1EBF, 0x1EBF, 0x1EBF, 0x1EBF, 0x1EBF, 0x1EBF, 
    0x1EBF, 0x1EBF, 0x1EBF, 0x1EBF, 0x1EBF, 0x1EBF, 0x1EBF, 0x1EBF, 0x1EBF, 0x1EBF, 0x1EBF, 0x1EBF, 
    0x1EBF, 0x1EBF, 0x1EBF, 0x1EBF, 0x1EBF, 0x1EBF, 0x1EBF, 0x1EBF, 0x1EBF, 0x1EBF, 0x1EBF, 0x1EBF, 
    0x1EBF, 0x1EBF, 0x1EBF, 0x1EBF, 0x1EBF, 0x1EBF, 0x1EBF, 0x1EBF, 0x1EBF, 0x1EBF, 0x1EBF, 0x1EBF, 
    0x1EBF, 0x1EBF, 0x1EBF, 0x1EBF, 0x1EBF, 0x1EBF, 0x1EBF, 0x1EBF, 0x1EBF, 0x1EBF, 0x1EBF, 0x1EBF, 
    0x1EBF, 0x1EBF, 0x1EBF, 0x1EBF, 0x3EC7, 0xBDB6, 0xB574, 0x5BA6, 0x3EC7, 0x1EBF, 0x1EBF, 0x1EBF, 
    0x1EBF, 0x1EBF, 0x1EBF, 0x1EBF, 0x1EBF, 0x1EBF, 0x1EBF, 0x1EBF, 0x1EBF, 0x1EBF, 0x1EBF, 0x1EBF, 
    0x1EBF, 0x1EBF, 0x1EBF, 0x1EBF, 0x1EBF, 0x1EBF, 0x1EBF, 0x1EBF, 0x1EBF, 0x1EBF, 0x1EBF, 0x1EBF, 
    0x1EBF, 0x1EBF, 0x1EBF, 0x1EBF, 0x1EBF, 0x1EBF, 0x1EBF, 0x1EBF, 0x1EBF, 0x1EBF, 0x1EBF, 0x1EBF, 
    0x1EBF, 0x1EBF, 0x1EBF, 0x1EBF, 0x1EBF, 0x1EBF, 0x1EBF, 0x1EBF, 0x1EBF, 0x1EBF, 0x1EBF, 0x1EBF, 
    0x1EBF, 0x1EBF, 0x1EBF, 0x1EBF, 0x1EBF, 0x1EBF, 0x1EBF, 0x1EBF, 0x1EBF, 0x1EBF, 0x1EBF, 0x1EBF, 
    0x1EBF, 0x1EBF, 0x1EBF, 0x1EBF, 0x1EBF, 0x1EBF, 0x1EBF, 0x1EBF, 0x1EBF, 0x1DC7, 0x1DC7, 0xFDC6, 
    0x1DC7, 0x1DBF, 0x1DBF, 0x1DBF, 0x1CBF, 0x3CBF, 0x1CBF, 0x1DBF, 0x3EBF, 0xD995, 0x167D, 0xDDB6, 
    0x1DBF, 0xFDBE, 0xFDBE, 0xFDBE, 0xFDBE, 0xFDBE, 0xFDBE, 0xFDBE, 0xFDBE, 0xFDBE, 0xFDBE, 0xFDBE, 
    0xFDBE, 0xFDBE, 0xFDBE, 0xFDBE, 
    0x9BAE, 0x1DBF, 0xFDBE, 0xFDBE, 0xFDBE, 0xFDBE, 0xFDBE, 0xFDBE, 
    0xFDBE, 0xFDBE, 0xFDBE, 0xFDBE, 0xFDBE, 0xFDBE, 0xFDBE, 0xFDBE, 0xFDBE, 0xFDBE, 0xFDBE, 0xFDBE, 
    0xFDBE, 0xFDBE, 0xFDBE, 0xFDB6, 0x1DBF, 0x9985, 0x578D, 0x9CFF, 0x9CFF, 0x9DFF, 0x9CFF, 0x9CFF, 
    0x9CFF, 0x9CFF, 0x9CFF, 0x9CFF, 0x9CFF, 0x9CFF, 0x9CFF, 0x9CFF, 0x9CFF, 0x9CFF, 0x9CFF, 0x9CFF, 
    0x9CFF, 0x9CFF, 0x9CFF, 0x9CFF, 0x9CFF, 0x9CFF, 0x97A5, 0xF57C, 0x19A6, 0x199E, 0x1A9E, 0x1A9E, 
    0x199E, 0x1A9E, 0x1A9E, 0x199E, 0x199E, 0x199E, 0x199E, 0x199E, 0x199E, 0x199E, 0x199E, 0x199E, 
    0x199E, 0x199E, 0x199E, 0x199E, 0x199E, 0x199E, 0x199E, 0x199E, 0x199E, 0x199E, 0x199E, 0x199E, 
    0x199E, 0x199E, 0x199E, 0x199E, 0x199E, 0x199E, 0x199E, 0x199E, 0x199E, 0x199E, 0x199E, 0x199E, 
    0x199E, 0x199E, 0x199E, 0x199E, 0x199E, 0x199E, 0x199E, 0x199E, 0x199E, 0x199E, 0x199E, 0x199E, 
    0x199E, 0x199E, 0x199E, 0x199E, 0x199E, 0xF57C, 0x367D, 0x1A9E, 0x199E, 0xF99D, 0xF9A5, 0x199E, 
    0x1A9E, 0x199E, 0x199E, 0x199E, 0x199E, 0x199E, 0x199E, 0x199E, 0x199E, 0x199E, 0x199E, 0x199E, 
    0x199E, 0x199E, 0x199E, 0x199E, 0x199E, 0x199E, 0x199E, 0x199E, 0x199E, 0x199E, 0x199E, 0x199E, 
    0x199E, 0x199E, 0x199E, 0x199E, 0x199E, 0x199E, 0x199E, 0x199E, 0x199E, 0x199E, 0x199E, 0x199E, 
    0x199E, 0x199E, 0x199E, 0x199E, 0x199E, 0x199E, 0x199E, 0x199E, 0x199E, 0x199E, 0x199E, 0x199E, 
    0x199E, 0x199E, 0x199E, 0x199E, 0x199E, 0x199E, 0x199E, 0x199E, 0x199E, 0x199E, 0x199E, 0x199E, 
    0x199E, 0xD995, 0xD474, 0xB88D, 0x1A9E, 0x199E, 0x199E, 0x199E, 0x199E, 0x199E, 0x199E, 0x199E, 
    0x199E, 0x199E, 0x199E, 0x199E, 0x199E, 0x199E, 0x199E, 0x199E, 0x199E, 0x199E, 0x199E, 0x199E, 
    0x199E, 0x199E, 0x199E, 0x199E, 0x199E, 0x199E, 0x199E, 0x199E, 0x199E, 0x199E, 0x199E, 0x199E, 
    0x199E, 0x199E, 0x199E, 0x199E, 0x199E, 0x199E, 0x199E, 0x199E, 0x199E, 0x199E, 0x199E, 0x199E, 
    0x199E, 0x199E, 0x199E, 0x199E, 0x199E, 0x199E, 0x199E, 0x199E, 0x199E, 0x199E, 0x199E, 0x199E, 
    0x199E, 0x199E, 0x199E, 0x199E, 0x199E, 0x199E, 0x199E, 0x199E, 0x199E, 0x199E, 0x199E, 0x199E, 
    0x199E, 0x199E, 0x199E, 0x199E, 0x199E, 0x1996, 0x1A96, 0x1A96, 0x1A96, 0x1A96, 0x1A96, 0x1A96, 
    0x1A9E, 0x199E, 0xF99D, 0x199E, 0x1A9E, 0x7785, 0x367D, 0xFDB6, 0x1DBF, 0xFDBE, 0xFDBE, 0xFDBE, 
    0xFDBE, 0xFDBE, 0xFDBE, 0xFDBE, 0xFDBE, 0xFDBE, 0xFDBE, 0xFDBE, 0xFDBE, 0xFDBE, 0xFDBE, 0xFDBE, 
    
    0x9BAE, 0x1DBF, 0xFDBE, 0xFDBE, 0xFDBE, 0xFDBE, 0xFDBE, 0xFDBE, 0xFDBE, 0xFDBE, 0xFDBE, 0xFDBE, 
    0xFDBE, 0xFDBE, 0xFDBE, 0xFDBE, 0xFDBE, 0xFDBE, 0xFDBE, 0xFDBE, 0xFDBE, 0xFDBE, 0xFDBE, 0xFDB6, 
    0x1DBF, 0x9985, 0x578D, 0x9CFF, 0x9CFF, 0x9DFF, 0x9CFF, 0x9CFF, 0x9CFF, 0x9CFF, 0x9CFF, 0x9CFF, 
    0x9CFF, 0x9CFF, 0x9CFF, 0x9CFF, 0x9CFF, 0x9CFF, 0x9CFF, 0x9CFF, 0x9CFF, 0x9CFF, 0x9CFF, 0x9CFF, 
    0x9CFF, 0xDEF7, 0xD99D, 0x9564, 0xB56C, 0x946C, 0xB564, 0xB564, 0xB56C, 0xB564, 0xB564, 0xD564, 
    0xD564, 0xD564, 0xD564, 0xD564, 0xD564, 0xD564, 0xD564, 0xD564, 0xD564, 0xD564, 0xD564, 0xD564, 
    0xD564, 0xD564, 0xD564, 0xD564, 0xD564, 0xD564, 0xD564, 0xD564, 0xD564, 0xD564, 0xD564, 0xD564, 
    0xD564, 0xD564, 0xD564, 0xD564, 0xD564, 0xD564, 0xD564, 0xD564, 0xD564, 0xD564, 0xD564, 0xD564, 
    0xD564, 0xD564, 0xD564, 0xD564, 0xD564, 0xD564, 0xD564, 0xD564, 0xD564, 0xD564, 0xD564, 0xB56C, 
    0xB56C, 0xF66C, 0xF66C, 0xB564, 0xB56C, 0xB56C, 0xB56C, 0xB56C, 0xB56C, 0xD564, 0xD564, 0xD564, 
    0xD564, 0xD564, 0xD564, 0xD564, 0xD564, 0xD564, 0xD564, 0xD564, 0xD564, 0xD564, 0xD564, 0xD564, 
    0xD564, 0xD564, 0xD564, 0xD564, 0xD564, 0xD564, 0xD564, 0xD564, 0xD564, 0xD564, 0xD564, 0xD564, 
    0xD564, 0xD564, 0xD564, 0xD564, 0xD564, 0xD564, 0xD564, 0xD564, 0xD564, 0xD564, 0xD564, 0xD564, 
    0xD564, 0xD564, 0xD564, 0xD564, 0xD564, 0xD564, 0xD564, 0xD564, 0xD564, 0xD564, 0xD564, 0xD564, 
    0xD564, 0xD564, 0xD564, 0xD564, 0xD564, 0xD564, 0xD564, 0xD564, 0xB564, 0xD564, 0xF564, 0xD564, 
    0xB564, 0xD564, 0xD564, 0xD564, 0xD564, 0xD564, 0xD564, 0xD564, 0xD564, 0xD564, 0xD564, 0xD564, 
    0xD564, 0xD564, 0xD564, 0xD564, 0xD564, 0xD564, 0xD564, 0xD564, 0xD564, 0xD564, 0xD564, 0xD564, 
    0xD564, 0xD564, 0xD564, 0xD564, 0xD564, 0xD564, 0xD564, 0xD564, 0xD564, 0xD564, 0xD564, 0xD564, 
    0xD564, 0xD564, 0xD564, 0xD564, 0xD564, 0xD564, 0xD564, 0xD564, 0xD564, 0xD564, 0xD564, 0xD564, 
    0xD564, 0xD564, 0xD564, 0xD564, 0xD564, 0xD564, 0xD564, 0xD564, 0xD564, 0xD564, 0xD564, 0xD564, 
    0xD564, 0xD564, 0xD564, 0xD564, 0xD564, 0xD564, 0xD564, 0xD564, 0xD564, 0xD564, 0xD564, 0xD564, 
    0xB564, 0xD564, 0xB564, 0xD564, 0xB564, 0xD664, 0xF76C, 0xD664, 0xB66C, 0xB66C, 0xB66C, 0xB56C, 
    0xB46C, 0xB474, 0x367D, 0xDDB6, 0x1DBF, 0xFDBE, 0xFDBE, 0xFDBE, 0xFDBE, 0xFDBE, 0xFDBE, 0xFDBE, 
    0xFDBE, 0xFDBE, 0xFDBE, 0xFDBE, 0xFDBE, 0xFDBE, 0xFDBE, 0xFDBE, 
    0x9BAE, 0x1DBF, 0xFDBE, 0xFDBE, 
    0xFDBE, 0xFDBE, 0xFDBE, 0xFDBE, 0xFDBE, 0xFDBE, 0xFDBE, 0xFDBE, 0xFDBE, 0xFDBE, 0xFDBE, 0xFDBE, 
    0xFDBE, 0xFDBE, 0xFDBE, 0xFDBE, 0xFDBE, 0xFDBE, 0xFDBE, 0xFDB6, 0x1DBF, 0x9985, 0x578D, 0x9CFF, 
    0x9CFF, 0x9DFF, 0x9CFF, 0x9CFF, 0x9CFF, 0x9CFF, 0x9CFF, 0x9CFF, 0x9CFF, 0x9CFF, 0x9CFF, 0x9CFF, 
    0x9CFF, 0x9CFF, 0x9CFF, 0x9CFF, 0x9CFF, 0x9CFF, 0x9CFF, 0x9CFF, 0x9CFF, 0xBDFF, 0x7BB6, 0x788D, 
    0x979D, 0x979D, 0x9795, 0x9795, 0x969D, 0x9795, 0x9795, 0x9795, 0x9795, 0x9795, 0x9795, 0x9795, 
    0x9795, 0x9795, 0x9795, 0x9795, 0x9795, 0x9795, 0x9795, 0x9795, 0x9795, 0x9795, 0x9795, 0x9795, 
    0x9795, 0x9795, 0x9795, 0x9795, 0x9795, 0x9795, 0x9795, 0x9795, 0x9795, 0x9795, 0x9795, 0x9795, 
    0x9795, 0x9795, 0x9795, 0x9795, 0x9795, 0x9795, 0x9795, 0x9795, 0x9795, 0x9795, 0x9795, 0x9795, 
    0x9795, 0x9795, 0x9795, 0x9795, 0x9795, 0x9795, 0x979D, 0x9795, 0xB895, 0xD574, 0xF57C, 0x9895, 
    0x9795, 0x979D, 0x979D, 0x9795, 0x9795, 0x9795, 0x9795, 0x9795, 0x9795, 0x9795, 0x9795, 0x9795, 
    0x9795, 0x9795, 0x9795, 0x9795, 0x9795, 0x9795, 0x9795, 0x9795, 0x9795, 0x9795, 0x9795, 0x9795, 
    0x9795, 0x9795, 0x9795, 0x9795, 0x9795, 0x9795, 0x9795, 0x9795, 0x9795, 0x9795, 0x9795, 0x9795, 
    0x9795, 0x9795, 0x9795, 0x9795, 0x9795, 0x9795, 0x9795, 0x9795, 0x9795, 0x9795, 0x9795, 0x9795, 
    0x9795, 0x9795, 0x9795, 0x9795, 0x9795, 0x9795, 0x9795, 0x9795, 0x9795, 0x9795, 0x9795, 0x9795, 
    0x9795, 0x9795, 0x9795, 0x9795, 0x9795, 0x9795, 0x9795, 0x9795, 0x979D, 0x9795, 0x9795, 0x9795, 
    0x9795, 0x9795, 0x9795, 0x9795, 0x9795, 0x9795, 0x9795, 0x9795, 0x9795, 0x9795, 0x9795, 0x9795, 
    0x9795, 0x9795, 0x9795, 0x9795, 0x9795, 0x9795, 0x9795, 0x9795, 0x9795, 0x9795, 0x9795, 0x9795, 
    0x9795, 0x9795, 0x9795, 0x9795, 0x9795, 0x9795, 0x9795, 0x9795, 0x9795, 0x9795, 0x9795, 0x9795, 
    0x9795, 0x9795, 0x9795, 0x9795, 0x9795, 0x9795, 0x9795, 0x9795, 0x9795, 0x9795, 0x9795, 0x9795, 
    0x9795, 0x9795, 0x9795, 0x9795, 0x9795, 0x9795, 0x9795, 0x9795, 0x9795, 0x9795, 0x9795, 0x9795, 
    0x9795, 0x9795, 0x9795, 0x9795, 0x9795, 0x9795, 0x9795, 0x9795, 0x9795, 0x979D, 0x769D, 0x979D, 
    0x9795, 0x5785, 0xD574, 0x7885, 0x9885, 0x7885, 0x7885, 0x7885, 0x5785, 0x5785, 0xD895, 0xFDBE, 
    0x1DBF, 0xFDBE, 0xFDBE, 0xFDBE, 0xFDBE, 0xFDBE, 0xFDBE, 0xFDBE, 0xFDBE, 0xFDBE, 0xFDBE, 0xFDBE, 
    0xFDBE, 0xFDBE, 0xFDBE, 0xFDBE, 
    0x9BAE, 0x1DBF, 0xFDBE, 0xFDBE, 0xFDBE, 0xFDBE, 0xFDBE, 0xFDBE, 
    0xFDBE, 0xFDBE, 0xFDBE, 0xFDBE, 0xFDBE, 0xFDBE, 0xFDBE, 0xFDBE, 0xFDBE, 0xFDBE, 0xFDBE, 0xFDBE, 
    0xFDBE, 0xFDBE, 0xFDBE, 0xFDB6, 0x1DBF, 0x9985, 0x578D, 0x9CFF, 0x9CFF, 0x9DFF, 0x9CFF, 0x9CFF, 
    0x9CFF, 0x9CFF, 0x9CFF, 0x9CFF, 0x9CFF, 0x9CFF, 0x9CFF, 0x9CFF, 0x9CFF, 0x9CFF, 0x9CFF, 0x9CFF, 
    0x9CFF, 0x9CFF, 0x9CFF, 0x9CFF, 0x9BFF, 0x79FF, 0xBDFF, 0xBEFF, 0xBDFF, 0xBCFF, 0xBDFF, 0xBCFF, 
    0xBCFF, 0xDCFF, 0xBCFF, 0xBDFF, 0xBDFF, 0xBDFF, 0xBDFF, 0xBDFF, 0xBDFF, 0xBDFF, 0xBDFF, 0xBDFF, 
    0xBDFF, 0xBDFF, 0xBDFF, 0xBDFF, 0xBDFF, 0xBDFF, 0xBDFF, 0xBDFF, 0xBDFF, 0xBDFF, 0xBDFF, 0xBDFF, 
    0xBDFF, 0xBDFF, 0xBDFF, 0xBDFF, 0xBDFF, 0xBDFF, 0xBDFF, 0xBDFF, 0xBDFF, 0xBDFF, 0xBDFF, 0xBDFF, 
    0xBDFF, 0xBDFF, 0xBDFF, 0xBDFF, 0xBDFF, 0xBDFF, 0xBDFF, 0xBDFF, 0xBDFF, 0xBDFF, 0xBDFF, 0xBDFF, 
    0xBDFF, 0xBDFF, 0xBDFF, 0xDDFF, 0xDDFF, 0x37C6, 0x78CE, 0xDDFF, 0xBDFF, 0xBCFF, 0xBCFF, 0xBDFF, 
    0xBDFF, 0xBDFF, 0xBDFF, 0xBDFF, 0xBDFF, 0xBDFF, 0xBDFF, 0xBDFF, 0xBDFF, 0xBDFF, 0xBDFF, 0xBDFF, 
    0xBDFF, 0xBDFF, 0xBDFF, 0xBDFF, 0xBDFF, 0xBDFF, 0xBDFF, 0xBDFF, 0xBDFF, 0xBDFF, 0xBDFF, 0xBDFF, 
    0xBDFF, 0xBDFF, 0xBDFF, 0xBDFF, 0xBDFF, 0xBDFF, 0xBDFF, 0xBDFF, 0xBDFF, 0xBDFF, 0xBDFF, 0xBDFF, 
    0xBDFF, 0xBDFF, 0xBDFF, 0xBDFF, 0xBDFF, 0xBDFF, 0xBDFF, 0xBDFF, 0xBDFF, 0xBDFF, 0xBDFF, 0xBDFF, 
    0xBDFF, 0xBDFF, 0xBDFF, 0xBDFF, 0xBDFF, 0xBDFF, 0xBDFF, 0xBDFF, 0xBDFF, 0xBDFF, 0xBDFF, 0xBDFF, 
    0xBCFF, 0xBCFF, 0xBCFF, 0xBCFF, 0xBDFF, 0xBCFF, 0xBCFF, 0xBCFF, 0xBCFF, 0xBDFF, 0xBDFF, 0xBDFF, 
    0xBDFF, 0xBDFF, 0xBDFF, 0xBDFF, 0xBDFF, 0xBDFF, 0xBDFF, 0xBDFF, 0xBDFF, 0xBDFF, 0xBDFF, 0xBDFF, 
    0xBDFF, 0xBDFF, 0xBDFF, 0xBDFF, 0xBDFF, 0xBDFF, 0xBDFF, 0xBDFF, 0xBDFF, 0xBDFF, 0xBDFF, 0xBDFF, 
    0xBDFF, 0xBDFF, 0xBDFF, 0xBDFF, 0xBDFF, 0xBDFF, 0xBDFF, 0xBDFF, 0xBDFF, 0xBDFF, 0xBDFF, 0xBDFF, 
    0xBDFF, 0xBDFF, 0xBDFF, 0xBDFF, 0xBDFF, 0xBDFF, 0xBDFF, 0xBDFF, 0xBDFF, 0xBDFF, 0xBDFF, 0xBDFF, 
    0xBDFF, 0xBDFF, 0xBDFF, 0xBDFF, 0xBDFF, 0xBDFF, 0xBDFF, 0xBDFF, 0xBDFF, 0xBDFF, 0xBDFF, 0xBDFF, 
    0xBDFF, 0xBDFF, 0xBDFF, 0xBDFF, 0xBDFF, 0x9DFF, 0xBDFF, 0xBDFF, 0xFEFF, 0x79C6, 0xB384, 0xBBBE, 
    0x1DBF, 0x1DBF, 0x3DBF, 0x1DBF, 0x1EBF, 0x1EBF, 0x1DBF, 0x1DBF, 0xFDB6, 0xFDBE, 0xFDBE, 0xFDBE, 
    0xFDBE, 0xFDBE, 0xFDBE, 0xFDBE, 0xFDBE, 0xFDBE, 0xFDBE, 0xFDBE, 0xFDBE, 0xFDBE, 0xFDBE, 0xFDBE, 
    
    0x9BAE, 0x1DBF, 0xFDBE, 0xFDBE, 0xFDBE, 0xFDBE, 0xFDBE, 0xFDBE, 0xFDBE, 0xFDBE, 0xFDBE, 0xFDBE, 
    0xFDBE, 0xFDBE, 0xFDBE, 0xFDBE, 0xFDBE, 0xFDBE, 0xFDBE, 0xFDBE, 0xFDBE, 0xFDBE, 0xFDBE, 0xFDB6, 
    0x1DBF, 0xB985, 0x578D, 0x9CFF, 0x9CFF, 0x9DFF, 0x9CFF, 0x9CFF, 0x9CFF, 0x9CFF, 0x9CFF, 0x9CFF, 
    0x9CFF, 0x9CFF, 0x9CFF, 0x9CFF, 0x9CFF, 0x9CFF, 0x9CFF, 0x9CFF, 0x9CFF, 0x9CFF, 0x9CFF, 0x9CFF, 
    0x9CFF, 0x9CFF, 0x9CFF, 0x9CFF, 0x9CFF, 0x9CFF, 0x9CFF, 0x9CFF, 0x9CFF, 0x9CFF, 0x9CFF, 0x9CFF, 
    0x9CFF, 0x9CFF, 0x9CFF, 0x9CFF, 0x9CFF, 0x9CFF, 0x9CFF, 0x9CFF, 0x9CFF, 0x9CFF, 0x9CFF, 0x9CFF, 
    0x9CFF, 0x9CFF, 0x9CFF, 0x9CFF, 0x9CFF, 0x9CFF, 0x9CFF, 0x9CFF, 0x9CFF, 0x9CFF, 0x9CFF, 0x9CFF, 
    0x9CFF, 0x9CFF, 0x9CFF, 0x9CFF, 0x9CFF, 0x9CFF, 0x9CFF, 0x9CFF, 0x9CFF, 0x9CFF, 0x9CFF, 0x9CFF, 
    0x9CFF, 0x9CFF, 0x9CFF, 0x9CFF, 0x9CFF, 0x9CFF, 0x9CFF, 0x9CFF, 0x9CFF, 0x9CFF, 0x9CFF, 0x9CFF, 
    0x7CFF, 0xBCFF, 0xBCFF, 0x9CFF, 0x9CFF, 0x9CFF, 0x9CFF, 0x9CFF, 0x9CFF, 0x9CFF, 0x9CFF, 0x9CFF, 
    0x9CFF, 0x9CFF, 0x9CFF, 0x9CFF, 0x9CFF, 0x9CFF, 0x9CFF, 0x9CFF, 0x9CFF, 0x9CFF, 0x9CFF, 0x9CFF, 
    0x9CFF, 0x9CFF, 0x9CFF, 0x9CFF, 0x9CFF, 0x9CFF, 0x9CFF, 0x9CFF, 0x9CFF, 0x9CFF, 0x9CFF, 0x9CFF, 
    0x9CFF, 0x9CFF, 0x9CFF, 0x9CFF, 0x9CFF, 0x9CFF, 0x9CFF, 0x9CFF, 0x9CFF, 0x9CFF, 0x9CFF, 0x9CFF, 
    0x9CFF, 0x9CFF, 0x9CFF, 0x9CFF, 0x9CFF, 0x9CFF, 0x9CFF, 0x9CFF, 0x9CFF, 0x9CFF, 0x9CFF, 0x9CFF, 
    0x9CFF, 0x9CFF, 0x9CFF, 0x9CFF, 0x9CFF, 0x9CFF, 0x9CFF, 0x9CFF, 0x9CFF, 0x9CFF, 0x7CFF, 0x9CFF, 
    0x9CFF, 0x9CFF, 0x9CFF, 0x9CFF, 0x9CFF, 0x9CFF, 0x9CFF, 0x9CFF, 0x9CFF, 0x9CFF, 0x9CFF, 0x9CFF, 
    0x9CFF, 0x9CFF, 0x9CFF, 0x9CFF, 0x9CFF, 0x9CFF, 0x9CFF, 0x9CFF, 0x9CFF, 0x9CFF, 0x9CFF, 0x9CFF, 
    0x9CFF, 0x9CFF, 0x9CFF, 0x9CFF, 0x9CFF, 0x9CFF, 0x9CFF, 0x9CFF, 0x9CFF, 0x9CFF, 0x9CFF, 0x9CFF, 
    0x9CFF, 0x9CFF, 0x9CFF, 0x9CFF, 0x9CFF, 0x9CFF, 0x9CFF, 0x9CFF, 0x9CFF, 0x9CFF, 0x9CFF, 0x9CFF, 
    0x9CFF, 0x9CFF, 0x9CFF, 0x9CFF, 0x9CFF, 0x9CFF, 0x9CFF, 0x9CFF, 0x9CFF, 0x9CFF, 0x9CFF, 0x9CFF, 
    0x9CFF, 0x9CFF, 0x9CFF, 0x9CFF, 0x9CFF, 0x9CFF, 0x9CFF, 0x9CFF, 0x9CFF, 0x9CFF, 0x9CFF, 0x9CFF, 
    0x9CFF, 0x7CFF, 0x9CFF, 0x9CFF, 0xBCFF, 0x79BE, 0xD574, 0xBCB6, 0xFDBE, 0xFDB6, 0xFDBE, 0xFDBE, 
    0xFDBE, 0xFDBE, 0xFDBE, 0xFDBE, 0xFDBE, 0xFDBE, 0xFDBE, 0xFDBE, 0xFDBE, 0xFDBE, 0xFDBE, 0xFDBE, 
    0xFDBE, 0xFDBE, 0xFDBE, 0xFDBE, 0xFDBE, 0xFDBE, 0xFDBE, 0xFDBE, 
    0x9BAE, 0x1DBF, 0xFDBE, 0xFDBE, 
    0xFDBE, 0xFDBE, 0xFDBE, 0xFDBE, 0xFDBE, 0xFDBE, 0xFDBE, 0xFDBE, 0xFDBE, 0xFDBE, 0xFDBE, 0xFDBE, 
    0xFDBE, 0xFDBE, 0xFDBE, 0xFDBE, 0xFDBE, 0xFDBE, 0xFDBE, 0xFDB6, 0x1DBF, 0xB985, 0x578D, 0x9CFF, 
    0x9CFF, 0x9DFF, 0x9CFF, 0x9CFF, 0x9CFF, 0x9CFF, 0x9CFF, 0x9CFF, 0x9CFF, 0x9CFF, 0x9CFF, 0x9CFF, 
    0x9CFF, 0x9CFF, 0x9CFF, 0x9CFF, 0x9CFF, 0x9CFF, 0x9CFF, 0x9CFF, 0x9CFF, 0x9CFF, 0x9CFF, 0x9CFF, 
    0x9CFF, 0x9CFF, 0x9CFF, 0x9CFF, 0x9CFF, 0x9CFF, 0x9CFF, 0x9CFF, 0x9CFF, 0x9CFF, 0x9CFF, 0x9CFF, 
    0x9CFF, 0x9CFF, 0x9CFF, 0x9CFF, 0x9CFF, 0x9CFF, 0x9CFF, 0x9CFF, 0x9CFF, 0x9CFF, 0x9CFF, 0x9CFF, 
    0x9CFF, 0x9CFF, 0x9CFF, 0x9CFF, 0x9CFF, 0x9CFF, 0x9CFF, 0x9CFF, 0x9CFF, 0x9CFF, 0x9CFF, 0x9CFF, 
    0x9CFF, 0x9CFF, 0x9CFF, 0x9CFF, 0x9CFF, 0x9CFF, 0x9CFF, 0x9CFF, 0x9CFF, 0x9CFF, 0x9CFF, 0x9CFF, 
    0x9CFF, 0x9CFF, 0x9CFF, 0x9CFF, 0x9CFF, 0x9CFF, 0x9CFF, 0x9CFF, 0x9CFF, 0x9CFF, 0x9CFF, 0x9CFF, 
    0x9CFF, 0x9CFF, 0x9CFF, 0x9CFF, 0x9CFF, 0x9CFF, 0x9CFF, 0x9CFF, 0x9CFF, 0x9CFF, 0x9CFF, 0x9CFF, 
    0x9CFF, 0x9CFF, 0x9CFF, 0x9CFF, 0x9CFF, 0x9CFF, 0x9CFF, 0x9CFF, 0x9CFF, 0x9CFF, 0x9CFF, 0x9CFF, 
    0x9CFF, 0x9CFF, 0x9CFF, 0x9CFF, 0x9CFF, 0x9CFF, 0x9CFF, 0x9CFF, 0x9CFF, 0x9CFF, 0x9CFF, 0x9CFF, 
    0x9CFF, 0x9CFF, 0x9CFF, 0x9CFF, 0x9CFF, 0x9CFF, 0x9CFF, 0x9CFF, 0x9CFF, 0x9CFF, 0x9CFF, 0x9CFF, 
    0x9CFF, 0x9CFF, 0x9CFF, 0x9CFF, 0x9CFF, 0x9CFF, 0x9CFF, 0x9CFF, 0x9CFF, 0x9CFF, 0x9CFF, 0x9CFF, 
    0x9CFF, 0x9CFF, 0x9CFF, 0x9CFF, 0x9CFF, 0x9CFF, 0x9CFF, 0x9CFF, 0x9CFF, 0x9CFF, 0x9CFF, 0x9CFF, 
    0x9CFF, 0x9CFF, 0x9CFF, 0x9CFF, 0x9CFF, 0x9CFF, 0x9CFF, 0x9CFF, 0x9CFF, 0x9CFF, 0x9CFF, 0x9CFF, 
    0x9CFF, 0x9CFF, 0x9CFF, 0x9CFF, 0x9CFF, 0x9CFF, 0x9CFF, 0x9CFF, 0x9CFF, 0x9CFF, 0x9CFF, 0x9CFF, 
    0x9CFF, 0x9CFF, 0x9CFF, 0x9CFF, 0x9CFF, 0x9CFF, 0x9CFF, 0x9CFF, 0x9CFF, 0x9CFF, 0x9CFF, 0x9CFF, 
    0x9CFF, 0x9CFF, 0x9CFF, 0x9CFF, 0x9CFF, 0x9CFF, 0x9CFF, 0x9CFF, 0x9CFF, 0x9CFF, 0x9CFF, 0x9CFF, 
    0x9CFF, 0x9CFF, 0x9CFF, 0x9CFF, 0x9CFF, 0x9CFF, 0x9CFF, 0x9CFF, 0x9CFF, 0x9CFF, 0x9CFF, 0x9CFF, 
    0x9CFF, 0x9CFF, 0x9CFF, 0x9CFF, 0x9CFF, 0x9CFF, 0x9CFF, 0x9CFF, 0x9CFF, 0x9CFF, 0x9CFF, 0x9CFF, 
    0xBCFF, 0x79BE, 0xD574, 0xBCB6, 0x1DBF, 0xFEB6, 0x1DBF, 0xFDBE, 0xFDBE, 0xFDBE, 0xFDBE, 0xFDBE, 
    0xFDBE, 0xFDBE, 0xFDBE, 0xFDBE, 0xFDBE, 0xFDBE, 0xFDBE, 0xFDBE, 0xFDBE, 0xFDBE, 0xFDBE, 0xFDBE, 
    0xFDBE, 0xFDBE, 0xFDBE, 0xFDBE, 
    0x9BAE, 0x1DBF, 0xFDBE, 0xFDBE, 0xFDBE, 0xFDBE, 0xFDBE, 0xFDBE, 
    0xFDBE, 0xFDBE, 0xFDBE, 0xFDBE, 0xFDBE, 0xFDBE, 0xFDBE, 0xFDBE, 0xFDBE, 0xFDBE, 0xFDBE, 0xFDBE, 
    0xFDBE, 0xFDBE, 0xFDBE, 0xFDB6, 0x1DBF, 0xB985, 0x578D, 0x9CFF, 0x9CFF, 0x9DFF, 0x9CFF, 0x9CFF, 
    0x9CFF, 0x9CFF, 0x9CFF, 0x9CFF, 0x9CFF, 0x9CFF, 0x9CFF, 0x9CFF, 0x9CFF, 0x9CFF, 0x9CFF, 0x9CFF, 
    0x9CFF, 0x9CFF, 0x9CFF, 0x9CFF, 0x9CFF, 0x9CFF, 0x9CFF, 0x9CFF, 0x9CFF, 0x9CFF, 0x9CFF, 0x9CFF, 
    0x9CFF, 0x9CFF, 0x9CFF, 0x9CFF, 0x9CFF, 0x9CFF, 0x9CFF, 0x9CFF, 0x9CFF, 0x9CFF, 0x9CFF, 0x9CFF, 
    0x9CFF, 0x9CFF, 0x9CFF, 0x9CFF, 0x9CFF, 0x9CFF, 0x9CFF, 0x9CFF, 0x9CFF, 0x9CFF, 0x9CFF, 0x9CFF, 
    0x9CFF, 0x9CFF, 0x9CFF, 0x9CFF, 0x9CFF, 0x9CFF, 0x9CFF, 0x9CFF, 0x9CFF, 0x9CFF, 0x9CFF, 0x9CFF, 
    0x9CFF, 0x9CFF, 0x9CFF, 0x9CFF, 0x9CFF, 0x9CFF, 0x9CFF, 0x9CFF, 0x9CFF, 0x9CFF, 0x9CFF, 0x9CFF, 
    0x9CFF, 0x9CFF, 0x9CFF, 0x9CFF, 0x9CFF, 0x9CFF, 0x9CFF, 0x9CFF, 0x9CFF, 0x9CFF, 0x9CFF, 0x9CFF, 
    0x9CFF, 0x9CFF, 0x9CFF, 0x9CFF, 0x9CFF, 0x9CFF, 0x9CFF, 0x9CFF, 0x9CFF, 0x9CFF, 0x9CFF, 0x9CFF, 
    0x9CFF, 0x9CFF, 0x9CFF, 0x9CFF, 0x9CFF, 0x9CFF, 0x9CFF, 0x9CFF, 0x9CFF, 0x9CFF, 0x9CFF, 0x9CFF, 
    0x9CFF, 0x9CFF, 0x9CFF, 0x9CFF, 0x9CFF, 0x9CFF, 0x9CFF, 0x9CFF, 0x9CFF, 0x9CFF, 0x9CFF, 0x9CFF, 
    0x9CFF, 0x9CFF, 0x9CFF, 0x9CFF, 0x9CFF, 0x9CFF, 0x9CFF, 0x9CFF, 0x9CFF, 0x9CFF, 0x9CFF, 0x9CFF, 
    0x9CFF, 0x9CFF, 0x9CFF, 0x9CFF, 0x9CFF, 0x9CFF, 0x9CFF, 0x9CFF, 0x9CFF, 0x9CFF, 0x9CFF, 0x9CFF, 
    0x9CFF, 0x9CFF, 0x9CFF, 0x9CFF, 0x9CFF, 0x9CFF, 0x9CFF, 0x9CFF, 0x9CFF, 0x9CFF, 0x9CFF, 0x9CFF, 
    0x9CFF, 0x9CFF, 0x9CFF, 0x9CFF, 0x9CFF, 0x9CFF, 0x9CFF, 0x9CFF, 0x9CFF, 0x9CFF, 0x9CFF, 0x9CFF, 
    0x9CFF, 0x9CFF, 0x9CFF, 0x9CFF, 0x9CFF, 0x9CFF, 0x9CFF, 0x9CFF, 0x9CFF, 0x9CFF, 0x9CFF, 0x9CFF, 
    0x9CFF, 0x9CFF, 0x9CFF, 0x9CFF, 0x9CFF, 0x9CFF, 0x9CFF, 0x9CFF, 0x9CFF, 0x9CFF, 0x9CFF, 0x9CFF, 
    0x9CFF, 0x9CFF, 0x9CFF, 0x9CFF, 0x9CFF, 0x9CFF, 0x9CFF, 0x9CFF, 0x9CFF, 0x9CFF, 0x9CFF, 0x9CFF, 
    0x9CFF, 0x9CFF, 0x9CFF, 0x9CFF, 0x9CFF, 0x9CFF, 0x9CFF, 0x9CFF, 0x9CFF, 0x9CFF, 0x9CFF, 0x9CFF, 
    0x9CFF, 0x9CFF, 0x9CFF, 0x9CFF, 0x9CFF, 0x9CFF, 0x9CFF, 0x9CFF, 0xBCFF, 0x79BE, 0xD574, 0xBCB6, 
    0x1DBF, 0xFEB6, 0x1DBF, 0xFDBE, 0xFDBE, 0xFDBE, 0xFDBE, 0xFDBE, 0xFDBE, 0xFDBE, 0xFDBE, 0xFDBE, 
    0xFDBE, 0xFDBE, 0xFDBE, 0xFDBE, 0xFDBE, 0xFDBE, 0xFDBE, 0xFDBE, 0xFDBE, 0xFDBE, 0xFDBE, 0xFDBE, 
    
    0x9BAE, 0x1DBF, 0xFDBE, 0xFDBE, 0xFDBE, 0xFDBE, 0xFDBE, 0xFDBE, 0xFDBE, 0xFDBE, 0xFDBE, 0xFDBE, 
    0xFDBE, 0xFDBE, 0xFDBE, 0xFDBE, 0xFDBE, 0xFDBE, 0xFDBE, 0xFDBE, 0xFDBE, 0xFDBE, 0xFDBE, 0xFDB6, 
    0x1DBF, 0xB985, 0x578D, 0x9CFF, 0x9CFF, 0x9DFF, 0x9CFF, 0x9CFF, 0x9CFF, 0x9CFF, 0x9CFF, 0x9CFF, 
    0x9CFF, 0x9CFF, 0x9CFF, 0x9CFF, 0x9CFF, 0x9CFF, 0x9CFF, 0x9CFF, 0x9CFF, 0x9CFF, 0x9CFF, 0x9CFF, 
    0x9CFF, 0x9CFF, 0x9CFF, 0x9CFF, 0x9CFF, 0x9CFF, 0x9CFF, 0x9CFF, 0x9CFF, 0x9CFF, 0x9CFF, 0x9CFF, 
    0x9CFF, 0x9CFF, 0x9CFF, 0x9CFF, 0x9CFF, 0x9CFF, 0x9CFF, 0x9CFF, 0x9CFF, 0x9CFF, 0x9CFF, 0x9CFF, 
    0x9CFF, 0x9CFF, 0x9CFF, 0x9CFF, 0x9CFF, 0x9CFF, 0x9CFF, 0x9CFF, 0x9CFF, 0x9CFF, 0x9CFF, 0x9CFF, 
    0x9CFF, 0x9CFF, 0x9CFF, 0x9CFF, 0x9CFF, 0x9CFF, 0x9CFF, 0x9CFF, 0x9CFF, 0x9CFF, 0x9CFF, 0x9CFF, 
    0x9CFF, 0x9CFF, 0x9CFF, 0x9CFF, 0x9CFF, 0x9CFF, 0x9CFF, 0x9CFF, 0x9CFF, 0x9CFF, 0x9CFF, 0x9CFF, 
    0x9CFF, 0x9CFF, 0x9CFF, 0x9CFF, 0x9CFF, 0x9CFF, 0x9CFF, 0x9CFF, 0x9CFF, 0x9CFF, 0x9CFF, 0x9CFF, 
    0x9CFF, 0x9CFF, 0x9CFF, 0x9CFF, 0x9CFF, 0x9CFF, 0x9CFF, 0x9CFF, 0x9CFF, 0x9CFF, 0x9CFF, 0x9CFF, 
    0x9CFF, 0x9CFF, 0x9CFF, 0x9CFF, 0x9CFF, 0x9CFF, 0x9CFF, 0x9CFF, 0x9CFF, 0x9CFF, 0x9CFF, 0x9CFF, 
    0x9CFF, 0x9CFF, 0x9CFF, 0x9CFF, 0x9CFF, 0x9CFF, 0x9CFF, 0x9CFF, 0x9CFF, 0x9CFF, 0x9CFF, 0x9CFF, 
    0x9CFF, 0x9CFF, 0x9CFF, 0x9CFF, 0x9CFF, 0x9CFF, 0x9CFF, 0x9CFF, 0x9CFF, 0x9CFF, 0x9CFF, 0x9CFF, 
    0x9CFF, 0x9CFF, 0x9CFF, 0x9CFF, 0x9CFF, 0x9CFF, 0x9CFF, 0x9CFF, 0x9CFF, 0x9CFF, 0x9CFF, 0x9CFF, 
    0x9CFF, 0x9CFF, 0x9CFF, 0x9CFF, 0x9CFF, 0x9CFF, 0x9CFF, 0x9CFF, 0x9CFF, 0x9CFF, 0x9CFF, 0x9CFF, 
    0x9CFF, 0x9CFF, 0x9CFF, 0x9CFF, 0x9CFF, 0x9CFF, 0x9CFF, 0x9CFF, 0x9CFF, 0x9CFF, 0x9CFF, 0x9CFF, 
    0x9CFF, 0x9CFF, 0x9CFF, 0x9CFF, 0x9CFF, 0x9CFF, 0x9CFF, 0x9CFF, 0x9CFF, 0x9CFF, 0x9CFF, 0x9CFF, 
    0x9CFF, 0x9CFF, 0x9CFF, 0x9CFF, 0x9CFF, 0x9CFF, 0x9CFF, 0x9CFF, 0x9CFF, 0x9CFF, 0x9CFF, 0x9CFF, 
    0x9CFF, 0x9CFF, 0x9CFF, 0x9CFF, 0x9CFF, 0x9CFF, 0x9CFF, 0x9CFF, 0x9CFF, 0x9CFF, 0x9CFF, 0x9CFF, 
    0x9CFF, 0x9CFF, 0x9CFF, 0x9CFF, 0x9CFF, 0x9CFF, 0x9CFF, 0x9CFF, 0x9CFF, 0x9CFF, 0x9CFF, 0x9CFF, 
    0x9CFF, 0x9CFF, 0x9CFF, 0x9CFF, 0xBCFF, 0x79BE, 0xD574, 0xBCB6, 0x1DBF, 0xFEB6, 0x1DBF, 0xFDBE, 
    0xFDBE, 0xFDBE, 0xFDBE, 0xFDBE, 0xFDBE, 0xFDBE, 0xFDBE, 0xFDBE, 0xFDBE, 0xFDBE, 0xFDBE, 0xFDBE, 
    0xFDBE, 0xFDBE, 0xFDBE, 0xFDBE, 0xFDBE, 0xFDBE, 0xFDBE, 0xFDBE, 
    0x9BAE, 0x1DBF, 0xFDBE, 0xFDBE, 
    0xFDBE, 0xFDBE, 0xFDBE, 0xFDBE, 0xFDBE, 0xFDBE, 0xFDBE, 0xFDBE, 0xFDBE, 0xFDBE, 0xFDBE, 0xFDBE, 
    0xFDBE, 0xFDBE, 0xFDBE, 0xFDBE, 0xFDBE, 0xFDBE, 0xFDBE, 0xFDB6, 0x1DBF, 0xB985, 0x578D, 0x9CFF, 
    0x9CFF, 0x9DFF, 0x9CFF, 0x9CFF, 0x9CFF, 0x9CFF, 0x9CFF, 0x9CFF, 0x9CFF, 0x9CFF, 0x9CFF, 0x9CFF, 
    0x9CFF, 0x9CFF, 0x9CFF, 0x9CFF, 0x9CFF, 0x9CFF, 0x9CFF, 0x9CFF, 0x9CFF, 0x9CFF, 0x9CFF, 0x9CFF, 
    0x9CFF, 0x9CFF, 0x9CFF, 0x9CFF, 0x9CFF, 0x9CFF, 0x9CFF, 0x9CFF, 0x9CFF, 0x9CFF, 0x9CFF, 0x9CFF, 
    0x9CFF, 0x9CFF, 0x9CFF, 0x9CFF, 0x9CFF, 0x9CFF, 0x9CFF, 0x9CFF, 0x9CFF, 0x9CFF, 0x9CFF, 0x9CFF, 
    0x9CFF, 0x9CFF, 0x9CFF, 0x9CFF, 0x9CFF, 0x9CFF, 0x9CFF, 0x9CFF, 0x9CFF, 0x9CFF, 0x9CFF, 0x9CFF, 
    0x9CFF, 0x9CFF, 0x9CFF, 0x9CFF, 0x9CFF, 0x9CFF, 0x9CFF, 0x9CFF, 0x9CFF, 0x9CFF, 0x9CFF, 0x9CFF, 
    0x9CFF, 0x9CFF, 0x9CFF, 0x9CFF, 0x9CFF, 0x9CFF, 0x9CFF, 0x9CFF, 0x9CFF, 0x9CFF, 0x9CFF, 0x9CFF, 
    0x9CFF, 0x9CFF, 0x9CFF, 0x9CFF, 0x9CFF, 0x9CFF, 0x9CFF, 0x9CFF, 0x9CFF, 0x9CFF, 0x9CFF, 0x9CFF, 
    0x9CFF, 0x9CFF, 0x9CFF, 0x9CFF, 0x9CFF, 0x9CFF, 0x9CFF, 0x9CFF, 0x9CFF, 0x9CFF, 0x9CFF, 0x9CFF, 
    0x9CFF, 0x9CFF, 0x9CFF, 0x9CFF, 0x9CFF, 0x9CFF, 0x9CFF, 0x9CFF, 0x9CFF, 0x9CFF, 0x9CFF, 0x9CFF, 
    0x9CFF, 0x9CFF, 0x9CFF, 0x9CFF, 0x9CFF, 0x9CFF, 0x9CFF, 0x9CFF, 0x9CFF, 0x9CFF, 0x9CFF, 0x9CFF, 
    0x9CFF, 0x9CFF, 0x9CFF, 0x9CFF, 0x9CFF, 0x9CFF, 0x9CFF, 0x9CFF, 0x9CFF, 0x9CFF, 0x9CFF, 0x9CFF, 
    0x9CFF, 0x9CFF, 0x9CFF, 0x9CFF, 0x9CFF, 0x9CFF, 0x9CFF, 0x9CFF, 0x9CFF, 0x9CFF, 0x9CFF, 0x9CFF, 
    0x9CFF, 0x9CFF, 0x9CFF, 0x9CFF, 0x9CFF, 0x9CFF, 0x9CFF, 0x9CFF, 0x9CFF, 0x9CFF, 0x9CFF, 0x9CFF, 
    0x9CFF, 0x9CFF, 0x9CFF, 0x9CFF, 0x9CFF, 0x9CFF, 0x9CFF, 0x9CFF, 0x9CFF, 0x9CFF, 0x9CFF, 0x9CFF, 
    0x9CFF, 0x9CFF, 0x9CFF, 0x9CFF, 0x9CFF, 0x9CFF, 0x9CFF, 0x9CFF, 0x9CFF, 0x9CFF, 0x9CFF, 0x9CFF, 
    0x9CFF, 0x9CFF, 0x9CFF, 0x9CFF, 0x9CFF, 0x9CFF, 0x9CFF, 0x9CFF, 0x9CFF, 0x9CFF, 0x9CFF, 0x9CFF, 
    0x9CFF, 0x9CFF, 0x9CFF, 0x9CFF, 0x9CFF, 0x9CFF, 0x9CFF, 0x9CFF, 0x9CFF, 0x9CFF, 0x9CFF, 0x9CFF, 
    0x9CFF, 0x9CFF, 0x9CFF, 0x9CFF, 0x9CFF, 0x9CFF, 0x9CFF, 0x9CFF, 0x9CFF, 0x9CFF, 0x9CFF, 0x9CFF, 
    0xBCFF, 0x79BE, 0xD574, 0xBCB6, 0x1DBF, 0xFEB6, 0x1DBF, 0xFDBE, 0xFDBE, 0xFDBE, 0xFDBE, 0xFDBE, 
    0xFDBE, 0xFDBE, 0xFDBE, 0xFDBE, 0xFDBE, 0xFDBE, 0xFDBE, 0xFDBE, 0xFDBE, 0xFDBE, 0xFDBE, 0xFDBE, 
    0xFDBE, 0xFDBE, 0xFDBE, 0xFDBE, 
    0x9BAE, 0x1DBF, 0xFDBE, 0xFDBE, 0xFDBE, 0xFDBE, 0xFDBE, 0xFDBE, 
    0xFDBE, 0xFDBE, 0xFDBE, 0xFDBE, 0xFDBE, 0xFDBE, 0xFDBE, 0xFDBE, 0xFDBE, 0xFDBE, 0xFDBE, 0xFDBE, 
    0xFDBE, 0xFDBE, 0xFDBE, 0xFDB6, 0x1DBF, 0xB985, 0x578D, 0x9CFF, 0x9CFF, 0x9DFF, 0x9CFF, 0x9CFF, 
    0x9CFF, 0x9CFF, 0x9CFF, 0x9CFF, 0x9CFF, 0x9CFF, 0x9CFF, 0x9CFF, 0x9CFF, 0x9CFF, 0x9CFF, 0x9CFF, 
    0x9CFF, 0x9CFF, 0x9CFF, 0x9CFF, 0x9CFF, 0x9CFF, 0x9CFF, 0x9CFF, 0x9CFF, 0x9CFF, 0x9CFF, 0x9CFF, 
    0x9CFF, 0x9CFF, 0x9CFF, 0x9CFF, 0x9CFF, 0x9CFF, 0x9CFF, 0x9CFF, 0x9CFF, 0x9CFF, 0x9CFF, 0x9CFF, 
    0x9CFF, 0x9CFF, 0x9CFF, 0x9CFF, 0x9CFF, 0x9CFF, 0x9CFF, 0x9CFF, 0x9CFF, 0x9CFF, 0x9CFF, 0x9CFF, 
    0x9CFF, 0x9CFF, 0x9CFF, 0x9CFF, 0x9CFF, 0x9CFF, 0x9CFF, 0x9CFF, 0x9CFF, 0x9CFF, 0x9CFF, 0x9CFF, 
    0x9CFF, 0x9CFF, 0x9CFF, 0x9CFF, 0x9CFF, 0x9CFF, 0x9CFF, 0x9CFF, 0x9CFF, 0x9CFF, 0x9CFF, 0x9CFF, 
    0x9CFF, 0x9CFF, 0x9CFF, 0x9CFF, 0x9CFF, 0x9CFF, 0x9CFF, 0x9CFF, 0x9CFF, 0x9CFF, 0x9CFF, 0x9CFF, 
    0x9CFF, 0x9CFF, 0x9CFF, 0x9CFF, 0x9CFF, 0x9CFF, 0x9CFF, 0x9CFF, 0x9CFF, 0x9CFF, 0x9CFF, 0x9CFF, 
    0x9CFF, 0x9CFF, 0x9CFF, 0x9CFF, 0x9CFF, 0x9CFF, 0x9CFF, 0x9CFF, 0x9CFF, 0x9CFF, 0x9CFF, 0x9CFF, 
    0x9CFF, 0x9CFF, 0x9CFF, 0x9CFF, 0x9CFF, 0x9CFF, 0x9CFF, 0x9CFF, 0x9CFF, 0x9CFF, 0x9CFF, 0x9CFF, 
    0x9CFF, 0x9CFF, 0x9CFF, 0x9CFF, 0x9CFF, 0x9CFF, 0x9CFF, 0x9CFF, 0x9CFF, 0x9CFF, 0x9CFF, 0x9CFF, 
    0x9CFF, 0x9CFF, 0x9CFF, 0x9CFF, 0x9CFF, 0x9CFF, 0x9CFF, 0x9CFF, 0x9CFF, 0x9CFF, 0x9CFF, 0x9CFF, 
    0x9CFF, 0x9CFF, 0x9CFF, 0x9CFF, 0x9CFF, 0x9CFF, 0x9CFF, 0x9CFF, 0x9CFF, 0x9CFF, 0x9CFF, 0x9CFF, 
    0x9CFF, 0x9CFF, 0x9CFF, 0x9CFF, 0x9CFF, 0x9CFF, 0x9CFF, 0x9CFF, 0x9CFF, 0x9CFF, 0x9CFF, 0x9CFF, 
    0x9CFF, 0x9CFF, 0x9CFF, 0x9CFF, 0x9CFF, 0x9CFF, 0x9CFF, 0x9CFF, 0x9CFF, 0x9CFF, 0x9CFF, 0x9CFF, 
    0x9CFF, 0x9CFF, 0x9CFF, 0x9CFF, 0x9CFF, 0x9CFF, 0x9CFF, 0x9CFF, 0x9CFF, 0x9CFF, 0x9CFF, 0x9CFF, 
    0x9CFF, 0x9CFF, 0x9CFF, 0x9CFF, 0x9CFF, 0x9CFF, 0x9CFF, 0x9CFF, 0x9CFF, 0x9CFF, 0x9CFF, 0x9CFF, 
    0x9CFF, 0x9CFF, 0x9CFF, 0x9CFF, 0x9CFF, 0x9CFF, 0x9CFF, 0x9CFF, 0x9CFF, 0x9CFF, 0x9CFF, 0x9CFF, 
    0x9CFF, 0x9CFF, 0x9CFF, 0x9CFF, 0x9CFF, 0x9CFF, 0x9CFF, 0x9CFF, 0xBCFF, 0x79BE, 0xD574, 0xBCB6, 
    0x1DBF, 0xFEB6, 0xFDBE, 0xFDBE, 0xFDBE, 0xFDBE, 0xFDBE, 0xFDBE, 0xFDBE, 0xFDBE, 0xFDBE, 0xFDBE, 
    0xFDBE, 0xFDBE, 0xFDBE, 0xFDBE, 0xFDBE, 0xFDBE, 0xFDBE, 0xFDBE, 0xFDBE, 0xFDBE, 0xFDBE, 0xFDBE, 
    
    0x9BAE, 0x1DBF, 0xFDBE, 0xFDBE, 0xFDBE, 0xFDBE, 0xFDBE, 0xFDBE, 0xFDBE, 0xFDBE, 0xFDBE, 0xFDBE, 
    0xFDBE, 0xFDBE, 0xFDBE, 0xFDBE, 0xFDBE, 0xFDBE, 0xFDBE, 0xFDBE, 0xFDBE, 0xFDBE, 0xFDBE, 0xFDB6, 
    0x1DBF, 0xB985, 0x578D, 0x9CFF, 0x9CFF, 0x9DFF, 0x9CFF, 0x9CFF, 0x9CFF, 0x9CFF, 0x9CFF, 0x9CFF, 
    0x9CFF, 0x9CFF, 0x9CFF, 0x9CFF, 0x9CFF, 0x9CFF, 0x9CFF, 0x9CFF, 0x9CFF, 0x9CFF, 0x9CFF, 0x9CFF, 
    0x9CFF, 0x9CFF, 0x9CFF, 0x9CFF, 0x9CFF, 0x9CFF, 0x9CFF, 0x9CFF, 0x9CFF, 0x9CFF, 0x9CFF, 0x9CFF, 
    0x9CFF, 0x9CFF, 0x9CFF, 0x9CFF, 0x9CFF, 0x9CFF, 0x9CFF, 0x9CFF, 0x9CFF, 0x9CFF, 0x9CFF, 0x9CFF, 
    0x9CFF, 0x9CFF, 0x9CFF, 0x9CFF, 0x9CFF, 0x9CFF, 0x9CFF, 0x9CFF, 0x9CFF, 0x9CFF, 0x9CFF, 0x9CFF, 
    0x9CFF, 0x9CFF, 0x9CFF, 0x9CFF, 0x9CFF, 0x9CFF, 0x9CFF, 0x9CFF, 0x9CFF, 0x9CFF, 0x9CFF, 0x9CFF, 
    0x9CFF, 0x9CFF, 0x9CFF, 0x9CFF, 0x9CFF, 0x9CFF, 0x9CFF, 0x9CFF, 0x9CFF, 0x9CFF, 0x9CFF, 0x9CFF, 
    0x9CFF, 0x9CFF, 0x9CFF, 0x9CFF, 0x9CFF, 0x9CFF, 0x9CFF, 0x9CFF, 0x9CFF, 0x9CFF, 0x9CFF, 0x9CFF, 
    0x9CFF, 0x9CFF, 0x9CFF, 0x9CFF, 0x9CFF, 0x9CFF, 0x9CFF, 0x9CFF, 0x9CFF, 0x9CFF, 0x9CFF, 0x9CFF, 
    0x9CFF, 0x9CFF, 0x9CFF, 0x9CFF, 0x9CFF, 0x9CFF, 0x9CFF, 0x9CFF, 0x9CFF, 0x9CFF, 0x9CFF, 0x9CFF, 
    0x9CFF, 0x9CFF, 0x9CFF, 0x9CFF, 0x9CFF, 0x9CFF, 0x9CFF, 0x9CFF, 0x9CFF, 0x9CFF, 0x9CFF, 0x9CFF, 
    0x9CFF, 0x9CFF, 0x9CFF, 0x9CFF, 0x9CFF, 0x9CFF, 0x9CFF, 0x9CFF, 0x9CFF, 0x9CFF, 0x9CFF, 0x9CFF, 
    0x9CFF, 0x9CFF, 0x9CFF, 0x9CFF, 0x9CFF, 0x9CFF, 0x9CFF, 0x9CFF, 0x9CFF, 0x9CFF, 0x9CFF, 0x9CFF, 
    0x9CFF, 0x9CFF, 0x9CFF, 0x9CFF, 0x9CFF, 0x9CFF, 0x9CFF, 0x9CFF, 0x9CFF, 0x9CFF, 0x9CFF, 0x9CFF, 
    0x9CFF, 0x9CFF, 0x9CFF, 0x9CFF, 0x9CFF, 0x9CFF, 0x9CFF, 0x9CFF, 0x9CFF, 0x9CFF, 0x9CFF, 0x9CFF, 
    0x9CFF, 0x9CFF, 0x9CFF, 0x9CFF, 0x9CFF, 0x9CFF, 0x9CFF, 0x9CFF, 0x9CFF, 0x9CFF, 0x9CFF, 0x9CFF, 
    0x9CFF, 0x9CFF, 0x9CFF, 0x9CFF, 0x9CFF, 0x9CFF, 0x9CFF, 0x9CFF, 0x9CFF, 0x9CFF, 0x9CFF, 0x9CFF, 
    0x9CFF, 0x9CFF, 0x9CFF, 0x9CFF, 0x9CFF, 0x9CFF, 0x9CFF, 0x9CFF, 0x9CFF, 0x9CFF, 0x9CFF, 0x9CFF, 
    0x9CFF, 0x9CFF, 0x9CFF, 0x9CFF, 0x9CFF, 0x9CFF, 0x9CFF, 0x9CFF, 0x9CFF, 0x9CFF, 0x9CFF, 0x9CFF, 
    0x9CFF, 0x9CFF, 0x9CFF, 0x9CFF, 0xBCFF, 0x79BE, 0xD574, 0xBCB6, 0x1DBF, 0xFEB6, 0xFDBE, 0xFDBE, 
    0xFDBE, 0xFDBE, 0xFDBE, 0xFDBE, 0xFDBE, 0xFDBE, 0xFDBE, 0xFDBE, 0xFDBE, 0xFDBE, 0xFDBE, 0xFDBE, 
    0xFDBE, 0xFDBE, 0xFDBE, 0xFDBE, 0xFDBE, 0xFDBE, 0xFDBE, 0xFDBE, 
    0x9BAE, 0x1DBF, 0xFDBE, 0xFDBE, 
    0xFDBE, 0xFDBE, 0xFDBE, 0xFDBE, 0xFDBE, 0xFDBE, 0xFDBE, 0xFDBE, 0xFDBE, 0xFDBE, 0xFDBE, 0xFDBE, 
    0xFDBE, 0xFDBE, 0xFDBE, 0xFDBE, 0xFDBE, 0xFDBE, 0xFDBE, 0xFDB6, 0x1DBF, 0xB985, 0x578D, 0x9CFF, 
    0x9CFF, 0x9DFF, 0x9CFF, 0x9CFF, 0x9CFF, 0x9CFF, 0x9CFF, 0x9CFF, 0x9CFF, 0x9CFF, 0x9CFF, 0x9CFF, 
    0x9CFF, 0x9CFF, 0x9CFF, 0x9CFF, 0x9CFF, 0x9CFF, 0x9CFF, 0x9CFF, 0x9CFF, 0x9CFF, 0x9CFF, 0x9CFF, 
    0x9CFF, 0x9CFF, 0x9CFF, 0x9CFF, 0x9CFF, 0x9CFF, 0x9CFF, 0x9CFF, 0x9CFF, 0x9CFF, 0x9CFF, 0x9CFF, 
    0x9CFF, 0x9CFF, 0x9CFF, 0x9CFF, 0x9CFF, 0x9CFF, 0x9CFF, 0x9CFF, 0x9CFF, 0x9CFF, 0x9CFF, 0x9CFF, 
    0x9CFF, 0x9CFF, 0x9CFF, 0x9CFF, 0x9CFF, 0x9CFF, 0x9CFF, 0x9CFF, 0x9CFF, 0x9CFF, 0x9CFF, 0x9CFF, 
    0x9CFF, 0x9CFF, 0x9CFF, 0x9CFF, 0x9CFF, 0x9CFF, 0x9CFF, 0x9CFF, 0x9CFF, 0x9CFF, 0x9CFF, 0x9CFF, 
    0x9CFF, 0x9CFF, 0x9CFF, 0x9CFF, 0x9CFF, 0x9CFF, 0x9CFF, 0x9CFF, 0x9CFF, 0x9CFF, 0x9CFF, 0x9CFF, 
    0x9CFF, 0x9CFF, 0x9CFF, 0x9CFF, 0x9CFF, 0x9CFF, 0x9CFF, 0x9CFF, 0x9CFF, 0x9CFF, 0x9CFF, 0x9CFF, 
    0x9CFF, 0x9CFF, 0x9CFF, 0x9CFF, 0x9CFF, 0x9CFF, 0x9CFF, 0x9CFF, 0x9CFF, 0x9CFF, 0x9CFF, 0x9CFF, 
    0x9CFF, 0x9CFF, 0x9CFF, 0x9CFF, 0x9CFF, 0x9CFF, 0x9CFF, 0x9CFF, 0x9CFF, 0x9CFF, 0x9CFF, 0x9CFF, 
    0x9CFF, 0x9CFF, 0x9CFF, 0x9CFF, 0x9CFF, 0x9CFF, 0x9CFF, 0x9CFF, 0x9CFF, 0x9CFF, 0x9CFF, 0x9CFF, 
    0x9CFF, 0x9CFF, 0x9CFF, 0x9CFF, 0x9CFF, 0x9CFF, 0x9CFF, 0x9CFF, 0x9CFF, 0x9CFF, 0x9CFF, 0x9CFF, 
    0x9CFF, 0x9CFF, 0x9CFF, 0x9CFF, 0x9CFF, 0x9CFF, 0x9CFF, 0x9CFF, 0x9CFF, 0x9CFF, 0x9CFF, 0x9CFF, 
    0x9CFF, 0x9CFF, 0x9CFF, 0x9CFF, 0x9CFF, 0x9CFF, 0x9CFF, 0x9CFF, 0x9CFF, 0x9CFF, 0x9CFF, 0x9CFF, 
    0x9CFF, 0x9CFF, 0x9CFF, 0x9CFF, 0x9CFF, 0x9CFF, 0x9CFF, 0x9CFF, 0x9CFF, 0x9CFF, 0x9CFF, 0x9CFF, 
    0x9CFF, 0x9CFF, 0x9CFF, 0x9CFF, 0x9CFF, 0x9CFF, 0x9CFF, 0x9CFF, 0x9CFF, 0x9CFF, 0x9CFF, 0x9CFF, 
    0x9CFF, 0x9CFF, 0x9CFF, 0x9CFF, 0x9CFF, 0x9CFF, 0x9CFF, 0x9CFF, 0x9CFF, 0x9CFF, 0x9CFF, 0x9CFF, 
    0x9CFF, 0x9CFF, 0x9CFF, 0x9CFF, 0x9CFF, 0x9CFF, 0x9CFF, 0x9CFF, 0x9CFF, 0x9CFF, 0x9CFF, 0x9CFF, 
    0x9CFF, 0x9CFF, 0x9CFF, 0x9CFF, 0x9CFF, 0x9CFF, 0x9CFF, 0x9CFF, 0x9CFF, 0x9CFF, 0x9CFF, 0x9CFF, 
    0xBCFF, 0x79BE, 0xD574, 0xBCB6, 0x1DBF, 0xFEB6, 0xFDBE, 0xFDBE, 0xFDBE, 0xFDBE, 0xFDBE, 0xFDBE, 
    0xFDBE, 0xFDBE, 0xFDBE, 0xFDBE, 0xFDBE, 0xFDBE, 0xFDBE, 0xFDBE, 0xFDBE, 0xFDBE, 0xFDBE, 0xFDBE, 
    0xFDBE, 0xFDBE, 0xFDBE, 0xFDBE, 
    0x9BAE, 0x1DBF, 0xFDBE, 0xFDBE, 0xFDBE, 0xFDBE, 0xFDBE, 0xFDBE, 
    0xFDBE, 0xFDBE, 0xFDBE, 0xFDBE, 0xFDBE, 0xFDBE, 0xFDBE, 0xFDBE, 0xFDBE, 0xFDBE, 0xFDBE, 0xFDBE, 
    0xFDBE, 0xFDBE, 0xFDBE, 0xFDB6, 0x1DBF, 0xB985, 0x578D, 0x9CFF, 0x9CFF, 0x9DFF, 0x9CFF, 0x9CFF, 
    0x9CFF, 0x9CFF, 0x9CFF, 0x9CFF, 0x9CFF, 0x9CFF, 0x9CFF, 0x9CFF, 0x9CFF, 0x9CFF, 0x9CFF, 0x9CFF, 
    0x9CFF, 0x9CFF, 0x9CFF, 0x9CFF, 0x9CFF, 0x9CFF, 0x9CFF, 0x9CFF, 0x9CFF, 0x9CFF, 0x9CFF, 0x9CFF, 
    0x9CFF, 0x9CFF, 0x9CFF, 0x9CFF, 0x9CFF, 0x9CFF, 0x9CFF, 0x9CFF, 0x9CFF, 0x9CFF, 0x9CFF, 0x9CFF, 
    0x9CFF, 0x9CFF, 0x9CFF, 0x9CFF, 0x9CFF, 0x9CFF, 0x9CFF, 0x9CFF, 0x9CFF, 0x9CFF, 0x9CFF, 0x9CFF, 
    0x9CFF, 0x9CFF, 0x9CFF, 0x9CFF, 0x9CFF, 0x9CFF, 0x9CFF, 0x9CFF, 0x9CFF, 0x9CFF, 0x9CFF, 0x9CFF, 
    0x9CFF, 0x9CFF, 0x9CFF, 0x9CFF, 0x9CFF, 0x9CFF, 0x9CFF, 0x9CFF, 0x9CFF, 0x9CFF, 0x9CFF, 0x9CFF, 
    0x9CFF, 0x9CFF, 0x9CFF, 0x9CFF, 0x9CFF, 0x9CFF, 0x9CFF, 0x9CFF, 0x9CFF, 0x9CFF, 0x9CFF, 0x9CFF, 
    0x9CFF, 0x9CFF, 0x9CFF, 0x9CFF, 0x9CFF, 0x9CFF, 0x9CFF, 0x9CFF, 0x9CFF, 0x9CFF, 0x9CFF, 0x9CFF, 
    0x9CFF, 0x9CFF, 0x9CFF, 0x9CFF, 0x9CFF, 0x9CFF, 0x9CFF, 0x9CFF, 0x9CFF, 0x9CFF, 0x9CFF, 0x9CFF, 
    0x9CFF, 0x9CFF, 0x9CFF, 0x9CFF, 0x9CFF, 0x9CFF, 0x9CFF, 0x9CFF, 0x9CFF, 0x9CFF, 0x9CFF, 0x9CFF, 
    0x9CFF, 0x9CFF, 0x9CFF, 0x9CFF, 0x9CFF, 0x9CFF, 0x9CFF, 0x9CFF, 0x9CFF, 0x9CFF, 0x9CFF, 0x9CFF, 
    0x9CFF, 0x9CFF, 0x9CFF, 0x9CFF, 0x9CFF, 0x9CFF, 0x9CFF, 0x9CFF, 0x9CFF, 0x9CFF, 0x9CFF, 0x9CFF, 
    0x9CFF, 0x9CFF, 0x9CFF, 0x9CFF, 0x9CFF, 0x9CFF, 0x9CFF, 0x9CFF, 0x9CFF, 0x9CFF, 0x9CFF, 0x9CFF, 
    0x9CFF, 0x9CFF, 0x9CFF, 0x9CFF, 0x9CFF, 0x9CFF, 0x9CFF, 0x9CFF, 0x9CFF, 0x9CFF, 0x9CFF, 0x9CFF, 
    0x9CFF, 0x9CFF, 0x9CFF, 0x9CFF, 0x9CFF, 0x9CFF, 0x9CFF, 0x9CFF, 0x9CFF, 0x9CFF, 0x9CFF, 0x9CFF, 
    0x9CFF, 0x9CFF, 0x9CFF, 0x9CFF, 0x9CFF, 0x9CFF, 0x9CFF, 0x9CFF, 0x9CFF, 0x9CFF, 0x9CFF, 0x9CFF, 
    0x9CFF, 0x9CFF, 0x9CFF, 0x9CFF, 0x9CFF, 0x9CFF, 0x9CFF, 0x9CFF, 0x9CFF, 0x9CFF, 0x9CFF, 0x9CFF, 
    0x9CFF, 0x9CFF, 0x9CFF, 0x9CFF, 0x9CFF, 0x9CFF, 0x9CFF, 0x9CFF, 0x9CFF, 0x9CFF, 0x9CFF, 0x9CFF, 
    0x9CFF, 0x9CFF, 0x9CFF, 0x9CFF, 0x9CFF, 0x9CFF, 0x9CFF, 0x9CFF, 0xBCFF, 0x79BE, 0xD574, 0xBCB6, 
    0x1DBF, 0xFEB6, 0xFDBE, 0xFDBE, 0xFDBE, 0xFDBE, 0xFDBE, 0xFDBE, 0xFDBE, 0xFDBE, 0xFDBE, 0xFDBE, 
    0xFDBE, 0xFDBE, 0xFDBE, 0xFDBE, 0xFDBE, 0xFDBE, 0xFDBE, 0xFDBE, 0xFDBE, 0xFDBE, 0xFDBE, 0xFDBE, 
    
    0x9BAE, 0x1DBF, 0xFDBE, 0xFDBE, 0xFDBE, 0xFDBE, 0xFDBE, 0xFDBE, 0xFDBE, 0xFDBE, 0xFDBE, 0xFDBE, 
    0xFDBE, 0xFDBE, 0xFDBE, 0xFDBE, 0xFDBE, 0xFDBE, 0xFDBE, 0xFDBE, 0xFDBE, 0xFDBE, 0xFDBE, 0xFDB6, 
    0x1DBF, 0xB985, 0x578D, 0x9CFF, 0x9CFF, 0x9DFF, 0x9CFF, 0x9CFF, 0x9CFF, 0x9CFF, 0x9CFF, 0x9CFF, 
    0x9CFF, 0x9CFF, 0x9CFF, 0x9CFF, 0x9CFF, 0x9CFF, 0x9CFF, 0x9CFF, 0x9CFF, 0x9CFF, 0x9CFF, 0x9CFF, 
    0x9CFF, 0x9CFF, 0x9CFF, 0x9CFF, 0x9CFF, 0x9CFF, 0x9CFF, 0x9CFF, 0x9CFF, 0x9CFF, 0x9CFF, 0x9CFF, 
    0x9CFF, 0x9CFF, 0x9CFF, 0x9CFF, 0x9CFF, 0x9CFF, 0x9CFF, 0x9CFF, 0x9CFF, 0x9CFF, 0x9CFF, 0x9CFF, 
    0x9CFF, 0x9CFF, 0x9CFF, 0x9CFF, 0x9CFF, 0x9CFF, 0x9CFF, 0x9CFF, 0x9CFF, 0x9CFF, 0x9CFF, 0x9CFF, 
    0x9CFF, 0x9CFF, 0x9CFF, 0x9CFF, 0x9CFF, 0x9CFF, 0x9CFF, 0x9CFF, 0x9CFF, 0x9CFF, 0x9CFF, 0x9CFF, 
    0x9CFF, 0x9CFF, 0x9CFF, 0x9CFF, 0x9CFF, 0x9CFF, 0x9CFF, 0x9CFF, 0x9CFF, 0x9CFF, 0x9CFF, 0x9CFF, 
    0x9CFF, 0x9CFF, 0x9CFF, 0x9CFF, 0x9CFF, 0x9CFF, 0x9CFF, 0x9CFF, 0x9CFF, 0x9CFF, 0x9CFF, 0x9CFF, 
    0x9CFF, 0x9CFF, 0x9CFF, 0x9CFF, 0x9CFF, 0x9CFF, 0x9CFF, 0x9CFF, 0x9CFF, 0x9CFF, 0x9CFF, 0x9CFF, 
    0x9CFF, 0x9CFF, 0x9CFF, 0x9CFF, 0x9CFF, 0x9CFF, 0x9CFF, 0x9CFF, 0x9CFF, 0x9CFF, 0x9CFF, 0x9CFF, 
    0x9CFF, 0x9CFF, 0x9CFF, 0x9CFF, 0x9CFF, 0x9CFF, 0x9CFF, 0x9CFF, 0x9CFF, 0x9CFF, 0x9CFF, 0x9CFF, 
    0x9CFF, 0x9CFF, 0x9CFF, 0x9CFF, 0x9CFF, 0x9CFF, 0x9CFF, 0x9CFF, 0x9CFF, 0x9CFF, 0x9CFF, 0x9CFF, 
    0x9CFF, 0x9CFF, 0x9CFF, 0x9CFF, 0x9CFF, 0x9CFF, 0x9CFF, 0x9CFF, 0x9CFF, 0x9CFF, 0x9CFF, 0x9CFF, 
    0x9CFF, 0x9CFF, 0x9CFF, 0x9CFF, 0x9CFF, 0x9CFF, 0x9CFF, 0x9CFF, 0x9CFF, 0x9CFF, 0x9CFF, 0x9CFF, 
    0x9CFF, 0x9CFF, 0x9CFF, 0x9CFF, 0x9CFF, 0x9CFF, 0x9CFF, 0x9CFF, 0x9CFF, 0x9CFF, 0x9CFF, 0x9CFF, 
    0x9CFF, 0x9CFF, 0x9CFF, 0x9CFF, 0x9CFF, 0x9CFF, 0x9CFF, 0x9CFF, 0x9CFF, 0x9CFF, 0x9CFF, 0x9CFF, 
    0x9CFF, 0x9CFF, 0x9CFF, 0x9CFF, 0x9CFF, 0x9CFF, 0x9CFF, 0x9CFF, 0x9CFF, 0x9CFF, 0x9CFF, 0x9CFF, 
    0x9CFF, 0x9CFF, 0x9CFF, 0x9CFF, 0x9CFF, 0x9CFF, 0x9CFF, 0x9CFF, 0x9CFF, 0x9CFF, 0x9CFF, 0x9CFF, 
    0x9CFF, 0x9CFF, 0x9CFF, 0x9CFF, 0x9CFF, 0x9CFF, 0x9CFF, 0x9CFF, 0x9CFF, 0x9CFF, 0x9CFF, 0x9CFF, 
    0x9CFF, 0x9CFF, 0x9CFF, 0x9CFF, 0xBCFF, 0x79BE, 0xD574, 0xBCB6, 0x1DBF, 0xFEB6, 0xFDBE, 0xFDBE, 
    0xFDBE, 0xFDBE, 0xFDBE, 0xFDBE, 0xFDBE, 0xFDBE, 0xFDBE, 0xFDBE, 0xFDBE, 0xFDBE, 0xFDBE, 0xFDBE, 
    0xFDBE, 0xFDBE, 0xFDBE, 0xFDBE, 0xFDBE, 0xFDBE, 0xFDBE, 0xFDBE, 
    0x9BAE, 0x1DBF, 0xFDBE, 0xFDBE, 
    0xFDBE, 0xFDBE, 0xFDBE, 0xFDBE, 0xFDBE, 0xFDBE, 0xFDBE, 0xFDBE, 0xFDBE, 0xFDBE, 0xFDBE, 0xFDBE, 
    0xFDBE, 0xFDBE, 0xFDBE, 0xFDBE, 0xFDBE, 0xFDBE, 0xFDBE, 0xFDB6, 0x1DBF, 0xB985, 0x578D, 0x9CFF, 
    0x9CFF, 0x9DFF, 0x9CFF, 0x9CFF, 0x9CFF, 0x9CFF, 0x9CFF, 0x9CFF, 0x9CFF, 0x9CFF, 0x9CFF, 0x9CFF, 
    0x9CFF, 0x9CFF, 0x9CFF, 0x9CFF, 0x9CFF, 0x9CFF, 0x9CFF, 0x9CFF, 0x9CFF, 0x9CFF, 0x9CFF, 0x9CFF, 
    0x9CFF, 0x9CFF, 0x9CFF, 0x9CFF, 0x9CFF, 0x9CFF, 0x9CFF, 0x9CFF, 0x9CFF, 0x9CFF, 0x9CFF, 0x9CFF, 
    0x9CFF, 0x9CFF, 0x9CFF, 0x9CFF, 0x9CFF, 0x9CFF, 0x9CFF, 0x9CFF, 0x9CFF, 0x9CFF, 0x9CFF, 0x9CFF, 
    0x9CFF, 0x9CFF, 0x9CFF, 0x9CFF, 0x9CFF, 0x9CFF, 0x9CFF, 0x9CFF, 0x9CFF, 0x9CFF, 0x9CFF, 0x9CFF, 
    0x9CFF, 0x9CFF, 0x9CFF, 0x9CFF, 0x9CFF, 0x9CFF, 0x9CFF, 0x9CFF, 0x9CFF, 0x9CFF, 0x9CFF, 0x9CFF, 
    0x9CFF, 0x9CFF, 0x9CFF, 0x9CFF, 0x9CFF, 0x9CFF, 0x9CFF, 0x9CFF, 0x9CFF, 0x9CFF, 0x9CFF, 0x9CFF, 
    0x9CFF, 0x9CFF, 0x9CFF, 0x9CFF, 0x9CFF, 0x9CFF, 0x9CFF, 0x9CFF, 0x9CFF, 0x9CFF, 0x9CFF, 0x9CFF, 
    0x9CFF, 0x9CFF, 0x9CFF, 0x9CFF, 0x9CFF, 0x9CFF, 0x9CFF, 0x9CFF, 0x9CFF, 0x9CFF, 0x9CFF, 0x9CFF, 
    0x9CFF, 0x9CFF, 0x9CFF, 0x9CFF, 0x9CFF, 0x9CFF, 0x9CFF, 0x9CFF, 0x9CFF, 0x9CFF, 0x9CFF, 0x9CFF, 
    0x9CFF, 0x9CFF, 0x9CFF, 0x9CFF, 0x9CFF, 0x9CFF, 0x9CFF, 0x9CFF, 0x9CFF, 0x9CFF, 0x9CFF, 0x9CFF, 
    0x9CFF, 0x9CFF, 0x9CFF, 0x9CFF, 0x9CFF, 0x9CFF, 0x9CFF, 0x9CFF, 0x9CFF, 0x9CFF, 0x9CFF, 0x9CFF, 
    0x9CFF, 0x9CFF, 0x9CFF, 0x9CFF, 0x9CFF, 0x9CFF, 0x9CFF, 0x9CFF, 0x9CFF, 0x9CFF, 0x9CFF, 0x9CFF, 
    0x9CFF, 0x9CFF, 0x9CFF, 0x9CFF, 0x9CFF, 0x9CFF, 0x9CFF, 0x9CFF, 0x9CFF, 0x9CFF, 0x9CFF, 0x9CFF, 
    0x9CFF, 0x9CFF, 0x9CFF, 0x9CFF, 0x9CFF, 0x9CFF, 0x9CFF, 0x9CFF, 0x9CFF, 0x9CFF, 0x9CFF, 0x9CFF, 
    0x9CFF, 0x9CFF, 0x9CFF, 0x9CFF, 0x9CFF, 0x9CFF, 0x9CFF, 0x9CFF, 0x9CFF, 0x9CFF, 0x9CFF, 0x9CFF, 
    0x9CFF, 0x9CFF, 0x9CFF, 0x9CFF, 0x9CFF, 0x9CFF, 0x9CFF, 0x9CFF, 0x9CFF, 0x9CFF, 0x9CFF, 0x9CFF, 
    0x9CFF, 0x9CFF, 0x9CFF, 0x9CFF, 0x9CFF, 0x9CFF, 0x9CFF, 0x9CFF, 0x9CFF, 0x9CFF, 0x9CFF, 0x9CFF, 
    0x9CFF, 0x9CFF, 0x9CFF, 0x9CFF, 0x9CFF, 0x9CFF, 0x9CFF, 0x9CFF, 0x9CFF, 0x9CFF, 0x9CFF, 0x9CFF, 
    0xBCFF, 0x79BE, 0xD574, 0xBCB6, 0x1DBF, 0xFEB6, 0xFDBE, 0xFDBE, 0xFDBE, 0xFDBE, 0xFDBE, 0xFDBE, 
    0xFDBE, 0xFDBE, 0xFDBE, 0xFDBE, 0xFDBE, 0xFDBE, 0xFDBE, 0xFDBE, 0xFDBE, 0xFDBE, 0xFDBE, 0xFDBE, 
    0xFDBE, 0xFDBE, 0xFDBE, 0xFDBE, 
    0x9BAE, 0x1DBF, 0xFDBE, 0xFDBE, 0xFDBE, 0xFDBE, 0xFDBE, 0xFDBE, 
    0xFDBE, 0xFDBE, 0xFDBE, 0xFDBE, 0xFDBE, 0xFDBE, 0xFDBE, 0xFDBE, 0xFDBE, 0xFDBE, 0xFDBE, 0xFDBE, 
    0xFDBE, 0xFDBE, 0xFDBE, 0xFDB6, 0x1DBF, 0xB985, 0x578D, 0x9CFF, 0x9CFF, 0x9DFF, 0x9CFF, 0x9CFF, 
    0x9CFF, 0x9CFF, 0x9CFF, 0x9CFF, 0x9CFF, 0x9CFF, 0x9CFF, 0x9CFF, 0x9CFF, 0x9CFF, 0x9CFF, 0x9CFF, 
    0x9CFF, 0x9CFF, 0x9CFF, 0x9CFF, 0x9CFF, 0x9CFF, 0x9CFF, 0x9CFF, 0x9CFF, 0x9CFF, 0x9CFF, 0x9CFF, 
    0x9CFF, 0x9CFF, 0x9CFF, 0x9CFF, 0x9CFF, 0x9CFF, 0x9CFF, 0x9CFF, 0x9CFF, 0x9CFF, 0x9CFF, 0x9CFF, 
    0x9CFF, 0x9CFF, 0x9CFF, 0x9CFF, 0x9CFF, 0x9CFF, 0x9CFF, 0x9CFF, 0x9CFF, 0x9CFF, 0x9CFF, 0x9CFF, 
    0x9CFF, 0x9CFF, 0x9CFF, 0x9CFF, 0x9CFF, 0x9CFF, 0x9CFF, 0x9CFF, 0x9CFF, 0x9CFF, 0x9CFF, 0x9CFF, 
    0x9CFF, 0x9CFF, 0x9CFF, 0x9CFF, 0x9CFF, 0x9CFF, 0x9CFF, 0x9CFF, 0x9CFF, 0x9CFF, 0x9CFF, 0x9CFF, 
    0x9CFF, 0x9CFF, 0x9CFF, 0x9CFF, 0x9CFF, 0x9CFF, 0x9CFF, 0x9CFF, 0x9CFF, 0x9CFF, 0x9CFF, 0x9CFF, 
    0x9CFF, 0x9CFF, 0x9CFF, 0x9CFF, 0x9CFF, 0x9CFF, 0x9CFF, 0x9CFF, 0x9CFF, 0x9CFF, 0x9CFF, 0x9CFF, 
    0x9CFF, 0x9CFF, 0x9CFF, 0x9CFF, 0x9CFF, 0x9CFF, 0x9CFF, 0x9CFF, 0x9CFF, 0x9CFF, 0x9CFF, 0x9CFF, 
    0x9CFF, 0x9CFF, 0x9CFF, 0x9CFF, 0x9CFF, 0x9CFF, 0x9CFF, 0x9CFF, 0x9CFF, 0x9CFF, 0x9CFF, 0x9CFF, 
    0x9CFF, 0x9CFF, 0x9CFF, 0x9CFF, 0x9CFF, 0x9CFF, 0x9CFF, 0x9CFF, 0x9CFF, 0x9CFF, 0x9CFF, 0x9CFF, 
    0x9CFF, 0x9CFF, 0x9CFF, 0x9CFF, 0x9CFF, 0x9CFF, 0x9CFF, 0x9CFF, 0x9CFF, 0x9CFF, 0x9CFF, 0x9CFF, 
    0x9CFF, 0x9CFF, 0x9CFF, 0x9CFF, 0x9CFF, 0x9CFF, 0x9CFF, 0x9CFF, 0x9CFF, 0x9CFF, 0x9CFF, 0x9CFF, 
    0x9CFF, 0x9CFF, 0x9CFF, 0x9CFF, 0x9CFF, 0x9CFF, 0x9CFF, 0x9CFF, 0x9CFF, 0x9CFF, 0x9CFF, 0x9CFF, 
    0x9CFF, 0x9CFF, 0x9CFF, 0x9CFF, 0x9CFF, 0x9CFF, 0x9CFF, 0x9CFF, 0x9CFF, 0x9CFF, 0x9CFF, 0x9CFF, 
    0x9CFF, 0x9CFF, 0x9CFF, 0x9CFF, 0x9CFF, 0x9CFF, 0x9CFF, 0x9CFF, 0x9CFF, 0x9CFF, 0x9CFF, 0x9CFF, 
    0x9CFF, 0x9CFF, 0x9CFF, 0x9CFF, 0x9CFF, 0x9CFF, 0x9CFF, 0x9CFF, 0x9CFF, 0x9CFF, 0x9CFF, 0x9CFF, 
    0x9CFF, 0x9CFF, 0x9CFF, 0x9CFF, 0x9CFF, 0x9CFF, 0x9CFF, 0x9CFF, 0x9CFF, 0x9CFF, 0x9CFF, 0x9CFF, 
    0x9CFF, 0x9CFF, 0x9CFF, 0x9CFF, 0x9CFF, 0x9CFF, 0x9CFF, 0x9CFF, 0xBCFF, 0x79BE, 0xD574, 0xBCB6, 
    0x1DBF, 0xFEB6, 0xFDBE, 0xFDBE, 0xFDBE, 0xFDBE, 0xFDBE, 0xFDBE, 0xFDBE, 0xFDBE, 0xFDBE, 0xFDBE, 
    0xFDBE, 0xFDBE, 0xFDBE, 0xFDBE, 0xFDBE, 0xFDBE, 0xFDBE, 0xFDBE, 0xFDBE, 0xFDBE, 0xFDBE, 0xFDBE, 
    
    0x9BAE, 0x1DBF, 0xFDBE, 0xFDBE, 0xFDBE, 0xFDBE, 0xFDBE, 0xFDBE, 0xFDBE, 0xFDBE, 0xFDBE, 0xFDBE, 
    0xFDBE, 0xFDBE, 0xFDBE, 0xFDBE, 0xFDBE, 0xFDBE, 0xFDBE, 0xFDBE, 0xFDBE, 0xFDBE, 0xFDBE, 0xFDB6, 
    0x1DBF, 0xB985, 0x578D, 0x9CFF, 0x9CFF, 0x9DFF, 0x9CFF, 0x9CFF, 0x9CFF, 0x9CFF, 0x9CFF, 0x9CFF, 
    0x9CFF, 0x9CFF, 0x9CFF, 0x9CFF, 0x9CFF, 0x9CFF, 0x9CFF, 0x9CFF, 0x9CFF, 0x9CFF, 0x9CFF, 0x9CFF, 
    0x9CFF, 0x9CFF, 0x9CFF, 0x9CFF, 0x9CFF, 0x9CFF, 0x9CFF, 0x9CFF, 0x9CFF, 0x9CFF, 0x9CFF, 0x9CFF, 
    0x9CFF, 0x9CFF, 0x9CFF, 0x9CFF, 0x9CFF, 0x9CFF, 0x9CFF, 0x9CFF, 0x9CFF, 0x9CFF, 0x9CFF, 0x9CFF, 
    0x9CFF, 0x9CFF, 0x9CFF, 0x9CFF, 0x9CFF, 0x9CFF, 0x9CFF, 0x9CFF, 0x9CFF, 0x9CFF, 0x9CFF, 0x9CFF, 
    0x9CFF, 0x9CFF, 0x9CFF, 0x9CFF, 0x9CFF, 0x9CFF, 0x9CFF, 0x9CFF, 0x9CFF, 0x9CFF, 0x9CFF, 0x9CFF, 
    0x9CFF, 0x9CFF, 0x9CFF, 0x9CFF, 0x9CFF, 0x9CFF, 0x9CFF, 0x9CFF, 0x9CFF, 0x9CFF, 0x9CFF, 0x9CFF, 
    0x9CFF, 0x9CFF, 0x9CFF, 0x9CFF, 0x9CFF, 0x9CFF, 0x9CFF, 0x9CFF, 0x9CFF, 0x9CFF, 0x9CFF, 0x9CFF, 
    0x9CFF, 0x9CFF, 0x9CFF, 0x9CFF, 0x9CFF, 0x9CFF, 0x9CFF, 0x9CFF, 0x9CFF, 0x9CFF, 0x9CFF, 0x9CFF, 
    0x9CFF, 0x9CFF, 0x9CFF, 0x9CFF, 0x9CFF, 0x9CFF, 0x9CFF, 0x9CFF, 0x9CFF, 0x9CFF, 0x9CFF, 0x9CFF, 
    0x9CFF, 0x9CFF, 0x9CFF, 0x9CFF, 0x9CFF, 0x9CFF, 0x9CFF, 0x9CFF, 0x9CFF, 0x9CFF, 0x9CFF, 0x9CFF, 
    0x9CFF, 0x9CFF, 0x9CFF, 0x9CFF, 0x9CFF, 0x9CFF, 0x9CFF, 0x9CFF, 0x9CFF, 0x9CFF, 0x9CFF, 0x9CFF, 
    0x9CFF, 0x9CFF, 0x9CFF, 0x9CFF, 0x9CFF, 0x9CFF, 0x9CFF, 0x9CFF, 0x9CFF, 0x9CFF, 0x9CFF, 0x9CFF, 
    0x9CFF, 0x9CFF, 0x9CFF, 0x9CFF, 0x9CFF, 0x9CFF, 0x9CFF, 0x9CFF, 0x9CFF, 0x9CFF, 0x9CFF, 0x9CFF, 
    0x9CFF, 0x9CFF, 0x9CFF, 0x9CFF, 0x9CFF, 0x9CFF, 0x9CFF, 0x9CFF, 0x9CFF, 0x9CFF, 0x9CFF, 0x9CFF, 
    0x9CFF, 0x9CFF, 0x9CFF, 0x9CFF, 0x9CFF, 0x9CFF, 0x9CFF, 0x9CFF, 0x9CFF, 0x9CFF, 0x9CFF, 0x9CFF, 
    0x9CFF, 0x9CFF, 0x9CFF, 0x9CFF, 0x9CFF, 0x9CFF, 0x9CFF, 0x9CFF, 0x9CFF, 0x9CFF, 0x9CFF, 0x9CFF, 
    0x9CFF, 0x9CFF, 0x9CFF, 0x9CFF, 0x9CFF, 0x9CFF, 0x9CFF, 0x9CFF, 0x9CFF, 0x9CFF, 0x9CFF, 0x9CFF, 
    0x9CFF, 0x9CFF, 0x9CFF, 0x9CFF, 0x9CFF, 0x9CFF, 0x9CFF, 0x9CFF, 0x9CFF, 0x9CFF, 0x9CFF, 0x9CFF, 
    0x9CFF, 0x9CFF, 0x9CFF, 0x9CFF, 0xBCFF, 0x79BE, 0xD574, 0xBCB6, 0x1DBF, 0xFEB6, 0xFDBE, 0xFDBE, 
    0xFDBE, 0xFDBE, 0xFDBE, 0xFDBE, 0xFDBE, 0xFDBE, 0xFDBE, 0xFDBE, 0xFDBE, 0xFDBE, 0xFDBE, 0xFDBE, 
    0xFDBE, 0xFDBE, 0xFDBE, 0xFDBE, 0xFDBE, 0xFDBE, 0xFDBE, 0xFDBE, 
    0x9BAE, 0x1DBF, 0xFDBE, 0xFDBE, 
    0xFDBE, 0xFDBE, 0xFDBE, 0xFDBE, 0xFDBE, 0xFDBE, 0xFDBE, 0xFDBE, 0xFDBE, 0xFDBE, 0xFDBE, 0xFDBE, 
    0xFDBE, 0xFDBE, 0xFDBE, 0xFDBE, 0xFDBE, 0xFDBE, 0xFDBE, 0xFDB6, 0x1DBF, 0xB985, 0x578D, 0x9CFF, 
    0x9CFF, 0x9DFF, 0x9CFF, 0x9CFF, 0x9CFF, 0x9CFF, 0x9CFF, 0x9CFF, 0x9CFF, 0x9CFF, 0x9CFF, 0x9CFF, 
    0x9CFF, 0x9CFF, 0x9CFF, 0x9CFF, 0x9CFF, 0x9CFF, 0x9CFF, 0x9CFF, 0x9CFF, 0x9CFF, 0x9CFF, 0x9CFF, 
    0x9CFF, 0x9CFF, 0x9CFF, 0x9CFF, 0x9CFF, 0x9CFF, 0x9CFF, 0x9CFF, 0x9CFF, 0x9CFF, 0x9CFF, 0x9CFF, 
    0x9CFF, 0x9CFF, 0x9CFF, 0x9CFF, 0x9CFF, 0x9CFF, 0x9CFF, 0x9CFF, 0x9CFF, 0x9CFF, 0x9CFF, 0x9CFF, 
    0x9CFF, 0x9CFF, 0x9CFF, 0x9CFF, 0x9CFF, 0x9CFF, 0x9CFF, 0x9CFF, 0x9CFF, 0x9CFF, 0x9CFF, 0x9CFF, 
    0x9CFF, 0x9CFF, 0x9CFF, 0x9CFF, 0x9CFF, 0x9CFF, 0x9CFF, 0x9CFF, 0x9CFF, 0x9CFF, 0x9CFF, 0x9CFF, 
    0x9CFF, 0x9CFF, 0x9CFF, 0x9CFF, 0x9CFF, 0x9CFF, 0x9CFF, 0x9CFF, 0x9CFF, 0x9CFF, 0x9CFF, 0x9CFF, 
    0x9CFF, 0x9CFF, 0x9CFF, 0x9CFF, 0x9CFF, 0x9CFF, 0x9CFF, 0x9CFF, 0x9CFF, 0x9CFF, 0x9CFF, 0x9CFF, 
    0x9CFF, 0x9CFF, 0x9CFF, 0x9CFF, 0x9CFF, 0x9CFF, 0x9CFF, 0x9CFF, 0x9CFF, 0x9CFF, 0x9CFF, 0x9CFF, 
    0x9CFF, 0x9CFF, 0x9CFF, 0x9CFF, 0x9CFF, 0x9CFF, 0x9CFF, 0x9CFF, 0x9CFF, 0x9CFF, 0x9CFF, 0x9CFF, 
    0x9CFF, 0x9CFF, 0x9CFF, 0x9CFF, 0x9CFF, 0x9CFF, 0x9CFF, 0x9CFF, 0x9CFF, 0x9CFF, 0x9CFF, 0x9CFF, 
    0x9CFF, 0x9CFF, 0x9CFF, 0x9CFF, 0x9CFF, 0x9CFF, 0x9CFF, 0x9CFF, 0x9CFF, 0x9CFF, 0x9CFF, 0x9CFF, 
    0x9CFF, 0x9CFF, 0x9CFF, 0x9CFF, 0x9CFF, 0x9CFF, 0x9CFF, 0x9CFF, 0x9CFF, 0x9CFF, 0x9CFF, 0x9CFF, 
    0x9CFF, 0x9CFF, 0x9CFF, 0x9CFF, 0x9CFF, 0x9CFF, 0x9CFF, 0x9CFF, 0x9CFF, 0x9CFF, 0x9CFF, 0x9CFF, 
    0x9CFF, 0x9CFF, 0x9CFF, 0x9CFF, 0x9CFF, 0x9CFF, 0x9CFF, 0x9CFF, 0x9CFF, 0x9CFF, 0x9CFF, 0x9CFF, 
    0x9CFF, 0x9CFF, 0x9CFF, 0x9CFF, 0x9CFF, 0x9CFF, 0x9CFF, 0x9CFF, 0x9CFF, 0x9CFF, 0x9CFF, 0x9CFF, 
    0x9CFF, 0x9CFF, 0x9CFF, 0x9CFF, 0x9CFF, 0x9CFF, 0x9CFF, 0x9CFF, 0x9CFF, 0x9CFF, 0x9CFF, 0x9CFF, 
    0x9CFF, 0x9CFF, 0x9CFF, 0x9CFF, 0x9CFF, 0x9CFF, 0x9CFF, 0x9CFF, 0x9CFF, 0x9CFF, 0x9CFF, 0x9CFF, 
    0x9CFF, 0x9CFF, 0x9CFF, 0x9CFF, 0x9CFF, 0x9CFF, 0x9CFF, 0x9CFF, 0x9CFF, 0x9CFF, 0x9CFF, 0x9CFF, 
    0xBCFF, 0x79BE, 0xD574, 0xBCB6, 0x1DBF, 0xFEB6, 0xFDBE, 0xFDBE, 0xFDBE, 0xFDBE, 0xFDBE, 0xFDBE, 
    0xFDBE, 0xFDBE, 0xFDBE, 0xFDBE, 0xFDBE, 0xFDBE, 0xFDBE, 0xFDBE, 0xFDBE, 0xFDBE, 0xFDBE, 0xFDBE, 
    0xFDBE, 0xFDBE, 0xFDBE, 0xFDBE, 
    0x9BAE, 0x1DBF, 0xFDBE, 0xFDBE, 0xFDBE, 0xFDBE, 0xFDBE, 0xFDBE, 
    0xFDBE, 0xFDBE, 0xFDBE, 0xFDBE, 0xFDBE, 0xFDBE, 0xFDBE, 0xFDBE, 0xFDBE, 0xFDBE, 0xFDBE, 0xFDBE, 
    0xFDBE, 0xFDBE, 0xFDBE, 0xFDB6, 0x1DBF, 0xB985, 0x578D, 0x9CFF, 0x9CFF, 0x9DFF, 0x9CFF, 0x9CFF, 
    0x9CFF, 0x9CFF, 0x9CFF, 0x9CFF, 0x9CFF, 0x9CFF, 0x9CFF, 0x9CFF, 0x9CFF, 0x9CFF, 0x9CFF, 0x9CFF, 
    0x9CFF, 0x9CFF, 0x9CFF, 0x9CFF, 0x9CFF, 0x9CFF, 0x9CFF, 0x9CFF, 0x9CFF, 0x9CFF, 0x9CFF, 0x9CFF, 
    0x9CFF, 0x9CFF, 0x9CFF, 0x9CFF, 0x9CFF, 0x9CFF, 0x9CFF, 0x9CFF, 0x9CFF, 0x9CFF, 0x9CFF, 0x9CFF, 
    0x9CFF, 0x9CFF, 0x9CFF, 0x9CFF, 0x9CFF, 0x9CFF, 0x9CFF, 0x9CFF, 0x9CFF, 0x9CFF, 0x9CFF, 0x9CFF, 
    0x9CFF, 0x9CFF, 0x9CFF, 0x9CFF, 0x9CFF, 0x9CFF, 0x9CFF, 0x9CFF, 0x9CFF, 0x9CFF, 0x9CFF, 0x9CFF, 
    0x9CFF, 0x9CFF, 0x9CFF, 0x9CFF, 0x9CFF, 0x9CFF, 0x9CFF, 0x9CFF, 0x9CFF, 0x9CFF, 0x9CFF, 0x9CFF, 
    0x9CFF, 0x9CFF, 0x9CFF, 0x9CFF, 0x9CFF, 0x9CFF, 0x9CFF, 0x9CFF, 0x9CFF, 0x9CFF, 0x9CFF, 0x9CFF, 
    0x9CFF, 0x9CFF, 0x9CFF, 0x9CFF, 0x9CFF, 0x9CFF, 0x9CFF, 0x9CFF, 0x9CFF, 0x9CFF, 0x9CFF, 0x9CFF, 
    0x9CFF, 0x9CFF, 0x9CFF, 0x9CFF, 0x9CFF, 0x9CFF, 0x9CFF, 0x9CFF, 0x9CFF, 0x9CFF, 0x9CFF, 0x9CFF, 
    0x9CFF, 0x9CFF, 0x9CFF, 0x9CFF, 0x9CFF, 0x9CFF, 0x9CFF, 0x9CFF, 0x9CFF, 0x9CFF, 0x9CFF, 0x9CFF, 
    0x9CFF, 0x9CFF, 0x9CFF, 0x9CFF, 0x9CFF, 0x9CFF, 0x9CFF, 0x9CFF, 0x9CFF, 0x9CFF, 0x9CFF, 0x9CFF, 
    0x9CFF, 0x9CFF, 0x9CFF, 0x9CFF, 0x9CFF, 0x9CFF, 0x9CFF, 0x9CFF, 0x9CFF, 0x9CFF, 0x9CFF, 0x9CFF, 
    0x9CFF, 0x9CFF, 0x9CFF, 0x9CFF, 0x9CFF, 0x9CFF, 0x9CFF, 0x9CFF, 0x9CFF, 0x9CFF, 0x9CFF, 0x9CFF, 
    0x9CFF, 0x9CFF, 0x9CFF, 0x9CFF, 0x9CFF, 0x9CFF, 0x9CFF, 0x9CFF, 0x9CFF, 0x9CFF, 0x9CFF, 0x9CFF, 
    0x9CFF, 0x9CFF, 0x9CFF, 0x9CFF, 0x9CFF, 0x9CFF, 0x9CFF, 0x9CFF, 0x9CFF, 0x9CFF, 0x9CFF, 0x9CFF, 
    0x9CFF, 0x9CFF, 0x9CFF, 0x9CFF, 0x9CFF, 0x9CFF, 0x9CFF, 0x9CFF, 0x9CFF, 0x9CFF, 0x9CFF, 0x9CFF, 
    0x9CFF, 0x9CFF, 0x9CFF, 0x9CFF, 0x9CFF, 0x9CFF, 0x9CFF, 0x9CFF, 0x9CFF, 0x9CFF, 0x9CFF, 0x9CFF, 
    0x9CFF, 0x9CFF, 0x9CFF, 0x9CFF, 0x9CFF, 0x9CFF, 0x9CFF, 0x9CFF, 0x9CFF, 0x9CFF, 0x9CFF, 0x9CFF, 
    0x9CFF, 0x9CFF, 0x9CFF, 0x9CFF, 0x9CFF, 0x9CFF, 0x9CFF, 0x9CFF, 0xBCFF, 0x79BE, 0xD574, 0xBCB6, 
    0x1DBF, 0xFEB6, 0xFDBE, 0xFDBE, 0xFDBE, 0xFDBE, 0xFDBE, 0xFDBE, 0xFDBE, 0xFDBE, 0xFDBE, 0xFDBE, 
    0xFDBE, 0xFDBE, 0xFDBE, 0xFDBE, 0xFDBE, 0xFDBE, 0xFDBE, 0xFDBE, 0xFDBE, 0xFDBE, 0xFDBE, 0xFDBE, 
    
    0x9BAE, 0x1DBF, 0xFDBE, 0xFDBE, 0xFDBE, 0xFDBE, 0xFDBE, 0xFDBE, 0xFDBE, 0xFDBE, 0xFDBE, 0xFDBE, 
    0xFDBE, 0xFDBE, 0xFDBE, 0xFDBE, 0xFDBE, 0xFDBE, 0xFDBE, 0xFDBE, 0xFDBE, 0xFDBE, 0xFDBE, 0xFDB6, 
    0x1DBF, 0xB985, 0x578D, 0x9CFF, 0x9CFF, 0x9DFF, 0x9CFF, 0x9CFF, 0x9CFF, 0x9CFF, 0x9CFF, 0x9CFF, 
    0x9CFF, 0x9CFF, 0x9CFF, 0x9CFF, 0x9CFF, 0x9CFF, 0x9CFF, 0x9CFF, 0x9CFF, 0x9CFF, 0x9CFF, 0x9CFF, 
    0x9CFF, 0x9CFF, 0x9CFF, 0x9CFF, 0x9CFF, 0x9CFF, 0x9CFF, 0x9CFF, 0x9CFF, 0x9CFF, 0x9CFF, 0x9CFF, 
    0x9CFF, 0x9CFF, 0x9CFF, 0x9CFF, 0x9CFF, 0x9CFF, 0x9CFF, 0x9CFF, 0x9CFF, 0x9CFF, 0x9CFF, 0x9CFF, 
    0x9CFF, 0x9CFF, 0x9CFF, 0x9CFF, 0x9CFF, 0x9CFF, 0x9CFF, 0x9CFF, 0x9CFF, 0x9CFF, 0x9CFF, 0x9CFF, 
    0x9CFF, 0x9CFF, 0x9CFF, 0x9CFF, 0x9CFF, 0x9CFF, 0x9CFF, 0x9CFF, 0x9CFF, 0x9CFF, 0x9CFF, 0x9CFF, 
    0x9CFF, 0x9CFF, 0x9CFF, 0x9CFF, 0x9CFF, 0x9CFF, 0x9CFF, 0x9CFF, 0x9CFF, 0x9CFF, 0x9CFF, 0x9CFF, 
    0x9CFF, 0x9CFF, 0x9CFF, 0x9CFF, 0x9CFF, 0x9CFF, 0x9CFF, 0x9CFF, 0x9CFF, 0x9CFF, 0x9CFF, 0x9CFF, 
    0x9CFF, 0x9CFF, 0x9CFF, 0x9CFF, 0x9CFF, 0x9CFF, 0x9CFF, 0x9CFF, 0x9CFF, 0x9CFF, 0x9CFF, 0x9CFF, 
    0x9CFF, 0x9CFF, 0x9CFF, 0x9CFF, 0x9CFF, 0x9CFF, 0x9CFF, 0x9CFF, 0x9CFF, 0x9CFF, 0x9CFF, 0x9CFF, 
    0x9CFF, 0x9CFF, 0x9CFF, 0x9CFF, 0x9CFF, 0x9CFF, 0x9CFF, 0x9CFF, 0x9CFF, 0x9CFF, 0x9CFF, 0x9CFF, 
    0x9CFF, 0x9CFF, 0x9CFF, 0x9CFF, 0x9CFF, 0x9CFF, 0x9CFF, 0x9CFF, 0x9CFF, 0x9CFF, 0x9CFF, 0x9CFF, 
    0x9CFF, 0x9CFF, 0x9CFF, 0x9CFF, 0x9CFF, 0x9CFF, 0x9CFF, 0x9CFF, 0x9CFF, 0x9CFF, 0x9CFF, 0x9CFF, 
    0x9CFF, 0x9CFF, 0x9CFF, 0x9CFF, 0x9CFF, 0x9CFF, 0x9CFF, 0x9CFF, 0x9CFF, 0x9CFF, 0x9CFF, 0x9CFF, 
    0x9CFF, 0x9CFF, 0x9CFF, 0x9CFF, 0x9CFF, 0x9CFF, 0x9CFF, 0x9CFF, 0x9CFF, 0x9CFF, 0x9CFF, 0x9CFF, 
    0x9CFF, 0x9CFF, 0x9CFF, 0x9CFF, 0x9CFF, 0x9CFF, 0x9CFF, 0x9CFF, 0x9CFF, 0x9CFF, 0x9CFF, 0x9CFF, 
    0x9CFF, 0x9CFF, 0x9CFF, 0x9CFF, 0x9CFF, 0x9CFF, 0x9CFF, 0x9CFF, 0x9CFF, 0x9CFF, 0x9CFF, 0x9CFF, 
    0x9CFF, 0x9CFF, 0x9CFF, 0x9CFF, 0x9CFF, 0x9CFF, 0x9CFF, 0x9CFF, 0x9CFF, 0x9CFF, 0x9CFF, 0x9CFF, 
    0x9CFF, 0x9CFF, 0x9CFF, 0x9CFF, 0x9CFF, 0x9CFF, 0x9CFF, 0x9CFF, 0x9CFF, 0x9CFF, 0x9CFF, 0x9CFF, 
    0x9CFF, 0x9CFF, 0x9CFF, 0x9CFF, 0xBCFF, 0x79BE, 0xD574, 0xBCB6, 0x1DBF, 0xFEB6, 0xFDBE, 0xFDBE, 
    0xFDBE, 0xFDBE, 0xFDBE, 0xFDBE, 0xFDBE, 0xFDBE, 0xFDBE, 0xFDBE, 0xFDBE, 0xFDBE, 0xFDBE, 0xFDBE, 
    0xFDBE, 0xFDBE, 0xFDBE, 0xFDBE, 0xFDBE, 0xFDBE, 0xFDBE, 0xFDBE, 
    0x9BAE, 0x1DBF, 0xFDBE, 0xFDBE, 
    0xFDBE, 0xFDBE, 0xFDBE, 0xFDBE, 0xFDBE, 0xFDBE, 0xFDBE, 0xFDBE, 0xFDBE, 0xFDBE, 0xFDBE, 0xFDBE, 
    0xFDBE, 0xFDBE, 0xFDBE, 0xFDBE, 0xFDBE, 0xFDBE, 0xFDBE, 0xFDB6, 0x1DBF, 0xB985, 0x578D, 0x9CFF, 
    0x9CFF, 0x9DFF, 0x9CFF, 0x9CFF, 0x9CFF, 0x9CFF, 0x9CFF, 0x9CFF, 0x9CFF, 0x9CFF, 0x9CFF, 0x9CFF, 
    0x9CFF, 0x9CFF, 0x9CFF, 0x9CFF, 0x9CFF, 0x9CFF, 0x9CFF, 0x9CFF, 0x9CFF, 0x9CFF, 0x9CFF, 0x9CFF, 
    0x9CFF, 0x9CFF, 0x9CFF, 0x9CFF, 0x9CFF, 0x9CFF, 0x9CFF, 0x9CFF, 0x9CFF, 0x9CFF, 0x9CFF, 0x9CFF, 
    0x9CFF, 0x9CFF, 0x9CFF, 0x9CFF, 0x9CFF, 0x9CFF, 0x9CFF, 0x9CFF, 0x9CFF, 0x9CFF, 0x9CFF, 0x9CFF, 
    0x9CFF, 0x9CFF, 0x9CFF, 0x9CFF, 0x9CFF, 0x9CFF, 0x9CFF, 0x9CFF, 0x9CFF, 0x9CFF, 0x9CFF, 0x9CFF, 
    0x9CFF, 0x9CFF, 0x9CFF, 0x9CFF, 0x9CFF, 0x9CFF, 0x9CFF, 0x9CFF, 0x9CFF, 0x9CFF, 0x9CFF, 0x9CFF, 
    0x9CFF, 0x9CFF, 0x9CFF, 0x9CFF, 0x9CFF, 0x9CFF, 0x9CFF, 0x9CFF, 0x9CFF, 0x9CFF, 0x9CFF, 0x9CFF, 
    0x9CFF, 0x9CFF, 0x9CFF, 0x9CFF, 0x9CFF, 0x9CFF, 0x9CFF, 0x9CFF, 0x9CFF, 0x9CFF, 0x9CFF, 0x9CFF, 
    0x9CFF, 0x9CFF, 0x9CFF, 0x9CFF, 0x9CFF, 0x9CFF, 0x9CFF, 0x9CFF, 0x9CFF, 0x9CFF, 0x9CFF, 0x9CFF, 
    0x9CFF, 0x9CFF, 0x9CFF, 0x9CFF, 0x9CFF, 0x9CFF, 0x9CFF, 0x9CFF, 0x9CFF, 0x9CFF, 0x9CFF, 0x9CFF, 
    0x9CFF, 0x9CFF, 0x9CFF, 0x9CFF, 0x9CFF, 0x9CFF, 0x9CFF, 0x9CFF, 0x9CFF, 0x9CFF, 0x9CFF, 0x9CFF, 
    0x9CFF, 0x9CFF, 0x9CFF, 0x9CFF, 0x9CFF, 0x9CFF, 0x9CFF, 0x9CFF, 0x9CFF, 0x9CFF, 0x9CFF, 0x9CFF, 
    0x9CFF, 0x9CFF, 0x9CFF, 0x9CFF, 0x9CFF, 0x9CFF, 0x9CFF, 0x9CFF, 0x9CFF, 0x9CFF, 0x9CFF, 0x9CFF, 
    0x9CFF, 0x9CFF, 0x9CFF, 0x9CFF, 0x9CFF, 0x9CFF, 0x9CFF, 0x9CFF, 0x9CFF, 0x9CFF, 0x9CFF, 0x9CFF, 
    0x9CFF, 0x9CFF, 0x9CFF, 0x9CFF, 0x9CFF, 0x9CFF, 0x9CFF, 0x9CFF, 0x9CFF, 0x9CFF, 0x9CFF, 0x9CFF, 
    0x9CFF, 0x9CFF, 0x9CFF, 0x9CFF, 0x9CFF, 0x9CFF, 0x9CFF, 0x9CFF, 0x9CFF, 0x9CFF, 0x9CFF, 0x9CFF, 
    0x9CFF, 0x9CFF, 0x9CFF, 0x9CFF, 0x9CFF, 0x9CFF, 0x9CFF, 0x9CFF, 0x9CFF, 0x9CFF, 0x9CFF, 0x9CFF, 
    0x9CFF, 0x9CFF, 0x9CFF, 0x9CFF, 0x9CFF, 0x9CFF, 0x9CFF, 0x9CFF, 0x9CFF, 0x9CFF, 0x9CFF, 0x9CFF, 
    0x9CFF, 0x9CFF, 0x9CFF, 0x9CFF, 0x9CFF, 0x9CFF, 0x9CFF, 0x9CFF, 0x9CFF, 0x9CFF, 0x9CFF, 0x9CFF, 
    0xBCFF, 0x79BE, 0xD574, 0xBCB6, 0x1DBF, 0xFEB6, 0xFDBE, 0xFDBE, 0xFDBE, 0xFDBE, 0xFDBE, 0xFDBE, 
    0xFDBE, 0xFDBE, 0xFDBE, 0xFDBE, 0xFDBE, 0xFDBE, 0xFDBE, 0xFDBE, 0xFDBE, 0xFDBE, 0xFDBE, 0xFDBE, 
    0xFDBE, 0xFDBE, 0xFDBE, 0xFDBE, 
    0x9BAE, 0x1DBF, 0xFDBE, 0xFDBE, 0xFDBE, 0xFDBE, 0xFDBE, 0xFDBE, 
    0xFDBE, 0xFDBE, 0xFDBE, 0xFDBE, 0xFDBE, 0xFDBE, 0xFDBE, 0xFDBE, 0xFDBE, 0xFDBE, 0xFDBE, 0xFDBE, 
    0xFDBE, 0xFDBE, 0xFDBE, 0xFDB6, 0x1DBF, 0xB985, 0x578D, 0x9CFF, 0x9CFF, 0x9DFF, 0x9CFF, 0x9CFF, 
    0x9CFF, 0x9CFF, 0x9CFF, 0x9CFF, 0x9CFF, 0x9CFF, 0x9CFF, 0x9CFF, 0x9CFF, 0x9CFF, 0x9CFF, 0x9CFF, 
    0x9CFF, 0x9CFF, 0x9CFF, 0x9CFF, 0x9CFF, 0x9CFF, 0x9CFF, 0x9CFF, 0x9CFF, 0x9CFF, 0x9CFF, 0x9CFF, 
    0x9CFF, 0x9CFF, 0x9CFF, 0x9CFF, 0x9CFF, 0x9CFF, 0x9CFF, 0x9CFF, 0x9CFF, 0x9CFF, 0x9CFF, 0x9CFF, 
    0x9CFF, 0x9CFF, 0x9CFF, 0x9CFF, 0x9CFF, 0x9CFF, 0x9CFF, 0x9CFF, 0x9CFF, 0x9CFF, 0x9CFF, 0x9CFF, 
    0x9CFF, 0x9CFF, 0x9CFF, 0x9CFF, 0x9CFF, 0x9CFF, 0x9CFF, 0x9CFF, 0x9CFF, 0x9CFF, 0x9CFF, 0x9CFF, 
    0x9CFF, 0x9CFF, 0x9CFF, 0x9CFF, 0x9CFF, 0x9CFF, 0x9CFF, 0x9CFF, 0x9CFF, 0x9CFF, 0x9CFF, 0x9CFF, 
    0x9CFF, 0x9CFF, 0x9CFF, 0x9CFF, 0x9CFF, 0x9CFF, 0x9CFF, 0x9CFF, 0x9CFF, 0x9CFF, 0x9CFF, 0x9CFF, 
    0x9CFF, 0x9CFF, 0x9CFF, 0x9CFF, 0x9CFF, 0x9CFF, 0x9CFF, 0x9CFF, 0x9CFF, 0x9CFF, 0x9CFF, 0x9CFF, 
    0x9CFF, 0x9CFF, 0x9CFF, 0x9CFF, 0x9CFF, 0x9CFF, 0x9CFF, 0x9CFF, 0x9CFF, 0x9CFF, 0x9CFF, 0x9CFF, 
    0x9CFF, 0x9CFF, 0x9CFF, 0x9CFF, 0x9CFF, 0x9CFF, 0x9CFF, 0x9CFF, 0x9CFF, 0x9CFF, 0x9CFF, 0x9CFF, 
    0x9CFF, 0x9CFF, 0x9CFF, 0x9CFF, 0x9CFF, 0x9CFF, 0x9CFF, 0x9CFF, 0x9CFF, 0x9CFF, 0x9CFF, 0x9CFF, 
    0x9CFF, 0x9CFF, 0x9CFF, 0x9CFF, 0x9CFF, 0x9CFF, 0x9CFF, 0x9CFF, 0x9CFF, 0x9CFF, 0x9CFF, 0x9CFF, 
    0x9CFF, 0x9CFF, 0x9CFF, 0x9CFF, 0x9CFF, 0x9CFF, 0x9CFF, 0x9CFF, 0x9CFF, 0x9CFF, 0x9CFF, 0x9CFF, 
    0x9CFF, 0x9CFF, 0x9CFF, 0x9CFF, 0x9CFF, 0x9CFF, 0x9CFF, 0x9CFF, 0x9CFF, 0x9CFF, 0x9CFF, 0x9CFF, 
    0x9CFF, 0x9CFF, 0x9CFF, 0x9CFF, 0x9CFF, 0x9CFF, 0x9CFF, 0x9CFF, 0x9CFF, 0x9CFF, 0x9CFF, 0x9CFF, 
    0x9CFF, 0x9CFF, 0x9CFF, 0x9CFF, 0x9CFF, 0x9CFF, 0x9CFF, 0x9CFF, 0x9CFF, 0x9CFF, 0x9CFF, 0x9CFF, 
    0x9CFF, 0x9CFF, 0x9CFF, 0x9CFF, 0x9CFF, 0x9CFF, 0x9CFF, 0x9CFF, 0x9CFF, 0x9CFF, 0x9CFF, 0x9CFF, 
    0x9CFF, 0x9CFF, 0x9CFF, 0x9CFF, 0x9CFF, 0x9CFF, 0x9CFF, 0x9CFF, 0x9CFF, 0x9CFF, 0x9CFF, 0x9CFF, 
    0x9CFF, 0x9CFF, 0x9CFF, 0x9CFF, 0x9CFF, 0x9CFF, 0x9CFF, 0x9CFF, 0xBCFF, 0x79BE, 0xD574, 0xBCB6, 
    0x1DBF, 0xFEB6, 0xFDBE, 0xFDBE, 0xFDBE, 0xFDBE, 0xFDBE, 0xFDBE, 0xFDBE, 0xFDBE, 0xFDBE, 0xFDBE, 
    0xFDBE, 0xFDBE, 0xFDBE, 0xFDBE, 0xFDBE, 0xFDBE, 0xFDBE, 0xFDBE, 0xFDBE, 0xFDBE, 0xFDBE, 0xFDBE, 
    
    0x9BAE, 0x1DBF, 0xFDBE, 0xFDBE, 0xFDBE, 0xFDBE, 0xFDBE, 0xFDBE, 0xFDBE, 0xFDBE, 0xFDBE, 0xFDBE, 
    0xFDBE, 0xFDBE, 0xFDBE, 0xFDBE, 0xFDBE, 0xFDBE, 0xFDBE, 0xFDBE, 0xFDBE, 0xFDBE, 0xFDBE, 0xFDB6, 
    0x1DBF, 0xB985, 0x578D, 0x9CFF, 0x9CFF, 0x9DFF, 0x9CFF, 0x9CFF, 0x9CFF, 0x9CFF, 0x9CFF, 0x9CFF, 
    0x9CFF, 0x9CFF, 0x9CFF, 0x9CFF, 0x9CFF, 0x9CFF, 0x9CFF, 0x9CFF, 0x9CFF, 0x9CFF, 0x9CFF, 0x9CFF, 
    0x9CFF, 0x9CFF, 0x9CFF, 0x9CFF, 0x9CFF, 0x9CFF, 0x9CFF, 0x9CFF, 0x9CFF, 0x9CFF, 0x9CFF, 0x9CFF, 
    0x9CFF, 0x9CFF, 0x9CFF, 0x9CFF, 0x9CFF, 0x9CFF, 0x9CFF, 0x9CFF, 0x9CFF, 0x9CFF, 0x9CFF, 0x9CFF, 
    0x9CFF, 0x9CFF, 0x9CFF, 0x9CFF, 0x9CFF, 0x9CFF, 0x9CFF, 0x9CFF, 0x9CFF, 0x9CFF, 0x9CFF, 0x9CFF, 
    0x9CFF, 0x9CFF, 0x9CFF, 0x9CFF, 0x9CFF, 0x9CFF, 0x9CFF, 0x9CFF, 0x9CFF, 0x9CFF, 0x9CFF, 0x9CFF, 
    0x9CFF, 0x9CFF, 0x9CFF, 0x9CFF, 0x9CFF, 0x9CFF, 0x9CFF, 0x9CFF, 0x9CFF, 0x9CFF, 0x9CFF, 0x9CFF, 
    0x9CFF, 0x9CFF, 0x9CFF, 0x9CFF, 0x9CFF, 0x9CFF, 0x9CFF, 0x9CFF, 0x9CFF, 0x9CFF, 0x9CFF, 0x9CFF, 
    0x9CFF, 0x9CFF, 0x9CFF, 0x9CFF, 0x9CFF, 0x9CFF, 0x9CFF, 0x9CFF, 0x9CFF, 0x9CFF, 0x9CFF, 0x9CFF, 
    0x9CFF, 0x9CFF, 0x9CFF, 0x9CFF, 0x9CFF, 0x9CFF, 0x9CFF, 0x9CFF, 0x9CFF, 0x9CFF, 0x9CFF, 0x9CFF, 
    0x9CFF, 0x9CFF, 0x9CFF, 0x9CFF, 0x9CFF, 0x9CFF, 0x9CFF, 0x9CFF, 0x9CFF, 0x9CFF, 0x9CFF, 0x9CFF, 
    0x9CFF, 0x9CFF, 0x9CFF, 0x9CFF, 0x9CFF, 0x9CFF, 0x9CFF, 0x9CFF, 0x9CFF, 0x9CFF, 0x9CFF, 0x9CFF, 
    0x9CFF, 0x9CFF, 0x9CFF, 0x9CFF, 0x9CFF, 0x9CFF, 0x9CFF, 0x9CFF, 0x9CFF, 0x9CFF, 0x9CFF, 0x9CFF, 
    0x9CFF, 0x9CFF, 0x9CFF, 0x9CFF, 0x9CFF, 0x9CFF, 0x9CFF, 0x9CFF, 0x9CFF, 0x9CFF, 0x9CFF, 0x9CFF, 
    0x9CFF, 0x9CFF, 0x9CFF, 0x9CFF, 0x9CFF, 0x9CFF, 0x9CFF, 0x9CFF, 0x9CFF, 0x9CFF, 0x9CFF, 0x9CFF, 
    0x9CFF, 0x9CFF, 0x9CFF, 0x9CFF, 0x9CFF, 0x9CFF, 0x9CFF, 0x9CFF, 0x9CFF, 0x9CFF, 0x9CFF, 0x9CFF, 
    0x9CFF, 0x9CFF, 0x9CFF, 0x9CFF, 0x9CFF, 0x9CFF, 0x9CFF, 0x9CFF, 0x9CFF, 0x9CFF, 0x9CFF, 0x9CFF, 
    0x9CFF, 0x9CFF, 0x9CFF, 0x9CFF, 0x9CFF, 0x9CFF, 0x9CFF, 0x9CFF, 0x9CFF, 0x9CFF, 0x9CFF, 0x9CFF, 
    0x9CFF, 0x9CFF, 0x9CFF, 0x9CFF, 0x9CFF, 0x9CFF, 0x9CFF, 0x9CFF, 0x9CFF, 0x9CFF, 0x9CFF, 0x9CFF, 
    0x9CFF, 0x9CFF, 0x9CFF, 0x9CFF, 0xBCFF, 0x79BE, 0xD574, 0xBCB6, 0x1DBF, 0xFEB6, 0xFDBE, 0xFDBE, 
    0xFDBE, 0xFDBE, 0xFDBE, 0xFDBE, 0xFDBE, 0xFDBE, 0xFDBE, 0xFDBE, 0xFDBE, 0xFDBE, 0xFDBE, 0xFDBE, 
    0xFDBE, 0xFDBE, 0xFDBE, 0xFDBE, 0xFDBE, 0xFDBE, 0xFDBE, 0xFDBE, 
    0x9BAE, 0x1DBF, 0xFDBE, 0xFDBE, 
    0xFDBE, 0xFDBE, 0xFDBE, 0xFDBE, 0xFDBE, 0xFDBE, 0xFDBE, 0xFDBE, 0xFDBE, 0xFDBE, 0xFDBE, 0xFDBE, 
    0xFDBE, 0xFDBE, 0xFDBE, 0xFDBE, 0xFDBE, 0xFDBE, 0xFDBE, 0xFDBE, 0x1DBF, 0x9985, 0x578D, 0x9CFF, 
    0x9CFF, 0x9DFF, 0x9CFF, 0x9CFF, 0x9CFF, 0x9CFF, 0x9CFF, 0x9CFF, 0x9CFF, 0x9CFF, 0x9CFF, 0x9CFF, 
    0x9CFF, 0x9CFF, 0x9CFF, 0x9CFF, 0x9CFF, 0x9CFF, 0x9CFF, 0x9CFF, 0x9CFF, 0x9CFF, 0x9BFF, 0x9CFF, 
    0xBCFF, 0x9CFF, 0x9CFF, 0x9CFF, 0x9CFF, 0x9CFF, 0x9BFF, 0x9CFF, 0x9CFF, 0x9CFF, 0x9CFF, 0x9CFF, 
    0x9CFF, 0x9CFF, 0x9CFF, 0x9CFF, 0x9CFF, 0x9CFF, 0x9CFF, 0x9CFF, 0x9CFF, 0x9CFF, 0x9CFF, 0x9CFF, 
    0x9CFF, 0x9CFF, 0x9CFF, 0x9CFF, 0x9CFF, 0x9CFF, 0x9CFF, 0x9CFF, 0x9CFF, 0x9CFF, 0x9CFF, 0x9CFF, 
    0x9CFF, 0x9CFF, 0x9CFF, 0x9CFF, 0x9CFF, 0x9CFF, 0x9CFF, 0x9CFF, 0x9CFF, 0x9CFF, 0x9CFF, 0x9CFF, 
    0x9CFF, 0x9CFF, 0x9CFF, 0x9CFF, 0x9CFF, 0x9CFF, 0x9CFF, 0x7CFF, 0x7CFF, 0x9CFF, 0x9CFF, 0x9CFF, 
    0x9CFF, 0x9DFF, 0x9CFF, 0x9CFF, 0x7CFF, 0x9CFF, 0x9CFF, 0x9CFF, 0x9CFF, 0x9CFF, 0x9CFF, 0x9CFF, 
    0x9CFF, 0x9CFF, 0x9CFF, 0x9CFF, 0x9CFF, 0x9CFF, 0x9CFF, 0x9CFF, 0x9CFF, 0x9CFF, 0x9CFF, 0x9CFF, 
    0x9CFF, 0x9CFF, 0x9CFF, 0x9CFF, 0x9CFF, 0x9CFF, 0x9CFF, 0x9CFF, 0x9CFF, 0x9CFF, 0x9CFF, 0x9CFF, 
    0x9CFF, 0x9CFF, 0x9CFF, 0x9CFF, 0x9CFF, 0x9CFF, 0x9CFF, 0x9CFF, 0x9CFF, 0x9CFF, 0x9CFF, 0x9CFF, 
    0x9CFF, 0x9CFF, 0x9CFF, 0x9CFF, 0x9CFF, 0x9CFF, 0x7CFF, 0x9CFF, 0xBCFF, 0x9CFF, 0x9CFF, 0x9CFF, 
    0x9CFF, 0xBCFF, 0xBCFF, 0x9CFF, 0x9CFF, 0x9CFF, 0x9CFF, 0x9CFF, 0x9CFF, 0x9CFF, 0x9CFF, 0x9CFF, 
    0x9CFF, 0x9CFF, 0x9CFF, 0x9CFF, 0x9CFF, 0x9CFF, 0x9CFF, 0x9CFF, 0x9CFF, 0x9CFF, 0x9CFF, 0x9CFF, 
    0x9CFF, 0x9CFF, 0x9CFF, 0x9CFF, 0x9CFF, 0x9CFF, 0x9CFF, 0x9CFF, 0x9CFF, 0x9CFF, 0x9CFF, 0x9CFF, 
    0x9CFF, 0x9CFF, 0x9CFF, 0x9CFF, 0x9CFF, 0x9CFF, 0x9CFF, 0x9CFF, 0x9CFF, 0x9CFF, 0x9CFF, 0x9CFF, 
    0x9CFF, 0x9CFF, 0x9CFF, 0x9CFF, 0x9BFF, 0x9BFF, 0x9CFF, 0x7CFF, 0x7CFF, 0x9CFF, 0x9DFF, 0x7DFF, 
    0x7DFF, 0x9CFF, 0x9CFF, 0x9CFF, 0x9CFF, 0x9CFF, 0x9CFF, 0x9CFF, 0x9CFF, 0x9CFF, 0x9CFF, 0x9CFF, 
    0x9CFF, 0x9CFF, 0x9CFF, 0x9CFF, 0x9CFF, 0x9CFF, 0x9CFF, 0x9CFF, 0x9CFF, 0x9CFF, 0x9CFF, 0x9CFF, 
    0xBDFF, 0x79BE, 0xD574, 0xBCB6, 0xFDBE, 0x1DB7, 0xFDBE, 0xFDBE, 0xFDBE, 0xFDBE, 0xFDBE, 0xFDBE, 
    0xFDBE, 0xFDBE, 0xFDBE, 0xFDBE, 0xFDBE, 0xFDBE, 0xFDBE, 0xFDBE, 0xFDBE, 0xFDBE, 0xFDBE, 0xFDBE, 
    0xFDBE, 0xFDBE, 0xFDBE, 0xFDBE, 
    0x9BAE, 0x1DBF, 0xFDBE, 0xFDBE, 0xFDBE, 0xFDBE, 0xFDBE, 0xFDBE, 
    0xFDBE, 0xFDBE, 0xFDBE, 0xFDBE, 0xFDBE, 0xFDBE, 0xFDBE, 0xFDBE, 0xFDBE, 0xFDBE, 0xFDBE, 0xFDBE, 
    0xFDBE, 0xFDBE, 0xFDBE, 0xFDBE, 0x1DBF, 0x9985, 0x578D, 0x9CFF, 0x9CFF, 0x9DFF, 0x9CFF, 0x9CFF, 
    0x9CFF, 0x9CFF, 0x9CFF, 0x9CFF, 0x9CFF, 0x9CFF, 0x9CFF, 0x9CFF, 0x9CFF, 0x9CFF, 0x9CFF, 0x9CFF, 
    0x9CFF, 0x9CFF, 0x9CFF, 0x9CFF, 0x9CFF, 0x9CFF, 0x9BFF, 0x9CFF, 0xBCFF, 0x9CFF, 0x7DFF, 0x9CFF, 
    0x9DFF, 0x9CFF, 0x9BFF, 0x9DFF, 0x9DFF, 0x9DFF, 0x9DFF, 0x9DFF, 0x9DFF, 0x9DFF, 0x9DFF, 0x9DFF, 
    0x9DFF, 0x9DFF, 0x9DFF, 0x9DFF, 0x9DFF, 0x9DFF, 0x9DFF, 0x9DFF, 0x9DFF, 0x9DFF, 0x9DFF, 0x9DFF, 
    0x9DFF, 0x9DFF, 0x9DFF, 0x9DFF, 0x9DFF, 0x9DFF, 0x9DFF, 0x9DFF, 0x9DFF, 0x9DFF, 0x9DFF, 0x9DFF, 
    0x9DFF, 0x9DFF, 0x9DFF, 0x9DFF, 0x9DFF, 0x9DFF, 0x9DFF, 0x9DFF, 0x9DFF, 0x9DFF, 0x9DFF, 0x9DFF, 
    0x9DFF, 0x9DFF, 0x9DFF, 0x7CFF, 0x7DFF, 0x9CFF, 0xBBFF, 0x9BFF, 0x7DFF, 0x9DFF, 0xBCFF, 0x9BFF, 
    0x7CFF, 0x9CFF, 0x9CFF, 0x9CFF, 0x9CFF, 0x9CFF, 0x9CFF, 0x9CFF, 0x9CFF, 0x9CFF, 0x9CFF, 0x9CFF, 
    0x9CFF, 0x9CFF, 0x9CFF, 0x9CFF, 0x9CFF, 0x9CFF, 0x9CFF, 0x9CFF, 0x9CFF, 0x9CFF, 0x9CFF, 0x9CFF, 
    0x9CFF, 0x9CFF, 0x9CFF, 0x9CFF, 0x9CFF, 0x9CFF, 0x9CFF, 0x9CFF, 0x9CFF, 0x9CFF, 0x9CFF, 0x9CFF, 
    0x9CFF, 0x9CFF, 0x9CFF, 0x9CFF, 0x9CFF, 0x9CFF, 0x9CFF, 0x9CFF, 0x9CFF, 0x9CFF, 0x9CFF, 0x9CFF, 
    0x9CFF, 0x9CFF, 0x9BFF, 0xBBFF, 0xBBF7, 0xBBFF, 0x7CFF, 0x7CFF, 0x9CFF, 0x9CFF, 0x9CFF, 0x9CFF, 
    0x9CFF, 0x9CFF, 0x9CFF, 0x9CFF, 0x9CFF, 0x9CFF, 0x9CFF, 0x9CFF, 0x9CFF, 0x9CFF, 0x9CFF, 0x9CFF, 
    0x9CFF, 0x9CFF, 0x9CFF, 0x9CFF, 0x9CFF, 0x9CFF, 0x9CFF, 0x9CFF, 0x9CFF, 0x9CFF, 0x9CFF, 0x9CFF, 
    0x9CFF, 0x9CFF, 0x9CFF, 0x9CFF, 0x9CFF, 0x9CFF, 0x9CFF, 0x9CFF, 0x9CFF, 0x9CFF, 0x9CFF, 0x9CFF, 
    0x9CFF, 0x9CFF, 0x9CFF, 0x9CFF, 0x9CFF, 0x9CFF, 0x9CFF, 0x9CFF, 0x9CFF, 0x9CFF, 0x9CFF, 0x9CFF, 
    0x9BFF, 0xBCFF, 0x9DFF, 0x7DFF, 0x9CFF, 0xBCFF, 0x9CFF, 0x7DFF, 0x7CFF, 0xBBFF, 0x9CFF, 0x9CFF, 
    0x9CFF, 0x9CFF, 0x9CFF, 0x9CFF, 0x9CFF, 0x9CFF, 0x9CFF, 0x9CFF, 0x9CFF, 0x9CFF, 0x9CFF, 0x9CFF, 
    0x9CFF, 0x9CFF, 0x9CFF, 0x9CFF, 0x9CFF, 0x9CFF, 0x9CFF, 0x9BFF, 0xBDFF, 0x79BE, 0xF474, 0xBDB6, 
    0xFDBE, 0x1DB7, 0xFDBE, 0xFDBE, 0xFDBE, 0xFDBE, 0xFDBE, 0xFDBE, 0xFDBE, 0xFDBE, 0xFDBE, 0xFDBE, 
    0xFDBE, 0xFDBE, 0xFDBE, 0xFDBE, 0xFDBE, 0xFDBE, 0xFDBE, 0xFDBE, 0xFDBE, 0xFDBE, 0xFDBE, 0xFDBE, 
    
    0x9BAE, 0x1DBF, 0xFDBE, 0xFDBE, 0xFDBE, 0xFDBE, 0xFDBE, 0xFDBE, 0xFDBE, 0xFDBE, 0xFDBE, 0xFDBE, 
    0xFDBE, 0xFDBE, 0xFDBE, 0xFDBE, 0xFDBE, 0xFDBE, 0xFDBE, 0xFDBE, 0xFDBE, 0xFDBE, 0xFDBE, 0xFDBE, 
    0x1DBF, 0x9985, 0x578D, 0x9CFF, 0x9CFF, 0x9DFF, 0x9CFF, 0x9CFF, 0x9CFF, 0x9CFF, 0x9CFF, 0x9CFF, 
    0x9CFF, 0x9CFF, 0x9CFF, 0x9CFF, 0x9CFF, 0x9CFF, 0x9CFF, 0x9CFF, 0x9CFF, 0x9CFF, 0x9CFF, 0x9CFF, 
    0x9CFF, 0x9CFF, 0x9BFF, 0x7CFF, 0x9BFF, 0x7CFF, 0x7DFF, 0x7CFF, 0x7CFF, 0x7CFF, 0x9CFF, 0x9DFF, 
    0x9CFF, 0x9CFF, 0x9CFF, 0x9CFF, 0x9CFF, 0x9CFF, 0x9CFF, 0x9CFF, 0x9CFF, 0x9CFF, 0x9CFF, 0x9CFF, 
    0x9CFF, 0x9CFF, 0x9CFF, 0x9CFF, 0x9CFF, 0x9CFF, 0x9CFF, 0x9CFF, 0x9CFF, 0x9CFF, 0x9CFF, 0x9CFF, 
    0x9CFF, 0x9CFF, 0x9CFF, 0x9CFF, 0x9CFF, 0x9CFF, 0x9CFF, 0x9CFF, 0x9CFF, 0x9CFF, 0x9CFF, 0x9CFF, 
    0x9CFF, 0x9CFF, 0x9CFF, 0x9CFF, 0x9CFF, 0x9CFF, 0x9CFF, 0x9CFF, 0x9CFF, 0x9CFF, 0x9CFF, 0x7CFF, 
    0x7CFF, 0x9CFF, 0xBCFF, 0x9BFF, 0x7CFF, 0x7DFF, 0xBCFF, 0xBCFF, 0x9DFF, 0x9CFF, 0x9CFF, 0x9CFF, 
    0x9CFF, 0x9CFF, 0x9CFF, 0x9CFF, 0x9CFF, 0x9CFF, 0x9CFF, 0x9CFF, 0x9CFF, 0x9CFF, 0x9CFF, 0x9CFF, 
    0x9CFF, 0x9CFF, 0x9CFF, 0x9CFF, 0x9CFF, 0x9CFF, 0x9CFF, 0x9CFF, 0x9CFF, 0x9CFF, 0x9CFF, 0x9CFF, 
    0x9CFF, 0x9CFF, 0x9CFF, 0x9CFF, 0x9CFF, 0x9CFF, 0x9CFF, 0x9CFF, 0x9CFF, 0x9CFF, 0x9CFF, 0x9CFF, 
    0x9CFF, 0x9CFF, 0x9CFF, 0x9CFF, 0x9CFF, 0x9CFF, 0x9CFF, 0x9CFF, 0x9CFF, 0x9CFF, 0x7CFF, 0x9CFF, 
    0xBCFF, 0x9CFF, 0x7CFF, 0x7DFF, 0x9DFF, 0xBDF7, 0xBDFF, 0x9CFF, 0xBCFF, 0xBCFF, 0xBCFF, 0xBCFF, 
    0xBCFF, 0xBCFF, 0xBCFF, 0xBCFF, 0xBCFF, 0xBCFF, 0xBCFF, 0xBCFF, 0xBCFF, 0xBCFF, 0xBCFF, 0xBCFF, 
    0xBCFF, 0xBCFF, 0xBCFF, 0xBCFF, 0xBCFF, 0xBCFF, 0xBCFF, 0xBCFF, 0xBCFF, 0xBCFF, 0xBCFF, 0xBCFF, 
    0xBCFF, 0xBCFF, 0xBCFF, 0xBCFF, 0xBCFF, 0xBCFF, 0xBCFF, 0xBCFF, 0xBCFF, 0xBCFF, 0xBCFF, 0xBCFF, 
    0xBCFF, 0xBCFF, 0xBCFF, 0xBCFF, 0xBCFF, 0xBCFF, 0xBCFF, 0xBCFF, 0x9CFF, 0x9DFF, 0x9DFF, 0x9DFF, 
    0xBBFF, 0xDBF7, 0xBBF7, 0x9CFF, 0x9BFF, 0xBAFF, 0x9CFF, 0x9CFF, 0x9CFF, 0x9CFF, 0x9CFF, 0x9CFF, 
    0x9CFF, 0x9CFF, 0x9CFF, 0x9CFF, 0x9CFF, 0x9CFF, 0x9CFF, 0x9CFF, 0x9CFF, 0x9CFF, 0x9CFF, 0x9CFF, 
    0x9CFF, 0x9CFF, 0x9CFF, 0x9BFF, 0xBDFF, 0x79BE, 0xF474, 0xBDB6, 0xFDBE, 0x1DB7, 0xFDBE, 0xFDBE, 
    0xFDBE, 0xFDBE, 0xFDBE, 0xFDBE, 0xFDBE, 0xFDBE, 0xFDBE, 0xFDBE, 0xFDBE, 0xFDBE, 0xFDBE, 0xFDBE, 
    0xFDBE, 0xFDBE, 0xFDBE, 0xFDBE, 0xFDBE, 0xFDBE, 0xFDBE, 0xFDBE, 
    0x9BAE, 0x1DBF, 0xFDBE, 0xFDBE, 
    0xFDBE, 0xFDBE, 0xFDBE, 0xFDBE, 0xFDBE, 0xFDBE, 0xFDBE, 0xFDBE, 0xFDBE, 0xFDBE, 0xFDBE, 0xFDBE, 
    0xFDBE, 0xFDBE, 0xFDBE, 0xFDBE, 0xFDBE, 0xFDBE, 0xFDBE, 0xFDBE, 0x1DBF, 0x9985, 0x578D, 0x9CFF, 
    0x9CFF, 0x9DFF, 0x9CFF, 0x9CFF, 0x9CFF, 0x9CFF, 0x9CFF, 0x9CFF, 0x9CFF, 0x9CFF, 0x9CFF, 0x9CFF, 
    0x9CFF, 0x9CFF, 0x9CFF, 0x9CFF, 0x9CFF, 0x9CFF, 0x9CFF, 0x9CFF, 0x9CFF, 0x9CFF, 0x9BFF, 0x9CFF, 
    0x9BFF, 0x9CFF, 0xBFFF, 0xDEFF, 0xDEFF, 0xBEFF, 0xDDFF, 0xDCFF, 0xDCFF, 0xDCFF, 0xDCFF, 0xDCFF, 
    0xDCFF, 0xDCFF, 0xDCFF, 0xDCFF, 0xDCFF, 0xDCFF, 0xDCFF, 0xDCFF, 0xDCFF, 0xDCFF, 0xDCFF, 0xDCFF, 
    0xDCFF, 0xDCFF, 0xDCFF, 0xDCFF, 0xDCFF, 0xDCFF, 0xDCFF, 0xDCFF, 0xDCFF, 0xDCFF, 0xDCFF, 0xDCFF, 
    0xDCFF, 0xDCFF, 0xDCFF, 0xDCFF, 0xDCFF, 0xDCFF, 0xDCFF, 0xDCFF, 0xDCFF, 0xDCFF, 0xDCFF, 0xDCFF, 
    0xDCFF, 0xDCFF, 0xDCFF, 0xDCFF, 0xDCFF, 0xDCFF, 0xBCFF, 0xDEFF, 0xDFFF, 0xFEFF, 0xBCFF, 0x9BFF, 
    0x7CFF, 0x9DFF, 0xBCFF, 0xBCFF, 0x9DFF, 0x9CFF, 0x9CFF, 0x9CFF, 0x9CFF, 0x9CFF, 0x9CFF, 0x9CFF, 
    0x9CFF, 0x9CFF, 0x9CFF, 0x9CFF, 0x9CFF, 0x9CFF, 0x9CFF, 0x9CFF, 0x9CFF, 0x9CFF, 0x9CFF, 0x9CFF, 
    0x9CFF, 0x9CFF, 0x9CFF, 0x9CFF, 0x9CFF, 0x9CFF, 0x9CFF, 0x9CFF, 0x9CFF, 0x9CFF, 0x9CFF, 0x9CFF, 
    0x9CFF, 0x9CFF, 0x9CFF, 0x9CFF, 0x9CFF, 0x9CFF, 0x9CFF, 0x9CFF, 0x9CFF, 0x9CFF, 0x9CFF, 0x9CFF, 
    0x9CFF, 0x9CFF, 0x9CFF, 0x9CFF, 0x9CFF, 0x9CFF, 0x7EFF, 0x9DFF, 0x9CFF, 0x9CFF, 0x7CFF, 0x7CFF, 
    0x9CFF, 0x9CFF, 0x9BFF, 0x9BFF, 0x7CFF, 0x7CFF, 0x7CFF, 0x7CFF, 0x7CFF, 0x7CFF, 0x7CFF, 0x7CFF, 
    0x7CFF, 0x7CFF, 0x7CFF, 0x7CFF, 0x7CFF, 0x7CFF, 0x7CFF, 0x7CFF, 0x7CFF, 0x7CFF, 0x7CFF, 0x7CFF, 
    0x7CFF, 0x7CFF, 0x7CFF, 0x7CFF, 0x7CFF, 0x7CFF, 0x7CFF, 0x7CFF, 0x7CFF, 0x7CFF, 0x7CFF, 0x7CFF, 
    0x7CFF, 0x7CFF, 0x7CFF, 0x7CFF, 0x7CFF, 0x7CFF, 0x7CFF, 0x7CFF, 0x7CFF, 0x7CFF, 0x7CFF, 0x7CFF, 
    0x7CFF, 0x7CFF, 0x7CFF, 0x9CFF, 0x5BFF, 0x5CFF, 0x7CFF, 0x7CFF, 0x9BFF, 0xBBFF, 0xBCFF, 0x9DFF, 
    0x7DFF, 0x9CFF, 0x9CFF, 0x9CFF, 0x9CFF, 0x9CFF, 0x9CFF, 0x9CFF, 0x9CFF, 0x9CFF, 0x9CFF, 0x9CFF, 
    0x9CFF, 0x9CFF, 0x9CFF, 0x9CFF, 0x9CFF, 0x9CFF, 0x9CFF, 0x9CFF, 0x9CFF, 0x9CFF, 0x9CFF, 0x9BFF, 
    0xBDFF, 0x79BE, 0xF474, 0xBDB6, 0xFDBE, 0x1DB7, 0xFDBE, 0xFDBE, 0xFDBE, 0xFDBE, 0xFDBE, 0xFDBE, 
    0xFDBE, 0xFDBE, 0xFDBE, 0xFDBE, 0xFDBE, 0xFDBE, 0xFDBE, 0xFDBE, 0xFDBE, 0xFDBE, 0xFDBE, 0xFDBE, 
    0xFDBE, 0xFDBE, 0xFDBE, 0xFDBE, 
    0x9BAE, 0x1DBF, 0xFDBE, 0xFDBE, 0xFDBE, 0xFDBE, 0xFDBE, 0xFDBE, 
    0xFDBE, 0xFDBE, 0xFDBE, 0xFDBE, 0xFDBE, 0xFDBE, 0xFDBE, 0xFDBE, 0xFDBE, 0xFDBE, 0xFDBE, 0xFDBE, 
    0xFDBE, 0xFDBE, 0xFDBE, 0xFDBE, 0x1DBF, 0x9985, 0x578D, 0x9CFF, 0x9CFF, 0x9DFF, 0x9CFF, 0x9CFF, 
    0x9CFF, 0x9CFF, 0x9CFF, 0x9CFF, 0x9CFF, 0x9CFF, 0x9CFF, 0x9CFF, 0x9CFF, 0x9CFF, 0x9CFF, 0x9CFF, 
    0x9CFF, 0x9CFF, 0x9CFF, 0x9CFF, 0x9CFF, 0xBCFF, 0xBCFF, 0xBCFF, 0xBCFF, 0x3BE7, 0x5AB6, 0x59B6, 
    0x5AB6, 0x5AB6, 0x59B6, 0x59BE, 0x59B6, 0x59B6, 0x59B6, 0x59B6, 0x59B6, 0x59B6, 0x59B6, 0x59B6, 
    0x59B6, 0x59B6, 0x59B6, 0x59B6, 0x59B6, 0x59B6, 0x59B6, 0x59B6, 0x59B6, 0x59B6, 0x59B6, 0x59B6, 
    0x59B6, 0x59B6, 0x59B6, 0x59B6, 0x59B6, 0x59B6, 0x59B6, 0x59B6, 0x59B6, 0x59B6, 0x59B6, 0x59B6, 
    0x59B6, 0x59B6, 0x59B6, 0x59B6, 0x59B6, 0x59B6, 0x59B6, 0x59B6, 0x59B6, 0x59B6, 0x59B6, 0x59B6, 
    0x59B6, 0x59B6, 0x59BE, 0x5AB6, 0x7AB6, 0x39B6, 0x3BE7, 0x9CFF, 0x7CFF, 0x9DFF, 0x9CFF, 0xBCFF, 
    0x9DFF, 0x9CFF, 0x9CFF, 0x9CFF, 0x9CFF, 0x9CFF, 0x9CFF, 0x9CFF, 0x9CFF, 0x9CFF, 0x9CFF, 0x9CFF, 
    0x9CFF, 0x9CFF, 0x9CFF, 0x9CFF, 0x9CFF, 0x9CFF, 0x9CFF, 0x9CFF, 0x9CFF, 0x9CFF, 0x9CFF, 0x9CFF, 
    0x9CFF, 0x9CFF, 0x9CFF, 0x9CFF, 0x9CFF, 0x9CFF, 0x9CFF, 0x9CFF, 0x9CFF, 0x9CFF, 0x9CFF, 0x9CFF, 
    0x9CFF, 0x9CFF, 0x9CFF, 0x9CFF, 0x9CFF, 0x9CFF, 0x9CFF, 0x9CFF, 0x9CFF, 0x9CFF, 0x9CFF, 0x9CFF, 
    0x9CFF, 0x9CFF, 0x9CFF, 0xBCFF, 0xBBFF, 0x9BFF, 0x7BFF, 0x9CFF, 0xBDFF, 0xBCFF, 0x9CFF, 0x9CFF, 
    0xBDFF, 0xBDFF, 0xBDFF, 0xBDFF, 0xBDFF, 0xBDFF, 0xBDFF, 0xBDFF, 0xBDFF, 0xBDFF, 0xBDFF, 0xBDFF, 
    0xBDFF, 0xBDFF, 0xBDFF, 0xBDFF, 0xBDFF, 0xBDFF, 0xBDFF, 0xBDFF, 0xBDFF, 0xBDFF, 0xBDFF, 0xBDFF, 
    0xBDFF, 0xBDFF, 0xBDFF, 0xBDFF, 0xBDFF, 0xBDFF, 0xBDFF, 0xBDFF, 0xBDFF, 0xBDFF, 0xBDFF, 0xBDFF, 
    0xBDFF, 0xBDFF, 0xBDFF, 0xBDFF, 0xBDFF, 0xBDFF, 0xBDFF, 0xBDFF, 0xBDFF, 0xBDFF, 0xBDFF, 0xBDFF, 
    0x9DFF, 0xBEFF, 0xDEFF, 0x9DFF, 0x7BFF, 0x9BFF, 0x9CFF, 0x9DFF, 0x7DFF, 0x9DFF, 0x9CFF, 0x9CFF, 
    0x9CFF, 0x9CFF, 0x9CFF, 0x9CFF, 0x9CFF, 0x9CFF, 0x9CFF, 0x9CFF, 0x9CFF, 0x9CFF, 0x9CFF, 0x9CFF, 
    0x9CFF, 0x9CFF, 0x9CFF, 0x9CFF, 0x9CFF, 0x9CFF, 0x9CFF, 0x9BFF, 0xBDFF, 0x79BE, 0xF474, 0xBDB6, 
    0xFDBE, 0x1DB7, 0xFDBE, 0xFDBE, 0xFDBE, 0xFDBE, 0xFDBE, 0xFDBE, 0xFDBE, 0xFDBE, 0xFDBE, 0xFDBE, 
    0xFDBE, 0xFDBE, 0xFDBE, 0xFDBE, 0xFDBE, 0xFDBE, 0xFDBE, 0xFDBE, 0xFDBE, 0xFDBE, 0xFDBE, 0xFDBE, 
    
    0x9BAE, 0x1DBF, 0xFDBE, 0xFDBE, 0xFDBE, 0xFDBE, 0xFDBE, 0xFDBE, 0xFDBE, 0xFDBE, 0xFDBE, 0xFDBE, 
    0xFDBE, 0xFDBE, 0xFDBE, 0xFDBE, 0xFDBE, 0xFDBE, 0xFDBE, 0xFDBE, 0xFDBE, 0xFDBE, 0xFDBE, 0xFDBE, 
    0x1DBF, 0x9985, 0x578D, 0x9CFF, 0x9CFF, 0x9DFF, 0x9CFF, 0x9CFF, 0x9CFF, 0x9CFF, 0x9CFF, 0x9CFF, 
    0x9CFF, 0x9CFF, 0x9CFF, 0x9CFF, 0x9CFF, 0x9CFF, 0x9CFF, 0x9CFF, 0x9CFF, 0x9CFF, 0x9CFF, 0x9CFF, 
    0x9CFF, 0x9CFF, 0x9CFF, 0x9CF7, 0xDCFF, 0x99C6, 0x0F2B, 0xED2A, 0xEE22, 0x0E1B, 0xEF22, 0xF01A, 
    0xF01A, 0xF01A, 0xF01A, 0xF01A, 0xF01A, 0xF01A, 0xF01A, 0xF01A, 0xF01A, 0xF01A, 0xF01A, 0xF01A, 
    0xF01A, 0xF01A, 0xF01A, 0xF01A, 0xF01A, 0xF01A, 0xF01A, 0xF01A, 0xF01A, 0xF01A, 0xF01A, 0xF01A, 
    0xF01A, 0xF01A, 0xF01A, 0xF01A, 0xF01A, 0xF01A, 0xF01A, 0xF01A, 0xF01A, 0xF01A, 0xF01A, 0xF01A, 
    0xF01A, 0xF01A, 0xF01A, 0xF01A, 0xF01A, 0xF01A, 0xF01A, 0xF01A, 0xF01A, 0xF01A, 0xF01A, 0xEE22, 
    0xEE2A, 0xCD2A, 0x9ACE, 0xBEFF, 0x5DFF, 0x9DFF, 0x9CFF, 0x9BFF, 0x9CFF, 0x9CFF, 0x9CFF, 0x9CFF, 
    0x9CFF, 0x9CFF, 0x9CFF, 0x9CFF, 0x9CFF, 0x9CFF, 0x9CFF, 0x9CFF, 0x9CFF, 0x9CFF, 0x9CFF, 0x9CFF, 
    0x9CFF, 0x9CFF, 0x9CFF, 0x9CFF, 0x9CFF, 0x9CFF, 0x9CFF, 0x9CFF, 0x9CFF, 0x9CFF, 0x9CFF, 0x9CFF, 
    0x9CFF, 0x9CFF, 0x9CFF, 0x9CFF, 0x9CFF, 0x9CFF, 0x9CFF, 0x9CFF, 0x9CFF, 0x9CFF, 0x9CFF, 0x9CFF, 
    0x9CFF, 0x9CFF, 0x9CFF, 0x9CFF, 0x9CFF, 0x9CFF, 0x9CFF, 0x9CFF, 0x9CFF, 0x9CFF, 0x7CFF, 0x9CFF, 
    0x9CFF, 0x9DFF, 0x7EF7, 0x3695, 0xD56C, 0x166D, 0xD66C, 0xD574, 0xD574, 0xD574, 0xD574, 0xD574, 
    0xD574, 0xD574, 0xD574, 0xD574, 0xD574, 0xD574, 0xD574, 0xD574, 0xD574, 0xD574, 0xD574, 0xD574, 
    0xD574, 0xD574, 0xD574, 0xD574, 0xD574, 0xD574, 0xD574, 0xD574, 0xD574, 0xD574, 0xD574, 0xD574, 
    0xD574, 0xD574, 0xD574, 0xD574, 0xD574, 0xD574, 0xD574, 0xD574, 0xD574, 0xD574, 0xD574, 0xD574, 
    0xD574, 0xD574, 0xD574, 0xD574, 0xD574, 0xD574, 0xD574, 0xD574, 0xD574, 0xF574, 0x936C, 0x7AC6, 
    0xBDFF, 0x9BFF, 0x9CFF, 0x9CFF, 0x9CFF, 0x9BFF, 0x9CFF, 0x9CFF, 0x9CFF, 0x9CFF, 0x9CFF, 0x9CFF, 
    0x9CFF, 0x9CFF, 0x9CFF, 0x9CFF, 0x9CFF, 0x9CFF, 0x9CFF, 0x9CFF, 0x9CFF, 0x9CFF, 0x9CFF, 0x9CFF, 
    0x9CFF, 0x9CFF, 0x9CFF, 0x9BFF, 0xBDFF, 0x79C6, 0xD474, 0xBDB6, 0xFDBE, 0x1DB7, 0xFDBE, 0xFDBE, 
    0xFDBE, 0xFDBE, 0xFDBE, 0xFDBE, 0xFDBE, 0xFDBE, 0xFDBE, 0xFDBE, 0xFDBE, 0xFDBE, 0xFDBE, 0xFDBE, 
    0xFDBE, 0xFDBE, 0xFDBE, 0xFDBE, 0xFDBE, 0xFDBE, 0xFDBE, 0xFDBE, 
    0x9BAE, 0x1DBF, 0xFDBE, 0xFDBE, 
    0xFDBE, 0xFDBE, 0xFDBE, 0xFDBE, 0xFDBE, 0xFDBE, 0xFDBE, 0xFDBE, 0xFDBE, 0xFDBE, 0xFDBE, 0xFDBE, 
    0xFDBE, 0xFDBE, 0xFDBE, 0xFDBE, 0xFDBE, 0xFDBE, 0xFDBE, 0xFDBE, 0x1DBF, 0x9985, 0x578D, 0x9CFF, 
    0x9CFF, 0x9DFF, 0x9CFF, 0x9CFF, 0x9CFF, 0x9CFF, 0x9CFF, 0x9CFF, 0x9CFF, 0x9CFF, 0x9CFF, 0x9CFF, 
    0x9CFF, 0x9CFF, 0x9CFF, 0x9CFF, 0x9CFF, 0x9CFF, 0x9CFF, 0x9CFF, 0x9CFF, 0x7CFF, 0x7CFF, 0x9DFF, 
    0xBCFF, 0xBBC6, 0x101B, 0xCF12, 0xEF12, 0x100B, 0xF012, 0x1013, 0x1013, 0x1013, 0x1013, 0x1013, 
    0x1013, 0x1013, 0x1013, 0x1013, 0x1013, 0x1013, 0x1013, 0x1013, 0x1013, 0x1013, 0x1013, 0x1013, 
    0x1013, 0x1013, 0x1013, 0x1013, 0x1013, 0x1013, 0x1013, 0x1013, 0x1013, 0x1013, 0x1013, 0x1013, 
    0x1013, 0x1013, 0x1013, 0x1013, 0x1013, 0x1013, 0x1013, 0x1013, 0x1013, 0x1013, 0x1013, 0x1013, 
    0x1013, 0x1013, 0x1013, 0x1013, 0x1013, 0x1013, 0x1013, 0xF012, 0xF012, 0xEE1A, 0xBBC6, 0xBEFF, 
    0x7DFF, 0xBDFF, 0x9BFF, 0x9BFF, 0x9CFF, 0x9CFF, 0x9CFF, 0x9CFF, 0x9CFF, 0x9CFF, 0x9CFF, 0x9CFF, 
    0x9CFF, 0x9CFF, 0x9CFF, 0x9CFF, 0x9CFF, 0x9CFF, 0x9CFF, 0x9CFF, 0x9CFF, 0x9CFF, 0x9CFF, 0x9CFF, 
    0x9CFF, 0x9CFF, 0x9CFF, 0x9CFF, 0x9CFF, 0x9CFF, 0x9CFF, 0x9CFF, 0x9CFF, 0x9CFF, 0x9CFF, 0x9CFF, 
    0x9CFF, 0x9CFF, 0x9CFF, 0x9CFF, 0x9CFF, 0x9CFF, 0x9CFF, 0x9CFF, 0x9CFF, 0x9CFF, 0x9CFF, 0x9CFF, 
    0x9CFF, 0x9CFF, 0x9CFF, 0x9CFF, 0x9CFF, 0x9CFF, 0x7CFF, 0x9BFF, 0x9BFF, 0xBDFF, 0x9FE7, 0xF24B, 
    0xAE02, 0xF002, 0xD102, 0xD00A, 0xCF0A, 0xCF0A, 0xCF0A, 0xCF0A, 0xCF0A, 0xCF0A, 0xCF0A, 0xCF0A, 
    0xCF0A, 0xCF0A, 0xCF0A, 0xCF0A, 0xCF0A, 0xCF0A, 0xCF0A, 0xCF0A, 0xCF0A, 0xCF0A, 0xCF0A, 0xCF0A, 
    0xCF0A, 0xCF0A, 0xCF0A, 0xCF0A, 0xCF0A, 0xCF0A, 0xCF0A, 0xCF0A, 0xCF0A, 0xCF0A, 0xCF0A, 0xCF0A, 
    0xCF0A, 0xCF0A, 0xCF0A, 0xCF0A, 0xCF0A, 0xCF0A, 0xCF0A, 0xCF0A, 0xCF0A, 0xCF0A, 0xCF0A, 0xCF0A, 
    0xCF0A, 0xCF0A, 0xCF0A, 0xCF0A, 0xCF0A, 0x0F03, 0xAD02, 0xF99D, 0xDFFF, 0x7CFF, 0x9CFF, 0x9CFF, 
    0x9BFF, 0xBBFF, 0x9CFF, 0x9CFF, 0x9CFF, 0x9CFF, 0x9CFF, 0x9CFF, 0x9CFF, 0x9CFF, 0x9CFF, 0x9CFF, 
    0x9CFF, 0x9CFF, 0x9CFF, 0x9CFF, 0x9CFF, 0x9CFF, 0x9CFF, 0x9CFF, 0x9CFF, 0x9CFF, 0x9CFF, 0x9BFF, 
    0xBDFF, 0x79C6, 0xD474, 0xBDB6, 0xFDBE, 0x1DB7, 0xFDBE, 0xFDBE, 0xFDBE, 0xFDBE, 0xFDBE, 0xFDBE, 
    0xFDBE, 0xFDBE, 0xFDBE, 0xFDBE, 0xFDBE, 0xFDBE, 0xFDBE, 0xFDBE, 0xFDBE, 0xFDBE, 0xFDBE, 0xFDBE, 
    0xFDBE, 0xFDBE, 0xFDBE, 0xFDBE, 
    0x9BAE, 0x1DBF, 0xFDBE, 0xFDBE, 0xFDBE, 0xFDBE, 0xFDBE, 0xFDBE, 
    0xFDBE, 0xFDBE, 0xFDBE, 0xFDBE, 0xFDBE, 0xFDBE, 0xFDBE, 0xFDBE, 0xFDBE, 0xFDBE, 0xFDBE, 0xFDBE, 
    0xFDBE, 0xFDBE, 0xFDBE, 0xFDBE, 0x1DBF, 0x9985, 0x578D, 0x9CFF, 0x9CFF, 0x9DFF, 0x9CFF, 0x9CFF, 
    0x9CFF, 0x9CFF, 0x9CFF, 0x9CFF, 0x9CFF, 0x9CFF, 0x9CFF, 0x9CFF, 0x9CFF, 0x9CFF, 0x9CFF, 0x9CFF, 
    0x9CFF, 0x9CFF, 0x9CFF, 0x9CFF, 0x9CFF, 0x7CFF, 0x7DFF, 0x7CFF, 0x9CFF, 0x9BC6, 0x311B, 0xF01A, 
    0x1013, 0x120B, 0x1113, 0x0F13, 0x1013, 0x1013, 0x1013, 0x1013, 0x1013, 0x1013, 0x1013, 0x1013, 
    0x1013, 0x1013, 0x1013, 0x1013, 0x1013, 0x1013, 0x1013, 0x1013, 0x1013, 0x1013, 0x1013, 0x1013, 
    0x1013, 0x1013, 0x1013, 0x1013, 0x1013, 0x1013, 0x1013, 0x1013, 0x1013, 0x1013, 0x1013, 0x1013, 
    0x1013, 0x1013, 0x1013, 0x1013, 0x1013, 0x1013, 0x1013, 0x1013, 0x1013, 0x1013, 0x1013, 0x1013, 
    0x1013, 0x1013, 0x0F13, 0x1113, 0x110B, 0xEF1A, 0xBBC6, 0xBEFF, 0x7CFF, 0xBCFF, 0x9BFF, 0x9BFF, 
    0x9CFF, 0x9CFF, 0x9CFF, 0x9CFF, 0x9CFF, 0x9CFF, 0x9CFF, 0x9CFF, 0x9CFF, 0x9CFF, 0x9CFF, 0x9CFF, 
    0x9CFF, 0x9CFF, 0x9CFF, 0x9CFF, 0x9CFF, 0x9CFF, 0x9CFF, 0x9CFF, 0x9CFF, 0x9CFF, 0x9CFF, 0x9CFF, 
    0x9CFF, 0x9CFF, 0x9CFF, 0x9CFF, 0x9CFF, 0x9CFF, 0x9CFF, 0x9CFF, 0x9CFF, 0x9CFF, 0x9CFF, 0x9CFF, 
    0x9CFF, 0x9CFF, 0x9CFF, 0x9CFF, 0x9CFF, 0x9CFF, 0x9CFF, 0x9CFF, 0x9CFF, 0x9CFF, 0x9CFF, 0x9CFF, 
    0x9CFF, 0x9CFF, 0xBBFF, 0x9BFF, 0x9AFF, 0x9CFF, 0x9EEF, 0x115C, 0xAE1A, 0x101B, 0xF022, 0xF022, 
    0xF01A, 0xF01A, 0xF01A, 0xF01A, 0xF01A, 0xF01A, 0xF01A, 0xF01A, 0xF01A, 0xF01A, 0xF01A, 0xF01A, 
    0xF01A, 0xF01A, 0xF01A, 0xF01A, 0xF01A, 0xF01A, 0xF01A, 0xF01A, 0xF01A, 0xF01A, 0xF01A, 0xF01A, 
    0xF01A, 0xF01A, 0xF01A, 0xF01A, 0xF01A, 0xF01A, 0xF01A, 0xF01A, 0xF01A, 0xF01A, 0xF01A, 0xF01A, 
    0xF01A, 0xF01A, 0xF01A, 0xF01A, 0xF01A, 0xF01A, 0xF01A, 0xF01A, 0xF01A, 0xF01A, 0xF01A, 0xF01A, 
    0x101B, 0x3013, 0xEE12, 0x1AAE, 0xBFFF, 0x5CFF, 0x7CFF, 0x9DFF, 0x9DFF, 0x9CFF, 0x9CFF, 0x9CFF, 
    0x9CFF, 0x9CFF, 0x9CFF, 0x9CFF, 0x9CFF, 0x9CFF, 0x9CFF, 0x9CFF, 0x9CFF, 0x9CFF, 0x9CFF, 0x9CFF, 
    0x9CFF, 0x9CFF, 0x9CFF, 0x9CFF, 0x9CFF, 0x9CFF, 0x9CFF, 0x9BFF, 0xBDFF, 0x79C6, 0xD474, 0xBDB6, 
    0xFDBE, 0x1DB7, 0xFDBE, 0xFDBE, 0xFDBE, 0xFDBE, 0xFDBE, 0xFDBE, 0xFDBE, 0xFDBE, 0xFDBE, 0xFDBE, 
    0xFDBE, 0xFDBE, 0xFDBE, 0xFDBE, 0xFDBE, 0xFDBE, 0xFDBE, 0xFDBE, 0xFDBE, 0xFDBE, 0xFDBE, 0xFDBE, 
    
    0x9BAE, 0x1DBF, 0xFDBE, 0xFDBE, 0xFDBE, 0xFDBE, 0xFDBE, 0xFDBE, 0xFDBE, 0xFDBE, 0xFDBE, 0xFDBE, 
    0xFDBE, 0xFDBE, 0xFDBE, 0xFDBE, 0xFDBE, 0xFDBE, 0xFDBE, 0xFDBE, 0xFDBE, 0xFDBE, 0xFDBE, 0xFDBE, 
    0x1DBF, 0x9985, 0x578D, 0x9CFF, 0x9CFF, 0x9DFF, 0x9CFF, 0x9CFF, 0x9CFF, 0x9CFF, 0x9CFF, 0x9CFF, 
    0x9CFF, 0x9CFF, 0x9CFF, 0x9CFF, 0x9CFF, 0x9CFF, 0x9CFF, 0x9CFF, 0x9CFF, 0x9CFF, 0x9CFF, 0x9CFF, 
    0x9CFF, 0x7CFF, 0x7DFF, 0x9CFF, 0x9BFF, 0x9AC6, 0x3113, 0xD01A, 0xEF1A, 0x110B, 0xF012, 0x1013, 
    0x1013, 0x1013, 0x1013, 0x1013, 0x1013, 0x1013, 0x1013, 0x1013, 0x1013, 0x1013, 0x1013, 0x1013, 
    0x1013, 0x1013, 0x1013, 0x1013, 0x1013, 0x1013, 0x1013, 0x1013, 0x1013, 0x1013, 0x1013, 0x1013, 
    0x1013, 0x1013, 0x1013, 0x1013, 0x1013, 0x1013, 0x1013, 0x1013, 0x1013, 0x1013, 0x1013, 0x1013, 
    0x1013, 0x1013, 0x1013, 0x1013, 0x1013, 0x1013, 0x1013, 0x1013, 0x1013, 0x1013, 0x1013, 0xF012, 
    0x100B, 0xEE1A, 0x9BCE, 0xBDFF, 0x7CFF, 0xBCF7, 0x9BFF, 0x7CFF, 0x9DFF, 0x9CFF, 0x9CFF, 0x9CFF, 
    0x9CFF, 0x9CFF, 0x9CFF, 0x9CFF, 0x9CFF, 0x9CFF, 0x9CFF, 0x9CFF, 0x9CFF, 0x9CFF, 0x9CFF, 0x9CFF, 
    0x9CFF, 0x9CFF, 0x9CFF, 0x9CFF, 0x9CFF, 0x9CFF, 0x9CFF, 0x9CFF, 0x9CFF, 0x9CFF, 0x9CFF, 0x9CFF, 
    0x9CFF, 0x9CFF, 0x9CFF, 0x9CFF, 0x9CFF, 0x9CFF, 0x9CFF, 0x9CFF, 0x9CFF, 0x9CFF, 0x9CFF, 0x9CFF, 
    0x9CFF, 0x9CFF, 0x9CFF, 0x9CFF, 0x9CFF, 0x9CFF, 0x9CFF, 0x9CFF, 0x9CFF, 0x9CFF, 0x9DFF, 0x9CFF, 
    0x7CFF, 0x9DFF, 0x9EEF, 0x1254, 0xEE0A, 0x300B, 0x0F13, 0x101B, 0xF01A, 0xF01A, 0xF01A, 0xF01A, 
    0xF01A, 0xF01A, 0xF01A, 0xF01A, 0xF01A, 0xF01A, 0xF01A, 0xF01A, 0xF01A, 0xF01A, 0xF01A, 0xF01A, 
    0xF01A, 0xF01A, 0xF01A, 0xF01A, 0xF01A, 0xF01A, 0xF01A, 0xF01A, 0xF01A, 0xF01A, 0xF01A, 0xF01A, 
    0xF01A, 0xF01A, 0xF01A, 0xF01A, 0xF01A, 0xF01A, 0xF01A, 0xF01A, 0xF01A, 0xF01A, 0xF01A, 0xF01A, 
    0xF01A, 0xF01A, 0xF01A, 0xF01A, 0xF01A, 0xF01A, 0xF01A, 0xF012, 0xD022, 0xEF1A, 0xCE1A, 0xF9AD, 
    0xBEFF, 0x5BFF, 0x9CFF, 0x9DFF, 0x9DFF, 0x9DFF, 0x9CFF, 0x9CFF, 0x9CFF, 0x9CFF, 0x9CFF, 0x9CFF, 
    0x9CFF, 0x9CFF, 0x9CFF, 0x9CFF, 0x9CFF, 0x9CFF, 0x9CFF, 0x9CFF, 0x9CFF, 0x9CFF, 0x9CFF, 0x9CFF, 
    0x9CFF, 0x9CFF, 0x9CFF, 0x9BFF, 0xBDFF, 0x79C6, 0xD474, 0xBDB6, 0xFDBE, 0x1DB7, 0xFDBE, 0xFDBE, 
    0xFDBE, 0xFDBE, 0xFDBE, 0xFDBE, 0xFDBE, 0xFDBE, 0xFDBE, 0xFDBE, 0xFDBE, 0xFDBE, 0xFDBE, 0xFDBE, 
    0xFDBE, 0xFDBE, 0xFDBE, 0xFDBE, 0xFDBE, 0xFDBE, 0xFDBE, 0xFDBE, 
    0x9BAE, 0x1DBF, 0xFDBE, 0xFDBE, 
    0xFDBE, 0xFDBE, 0xFDBE, 0xFDBE, 0xFDBE, 0xFDBE, 0xFDBE, 0xFDBE, 0xFDBE, 0xFDBE, 0xFDBE, 0xFDBE, 
    0xFDBE, 0xFDBE, 0xFDBE, 0xFDBE, 0xFDBE, 0xFDBE, 0xFDBE, 0xFDBE, 0x1DBF, 0x9985, 0x578D, 0x9CFF, 
    0x9CFF, 0x9DFF, 0x9CFF, 0x9CFF, 0x9CFF, 0x9CFF, 0x9CFF, 0x9CFF, 0x9CFF, 0x9CFF, 0x9CFF, 0x9CFF, 
    0x9CFF, 0x9CFF, 0x9CFF, 0x9CFF, 0x9CFF, 0x9CFF, 0x9CFF, 0x9CFF, 0x9CFF, 0xBCFF, 0x9DFF, 0xBCF7, 
    0xBBFF, 0xBAC6, 0x5013, 0xEF1A, 0xEE1A, 0x1013, 0xF01A, 0xF012, 0xF012, 0xF012, 0xF012, 0xF012, 
    0xF012, 0xF012, 0xF012, 0xF012, 0xF012, 0xF012, 0xF012, 0xF012, 0xF012, 0xF012, 0xF012, 0xF012, 
    0xF012, 0xF012, 0xF012, 0xF012, 0xF012, 0xF012, 0xF012, 0xF012, 0xF012, 0xF012, 0xF012, 0xF012, 
    0xF012, 0xF012, 0xF012, 0xF012, 0xF012, 0xF012, 0xF012, 0xF012, 0xF012, 0xF012, 0xF012, 0xF012, 
    0xF012, 0xF012, 0xF012, 0xF012, 0xF012, 0xF012, 0xF012, 0xF01A, 0x1013, 0xED1A, 0x9ACE, 0xBDFF, 
    0x9CFF, 0xBCF7, 0x9BFF, 0x7CFF, 0x9DFF, 0x9CFF, 0x9CFF, 0x9CFF, 0x9CFF, 0x9CFF, 0x9CFF, 0x9CFF, 
    0x9CFF, 0x9CFF, 0x9CFF, 0x9CFF, 0x9CFF, 0x9CFF, 0x9CFF, 0x9CFF, 0x9CFF, 0x9CFF, 0x9CFF, 0x9CFF, 
    0x9CFF, 0x9CFF, 0x9CFF, 0x9CFF, 0x9CFF, 0x9CFF, 0x9CFF, 0x9CFF, 0x9CFF, 0x9CFF, 0x9CFF, 0x9CFF, 
    0x9CFF, 0x9CFF, 0x9CFF, 0x9CFF, 0x9CFF, 0x9CFF, 0x9CFF, 0x9CFF, 0x9CFF, 0x9CFF, 0x9CFF, 0x9CFF, 
    0x9CFF, 0x9CFF, 0x9CFF, 0x9CFF, 0x9CFF, 0x9CFF, 0x9DFF, 0x9CFF, 0x7BFF, 0x9CFF, 0x9EEF, 0x1254, 
    0xEF0A, 0x310B, 0xF012, 0xF012, 0x1013, 0x1013, 0x1013, 0x1013, 0x1013, 0x1013, 0x1013, 0x1013, 
    0x1013, 0x1013, 0x1013, 0x1013, 0x1013, 0x1013, 0x1013, 0x1013, 0x1013, 0x1013, 0x1013, 0x1013, 
    0x1013, 0x1013, 0x1013, 0x1013, 0x1013, 0x1013, 0x1013, 0x1013, 0x1013, 0x1013, 0x1013, 0x1013, 
    0x1013, 0x1013, 0x1013, 0x1013, 0x1013, 0x1013, 0x1013, 0x1013, 0x1013, 0x1013, 0x1013, 0x1013, 
    0x1013, 0x1013, 0x1013, 0x1013, 0xD01A, 0x1013, 0xCE0A, 0x39A6, 0xDEFF, 0x7AFF, 0xBBFF, 0xBCFF, 
    0x9CFF, 0x9BFF, 0x9CFF, 0x9CFF, 0x9CFF, 0x9CFF, 0x9CFF, 0x9CFF, 0x9CFF, 0x9CFF, 0x9CFF, 0x9CFF, 
    0x9CFF, 0x9CFF, 0x9CFF, 0x9CFF, 0x9CFF, 0x9CFF, 0x9CFF, 0x9CFF, 0x9CFF, 0x9CFF, 0x9CFF, 0x9BFF, 
    0xBDFF, 0x79C6, 0xD474, 0xBDB6, 0xFDBE, 0x1DB7, 0xFDBE, 0xFDBE, 0xFDBE, 0xFDBE, 0xFDBE, 0xFDBE, 
    0xFDBE, 0xFDBE, 0xFDBE, 0xFDBE, 0xFDBE, 0xFDBE, 0xFDBE, 0xFDBE, 0xFDBE, 0xFDBE, 0xFDBE, 0xFDBE, 
    0xFDBE, 0xFDBE, 0xFDBE, 0xFDBE, 
    0x9BAE, 0x1DBF, 0xFDBE, 0xFDBE, 0xFDBE, 0xFDBE, 0xFDBE, 0xFDBE, 
    0xFDBE, 0xFDBE, 0xFDBE, 0xFDBE, 0xFDBE, 0xFDBE, 0xFDBE, 0xFDBE, 0xFDBE, 0xFDBE, 0xFDBE, 0xFDBE, 
    0xFDBE, 0xFDBE, 0xFDBE, 0xFDB6, 0x1DBF, 0xB985, 0x578D, 0x9CFF, 0x9CFF, 0x9DFF, 0x9CFF, 0x9CFF, 
    0x9CFF, 0x9CFF, 0x9CFF, 0x9CFF, 0x9CFF, 0x9CFF, 0x9CFF, 0x9CFF, 0x9CFF, 0x9CFF, 0x9CFF, 0x9CFF, 
    0x9CFF, 0x9CFF, 0x9CFF, 0x9CFF, 0x9CFF, 0x9DFF, 0x9CFF, 0x9CFF, 0xDCFF, 0x9AC6, 0x1023, 0xCF1A, 
    0xEF1A, 0x0F13, 0x0F13, 0x1013, 0x1013, 0x1013, 0x1013, 0x1013, 0x1013, 0x1013, 0x1013, 0x1013, 
    0x1013, 0x1013, 0x1013, 0x1013, 0x1013, 0x1013, 0x1013, 0x1013, 0x1013, 0x1013, 0x1013, 0x1013, 
    0x1013, 0x1013, 0x1013, 0x1013, 0x1013, 0x1013, 0x1013, 0x1013, 0x1013, 0x1013, 0x1013, 0x1013, 
    0x1013, 0x1013, 0x1013, 0x1013, 0x1013, 0x1013, 0x1013, 0x1013, 0x1013, 0x1013, 0x1013, 0x1013, 
    0x1013, 0x1013, 0x1013, 0xEF12, 0x1013, 0xCE22, 0x9BCE, 0xBDFF, 0x5CFF, 0x9DFF, 0x9DFF, 0x9CFF, 
    0xBDF7, 0x9CFF, 0x9CFF, 0x9CFF, 0x9CFF, 0x9CFF, 0x9CFF, 0x9CFF, 0x9CFF, 0x9CFF, 0x9CFF, 0x9CFF, 
    0x9CFF, 0x9CFF, 0x9CFF, 0x9CFF, 0x9CFF, 0x9CFF, 0x9CFF, 0x9CFF, 0x9CFF, 0x9CFF, 0x9CFF, 0x9CFF, 
    0x9CFF, 0x9CFF, 0x9CFF, 0x9CFF, 0x9CFF, 0x9CFF, 0x9CFF, 0x9CFF, 0x9CFF, 0x9CFF, 0x9CFF, 0x9CFF, 
    0x9CFF, 0x9CFF, 0x9CFF, 0x9CFF, 0x9CFF, 0x9CFF, 0x9CFF, 0x9CFF, 0x9CFF, 0x9CFF, 0x9CFF, 0x9CFF, 
    0x9CFF, 0x9CFF, 0x7CFF, 0x9DFF, 0x7CFF, 0x9BFF, 0xBEEF, 0x334C, 0xCF0A, 0x1113, 0xF012, 0xF012, 
    0x0F13, 0x0F13, 0x0F13, 0x0F13, 0x0F13, 0x0F13, 0x0F13, 0x0F13, 0x0F13, 0x0F13, 0x0F13, 0x0F13, 
    0x0F13, 0x0F13, 0x0F13, 0x0F13, 0x0F13, 0x0F13, 0x0F13, 0x0F13, 0x0F13, 0x0F13, 0x0F13, 0x0F13, 
    0x0F13, 0x0F13, 0x0F13, 0x0F13, 0x0F13, 0x0F13, 0x0F13, 0x0F13, 0x0F13, 0x0F13, 0x0F13, 0x0F13, 
    0x0F13, 0x0F13, 0x0F13, 0x0F13, 0x0F13, 0x0F13, 0x0F13, 0x0F13, 0x0F13, 0x0F13, 0x0F13, 0xEF12, 
    0x1013, 0x1013, 0xCE12, 0x19A6, 0xFDFF, 0x7CFF, 0xBCFF, 0x9CFF, 0x9CFF, 0x9CFF, 0x9CFF, 0x9CFF, 
    0x9CFF, 0x9CFF, 0x9CFF, 0x9CFF, 0x9CFF, 0x9CFF, 0x9CFF, 0x9CFF, 0x9CFF, 0x9CFF, 0x9CFF, 0x9CFF, 
    0x9CFF, 0x9CFF, 0x9CFF, 0x9CFF, 0x9CFF, 0x9CFF, 0x9CFF, 0x9BFF, 0xBDFF, 0x79C6, 0xD474, 0xBDB6, 
    0xFDBE, 0x1DB7, 0xFDBE, 0xFDBE, 0xFDBE, 0xFDBE, 0xFDBE, 0xFDBE, 0xFDBE, 0xFDBE, 0xFDBE, 0xFDBE, 
    0xFDBE, 0xFDBE, 0xFDBE, 0xFDBE, 0xFDBE, 0xFDBE, 0xFDBE, 0xFDBE, 0xFDBE, 0xFDBE, 0xFDBE, 0xFDBE, 
    
    0x9BAE, 0x1DBF, 0xFDBE, 0xFDBE, 0xFDBE, 0xFDBE, 0xFDBE, 0xFDBE, 0xFDBE, 0xFDBE, 0xFDBE, 0xFDBE, 
    0xFDBE, 0xFDBE, 0xFDBE, 0xFDBE, 0xFDBE, 0xFDBE, 0xFDBE, 0xFDBE, 0xFDBE, 0xFDBE, 0xFDBE, 0xFDB6, 
    0x1DBF, 0xB985, 0x578D, 0x9CFF, 0x9CFF, 0x9DFF, 0x9CFF, 0x9CFF, 0x9CFF, 0x9CFF, 0x9CFF, 0x9CFF, 
    0x9CFF, 0x9CFF, 0x9CFF, 0x9CFF, 0x9CFF, 0x9CFF, 0x9CFF, 0x9CFF, 0x9CFF, 0x9CFF, 0x9CFF, 0x9CFF, 
    0x9CFF, 0x9CFF, 0x9CFF, 0x9CFF, 0xDCFF, 0x9BC6, 0x1123, 0xD01A, 0x1013, 0x100B, 0x0F13, 0xF012, 
    0xF012, 0xF012, 0xF012, 0xF012, 0xF012, 0xF012, 0xF012, 0xF012, 0xF012, 0xF012, 0xF012, 0xF012, 
    0xF012, 0xF012, 0xF012, 0xF012, 0xF012, 0xF012, 0xF012, 0xF012, 0xF012, 0xF012, 0xF012, 0xF012, 
    0xF012, 0xF012, 0xF012, 0xF012, 0xF012, 0xF012, 0xF012, 0xF012, 0xF012, 0xF012, 0xF012, 0xF012, 
    0xF012, 0xF012, 0xF012, 0xF012, 0xF012, 0xF012, 0xF012, 0xF012, 0xF012, 0xF012, 0xF012, 0x1013, 
    0x1013, 0xEF1A, 0xBBC6, 0xDDFF, 0x7BFF, 0x9CFF, 0x9CFF, 0x9CFF, 0x9CFF, 0x9CFF, 0x9CFF, 0x9CFF, 
    0x9CFF, 0x9CFF, 0x9CFF, 0x9CFF, 0x9CFF, 0x9CFF, 0x9CFF, 0x9CFF, 0x9CFF, 0x9CFF, 0x9CFF, 0x9CFF, 
    0x9CFF, 0x9CFF, 0x9CFF, 0x9CFF, 0x9CFF, 0x9CFF, 0x9CFF, 0x9CFF, 0x9CFF, 0x9CFF, 0x9CFF, 0x9CFF, 
    0x9CFF, 0x9CFF, 0x9CFF, 0x9CFF, 0x9CFF, 0x9CFF, 0x9CFF, 0x9CFF, 0x9CFF, 0x9CFF, 0x9CFF, 0x9CFF, 
    0x9CFF, 0x9CFF, 0x9CFF, 0x9CFF, 0x9CFF, 0x9CFF, 0x9CFF, 0x9CFF, 0x9CFF, 0x9CFF, 0x9CFF, 0x9DFF, 
    0x9CFF, 0x9BFF, 0xBDEF, 0x3354, 0xCF0A, 0x1013, 0xEF1A, 0xF012, 0xF012, 0xF012, 0xF012, 0xF012, 
    0xF012, 0xF012, 0xF012, 0xF012, 0xF012, 0xF012, 0xF012, 0xF012, 0xF012, 0xF012, 0xF012, 0xF012, 
    0xF012, 0xF012, 0xF012, 0xF012, 0xF012, 0xF012, 0xF012, 0xF012, 0xF012, 0xF012, 0xF012, 0xF012, 
    0xF012, 0xF012, 0xF012, 0xF012, 0xF012, 0xF012, 0xF012, 0xF012, 0xF012, 0xF012, 0xF012, 0xF012, 
    0xF012, 0xF012, 0xF012, 0xF012, 0xF012, 0xF012, 0xF012, 0xF012, 0x1013, 0x1013, 0xCE1A, 0x18AE, 
    0xDDFF, 0x7CFF, 0x9DFF, 0x9CFF, 0x9CFF, 0x9CFF, 0x9CFF, 0x9CFF, 0x9CFF, 0x9CFF, 0x9CFF, 0x9CFF, 
    0x9CFF, 0x9CFF, 0x9CFF, 0x9CFF, 0x9CFF, 0x9CFF, 0x9CFF, 0x9CFF, 0x9CFF, 0x9CFF, 0x9CFF, 0x9CFF, 
    0x9CFF, 0x9CFF, 0x9CFF, 0x9BFF, 0xBDFF, 0x79C6, 0xD474, 0xBDB6, 0xFDBE, 0x1DB7, 0xFDBE, 0xFDBE, 
    0xFDBE, 0xFDBE, 0xFDBE, 0xFDBE, 0xFDBE, 0xFDBE, 0xFDBE, 0xFDBE, 0xFDBE, 0xFDBE, 0xFDBE, 0xFDBE, 
    0xFDBE, 0xFDBE, 0xFDBE, 0xFDBE, 0xFDBE, 0xFDBE, 0xFDBE, 0xFDBE, 
    0x9BAE, 0x1DBF, 0xFDBE, 0xFDBE, 
    0xFDBE, 0xFDBE, 0xFDBE, 0xFDBE, 0xFDBE, 0xFDBE, 0xFDBE, 0xFDBE, 0xFDBE, 0xFDBE, 0xFDBE, 0xFDBE, 
    0xFDBE, 0xFDBE, 0xFDBE, 0xFDBE, 0xFDBE, 0xFDBE, 0xFDBE, 0xFDB6, 0x1DBF, 0xB985, 0x578D, 0x9CFF, 
    0x9CFF, 0x9DFF, 0x9CFF, 0x9CFF, 0x9CFF, 0x9CFF, 0x9CFF, 0x9CFF, 0x9CFF, 0x9CFF, 0x9CFF, 0x9CFF, 
    0x9CFF, 0x9CFF, 0x9CFF, 0x9CFF, 0x9CFF, 0x9CFF, 0x9CFF, 0x9CFF, 0x9CFF, 0x9CFF, 0x9CFF, 0x7CFF, 
    0xBCFF, 0x9BC6, 0x111B, 0xF112, 0x1113, 0x120B, 0xF012, 0xF012, 0xF012, 0xF012, 0xF012, 0xF012, 
    0xF012, 0xF012, 0xF012, 0xF012, 0xF012, 0xF012, 0xF012, 0xF012, 0xF012, 0xF012, 0xF012, 0xF012, 
    0xF012, 0xF012, 0xF012, 0xF012, 0xF012, 0xF012, 0xF012, 0xF012, 0xF012, 0xF012, 0xF012, 0xF012, 
    0xF012, 0xF012, 0xF012, 0xF012, 0xF012, 0xF012, 0xF012, 0xF012, 0xF012, 0xF012, 0xF012, 0xF012, 
    0xF012, 0xF012, 0xF012, 0xF012, 0xF012, 0xF012, 0xF012, 0x1013, 0x110B, 0xEF1A, 0xDBBE, 0xFDFF, 
    0x9BFF, 0x9CFF, 0x9BFF, 0x9BFF, 0x9CFF, 0x9CFF, 0x9CFF, 0x9CFF, 0x9CFF, 0x9CFF, 0x9CFF, 0x9CFF, 
    0x9CFF, 0x9CFF, 0x9CFF, 0x9CFF, 0x9CFF, 0x9CFF, 0x9CFF, 0x9CFF, 0x9CFF, 0x9CFF, 0x9CFF, 0x9CFF, 
    0x9CFF, 0x9CFF, 0x9CFF, 0x9CFF, 0x9CFF, 0x9CFF, 0x9CFF, 0x9CFF, 0x9CFF, 0x9CFF, 0x9CFF, 0x9CFF, 
    0x9CFF, 0x9CFF, 0x9CFF, 0x9CFF, 0x9CFF, 0x9CFF, 0x9CFF, 0x9CFF, 0x9CFF, 0x9CFF, 0x9CFF, 0x9CFF, 
    0x9CFF, 0x9CFF, 0x9CFF, 0x9CFF, 0x9CFF, 0x9CFF, 0x9CFF, 0x9DFF, 0x9CFF, 0x9BFF, 0x9DEF, 0x1254, 
    0xCF12, 0x101B, 0xEF1A, 0xF01A, 0x1013, 0x1013, 0x1013, 0x1013, 0x1013, 0x1013, 0x1013, 0x1013, 
    0x1013, 0x1013, 0x1013, 0x1013, 0x1013, 0x1013, 0x1013, 0x1013, 0x1013, 0x1013, 0x1013, 0x1013, 
    0x1013, 0x1013, 0x1013, 0x1013, 0x1013, 0x1013, 0x1013, 0x1013, 0x1013, 0x1013, 0x1013, 0x1013, 
    0x1013, 0x1013, 0x1013, 0x1013, 0x1013, 0x1013, 0x1013, 0x1013, 0x1013, 0x1013, 0x1013, 0x1013, 
    0x1013, 0x1013, 0x1013, 0x1013, 0x1013, 0x1013, 0xAE1A, 0xF8AD, 0xDDFF, 0x7BFF, 0x9CFF, 0x9CFF, 
    0x9CFF, 0x9CFF, 0x9CFF, 0x9CFF, 0x9CFF, 0x9CFF, 0x9CFF, 0x9CFF, 0x9CFF, 0x9CFF, 0x9CFF, 0x9CFF, 
    0x9CFF, 0x9CFF, 0x9CFF, 0x9CFF, 0x9CFF, 0x9CFF, 0x9CFF, 0x9CFF, 0x9CFF, 0x9CFF, 0x9CFF, 0x9BFF, 
    0xBDFF, 0x79C6, 0xD474, 0xBDB6, 0xFDBE, 0x1DB7, 0xFDBE, 0xFDBE, 0xFDBE, 0xFDBE, 0xFDBE, 0xFDBE, 
    0xFDBE, 0xFDBE, 0xFDBE, 0xFDBE, 0xFDBE, 0xFDBE, 0xFDBE, 0xFDBE, 0xFDBE, 0xFDBE, 0xFDBE, 0xFDBE, 
    0xFDBE, 0xFDBE, 0xFDBE, 0xFDBE, 
    0x9BAE, 0x1DBF, 0xFDBE, 0xFDBE, 0xFDBE, 0xFDBE, 0xFDBE, 0xFDBE, 
    0xFDBE, 0xFDBE, 0xFDBE, 0xFDBE, 0xFDBE, 0xFDBE, 0xFDBE, 0xFDBE, 0xFDBE, 0xFDBE, 0xFDBE, 0xFDBE, 
    0xFDBE, 0xFDBE, 0xFDBE, 0xFDB6, 0x1DBF, 0xB985, 0x578D, 0x9CFF, 0x9CFF, 0x9DFF, 0x9CFF, 0x9CFF, 
    0x9CFF, 0x9CFF, 0x9CFF, 0x9CFF, 0x9CFF, 0x9CFF, 0x9CFF, 0x9CFF, 0x9CFF, 0x9CFF, 0x9CFF, 0x9CFF, 
    0x9CFF, 0x9CFF, 0x9CFF, 0x9CFF, 0x9CFF, 0xBCFF, 0x9CFF, 0x7CFF, 0xBCFF, 0x9BC6, 0x1023, 0xF012, 
    0x1013, 0xF112, 0xF01A, 0x1013, 0x1013, 0x1013, 0x1013, 0x1013, 0x1013, 0x1013, 0x1013, 0x1013, 
    0x1013, 0x1013, 0x1013, 0x1013, 0x1013, 0x1013, 0x1013, 0x1013, 0x1013, 0x1013, 0x1013, 0x1013, 
    0x1013, 0x1013, 0x1013, 0x1013, 0x1013, 0x1013, 0x1013, 0x1013, 0x1013, 0x1013, 0x1013, 0x1013, 
    0x1013, 0x1013, 0x1013, 0x1013, 0x1013, 0x1013, 0x1013, 0x1013, 0x1013, 0x1013, 0x1013, 0x1013, 
    0x1013, 0x1013, 0x1013, 0xF012, 0xF112, 0xEF1A, 0xDBBE, 0xFDFF, 0x9BFF, 0x9CFF, 0x9CFF, 0x7CFF, 
    0x7CFF, 0x9CFF, 0x9CFF, 0x9CFF, 0x9CFF, 0x9CFF, 0x9CFF, 0x9CFF, 0x9CFF, 0x9CFF, 0x9CFF, 0x9CFF, 
    0x9CFF, 0x9CFF, 0x9CFF, 0x9CFF, 0x9CFF, 0x9CFF, 0x9CFF, 0x9CFF, 0x9CFF, 0x9CFF, 0x9CFF, 0x9CFF, 
    0x9CFF, 0x9CFF, 0x9CFF, 0x9CFF, 0x9CFF, 0x9CFF, 0x9CFF, 0x9CFF, 0x9CFF, 0x9CFF, 0x9CFF, 0x9CFF, 
    0x9CFF, 0x9CFF, 0x9CFF, 0x9CFF, 0x9CFF, 0x9CFF, 0x9CFF, 0x9CFF, 0x9CFF, 0x9CFF, 0x9CFF, 0x9CFF, 
    0x9CFF, 0x9CFF, 0xBCFF, 0xBDFF, 0x9CFF, 0x9BFF, 0x9DEF, 0x1254, 0xCF12, 0x1013, 0xEF12, 0xF012, 
    0xF012, 0xF012, 0xF012, 0xF012, 0xF012, 0xF012, 0xF012, 0xF012, 0xF012, 0xF012, 0xF012, 0xF012, 
    0xF012, 0xF012, 0xF012, 0xF012, 0xF012, 0xF012, 0xF012, 0xF012, 0xF012, 0xF012, 0xF012, 0xF012, 
    0xF012, 0xF012, 0xF012, 0xF012, 0xF012, 0xF012, 0xF012, 0xF012, 0xF012, 0xF012, 0xF012, 0xF012, 
    0xF012, 0xF012, 0xF012, 0xF012, 0xF012, 0xF012, 0xF012, 0xF012, 0xF012, 0xF012, 0xF012, 0xF012, 
    0x1013, 0x1113, 0xAF1A, 0xF8AD, 0xDDFF, 0x7BFF, 0x9CFF, 0x9CFF, 0x9CFF, 0x9CFF, 0x9CFF, 0x9CFF, 
    0x9CFF, 0x9CFF, 0x9CFF, 0x9CFF, 0x9CFF, 0x9CFF, 0x9CFF, 0x9CFF, 0x9CFF, 0x9CFF, 0x9CFF, 0x9CFF, 
    0x9CFF, 0x9CFF, 0x9CFF, 0x9CFF, 0x9CFF, 0x9CFF, 0x9CFF, 0x9BFF, 0xBDFF, 0x79C6, 0xD474, 0xBDB6, 
    0xFDBE, 0x1DB7, 0xFDBE, 0xFDBE, 0xFDBE, 0xFDBE, 0xFDBE, 0xFDBE, 0xFDBE, 0xFDBE, 0xFDBE, 0xFDBE, 
    0xFDBE, 0xFDBE, 0xFDBE, 0xFDBE, 0xFDBE, 0xFDBE, 0xFDBE, 0xFDBE, 0xFDBE, 0xFDBE, 0xFDBE, 0xFDBE, 
    
    0x9BAE, 0x1DBF, 0xFDBE, 0xFDBE, 0xFDBE, 0xFDBE, 0xFDBE, 0xFDBE, 0xFDBE, 0xFDBE, 0xFDBE, 0xFDBE, 
    0xFDBE, 0xFDBE, 0xFDBE, 0xFDBE, 0xFDBE, 0xFDBE, 0xFDBE, 0xFDBE, 0xFDBE, 0xFDBE, 0xFDBE, 0xFDB6, 
    0x1DBF, 0xB985, 0x578D, 0x9CFF, 0x9CFF, 0x9DFF, 0x9CFF, 0x9CFF, 0x9CFF, 0x9CFF, 0x9CFF, 0x9CFF, 
    0x9CFF, 0x9CFF, 0x9CFF, 0x9CFF, 0x9CFF, 0x9CFF, 0x9CFF, 0x9CFF, 0x9CFF, 0x9CFF, 0x9CFF, 0x9CFF, 
    0x9CFF, 0xBCFF, 0x9CFF, 0x7CFF, 0xBCFF, 0x9AC6, 0x0F23, 0xEF12, 0xEF1A, 0xEF1A, 0xEF1A, 0xEF12, 
    0xEF12, 0xEF12, 0xEF12, 0xEF12, 0xEF12, 0xEF12, 0xEF12, 0xEF12, 0xEF12, 0xEF12, 0xEF12, 0xEF12, 
    0xEF12, 0xEF12, 0xEF12, 0xEF12, 0xEF12, 0xEF12, 0xEF12, 0xEF12, 0xEF12, 0xEF12, 0xEF12, 0xEF12, 
    0xEF12, 0xEF12, 0xEF12, 0xEF12, 0xEF12, 0xEF12, 0xEF12, 0xEF12, 0xEF12, 0xEF12, 0xEF12, 0xEF12, 
    0xEF12, 0xEF12, 0xEF12, 0xEF12, 0xEF12, 0xEF12, 0xEF12, 0xEF12, 0xEF12, 0xEF12, 0xEF12, 0xEF1A, 
    0xD01A, 0xCF22, 0xBBC6, 0xDDFF, 0x7BFF, 0x9CFF, 0x9DFF, 0x7DFF, 0x7DFF, 0x9CFF, 0x9CFF, 0x9CFF, 
    0x9CFF, 0x9CFF, 0x9CFF, 0x9CFF, 0x9CFF, 0x9CFF, 0x9CFF, 0x9CFF, 0x9CFF, 0x9CFF, 0x9CFF, 0x9CFF, 
    0x9CFF, 0x9CFF, 0x9CFF, 0x9CFF, 0x9CFF, 0x9CFF, 0x9CFF, 0x9CFF, 0x9CFF, 0x9CFF, 0x9CFF, 0x9CFF, 
    0x9CFF, 0x9CFF, 0x9CFF, 0x9CFF, 0x9CFF, 0x9CFF, 0x9CFF, 0x9CFF, 0x9CFF, 0x9CFF, 0x9CFF, 0x9CFF, 
    0x9CFF, 0x9CFF, 0x9CFF, 0x9CFF, 0x9CFF, 0x9CFF, 0x9CFF, 0x9CFF, 0x9CFF, 0x9CFF, 0x9BFF, 0x9DFF, 
    0x9CFF, 0x9CFF, 0x9EEF, 0x1354, 0xCF0A, 0x1113, 0x100B, 0x1013, 0xEF12, 0x1013, 0x1013, 0x1013, 
    0x1013, 0x1013, 0x1013, 0x1013, 0x1013, 0x1013, 0x1013, 0x1013, 0x1013, 0x1013, 0x1013, 0x1013, 
    0x1013, 0x1013, 0x1013, 0x1013, 0x1013, 0x1013, 0x1013, 0x1013, 0x1013, 0x1013, 0x1013, 0x1013, 
    0x1013, 0x1013, 0x1013, 0x1013, 0x1013, 0x1013, 0x1013, 0x1013, 0x1013, 0x1013, 0x1013, 0x1013, 
    0x1013, 0x1013, 0x1013, 0x1013, 0x1013, 0x1013, 0x1013, 0x0F13, 0x1013, 0x110B, 0xCF12, 0x19AE, 
    0xFDFF, 0x7CFF, 0x9CFF, 0x9CFF, 0x9CFF, 0x9CFF, 0x9CFF, 0x9CFF, 0x9CFF, 0x9CFF, 0x9CFF, 0x9CFF, 
    0x9CFF, 0x9CFF, 0x9CFF, 0x9CFF, 0x9CFF, 0x9CFF, 0x9CFF, 0x9CFF, 0x9CFF, 0x9CFF, 0x9CFF, 0x9CFF, 
    0x9CFF, 0x9CFF, 0x9CFF, 0x9BFF, 0xBDFF, 0x79C6, 0xD474, 0xBDB6, 0xFDBE, 0x1DB7, 0xFDBE, 0xFDBE, 
    0xFDBE, 0xFDBE, 0xFDBE, 0xFDBE, 0xFDBE, 0xFDBE, 0xFDBE, 0xFDBE, 0xFDBE, 0xFDBE, 0xFDBE, 0xFDBE, 
    0xFDBE, 0xFDBE, 0xFDBE, 0xFDBE, 0xFDBE, 0xFDBE, 0xFDBE, 0xFDBE, 
    0x9BAE, 0x1DBF, 0xFDBE, 0xFDBE, 
    0xFDBE, 0xFDBE, 0xFDBE, 0xFDBE, 0xFDBE, 0xFDBE, 0xFDBE, 0xFDBE, 0xFDBE, 0xFDBE, 0xFDBE, 0xFDBE, 
    0xFDBE, 0xFDBE, 0xFDBE, 0xFDBE, 0xFDBE, 0xFDBE, 0xFDBE, 0xFDB6, 0x1DBF, 0xB985, 0x578D, 0x9CFF, 
    0x9CFF, 0x9DFF, 0x9CFF, 0x9CFF, 0x9CFF, 0x9CFF, 0x9CFF, 0x9CFF, 0x9CFF, 0x9CFF, 0x9CFF, 0x9CFF, 
    0x9CFF, 0x9CFF, 0x9CFF, 0x9CFF, 0x9CFF, 0x9CFF, 0x9CFF, 0x9CFF, 0x9CFF, 0xBCFF, 0x9CFF, 0x7CFF, 
    0xBCFF, 0xBAC6, 0x2F1B, 0x0F13, 0x0F13, 0x1013, 0xEF1A, 0xEF1A, 0xEF1A, 0xEF1A, 0xEF1A, 0xEF1A, 
    0xEF1A, 0xEF1A, 0xEF1A, 0xEF1A, 0xEF1A, 0xEF1A, 0xEF1A, 0xEF1A, 0xEF1A, 0xEF1A, 0xEF1A, 0xEF1A, 
    0xEF1A, 0xEF1A, 0xEF1A, 0xEF1A, 0xEF1A, 0xEF1A, 0xEF1A, 0xEF1A, 0xEF1A, 0xEF1A, 0xEF1A, 0xEF1A, 
    0xEF1A, 0xEF1A, 0xEF1A, 0xEF1A, 0xEF1A, 0xEF1A, 0xEF1A, 0xEF1A, 0xEF1A, 0xEF1A, 0xEF1A, 0xEF1A, 
    0xEF1A, 0xEF1A, 0xEF1A, 0xEF1A, 0xEF1A, 0xEF1A, 0xEF1A, 0xEF12, 0x1013, 0xCF22, 0xBBC6, 0xBDFF, 
    0x7BFF, 0x9DFF, 0x9DFF, 0x9CFF, 0x9DFF, 0x9CFF, 0x9CFF, 0x9CFF, 0x9CFF, 0x9CFF, 0x9CFF, 0x9CFF, 
    0x9CFF, 0x9CFF, 0x9CFF, 0x9CFF, 0x9CFF, 0x9CFF, 0x9CFF, 0x9CFF, 0x9CFF, 0x9CFF, 0x9CFF, 0x9CFF, 
    0x9CFF, 0x9CFF, 0x9CFF, 0x9CFF, 0x9CFF, 0x9CFF, 0x9CFF, 0x9CFF, 0x9CFF, 0x9CFF, 0x9CFF, 0x9CFF, 
    0x9CFF, 0x9CFF, 0x9CFF, 0x9CFF, 0x9CFF, 0x9CFF, 0x9CFF, 0x9CFF, 0x9CFF, 0x9CFF, 0x9CFF, 0x9CFF, 
    0x9CFF, 0x9CFF, 0x9CFF, 0x9CFF, 0x9CFF, 0x9CFF, 0x9BFF, 0x9DFF, 0x9DFF, 0x9CFF, 0x9EEF, 0x1354, 
    0xD00A, 0x110B, 0x310B, 0x310B, 0x1013, 0x1013, 0x1013, 0x1013, 0x1013, 0x1013, 0x1013, 0x1013, 
    0x1013, 0x1013, 0x1013, 0x1013, 0x1013, 0x1013, 0x1013, 0x1013, 0x1013, 0x1013, 0x1013, 0x1013, 
    0x1013, 0x1013, 0x1013, 0x1013, 0x1013, 0x1013, 0x1013, 0x1013, 0x1013, 0x1013, 0x1013, 0x1013, 
    0x1013, 0x1013, 0x1013, 0x1013, 0x1013, 0x1013, 0x1013, 0x1013, 0x1013, 0x1013, 0x1013, 0x1013, 
    0x1013, 0x1013, 0x1013, 0x1013, 0x1113, 0x3213, 0xCF12, 0x19A6, 0xDDFF, 0x9CFF, 0x9DFF, 0x9CFF, 
    0x9CFF, 0x9CFF, 0x9CFF, 0x9CFF, 0x9CFF, 0x9CFF, 0x9CFF, 0x9CFF, 0x9CFF, 0x9CFF, 0x9CFF, 0x9CFF, 
    0x9CFF, 0x9CFF, 0x9CFF, 0x9CFF, 0x9CFF, 0x9CFF, 0x9CFF, 0x9CFF, 0x9CFF, 0x9CFF, 0x9CFF, 0x9BFF, 
    0xBDFF, 0x9AC6, 0xD474, 0x9CAE, 0xFDBE, 0x1DB7, 0xFDBE, 0xFDBE, 0xFDBE, 0xFDBE, 0xFDBE, 0xFDBE, 
    0xFDBE, 0xFDBE, 0xFDBE, 0xFDBE, 0xFDBE, 0xFDBE, 0xFDBE, 0xFDBE, 0xFDBE, 0xFDBE, 0xFDBE, 0xFDBE, 
    0xFDBE, 0xFDBE, 0xFDBE, 0xFDBE, 
    0x9BAE, 0x1DBF, 0xFDBE, 0xFDBE, 0xFDBE, 0xFDBE, 0xFDBE, 0xFDBE, 
    0xFDBE, 0xFDBE, 0xFDBE, 0xFDBE, 0xFDBE, 0xFDBE, 0xFDBE, 0xFDBE, 0xFDBE, 0xFDBE, 0xFDBE, 0xFDBE, 
    0xFDBE, 0xFDBE, 0xFDBE, 0xFDB6, 0x1DBF, 0xB985, 0x578D, 0x9CFF, 0x9CFF, 0x9DFF, 0x9CFF, 0x9CFF, 
    0x9CFF, 0x9CFF, 0x9CFF, 0x9CFF, 0x9CFF, 0x9CFF, 0x9CFF, 0x9CFF, 0x9CFF, 0x9CFF, 0x9CFF, 0x9CFF, 
    0x9CFF, 0x9CFF, 0x9CFF, 0x9CFF, 0x9CFF, 0x9CFF, 0x9CFF, 0x7DFF, 0xBDFF, 0xBBC6, 0x301B, 0x0F13, 
    0x100B, 0x110B, 0xF012, 0xF012, 0xF012, 0xF012, 0xF012, 0xF012, 0xF012, 0xF012, 0xF012, 0xF012, 
    0xF012, 0xF012, 0xF012, 0xF012, 0xF012, 0xF012, 0xF012, 0xF012, 0xF012, 0xF012, 0xF012, 0xF012, 
    0xF012, 0xF012, 0xF012, 0xF012, 0xF012, 0xF012, 0xF012, 0xF012, 0xF012, 0xF012, 0xF012, 0xF012, 
    0xF012, 0xF012, 0xF012, 0xF012, 0xF012, 0xF012, 0xF012, 0xF012, 0xF012, 0xF012, 0xF012, 0xF012, 
    0xF012, 0xF012, 0xF012, 0x100B, 0x100B, 0xEF1A, 0xBBC6, 0xDDFF, 0x7CFF, 0x9CFF, 0x9CFF, 0xBBFF, 
    0xBBFF, 0x9CFF, 0x9CFF, 0x9CFF, 0x9CFF, 0x9CFF, 0x9CFF, 0x9CFF, 0x9CFF, 0x9CFF, 0x9CFF, 0x9CFF, 
    0x9CFF, 0x9CFF, 0x9CFF, 0x9CFF, 0x9CFF, 0x9CFF, 0x9CFF, 0x9CFF, 0x9CFF, 0x9CFF, 0x9CFF, 0x9CFF, 
    0x9CFF, 0x9CFF, 0x9CFF, 0x9CFF, 0x9CFF, 0x9CFF, 0x9CFF, 0x9CFF, 0x9CFF, 0x9CFF, 0x9CFF, 0x9CFF, 
    0x9CFF, 0x9CFF, 0x9CFF, 0x9CFF, 0x9CFF, 0x9CFF, 0x9CFF, 0x9CFF, 0x9CFF, 0x9CFF, 0x9CFF, 0x9CFF, 
    0x9CFF, 0x9CFF, 0x7BFF, 0x9DFF, 0x9DFF, 0x9CFF, 0x9EEF, 0xF253, 0x8E12, 0xEF12, 0xEF0A, 0xEF0A, 
    0xF012, 0xEF12, 0xEF12, 0xEF12, 0xEF12, 0xEF12, 0xEF12, 0xEF12, 0xEF12, 0xEF12, 0xEF12, 0xEF12, 
    0xEF12, 0xEF12, 0xEF12, 0xEF12, 0xEF12, 0xEF12, 0xEF12, 0xEF12, 0xEF12, 0xEF12, 0xEF12, 0xEF12, 
    0xEF12, 0xEF12, 0xEF12, 0xEF12, 0xEF12, 0xEF12, 0xEF12, 0xEF12, 0xEF12, 0xEF12, 0xEF12, 0xEF12, 
    0xEF12, 0xEF12, 0xEF12, 0xEF12, 0xEF12, 0xEF12, 0xEF12, 0xEF12, 0xEF12, 0xEF12, 0xEF12, 0xEF12, 
    0xCF12, 0xCF12, 0x8E1A, 0x19AE, 0xFEFF, 0x9CFF, 0xBDFF, 0x9CFF, 0x9BFF, 0x9CFF, 0x9CFF, 0x9CFF, 
    0x9CFF, 0x9CFF, 0x9CFF, 0x9CFF, 0x9CFF, 0x9CFF, 0x9CFF, 0x9CFF, 0x9CFF, 0x9CFF, 0x9CFF, 0x9CFF, 
    0x9CFF, 0x9CFF, 0x9CFF, 0x9CFF, 0x9CFF, 0x9CFF, 0x9CFF, 0x9BFF, 0xBDFF, 0x9AC6, 0xD474, 0x9CAE, 
    0xFDBE, 0x1DB7, 0xFDBE, 0xFDBE, 0xFDBE, 0xFDBE, 0xFDBE, 0xFDBE, 0xFDBE, 0xFDBE, 0xFDBE, 0xFDBE, 
    0xFDBE, 0xFDBE, 0xFDBE, 0xFDBE, 0xFDBE, 0xFDBE, 0xFDBE, 0xFDBE, 0xFDBE, 0xFDBE, 0xFDBE, 0xFDBE, 
    
    0x9BAE, 0x1DBF, 0xFDBE, 0xFDBE, 0xFDBE, 0xFDBE, 0xFDBE, 0xFDBE, 0xFDBE, 0xFDBE, 0xFDBE, 0xFDBE, 
    0xFDBE, 0xFDBE, 0xFDBE, 0xFDBE, 0xFDBE, 0xFDBE, 0xFDBE, 0xFDBE, 0xFDBE, 0xFDBE, 0xFDBE, 0xFDB6, 
    0x1DBF, 0xB985, 0x578D, 0x9CFF, 0x9CFF, 0x9DFF, 0x9CFF, 0x9CFF, 0x9CFF, 0x9CFF, 0x9CFF, 0x9CFF, 
    0x9CFF, 0x9CFF, 0x9CFF, 0x9CFF, 0x9CFF, 0x9CFF, 0x9CFF, 0x9CFF, 0x9CFF, 0x9CFF, 0x9CFF, 0x9CFF, 
    0x9CFF, 0x9BFF, 0x9CFF, 0x9DFF, 0xDDFF, 0x9AC6, 0x0F2B, 0xEF22, 0xEF1A, 0x311B, 0x101B, 0x101B, 
    0x101B, 0x101B, 0x101B, 0x101B, 0x101B, 0x101B, 0x101B, 0x101B, 0x101B, 0x101B, 0x101B, 0x101B, 
    0x101B, 0x101B, 0x101B, 0x101B, 0x101B, 0x101B, 0x101B, 0x101B, 0x101B, 0x101B, 0x101B, 0x101B, 
    0x101B, 0x101B, 0x101B, 0x101B, 0x101B, 0x101B, 0x101B, 0x101B, 0x101B, 0x101B, 0x101B, 0x101B, 
    0x101B, 0x101B, 0x101B, 0x101B, 0x101B, 0x101B, 0x101B, 0x101B, 0x101B, 0x101B, 0x111B, 0x0F23, 
    0x0F1B, 0xEE22, 0xBBC6, 0xDDFF, 0x9CFF, 0x9CFF, 0xBBFF, 0xBBFF, 0xBBFF, 0x9CFF, 0x9CFF, 0x9CFF, 
    0x9CFF, 0x9CFF, 0x9CFF, 0x9CFF, 0x9CFF, 0x9CFF, 0x9CFF, 0x9CFF, 0x9CFF, 0x9CFF, 0x9CFF, 0x9CFF, 
    0x9CFF, 0x9CFF, 0x9CFF, 0x9CFF, 0x9CFF, 0x9CFF, 0x9CFF, 0x9CFF, 0x9CFF, 0x9CFF, 0x9CFF, 0x9CFF, 
    0x9CFF, 0x9CFF, 0x9CFF, 0x9CFF, 0x9CFF, 0x9CFF, 0x9CFF, 0x9CFF, 0x9CFF, 0x9CFF, 0x9CFF, 0x9CFF, 
    0x9CFF, 0x9CFF, 0x9CFF, 0x9CFF, 0x9CFF, 0x9CFF, 0x9CFF, 0x9CFF, 0x9CFF, 0x9CFF, 0x9BFF, 0x9DFF, 
    0x9DFF, 0x9CFF, 0x7DF7, 0x5274, 0x4F3B, 0x9043, 0x7043, 0x9043, 0x913B, 0x913B, 0x913B, 0x913B, 
    0x913B, 0x913B, 0x913B, 0x913B, 0x913B, 0x913B, 0x913B, 0x913B, 0x913B, 0x913B, 0x913B, 0x913B, 
    0x913B, 0x913B, 0x913B, 0x913B, 0x913B, 0x913B, 0x913B, 0x913B, 0x913B, 0x913B, 0x913B, 0x913B, 
    0x913B, 0x913B, 0x913B, 0x913B, 0x913B, 0x913B, 0x913B, 0x913B, 0x913B, 0x913B, 0x913B, 0x913B, 
    0x913B, 0x913B, 0x913B, 0x913B, 0x913B, 0x913B, 0x913B, 0x913B, 0x7043, 0x9043, 0x2F43, 0xF8B5, 
    0xDDFF, 0x9CFF, 0x9DFF, 0x9CFF, 0x9CFF, 0x9CFF, 0x9CFF, 0x9CFF, 0x9CFF, 0x9CFF, 0x9CFF, 0x9CFF, 
    0x9CFF, 0x9CFF, 0x9CFF, 0x9CFF, 0x9CFF, 0x9CFF, 0x9CFF, 0x9CFF, 0x9CFF, 0x9CFF, 0x9CFF, 0x9CFF, 
    0x9CFF, 0x9CFF, 0x9CFF, 0x9BFF, 0xBDFF, 0x9AC6, 0xD474, 0x9CAE, 0xFDBE, 0x1DB7, 0xFDBE, 0xFDBE, 
    0xFDBE, 0xFDBE, 0xFDBE, 0xFDBE, 0xFDBE, 0xFDBE, 0xFDBE, 0xFDBE, 0xFDBE, 0xFDBE, 0xFDBE, 0xFDBE, 
    0xFDBE, 0xFDBE, 0xFDBE, 0xFDBE, 0xFDBE, 0xFDBE, 0xFDBE, 0xFDBE, 
    0x9BAE, 0x1DBF, 0xFDBE, 0xFDBE, 
    0xFDBE, 0xFDBE, 0xFDBE, 0xFDBE, 0xFDBE, 0xFDBE, 0xFDBE, 0xFDBE, 0xFDBE, 0xFDBE, 0xFDBE, 0xFDBE, 
    0xFDBE, 0xFDBE, 0xFDBE, 0xFDBE, 0xFDBE, 0xFDBE, 0xFDBE, 0xFDB6, 0x1DBF, 0xB985, 0x578D, 0x9CFF, 
    0x9CFF, 0x9DFF, 0x9CFF, 0x9CFF, 0x9CFF, 0x9CFF, 0x9CFF, 0x9CFF, 0x9CFF, 0x9CFF, 0x9CFF, 0x9CFF, 
    0x9CFF, 0x9CFF, 0x9CFF, 0x9CFF, 0x9CFF, 0x9CFF, 0x9CFF, 0x9CFF, 0x9CFF, 0x7CFF, 0x9CFF, 0xBDFF, 
    0xBBFF, 0x1BE7, 0xD9A5, 0xD8AD, 0xD8AD, 0xF9A5, 0xD8A5, 0xF8A5, 0xF8A5, 0xF8A5, 0xF8A5, 0xF8A5, 
    0xF8A5, 0xF8A5, 0xF8A5, 0xF8A5, 0xF8A5, 0xF8A5, 0xF8A5, 0xF8A5, 0xF8A5, 0xF8A5, 0xF8A5, 0xF8A5, 
    0xF8A5, 0xF8A5, 0xF8A5, 0xF8A5, 0xF8A5, 0xF8A5, 0xF8A5, 0xF8A5, 0xF8A5, 0xF8A5, 0xF8A5, 0xF8A5, 
    0xF8A5, 0xF8A5, 0xF8A5, 0xF8A5, 0xF8A5, 0xF8A5, 0xF8A5, 0xF8A5, 0xF8A5, 0xF8A5, 0xF8A5, 0xF8A5, 
    0xF8A5, 0xF8A5, 0xF8A5, 0xF8A5, 0xF8A5, 0xF8A5, 0xF8A5, 0xD7AD, 0xF9A5, 0xB8A5, 0x3BE7, 0xBCFF, 
    0x9CFF, 0x9DFF, 0x9CFF, 0x9CFF, 0x9CFF, 0x9CFF, 0x9CFF, 0x9CFF, 0x9CFF, 0x9CFF, 0x9CFF, 0x9CFF, 
    0x9CFF, 0x9CFF, 0x9CFF, 0x9CFF, 0x9CFF, 0x9CFF, 0x9CFF, 0x9CFF, 0x9CFF, 0x9CFF, 0x9CFF, 0x9CFF, 
    0x9CFF, 0x9CFF, 0x9CFF, 0x9CFF, 0x9CFF, 0x9CFF, 0x9CFF, 0x9CFF, 0x9CFF, 0x9CFF, 0x9CFF, 0x9CFF, 
    0x9CFF, 0x9CFF, 0x9CFF, 0x9CFF, 0x9CFF, 0x9CFF, 0x9CFF, 0x9CFF, 0x9CFF, 0x9CFF, 0x9CFF, 0x9CFF, 
    0x9CFF, 0x9CFF, 0x9CFF, 0x9CFF, 0x9CFF, 0x9CFF, 0x9BFF, 0xBDFF, 0x9CFF, 0x9BFF, 0x9BFF, 0x3CDF, 
    0x3DD7, 0x1CDF, 0x1CDF, 0x1CDF, 0x1CD7, 0x1CD7, 0x1CD7, 0x1CD7, 0x1CD7, 0x1CD7, 0x1CD7, 0x1CD7, 
    0x1CD7, 0x1CD7, 0x1CD7, 0x1CD7, 0x1CD7, 0x1CD7, 0x1CD7, 0x1CD7, 0x1CD7, 0x1CD7, 0x1CD7, 0x1CD7, 
    0x1CD7, 0x1CD7, 0x1CD7, 0x1CD7, 0x1CD7, 0x1CD7, 0x1CD7, 0x1CD7, 0x1CD7, 0x1CD7, 0x1CD7, 0x1CD7, 
    0x1CD7, 0x1CD7, 0x1CD7, 0x1CD7, 0x1CD7, 0x1CD7, 0x1CD7, 0x1CD7, 0x1CD7, 0x1CD7, 0x1CD7, 0x1CD7, 
    0x1CD7, 0x1CD7, 0x1CD7, 0x1CD7, 0x1CDF, 0x1DD7, 0x1DD7, 0x5CF7, 0x9BFF, 0x9CFF, 0x9DFF, 0x9CFF, 
    0x9CFF, 0x9CFF, 0x9CFF, 0x9CFF, 0x9CFF, 0x9CFF, 0x9CFF, 0x9CFF, 0x9CFF, 0x9CFF, 0x9CFF, 0x9CFF, 
    0x9CFF, 0x9CFF, 0x9CFF, 0x9CFF, 0x9CFF, 0x9CFF, 0x9CFF, 0x9CFF, 0x9CFF, 0x9CFF, 0x9CFF, 0x9BFF, 
    0xBDFF, 0x9AC6, 0xD474, 0x9CAE, 0xFDBE, 0x1DB7, 0xFDBE, 0xFDBE, 0xFDBE, 0xFDBE, 0xFDBE, 0xFDBE, 
    0xFDBE, 0xFDBE, 0xFDBE, 0xFDBE, 0xFDBE, 0xFDBE, 0xFDBE, 0xFDBE, 0xFDBE, 0xFDBE, 0xFDBE, 0xFDBE, 
    0xFDBE, 0xFDBE, 0xFDBE, 0xFDBE, 
    0x9BAE, 0x1DBF, 0xFDBE, 0xFDBE, 0xFDBE, 0xFDBE, 0xFDBE, 0xFDBE, 
    0xFDBE, 0xFDBE, 0xFDBE, 0xFDBE, 0xFDBE, 0xFDBE, 0xFDBE, 0xFDBE, 0xFDBE, 0xFDBE, 0xFDBE, 0xFDBE, 
    0xFDBE, 0xFDBE, 0xFDBE, 0xFDB6, 0x1DBF, 0xB985, 0x578D, 0x9CFF, 0x9CFF, 0x9DFF, 0x9CFF, 0x9CFF, 
    0x9CFF, 0x9CFF, 0x9CFF, 0x9CFF, 0x9CFF, 0x9CFF, 0x9CFF, 0x9CFF, 0x9CFF, 0x9CFF, 0x9CFF, 0x9CFF, 
    0x9CFF, 0x9CFF, 0x9CFF, 0x9CFF, 0x9CFF, 0x9CFF, 0x9CFF, 0xBCFF, 0x9AFF, 0x9CFF, 0xDFFF, 0xBDFF, 
    0xBDFF, 0xDEFF, 0xDDFF, 0xDCFF, 0xDCFF, 0xDCFF, 0xDCFF, 0xDCFF, 0xDCFF, 0xDCFF, 0xDCFF, 0xDCFF, 
    0xDCFF, 0xDCFF, 0xDCFF, 0xDCFF, 0xDCFF, 0xDCFF, 0xDCFF, 0xDCFF, 0xDCFF, 0xDCFF, 0xDCFF, 0xDCFF, 
    0xDCFF, 0xDCFF, 0xDCFF, 0xDCFF, 0xDCFF, 0xDCFF, 0xDCFF, 0xDCFF, 0xDCFF, 0xDCFF, 0xDCFF, 0xDCFF, 
    0xDCFF, 0xDCFF, 0xDCFF, 0xDCFF, 0xDCFF, 0xDCFF, 0xDCFF, 0xDCFF, 0xDCFF, 0xDCFF, 0xDCFF, 0xDCFF, 
    0xDCFF, 0xDCFF, 0xDCFF, 0xBDFF, 0xBEFF, 0xDFFF, 0x9CFF, 0x7BFF, 0x9CFF, 0x9DFF, 0x9DFF, 0x7DFF, 
    0x7DFF, 0x9CFF, 0x9CFF, 0x9CFF, 0x9CFF, 0x9CFF, 0x9CFF, 0x9CFF, 0x9CFF, 0x9CFF, 0x9CFF, 0x9CFF, 
    0x9CFF, 0x9CFF, 0x9CFF, 0x9CFF, 0x9CFF, 0x9CFF, 0x9CFF, 0x9CFF, 0x9CFF, 0x9CFF, 0x9CFF, 0x9CFF, 
    0x9CFF, 0x9CFF, 0x9CFF, 0x9CFF, 0x9CFF, 0x9CFF, 0x9CFF, 0x9CFF, 0x9CFF, 0x9CFF, 0x9CFF, 0x9CFF, 
    0x9CFF, 0x9CFF, 0x9CFF, 0x9CFF, 0x9CFF, 0x9CFF, 0x9CFF, 0x9CFF, 0x9CFF, 0x9CFF, 0x9CFF, 0x9CFF, 
    0x9CFF, 0x9CFF, 0x9BFF, 0xBDF7, 0x9CFF, 0x9BFF, 0x7BFF, 0xDDFF, 0xBEFF, 0xBDFF, 0x9DFF, 0x9DFF, 
    0xBCFF, 0xBCFF, 0xBCFF, 0xBCFF, 0xBCFF, 0xBCFF, 0xBCFF, 0xBCFF, 0xBCFF, 0xBCFF, 0xBCFF, 0xBCFF, 
    0xBCFF, 0xBCFF, 0xBCFF, 0xBCFF, 0xBCFF, 0xBCFF, 0xBCFF, 0xBCFF, 0xBCFF, 0xBCFF, 0xBCFF, 0xBCFF, 
    0xBCFF, 0xBCFF, 0xBCFF, 0xBCFF, 0xBCFF, 0xBCFF, 0xBCFF, 0xBCFF, 0xBCFF, 0xBCFF, 0xBCFF, 0xBCFF, 
    0xBCFF, 0xBCFF, 0xBCFF, 0xBCFF, 0xBCFF, 0xBCFF, 0xBCFF, 0xBCFF, 0xBCFF, 0xBCFF, 0xBCFF, 0xBCFF, 
    0xBCFF, 0xBEFF, 0xBEFF, 0x9CFF, 0x7BFF, 0x7CFF, 0x9DFF, 0x9DFF, 0x9CFF, 0x9CFF, 0x9CFF, 0x9CFF, 
    0x9CFF, 0x9CFF, 0x9CFF, 0x9CFF, 0x9CFF, 0x9CFF, 0x9CFF, 0x9CFF, 0x9CFF, 0x9CFF, 0x9CFF, 0x9CFF, 
    0x9CFF, 0x9CFF, 0x9CFF, 0x9CFF, 0x9CFF, 0x9CFF, 0x9CFF, 0x9BFF, 0xBDFF, 0x9AC6, 0xD474, 0x9CAE, 
    0xFDBE, 0x1DB7, 0xFDBE, 0xFDBE, 0xFDBE, 0xFDBE, 0xFDBE, 0xFDBE, 0xFDBE, 0xFDBE, 0xFDBE, 0xFDBE, 
    0xFDBE, 0xFDBE, 0xFDBE, 0xFDBE, 0xFDBE, 0xFDBE, 0xFDBE, 0xFDBE, 0xFDBE, 0xFDBE, 0xFDBE, 0xFDBE, 
    
    0x9BAE, 0x1DBF, 0xFDBE, 0xFDBE, 0xFDBE, 0xFDBE, 0xFDBE, 0xFDBE, 0xFDBE, 0xFDBE, 0xFDBE, 0xFDBE, 
    0xFDBE, 0xFDBE, 0xFDBE, 0xFDBE, 0xFDBE, 0xFDBE, 0xFDBE, 0xFDBE, 0xFDBE, 0xFDBE, 0xFDBE, 0xFDB6, 
    0x1DBF, 0xB985, 0x578D, 0x9CFF, 0x9CFF, 0x9DFF, 0x9CFF, 0x9CFF, 0x9CFF, 0x9CFF, 0x9CFF, 0x9CFF, 
    0x9CFF, 0x9CFF, 0x9CFF, 0x9CFF, 0x9CFF, 0x9CFF, 0x9CFF, 0x9CFF, 0x9CFF, 0x9CFF, 0x9CFF, 0x9CFF, 
    0x9CFF, 0x9CFF, 0x9CFF, 0x9CFF, 0x9CFF, 0x9CFF, 0x7CFF, 0x7CFF, 0x7CFF, 0x7CFF, 0x7CFF, 0x7CFF, 
    0x7CFF, 0x7CFF, 0x7CFF, 0x7CFF, 0x7CFF, 0x7CFF, 0x7CFF, 0x7CFF, 0x7CFF, 0x7CFF, 0x7CFF, 0x7CFF, 
    0x7CFF, 0x7CFF, 0x7CFF, 0x7CFF, 0x7CFF, 0x7CFF, 0x7CFF, 0x7CFF, 0x7CFF, 0x7CFF, 0x7CFF, 0x7CFF, 
    0x7CFF, 0x7CFF, 0x7CFF, 0x7CFF, 0x7CFF, 0x7CFF, 0x7CFF, 0x7CFF, 0x7CFF, 0x7CFF, 0x7CFF, 0x7CFF, 
    0x7CFF, 0x7CFF, 0x7CFF, 0x7CFF, 0x7CFF, 0x7CFF, 0x7CFF, 0x7CFF, 0x7CFF, 0x7CFF, 0x7CFF, 0x7CFF, 
    0x7CFF, 0x7CFF, 0x9CFF, 0x9CFF, 0x9CFF, 0x9CFF, 0x9CFF, 0x9CFF, 0x9CFF, 0x9CFF, 0x9CFF, 0x9CFF, 
    0x9CFF, 0x9CFF, 0x9CFF, 0x9CFF, 0x9CFF, 0x9CFF, 0x9CFF, 0x9CFF, 0x9CFF, 0x9CFF, 0x9CFF, 0x9CFF, 
    0x9CFF, 0x9CFF, 0x9CFF, 0x9CFF, 0x9CFF, 0x9CFF, 0x9CFF, 0x9CFF, 0x9CFF, 0x9CFF, 0x9CFF, 0x9CFF, 
    0x9CFF, 0x9CFF, 0x9CFF, 0x9CFF, 0x9CFF, 0x9CFF, 0x9CFF, 0x9CFF, 0x9CFF, 0x9CFF, 0x9CFF, 0x9CFF, 
    0x9CFF, 0x9CFF, 0x9CFF, 0x9CFF, 0x9CFF, 0x9CFF, 0x9CFF, 0x9CFF, 0x9CFF, 0x9CFF, 0x9CFF, 0x9CFF, 
    0x9CFF, 0x9CFF, 0x9CFF, 0x9CFF, 0x9CFF, 0x9CFF, 0x9CFF, 0x9CFF, 0x9CFF, 0x9CFF, 0x9CFF, 0x9CFF, 
    0x9CFF, 0x9CFF, 0x9CFF, 0x9CFF, 0x9CFF, 0x9CFF, 0x9CFF, 0x9CFF, 0x9CFF, 0x9CFF, 0x9CFF, 0x9CFF, 
    0x9CFF, 0x9CFF, 0x9CFF, 0x9CFF, 0x9CFF, 0x9CFF, 0x9CFF, 0x9CFF, 0x9CFF, 0x9CFF, 0x9CFF, 0x9CFF, 
    0x9CFF, 0x9CFF, 0x9CFF, 0x9CFF, 0x9CFF, 0x9CFF, 0x9CFF, 0x9CFF, 0x9CFF, 0x9CFF, 0x9CFF, 0x9CFF, 
    0x9CFF, 0x9CFF, 0x9CFF, 0x9CFF, 0x9CFF, 0x9CFF, 0x9CFF, 0x9CFF, 0x9CFF, 0x9CFF, 0x9CFF, 0x9CFF, 
    0x9CFF, 0x9CFF, 0x9CFF, 0x9CFF, 0x9CFF, 0x9CFF, 0x9CFF, 0x9CFF, 0x9CFF, 0x9CFF, 0x9CFF, 0x9CFF, 
    0x9CFF, 0x9CFF, 0x9CFF, 0x9CFF, 0x9CFF, 0x9CFF, 0x9CFF, 0x9CFF, 0x9CFF, 0x9CFF, 0x9CFF, 0x9CFF, 
    0x9CFF, 0x9CFF, 0x9CFF, 0x9BFF, 0xBDFF, 0x9AC6, 0xD474, 0x9CAE, 0xFDBE, 0x1DB7, 0xFDBE, 0xFDBE, 
    0xFDBE, 0xFDBE, 0xFDBE, 0xFDBE, 0xFDBE, 0xFDBE, 0xFDBE, 0xFDBE, 0xFDBE, 0xFDBE, 0xFDBE, 0xFDBE, 
    0xFDBE, 0xFDBE, 0xFDBE, 0xFDBE, 0xFDBE, 0xFDBE, 0xFDBE, 0xFDBE, 
    0x9BAE, 0x1DBF, 0xFDBE, 0xFDBE, 
    0xFDBE, 0xFDBE, 0xFDBE, 0xFDBE, 0xFDBE, 0xFDBE, 0xFDBE, 0xFDBE, 0xFDBE, 0xFDBE, 0xFDBE, 0xFDBE, 
    0xFDBE, 0xFDBE, 0xFDBE, 0xFDBE, 0xFDBE, 0xFDBE, 0xFDBE, 0xFDB6, 0x1DBF, 0xB985, 0x578D, 0x9CFF, 
    0x9CFF, 0x9DFF, 0x9CFF, 0x9CFF, 0x9CFF, 0x9CFF, 0x9CFF, 0x9CFF, 0x9CFF, 0x9CFF, 0x9CFF, 0x9CFF, 
    0x9CFF, 0x9CFF, 0x9CFF, 0x9CFF, 0x9CFF, 0x9CFF, 0x9CFF, 0x9CFF, 0x9CFF, 0x9CFF, 0x9CFF, 0x9CFF, 
    0x9CFF, 0x9CFF, 0x9CFF, 0x9CFF, 0x9CFF, 0x9CFF, 0x9CFF, 0x9CFF, 0x9CFF, 0x9CFF, 0x9CFF, 0x9CFF, 
    0x9CFF, 0x9CFF, 0x9CFF, 0x9CFF, 0x9CFF, 0x9CFF, 0x9CFF, 0x9CFF, 0x9CFF, 0x9CFF, 0x9CFF, 0x9CFF, 
    0x9CFF, 0x9CFF, 0x9CFF, 0x9CFF, 0x9CFF, 0x9CFF, 0x9CFF, 0x9CFF, 0x9CFF, 0x9CFF, 0x9CFF, 0x9CFF, 
    0x9CFF, 0x9CFF, 0x9CFF, 0x9CFF, 0x9CFF, 0x9CFF, 0x9CFF, 0x9CFF, 0x9CFF, 0x9CFF, 0x9CFF, 0x9CFF, 
    0x9CFF, 0x9CFF, 0x9CFF, 0x9CFF, 0x9CFF, 0x9CFF, 0x9CFF, 0x9CFF, 0x9CFF, 0x9CFF, 0x9CFF, 0x9CFF, 
    0x9CFF, 0x9CFF, 0x9CFF, 0x9CFF, 0x9CFF, 0x9CFF, 0x9CFF, 0x9CFF, 0x9CFF, 0x9CFF, 0x9CFF, 0x9CFF, 
    0x9CFF, 0x9CFF, 0x9CFF, 0x9CFF, 0x9CFF, 0x9CFF, 0x9CFF, 0x9CFF, 0x9CFF, 0x9CFF, 0x9CFF, 0x9CFF, 
    0x9CFF, 0x9CFF, 0x9CFF, 0x9CFF, 0x9CFF, 0x9CFF, 0x9CFF, 0x9CFF, 0x9CFF, 0x9CFF, 0x9CFF, 0x9CFF, 
    0x9CFF, 0x9CFF, 0x9CFF, 0x9CFF, 0x9CFF, 0x9CFF, 0x9CFF, 0x9CFF, 0x9CFF, 0x9CFF, 0x9CFF, 0x9CFF, 
    0x9CFF, 0x9CFF, 0x9CFF, 0x9CFF, 0x9CFF, 0x9CFF, 0x9CFF, 0x9CFF, 0x9CFF, 0x9CFF, 0x9CFF, 0x9CFF, 
    0x9CFF, 0x9CFF, 0x9CFF, 0x9CFF, 0x9CFF, 0x9CFF, 0x9CFF, 0x9CFF, 0x9CFF, 0x9CFF, 0x9CFF, 0x9CFF, 
    0x9CFF, 0x9CFF, 0x9CFF, 0x9CFF, 0x9CFF, 0x9CFF, 0x9CFF, 0x9CFF, 0x9CFF, 0x9CFF, 0x9CFF, 0x9CFF, 
    0x9CFF, 0x9CFF, 0x9CFF, 0x9CFF, 0x9CFF, 0x9CFF, 0x9CFF, 0x9CFF, 0x9CFF, 0x9CFF, 0x9CFF, 0x9CFF, 
    0x9CFF, 0x9CFF, 0x9CFF, 0x9CFF, 0x9CFF, 0x9CFF, 0x9CFF, 0x9CFF, 0x9CFF, 0x9CFF, 0x9CFF, 0x9CFF, 
    0x9CFF, 0x9CFF, 0x9CFF, 0x9CFF, 0x9CFF, 0x9CFF, 0x9CFF, 0x9CFF, 0x9CFF, 0x9CFF, 0x9CFF, 0x9CFF, 
    0x9CFF, 0x9CFF, 0x9CFF, 0x9CFF, 0x9CFF, 0x9CFF, 0x9CFF, 0x9CFF, 0x9CFF, 0x9CFF, 0x9CFF, 0x9CFF, 
    0x9CFF, 0x9CFF, 0x9CFF, 0x9CFF, 0x9CFF, 0x9CFF, 0x9CFF, 0x9CFF, 0x9CFF, 0x9CFF, 0x9CFF, 0x9BFF, 
    0xBDFF, 0x9AC6, 0xD474, 0x9CAE, 0xFDBE, 0x1DB7, 0xFDBE, 0xFDBE, 0xFDBE, 0xFDBE, 0xFDBE, 0xFDBE, 
    0xFDBE, 0xFDBE, 0xFDBE, 0xFDBE, 0xFDBE, 0xFDBE, 0xFDBE, 0xFDBE, 0xFDBE, 0xFDBE, 0xFDBE, 0xFDBE, 
    0xFDBE, 0xFDBE, 0xFDBE, 0xFDBE, 
    0x9BAE, 0x1DBF, 0xFDBE, 0xFDBE, 0xFDBE, 0xFDBE, 0xFDBE, 0xFDBE, 
    0xFDBE, 0xFDBE, 0xFDBE, 0xFDBE, 0xFDBE, 0xFDBE, 0xFDBE, 0xFDBE, 0xFDBE, 0xFDBE, 0xFDBE, 0xFDBE, 
    0xFDBE, 0xFDBE, 0xFDBE, 0xFDB6, 0x1DBF, 0xB985, 0x578D, 0x9CFF, 0x9CFF, 0x9DFF, 0x9CFF, 0x9CFF, 
    0x9CFF, 0x9CFF, 0x9CFF, 0x9CFF, 0x9CFF, 0x9CFF, 0x9CFF, 0x9CFF, 0x9CFF, 0x9CFF, 0x9CFF, 0x9CFF, 
    0x9CFF, 0x9CFF, 0x9CFF, 0x9CFF, 0x9CFF, 0x9CFF, 0x9CFF, 0x9CFF, 0x9CFF, 0x9CFF, 0x9CFF, 0x9CFF, 
    0x9CFF, 0x9CFF, 0x9CFF, 0x9CFF, 0x9CFF, 0x9CFF, 0x9CFF, 0x9CFF, 0x9CFF, 0x9CFF, 0x9CFF, 0x9CFF, 
    0x9CFF, 0x9CFF, 0x9CFF, 0x9CFF, 0x9CFF, 0x9CFF, 0x9CFF, 0x9CFF, 0x9CFF, 0x9CFF, 0x9CFF, 0x9CFF, 
    0x9CFF, 0x9CFF, 0x9CFF, 0x9CFF, 0x9CFF, 0x9CFF, 0x9CFF, 0x9CFF, 0x9CFF, 0x9CFF, 0x9CFF, 0x9CFF, 
    0x9CFF, 0x9CFF, 0x9CFF, 0x9CFF, 0x9CFF, 0x9CFF, 0x9CFF, 0x9CFF, 0x9CFF, 0x9CFF, 0x9CFF, 0x9CFF, 
    0x9CFF, 0x9CFF, 0x9CFF, 0x9CFF, 0x9CFF, 0x9CFF, 0x9CFF, 0x9CFF, 0x9CFF, 0x9CFF, 0x9CFF, 0x9CFF, 
    0x9CFF, 0x9CFF, 0x9CFF, 0x9CFF, 0x9CFF, 0x9CFF, 0x9CFF, 0x9CFF, 0x9CFF, 0x9CFF, 0x9CFF, 0x9CFF, 
    0x9CFF, 0x9CFF, 0x9CFF, 0x9CFF, 0x9CFF, 0x9CFF, 0x9CFF, 0x9CFF, 0x9CFF, 0x9CFF, 0x9CFF, 0x9CFF, 
    0x9CFF, 0x9CFF, 0x9CFF, 0x9CFF, 0x9CFF, 0x9CFF, 0x9CFF, 0x9CFF, 0x9CFF, 0x9CFF, 0x9CFF, 0x9CFF, 
    0x9CFF, 0x9CFF, 0x9CFF, 0x9CFF, 0x9CFF, 0x9CFF, 0x9CFF, 0x9CFF, 0x9CFF, 0x9CFF, 0x9CFF, 0x9CFF, 
    0x9CFF, 0x9CFF, 0x9CFF, 0x9CFF, 0x9CFF, 0x9CFF, 0x9CFF, 0x9CFF, 0x9CFF, 0x9CFF, 0x9CFF, 0x9CFF, 
    0x9CFF, 0x9CFF, 0x9CFF, 0x9CFF, 0x9CFF, 0x9CFF, 0x9CFF, 0x9CFF, 0x9CFF, 0x9CFF, 0x9CFF, 0x9CFF, 
    0x9CFF, 0x9CFF, 0x9CFF, 0x9CFF, 0x9CFF, 0x9CFF, 0x9CFF, 0x9CFF, 0x9CFF, 0x9CFF, 0x9CFF, 0x9CFF, 
    0x9CFF, 0x9CFF, 0x9CFF, 0x9CFF, 0x9CFF, 0x9CFF, 0x9CFF, 0x9CFF, 0x9CFF, 0x9CFF, 0x9CFF, 0x9CFF, 
    0x9CFF, 0x9CFF, 0x9CFF, 0x9CFF, 0x9CFF, 0x9CFF, 0x9CFF, 0x9CFF, 0x9CFF, 0x9CFF, 0x9CFF, 0x9CFF, 
    0x9CFF, 0x9CFF, 0x9CFF, 0x9CFF, 0x9CFF, 0x9CFF, 0x9CFF, 0x9CFF, 0x9CFF, 0x9CFF, 0x9CFF, 0x9CFF, 
    0x9CFF, 0x9CFF, 0x9CFF, 0x9CFF, 0x9CFF, 0x9CFF, 0x9CFF, 0x9CFF, 0x9CFF, 0x9CFF, 0x9CFF, 0x9CFF, 
    0x9CFF, 0x9CFF, 0x9CFF, 0x9CFF, 0x9CFF, 0x9CFF, 0x9CFF, 0x9BFF, 0xBDFF, 0x9AC6, 0xD474, 0x9CAE, 
    0xFDBE, 0x1DB7, 0xFDBE, 0xFDBE, 0xFDBE, 0xFDBE, 0xFDBE, 0xFDBE, 0xFDBE, 0xFDBE, 0xFDBE, 0xFDBE, 
    0xFDBE, 0xFDBE, 0xFDBE, 0xFDBE, 0xFDBE, 0xFDBE, 0xFDBE, 0xFDBE, 0xFDBE, 0xFDBE, 0xFDBE, 0xFDBE, 
    
    0x9BAE, 0x1DBF, 0xFDBE, 0xFDBE, 0xFDBE, 0xFDBE, 0xFDBE, 0xFDBE, 0xFDBE, 0xFDBE, 0xFDBE, 0xFDBE, 
    0xFDBE, 0xFDBE, 0xFDBE, 0xFDBE, 0xFDBE, 0xFDBE, 0xFDBE, 0xFDBE, 0xFDBE, 0xFDBE, 0xFDBE, 0xFDB6, 
    0x1DBF, 0xB985, 0x578D, 0x9CFF, 0x9CFF, 0x9DFF, 0x9CFF, 0x9CFF, 0x9CFF, 0x9CFF, 0x9CFF, 0x9CFF, 
    0x9CFF, 0x9CFF, 0x9CFF, 0x9CFF, 0x9CFF, 0x9CFF, 0x9CFF, 0x9CFF, 0x9CFF, 0x9CFF, 0x9CFF, 0x9CFF, 
    0x9CFF, 0x9CFF, 0x9CFF, 0x9CFF, 0x9CFF, 0x9CFF, 0x9CFF, 0x9CFF, 0x9CFF, 0x9CFF, 0x9CFF, 0x9CFF, 
    0x9CFF, 0x9CFF, 0x9CFF, 0x9CFF, 0x9CFF, 0x9CFF, 0x9CFF, 0x9CFF, 0x9CFF, 0x9CFF, 0x9CFF, 0x9CFF, 
    0x9CFF, 0x9CFF, 0x9CFF, 0x9CFF, 0x9CFF, 0x9CFF, 0x9CFF, 0x9CFF, 0x9CFF, 0x9CFF, 0x9CFF, 0x9CFF, 
    0x9CFF, 0x9CFF, 0x9CFF, 0x9CFF, 0x9CFF, 0x9CFF, 0x9CFF, 0x9CFF, 0x9CFF, 0x9CFF, 0x9CFF, 0x9CFF, 
    0x9CFF, 0x9CFF, 0x9CFF, 0x9CFF, 0x9CFF, 0x9CFF, 0x9CFF, 0x9CFF, 0x9CFF, 0x9CFF, 0x9CFF, 0x9CFF, 
    0x9CFF, 0x9CFF, 0x9CFF, 0x9CFF, 0x9CFF, 0x9CFF, 0x9CFF, 0x9CFF, 0x9CFF, 0x9CFF, 0x9CFF, 0x9CFF, 
    0x9CFF, 0x9CFF, 0x9CFF, 0x9CFF, 0x9CFF, 0x9CFF, 0x9CFF, 0x9CFF, 0x9CFF, 0x9CFF, 0x9CFF, 0x9CFF, 
    0x9CFF, 0x9CFF, 0x9CFF, 0x9CFF, 0x9CFF, 0x9CFF, 0x9CFF, 0x9CFF, 0x9CFF, 0x9CFF, 0x9CFF, 0x9CFF, 
    0x9CFF, 0x9CFF, 0x9CFF, 0x9CFF, 0x9CFF, 0x9CFF, 0x9CFF, 0x9CFF, 0x9CFF, 0x9CFF, 0x9CFF, 0x9CFF, 
    0x9CFF, 0x9CFF, 0x9CFF, 0x9CFF, 0x9CFF, 0x9CFF, 0x9CFF, 0x9CFF, 0x9CFF, 0x9CFF, 0x9CFF, 0x9CFF, 
    0x9CFF, 0x9CFF, 0x9CFF, 0x9CFF, 0x9CFF, 0x9CFF, 0x9CFF, 0x9CFF, 0x9CFF, 0x9CFF, 0x9CFF, 0x9CFF, 
    0x9CFF, 0x9CFF, 0x9CFF, 0x9CFF, 0x9CFF, 0x9CFF, 0x9CFF, 0x9CFF, 0x9CFF, 0x9CFF, 0x9CFF, 0x9CFF, 
    0x9CFF, 0x9CFF, 0x9CFF, 0x9CFF, 0x9CFF, 0x9CFF, 0x9CFF, 0x9CFF, 0x9CFF, 0x9CFF, 0x9CFF, 0x9CFF, 
    0x9CFF, 0x9CFF, 0x9CFF, 0x9CFF, 0x9CFF, 0x9CFF, 0x9CFF, 0x9CFF, 0x9CFF, 0x9CFF, 0x9CFF, 0x9CFF, 
    0x9CFF, 0x9CFF, 0x9CFF, 0x9CFF, 0x9CFF, 0x9CFF, 0x9CFF, 0x9CFF, 0x9CFF, 0x9CFF, 0x9CFF, 0x9CFF, 
    0x9CFF, 0x9CFF, 0x9CFF, 0x9CFF, 0x9CFF, 0x9CFF, 0x9CFF, 0x9CFF, 0x9CFF, 0x9CFF, 0x9CFF, 0x9CFF, 
    0x9CFF, 0x9CFF, 0x9CFF, 0x9CFF, 0x9CFF, 0x9CFF, 0x9CFF, 0x9CFF, 0x9CFF, 0x9CFF, 0x9CFF, 0x9CFF, 
    0x9CFF, 0x9CFF, 0x9CFF, 0x9BFF, 0xBDFF, 0x9AC6, 0xD474, 0x9CAE, 0xFDBE, 0x1DB7, 0xFDBE, 0xFDBE, 
    0xFDBE, 0xFDBE, 0xFDBE, 0xFDBE, 0xFDBE, 0xFDBE, 0xFDBE, 0xFDBE, 0xFDBE, 0xFDBE, 0xFDBE, 0xFDBE, 
    0xFDBE, 0xFDBE, 0xFDBE, 0xFDBE, 0xFDBE, 0xFDBE, 0xFDBE, 0xFDBE, 
    0x9BAE, 0x1DBF, 0xFDBE, 0xFDBE, 
    0xFDBE, 0xFDBE, 0xFDBE, 0xFDBE, 0xFDBE, 0xFDBE, 0xFDBE, 0xFDBE, 0xFDBE, 0xFDBE, 0xFDBE, 0xFDBE, 
    0xFDBE, 0xFDBE, 0xFDBE, 0xFDBE, 0xFDBE, 0xFDBE, 0xFDBE, 0xFDB6, 0x1DBF, 0xB985, 0x578D, 0x9CFF, 
    0x9CFF, 0x9DFF, 0x9CFF, 0x9CFF, 0x9CFF, 0x9CFF, 0x9CFF, 0x9CFF, 0x9CFF, 0x9CFF, 0x9CFF, 0x9CFF, 
    0x9CFF, 0x9CFF, 0x9CFF, 0x9CFF, 0x9CFF, 0x9CFF, 0x9CFF, 0x9CFF, 0x9CFF, 0x9CFF, 0x9CFF, 0x9CFF, 
    0x9CFF, 0x9CFF, 0x9CFF, 0x9CFF, 0x9CFF, 0x9CFF, 0x9CFF, 0x9CFF, 0x9CFF, 0x9CFF, 0x9CFF, 0x9CFF, 
    0x9CFF, 0x9CFF, 0x9CFF, 0x9CFF, 0x9CFF, 0x9CFF, 0x9CFF, 0x9CFF, 0x9CFF, 0x9CFF, 0x9CFF, 0x9CFF, 
    0x9CFF, 0x9CFF, 0x9CFF, 0x9CFF, 0x9CFF, 0x9CFF, 0x9CFF, 0x9CFF, 0x9CFF, 0x9CFF, 0x9CFF, 0x9CFF, 
    0x9CFF, 0x9CFF, 0x9CFF, 0x9CFF, 0x9CFF, 0x9CFF, 0x9CFF, 0x9CFF, 0x9CFF, 0x9CFF, 0x9CFF, 0x9CFF, 
    0x9CFF, 0x9CFF, 0x9CFF, 0x9CFF, 0x9CFF, 0x9CFF, 0x9CFF, 0x9CFF, 0x9CFF, 0x9CFF, 0x9CFF, 0x9CFF, 
    0x9CFF, 0x9CFF, 0x9CFF, 0x9CFF, 0x9CFF, 0x9CFF, 0x9CFF, 0x9CFF, 0x9CFF, 0x9CFF, 0x9CFF, 0x9CFF, 
    0x9CFF, 0x9CFF, 0x9CFF, 0x9CFF, 0x9CFF, 0x9CFF, 0x9CFF, 0x9CFF, 0x9CFF, 0x9CFF, 0x9CFF, 0x9CFF, 
    0x9CFF, 0x9CFF, 0x9CFF, 0x9CFF, 0x9CFF, 0x9CFF, 0x9CFF, 0x9CFF, 0x9CFF, 0x9CFF, 0x9CFF, 0x9CFF, 
    0x9CFF, 0x9CFF, 0x9CFF, 0x9CFF, 0x9CFF, 0x9CFF, 0x9CFF, 0x9CFF, 0x9CFF, 0x9CFF, 0x9CFF, 0x9CFF, 
    0x9CFF, 0x9CFF, 0x9CFF, 0x9CFF, 0x9CFF, 0x9CFF, 0x9CFF, 0x9CFF, 0x9CFF, 0x9CFF, 0x9CFF, 0x9CFF, 
    0x9CFF, 0x9CFF, 0x9CFF, 0x9CFF, 0x9CFF, 0x9CFF, 0x9CFF, 0x9CFF, 0x9CFF, 0x9CFF, 0x9CFF, 0x9CFF, 
    0x9CFF, 0x9CFF, 0x9CFF, 0x9CFF, 0x9CFF, 0x9CFF, 0x9CFF, 0x9CFF, 0x9CFF, 0x9CFF, 0x9CFF, 0x9CFF, 
    0x9CFF, 0x9CFF, 0x9CFF, 0x9CFF, 0x9CFF, 0x9CFF, 0x9CFF, 0x9CFF, 0x9CFF, 0x9CFF, 0x9CFF, 0x9CFF, 
    0x9CFF, 0x9CFF, 0x9CFF, 0x9CFF, 0x9CFF, 0x9CFF, 0x9CFF, 0x9CFF, 0x9CFF, 0x9CFF, 0x9CFF, 0x9CFF, 
    0x9CFF, 0x9CFF, 0x9CFF, 0x9CFF, 0x9CFF, 0x9CFF, 0x9CFF, 0x9CFF, 0x9CFF, 0x9CFF, 0x9CFF, 0x9CFF, 
    0x9CFF, 0x9CFF, 0x9CFF, 0x9CFF, 0x9CFF, 0x9CFF, 0x9CFF, 0x9CFF, 0x9CFF, 0x9CFF, 0x9CFF, 0x9CFF, 
    0x9CFF, 0x9CFF, 0x9CFF, 0x9CFF, 0x9CFF, 0x9CFF, 0x9CFF, 0x9CFF, 0x9CFF, 0x9CFF, 0x9CFF, 0x9BFF, 
    0xBDFF, 0x9AC6, 0xD474, 0x9CAE, 0xFDBE, 0x1DB7, 0xFDBE, 0xFDBE, 0xFDBE, 0xFDBE, 0xFDBE, 0xFDBE, 
    0xFDBE, 0xFDBE, 0xFDBE, 0xFDBE, 0xFDBE, 0xFDBE, 0xFDBE, 0xFDBE, 0xFDBE, 0xFDBE, 0xFDBE, 0xFDBE, 
    0xFDBE, 0xFDBE, 0xFDBE, 0xFDBE, 
    0x9BAE, 0x1DBF, 0xFDBE, 0xFDBE, 0xFDBE, 0xFDBE, 0xFDBE, 0xFDBE, 
    0xFDBE, 0xFDBE, 0xFDBE, 0xFDBE, 0xFDBE, 0xFDBE, 0xFDBE, 0xFDBE, 0xFDBE, 0xFDBE, 0xFDBE, 0xFDBE, 
    0xFDBE, 0xFDBE, 0xFDBE, 0xFDB6, 0x1DBF, 0x9885, 0x578D, 0x9CFF, 0x9CFF, 0x9DFF, 0x9CFF, 0x9CFF, 
    0x9CFF, 0x9CFF, 0x9CFF, 0x9CFF, 0x9CFF, 0x9CFF, 0x9CFF, 0x9CFF, 0x9CFF, 0x9CFF, 0x9CFF, 0x9CFF, 
    0x9CFF, 0x9CFF, 0x9CFF, 0x9CFF, 0x9CFF, 0x9CFF, 0x9CFF, 0x9CFF, 0x9CFF, 0x9CFF, 0x9CFF, 0x9CFF, 
    0x9CFF, 0x9CFF, 0x9CFF, 0x9CFF, 0x9CFF, 0x9CFF, 0x9CFF, 0x9CFF, 0x9CFF, 0x9CFF, 0x9CFF, 0x9CFF, 
    0x9CFF, 0x9CFF, 0x9CFF, 0x9CFF, 0x9CFF, 0x9CFF, 0x9CFF, 0x9CFF, 0x9CFF, 0x9CFF, 0x9CFF, 0x9CFF, 
    0x9CFF, 0x9CFF, 0x9CFF, 0x9CFF, 0x9CFF, 0x9CFF, 0x9CFF, 0x9CFF, 0x9CFF, 0x9CFF, 0x9CFF, 0x9CFF, 
    0x9CFF, 0x9CFF, 0x9CFF, 0x9CFF, 0x9CFF, 0x9CFF, 0x9CFF, 0x9CFF, 0x9CFF, 0x9CFF, 0x9CFF, 0x9CFF, 
    0x9CFF, 0x9CFF, 0x9CFF, 0x9CFF, 0x9CFF, 0x9CFF, 0x9CFF, 0x9CFF, 0x9CFF, 0x9CFF, 0x9CFF, 0x9CFF, 
    0x9CFF, 0x9CFF, 0x9CFF, 0x9CFF, 0x9CFF, 0x9CFF, 0x9CFF, 0x9CFF, 0x9CFF, 0x9CFF, 0x9CFF, 0x9CFF, 
    0x9CFF, 0x9CFF, 0x9CFF, 0x9CFF, 0x9CFF, 0x9CFF, 0x9CFF, 0x9CFF, 0x9CFF, 0x9CFF, 0x9CFF, 0x9CFF, 
    0x9CFF, 0x9CFF, 0x9CFF, 0x9CFF, 0x9CFF, 0x9CFF, 0x9CFF, 0x9CFF, 0x9CFF, 0x9CFF, 0x9CFF, 0x9CFF, 
    0x9CFF, 0x9CFF, 0x9CFF, 0x9CFF, 0x9CFF, 0x9CFF, 0x9CFF, 0x9CFF, 0x9CFF, 0x9CFF, 0x9CFF, 0x9CFF, 
    0x9CFF, 0x9CFF, 0x9CFF, 0x9CFF, 0x9CFF, 0x9CFF, 0x9CFF, 0x9CFF, 0x9CFF, 0x9CFF, 0x9CFF, 0x9CFF, 
    0x9CFF, 0x9CFF, 0x9CFF, 0x9CFF, 0x9CFF, 0x9CFF, 0x9CFF, 0x9CFF, 0x9CFF, 0x9CFF, 0x9CFF, 0x9CFF, 
    0x9CFF, 0x9CFF, 0x9CFF, 0x9CFF, 0x9CFF, 0x9CFF, 0x9CFF, 0x9CFF, 0x9CFF, 0x9CFF, 0x9CFF, 0x9CFF, 
    0x9CFF, 0x9CFF, 0x9CFF, 0x9CFF, 0x9CFF, 0x9CFF, 0x9CFF, 0x9CFF, 0x9CFF, 0x9CFF, 0x9CFF, 0x9CFF, 
    0x9CFF, 0x9CFF, 0x9CFF, 0x9CFF, 0x9CFF, 0x9CFF, 0x9CFF, 0x9CFF, 0x9CFF, 0x9CFF, 0x9CFF, 0x9CFF, 
    0x9CFF, 0x9CFF, 0x9CFF, 0x9CFF, 0x9CFF, 0x9CFF, 0x9CFF, 0x9CFF, 0x9CFF, 0x9CFF, 0x9CFF, 0x9CFF, 
    0x9CFF, 0x9CFF, 0x9CFF, 0x9CFF, 0x9CFF, 0x9CFF, 0x9CFF, 0x9CFF, 0x9CFF, 0x9CFF, 0x9CFF, 0x9CFF, 
    0x9CFF, 0x9CFF, 0x9CFF, 0x9CFF, 0x9CFF, 0x9CFF, 0x9CFF, 0x9BFF, 0xBDFF, 0x9AC6, 0xD474, 0x9CAE, 
    0xFDBE, 0x1DB7, 0xFDBE, 0xFDBE, 0xFDBE, 0xFDBE, 0xFDBE, 0xFDBE, 0xFDBE, 0xFDBE, 0xFDBE, 0xFDBE, 
    0xFDBE, 0xFDBE, 0xFDBE, 0xFDBE, 0xFDBE, 0xFDBE, 0xFDBE, 0xFDBE, 0xFDBE, 0xFDBE, 0xFDBE, 0xFDBE, 
    
    0x9BAE, 0x1DBF, 0xFDBE, 0xFDBE, 0xFDBE, 0xFDBE, 0xFDBE, 0xFDBE, 0xFDBE, 0xFDBE, 0xFDBE, 0xFDBE, 
    0xFDBE, 0xFDBE, 0xFDBE, 0xFDBE, 0xFDBE, 0xFDBE, 0xFDBE, 0xFDBE, 0xFDBE, 0xFDBE, 0xFDBE, 0xFDB6, 
    0x1DBF, 0x9885, 0x578D, 0x9CFF, 0x9CFF, 0x9DFF, 0x9CFF, 0x9CFF, 0x9CFF, 0x9CFF, 0x9CFF, 0x9CFF, 
    0x9CFF, 0x9CFF, 0x9CFF, 0x9CFF, 0x9CFF, 0x9CFF, 0x9CFF, 0x9CFF, 0x9CFF, 0x9CFF, 0x9CFF, 0x9CFF, 
    0x9CFF, 0x9CFF, 0x9CFF, 0x9CFF, 0x9CFF, 0x9CFF, 0x9CFF, 0x9CFF, 0x9CFF, 0x9CFF, 0x9CFF, 0x9CFF, 
    0x9CFF, 0x9CFF, 0x9CFF, 0x9CFF, 0x9CFF, 0x9CFF, 0x9CFF, 0x9CFF, 0x9CFF, 0x9CFF, 0x9CFF, 0x9CFF, 
    0x9CFF, 0x9CFF, 0x9CFF, 0x9CFF, 0x9CFF, 0x9CFF, 0x9CFF, 0x9CFF, 0x9CFF, 0x9CFF, 0x9CFF, 0x9CFF, 
    0x9CFF, 0x9CFF, 0x9CFF, 0x9CFF, 0x9CFF, 0x9CFF, 0x9CFF, 0x9CFF, 0x9CFF, 0x9CFF, 0x9CFF, 0x9CFF, 
    0x9CFF, 0x9CFF, 0x9CFF, 0x9CFF, 0x9CFF, 0x9CFF, 0x9CFF, 0x9CFF, 0x9CFF, 0x9CFF, 0x9CFF, 0x9CFF, 
    0x9CFF, 0x9CFF, 0x9CFF, 0x9CFF, 0x9CFF, 0x9CFF, 0x9CFF, 0x9CFF, 0x9CFF, 0x9CFF, 0x9CFF, 0x9CFF, 
    0x9CFF, 0x9CFF, 0x9CFF, 0x9CFF, 0x9CFF, 0x9CFF, 0x9CFF, 0x9CFF, 0x9CFF, 0x9CFF, 0x9CFF, 0x9CFF, 
    0x9CFF, 0x9CFF, 0x9CFF, 0x9CFF, 0x9CFF, 0x9CFF, 0x9CFF, 0x9CFF, 0x9CFF, 0x9CFF, 0x9CFF, 0x9CFF, 
    0x9CFF, 0x9CFF, 0x9CFF, 0x9CFF, 0x9CFF, 0x9CFF, 0x9CFF, 0x9CFF, 0x9CFF, 0x9CFF, 0x9CFF, 0x9CFF, 
    0x9CFF, 0x9CFF, 0x9CFF, 0x9CFF, 0x9CFF, 0x9CFF, 0x9CFF, 0x9CFF, 0x9CFF, 0x9CFF, 0x9CFF, 0x9CFF, 
    0x9CFF, 0x9CFF, 0x9CFF, 0x9CFF, 0x9CFF, 0x9CFF, 0x9CFF, 0x9CFF, 0x9CFF, 0x9CFF, 0x9CFF, 0x9CFF, 
    0x9CFF, 0x9CFF, 0x9CFF, 0x9CFF, 0x9CFF, 0x9CFF, 0x9CFF, 0x9CFF, 0x9CFF, 0x9CFF, 0x9CFF, 0x9CFF, 
    0x9CFF, 0x9CFF, 0x9CFF, 0x9CFF, 0x9CFF, 0x9CFF, 0x9CFF, 0x9CFF, 0x9CFF, 0x9CFF, 0x9CFF, 0x9CFF, 
    0x9CFF, 0x9CFF, 0x9CFF, 0x9CFF, 0x9CFF, 0x9CFF, 0x9CFF, 0x9CFF, 0x9CFF, 0x9CFF, 0x9CFF, 0x9CFF, 
    0x9CFF, 0x9CFF, 0x9CFF, 0x9CFF, 0x9CFF, 0x9CFF, 0x9CFF, 0x9CFF, 0x9CFF, 0x9CFF, 0x9CFF, 0x9CFF, 
    0x9CFF, 0x9CFF, 0x9CFF, 0x9CFF, 0x9CFF, 0x9CFF, 0x9CFF, 0x9CFF, 0x9CFF, 0x9CFF, 0x9CFF, 0x9CFF, 
    0x9CFF, 0x9CFF, 0x9CFF, 0x9CFF, 0x9CFF, 0x9CFF, 0x9CFF, 0x9CFF, 0x9CFF, 0x9CFF, 0x9CFF, 0x9CFF, 
    0x9CFF, 0x9CFF, 0x9CFF, 0x9BFF, 0xBDFF, 0x9AC6, 0xD474, 0x9CAE, 0xFDBE, 0x1DB7, 0xFDBE, 0xFDBE, 
    0xFDBE, 0xFDBE, 0xFDBE, 0xFDBE, 0xFDBE, 0xFDBE, 0xFDBE, 0xFDBE, 0xFDBE, 0xFDBE, 0xFDBE, 0xFDBE, 
    0xFDBE, 0xFDBE, 0xFDBE, 0xFDBE, 0xFDBE, 0xFDBE, 0xFDBE, 0xFDBE, 
    0x9BAE, 0x1DBF, 0xFDBE, 0xFDBE, 
    0xFDBE, 0xFDBE, 0xFDBE, 0xFDBE, 0xFDBE, 0xFDBE, 0xFDBE, 0xFDBE, 0xFDBE, 0xFDBE, 0xFDBE, 0xFDBE, 
    0xFDBE, 0xFDBE, 0xFDBE, 0xFDBE, 0xFDBE, 0xFDBE, 0xFDBE, 0xFDB6, 0x1DBF, 0x9885, 0x578D, 0x9CFF, 
    0x9CFF, 0x9DFF, 0x9CFF, 0x9CFF, 0x9CFF, 0x9CFF, 0x9CFF, 0x9CFF, 0x9CFF, 0x9CFF, 0x9CFF, 0x9CFF, 
    0x9CFF, 0x9CFF, 0x9CFF, 0x9CFF, 0x9CFF, 0x9CFF, 0x9CFF, 0x9CFF, 0x9CFF, 0x9CFF, 0x9CFF, 0x9CFF, 
    0x9CFF, 0x9CFF, 0x9CFF, 0x9CFF, 0x9CFF, 0x9CFF, 0x9CFF, 0x9CFF, 0x9CFF, 0x9CFF, 0x9CFF, 0x9CFF, 
    0x9CFF, 0x9CFF, 0x9CFF, 0x9CFF, 0x9CFF, 0x9CFF, 0x9CFF, 0x9CFF, 0x9CFF, 0x9CFF, 0x9CFF, 0x9CFF, 
    0x9CFF, 0x9CFF, 0x9CFF, 0x9CFF, 0x9CFF, 0x9CFF, 0x9CFF, 0x9CFF, 0x9CFF, 0x9CFF, 0x9CFF, 0x9CFF, 
    0x9CFF, 0x9CFF, 0x9CFF, 0x9CFF, 0x9CFF, 0x9CFF, 0x9CFF, 0x9CFF, 0x9CFF, 0x9CFF, 0x9CFF, 0x9CFF, 
    0x9CFF, 0x9CFF, 0x9CFF, 0x9CFF, 0x9CFF, 0x9CFF, 0x9CFF, 0x9CFF, 0x9CFF, 0x9CFF, 0x9CFF, 0x9CFF, 
    0x9CFF, 0x9CFF, 0x9CFF, 0x9CFF, 0x9CFF, 0x9CFF, 0x9CFF, 0x9CFF, 0x9CFF, 0x9CFF, 0x9CFF, 0x9CFF, 
    0x9CFF, 0x9CFF, 0x9CFF, 0x9CFF, 0x9CFF, 0x9CFF, 0x9CFF, 0x9CFF, 0x9CFF, 0x9CFF, 0x9CFF, 0x9CFF, 
    0x9CFF, 0x9CFF, 0x9CFF, 0x9CFF, 0x9CFF, 0x9CFF, 0x9CFF, 0x9CFF, 0x9CFF, 0x9CFF, 0x9CFF, 0x9CFF, 
    0x9CFF, 0x9CFF, 0x9CFF, 0x9CFF, 0x9CFF, 0x9CFF, 0x9CFF, 0x9CFF, 0x9CFF, 0x9CFF, 0x9CFF, 0x9CFF, 
    0x9CFF, 0x9CFF, 0x9CFF, 0x9CFF, 0x9CFF, 0x9CFF, 0x9CFF, 0x9CFF, 0x9CFF, 0x9CFF, 0x9CFF, 0x9CFF, 
    0x9CFF, 0x9CFF, 0x9CFF, 0x9CFF, 0x9CFF, 0x9CFF, 0x9CFF, 0x9CFF, 0x9CFF, 0x9CFF, 0x9CFF, 0x9CFF, 
    0x9CFF, 0x9CFF, 0x9CFF, 0x9CFF, 0x9CFF, 0x9CFF, 0x9CFF, 0x9CFF, 0x9CFF, 0x9CFF, 0x9CFF, 0x9CFF, 
    0x9CFF, 0x9CFF, 0x9CFF, 0x9CFF, 0x9CFF, 0x9CFF, 0x9CFF, 0x9CFF, 0x9CFF, 0x9CFF, 0x9CFF, 0x9CFF, 
    0x9CFF, 0x9CFF, 0x9CFF, 0x9CFF, 0x9CFF, 0x9CFF, 0x9CFF, 0x9CFF, 0x9CFF, 0x9CFF, 0x9CFF, 0x9CFF, 
    0x9CFF, 0x9CFF, 0x9CFF, 0x9CFF, 0x9CFF, 0x9CFF, 0x9CFF, 0x9CFF, 0x9CFF, 0x9CFF, 0x9CFF, 0x9CFF, 
    0x9CFF, 0x9CFF, 0x9CFF, 0x9CFF, 0x9CFF, 0x9CFF, 0x9CFF, 0x9CFF, 0x9CFF, 0x9CFF, 0x9CFF, 0x9CFF, 
    0x9CFF, 0x9CFF, 0x9CFF, 0x9CFF, 0x9CFF, 0x9CFF, 0x9CFF, 0x9CFF, 0x9CFF, 0x9CFF, 0x9CFF, 0x9BFF, 
    0xBDFF, 0x9AC6, 0xD474, 0x9CAE, 0xFDBE, 0x1DB7, 0xFDBE, 0xFDBE, 0xFDBE, 0xFDBE, 0xFDBE, 0xFDBE, 
    0xFDBE, 0xFDBE, 0xFDBE, 0xFDBE, 0xFDBE, 0xFDBE, 0xFDBE, 0xFDBE, 0xFDBE, 0xFDBE, 0xFDBE, 0xFDBE, 
    0xFDBE, 0xFDBE, 0xFDBE, 0xFDBE, 
    0x9BAE, 0x1DBF, 0xFDBE, 0xFDBE, 0xFDBE, 0xFDBE, 0xFDBE, 0xFDBE, 
    0xFDBE, 0xFDBE, 0xFDBE, 0xFDBE, 0xFDBE, 0xFDBE, 0xFDBE, 0xFDBE, 0xFDBE, 0xFDBE, 0xFDBE, 0xFDBE, 
    0xFDBE, 0xFDBE, 0xFDBE, 0xFDB6, 0x1DBF, 0x9885, 0x578D, 0x9CFF, 0x9CFF, 0x9DFF, 0x9CFF, 0x9CFF, 
    0x9CFF, 0x9CFF, 0x9CFF, 0x9CFF, 0x9CFF, 0x9CFF, 0x9CFF, 0x9CFF, 0x9CFF, 0x9CFF, 0x9CFF, 0x9CFF, 
    0x9CFF, 0x9CFF, 0x9CFF, 0x9CFF, 0x9CFF, 0x9CFF, 0x9CFF, 0x9CFF, 0x9CFF, 0x9CFF, 0x9CFF, 0x9CFF, 
    0x9CFF, 0x9CFF, 0x9CFF, 0x9CFF, 0x9CFF, 0x9CFF, 0x9CFF, 0x9CFF, 0x9CFF, 0x9CFF, 0x9CFF, 0x9CFF, 
    0x9CFF, 0x9CFF, 0x9CFF, 0x9CFF, 0x9CFF, 0x9CFF, 0x9CFF, 0x9CFF, 0x9CFF, 0x9CFF, 0x9CFF, 0x9CFF, 
    0x9CFF, 0x9CFF, 0x9CFF, 0x9CFF, 0x9CFF, 0x9CFF, 0x9CFF, 0x9CFF, 0x9CFF, 0x9CFF, 0x9CFF, 0x9CFF, 
    0x9CFF, 0x9CFF, 0x9CFF, 0x9CFF, 0x9CFF, 0x9CFF, 0x9CFF, 0x9CFF, 0x9CFF, 0x9CFF, 0x9CFF, 0x9CFF, 
    0x9CFF, 0x9CFF, 0x9CFF, 0x9CFF, 0x9CFF, 0x9CFF, 0x9CFF, 0x9CFF, 0x9CFF, 0x9CFF, 0x9CFF, 0x9CFF, 
    0x9CFF, 0x9CFF, 0x9CFF, 0x9CFF, 0x9CFF, 0x9CFF, 0x9CFF, 0x9CFF, 0x9CFF, 0x9CFF, 0x9CFF, 0x9CFF, 
    0x9CFF, 0x9CFF, 0x9CFF, 0x9CFF, 0x9CFF, 0x9CFF, 0x9CFF, 0x9CFF, 0x9CFF, 0x9CFF, 0x9CFF, 0x9CFF, 
    0x9CFF, 0x9CFF, 0x9CFF, 0x9CFF, 0x9CFF, 0x9CFF, 0x9CFF, 0x9CFF, 0x9CFF, 0x9CFF, 0x9CFF, 0x9CFF, 
    0x9CFF, 0x9CFF, 0x9CFF, 0x9CFF, 0x9CFF, 0x9CFF, 0x9CFF, 0x9CFF, 0x9CFF, 0x9CFF, 0x9CFF, 0x9CFF, 
    0x9CFF, 0x9CFF, 0x9CFF, 0x9CFF, 0x9CFF, 0x9CFF, 0x9CFF, 0x9CFF, 0x9CFF, 0x9CFF, 0x9CFF, 0x9CFF, 
    0x9CFF, 0x9CFF, 0x9CFF, 0x9CFF, 0x9CFF, 0x9CFF, 0x9CFF, 0x9CFF, 0x9CFF, 0x9CFF, 0x9CFF, 0x9CFF, 
    0x9CFF, 0x9CFF, 0x9CFF, 0x9CFF, 0x9CFF, 0x9CFF, 0x9CFF, 0x9CFF, 0x9CFF, 0x9CFF, 0x9CFF, 0x9CFF, 
    0x9CFF, 0x9CFF, 0x9CFF, 0x9CFF, 0x9CFF, 0x9CFF, 0x9CFF, 0x9CFF, 0x9CFF, 0x9CFF, 0x9CFF, 0x9CFF, 
    0x9CFF, 0x9CFF, 0x9CFF, 0x9CFF, 0x9CFF, 0x9CFF, 0x9CFF, 0x9CFF, 0x9CFF, 0x9CFF, 0x9CFF, 0x9CFF, 
    0x9CFF, 0x9CFF, 0x9CFF, 0x9CFF, 0x9CFF, 0x9CFF, 0x9CFF, 0x9CFF, 0x9CFF, 0x9CFF, 0x9CFF, 0x9CFF, 
    0x9CFF, 0x9CFF, 0x9CFF, 0x9CFF, 0x9CFF, 0x9CFF, 0x9CFF, 0x9CFF, 0x9CFF, 0x9CFF, 0x9CFF, 0x9CFF, 
    0x9CFF, 0x9CFF, 0x9CFF, 0x9CFF, 0x9CFF, 0x9CFF, 0x9CFF, 0x9BFF, 0xBDFF, 0x9AC6, 0xD474, 0x9CAE, 
    0xFDBE, 0x1DB7, 0xFDBE, 0xFDBE, 0xFDBE, 0xFDBE, 0xFDBE, 0xFDBE, 0xFDBE, 0xFDBE, 0xFDBE, 0xFDBE, 
    0xFDBE, 0xFDBE, 0xFDBE, 0xFDBE, 0xFDBE, 0xFDBE, 0xFDBE, 0xFDBE, 0xFDBE, 0xFDBE, 0xFDBE, 0xFDBE, 
    
    0x9BAE, 0x1DBF, 0xFDBE, 0xFDBE, 0xFDBE, 0xFDBE, 0xFDBE, 0xFDBE, 0xFDBE, 0xFDBE, 0xFDBE, 0xFDBE, 
    0xFDBE, 0xFDBE, 0xFDBE, 0xFDBE, 0xFDBE, 0xFDBE, 0xFDBE, 0xFDBE, 0x1DB7, 0xFDBE, 0xFDBE, 0xFDBE, 
    0x1DBF, 0x9985, 0x578D, 0x9CFF, 0x9CFF, 0x9CFF, 0x9CFF, 0x9CFF, 0x9CFF, 0x9CFF, 0x9CFF, 0x9CFF, 
    0x9CFF, 0x9CFF, 0x9CFF, 0x9CFF, 0x9CFF, 0x9CFF, 0x9CFF, 0x9CFF, 0x9CFF, 0x9CFF, 0x9CFF, 0x9CFF, 
    0x9CFF, 0x9CFF, 0x9CFF, 0x9CFF, 0x9CFF, 0x9CFF, 0x9CFF, 0x9CFF, 0x9CFF, 0x9CFF, 0x9CFF, 0x9CFF, 
    0x9CFF, 0x9CFF, 0x9CFF, 0x9CFF, 0x9CFF, 0x9CFF, 0x9CFF, 0x9CFF, 0x9CFF, 0x9CFF, 0x9CFF, 0x9CFF, 
    0x9CFF, 0x9CFF, 0x9CFF, 0x9CFF, 0x9CFF, 0x9CFF, 0x9CFF, 0x9CFF, 0x9CFF, 0x9CFF, 0x9CFF, 0x9CFF, 
    0x9CFF, 0x9CFF, 0x9CFF, 0x9CFF, 0x9CFF, 0x9CFF, 0x9CFF, 0x9CFF, 0x9CFF, 0x9CFF, 0x9CFF, 0x9CFF, 
    0x9CFF, 0x9CFF, 0x9CFF, 0x9CFF, 0x9CFF, 0x9CFF, 0x9CFF, 0x9CFF, 0x9CFF, 0x9CFF, 0x9CFF, 0x9CFF, 
    0x9CFF, 0x9CFF, 0x9CFF, 0x9CFF, 0x9CFF, 0x9CFF, 0x9CFF, 0x9CFF, 0x9CFF, 0x9CFF, 0x9CFF, 0x9CFF, 
    0x9CFF, 0x9CFF, 0x9CFF, 0x9CFF, 0x9CFF, 0x9CFF, 0x9CFF, 0x9CFF, 0x9CFF, 0x9CFF, 0x9CFF, 0x9CFF, 
    0x9CFF, 0x9CFF, 0x9CFF, 0x9CFF, 0x9CFF, 0x9CFF, 0x9CFF, 0x9CFF, 0x9CFF, 0x9CFF, 0x9CFF, 0x9CFF, 
    0x9CFF, 0x9CFF, 0x9CFF, 0x9CFF, 0x9CFF, 0x9CFF, 0x9CFF, 0x9CFF, 0x9CFF, 0x9CFF, 0x9CFF, 0x9CFF, 
    0x9CFF, 0x9CFF, 0x9CFF, 0x9CFF, 0x9CFF, 0x9CFF, 0x9CFF, 0x9CFF, 0x9CFF, 0x9CFF, 0x9CFF, 0x9CFF, 
    0x9CFF, 0x9CFF, 0x9CFF, 0x9CFF, 0x9CFF, 0x9CFF, 0x9CFF, 0x9CFF, 0x9CFF, 0x9CFF, 0x9CFF, 0x9CFF, 
    0x9CFF, 0x9CFF, 0x9CFF, 0x9CFF, 0x9CFF, 0x9CFF, 0x9CFF, 0x9CFF, 0x9CFF, 0x9CFF, 0x9CFF, 0x9CFF, 
    0x9CFF, 0x9CFF, 0x9CFF, 0x9CFF, 0x9CFF, 0x9CFF, 0x9CFF, 0x9CFF, 0x9CFF, 0x9CFF, 0x9CFF, 0x9CFF, 
    0x9CFF, 0x9CFF, 0x9CFF, 0x9CFF, 0x9CFF, 0x9CFF, 0x9CFF, 0x9CFF, 0x9CFF, 0x9CFF, 0x9CFF, 0x9CFF, 
    0x9CFF, 0x9CFF, 0x9CFF, 0x9CFF, 0x9CFF, 0x9CFF, 0x9CFF, 0x9CFF, 0x9CFF, 0x9CFF, 0x9CFF, 0x9CFF, 
    0x9CFF, 0x9CFF, 0x9CFF, 0x9CFF, 0x9CFF, 0x9CFF, 0x9CFF, 0x9CFF, 0x9CFF, 0x9CFF, 0x9CFF, 0x9CFF, 
    0x9CFF, 0x9CFF, 0x9CFF, 0x9CFF, 0x9CFF, 0x9CFF, 0x9CFF, 0x9CFF, 0x9CFF, 0x9CFF, 0x9CFF, 0x9CFF, 
    0x9CFF, 0x9CFF, 0x9CFF, 0x9BFF, 0xBDFF, 0x7AC6, 0xD474, 0xBCAE, 0xFDBE, 0x1DB7, 0xFDBE, 0xFDBE, 
    0xFDBE, 0xFDBE, 0xFDBE, 0xFDBE, 0xFDBE, 0xFDBE, 0xFDBE, 0xFDBE, 0xFDBE, 0xFDBE, 0xFDBE, 0xFDBE, 
    0xFDBE, 0xFDBE, 0xFDBE, 0xFDBE, 0xFDBE, 0xFDBE, 0xFDBE, 0xFDBE, 
    0x9BAE, 0x1DBF, 0xFDBE, 0xFDBE, 
    0xFDBE, 0xFDBE, 0xFDBE, 0xFDBE, 0xFDBE, 0xFDBE, 0xFDBE, 0xFDBE, 0xFDBE, 0xFDBE, 0xFDBE, 0xFDBE, 
    0xFDBE, 0xFDBE, 0xFDBE, 0xFDBE, 0x1DB7, 0xFDBE, 0xFDBE, 0xFDBE, 0x1DBF, 0xB985, 0x578D, 0x9CFF, 
    0x7CFF, 0x9CFF, 0x9CFF, 0x9CFF, 0x9CFF, 0x9CFF, 0x9CFF, 0x9CFF, 0x9CFF, 0x9CFF, 0x9CFF, 0x9CFF, 
    0x9CFF, 0x9CFF, 0x9CFF, 0x9CFF, 0x9CFF, 0x9CFF, 0x9CFF, 0x9CFF, 0x9CFF, 0x9CFF, 0x9CFF, 0x9CFF, 
    0x9CFF, 0x9CFF, 0x9CFF, 0x9CFF, 0x9CFF, 0x9CFF, 0x9CFF, 0x9CFF, 0x9CFF, 0x9CFF, 0x9CFF, 0x9CFF, 
    0x9CFF, 0x9CFF, 0x9CFF, 0x9CFF, 0x9CFF, 0x9CFF, 0x9CFF, 0x9CFF, 0x9CFF, 0x9CFF, 0x9CFF, 0x9CFF, 
    0x9CFF, 0x9CFF, 0x9CFF, 0x9CFF, 0x9CFF, 0x9CFF, 0x9CFF, 0x9CFF, 0x9CFF, 0x9CFF, 0x9CFF, 0x9CFF, 
    0x9CFF, 0x9CFF, 0x9CFF, 0x9CFF, 0x9CFF, 0x9CFF, 0x9CFF, 0x9CFF, 0x9CFF, 0x9CFF, 0x9CFF, 0x9CFF, 
    0x9CFF, 0x9CFF, 0x9CFF, 0x9CFF, 0x9CFF, 0x9CFF, 0x9CFF, 0x9CFF, 0x9CFF, 0x9CFF, 0x9CFF, 0x9CFF, 
    0x9CFF, 0x9CFF, 0x9CFF, 0x9CFF, 0x9CFF, 0x9CFF, 0x9CFF, 0x9CFF, 0x9CFF, 0x9CFF, 0x9CFF, 0x9CFF, 
    0x9CFF, 0x9CFF, 0x9CFF, 0x9CFF, 0x9CFF, 0x9CFF, 0x9CFF, 0x9CFF, 0x9CFF, 0x9CFF, 0x9CFF, 0x9CFF, 
    0x9CFF, 0x9CFF, 0x9CFF, 0x9CFF, 0x9CFF, 0x9CFF, 0x9CFF, 0x9CFF, 0x9CFF, 0x9CFF, 0x9CFF, 0x9CFF, 
    0x9CFF, 0x9CFF, 0x9CFF, 0x9CFF, 0x9CFF, 0x9CFF, 0x9CFF, 0x9CFF, 0x9CFF, 0x9CFF, 0x9CFF, 0x9CFF, 
    0x9CFF, 0x9CFF, 0x9CFF, 0x9CFF, 0x9CFF, 0x9CFF, 0x9CFF, 0x9CFF, 0x9CFF, 0x9CFF, 0x9CFF, 0x9CFF, 
    0x9CFF, 0x9CFF, 0x9CFF, 0x9CFF, 0x9CFF, 0x9CFF, 0x9CFF, 0x9CFF, 0x9CFF, 0x9CFF, 0x9CFF, 0x9CFF, 
    0x9CFF, 0x9CFF, 0x9CFF, 0x9CFF, 0x9CFF, 0x9CFF, 0x9CFF, 0x9CFF, 0x9CFF, 0x9CFF, 0x9CFF, 0x9CFF, 
    0x9CFF, 0x9CFF, 0x9CFF, 0x9CFF, 0x9CFF, 0x9CFF, 0x9CFF, 0x9CFF, 0x9CFF, 0x9CFF, 0x9CFF, 0x9CFF, 
    0x9CFF, 0x9CFF, 0x9CFF, 0x9CFF, 0x9CFF, 0x9CFF, 0x9CFF, 0x9CFF, 0x9CFF, 0x9CFF, 0x9CFF, 0x9CFF, 
    0x9CFF, 0x9CFF, 0x9CFF, 0x9CFF, 0x9CFF, 0x9CFF, 0x9CFF, 0x9CFF, 0x9CFF, 0x9CFF, 0x9CFF, 0x9CFF, 
    0x9CFF, 0x9CFF, 0x9CFF, 0x9CFF, 0x9CFF, 0x9CFF, 0x9CFF, 0x9CFF, 0x9CFF, 0x9CFF, 0x9CFF, 0x9CFF, 
    0x9CFF, 0x9CFF, 0x9CFF, 0x9CFF, 0x9CFF, 0x9CFF, 0x9CFF, 0x9CFF, 0x9CFF, 0x9CFF, 0x9CFF, 0x9BFF, 
    0xBDFF, 0x7AC6, 0xD474, 0xBCAE, 0x1DBF, 0x1DB7, 0xFDBE, 0xFDBE, 0xFDBE, 0xFDBE, 0xFDBE, 0xFDBE, 
    0xFDBE, 0xFDBE, 0xFDBE, 0xFDBE, 0xFDBE, 0xFDBE, 0xFDBE, 0xFDBE, 0xFDBE, 0xFDBE, 0xFDBE, 0xFDBE, 
    0xFDBE, 0xFDBE, 0xFDBE, 0xFDBE, 
    0x9BAE, 0x1DBF, 0xFDBE, 0xFDBE, 0xFDBE, 0xFDBE, 0xFDBE, 0xFDBE, 
    0xFDBE, 0xFDBE, 0xFDBE, 0xFDBE, 0xFDBE, 0xFDBE, 0xFDBE, 0xFDBE, 0xFDBE, 0xFDBE, 0xFDBE, 0xFDBE, 
    0x1DB7, 0xFDBE, 0xFDBE, 0xFDBE, 0x1DBF, 0xB985, 0x568D, 0x9CFF, 0x9CFF, 0x9DFF, 0x9CFF, 0x9CFF, 
    0x9CFF, 0x9CFF, 0x9CFF, 0x9CFF, 0x9CFF, 0x9CFF, 0x9CFF, 0x9CFF, 0x9CFF, 0x9CFF, 0x9CFF, 0x9CFF, 
    0x9CFF, 0x9CFF, 0x9CFF, 0x9CFF, 0x9CFF, 0x9CFF, 0x9CFF, 0x9CFF, 0x9CFF, 0x9CFF, 0x9CFF, 0x9CFF, 
    0x9CFF, 0x9CFF, 0x9CFF, 0x9CFF, 0x9CFF, 0x9CFF, 0x9CFF, 0x9CFF, 0x9CFF, 0x9CFF, 0x9CFF, 0x9CFF, 
    0x9CFF, 0x9CFF, 0x9CFF, 0x9CFF, 0x9CFF, 0x9CFF, 0x9CFF, 0x9CFF, 0x9CFF, 0x9CFF, 0x9CFF, 0x9CFF, 
    0x9CFF, 0x9CFF, 0x9CFF, 0x9CFF, 0x9CFF, 0x9CFF, 0x9CFF, 0x9CFF, 0x9CFF, 0x9CFF, 0x9CFF, 0x9CFF, 
    0x9CFF, 0x9CFF, 0x9CFF, 0x9CFF, 0x9CFF, 0x9CFF, 0x9CFF, 0x9CFF, 0x9CFF, 0x9CFF, 0x9CFF, 0x9CFF, 
    0x9CFF, 0x9CFF, 0x9CFF, 0x9CFF, 0x9CFF, 0x9CFF, 0x9CFF, 0x9CFF, 0x9CFF, 0x9CFF, 0x9CFF, 0x9CFF, 
    0x9CFF, 0x9CFF, 0x9CFF, 0x9CFF, 0x9CFF, 0x9CFF, 0x9CFF, 0x9CFF, 0x9CFF, 0x9CFF, 0x9CFF, 0x9CFF, 
    0x9CFF, 0x9CFF, 0x9CFF, 0x9CFF, 0x9CFF, 0x9CFF, 0x9CFF, 0x9CFF, 0x9CFF, 0x9CFF, 0x9CFF, 0x9CFF, 
    0x9CFF, 0x9CFF, 0x9CFF, 0x9CFF, 0x9CFF, 0x9CFF, 0x9CFF, 0x9CFF, 0x9CFF, 0x9CFF, 0x9CFF, 0x9CFF, 
    0x9CFF, 0x9CFF, 0x9CFF, 0x9CFF, 0x9CFF, 0x9CFF, 0x9CFF, 0x9CFF, 0x9CFF, 0x9CFF, 0x9CFF, 0x9CFF, 
    0x9CFF, 0x9CFF, 0x9CFF, 0x9CFF, 0x9CFF, 0x9CFF, 0x9CFF, 0x9CFF, 0x9CFF, 0x9CFF, 0x9CFF, 0x9CFF, 
    0x9CFF, 0x9CFF, 0x9CFF, 0x9CFF, 0x9CFF, 0x9CFF, 0x9CFF, 0x9CFF, 0x9CFF, 0x9CFF, 0x9CFF, 0x9CFF, 
    0x9CFF, 0x9CFF, 0x9CFF, 0x9CFF, 0x9CFF, 0x9CFF, 0x9CFF, 0x9CFF, 0x9CFF, 0x9CFF, 0x9CFF, 0x9CFF, 
    0x9CFF, 0x9CFF, 0x9CFF, 0x9CFF, 0x9CFF, 0x9CFF, 0x9CFF, 0x9CFF, 0x9CFF, 0x9CFF, 0x9CFF, 0x9CFF, 
    0x9CFF, 0x9CFF, 0x9CFF, 0x9CFF, 0x9CFF, 0x9CFF, 0x9CFF, 0x9CFF, 0x9CFF, 0x9CFF, 0x9CFF, 0x9CFF, 
    0x9CFF, 0x9CFF, 0x9CFF, 0x9CFF, 0x9CFF, 0x9CFF, 0x9CFF, 0x9CFF, 0x9CFF, 0x9CFF, 0x9CFF, 0x9CFF, 
    0x9CFF, 0x9CFF, 0x9CFF, 0x9CFF, 0x9CFF, 0x9CFF, 0x9CFF, 0x9CFF, 0x9CFF, 0x9CFF, 0x9CFF, 0x9CFF, 
    0x9CFF, 0x9CFF, 0x9CFF, 0x9CFF, 0x9CFF, 0x9DFF, 0x9CFF, 0x9BFF, 0xBDFF, 0x7AC6, 0xD574, 0xBDAE, 
    0x1EBF, 0x1DB7, 0xFDBE, 0xFDBE, 0xFDBE, 0xFDBE, 0xFDBE, 0xFDBE, 0xFDBE, 0xFDBE, 0xFDBE, 0xFDBE, 
    0xFDBE, 0xFDBE, 0xFDBE, 0xFDBE, 0xFDBE, 0xFDBE, 0xFDBE, 0xFDBE, 0xFDBE, 0xFDBE, 0xFDBE, 0xFDBE, 
    
    0x9BAE, 0x1DBF, 0xFDBE, 0xFDBE, 0xFDBE, 0xFDBE, 0xFDBE, 0xFDBE, 0xFDBE, 0xFDBE, 0xFDBE, 0xFDBE, 
    0xFDBE, 0xFDBE, 0xFDBE, 0xFDBE, 0xFDBE, 0xFDBE, 0xFDBE, 0xFDBE, 0x1EB7, 0xFDBE, 0xFDBE, 0xFDBE, 
    0x1DBF, 0xB985, 0x568D, 0x9CFF, 0x9CFF, 0x9DFF, 0x9CFF, 0x9CFF, 0x9CFF, 0x9CFF, 0x9CFF, 0x9CFF, 
    0x9CFF, 0x9CFF, 0x9CFF, 0x9CFF, 0x9CFF, 0x9CFF, 0x9CFF, 0x9CFF, 0x9CFF, 0x9CFF, 0x9CFF, 0x9CFF, 
    0x9CFF, 0x9CFF, 0x9CFF, 0x9CFF, 0x9CFF, 0x9CFF, 0x9CFF, 0x9CFF, 0x9CFF, 0x9CFF, 0x9CFF, 0x9CFF, 
    0x9CFF, 0x9CFF, 0x9CFF, 0x9CFF, 0x9CFF, 0x9CFF, 0x9CFF, 0x9CFF, 0x9CFF, 0x9CFF, 0x9CFF, 0x9CFF, 
    0x9CFF, 0x9CFF, 0x9CFF, 0x9CFF, 0x9CFF, 0x9CFF, 0x9CFF, 0x9CFF, 0x9CFF, 0x9CFF, 0x9CFF, 0x9CFF, 
    0x9CFF, 0x9CFF, 0x9CFF, 0x9CFF, 0x9CFF, 0x9CFF, 0x9CFF, 0x9CFF, 0x9CFF, 0x9CFF, 0x9CFF, 0x9CFF, 
    0x9CFF, 0x9CFF, 0x9CFF, 0x9CFF, 0x9CFF, 0x9CFF, 0x9CFF, 0x9CFF, 0x9CFF, 0x9CFF, 0x9CFF, 0x9CFF, 
    0x9CFF, 0x9CFF, 0x9CFF, 0x9CFF, 0x9CFF, 0x9CFF, 0x9CFF, 0x9CFF, 0x9CFF, 0x9CFF, 0x9CFF, 0x9CFF, 
    0x9CFF, 0x9CFF, 0x9CFF, 0x9CFF, 0x9CFF, 0x9CFF, 0x9CFF, 0x9CFF, 0x9CFF, 0x9CFF, 0x9CFF, 0x9CFF, 
    0x9CFF, 0x9CFF, 0x9CFF, 0x9CFF, 0x9CFF, 0x9CFF, 0x9CFF, 0x9CFF, 0x9CFF, 0x9CFF, 0x9CFF, 0x9CFF, 
    0x9CFF, 0x9CFF, 0x9CFF, 0x9CFF, 0x9CFF, 0x9CFF, 0x9CFF, 0x9CFF, 0x9CFF, 0x9CFF, 0x9CFF, 0x9CFF, 
    0x9CFF, 0x9CFF, 0x9CFF, 0x9CFF, 0x9CFF, 0x9CFF, 0x9CFF, 0x9CFF, 0x9CFF, 0x9CFF, 0x9CFF, 0x9CFF, 
    0x9CFF, 0x9CFF, 0x9CFF, 0x9CFF, 0x9CFF, 0x9CFF, 0x9CFF, 0x9CFF, 0x9CFF, 0x9CFF, 0x9CFF, 0x9CFF, 
    0x9CFF, 0x9CFF, 0x9CFF, 0x9CFF, 0x9CFF, 0x9CFF, 0x9CFF, 0x9CFF, 0x9CFF, 0x9CFF, 0x9CFF, 0x9CFF, 
    0x9CFF, 0x9CFF, 0x9CFF, 0x9CFF, 0x9CFF, 0x9CFF, 0x9CFF, 0x9CFF, 0x9CFF, 0x9CFF, 0x9CFF, 0x9CFF, 
    0x9CFF, 0x9CFF, 0x9CFF, 0x9CFF, 0x9CFF, 0x9CFF, 0x9CFF, 0x9CFF, 0x9CFF, 0x9CFF, 0x9CFF, 0x9CFF, 
    0x9CFF, 0x9CFF, 0x9CFF, 0x9CFF, 0x9CFF, 0x9CFF, 0x9CFF, 0x9CFF, 0x9CFF, 0x9CFF, 0x9CFF, 0x9CFF, 
    0x9CFF, 0x9CFF, 0x9CFF, 0x9CFF, 0x9CFF, 0x9CFF, 0x9CFF, 0x9CFF, 0x9CFF, 0x9CFF, 0x9CFF, 0x9CFF, 
    0x9CFF, 0x9CFF, 0x9CFF, 0x9CFF, 0x9CFF, 0x9CFF, 0x9CFF, 0x9CFF, 0x9CFF, 0x9CFF, 0x9CFF, 0x9CFF, 
    0x9CFF, 0x9DFF, 0x9CFF, 0x9BFF, 0xBDFF, 0x7AC6, 0xD574, 0xBDAE, 0xFEBE, 0x1DB7, 0xFEBE, 0xFDBE, 
    0xFDBE, 0xFDBE, 0xFDBE, 0xFDBE, 0xFDBE, 0xFDBE, 0xFDBE, 0xFDBE, 0xFDBE, 0xFDBE, 0xFDBE, 0xFDBE, 
    0xFDBE, 0xFDBE, 0xFDBE, 0xFDBE, 0xFDBE, 0xFDBE, 0xFDBE, 0xFDBE, 
    0x9BAE, 0x1DBF, 0xFDBE, 0xFDBE, 
    0xFDBE, 0xFDBE, 0xFDBE, 0xFDBE, 0xFDBE, 0xFDBE, 0xFDBE, 0xFDBE, 0xFDBE, 0xFDBE, 0xFDBE, 0xFDBE, 
    0xFDBE, 0xFDBE, 0xFDBE, 0xFDBE, 0x1EB7, 0xFDBE, 0xFCBE, 0xFDBE, 0x1DBF, 0xB885, 0x568D, 0x9BFF, 
    0x7BFF, 0x9CFF, 0x9BFF, 0x9BFF, 0x9BFF, 0x9BFF, 0x9BFF, 0x9BFF, 0x9BFF, 0x9BFF, 0x9BFF, 0x9BFF, 
    0x9BFF, 0x9BFF, 0x9BFF, 0x9BFF, 0x9BFF, 0x9BFF, 0x9BFF, 0x9BFF, 0x9BFF, 0x9BFF, 0x9BFF, 0x9BFF, 
    0x9BFF, 0x9BFF, 0x9BFF, 0x9BFF, 0x9BFF, 0x9BFF, 0x9BFF, 0x9BFF, 0x9BFF, 0x9BFF, 0x9BFF, 0x9BFF, 
    0x9BFF, 0x9BFF, 0x9BFF, 0x9BFF, 0x9CFF, 0x9CFF, 0x9CFF, 0x9CFF, 0x9CFF, 0x9CFF, 0x9CFF, 0x9CFF, 
    0x9CFF, 0x9CFF, 0x9CFF, 0x9CFF, 0x9CFF, 0x9CFF, 0x9CFF, 0x9CFF, 0x9CFF, 0x9CFF, 0x9CFF, 0x9CFF, 
    0x9CFF, 0x9CFF, 0x9CFF, 0x9CFF, 0x9CFF, 0x9CFF, 0x9CFF, 0x9CFF, 0x9CFF, 0x9CFF, 0x9CFF, 0x9CFF, 
    0x9CFF, 0x9CFF, 0x9CFF, 0x9CFF, 0x9CFF, 0x9CFF, 0x9CFF, 0x9CFF, 0x9CFF, 0x9CFF, 0x9CFF, 0x9CFF, 
    0x9CFF, 0x9CFF, 0x9CFF, 0x9CFF, 0x9CFF, 0x9CFF, 0x9CFF, 0x9CFF, 0x9CFF, 0x9CFF, 0x9CFF, 0x9CFF, 
    0x9CFF, 0x9CFF, 0x9CFF, 0x9CFF, 0x9CFF, 0x9CFF, 0x9CFF, 0x9CFF, 0x9CFF, 0x9CFF, 0x9CFF, 0x9CFF, 
    0x9CFF, 0x9CFF, 0x9CFF, 0x9CFF, 0x9CFF, 0x9CFF, 0x9CFF, 0x9CFF, 0x9CFF, 0x9CFF, 0x9CFF, 0x9CFF, 
    0x9CFF, 0x9CFF, 0x9CFF, 0x9CFF, 0x9CFF, 0x9CFF, 0x9CFF, 0x9CFF, 0x9CFF, 0x9CFF, 0x9CFF, 0x9CFF, 
    0x9CFF, 0x9CFF, 0x9CFF, 0x9CFF, 0x9CFF, 0x9CFF, 0x9CFF, 0x9CFF, 0x9CFF, 0x9CFF, 0x9CFF, 0x9CFF, 
    0x9CFF, 0x9CFF, 0x9CFF, 0x9CFF, 0x9CFF, 0x9CFF, 0x9CFF, 0x9CFF, 0x9CFF, 0x9CFF, 0x9CFF, 0x9CFF, 
    0x9CFF, 0x9CFF, 0x9CFF, 0x9CFF, 0x9CFF, 0x9CFF, 0x9CFF, 0x9CFF, 0x9CFF, 0x9CFF, 0x9CFF, 0x9CFF, 
    0x9CFF, 0x9CFF, 0x9CFF, 0x9CFF, 0x9CFF, 0x9CFF, 0x9CFF, 0x9CFF, 0x9CFF, 0x9CFF, 0x9CFF, 0x9CFF, 
    0x9CFF, 0x9CFF, 0x9CFF, 0x9CFF, 0x9CFF, 0x9CFF, 0x9BFF, 0x9BFF, 0x9BFF, 0x9BFF, 0x9BFF, 0x9BFF, 
    0x9BFF, 0x9BFF, 0x9BFF, 0x9BFF, 0x9BFF, 0x9BFF, 0x9BFF, 0x9BFF, 0x9BFF, 0x9BFF, 0x9BFF, 0x9BFF, 
    0x9BFF, 0x9BFF, 0x9BFF, 0x9BFF, 0x9BFF, 0x9BFF, 0x9BFF, 0x9BFF, 0x9BFF, 0x9BFF, 0x9BFF, 0x9BFF, 
    0x9BFF, 0x9BFF, 0x9BFF, 0x9BFF, 0x9BFF, 0x9BFF, 0x9BFF, 0x9BFF, 0x9BFF, 0x9CFF, 0x9CFF, 0x7BFF, 
    0xBDFF, 0x7AC6, 0xD574, 0xBDAE, 0x1EBF, 0x1DB7, 0xFEBE, 0xFDBE, 0xFDBE, 0xFDBE, 0xFDBE, 0xFDBE, 
    0xFDBE, 0xFDBE, 0xFDBE, 0xFDBE, 0xFDBE, 0xFDBE, 0xFDBE, 0xFDBE, 0xFDBE, 0xFDBE, 0xFDBE, 0xFDBE, 
    0xFDBE, 0xFDBE, 0xFDBE, 0xFDBE, 
    0x9BAE, 0x1DBF, 0xFDBE, 0xFDBE, 0xFDBE, 0xFDBE, 0xFDBE, 0xFDBE, 
    0xFDBE, 0xFDBE, 0xFDBE, 0xFDBE, 0xFDBE, 0xFDBE, 0xFDBE, 0xFDBE, 0xFDBE, 0xFDBE, 0xFDBE, 0xFDBE, 
    0x1EB7, 0xFDBE, 0xFCBE, 0x1DBF, 0x1DBF, 0xB885, 0x568D, 0xBCFF, 0x9CFF, 0xBDFF, 0xBDFF, 0xBDFF, 
    0xBDFF, 0xBDFF, 0xBDFF, 0xBDFF, 0xBDFF, 0xBDFF, 0xBDFF, 0xBDFF, 0xBDFF, 0xBDFF, 0xBDFF, 0xBDFF, 
    0xBDFF, 0xBDFF, 0xBDFF, 0xBDFF, 0xBDFF, 0xBDFF, 0xBDFF, 0xBDFF, 0xBDFF, 0xBDFF, 0xBDFF, 0xBDFF, 
    0xBDFF, 0xBDFF, 0xBDFF, 0xBDFF, 0xBDFF, 0xBDFF, 0xBDFF, 0xBDFF, 0xBDFF, 0xBDFF, 0xBDFF, 0xBDFF, 
    0x9CFF, 0xBCFF, 0xBCFF, 0x9CFF, 0x9CFF, 0x9CFF, 0x9CFF, 0x9CFF, 0x9CFF, 0x9CFF, 0x9CFF, 0x9CFF, 
    0x9CFF, 0x9CFF, 0x9CFF, 0x9CFF, 0x9CFF, 0x9CFF, 0x9CFF, 0x9CFF, 0x9CFF, 0x9CFF, 0x9CFF, 0x9CFF, 
    0x9CFF, 0x9CFF, 0x9CFF, 0x9CFF, 0x9CFF, 0x9CFF, 0x9CFF, 0x9CFF, 0x9CFF, 0x9CFF, 0x9CFF, 0x9CFF, 
    0x9CFF, 0x9CFF, 0x9CFF, 0x9CFF, 0x9CFF, 0x9CFF, 0x9CFF, 0x9CFF, 0x9CFF, 0x9CFF, 0x9CFF, 0x9CFF, 
    0x9CFF, 0x9CFF, 0x9CFF, 0x9CFF, 0x9CFF, 0x9CFF, 0x9CFF, 0x9CFF, 0x9CFF, 0x9CFF, 0x9CFF, 0x9CFF, 
    0x9CFF, 0x9CFF, 0x9CFF, 0x9CFF, 0x9CFF, 0x9CFF, 0x9CFF, 0x9CFF, 0x9CFF, 0x9CFF, 0x9CFF, 0x9CFF, 
    0x9CFF, 0x9CFF, 0x9CFF, 0x9CFF, 0x9CFF, 0x9CFF, 0x9CFF, 0x9CFF, 0x9CFF, 0x9CFF, 0x9CFF, 0x9CFF, 
    0x9CFF, 0x9CFF, 0x9CFF, 0x9CFF, 0x9CFF, 0x9CFF, 0x9CFF, 0x9CFF, 0x9CFF, 0x9CFF, 0x9CFF, 0x9CFF, 
    0x9CFF, 0x9CFF, 0x9CFF, 0x9CFF, 0x9CFF, 0x9CFF, 0x9CFF, 0x9CFF, 0x9CFF, 0x9CFF, 0x9CFF, 0x9CFF, 
    0x9CFF, 0x9CFF, 0x9CFF, 0x9CFF, 0x9CFF, 0x9CFF, 0x9CFF, 0x9CFF, 0x9CFF, 0x9CFF, 0x9CFF, 0x9CFF, 
    0x9CFF, 0x9CFF, 0x9CFF, 0x9CFF, 0x9CFF, 0x9CFF, 0x9CFF, 0x9CFF, 0x9CFF, 0x9CFF, 0x9CFF, 0x9CFF, 
    0x9CFF, 0x9CFF, 0x9CFF, 0x9CFF, 0x9CFF, 0x9CFF, 0x9CFF, 0x9CFF, 0x9CFF, 0x9CFF, 0x9CFF, 0xBCFF, 
    0x9CFF, 0x9CFF, 0x9CFF, 0xBDFF, 0xBDFF, 0xBDFF, 0xBDFF, 0xBDFF, 0xBDFF, 0xBDFF, 0xBDFF, 0xBDFF, 
    0xBDFF, 0xBDFF, 0xBDFF, 0xBDFF, 0xBDFF, 0xBDFF, 0xBDFF, 0xBDFF, 0xBDFF, 0xBDFF, 0xBDFF, 0xBDFF, 
    0xBDFF, 0xBDFF, 0xBDFF, 0xBDFF, 0xBDFF, 0xBDFF, 0xBDFF, 0xBDFF, 0xBDFF, 0xBDFF, 0xBDFF, 0xBDFF, 
    0xBDFF, 0xBDFF, 0xBDFF, 0xBDFF, 0xBDFF, 0x9DFF, 0x9CFF, 0x9BFF, 0xDDFF, 0x9AC6, 0xD474, 0xBCAE, 
    0x1DBF, 0x1DB7, 0xFDBE, 0xFDBE, 0xFDBE, 0xFDBE, 0xFDBE, 0xFDBE, 0xFDBE, 0xFDBE, 0xFDBE, 0xFDBE, 
    0xFDBE, 0xFDBE, 0xFDBE, 0xFDBE, 0xFDBE, 0xFDBE, 0xFDBE, 0xFDBE, 0xFDBE, 0xFDBE, 0xFDBE, 0xFDBE, 
    
    0x9BAE, 0x1DBF, 0xFDBE, 0xFDBE, 0xFDBE, 0xFDBE, 0xFDBE, 0xFDBE, 0xFDBE, 0xFDBE, 0xFDBE, 0xFDBE, 
    0xFDBE, 0xFDBE, 0xFDBE, 0xFDBE, 0xFDBE, 0xFDBE, 0xFDBE, 0xFDBE, 0xFEB6, 0xFDBE, 0xFCBE, 0xFDB6, 
    0x1DBF, 0xB985, 0x568D, 0x3AF7, 0x1AF7, 0x1BF7, 0x1AF7, 0x1AF7, 0x1AF7, 0x1AF7, 0x1AF7, 0x1AF7, 
    0x1AF7, 0x1AF7, 0x1AF7, 0x1AF7, 0x1AF7, 0x1AF7, 0x1AF7, 0x1AF7, 0x1AF7, 0x1AF7, 0x1AF7, 0x1AF7, 
    0x1AF7, 0x1AF7, 0x1AF7, 0x1AF7, 0x1AF7, 0x1AF7, 0x1AF7, 0x1AF7, 0x1AF7, 0x1AF7, 0x1AF7, 0x1AF7, 
    0x1AF7, 0x1AF7, 0x1AF7, 0x1AF7, 0x1AF7, 0x1AF7, 0x1AF7, 0x1AF7, 0x1AF7, 0x1AF7, 0x1AF7, 0x7CFF, 
    0x9CFF, 0x9CFF, 0x9CFF, 0x9CFF, 0x9CFF, 0x9CFF, 0x9CFF, 0x9CFF, 0x9CFF, 0x9CFF, 0x9CFF, 0x9CFF, 
    0x9CFF, 0x9CFF, 0x9CFF, 0x9CFF, 0x9CFF, 0x9CFF, 0x9CFF, 0x9CFF, 0x9CFF, 0x9CFF, 0x9CFF, 0x9CFF, 
    0x9CFF, 0x9CFF, 0x9CFF, 0x9CFF, 0x9CFF, 0x9CFF, 0x9CFF, 0x9CFF, 0x9CFF, 0x9CFF, 0x9CFF, 0x9CFF, 
    0x9CFF, 0x9CFF, 0x9CFF, 0x9CFF, 0x9CFF, 0x9CFF, 0x9CFF, 0x9CFF, 0x9CFF, 0x9CFF, 0x9CFF, 0x9CFF, 
    0x9CFF, 0x9CFF, 0x9CFF, 0x9CFF, 0x9CFF, 0x9CFF, 0x9CFF, 0x9CFF, 0x9CFF, 0x9CFF, 0x9CFF, 0x9CFF, 
    0x9CFF, 0x9CFF, 0x9CFF, 0x9CFF, 0x9CFF, 0x9CFF, 0x9CFF, 0x9CFF, 0x9CFF, 0x9CFF, 0x9CFF, 0x9CFF, 
    0x9CFF, 0x9CFF, 0x9CFF, 0x9CFF, 0x9CFF, 0x9CFF, 0x9CFF, 0x9CFF, 0x9CFF, 0x9CFF, 0x9CFF, 0x9CFF, 
    0x9CFF, 0x9CFF, 0x9CFF, 0x9CFF, 0x9CFF, 0x9CFF, 0x9CFF, 0x9CFF, 0x9CFF, 0x9CFF, 0x9CFF, 0x9CFF, 
    0x9CFF, 0x9CFF, 0x9CFF, 0x9CFF, 0x9CFF, 0x9CFF, 0x9CFF, 0x9CFF, 0x9CFF, 0x9CFF, 0x9CFF, 0x9CFF, 
    0x9CFF, 0x9CFF, 0x9CFF, 0x9CFF, 0x9CFF, 0x9CFF, 0x9CFF, 0x9CFF, 0x9CFF, 0x9CFF, 0x9CFF, 0x9CFF, 
    0x9CFF, 0x9CFF, 0x9CFF, 0x9CFF, 0x9CFF, 0x9CFF, 0x9CFF, 0x9CFF, 0x9CFF, 0x9CFF, 0x9CFF, 0x9CFF, 
    0x9CFF, 0x9CFF, 0x9CFF, 0x9CFF, 0x9CFF, 0x9CFF, 0x9CFF, 0x7BFF, 0x1AF7, 0x3BF7, 0x1AF7, 0x1AF7, 
    0x1AF7, 0x1AF7, 0x1AF7, 0x1AF7, 0x1AF7, 0x1AF7, 0x1AF7, 0x1AF7, 0x1AF7, 0x1AF7, 0x1AF7, 0x1AF7, 
    0x1AF7, 0x1AF7, 0x1AF7, 0x1AF7, 0x1AF7, 0x1AF7, 0x1AF7, 0x1AF7, 0x1AF7, 0x1AF7, 0x1AF7, 0x1AF7, 
    0x1AF7, 0x1AF7, 0x1AF7, 0x1AF7, 0x1AF7, 0x1AF7, 0x1AF7, 0x1AF7, 0x1AF7, 0x1AF7, 0x1AF7, 0x1AF7, 
    0x1AF7, 0x1AF7, 0x1AF7, 0x19F7, 0x3BF7, 0x59C6, 0xD474, 0xBCAE, 0x1DBF, 0x1CB7, 0xFDBE, 0xFDBE, 
    0xFDBE, 0xFDBE, 0xFDBE, 0xFDBE, 0xFDBE, 0xFDBE, 0xFDBE, 0xFDBE, 0xFDBE, 0xFDBE, 0xFDBE, 0xFDBE, 
    0xFDBE, 0xFDBE, 0xFDBE, 0xFDBE, 0xFDBE, 0xFDBE, 0xFDBE, 0xFDBE, 
    0x9BAE, 0x1DBF, 0xFDBE, 0xFDBE, 
    0xFDBE, 0xFDBE, 0xFDBE, 0xFDBE, 0xFDBE, 0xFDBE, 0xFDBE, 0xFDBE, 0xFDBE, 0xFDBE, 0xFDBE, 0xFDBE, 
    0xFDBE, 0xFDBE, 0xFDBE, 0xFDBE, 0xFEB6, 0xFDBE, 0xFDBE, 0x1DB7, 0x1DBF, 0xD98D, 0x9374, 0xCD93, 
    0xAD9B, 0xAD93, 0xAC9B, 0xAC9B, 0xAC9B, 0xAC9B, 0xAC9B, 0xAC9B, 0xAC9B, 0xAC9B, 0xAC9B, 0xAC9B, 
    0xAC9B, 0xAC9B, 0xAC9B, 0xAC9B, 0xAC9B, 0xAC9B, 0xAC9B, 0xAC9B, 0xAC9B, 0xAC9B, 0xAC9B, 0xAC9B, 
    0xAC9B, 0xAC9B, 0xAC9B, 0xAC9B, 0xAC9B, 0xAC9B, 0xAC9B, 0xAC9B, 0xAC9B, 0xAC9B, 0xAC9B, 0xAC9B, 
    0xAC9B, 0xAC9B, 0xAC9B, 0xAC9B, 0xAD93, 0xCE9B, 0x4C83, 0x37DE, 0xDDFF, 0x7CFF, 0x9CFF, 0x9CFF, 
    0x9CFF, 0x9CFF, 0x9CFF, 0x9CFF, 0x9CFF, 0x9CFF, 0x9CFF, 0x9CFF, 0x9CFF, 0x9CFF, 0x9CFF, 0x9CFF, 
    0x9CFF, 0x9CFF, 0x9CFF, 0x9CFF, 0x9CFF, 0x9CFF, 0x9CFF, 0x9CFF, 0x9CFF, 0x9CFF, 0x9CFF, 0x9CFF, 
    0x9CFF, 0x9CFF, 0x9CFF, 0x9CFF, 0x9CFF, 0x9CFF, 0x9CFF, 0x9CFF, 0x9CFF, 0x9CFF, 0x9CFF, 0x9CFF, 
    0x9CFF, 0x9CFF, 0x9CFF, 0x9CFF, 0x9CFF, 0x9CFF, 0x9CFF, 0x9CFF, 0x9CFF, 0x9CFF, 0x9CFF, 0x9CFF, 
    0x9CFF, 0x9CFF, 0x9CFF, 0x9CFF, 0x9CFF, 0x9CFF, 0x9CFF, 0x9CFF, 0x9CFF, 0x9CFF, 0x9CFF, 0x9CFF, 
    0x9CFF, 0x9CFF, 0x9CFF, 0x9CFF, 0x9CFF, 0x9CFF, 0x9CFF, 0x9CFF, 0x9CFF, 0x9CFF, 0x9CFF, 0x9CFF, 
    0x9CFF, 0x9CFF, 0x9CFF, 0x9CFF, 0x9CFF, 0x9CFF, 0x9CFF, 0x9CFF, 0x9CFF, 0x9CFF, 0x9CFF, 0x9CFF, 
    0x9CFF, 0x9CFF, 0x9CFF, 0x9CFF, 0x9CFF, 0x9CFF, 0x9CFF, 0x9CFF, 0x9CFF, 0x9CFF, 0x9CFF, 0x9CFF, 
    0x9CFF, 0x9CFF, 0x9CFF, 0x9CFF, 0x9CFF, 0x9CFF, 0x9CFF, 0x9CFF, 0x9CFF, 0x9CFF, 0x9CFF, 0x9CFF, 
    0x9CFF, 0x9CFF, 0x9CFF, 0x9CFF, 0x9CFF, 0x9CFF, 0x9CFF, 0x9CFF, 0x9CFF, 0x9CFF, 0x9CFF, 0x9CFF, 
    0x9CFF, 0x9CFF, 0x9CFF, 0x9CFF, 0x9CFF, 0x9CFF, 0x9CFF, 0x9CFF, 0x9CFF, 0x9CFF, 0x9CFF, 0x9CFF, 
    0x9CFF, 0x7CFF, 0xDDFF, 0x94CD, 0x6C8B, 0xCE9B, 0xCD9B, 0xAC9B, 0xAC9B, 0xAC9B, 0xAC9B, 0xAC9B, 
    0xAC9B, 0xAC9B, 0xAC9B, 0xAC9B, 0xAC9B, 0xAC9B, 0xAC9B, 0xAC9B, 0xAC9B, 0xAC9B, 0xAC9B, 0xAC9B, 
    0xAC9B, 0xAC9B, 0xAC9B, 0xAC9B, 0xAC9B, 0xAC9B, 0xAC9B, 0xAC9B, 0xAC9B, 0xAC9B, 0xAC9B, 0xAC9B, 
    0xAC9B, 0xAC9B, 0xAC9B, 0xAC9B, 0xAC9B, 0xAC9B, 0xAC9B, 0xAC9B, 0xAC9B, 0xAD9B, 0xAD93, 0xCD9B, 
    0xAD93, 0x3184, 0xF57C, 0x9CAE, 0x1DBF, 0x1CB7, 0xFDBE, 0xFDBE, 0xFDBE, 0xFDBE, 0xFDBE, 0xFDBE, 
    0xFDBE, 0xFDBE, 0xFDBE, 0xFDBE, 0xFDBE, 0xFDBE, 0xFDBE, 0xFDBE, 0xFDBE, 0xFDBE, 0xFDBE, 0xFDBE, 
    0xFDBE, 0xFDBE, 0xFDBE, 0xFDBE, 
    0x9BAE, 0x1DBF, 0xFDBE, 0xFDBE, 0xFDBE, 0xFDBE, 0xFDBE, 0xFDBE, 
    0xFDBE, 0xFDBE, 0xFDBE, 0xFDBE, 0xFDBE, 0xFDBE, 0xFDBE, 0xFDBE, 0xFDBE, 0xFDBE, 0xFDBE, 0xFDBE, 
    0xFDB6, 0xFDBE, 0xFDBE, 0x1DB7, 0x1DBF, 0xB98D, 0x168D, 0x98F6, 0x79F6, 0x5AF6, 0x5AF6, 0x5AF6, 
    0x5AF6, 0x5AF6, 0x5AF6, 0x5AF6, 0x5AF6, 0x5AF6, 0x5AF6, 0x5AF6, 0x5AF6, 0x5AF6, 0x5AF6, 0x5AF6, 
    0x5AF6, 0x5AF6, 0x5AF6, 0x5AF6, 0x5AF6, 0x5AF6, 0x5AF6, 0x5AF6, 0x5AF6, 0x5AF6, 0x5AF6, 0x5AF6, 
    0x5AF6, 0x5AF6, 0x5AF6, 0x5AF6, 0x5AF6, 0x5AF6, 0x5AF6, 0x5AF6, 0x5AF6, 0x5AF6, 0x5AF6, 0x5AF6, 
    0x59F6, 0xBAFE, 0x13C5, 0xF6D5, 0xDDFF, 0x7CFF, 0x9CFF, 0x9CFF, 0x9CFF, 0x9CFF, 0x9CFF, 0x9CFF, 
    0x9CFF, 0x9CFF, 0x9CFF, 0x9CFF, 0x9CFF, 0x9CFF, 0x9CFF, 0x9CFF, 0x9CFF, 0x9CFF, 0x9CFF, 0x9CFF, 
    0x9CFF, 0x9CFF, 0x9CFF, 0x9CFF, 0x9CFF, 0x9CFF, 0x9CFF, 0x9CFF, 0x9CFF, 0x9CFF, 0x9CFF, 0x9CFF, 
    0x9CFF, 0x9CFF, 0x9CFF, 0x9CFF, 0x9CFF, 0x9CFF, 0x9CFF, 0x9CFF, 0x9CFF, 0x9CFF, 0x9CFF, 0x9CFF, 
    0x9CFF, 0x9CFF, 0x9CFF, 0x9CFF, 0x9CFF, 0x9CFF, 0x9CFF, 0x9CFF, 0x9CFF, 0x9CFF, 0x9CFF, 0x9CFF, 
    0x9CFF, 0x9CFF, 0x9CFF, 0x9CFF, 0x9CFF, 0x9CFF, 0x9CFF, 0x9CFF, 0x9CFF, 0x9CFF, 0x9CFF, 0x9CFF, 
    0x9CFF, 0x9CFF, 0x9CFF, 0x9CFF, 0x9CFF, 0x9CFF, 0x9CFF, 0x9CFF, 0x9CFF, 0x9CFF, 0x9CFF, 0x9CFF, 
    0x9CFF, 0x9CFF, 0x9CFF, 0x9CFF, 0x9CFF, 0x9CFF, 0x9CFF, 0x9CFF, 0x9CFF, 0x9CFF, 0x9CFF, 0x9CFF, 
    0x9CFF, 0x9CFF, 0x9CFF, 0x9CFF, 0x9CFF, 0x9CFF, 0x9CFF, 0x9CFF, 0x9CFF, 0x9CFF, 0x9CFF, 0x9CFF, 
    0x9CFF, 0x9CFF, 0x9CFF, 0x9CFF, 0x9CFF, 0x9CFF, 0x9CFF, 0x9CFF, 0x9CFF, 0x9CFF, 0x9CFF, 0x9CFF, 
    0x9CFF, 0x9CFF, 0x9CFF, 0x9CFF, 0x9CFF, 0x9CFF, 0x9CFF, 0x9CFF, 0x9CFF, 0x9CFF, 0x9CFF, 0x9CFF, 
    0x9CFF, 0x9CFF, 0x9CFF, 0x9CFF, 0x9CFF, 0x9CFF, 0x9CFF, 0x9CFF, 0x9CFF, 0x7CFF, 0xDEFF, 0x33BD, 
    0x74CD, 0x99F6, 0x59F6, 0x5AF6, 0x5AF6, 0x5AF6, 0x5AF6, 0x5AF6, 0x5AF6, 0x5AF6, 0x5AF6, 0x5AF6, 
    0x5AF6, 0x5AF6, 0x5AF6, 0x5AF6, 0x5AF6, 0x5AF6, 0x5AF6, 0x5AF6, 0x5AF6, 0x5AF6, 0x5AF6, 0x5AF6, 
    0x5AF6, 0x5AF6, 0x5AF6, 0x5AF6, 0x5AF6, 0x5AF6, 0x5AF6, 0x5AF6, 0x5AF6, 0x5AF6, 0x5AF6, 0x5AF6, 
    0x5AF6, 0x5AF6, 0x5AF6, 0x5AF6, 0x5AF6, 0x5AF6, 0x79F6, 0x78F6, 0x99F6, 0x96B5, 0xD574, 0x9CAE, 
    0x1DBF, 0x1CB7, 0xFDBE, 0xFDBE, 0xFDBE, 0xFDBE, 0xFDBE, 0xFDBE, 0xFDBE, 0xFDBE, 0xFDBE, 0xFDBE, 
    0xFDBE, 0xFDBE, 0xFDBE, 0xFDBE, 0xFDBE, 0xFDBE, 0xFDBE, 0xFDBE, 0xFDBE, 0xFDBE, 0xFDBE, 0xFDBE, 
    
    0x9BAE, 0x1DBF, 0xFDBE, 0xFDBE, 0xFDBE, 0xFDBE, 0xFDBE, 0xFDBE, 0xFDBE, 0xFDBE, 0xFDBE, 0xFDBE, 
    0xFDBE, 0xFDBE, 0xFDBE, 0xFDBE, 0xFDBE, 0xFDBE, 0xFDBE, 0xFDBE, 0xFDB6, 0xFDBE, 0xFDBE, 0x1DB7, 
    0x1DBF, 0x998D, 0x1695, 0xDAFE, 0xBAFE, 0xBBFE, 0xBBFE, 0xBBFE, 0xBBFE, 0xBBFE, 0xBBFE, 0xBBFE, 
    0xBBFE, 0xBBFE, 0xBBFE, 0xBBFE, 0xBBFE, 0xBBFE, 0xBBFE, 0xBBFE, 0xBBFE, 0xBBFE, 0xBBFE, 0xBBFE, 
    0xBBFE, 0xBBFE, 0xBBFE, 0xBBFE, 0xBBFE, 0xBBFE, 0xBBFE, 0xBBFE, 0xBBFE, 0xBBFE, 0xBBFE, 0xBBFE, 
    0xBBFE, 0xBBFE, 0xBBFE, 0xBBFE, 0xBBFE, 0xBBFE, 0xBBFE, 0xBBFE, 0xBAFE, 0x1BFF, 0x54CD, 0xF6D5, 
    0xDDFF, 0x7CFF, 0x9CFF, 0x9CFF, 0x9CFF, 0x9CFF, 0x9CFF, 0x9CFF, 0x9CFF, 0x9CFF, 0x9CFF, 0x9CFF, 
    0x9CFF, 0x9CFF, 0x9CFF, 0x9CFF, 0x9CFF, 0x9CFF, 0x9CFF, 0x9CFF, 0x9CFF, 0x9CFF, 0x9CFF, 0x9CFF, 
    0x9CFF, 0x9CFF, 0x9CFF, 0x9CFF, 0x9CFF, 0x9CFF, 0x9CFF, 0x9CFF, 0x9CFF, 0x9CFF, 0x9CFF, 0x9CFF, 
    0x9CFF, 0x9CFF, 0x9CFF, 0x9CFF, 0x9CFF, 0x9CFF, 0x9CFF, 0x9CFF, 0x9CFF, 0x9CFF, 0x9CFF, 0x9CFF, 
    0x9CFF, 0x9CFF, 0x9CFF, 0x9CFF, 0x9CFF, 0x9CFF, 0x9CFF, 0x9CFF, 0x9CFF, 0x9CFF, 0x9CFF, 0x9CFF, 
    0x9CFF, 0x9CFF, 0x9CFF, 0x9CFF, 0x9CFF, 0x9CFF, 0x9CFF, 0x9CFF, 0x9CFF, 0x9CFF, 0x9CFF, 0x9CFF, 
    0x9CFF, 0x9CFF, 0x9CFF, 0x9CFF, 0x9CFF, 0x9CFF, 0x9CFF, 0x9CFF, 0x9CFF, 0x9CFF, 0x9CFF, 0x9CFF, 
    0x9CFF, 0x9CFF, 0x9CFF, 0x9CFF, 0x9CFF, 0x9CFF, 0x9CFF, 0x9CFF, 0x9CFF, 0x9CFF, 0x9CFF, 0x9CFF, 
    0x9CFF, 0x9CFF, 0x9CFF, 0x9CFF, 0x9CFF, 0x9CFF, 0x9CFF, 0x9CFF, 0x9CFF, 0x9CFF, 0x9CFF, 0x9CFF, 
    0x9CFF, 0x9CFF, 0x9CFF, 0x9CFF, 0x9CFF, 0x9CFF, 0x9CFF, 0x9CFF, 0x9CFF, 0x9CFF, 0x9CFF, 0x9CFF, 
    0x9CFF, 0x9CFF, 0x9CFF, 0x9CFF, 0x9CFF, 0x9CFF, 0x9CFF, 0x9CFF, 0x9CFF, 0x9CFF, 0x9CFF, 0x9CFF, 
    0x9CFF, 0x9CFF, 0x9CFF, 0x9CFF, 0x9CFF, 0x7CFF, 0xDEFF, 0x54C5, 0xB6DD, 0xDBFE, 0xBBFE, 0xBBFE, 
    0xBBFE, 0xBBFE, 0xBBFE, 0xBBFE, 0xBBFE, 0xBBFE, 0xBBFE, 0xBBFE, 0xBBFE, 0xBBFE, 0xBBFE, 0xBBFE, 
    0xBBFE, 0xBBFE, 0xBBFE, 0xBBFE, 0xBBFE, 0xBBFE, 0xBBFE, 0xBBFE, 0xBBFE, 0xBBFE, 0xBBFE, 0xBBFE, 
    0xBBFE, 0xBBFE, 0xBBFE, 0xBBFE, 0xBBFE, 0xBBFE, 0xBBFE, 0xBBFE, 0xBBFE, 0xBBFE, 0xBBFE, 0xBBFE, 
    0xBBFE, 0xBBFE, 0xBBFE, 0xBAFE, 0xDBFE, 0xB8BD, 0xD574, 0x9CAE, 0x1EBF, 0x1DB7, 0xFDBE, 0xFDBE, 
    0xFDBE, 0xFDBE, 0xFDBE, 0xFDBE, 0xFDBE, 0xFDBE, 0xFDBE, 0xFDBE, 0xFDBE, 0xFDBE, 0xFDBE, 0xFDBE, 
    0xFDBE, 0xFDBE, 0xFDBE, 0xFDBE, 0xFDBE, 0xFDBE, 0xFDBE, 0xFDBE, 
    0x9BAE, 0x1DBF, 0xFDBE, 0xFDBE, 
    0xFDBE, 0xFDBE, 0xFDBE, 0xFDBE, 0xFDBE, 0xFDBE, 0xFDBE, 0xFDBE, 0xFDBE, 0xFDBE, 0xFDBE, 0xFDBE, 
    0xFDBE, 0xFDBE, 0xFDBE, 0xFDBE, 0xFDBE, 0xFDBE, 0xFDBE, 0x1DB7, 0x1DBF, 0xB98D, 0x168D, 0xBAFE, 
    0x9AFE, 0xBAF6, 0xBAFE, 0xBAFE, 0xBAFE, 0xBAFE, 0xBAFE, 0xBAFE, 0xBAFE, 0xBAFE, 0xBAFE, 0xBAFE, 
    0xBAFE, 0xBAFE, 0xBAFE, 0xBAFE, 0xBAFE, 0xBAFE, 0xBAFE, 0xBAFE, 0xBAFE, 0xBAFE, 0xBAFE, 0xBAFE, 
    0xBAFE, 0xBAFE, 0xBAFE, 0xBAFE, 0xBAFE, 0xBAFE, 0xBAFE, 0xBAFE, 0xBAFE, 0xBAFE, 0xBAFE, 0xBAFE, 
    0xBAFE, 0xBAFE, 0xBAFE, 0xBAFE, 0x9AFE, 0xFBFE, 0x54CD, 0xD6D5, 0xDDFF, 0x7CFF, 0x9CFF, 0x9CFF, 
    0x9CFF, 0x9CFF, 0x9CFF, 0x9CFF, 0x9CFF, 0x9CFF, 0x9CFF, 0x9CFF, 0x9CFF, 0x9CFF, 0x9CFF, 0x9CFF, 
    0x9CFF, 0x9CFF, 0x9CFF, 0x9CFF, 0x9CFF, 0x9CFF, 0x9CFF, 0x9CFF, 0x9CFF, 0x9CFF, 0x9CFF, 0x9CFF, 
    0x9CFF, 0x9CFF, 0x9CFF, 0x9CFF, 0x9CFF, 0x9CFF, 0x9CFF, 0x9CFF, 0x9CFF, 0x9CFF, 0x9CFF, 0x9CFF, 
    0x9CFF, 0x9CFF, 0x9CFF, 0x9CFF, 0x9CFF, 0x9CFF, 0x9CFF, 0x9CFF, 0x9CFF, 0x9CFF, 0x9CFF, 0x9CFF, 
    0x9CFF, 0x9CFF, 0x9CFF, 0x9CFF, 0x9CFF, 0x9CFF, 0x9CFF, 0x9CFF, 0x9CFF, 0x9CFF, 0x9CFF, 0x9CFF, 
    0x9CFF, 0x9CFF, 0x9CFF, 0x9CFF, 0x9CFF, 0x9CFF, 0x9CFF, 0x9CFF, 0x9CFF, 0x9CFF, 0x9CFF, 0x9CFF, 
    0x9CFF, 0x9CFF, 0x9CFF, 0x9CFF, 0x9CFF, 0x9CFF, 0x9CFF, 0x9CFF, 0x9CFF, 0x9CFF, 0x9CFF, 0x9CFF, 
    0x9CFF, 0x9CFF, 0x9CFF, 0x9CFF, 0x9CFF, 0x9CFF, 0x9CFF, 0x9CFF, 0x9CFF, 0x9CFF, 0x9CFF, 0x9CFF, 
    0x9CFF, 0x9CFF, 0x9CFF, 0x9CFF, 0x9CFF, 0x9CFF, 0x9CFF, 0x9CFF, 0x9CFF, 0x9CFF, 0x9CFF, 0x9CFF, 
    0x9CFF, 0x9CFF, 0x9CFF, 0x9CFF, 0x9CFF, 0x9CFF, 0x9CFF, 0x9CFF, 0x9CFF, 0x9CFF, 0x9CFF, 0x9CFF, 
    0x9CFF, 0x9CFF, 0x9CFF, 0x9CFF, 0x9CFF, 0x9CFF, 0x9CFF, 0x9CFF, 0x9CFF, 0x9CFF, 0x9CFF, 0x9CFF, 
    0x9CFF, 0x7CFF, 0xDDFF, 0x53C5, 0x95D5, 0xDBFE, 0x9AFE, 0xBAFE, 0xBAFE, 0xBAFE, 0xBAFE, 0xBAFE, 
    0xBAFE, 0xBAFE, 0xBAFE, 0xBAFE, 0xBAFE, 0xBAFE, 0xBAFE, 0xBAFE, 0xBAFE, 0xBAFE, 0xBAFE, 0xBAFE, 
    0xBAFE, 0xBAFE, 0xBAFE, 0xBAFE, 0xBAFE, 0xBAFE, 0xBAFE, 0xBAFE, 0xBAFE, 0xBAFE, 0xBAFE, 0xBAFE, 
    0xBAFE, 0xBAFE, 0xBAFE, 0xBAFE, 0xBAFE, 0xBAFE, 0xBAFE, 0xBAFE, 0xBAFE, 0x9AFE, 0x9BFE, 0x9AFE, 
    0xDBFE, 0xB8B5, 0xD574, 0x9CAE, 0x1DBF, 0x1DB7, 0xFDBE, 0xFDBE, 0xFDBE, 0xFDBE, 0xFDBE, 0xFDBE, 
    0xFDBE, 0xFDBE, 0xFDBE, 0xFDBE, 0xFDBE, 0xFDBE, 0xFDBE, 0xFDBE, 0xFDBE, 0xFDBE, 0xFDBE, 0xFDBE, 
    0xFDBE, 0xFDBE, 0xFDBE, 0xFDBE, 
    0x9BAE, 0x1DBF, 0xFDBE, 0xFDBE, 0xFDBE, 0xFDBE, 0xFDBE, 0xFDBE, 
    0xFDBE, 0xFDBE, 0xFDBE, 0xFDBE, 0xFDBE, 0xFDBE, 0xFDBE, 0xFDBE, 0xFDBE, 0xFDBE, 0xFDBE, 0xFDBE, 
    0xFDBE, 0xFDBE, 0xFDBE, 0x1DB7, 0x1DBF, 0xB98D, 0x168D, 0xBAFE, 0x9BFE, 0xBBFE, 0xBAFE, 0xBBFE, 
    0xBBFE, 0xBBFE, 0xBBFE, 0xBBFE, 0xBBFE, 0xBBFE, 0xBBFE, 0xBBFE, 0xBBFE, 0xBBFE, 0xBBFE, 0xBBFE, 
    0xBBFE, 0xBBFE, 0xBBFE, 0xBBFE, 0xBBFE, 0xBBFE, 0xBBFE, 0xBBFE, 0xBBFE, 0xBBFE, 0xBBFE, 0xBBFE, 
    0xBBFE, 0xBBFE, 0xBBFE, 0xBBFE, 0xBBFE, 0xBBFE, 0xBBFE, 0xBBFE, 0xBBFE, 0xBBFE, 0xBBFE, 0xBBFE, 
    0x9BFE, 0xFCFE, 0x54CD, 0xF6D5, 0xDDFF, 0x7CFF, 0x9CFF, 0x9CFF, 0x9CFF, 0x9CFF, 0x9CFF, 0x9CFF, 
    0x9CFF, 0x9CFF, 0x9CFF, 0x9CFF, 0x9CFF, 0x9CFF, 0x9CFF, 0x9CFF, 0x9CFF, 0x9CFF, 0x9CFF, 0x9CFF, 
    0x9CFF, 0x9CFF, 0x9CFF, 0x9CFF, 0x9CFF, 0x9CFF, 0x9CFF, 0x9CFF, 0x9CFF, 0x9CFF, 0x9CFF, 0x9CFF, 
    0x9CFF, 0x9CFF, 0x9CFF, 0x9CFF, 0x9CFF, 0x9CFF, 0x9CFF, 0x9CFF, 0x9CFF, 0x9CFF, 0x9CFF, 0x9CFF, 
    0x9CFF, 0x9CFF, 0x9CFF, 0x9CFF, 0x9CFF, 0x9CFF, 0x9CFF, 0x9CFF, 0x9CFF, 0x9CFF, 0x9CFF, 0x9CFF, 
    0x9CFF, 0x9CFF, 0x9CFF, 0x9CFF, 0x9CFF, 0x9CFF, 0x9CFF, 0x9CFF, 0x9CFF, 0x9CFF, 0x9CFF, 0x9CFF, 
    0x9CFF, 0x9CFF, 0x9CFF, 0x9CFF, 0x9CFF, 0x9CFF, 0x9CFF, 0x9CFF, 0x9CFF, 0x9CFF, 0x9CFF, 0x9CFF, 
    0x9CFF, 0x9CFF, 0x9CFF, 0x9CFF, 0x9CFF, 0x9CFF, 0x9CFF, 0x9CFF, 0x9CFF, 0x9CFF, 0x9CFF, 0x9CFF, 
    0x9CFF, 0x9CFF, 0x9CFF, 0x9CFF, 0x9CFF, 0x9CFF, 0x9CFF, 0x9CFF, 0x9CFF, 0x9CFF, 0x9CFF, 0x9CFF, 
    0x9CFF, 0x9CFF, 0x9CFF, 0x9CFF, 0x9CFF, 0x9CFF, 0x9CFF, 0x9CFF, 0x9CFF, 0x9CFF, 0x9CFF, 0x9CFF, 
    0x9CFF, 0x9CFF, 0x9CFF, 0x9CFF, 0x9CFF, 0x9CFF, 0x9CFF, 0x9CFF, 0x9CFF, 0x9CFF, 0x9CFF, 0x9CFF, 
    0x9CFF, 0x9CFF, 0x9CFF, 0x9CFF, 0x9CFF, 0x9CFF, 0x9CFF, 0x9CFF, 0x9CFF, 0x7BFF, 0xDDFF, 0x53C5, 
    0xB5D5, 0xDBFE, 0x9AFE, 0xBBFE, 0xBBFE, 0xBBFE, 0xBBFE, 0xBBFE, 0xBBFE, 0xBBFE, 0xBBFE, 0xBBFE, 
    0xBBFE, 0xBBFE, 0xBBFE, 0xBBFE, 0xBBFE, 0xBBFE, 0xBBFE, 0xBBFE, 0xBBFE, 0xBBFE, 0xBBFE, 0xBBFE, 
    0xBBFE, 0xBBFE, 0xBBFE, 0xBBFE, 0xBBFE, 0xBBFE, 0xBBFE, 0xBBFE, 0xBBFE, 0xBBFE, 0xBBFE, 0xBBFE, 
    0xBBFE, 0xBBFE, 0xBBFE, 0xBBFE, 0xBAFE, 0x9BFE, 0x9BFE, 0xBAFE, 0xDBFE, 0xB8B5, 0xD574, 0x9CAE, 
    0x1DBF, 0x1DB7, 0xFDBE, 0xFDBE, 0xFDBE, 0xFDBE, 0xFDBE, 0xFDBE, 0xFDBE, 0xFDBE, 0xFDBE, 0xFDBE, 
    0xFDBE, 0xFDBE, 0xFDBE, 0xFDBE, 0xFDBE, 0xFDBE, 0xFDBE, 0xFDBE, 0xFDBE, 0xFDBE, 0xFDBE, 0xFDBE, 
    
    0x9BAE, 0x1DBF, 0xFDBE, 0xFDBE, 0xFDBE, 0xFDBE, 0xFDBE, 0xFDBE, 0xFDBE, 0xFDBE, 0xFDBE, 0xFDBE, 
    0xFDBE, 0xFDBE, 0xFDBE, 0xFDBE, 0xFDBE, 0xFDBE, 0xFDBE, 0xFDBE, 0xFDBE, 0xFDBE, 0xFDBE, 0x1DB7, 
    0x1DBF, 0xB98D, 0x168D, 0xBAFE, 0x9BFE, 0xBBFE, 0xBAFE, 0xBAFE, 0xBAFE, 0xBAFE, 0xBAFE, 0xBAFE, 
    0xBAFE, 0xBAFE, 0xBAFE, 0xBAFE, 0xBAFE, 0xBAFE, 0xBAFE, 0xBAFE, 0xBAFE, 0xBAFE, 0xBAFE, 0xBAFE, 
    0xBAFE, 0xBAFE, 0xBAFE, 0xBAFE, 0xBAFE, 0xBAFE, 0xBAFE, 0xBAFE, 0xBAFE, 0xBAFE, 0xBAFE, 0xBAFE, 
    0xBAFE, 0xBAFE, 0xBAFE, 0xBAFE, 0xBAFE, 0xBAFE, 0xBAFE, 0xBAFE, 0x9AFE, 0xFCFE, 0x54CD, 0xF6D5, 
    0xDDFF, 0x7CFF, 0x9CFF, 0x9CFF, 0x9CFF, 0x9CFF, 0x9CFF, 0x9CFF, 0x9CFF, 0x9CFF, 0x9CFF, 0x9CFF, 
    0x9CFF, 0x9CFF, 0x9CFF, 0x9CFF, 0x9CFF, 0x9CFF, 0x9CFF, 0x9CFF, 0x9CFF, 0x9CFF, 0x9CFF, 0x9CFF, 
    0x9CFF, 0x9CFF, 0x9CFF, 0x9CFF, 0x9CFF, 0x9CFF, 0x9CFF, 0x9CFF, 0x9CFF, 0x9CFF, 0x9CFF, 0x9CFF, 
    0x9CFF, 0x9CFF, 0x9CFF, 0x9CFF, 0x9CFF, 0x9CFF, 0x9CFF, 0x9CFF, 0x9CFF, 0x9CFF, 0x9CFF, 0x9CFF, 
    0x9CFF, 0x9CFF, 0x9CFF, 0x9CFF, 0x9CFF, 0x9CFF, 0x9CFF, 0x9CFF, 0x9CFF, 0x9CFF, 0x9CFF, 0x9CFF, 
    0x9CFF, 0x9CFF, 0x9CFF, 0x9CFF, 0x9CFF, 0x9CFF, 0x9CFF, 0x9CFF, 0x9CFF, 0x9CFF, 0x9CFF, 0x9CFF, 
    0x9CFF, 0x9CFF, 0x9CFF, 0x9CFF, 0x9CFF, 0x9CFF, 0x9CFF, 0x9CFF, 0x9CFF, 0x9CFF, 0x9CFF, 0x9CFF, 
    0x9CFF, 0x9CFF, 0x9CFF, 0x9CFF, 0x9CFF, 0x9CFF, 0x9CFF, 0x9CFF, 0x9CFF, 0x9CFF, 0x9CFF, 0x9CFF, 
    0x9CFF, 0x9CFF, 0x9CFF, 0x9CFF, 0x9CFF, 0x9CFF, 0x9CFF, 0x9CFF, 0x9CFF, 0x9CFF, 0x9CFF, 0x9CFF, 
    0x9CFF, 0x9CFF, 0x9CFF, 0x9CFF, 0x9CFF, 0x9CFF, 0x9CFF, 0x9CFF, 0x9CFF, 0x9CFF, 0x9CFF, 0x9CFF, 
    0x9CFF, 0x9CFF, 0x9CFF, 0x9CFF, 0x9CFF, 0x9CFF, 0x9CFF, 0x9CFF, 0x9CFF, 0x9CFF, 0x9CFF, 0x9CFF, 
    0x9CFF, 0x9CFF, 0x9CFF, 0x9CFF, 0x9CFF, 0x7BFF, 0xDDFF, 0x53C5, 0xB5D5, 0xDBFE, 0x9AFE, 0xBAFE, 
    0xBAFE, 0xBAFE, 0xBAFE, 0xBAFE, 0xBAFE, 0xBAFE, 0xBAFE, 0xBAFE, 0xBAFE, 0xBAFE, 0xBAFE, 0xBAFE, 
    0xBAFE, 0xBAFE, 0xBAFE, 0xBAFE, 0xBAFE, 0xBAFE, 0xBAFE, 0xBAFE, 0xBAFE, 0xBAFE, 0xBAFE, 0xBAFE, 
    0xBAFE, 0xBAFE, 0xBAFE, 0xBAFE, 0xBAFE, 0xBAFE, 0xBAFE, 0xBAFE, 0xBAFE, 0xBAFE, 0xBAFE, 0xBAFE, 
    0xBAFE, 0x9BFE, 0x9BFE, 0xBAFE, 0xDBFE, 0xB8B5, 0xD574, 0x9CAE, 0x1DBF, 0x1DB7, 0xFDBE, 0xFDBE, 
    0xFDBE, 0xFDBE, 0xFDBE, 0xFDBE, 0xFDBE, 0xFDBE, 0xFDBE, 0xFDBE, 0xFDBE, 0xFDBE, 0xFDBE, 0xFDBE, 
    0xFDBE, 0xFDBE, 0xFDBE, 0xFDBE, 0xFDBE, 0xFDBE, 0xFDBE, 0xFDBE, 
    0x9BAE, 0x1DBF, 0xFDBE, 0xFDBE, 
    0xFDBE, 0xFDBE, 0xFDBE, 0xFDBE, 0xFDBE, 0xFDBE, 0xFDBE, 0xFDBE, 0xFDBE, 0xFDBE, 0xFDBE, 0xFDBE, 
    0xFDBE, 0xFDBE, 0xFDBE, 0xFDBE, 0xFDBE, 0xFDBE, 0xFDBE, 0x1DB7, 0x1DBF, 0xB98D, 0x168D, 0xBAFE, 
    0x9BFE, 0xBBFE, 0xBAFE, 0xBAFE, 0xBAFE, 0xBAFE, 0xBAFE, 0xBAFE, 0xBAFE, 0xBAFE, 0xBAFE, 0xBAFE, 
    0xBAFE, 0xBAFE, 0xBAFE, 0xBAFE, 0xBAFE, 0xBAFE, 0xBAFE, 0xBAFE, 0xBAFE, 0xBAFE, 0xBAFE, 0xBAFE, 
    0xBAFE, 0xBAFE, 0xBAFE, 0xBAFE, 0xBAFE, 0xBAFE, 0xBAFE, 0xBAFE, 0xBAFE, 0xBAFE, 0xBAFE, 0xBAFE, 
    0xBAFE, 0xBAFE, 0xBAFE, 0xBAFE, 0x9AFE, 0xFCFE, 0x54CD, 0xF6D5, 0xDDFF, 0x7CFF, 0x9CFF, 0x9CFF, 
    0x9CFF, 0x9CFF, 0x9CFF, 0x9CFF, 0x9CFF, 0x9CFF, 0x9CFF, 0x9CFF, 0x9CFF, 0x9CFF, 0x9CFF, 0x9CFF, 
    0x9CFF, 0x9CFF, 0x9CFF, 0x9CFF, 0x9CFF, 0x9CFF, 0x9CFF, 0x9CFF, 0x9CFF, 0x9CFF, 0x9CFF, 0x9CFF, 
    0x9CFF, 0x9CFF, 0x9CFF, 0x9CFF, 0x9CFF, 0x9CFF, 0x9CFF, 0x9CFF, 0x9CFF, 0x9CFF, 0x9CFF, 0x9CFF, 
    0x9CFF, 0x9CFF, 0x9CFF, 0x9CFF, 0x9CFF, 0x9CFF, 0x9CFF, 0x9CFF, 0x9CFF, 0x9CFF, 0x9CFF, 0x9CFF, 
    0x9CFF, 0x9CFF, 0x9CFF, 0x9CFF, 0x9CFF, 0x9CFF, 0x9CFF, 0x9CFF, 0x9CFF, 0x9CFF, 0x9CFF, 0x9CFF, 
    0x9CFF, 0x9CFF, 0x9CFF, 0x9CFF, 0x9CFF, 0x9CFF, 0x9CFF, 0x9CFF, 0x9CFF, 0x9CFF, 0x9CFF, 0x9CFF, 
    0x9CFF, 0x9CFF, 0x9CFF, 0x9CFF, 0x9CFF, 0x9CFF, 0x9CFF, 0x9CFF, 0x9CFF, 0x9CFF, 0x9CFF, 0x9CFF, 
    0x9CFF, 0x9CFF, 0x9CFF, 0x9CFF, 0x9CFF, 0x9CFF, 0x9CFF, 0x9CFF, 0x9CFF, 0x9CFF, 0x9CFF, 0x9CFF, 
    0x9CFF, 0x9CFF, 0x9CFF, 0x9CFF, 0x9CFF, 0x9CFF, 0x9CFF, 0x9CFF, 0x9CFF, 0x9CFF, 0x9CFF, 0x9CFF, 
    0x9CFF, 0x9CFF, 0x9CFF, 0x9CFF, 0x9CFF, 0x9CFF, 0x9CFF, 0x9CFF, 0x9CFF, 0x9CFF, 0x9CFF, 0x9CFF, 
    0x9CFF, 0x9CFF, 0x9CFF, 0x9CFF, 0x9CFF, 0x9CFF, 0x9CFF, 0x9CFF, 0x9CFF, 0x9CFF, 0x9CFF, 0x9CFF, 
    0x9CFF, 0x7BFF, 0xDDFF, 0x53C5, 0xB5D5, 0xDBFE, 0x9AFE, 0xBAFE, 0xBAFE, 0xBAFE, 0xBAFE, 0xBAFE, 
    0xBAFE, 0xBAFE, 0xBAFE, 0xBAFE, 0xBAFE, 0xBAFE, 0xBAFE, 0xBAFE, 0xBAFE, 0xBAFE, 0xBAFE, 0xBAFE, 
    0xBAFE, 0xBAFE, 0xBAFE, 0xBAFE, 0xBAFE, 0xBAFE, 0xBAFE, 0xBAFE, 0xBAFE, 0xBAFE, 0xBAFE, 0xBAFE, 
    0xBAFE, 0xBAFE, 0xBAFE, 0xBAFE, 0xBAFE, 0xBAFE, 0xBAFE, 0xBAFE, 0xBAFE, 0x9BFE, 0x9BFE, 0xBAFE, 
    0xDBFE, 0xB8B5, 0xD574, 0x9CAE, 0x1DBF, 0x1DB7, 0xFDBE, 0xFDBE, 0xFDBE, 0xFDBE, 0xFDBE, 0xFDBE, 
    0xFDBE, 0xFDBE, 0xFDBE, 0xFDBE, 0xFDBE, 0xFDBE, 0xFDBE, 0xFDBE, 0xFDBE, 0xFDBE, 0xFDBE, 0xFDBE, 
    0xFDBE, 0xFDBE, 0xFDBE, 0xFDBE, 
    0x9BAE, 0x1DBF, 0xFDBE, 0xFDBE, 0xFDBE, 0xFDBE, 0xFDBE, 0xFDBE, 
    0xFDBE, 0xFDBE, 0xFDBE, 0xFDBE, 0xFDBE, 0xFDBE, 0xFDBE, 0xFDBE, 0xFDBE, 0xFDBE, 0xFDBE, 0xFDBE, 
    0xFDBE, 0xFDBE, 0xFDBE, 0x1DB7, 0x1DBF, 0xB98D, 0x168D, 0xBAFE, 0x9BFE, 0xBBFE, 0xBAFE, 0xBAFE, 
    0xBAFE, 0xBAFE, 0xBAFE, 0xBAFE, 0xBAFE, 0xBAFE, 0xBAFE, 0xBAFE, 0xBAFE, 0xBAFE, 0xBAFE, 0xBAFE, 
    0xBAFE, 0xBAFE, 0xBAFE, 0xBAFE, 0xBAFE, 0xBAFE, 0xBAFE, 0xBAFE, 0xBAFE, 0xBAFE, 0xBAFE, 0xBAFE, 
    0xBAFE, 0xBAFE, 0xBAFE, 0xBAFE, 0xBAFE, 0xBAFE, 0xBAFE, 0xBAFE, 0xBAFE, 0xBAFE, 0xBAFE, 0xBAFE, 
    0x9AFE, 0xFCFE, 0x54CD, 0xF6D5, 0xDDFF, 0x7CFF, 0x9CFF, 0x9CFF, 0x9CFF, 0x9CFF, 0x9CFF, 0x9CFF, 
    0x9CFF, 0x9CFF, 0x9CFF, 0x9CFF, 0x9CFF, 0x9CFF, 0x9CFF, 0x9CFF, 0x9CFF, 0x9CFF, 0x9CFF, 0x9CFF, 
    0x9CFF, 0x9CFF, 0x9CFF, 0x9CFF, 0x9CFF, 0x9CFF, 0x9CFF, 0x9CFF, 0x9CFF, 0x9CFF, 0x9CFF, 0x9CFF, 
    0x9CFF, 0x9CFF, 0x9CFF, 0x9CFF, 0x9CFF, 0x9CFF, 0x9CFF, 0x9CFF, 0x9CFF, 0x9CFF, 0x9CFF, 0x9CFF, 
    0x9CFF, 0x9CFF, 0x9CFF, 0x9CFF, 0x9CFF, 0x9CFF, 0x9CFF, 0x9CFF, 0x9CFF, 0x9CFF, 0x9CFF, 0x9CFF, 
    0x9CFF, 0x9CFF, 0x9CFF, 0x9CFF, 0x9CFF, 0x9CFF, 0x9CFF, 0x9CFF, 0x9CFF, 0x9CFF, 0x9CFF, 0x9CFF, 
    0x9CFF, 0x9CFF, 0x9CFF, 0x9CFF, 0x9CFF, 0x9CFF, 0x9CFF, 0x9CFF, 0x9CFF, 0x9CFF, 0x9CFF, 0x9CFF, 
    0x9CFF, 0x9CFF, 0x9CFF, 0x9CFF, 0x9CFF, 0x9CFF, 0x9CFF, 0x9CFF, 0x9CFF, 0x9CFF, 0x9CFF, 0x9CFF, 
    0x9CFF, 0x9CFF, 0x9CFF, 0x9CFF, 0x9CFF, 0x9CFF, 0x9CFF, 0x9CFF, 0x9CFF, 0x9CFF, 0x9CFF, 0x9CFF, 
    0x9CFF, 0x9CFF, 0x9CFF, 0x9CFF, 0x9CFF, 0x9CFF, 0x9CFF, 0x9CFF, 0x9CFF, 0x9CFF, 0x9CFF, 0x9CFF, 
    0x9CFF, 0x9CFF, 0x9CFF, 0x9CFF, 0x9CFF, 0x9CFF, 0x9CFF, 0x9CFF, 0x9CFF, 0x9CFF, 0x9CFF, 0x9CFF, 
    0x9CFF, 0x9CFF, 0x9CFF, 0x9CFF, 0x9CFF, 0x9CFF, 0x9CFF, 0x9CFF, 0x9CFF, 0x7BFF, 0xDDFF, 0x53C5, 
    0xB5D5, 0xDBFE, 0x9AFE, 0xBAFE, 0xBAFE, 0xBAFE, 0xBAFE, 0xBAFE, 0xBAFE, 0xBAFE, 0xBAFE, 0xBAFE, 
    0xBAFE, 0xBAFE, 0xBAFE, 0xBAFE, 0xBAFE, 0xBAFE, 0xBAFE, 0xBAFE, 0xBAFE, 0xBAFE, 0xBAFE, 0xBAFE, 
    0xBAFE, 0xBAFE, 0xBAFE, 0xBAFE, 0xBAFE, 0xBAFE, 0xBAFE, 0xBAFE, 0xBAFE, 0xBAFE, 0xBAFE, 0xBAFE, 
    0xBAFE, 0xBAFE, 0xBAFE, 0xBAFE, 0xBAFE, 0x9BFE, 0x9BFE, 0xBAFE, 0xDBFE, 0xB8B5, 0xD574, 0x9CAE, 
    0x1DBF, 0x1DB7, 0xFDBE, 0xFDBE, 0xFDBE, 0xFDBE, 0xFDBE, 0xFDBE, 0xFDBE, 0xFDBE, 0xFDBE, 0xFDBE, 
    0xFDBE, 0xFDBE, 0xFDBE, 0xFDBE, 0xFDBE, 0xFDBE, 0xFDBE, 0xFDBE, 0xFDBE, 0xFDBE, 0xFDBE, 0xFDBE, 
    
    0x9BAE, 0x1DBF, 0xFDBE, 0xFDBE, 0xFDBE, 0xFDBE, 0xFDBE, 0xFDBE, 0xFDBE, 0xFDBE, 0xFDBE, 0xFDBE, 
    0xFDBE, 0xFDBE, 0xFDBE, 0xFDBE, 0xFDBE, 0xFDBE, 0xFDBE, 0xFDBE, 0xFDBE, 0xFDBE, 0xFDBE, 0x1DB7, 
    0x1DBF, 0xB98D, 0x168D, 0xBAFE, 0x9BFE, 0xBBFE, 0xBAFE, 0xBAFE, 0xBAFE, 0xBAFE, 0xBAFE, 0xBAFE, 
    0xBAFE, 0xBAFE, 0xBAFE, 0xBAFE, 0xBAFE, 0xBAFE, 0xBAFE, 0xBAFE, 0xBAFE, 0xBAFE, 0xBAFE, 0xBAFE, 
    0xBAFE, 0xBAFE, 0xBAFE, 0xBAFE, 0xBAFE, 0xBAFE, 0xBAFE, 0xBAFE, 0xBAFE, 0xBAFE, 0xBAFE, 0xBAFE, 
    0xBAFE, 0xBAFE, 0xBAFE, 0xBAFE, 0xBAFE, 0xBAFE, 0xBAFE, 0xBAFE, 0x9AFE, 0xFCFE, 0x54CD, 0xF6D5, 
    0xDDFF, 0x7CFF, 0x9CFF, 0x9CFF, 0x9CFF, 0x9CFF, 0x9CFF, 0x9CFF, 0x9CFF, 0x9CFF, 0x9CFF, 0x9CFF, 
    0x9CFF, 0x9CFF, 0x9CFF, 0x9CFF, 0x9CFF, 0x9CFF, 0x9CFF, 0x9CFF, 0x9CFF, 0x9CFF, 0x9CFF, 0x9CFF, 
    0x9CFF, 0x9CFF, 0x9CFF, 0x9CFF, 0x9CFF, 0x9CFF, 0x9CFF, 0x9CFF, 0x9CFF, 0x9CFF, 0x9CFF, 0x9CFF, 
    0x9CFF, 0x9CFF, 0x9CFF, 0x9CFF, 0x9CFF, 0x9CFF, 0x9CFF, 0x9CFF, 0x9CFF, 0x9CFF, 0x9CFF, 0x9CFF, 
    0x9CFF, 0x9CFF, 0x9CFF, 0x9CFF, 0x9CFF, 0x9CFF, 0x9CFF, 0x9CFF, 0x9CFF, 0x9CFF, 0x9CFF, 0x9CFF, 
    0x9CFF, 0x9CFF, 0x9CFF, 0x9CFF, 0x9CFF, 0x9CFF, 0x9CFF, 0x9CFF, 0x9CFF, 0x9CFF, 0x9CFF, 0x9CFF, 
    0x9CFF, 0x9CFF, 0x9CFF, 0x9CFF, 0x9CFF, 0x9CFF, 0x9CFF, 0x9CFF, 0x9CFF, 0x9CFF, 0x9CFF, 0x9CFF, 
    0x9CFF, 0x9CFF, 0x9CFF, 0x9CFF, 0x9CFF, 0x9CFF, 0x9CFF, 0x9CFF, 0x9CFF, 0x9CFF, 0x9CFF, 0x9CFF, 
    0x9CFF, 0x9CFF, 0x9CFF, 0x9CFF, 0x9CFF, 0x9CFF, 0x9CFF, 0x9CFF, 0x9CFF, 0x9CFF, 0x9CFF, 0x9CFF, 
    0x9CFF, 0x9CFF, 0x9CFF, 0x9CFF, 0x9CFF, 0x9CFF, 0x9CFF, 0x9CFF, 0x9CFF, 0x9CFF, 0x9CFF, 0x9CFF, 
    0x9CFF, 0x9CFF, 0x9CFF, 0x9CFF, 0x9CFF, 0x9CFF, 0x9CFF, 0x9CFF, 0x9CFF, 0x9CFF, 0x9CFF, 0x9CFF, 
    0x9CFF, 0x9CFF, 0x9CFF, 0x9CFF, 0x9CFF, 0x7BFF, 0xDDFF, 0x53C5, 0xB5D5, 0xDBFE, 0x9AFE, 0xBAFE, 
    0xBAFE, 0xBAFE, 0xBAFE, 0xBAFE, 0xBAFE, 0xBAFE, 0xBAFE, 0xBAFE, 0xBAFE, 0xBAFE, 0xBAFE, 0xBAFE, 
    0xBAFE, 0xBAFE, 0xBAFE, 0xBAFE, 0xBAFE, 0xBAFE, 0xBAFE, 0xBAFE, 0xBAFE, 0xBAFE, 0xBAFE, 0xBAFE, 
    0xBAFE, 0xBAFE, 0xBAFE, 0xBAFE, 0xBAFE, 0xBAFE, 0xBAFE, 0xBAFE, 0xBAFE, 0xBAFE, 0xBAFE, 0xBAFE, 
    0xBAFE, 0x9BFE, 0x9BFE, 0xBAFE, 0xDBFE, 0xB8B5, 0xD574, 0x9CAE, 0x1DBF, 0x1DB7, 0xFDBE, 0xFDBE, 
    0xFDBE, 0xFDBE, 0xFDBE, 0xFDBE, 0xFDBE, 0xFDBE, 0xFDBE, 0xFDBE, 0xFDBE, 0xFDBE, 0xFDBE, 0xFDBE, 
    0xFDBE, 0xFDBE, 0xFDBE, 0xFDBE, 0xFDBE, 0xFDBE, 0xFDBE, 0xFDBE, 
    0x9BAE, 0x1DBF, 0xFDBE, 0xFDBE, 
    0xFDBE, 0xFDBE, 0xFDBE, 0xFDBE, 0xFDBE, 0xFDBE, 0xFDBE, 0xFDBE, 0xFDBE, 0xFDBE, 0xFDBE, 0xFDBE, 
    0xFDBE, 0xFDBE, 0xFDBE, 0xFDBE, 0xFDBE, 0xFDBE, 0xFDBE, 0x1DB7, 0x1DBF, 0xB98D, 0x168D, 0xBAFE, 
    0x9BFE, 0xBBFE, 0xBAFE, 0xBAFE, 0xBAFE, 0xBAFE, 0xBAFE, 0xBAFE, 0xBAFE, 0xBAFE, 0xBAFE, 0xBAFE, 
    0xBAFE, 0xBAFE, 0xBAFE, 0xBAFE, 0xBAFE, 0xBAFE, 0xBAFE, 0xBAFE, 0xBAFE, 0xBAFE, 0xBAFE, 0xBAFE, 
    0xBAFE, 0xBAFE, 0xBAFE, 0xBAFE, 0xBAFE, 0xBAFE, 0xBAFE, 0xBAFE, 0xBAFE, 0xBAFE, 0xBAFE, 0xBAFE, 
    0xBAFE, 0xBAFE, 0xBAFE, 0xBAFE, 0x9AFE, 0xFCFE, 0x54CD, 0xF6D5, 0xDDFF, 0x7CFF, 0x9CFF, 0x9CFF, 
    0x9CFF, 0x9CFF, 0x9CFF, 0x9CFF, 0x9CFF, 0x9CFF, 0x9CFF, 0x9CFF, 0x9CFF, 0x9CFF, 0x9CFF, 0x9CFF, 
    0x9CFF, 0x9CFF, 0x9CFF, 0x9CFF, 0x9CFF, 0x9CFF, 0x9CFF, 0x9CFF, 0x9CFF, 0x9CFF, 0x9CFF, 0x9CFF, 
    0x9CFF, 0x9CFF, 0x9CFF, 0x9CFF, 0x9CFF, 0x9CFF, 0x9CFF, 0x9CFF, 0x9CFF, 0x9CFF, 0x9CFF, 0x9CFF, 
    0x9CFF, 0x9CFF, 0x9CFF, 0x9CFF, 0x9CFF, 0x9CFF, 0x9CFF, 0x9CFF, 0x9CFF, 0x9CFF, 0x9CFF, 0x9CFF, 
    0x9CFF, 0x9CFF, 0x9CFF, 0x9CFF, 0x9CFF, 0x9CFF, 0x9CFF, 0x9CFF, 0x9CFF, 0x9CFF, 0x9CFF, 0x9CFF, 
    0x9CFF, 0x9CFF, 0x9CFF, 0x9CFF, 0x9CFF, 0x9CFF, 0x9CFF, 0x9CFF, 0x9CFF, 0x9CFF, 0x9CFF, 0x9CFF, 
    0x9CFF, 0x9CFF, 0x9CFF, 0x9CFF, 0x9CFF, 0x9CFF, 0x9CFF, 0x9CFF, 0x9CFF, 0x9CFF, 0x9CFF, 0x9CFF, 
    0x9CFF, 0x9CFF, 0x9CFF, 0x9CFF, 0x9CFF, 0x9CFF, 0x9CFF, 0x9CFF, 0x9CFF, 0x9CFF, 0x9CFF, 0x9CFF, 
    0x9CFF, 0x9CFF, 0x9CFF, 0x9CFF, 0x9CFF, 0x9CFF, 0x9CFF, 0x9CFF, 0x9CFF, 0x9CFF, 0x9CFF, 0x9CFF, 
    0x9CFF, 0x9CFF, 0x9CFF, 0x9CFF, 0x9CFF, 0x9CFF, 0x9CFF, 0x9CFF, 0x9CFF, 0x9CFF, 0x9CFF, 0x9CFF, 
    0x9CFF, 0x9CFF, 0x9CFF, 0x9CFF, 0x9CFF, 0x9CFF, 0x9CFF, 0x9CFF, 0x9CFF, 0x9CFF, 0x9CFF, 0x9CFF, 
    0x9CFF, 0x7BFF, 0xDDFF, 0x53C5, 0xB5D5, 0xDBFE, 0x9AFE, 0xBAFE, 0xBAFE, 0xBAFE, 0xBAFE, 0xBAFE, 
    0xBAFE, 0xBAFE, 0xBAFE, 0xBAFE, 0xBAFE, 0xBAFE, 0xBAFE, 0xBAFE, 0xBAFE, 0xBAFE, 0xBAFE, 0xBAFE, 
    0xBAFE, 0xBAFE, 0xBAFE, 0xBAFE, 0xBAFE, 0xBAFE, 0xBAFE, 0xBAFE, 0xBAFE, 0xBAFE, 0xBAFE, 0xBAFE, 
    0xBAFE, 0xBAFE, 0xBAFE, 0xBAFE, 0xBAFE, 0xBAFE, 0xBAFE, 0xBAFE, 0xBAFE, 0x9BFE, 0x9BFE, 0xBAFE, 
    0xDBFE, 0xB8B5, 0xD574, 0x9CAE, 0x1DBF, 0x1DB7, 0xFDBE, 0xFDBE, 0xFDBE, 0xFDBE, 0xFDBE, 0xFDBE, 
    0xFDBE, 0xFDBE, 0xFDBE, 0xFDBE, 0xFDBE, 0xFDBE, 0xFDBE, 0xFDBE, 0xFDBE, 0xFDBE, 0xFDBE, 0xFDBE, 
    0xFDBE, 0xFDBE, 0xFDBE, 0xFDBE, 
    0x9BAE, 0x1DBF, 0xFDBE, 0xFDBE, 0xFDBE, 0xFDBE, 0xFDBE, 0xFDBE, 
    0xFDBE, 0xFDBE, 0xFDBE, 0xFDBE, 0xFDBE, 0xFDBE, 0xFDBE, 0xFDBE, 0xFDBE, 0xFDBE, 0xFDBE, 0xFDBE, 
    0xFDBE, 0xFDBE, 0xFDBE, 0x1DB7, 0x1DBF, 0xB98D, 0x168D, 0xBAFE, 0x9BFE, 0xBBFE, 0xBAFE, 0xBAFE, 
    0xBAFE, 0xBAFE, 0xBAFE, 0xBAFE, 0xBAFE, 0xBAFE, 0xBAFE, 0xBAFE, 0xBAFE, 0xBAFE, 0xBAFE, 0xBAFE, 
    0xBAFE, 0xBAFE, 0xBAFE, 0xBAFE, 0xBAFE, 0xBAFE, 0xBAFE, 0xBAFE, 0xBAFE, 0xBAFE, 0xBAFE, 0xBAFE, 
    0xBAFE, 0xBAFE, 0xBAFE, 0xBAFE, 0xBAFE, 0xBAFE, 0xBAFE, 0xBAFE, 0xBAFE, 0xBAFE, 0xBAFE, 0xBAFE, 
    0x9AFE, 0xFCFE, 0x54CD, 0xF6D5, 0xDDFF, 0x7CFF, 0x9CFF, 0x9CFF, 0x9CFF, 0x9CFF, 0x9CFF, 0x9CFF, 
    0x9CFF, 0x9CFF, 0x9CFF, 0x9CFF, 0x9CFF, 0x9CFF, 0x9CFF, 0x9CFF, 0x9CFF, 0x9CFF, 0x9CFF, 0x9CFF, 
    0x9CFF, 0x9CFF, 0x9CFF, 0x9CFF, 0x9CFF, 0x9CFF, 0x9CFF, 0x9CFF, 0x9CFF, 0x9CFF, 0x9CFF, 0x9CFF, 
    0x9CFF, 0x9CFF, 0x9CFF, 0x9CFF, 0x9CFF, 0x9CFF, 0x9CFF, 0x9CFF, 0x9CFF, 0x9CFF, 0x9CFF, 0x9CFF, 
    0x9CFF, 0x9CFF, 0x9CFF, 0x9CFF, 0x9CFF, 0x9CFF, 0x9CFF, 0x9CFF, 0x9CFF, 0x9CFF, 0x9CFF, 0x9CFF, 
    0x9CFF, 0x9CFF, 0x9CFF, 0x9CFF, 0x9CFF, 0x9CFF, 0x9CFF, 0x9CFF, 0x9CFF, 0x9CFF, 0x9CFF, 0x9CFF, 
    0x9CFF, 0x9CFF, 0x9CFF, 0x9CFF, 0x9CFF, 0x9CFF, 0x9CFF, 0x9CFF, 0x9CFF, 0x9CFF, 0x9CFF, 0x9CFF, 
    0x9CFF, 0x9CFF, 0x9CFF, 0x9CFF, 0x9CFF, 0x9CFF, 0x9CFF, 0x9CFF, 0x9CFF, 0x9CFF, 0x9CFF, 0x9CFF, 
    0x9CFF, 0x9CFF, 0x9CFF, 0x9CFF, 0x9CFF, 0x9CFF, 0x9CFF, 0x9CFF, 0x9CFF, 0x9CFF, 0x9CFF, 0x9CFF, 
    0x9CFF, 0x9CFF, 0x9CFF, 0x9CFF, 0x9CFF, 0x9CFF, 0x9CFF, 0x9CFF, 0x9CFF, 0x9CFF, 0x9CFF, 0x9CFF, 
    0x9CFF, 0x9CFF, 0x9CFF, 0x9CFF, 0x9CFF, 0x9CFF, 0x9CFF, 0x9CFF, 0x9CFF, 0x9CFF, 0x9CFF, 0x9CFF, 
    0x9CFF, 0x9CFF, 0x9CFF, 0x9CFF, 0x9CFF, 0x9CFF, 0x9CFF, 0x9CFF, 0x9CFF, 0x7BFF, 0xDDFF, 0x53C5, 
    0xB5D5, 0xDBFE, 0x9AFE, 0xBAFE, 0xBAFE, 0xBAFE, 0xBAFE, 0xBAFE, 0xBAFE, 0xBAFE, 0xBAFE, 0xBAFE, 
    0xBAFE, 0xBAFE, 0xBAFE, 0xBAFE, 0xBAFE, 0xBAFE, 0xBAFE, 0xBAFE, 0xBAFE, 0xBAFE, 0xBAFE, 0xBAFE, 
    0xBAFE, 0xBAFE, 0xBAFE, 0xBAFE, 0xBAFE, 0xBAFE, 0xBAFE, 0xBAFE, 0xBAFE, 0xBAFE, 0xBAFE, 0xBAFE, 
    0xBAFE, 0xBAFE, 0xBAFE, 0xBAFE, 0xBAFE, 0x9BFE, 0x9BFE, 0xBAFE, 0xDBFE, 0xB8B5, 0xD574, 0x9CAE, 
    0x1DBF, 0x1DB7, 0xFDBE, 0xFDBE, 0xFDBE, 0xFDBE, 0xFDBE, 0xFDBE, 0xFDBE, 0xFDBE, 0xFDBE, 0xFDBE, 
    0xFDBE, 0xFDBE, 0xFDBE, 0xFDBE, 0xFDBE, 0xFDBE, 0xFDBE, 0xFDBE, 0xFDBE, 0xFDBE, 0xFDBE, 0xFDBE, 
    
    0x9BAE, 0x1DBF, 0xFDBE, 0xFDBE, 0xFDBE, 0xFDBE, 0xFDBE, 0xFDBE, 0xFDBE, 0xFDBE, 0xFDBE, 0xFDBE, 
    0xFDBE, 0xFDBE, 0xFDBE, 0xFDBE, 0xFDBE, 0xFDBE, 0xFDBE, 0xFDBE, 0xFDBE, 0xFDBE, 0xFDBE, 0x1DB7, 
    0x1DBF, 0xB98D, 0x168D, 0xBAFE, 0x9BFE, 0xBBFE, 0xBAFE, 0xBAFE, 0xBAFE, 0xBAFE, 0xBAFE, 0xBAFE, 
    0xBAFE, 0xBAFE, 0xBAFE, 0xBAFE, 0xBAFE, 0xBAFE, 0xBAFE, 0xBAFE, 0xBAFE, 0xBAFE, 0xBAFE, 0xBAFE, 
    0xBAFE, 0xBAFE, 0xBAFE, 0xBAFE, 0xBAFE, 0xBAFE, 0xBAFE, 0xBAFE, 0xBAFE, 0xBAFE, 0xBAFE, 0xBAFE, 
    0xBAFE, 0xBAFE, 0xBAFE, 0xBAFE, 0xBAFE, 0xBAFE, 0xBAFE, 0xBAFE, 0x9AFE, 0xFCFE, 0x54CD, 0xF6D5, 
    0xDDFF, 0x7CFF, 0x9CFF, 0x9CFF, 0x9CFF, 0x9CFF, 0x9CFF, 0x9CFF, 0x9CFF, 0x9CFF, 0x9CFF, 0x9CFF, 
    0x9CFF, 0x9CFF, 0x9CFF, 0x9CFF, 0x9CFF, 0x9CFF, 0x9CFF, 0x9CFF, 0x9CFF, 0x9CFF, 0x9CFF, 0x9CFF, 
    0x9CFF, 0x9CFF, 0x9CFF, 0x9CFF, 0x9CFF, 0x9CFF, 0x9CFF, 0x9CFF, 0x9CFF, 0x9CFF, 0x9CFF, 0x9CFF, 
    0x9CFF, 0x9CFF, 0x9CFF, 0x9CFF, 0x9CFF, 0x9CFF, 0x9CFF, 0x9CFF, 0x9CFF, 0x9CFF, 0x9CFF, 0x9CFF, 
    0x9CFF, 0x9CFF, 0x9CFF, 0x9CFF, 0x9CFF, 0x9CFF, 0x9CFF, 0x9CFF, 0x9CFF, 0x9CFF, 0x9CFF, 0x9CFF, 
    0x9CFF, 0x9CFF, 0x9CFF, 0x9CFF, 0x9CFF, 0x9CFF, 0x9CFF, 0x9CFF, 0x9CFF, 0x9CFF, 0x9CFF, 0x9CFF, 
    0x9CFF, 0x9CFF, 0x9CFF, 0x9CFF, 0x9CFF, 0x9CFF, 0x9CFF, 0x9CFF, 0x9CFF, 0x9CFF, 0x9CFF, 0x9CFF, 
    0x9CFF, 0x9CFF, 0x9CFF, 0x9CFF, 0x9CFF, 0x9CFF, 0x9CFF, 0x9CFF, 0x9CFF, 0x9CFF, 0x9CFF, 0x9CFF, 
    0x9CFF, 0x9CFF, 0x9CFF, 0x9CFF, 0x9CFF, 0x9CFF, 0x9CFF, 0x9CFF, 0x9CFF, 0x9CFF, 0x9CFF, 0x9CFF, 
    0x9CFF, 0x9CFF, 0x9CFF, 0x9CFF, 0x9CFF, 0x9CFF, 0x9CFF, 0x9CFF, 0x9CFF, 0x9CFF, 0x9CFF, 0x9CFF, 
    0x9CFF, 0x9CFF, 0x9CFF, 0x9CFF, 0x9CFF, 0x9CFF, 0x9CFF, 0x9CFF, 0x9CFF, 0x9CFF, 0x9CFF, 0x9CFF, 
    0x9CFF, 0x9CFF, 0x9CFF, 0x9CFF, 0x9CFF, 0x7BFF, 0xDDFF, 0x53C5, 0xB5D5, 0xDBFE, 0x9AFE, 0xBAFE, 
    0xBAFE, 0xBAFE, 0xBAFE, 0xBAFE, 0xBAFE, 0xBAFE, 0xBAFE, 0xBAFE, 0xBAFE, 0xBAFE, 0xBAFE, 0xBAFE, 
    0xBAFE, 0xBAFE, 0xBAFE, 0xBAFE, 0xBAFE, 0xBAFE, 0xBAFE, 0xBAFE, 0xBAFE, 0xBAFE, 0xBAFE, 0xBAFE, 
    0xBAFE, 0xBAFE, 0xBAFE, 0xBAFE, 0xBAFE, 0xBAFE, 0xBAFE, 0xBAFE, 0xBAFE, 0xBAFE, 0xBAFE, 0xBAFE, 
    0xBAFE, 0x9BFE, 0x9BFE, 0xBAFE, 0xDBFE, 0xB8B5, 0xD574, 0x9CAE, 0x1DBF, 0x1DB7, 0xFDBE, 0xFDBE, 
    0xFDBE, 0xFDBE, 0xFDBE, 0xFDBE, 0xFDBE, 0xFDBE, 0xFDBE, 0xFDBE, 0xFDBE, 0xFDBE, 0xFDBE, 0xFDBE, 
    0xFDBE, 0xFDBE, 0xFDBE, 0xFDBE, 0xFDBE, 0xFDBE, 0xFDBE, 0xFDBE, 
    0x9BAE, 0x1DBF, 0xFDBE, 0xFDBE, 
    0xFDBE, 0xFDBE, 0xFDBE, 0xFDBE, 0xFDBE, 0xFDBE, 0xFDBE, 0xFDBE, 0xFDBE, 0xFDBE, 0xFDBE, 0xFDBE, 
    0xFDBE, 0xFDBE, 0xFDBE, 0xFDBE, 0xFDBE, 0xFDBE, 0xFDBE, 0x1DB7, 0x1DBF, 0xB98D, 0x168D, 0xBAFE, 
    0x9BFE, 0xBBFE, 0xBAFE, 0xBAFE, 0xBAFE, 0xBAFE, 0xBAFE, 0xBAFE, 0xBAFE, 0xBAFE, 0xBAFE, 0xBAFE, 
    0xBAFE, 0xBAFE, 0xBAFE, 0xBAFE, 0xBAFE, 0xBAFE, 0xBAFE, 0xBAFE, 0xBAFE, 0xBAFE, 0xBAFE, 0xBAFE, 
    0xBAFE, 0xBAFE, 0xBAFE, 0xBAFE, 0xBAFE, 0xBAFE, 0xBAFE, 0xBAFE, 0xBAFE, 0xBAFE, 0xBAFE, 0xBAFE, 
    0xBAFE, 0xBAFE, 0xBAFE, 0xBAFE, 0x9AFE, 0xFCFE, 0x54CD, 0xF6D5, 0xDDFF, 0x7CFF, 0x9CFF, 0x9CFF, 
    0x9CFF, 0x9CFF, 0x9CFF, 0x9CFF, 0x9CFF, 0x9CFF, 0x9CFF, 0x9CFF, 0x9CFF, 0x9CFF, 0x9CFF, 0x9CFF, 
    0x9CFF, 0x9CFF, 0x9CFF, 0x9CFF, 0x9CFF, 0x9CFF, 0x9CFF, 0x9CFF, 0x9CFF, 0x9CFF, 0x9CFF, 0x9CFF, 
    0x9CFF, 0x9CFF, 0x9CFF, 0x9CFF, 0x9CFF, 0x9CFF, 0x9CFF, 0x9CFF, 0x9CFF, 0x9CFF, 0x9CFF, 0x9CFF, 
    0x9CFF, 0x9CFF, 0x9CFF, 0x9CFF, 0x9CFF, 0x9CFF, 0x9CFF, 0x9CFF, 0x9CFF, 0x9CFF, 0x9CFF, 0x9CFF, 
    0x9CFF, 0x9CFF, 0x9CFF, 0x9CFF, 0x9CFF, 0x9CFF, 0x9CFF, 0x9CFF, 0x9CFF, 0x9CFF, 0x9CFF, 0x9CFF, 
    0x9CFF, 0x9CFF, 0x9CFF, 0x9CFF, 0x9CFF, 0x9CFF, 0x9CFF, 0x9CFF, 0x9CFF, 0x9CFF, 0x9CFF, 0x9CFF, 
    0x9CFF, 0x9CFF, 0x9CFF, 0x9CFF, 0x9CFF, 0x9CFF, 0x9CFF, 0x9CFF, 0x9CFF, 0x9CFF, 0x9CFF, 0x9CFF, 
    0x9CFF, 0x9CFF, 0x9CFF, 0x9CFF, 0x9CFF, 0x9CFF, 0x9CFF, 0x9CFF, 0x9CFF, 0x9CFF, 0x9CFF, 0x9CFF, 
    0x9CFF, 0x9CFF, 0x9CFF, 0x9CFF, 0x9CFF, 0x9CFF, 0x9CFF, 0x9CFF, 0x9CFF, 0x9CFF, 0x9CFF, 0x9CFF, 
    0x9CFF, 0x9CFF, 0x9CFF, 0x9CFF, 0x9CFF, 0x9CFF, 0x9CFF, 0x9CFF, 0x9CFF, 0x9CFF, 0x9CFF, 0x9CFF, 
    0x9CFF, 0x9CFF, 0x9CFF, 0x9CFF, 0x9CFF, 0x9CFF, 0x9CFF, 0x9CFF, 0x9CFF, 0x9CFF, 0x9CFF, 0x9CFF, 
    0x9CFF, 0x7BFF, 0xDDFF, 0x53C5, 0xB5D5, 0xDBFE, 0x9AFE, 0xBAFE, 0xBAFE, 0xBAFE, 0xBAFE, 0xBAFE, 
    0xBAFE, 0xBAFE, 0xBAFE, 0xBAFE, 0xBAFE, 0xBAFE, 0xBAFE, 0xBAFE, 0xBAFE, 0xBAFE, 0xBAFE, 0xBAFE, 
    0xBAFE, 0xBAFE, 0xBAFE, 0xBAFE, 0xBAFE, 0xBAFE, 0xBAFE, 0xBAFE, 0xBAFE, 0xBAFE, 0xBAFE, 0xBAFE, 
    0xBAFE, 0xBAFE, 0xBAFE, 0xBAFE, 0xBAFE, 0xBAFE, 0xBAFE, 0xBAFE, 0xBAFE, 0x9BFE, 0x9BFE, 0xBAFE, 
    0xDBFE, 0xB8B5, 0xD574, 0x9CAE, 0x1DBF, 0x1DB7, 0xFDBE, 0xFDBE, 0xFDBE, 0xFDBE, 0xFDBE, 0xFDBE, 
    0xFDBE, 0xFDBE, 0xFDBE, 0xFDBE, 0xFDBE, 0xFDBE, 0xFDBE, 0xFDBE, 0xFDBE, 0xFDBE, 0xFDBE, 0xFDBE, 
    0xFDBE, 0xFDBE, 0xFDBE, 0xFDBE, 
    0x9BAE, 0x1DBF, 0xFDBE, 0xFDBE, 0xFDBE, 0xFDBE, 0xFDBE, 0xFDBE, 
    0xFDBE, 0xFDBE, 0xFDBE, 0xFDBE, 0xFDBE, 0xFDBE, 0xFDBE, 0xFDBE, 0xFDBE, 0xFDBE, 0xFDBE, 0xFDBE, 
    0xFDBE, 0xFDBE, 0xFDBE, 0x1DB7, 0x1DBF, 0xB98D, 0x168D, 0xBAFE, 0x9BFE, 0xBBFE, 0xBAFE, 0xBAFE, 
    0xBAFE, 0xBAFE, 0xBAFE, 0xBAFE, 0xBAFE, 0xBAFE, 0xBAFE, 0xBAFE, 0xBAFE, 0xBAFE, 0xBAFE, 0xBAFE, 
    0xBAFE, 0xBAFE, 0xBAFE, 0xBAFE, 0xBAFE, 0xBAFE, 0xBAFE, 0xBAFE, 0xBAFE, 0xBAFE, 0xBAFE, 0xBAFE, 
    0xBAFE, 0xBAFE, 0xBAFE, 0xBAFE, 0xBAFE, 0xBAFE, 0xBAFE, 0xBAFE, 0xBAFE, 0xBAFE, 0xBAFE, 0xBAFE, 
    0x9AFE, 0xFCFE, 0x54CD, 0xF6D5, 0xDDFF, 0x7CFF, 0x9CFF, 0x9CFF, 0x9CFF, 0x9CFF, 0x9CFF, 0x9CFF, 
    0x9CFF, 0x9CFF, 0x9CFF, 0x9CFF, 0x9CFF, 0x9CFF, 0x9CFF, 0x9CFF, 0x9CFF, 0x9CFF, 0x9CFF, 0x9CFF, 
    0x9CFF, 0x9CFF, 0x9CFF, 0x9CFF, 0x9CFF, 0x9CFF, 0x9CFF, 0x9CFF, 0x9CFF, 0x9CFF, 0x9CFF, 0x9CFF, 
    0x9CFF, 0x9CFF, 0x9CFF, 0x9CFF, 0x9CFF, 0x9CFF, 0x9CFF, 0x9CFF, 0x9CFF, 0x9CFF, 0x9CFF, 0x9CFF, 
    0x9CFF, 0x9CFF, 0x9CFF, 0x9CFF, 0x9CFF, 0x9CFF, 0x9CFF, 0x9CFF, 0x9CFF, 0x9CFF, 0x9CFF, 0x9CFF, 
    0x9CFF, 0x9CFF, 0x9CFF, 0x9CFF, 0x9CFF, 0x9CFF, 0x9CFF, 0x9CFF, 0x9CFF, 0x9CFF, 0x9CFF, 0x9CFF, 
    0x9CFF, 0x9CFF, 0x9CFF, 0x9CFF, 0x9CFF, 0x9CFF, 0x9CFF, 0x9CFF, 0x9CFF, 0x9CFF, 0x9CFF, 0x9CFF, 
    0x9CFF, 0x9CFF, 0x9CFF, 0x9CFF, 0x9CFF, 0x9CFF, 0x9CFF, 0x9CFF, 0x9CFF, 0x9CFF, 0x9CFF, 0x9CFF, 
    0x9CFF, 0x9CFF, 0x9CFF, 0x9CFF, 0x9CFF, 0x9CFF, 0x9CFF, 0x9CFF, 0x9CFF, 0x9CFF, 0x9CFF, 0x9CFF, 
    0x9CFF, 0x9CFF, 0x9CFF, 0x9CFF, 0x9CFF, 0x9CFF, 0x9CFF, 0x9CFF, 0x9CFF, 0x9CFF, 0x9CFF, 0x9CFF, 
    0x9CFF, 0x9CFF, 0x9CFF, 0x9CFF, 0x9CFF, 0x9CFF, 0x9CFF, 0x9CFF, 0x9CFF, 0x9CFF, 0x9CFF, 0x9CFF, 
    0x9CFF, 0x9CFF, 0x9CFF, 0x9CFF, 0x9CFF, 0x9CFF, 0x9CFF, 0x9CFF, 0x9CFF, 0x7BFF, 0xDDFF, 0x53C5, 
    0xB5D5, 0xDBFE, 0x9AFE, 0xBAFE, 0xBAFE, 0xBAFE, 0xBAFE, 0xBAFE, 0xBAFE, 0xBAFE, 0xBAFE, 0xBAFE, 
    0xBAFE, 0xBAFE, 0xBAFE, 0xBAFE, 0xBAFE, 0xBAFE, 0xBAFE, 0xBAFE, 0xBAFE, 0xBAFE, 0xBAFE, 0xBAFE, 
    0xBAFE, 0xBAFE, 0xBAFE, 0xBAFE, 0xBAFE, 0xBAFE, 0xBAFE, 0xBAFE, 0xBAFE, 0xBAFE, 0xBAFE, 0xBAFE, 
    0xBAFE, 0xBAFE, 0xBAFE, 0xBAFE, 0xBAFE, 0x9BFE, 0xBBFE, 0xBAFE, 0xDBFE, 0xB8B5, 0xD574, 0x9CAE, 
    0x1DBF, 0x1DB7, 0xFDBE, 0xFDBE, 0xFDBE, 0xFDBE, 0xFDBE, 0xFDBE, 0xFDBE, 0xFDBE, 0xFDBE, 0xFDBE, 
    0xFDBE, 0xFDBE, 0xFDBE, 0xFDBE, 0xFDBE, 0xFDBE, 0xFDBE, 0xFDBE, 0xFDBE, 0xFDBE, 0xFDBE, 0xFDBE, 
    
    0x9BAE, 0x1DBF, 0xFDBE, 0xFDBE, 0xFDBE, 0xFDBE, 0xFDBE, 0xFDBE, 0xFDBE, 0xFDBE, 0xFDBE, 0xFDBE, 
    0xFDBE, 0xFDBE, 0xFDBE, 0xFDBE, 0xFDBE, 0xFDBE, 0xFDBE, 0xFDBE, 0xFDBE, 0xFDBE, 0xFDBE, 0x1DB7, 
    0x1DBF, 0xB98D, 0x168D, 0xBAFE, 0x9BFE, 0xBBFE, 0xBAFE, 0xBAFE, 0xBAFE, 0xBAFE, 0xBAFE, 0xBAFE, 
    0xBAFE, 0xBAFE, 0xBAFE, 0xBAFE, 0xBAFE, 0xBAFE, 0xBAFE, 0xBAFE, 0xBAFE, 0xBAFE, 0xBAFE, 0xBAFE, 
    0xBAFE, 0xBAFE, 0xBAFE, 0xBAFE, 0xBAFE, 0xBAFE, 0xBAFE, 0xBAFE, 0xBAFE, 0xBAFE, 0xBAFE, 0xBAFE, 
    0xBAFE, 0xBAFE, 0xBAFE, 0xBAFE, 0xBAFE, 0xBAFE, 0xBAFE, 0xBAFE, 0x9AFE, 0xFCFE, 0x54CD, 0xF6D5, 
    0xDDFF, 0x7CFF, 0x9CFF, 0x9CFF, 0x9CFF, 0x9CFF, 0x9CFF, 0x9CFF, 0x9CFF, 0x9CFF, 0x9CFF, 0x9CFF, 
    0x9CFF, 0x9CFF, 0x9CFF, 0x9CFF, 0x9CFF, 0x9CFF, 0x9CFF, 0x9CFF, 0x9CFF, 0x9CFF, 0x9CFF, 0x9CFF, 
    0x9CFF, 0x9CFF, 0x9CFF, 0x9CFF, 0x9CFF, 0x9CFF, 0x9CFF, 0x9CFF, 0x9CFF, 0x9CFF, 0x9CFF, 0x9CFF, 
    0x9CFF, 0x9CFF, 0x9CFF, 0x9CFF, 0x9CFF, 0x9CFF, 0x9CFF, 0x9CFF, 0x9CFF, 0x9CFF, 0x9CFF, 0x9CFF, 
    0x9CFF, 0x9CFF, 0x9CFF, 0x9CFF, 0x9CFF, 0x9CFF, 0x9CFF, 0x9CFF, 0x9CFF, 0x9CFF, 0x9CFF, 0x9CFF, 
    0x9CFF, 0x9CFF, 0x9CFF, 0x9CFF, 0x9CFF, 0x9CFF, 0x9CFF, 0x9CFF, 0x9CFF, 0x9CFF, 0x9CFF, 0x9CFF, 
    0x9CFF, 0x9CFF, 0x9CFF, 0x9CFF, 0x9CFF, 0x9CFF, 0x9CFF, 0x9CFF, 0x9CFF, 0x9CFF, 0x9CFF, 0x9CFF, 
    0x9CFF, 0x9CFF, 0x9CFF, 0x9CFF, 0x9CFF, 0x9CFF, 0x9CFF, 0x9CFF, 0x9CFF, 0x9CFF, 0x9CFF, 0x9CFF, 
    0x9CFF, 0x9CFF, 0x9CFF, 0x9CFF, 0x9CFF, 0x9CFF, 0x9CFF, 0x9CFF, 0x9CFF, 0x9CFF, 0x9CFF, 0x9CFF, 
    0x9CFF, 0x9CFF, 0x9CFF, 0x9CFF, 0x9CFF, 0x9CFF, 0x9CFF, 0x9CFF, 0x9CFF, 0x9CFF, 0x9CFF, 0x9CFF, 
    0x9CFF, 0x9CFF, 0x9CFF, 0x9CFF, 0x9CFF, 0x9CFF, 0x9CFF, 0x9CFF, 0x9CFF, 0x9CFF, 0x9CFF, 0x9CFF, 
    0x9CFF, 0x9CFF, 0x9CFF, 0x9CFF, 0x9CFF, 0x7BFF, 0xDDFF, 0x53C5, 0xB5D5, 0xDBFE, 0x9AFE, 0xBAFE, 
    0xBAFE, 0xBAFE, 0xBAFE, 0xBAFE, 0xBAFE, 0xBAFE, 0xBAFE, 0xBAFE, 0xBAFE, 0xBAFE, 0xBAFE, 0xBAFE, 
    0xBAFE, 0xBAFE, 0xBAFE, 0xBAFE, 0xBAFE, 0xBAFE, 0xBAFE, 0xBAFE, 0xBAFE, 0xBAFE, 0xBAFE, 0xBAFE, 
    0xBAFE, 0xBAFE, 0xBAFE, 0xBAFE, 0xBAFE, 0xBAFE, 0xBAFE, 0xBAFE, 0xBAFE, 0xBAFE, 0xBAFE, 0xBAFE, 
    0xBAFE, 0x9BFE, 0xBBFE, 0xBAFE, 0xDBFE, 0xB8B5, 0xD574, 0x9CAE, 0x1DBF, 0x1DB7, 0xFDBE, 0xFDBE, 
    0xFDBE, 0xFDBE, 0xFDBE, 0xFDBE, 0xFDBE, 0xFDBE, 0xFDBE, 0xFDBE, 0xFDBE, 0xFDBE, 0xFDBE, 0xFDBE, 
    0xFDBE, 0xFDBE, 0xFDBE, 0xFDBE, 0xFDBE, 0xFDBE, 0xFDBE, 0xFDBE, 
    0x9BAE, 0x1DBF, 0xFDBE, 0xFDBE, 
    0xFDBE, 0xFDBE, 0xFDBE, 0xFDBE, 0xFDBE, 0xFDBE, 0xFDBE, 0xFDBE, 0xFDBE, 0xFDBE, 0xFDBE, 0xFDBE, 
    0xFDBE, 0xFDBE, 0xFDBE, 0xFDBE, 0xFDBE, 0xFDBE, 0xFDBE, 0x1DB7, 0x1DBF, 0xB98D, 0x168D, 0xBAFE, 
    0x9BFE, 0xBBFE, 0xBAFE, 0xBAFE, 0xBAFE, 0xBAFE, 0xBAFE, 0xBAFE, 0xBAFE, 0xBAFE, 0xBAFE, 0xBAFE, 
    0xBAFE, 0xBAFE, 0xBAFE, 0xBAFE, 0xBAFE, 0xBAFE, 0xBAFE, 0xBAFE, 0xBAFE, 0xBAFE, 0xBAFE, 0xBAFE, 
    0xBAFE, 0xBAFE, 0xBAFE, 0xBAFE, 0xBAFE, 0xBAFE, 0xBAFE, 0xBAFE, 0xBAFE, 0xBAFE, 0xBAFE, 0xBAFE, 
    0xBAFE, 0xBAFE, 0xBAFE, 0xBAFE, 0x9AFE, 0xFCFE, 0x54CD, 0xF6D5, 0xDDFF, 0x7CFF, 0x9CFF, 0x9CFF, 
    0x9CFF, 0x9CFF, 0x9CFF, 0x9CFF, 0x9CFF, 0x9CFF, 0x9CFF, 0x9CFF, 0x9CFF, 0x9CFF, 0x9CFF, 0x9CFF, 
    0x9CFF, 0x9CFF, 0x9CFF, 0x9CFF, 0x9CFF, 0x9CFF, 0x9CFF, 0x9CFF, 0x9CFF, 0x9CFF, 0x9CFF, 0x9CFF, 
    0x9CFF, 0x9CFF, 0x9CFF, 0x9CFF, 0x9CFF, 0x9CFF, 0x9CFF, 0x9CFF, 0x9CFF, 0x9CFF, 0x9CFF, 0x9CFF, 
    0x9CFF, 0x9CFF, 0x9CFF, 0x9CFF, 0x9CFF, 0x9CFF, 0x9CFF, 0x9CFF, 0x9CFF, 0x9CFF, 0x9CFF, 0x9CFF, 
    0x9CFF, 0x9CFF, 0x9CFF, 0x9CFF, 0x9CFF, 0x9CFF, 0x9CFF, 0x9CFF, 0x9CFF, 0x9CFF, 0x9CFF, 0x9CFF, 
    0x9CFF, 0x9CFF, 0x9CFF, 0x9CFF, 0x9CFF, 0x9CFF, 0x9CFF, 0x9CFF, 0x9CFF, 0x9CFF, 0x9CFF, 0x9CFF, 
    0x9CFF, 0x9CFF, 0x9CFF, 0x9CFF, 0x9CFF, 0x9CFF, 0x9CFF, 0x9CFF, 0x9CFF, 0x9CFF, 0x9CFF, 0x9CFF, 
    0x9CFF, 0x9CFF, 0x9CFF, 0x9CFF, 0x9CFF, 0x9CFF, 0x9CFF, 0x9CFF, 0x9CFF, 0x9CFF, 0x9CFF, 0x9CFF, 
    0x9CFF, 0x9CFF, 0x9CFF, 0x9CFF, 0x9CFF, 0x9CFF, 0x9CFF, 0x9CFF, 0x9CFF, 0x9CFF, 0x9CFF, 0x9CFF, 
    0x9CFF, 0x9CFF, 0x9CFF, 0x9CFF, 0x9CFF, 0x9CFF, 0x9CFF, 0x9CFF, 0x9CFF, 0x9CFF, 0x9CFF, 0x9CFF, 
    0x9CFF, 0x9CFF, 0x9CFF, 0x9CFF, 0x9CFF, 0x9CFF, 0x9CFF, 0x9CFF, 0x9CFF, 0x9CFF, 0x9CFF, 0x9CFF, 
    0x9CFF, 0x7BFF, 0xDDFF, 0x53C5, 0xB5D5, 0xDBFE, 0x9AFE, 0xBAFE, 0xBAFE, 0xBAFE, 0xBAFE, 0xBAFE, 
    0xBAFE, 0xBAFE, 0xBAFE, 0xBAFE, 0xBAFE, 0xBAFE, 0xBAFE, 0xBAFE, 0xBAFE, 0xBAFE, 0xBAFE, 0xBAFE, 
    0xBAFE, 0xBAFE, 0xBAFE, 0xBAFE, 0xBAFE, 0xBAFE, 0xBAFE, 0xBAFE, 0xBAFE, 0xBAFE, 0xBAFE, 0xBAFE, 
    0xBAFE, 0xBAFE, 0xBAFE, 0xBAFE, 0xBAFE, 0xBAFE, 0xBAFE, 0xBAFE, 0xBAFE, 0x9BFE, 0xBBFE, 0xBAFE, 
    0xDBFE, 0xB8B5, 0xD574, 0x9CAE, 0x1DBF, 0x1DB7, 0xFDBE, 0xFDBE, 0xFDBE, 0xFDBE, 0xFDBE, 0xFDBE, 
    0xFDBE, 0xFDBE, 0xFDBE, 0xFDBE, 0xFDBE, 0xFDBE, 0xFDBE, 0xFDBE, 0xFDBE, 0xFDBE, 0xFDBE, 0xFDBE, 
    0xFDBE, 0xFDBE, 0xFDBE, 0xFDBE, 
    0x9BAE, 0x1DBF, 0xFDBE, 0xFDBE, 0xFDBE, 0xFDBE, 0xFDBE, 0xFDBE, 
    0xFDBE, 0xFDBE, 0xFDBE, 0xFDBE, 0xFDBE, 0xFDBE, 0xFDBE, 0xFDBE, 0xFDBE, 0xFDBE, 0xFDBE, 0xFDBE, 
    0xFDBE, 0xFDBE, 0xFDBE, 0x1DB7, 0x1DBF, 0xB98D, 0x168D, 0xBAFE, 0x9BFE, 0xBBFE, 0xBAFE, 0xBAFE, 
    0xBAFE, 0xBAFE, 0xBAFE, 0xBAFE, 0xBAFE, 0xBAFE, 0xBAFE, 0xBAFE, 0xBAFE, 0xBAFE, 0xBAFE, 0xBAFE, 
    0xBAFE, 0xBAFE, 0xBAFE, 0xBAFE, 0xBAFE, 0xBAFE, 0xBAFE, 0xBAFE, 0xBAFE, 0xBAFE, 0xBAFE, 0xBAFE, 
    0xBAFE, 0xBAFE, 0xBAFE, 0xBAFE, 0xBAFE, 0xBAFE, 0xBAFE, 0xBAFE, 0xBAFE, 0xBAFE, 0xBAFE, 0xBAFE, 
    0x9AFE, 0xFCFE, 0x54CD, 0xF6D5, 0xDDFF, 0x7CFF, 0x9CFF, 0x9CFF, 0x9CFF, 0x9CFF, 0x9CFF, 0x9CFF, 
    0x9CFF, 0x9CFF, 0x9CFF, 0x9CFF, 0x9CFF, 0x9CFF, 0x9CFF, 0x9CFF, 0x9CFF, 0x9CFF, 0x9CFF, 0x9CFF, 
    0x9CFF, 0x9CFF, 0x9CFF, 0x9CFF, 0x9CFF, 0x9CFF, 0x9CFF, 0x9CFF, 0x9CFF, 0x9CFF, 0x9CFF, 0x9CFF, 
    0x9CFF, 0x9CFF, 0x9CFF, 0x9CFF, 0x9CFF, 0x9CFF, 0x9CFF, 0x9CFF, 0x9CFF, 0x9CFF, 0x9CFF, 0x9CFF, 
    0x9CFF, 0x9CFF, 0x9CFF, 0x9CFF, 0x9CFF, 0x9CFF, 0x9CFF, 0x9CFF, 0x9CFF, 0x9CFF, 0x9CFF, 0x9CFF, 
    0x9CFF, 0x9CFF, 0x9CFF, 0x9CFF, 0x9CFF, 0x9CFF, 0x9CFF, 0x9CFF, 0x9CFF, 0x9CFF, 0x9CFF, 0x9CFF, 
    0x9CFF, 0x9CFF, 0x9CFF, 0x9CFF, 0x9CFF, 0x9CFF, 0x9CFF, 0x9CFF, 0x9CFF, 0x9CFF, 0x9CFF, 0x9CFF, 
    0x9CFF, 0x9CFF, 0x9CFF, 0x9CFF, 0x9CFF, 0x9CFF, 0x9CFF, 0x9CFF, 0x9CFF, 0x9CFF, 0x9CFF, 0x9CFF, 
    0x9CFF, 0x9CFF, 0x9CFF, 0x9CFF, 0x9CFF, 0x9CFF, 0x9CFF, 0x9CFF, 0x9CFF, 0x9CFF, 0x9CFF, 0x9CFF, 
    0x9CFF, 0x9CFF, 0x9CFF, 0x9CFF, 0x9CFF, 0x9CFF, 0x9CFF, 0x9CFF, 0x9CFF, 0x9CFF, 0x9CFF, 0x9CFF, 
    0x9CFF, 0x9CFF, 0x9CFF, 0x9CFF, 0x9CFF, 0x9CFF, 0x9CFF, 0x9CFF, 0x9CFF, 0x9CFF, 0x9CFF, 0x9CFF, 
    0x9CFF, 0x9CFF, 0x9CFF, 0x9CFF, 0x9CFF, 0x9CFF, 0x9CFF, 0x9CFF, 0x9CFF, 0x7BFF, 0xDDFF, 0x53C5, 
    0xB5D5, 0xDBFE, 0x9AFE, 0xBAFE, 0xBAFE, 0xBAFE, 0xBAFE, 0xBAFE, 0xBAFE, 0xBAFE, 0xBAFE, 0xBAFE, 
    0xBAFE, 0xBAFE, 0xBAFE, 0xBAFE, 0xBAFE, 0xBAFE, 0xBAFE, 0xBAFE, 0xBAFE, 0xBAFE, 0xBAFE, 0xBAFE, 
    0xBAFE, 0xBAFE, 0xBAFE, 0xBAFE, 0xBAFE, 0xBAFE, 0xBAFE, 0xBAFE, 0xBAFE, 0xBAFE, 0xBAFE, 0xBAFE, 
    0xBAFE, 0xBAFE, 0xBAFE, 0xBAFE, 0xBAFE, 0x9BFE, 0xBBFE, 0xBAFE, 0xDBFE, 0xB8B5, 0xD574, 0x9CAE, 
    0x1DBF, 0x1DB7, 0xFDBE, 0xFDBE, 0xFDBE, 0xFDBE, 0xFDBE, 0xFDBE, 0xFDBE, 0xFDBE, 0xFDBE, 0xFDBE, 
    0xFDBE, 0xFDBE, 0xFDBE, 0xFDBE, 0xFDBE, 0xFDBE, 0xFDBE, 0xFDBE, 0xFDBE, 0xFDBE, 0xFDBE, 0xFDBE, 
    
    0x9BAE, 0x1DBF, 0xFDBE, 0xFDBE, 0xFDBE, 0xFDBE, 0xFDBE, 0xFDBE, 0xFDBE, 0xFDBE, 0xFDBE, 0xFDBE, 
    0xFDBE, 0xFDBE, 0xFDBE, 0xFDBE, 0xFDBE, 0xFDBE, 0xFDBE, 0xFDBE, 0xFDBE, 0xFDBE, 0xFDBE, 0x1DB7, 
    0x1DBF, 0xB98D, 0x168D, 0xBAFE, 0x9BFE, 0xBBFE, 0xBAFE, 0xBAFE, 0xBAFE, 0xBAFE, 0xBAFE, 0xBAFE, 
    0xBAFE, 0xBAFE, 0xBAFE, 0xBAFE, 0xBAFE, 0xBAFE, 0xBAFE, 0xBAFE, 0xBAFE, 0xBAFE, 0xBAFE, 0xBAFE, 
    0xBAFE, 0xBAFE, 0xBAFE, 0xBAFE, 0xBAFE, 0xBAFE, 0xBAFE, 0xBAFE, 0xBAFE, 0xBAFE, 0xBAFE, 0xBAFE, 
    0xBAFE, 0xBAFE, 0xBAFE, 0xBAFE, 0xBAFE, 0xBAFE, 0xBAFE, 0xBAFE, 0x9AFE, 0xFCFE, 0x54CD, 0xF6D5, 
    0xDDFF, 0x7CFF, 0x9CFF, 0x9CFF, 0x9CFF, 0x9CFF, 0x9CFF, 0x9CFF, 0x9CFF, 0x9CFF, 0x9CFF, 0x9CFF, 
    0x9CFF, 0x9CFF, 0x9CFF, 0x9CFF, 0x9CFF, 0x9CFF, 0x9CFF, 0x9CFF, 0x9CFF, 0x9CFF, 0x9CFF, 0x9CFF, 
    0x9CFF, 0x9CFF, 0x9CFF, 0x9CFF, 0x9CFF, 0x9CFF, 0x9CFF, 0x9CFF, 0x9CFF, 0x9CFF, 0x9CFF, 0x9CFF, 
    0x9CFF, 0x9CFF, 0x9CFF, 0x9CFF, 0x9CFF, 0x9CFF, 0x9CFF, 0x9CFF, 0x9CFF, 0x9CFF, 0x9CFF, 0x9CFF, 
    0x9CFF, 0x9CFF, 0x9CFF, 0x9CFF, 0x9CFF, 0x9CFF, 0x9CFF, 0x9CFF, 0x9CFF, 0x9CFF, 0x9CFF, 0x9CFF, 
    0x9CFF, 0x9CFF, 0x9CFF, 0x9CFF, 0x9CFF, 0x9CFF, 0x9CFF, 0x9CFF, 0x9CFF, 0x9CFF, 0x9CFF, 0x9CFF, 
    0x9CFF, 0x9CFF, 0x9CFF, 0x9CFF, 0x9CFF, 0x9CFF, 0x9CFF, 0x9CFF, 0x9CFF, 0x9CFF, 0x9CFF, 0x9CFF, 
    0x9CFF, 0x9CFF, 0x9CFF, 0x9CFF, 0x9CFF, 0x9CFF, 0x9CFF, 0x9CFF, 0x9CFF, 0x9CFF, 0x9CFF, 0x9CFF, 
    0x9CFF, 0x9CFF, 0x9CFF, 0x9CFF, 0x9CFF, 0x9CFF, 0x9CFF, 0x9CFF, 0x9CFF, 0x9CFF, 0x9CFF, 0x9CFF, 
    0x9CFF, 0x9CFF, 0x9CFF, 0x9CFF, 0x9CFF, 0x9CFF, 0x9CFF, 0x9CFF, 0x9CFF, 0x9CFF, 0x9CFF, 0x9CFF, 
    0x9CFF, 0x9CFF, 0x9CFF, 0x9CFF, 0x9CFF, 0x9CFF, 0x9CFF, 0x9CFF, 0x9CFF, 0x9CFF, 0x9CFF, 0x9CFF, 
    0x9CFF, 0x9CFF, 0x9CFF, 0x9CFF, 0x9CFF, 0x7BFF, 0xDDFF, 0x53C5, 0xB5D5, 0xDBFE, 0x9AFE, 0xBAFE, 
    0xBAFE, 0xBAFE, 0xBAFE, 0xBAFE, 0xBAFE, 0xBAFE, 0xBAFE, 0xBAFE, 0xBAFE, 0xBAFE, 0xBAFE, 0xBAFE, 
    0xBAFE, 0xBAFE, 0xBAFE, 0xBAFE, 0xBAFE, 0xBAFE, 0xBAFE, 0xBAFE, 0xBAFE, 0xBAFE, 0xBAFE, 0xBAFE, 
    0xBAFE, 0xBAFE, 0xBAFE, 0xBAFE, 0xBAFE, 0xBAFE, 0xBAFE, 0xBAFE, 0xBAFE, 0xBAFE, 0xBAFE, 0xBAFE, 
    0xBAFE, 0x9BFE, 0xBBFE, 0xBAFE, 0xDBFE, 0xB8B5, 0xD574, 0x9CAE, 0x1DBF, 0x1DB7, 0xFDBE, 0xFDBE, 
    0xFDBE, 0xFDBE, 0xFDBE, 0xFDBE, 0xFDBE, 0xFDBE, 0xFDBE, 0xFDBE, 0xFDBE, 0xFDBE, 0xFDBE, 0xFDBE, 
    0xFDBE, 0xFDBE, 0xFDBE, 0xFDBE, 0xFDBE, 0xFDBE, 0xFDBE, 0xFDBE, 
    0x9BAE, 0x1DBF, 0xFDBE, 0xFDBE, 
    0xFDBE, 0xFDBE, 0xFDBE, 0xFDBE, 0xFDBE, 0xFDBE, 0xFDBE, 0xFDBE, 0xFDBE, 0xFDBE, 0xFDBE, 0xFDBE, 
    0xFDBE, 0xFDBE, 0xFDBE, 0xFDBE, 0xFDBE, 0xFDBE, 0xFDBE, 0x1DB7, 0x1DBF, 0xB98D, 0x168D, 0xBAFE, 
    0x9BFE, 0xBBFE, 0xBAFE, 0xBAFE, 0xBAFE, 0xBAFE, 0xBAFE, 0xBAFE, 0xBAFE, 0xBAFE, 0xBAFE, 0xBAFE, 
    0xBAFE, 0xBAFE, 0xBAFE, 0xBAFE, 0xBAFE, 0xBAFE, 0xBAFE, 0xBAFE, 0xBAFE, 0xBAFE, 0xBAFE, 0xBAFE, 
    0xBAFE, 0xBAFE, 0xBAFE, 0xBAFE, 0xBAFE, 0xBAFE, 0xBAFE, 0xBAFE, 0xBAFE, 0xBAFE, 0xBAFE, 0xBAFE, 
    0xBAFE, 0xBAFE, 0xBAFE, 0xBAFE, 0x9AFE, 0xFCFE, 0x54CD, 0xF6D5, 0xDDFF, 0x7CFF, 0x9CFF, 0x9CFF, 
    0x9CFF, 0x9CFF, 0x9CFF, 0x9CFF, 0x9CFF, 0x9CFF, 0x9CFF, 0x9CFF, 0x9CFF, 0x9CFF, 0x9CFF, 0x9CFF, 
    0x9CFF, 0x9CFF, 0x9CFF, 0x9CFF, 0x9CFF, 0x9CFF, 0x9CFF, 0x9CFF, 0x9CFF, 0x9CFF, 0x9CFF, 0x9CFF, 
    0x9CFF, 0x9CFF, 0x9CFF, 0x9CFF, 0x9CFF, 0x9CFF, 0x9CFF, 0x9CFF, 0x9CFF, 0x9CFF, 0x9CFF, 0x9CFF, 
    0x9CFF, 0x9CFF, 0x9CFF, 0x9CFF, 0x9CFF, 0x9CFF, 0x9CFF, 0x9CFF, 0x9CFF, 0x9CFF, 0x9CFF, 0x9CFF, 
    0x9CFF, 0x9CFF, 0x9CFF, 0x9CFF, 0x9CFF, 0x9CFF, 0x9CFF, 0x9CFF, 0x9CFF, 0x9CFF, 0x9CFF, 0x9CFF, 
    0x9CFF, 0x9CFF, 0x9CFF, 0x9CFF, 0x9CFF, 0x9CFF, 0x9CFF, 0x9CFF, 0x9CFF, 0x9CFF, 0x9CFF, 0x9CFF, 
    0x9CFF, 0x9CFF, 0x9CFF, 0x9CFF, 0x9CFF, 0x9CFF, 0x9CFF, 0x9CFF, 0x9CFF, 0x9CFF, 0x9CFF, 0x9CFF, 
    0x9CFF, 0x9CFF, 0x9CFF, 0x9CFF, 0x9CFF, 0x9CFF, 0x9CFF, 0x9CFF, 0x9CFF, 0x9CFF, 0x9CFF, 0x9CFF, 
    0x9CFF, 0x9CFF, 0x9CFF, 0x9CFF, 0x9CFF, 0x9CFF, 0x9CFF, 0x9CFF, 0x9CFF, 0x9CFF, 0x9CFF, 0x9CFF, 
    0x9CFF, 0x9CFF, 0x9CFF, 0x9CFF, 0x9CFF, 0x9CFF, 0x9CFF, 0x9CFF, 0x9CFF, 0x9CFF, 0x9CFF, 0x9CFF, 
    0x9CFF, 0x9CFF, 0x9CFF, 0x9CFF, 0x9CFF, 0x9CFF, 0x9CFF, 0x9CFF, 0x9CFF, 0x9CFF, 0x9CFF, 0x9CFF, 
    0x9CFF, 0x7BFF, 0xDDFF, 0x53C5, 0xB5D5, 0xDBFE, 0x9AFE, 0xBAFE, 0xBAFE, 0xBAFE, 0xBAFE, 0xBAFE, 
    0xBAFE, 0xBAFE, 0xBAFE, 0xBAFE, 0xBAFE, 0xBAFE, 0xBAFE, 0xBAFE, 0xBAFE, 0xBAFE, 0xBAFE, 0xBAFE, 
    0xBAFE, 0xBAFE, 0xBAFE, 0xBAFE, 0xBAFE, 0xBAFE, 0xBAFE, 0xBAFE, 0xBAFE, 0xBAFE, 0xBAFE, 0xBAFE, 
    0xBAFE, 0xBAFE, 0xBAFE, 0xBAFE, 0xBAFE, 0xBAFE, 0xBAFE, 0xBAFE, 0xBAFE, 0x9BFE, 0xBBFE, 0xBAFE, 
    0xDBFE, 0xB7B5, 0xD574, 0x9CAE, 0x1DBF, 0x1DB7, 0xFDBE, 0xFDBE, 0xFDBE, 0xFDBE, 0xFDBE, 0xFDBE, 
    0xFDBE, 0xFDBE, 0xFDBE, 0xFDBE, 0xFDBE, 0xFDBE, 0xFDBE, 0xFDBE, 0xFDBE, 0xFDBE, 0xFDBE, 0xFDBE, 
    0xFDBE, 0xFDBE, 0xFDBE, 0xFDBE, 
    0x9BAE, 0x1DBF, 0xFDBE, 0xFDBE, 0xFDBE, 0xFDBE, 0xFDBE, 0xFDBE, 
    0xFDBE, 0xFDBE, 0xFDBE, 0xFDBE, 0xFDBE, 0xFDBE, 0xFDBE, 0xFDBE, 0xFDBE, 0xFDBE, 0xFDBE, 0xFDBE, 
    0xFDBE, 0xFDBE, 0xFDBE, 0x1DB7, 0x1DBF, 0xB98D, 0x168D, 0xBAFE, 0x9BFE, 0xBBFE, 0xBAFE, 0xBAFE, 
    0xBAFE, 0xBAFE, 0xBAFE, 0xBAFE, 0xBAFE, 0xBAFE, 0xBAFE, 0xBAFE, 0xBAFE, 0xBAFE, 0xBAFE, 0xBAFE, 
    0xBAFE, 0xBAFE, 0xBAFE, 0xBAFE, 0xBAFE, 0xBAFE, 0xBAFE, 0xBAFE, 0xBAFE, 0xBAFE, 0xBAFE, 0xBAFE, 
    0xBAFE, 0xBAFE, 0xBAFE, 0xBAFE, 0xBAFE, 0xBAFE, 0xBAFE, 0xBAFE, 0xBAFE, 0xBAFE, 0xBAFE, 0xBAFE, 
    0x9AFE, 0xFCFE, 0x54CD, 0xF6D5, 0xDDFF, 0x7CFF, 0x9CFF, 0x9CFF, 0x9CFF, 0x9CFF, 0x9CFF, 0x9CFF, 
    0x9CFF, 0x9CFF, 0x9CFF, 0x9CFF, 0x9CFF, 0x9CFF, 0x9CFF, 0x9CFF, 0x9CFF, 0x9CFF, 0x9CFF, 0x9CFF, 
    0x9CFF, 0x9CFF, 0x9CFF, 0x9CFF, 0x9CFF, 0x9CFF, 0x9CFF, 0x9CFF, 0x9CFF, 0x9CFF, 0x9CFF, 0x9CFF, 
    0x9CFF, 0x9CFF, 0x9CFF, 0x9CFF, 0x9CFF, 0x9CFF, 0x9CFF, 0x9CFF, 0x9CFF, 0x9CFF, 0x9CFF, 0x9CFF, 
    0x9CFF, 0x9CFF, 0x9CFF, 0x9CFF, 0x9CFF, 0x9CFF, 0x9CFF, 0x9CFF, 0x9CFF, 0x9CFF, 0x9CFF, 0x9CFF, 
    0x9CFF, 0x9CFF, 0x9CFF, 0x9CFF, 0x9CFF, 0x9CFF, 0x9CFF, 0x9CFF, 0x9CFF, 0x9CFF, 0x9CFF, 0x9CFF, 
    0x9CFF, 0x9CFF, 0x9CFF, 0x9CFF, 0x9CFF, 0x9CFF, 0x9CFF, 0x9CFF, 0x9CFF, 0x9CFF, 0x9CFF, 0x9CFF, 
    0x9CFF, 0x9CFF, 0x9CFF, 0x9CFF, 0x9CFF, 0x9CFF, 0x9CFF, 0x9CFF, 0x9CFF, 0x9CFF, 0x9CFF, 0x9CFF, 
    0x9CFF, 0x9CFF, 0x9CFF, 0x9CFF, 0x9CFF, 0x9CFF, 0x9CFF, 0x9CFF, 0x9CFF, 0x9CFF, 0x9CFF, 0x9CFF, 
    0x9CFF, 0x9CFF, 0x9CFF, 0x9CFF, 0x9CFF, 0x9CFF, 0x9CFF, 0x9CFF, 0x9CFF, 0x9CFF, 0x9CFF, 0x9CFF, 
    0x9CFF, 0x9CFF, 0x9CFF, 0x9CFF, 0x9CFF, 0x9CFF, 0x9CFF, 0x9CFF, 0x9CFF, 0x9CFF, 0x9CFF, 0x9CFF, 
    0x9CFF, 0x9CFF, 0x9CFF, 0x9CFF, 0x9CFF, 0x9CFF, 0x9CFF, 0x9CFF, 0x9CFF, 0x7BFF, 0xDDFF, 0x53C5, 
    0xB5D5, 0xDBFE, 0x9AFE, 0xBAFE, 0xBAFE, 0xBAFE, 0xBAFE, 0xBAFE, 0xBAFE, 0xBAFE, 0xBAFE, 0xBAFE, 
    0xBAFE, 0xBAFE, 0xBAFE, 0xBAFE, 0xBAFE, 0xBAFE, 0xBAFE, 0xBAFE, 0xBAFE, 0xBAFE, 0xBAFE, 0xBAFE, 
    0xBAFE, 0xBAFE, 0xBAFE, 0xBAFE, 0xBAFE, 0xBAFE, 0xBAFE, 0xBAFE, 0xBAFE, 0xBAFE, 0xBAFE, 0xBAFE, 
    0xBAFE, 0xBAFE, 0xBAFE, 0xBAFE, 0xBAFE, 0x9BFE, 0xBBFE, 0xBAFE, 0xDBFE, 0xB7B5, 0xD574, 0x9CAE, 
    0x1DBF, 0x1DB7, 0xFDBE, 0xFDBE, 0xFDBE, 0xFDBE, 0xFDBE, 0xFDBE, 0xFDBE, 0xFDBE, 0xFDBE, 0xFDBE, 
    0xFDBE, 0xFDBE, 0xFDBE, 0xFDBE, 0xFDBE, 0xFDBE, 0xFDBE, 0xFDBE, 0xFDBE, 0xFDBE, 0xFDBE, 0xFDBE, 
    
    0x9BAE, 0x1DBF, 0xFDBE, 0xFDBE, 0xFDBE, 0xFDBE, 0xFDBE, 0xFDBE, 0xFDBE, 0xFDBE, 0xFDBE, 0xFDBE, 
    0xFDBE, 0xFDBE, 0xFDBE, 0xFDBE, 0xFDBE, 0xFDBE, 0xFDBE, 0xFDBE, 0xFDBE, 0xFDBE, 0xFDBE, 0x1DB7, 
    0x1DBF, 0xB98D, 0x168D, 0xBAFE, 0x9BFE, 0xBBFE, 0xBAFE, 0xBAFE, 0xBAFE, 0xBAFE, 0xBAFE, 0xBAFE, 
    0xBAFE, 0xBAFE, 0xBAFE, 0xBAFE, 0xBAFE, 0xBAFE, 0xBAFE, 0xBAFE, 0xBAFE, 0xBAFE, 0xBAFE, 0xBAFE, 
    0xBAFE, 0xBAFE, 0xBAFE, 0xBAFE, 0xBAFE, 0xBAFE, 0xBAFE, 0xBAFE, 0xBAFE, 0xBAFE, 0xBAFE, 0xBAFE, 
    0xBAFE, 0xBAFE, 0xBAFE, 0xBAFE, 0xBAFE, 0xBAFE, 0xBAFE, 0xBAFE, 0x9AFE, 0xFCFE, 0x54CD, 0xF6D5, 
    0xDDFF, 0x7CFF, 0x9CFF, 0x9CFF, 0x9CFF, 0x9CFF, 0x9CFF, 0x9CFF, 0x9CFF, 0x9CFF, 0x9CFF, 0x9CFF, 
    0x9CFF, 0x9CFF, 0x9CFF, 0x9CFF, 0x9CFF, 0x9CFF, 0x9CFF, 0x9CFF, 0x9CFF, 0x9CFF, 0x9CFF, 0x9CFF, 
    0x9CFF, 0x9CFF, 0x9CFF, 0x9CFF, 0x9CFF, 0x9CFF, 0x9CFF, 0x9CFF, 0x9CFF, 0x9CFF, 0x9CFF, 0x9CFF, 
    0x9CFF, 0x9CFF, 0x9CFF, 0x9CFF, 0x9CFF, 0x9CFF, 0x9CFF, 0x9CFF, 0x9CFF, 0x9CFF, 0x9CFF, 0x9CFF, 
    0x9CFF, 0x9CFF, 0x9CFF, 0x9CFF, 0x9CFF, 0x9CFF, 0x9CFF, 0x9CFF, 0x9CFF, 0x9CFF, 0x9CFF, 0x9CFF, 
    0x9CFF, 0x9CFF, 0x9CFF, 0x9CFF, 0x9CFF, 0x9CFF, 0x9CFF, 0x9CFF, 0x9CFF, 0x9CFF, 0x9CFF, 0x9CFF, 
    0x9CFF, 0x9CFF, 0x9CFF, 0x9CFF, 0x9CFF, 0x9CFF, 0x9CFF, 0x9CFF, 0x9CFF, 0x9CFF, 0x9CFF, 0x9CFF, 
    0x9CFF, 0x9CFF, 0x9CFF, 0x9CFF, 0x9CFF, 0x9CFF, 0x9CFF, 0x9CFF, 0x9CFF, 0x9CFF, 0x9CFF, 0x9CFF, 
    0x9CFF, 0x9CFF, 0x9CFF, 0x9CFF, 0x9CFF, 0x9CFF, 0x9CFF, 0x9CFF, 0x9CFF, 0x9CFF, 0x9CFF, 0x9CFF, 
    0x9CFF, 0x9CFF, 0x9CFF, 0x9CFF, 0x9CFF, 0x9CFF, 0x9CFF, 0x9CFF, 0x9CFF, 0x9CFF, 0x9CFF, 0x9CFF, 
    0x9CFF, 0x9CFF, 0x9CFF, 0x9CFF, 0x9CFF, 0x9CFF, 0x9CFF, 0x9CFF, 0x9CFF, 0x9CFF, 0x9CFF, 0x9CFF, 
    0x9CFF, 0x9CFF, 0x9CFF, 0x9CFF, 0x9CFF, 0x7BFF, 0xDDFF, 0x53C5, 0xB5D5, 0xDBFE, 0x9AFE, 0xBAFE, 
    0xBAFE, 0xBAFE, 0xBAFE, 0xBAFE, 0xBAFE, 0xBAFE, 0xBAFE, 0xBAFE, 0xBAFE, 0xBAFE, 0xBAFE, 0xBAFE, 
    0xBAFE, 0xBAFE, 0xBAFE, 0xBAFE, 0xBAFE, 0xBAFE, 0xBAFE, 0xBAFE, 0xBAFE, 0xBAFE, 0xBAFE, 0xBAFE, 
    0xBAFE, 0xBAFE, 0xBAFE, 0xBAFE, 0xBAFE, 0xBAFE, 0xBAFE, 0xBAFE, 0xBAFE, 0xBAFE, 0xBAFE, 0xBAFE, 
    0xBAFE, 0x9BFE, 0xBBFE, 0xBAFE, 0xDBFE, 0xB7B5, 0xD574, 0x9CAE, 0x1DBF, 0x1DB7, 0xFDBE, 0xFDBE, 
    0xFDBE, 0xFDBE, 0xFDBE, 0xFDBE, 0xFDBE, 0xFDBE, 0xFDBE, 0xFDBE, 0xFDBE, 0xFDBE, 0xFDBE, 0xFDBE, 
    0xFDBE, 0xFDBE, 0xFDBE, 0xFDBE, 0xFDBE, 0xFDBE, 0xFDBE, 0xFDBE, 
    0x9BAE, 0x1DBF, 0xFDBE, 0xFDBE, 
    0xFDBE, 0xFDBE, 0xFDBE, 0xFDBE, 0xFDBE, 0xFDBE, 0xFDBE, 0xFDBE, 0xFDBE, 0xFDBE, 0xFDBE, 0xFDBE, 
    0xFDBE, 0xFDBE, 0xFDBE, 0xFDBE, 0xFDBE, 0xFDBE, 0xFDBE, 0x1DB7, 0x1DBF, 0xB98D, 0x168D, 0xBAFE, 
    0x9BFE, 0xBBFE, 0xBAFE, 0xBAFE, 0xBAFE, 0xBAFE, 0xBAFE, 0xBAFE, 0xBAFE, 0xBAFE, 0xBAFE, 0xBAFE, 
    0xBAFE, 0xBAFE, 0xBAFE, 0xBAFE, 0xBAFE, 0xBAFE, 0xBAFE, 0xBAFE, 0xBAFE, 0xBAFE, 0xBAFE, 0xBAFE, 
    0xBAFE, 0xBAFE, 0xBAFE, 0xBAFE, 0xBAFE, 0xBAFE, 0xBAFE, 0xBAFE, 0xBAFE, 0xBAFE, 0xBAFE, 0xBAFE, 
    0xBAFE, 0xBAFE, 0xBAFE, 0xBAFE, 0x9AFE, 0xFCFE, 0x54CD, 0xF6D5, 0xDDFF, 0x7CFF, 0x9CFF, 0x9CFF, 
    0x9CFF, 0x9CFF, 0x9CFF, 0x9CFF, 0x9CFF, 0x9CFF, 0x9CFF, 0x9CFF, 0x9CFF, 0x9CFF, 0x9CFF, 0x9CFF, 
    0x9CFF, 0x9CFF, 0x9CFF, 0x9CFF, 0x9CFF, 0x9CFF, 0x9CFF, 0x9CFF, 0x9CFF, 0x9CFF, 0x9CFF, 0x9CFF, 
    0x9CFF, 0x9CFF, 0x9CFF, 0x9CFF, 0x9CFF, 0x9CFF, 0x9CFF, 0x9CFF, 0x9CFF, 0x9CFF, 0x9CFF, 0x9CFF, 
    0x9CFF, 0x9CFF, 0x9CFF, 0x9CFF, 0x9CFF, 0x9CFF, 0x9CFF, 0x9CFF, 0x9CFF, 0x9CFF, 0x9CFF, 0x9CFF, 
    0x9CFF, 0x9CFF, 0x9CFF, 0x9CFF, 0x9CFF, 0x9CFF, 0x9CFF, 0x9CFF, 0x9CFF, 0x9CFF, 0x9CFF, 0x9CFF, 
    0x9CFF, 0x9CFF, 0x9CFF, 0x9CFF, 0x9CFF, 0x9CFF, 0x9CFF, 0x9CFF, 0x9CFF, 0x9CFF, 0x9CFF, 0x9CFF, 
    0x9CFF, 0x9CFF, 0x9CFF, 0x9CFF, 0x9CFF, 0x9CFF, 0x9CFF, 0x9CFF, 0x9CFF, 0x9CFF, 0x9CFF, 0x9CFF, 
    0x9CFF, 0x9CFF, 0x9CFF, 0x9CFF, 0x9CFF, 0x9CFF, 0x9CFF, 0x9CFF, 0x9CFF, 0x9CFF, 0x9CFF, 0x9CFF, 
    0x9CFF, 0x9CFF, 0x9CFF, 0x9CFF, 0x9CFF, 0x9CFF, 0x9CFF, 0x9CFF, 0x9CFF, 0x9CFF, 0x9CFF, 0x9CFF, 
    0x9CFF, 0x9CFF, 0x9CFF, 0x9CFF, 0x9CFF, 0x9CFF, 0x9CFF, 0x9CFF, 0x9CFF, 0x9CFF, 0x9CFF, 0x9CFF, 
    0x9CFF, 0x9CFF, 0x9CFF, 0x9CFF, 0x9CFF, 0x9CFF, 0x9CFF, 0x9CFF, 0x9CFF, 0x9CFF, 0x9CFF, 0x9CFF, 
    0x9CFF, 0x7BFF, 0xDDFF, 0x53C5, 0xB5D5, 0xDBFE, 0x9AFE, 0xBAFE, 0xBAFE, 0xBAFE, 0xBAFE, 0xBAFE, 
    0xBAFE, 0xBAFE, 0xBAFE, 0xBAFE, 0xBAFE, 0xBAFE, 0xBAFE, 0xBAFE, 0xBAFE, 0xBAFE, 0xBAFE, 0xBAFE, 
    0xBAFE, 0xBAFE, 0xBAFE, 0xBAFE, 0xBAFE, 0xBAFE, 0xBAFE, 0xBAFE, 0xBAFE, 0xBAFE, 0xBAFE, 0xBAFE, 
    0xBAFE, 0xBAFE, 0xBAFE, 0xBAFE, 0xBAFE, 0xBAFE, 0xBAFE, 0xBAFE, 0xBAFE, 0x9BFE, 0xBBFE, 0xBAFE, 
    0xDBFE, 0xB7B5, 0xD574, 0x9CAE, 0x1DBF, 0x1DB7, 0xFDBE, 0xFDBE, 0xFDBE, 0xFDBE, 0xFDBE, 0xFDBE, 
    0xFDBE, 0xFDBE, 0xFDBE, 0xFDBE, 0xFDBE, 0xFDBE, 0xFDBE, 0xFDBE, 0xFDBE, 0xFDBE, 0xFDBE, 0xFDBE, 
    0xFDBE, 0xFDBE, 0xFDBE, 0xFDBE, 
    0x9BAE, 0x1DBF, 0xFDBE, 0xFDBE, 0xFDBE, 0xFDBE, 0xFDBE, 0xFDBE, 
    0xFDBE, 0xFDBE, 0xFDBE, 0xFDBE, 0xFDBE, 0xFDBE, 0xFDBE, 0xFDBE, 0xFDBE, 0xFDBE, 0xFDBE, 0xFDBE, 
    0xFDBE, 0xFDBE, 0xFDBE, 0x1DB7, 0x1DBF, 0xB98D, 0x168D, 0xBAFE, 0x9BFE, 0xBBFE, 0xBAFE, 0xBAFE, 
    0xBAFE, 0xBAFE, 0xBAFE, 0xBAFE, 0xBAFE, 0xBAFE, 0xBAFE, 0xBAFE, 0xBAFE, 0xBAFE, 0xBAFE, 0xBAFE, 
    0xBAFE, 0xBAFE, 0xBAFE, 0xBAFE, 0xBAFE, 0xBAFE, 0xBAFE, 0xBAFE, 0xBAFE, 0xBAFE, 0xBAFE, 0xBAFE, 
    0xBAFE, 0xBAFE, 0xBAFE, 0xBAFE, 0xBAFE, 0xBAFE, 0xBAFE, 0xBAFE, 0xBAFE, 0xBAFE, 0xBAFE, 0xBAFE, 
    0x9AFE, 0xFCFE, 0x54CD, 0xF6D5, 0xDDFF, 0x7CFF, 0x9CFF, 0x9CFF, 0x9CFF, 0x9CFF, 0x9CFF, 0x9CFF, 
    0x9CFF, 0x9CFF, 0x9CFF, 0x9CFF, 0x9CFF, 0x9CFF, 0x9CFF, 0x9CFF, 0x9CFF, 0x9CFF, 0x9CFF, 0x9CFF, 
    0x9CFF, 0x9CFF, 0x9CFF, 0x9CFF, 0x9CFF, 0x9CFF, 0x9CFF, 0x9CFF, 0x9CFF, 0x9CFF, 0x9CFF, 0x9CFF, 
    0x9CFF, 0x9CFF, 0x9CFF, 0x9CFF, 0x9CFF, 0x9CFF, 0x9CFF, 0x9CFF, 0x9CFF, 0x9CFF, 0x9CFF, 0x9CFF, 
    0x9CFF, 0x9CFF, 0x9CFF, 0x9CFF, 0x9CFF, 0x9CFF, 0x9CFF, 0x9CFF, 0x9CFF, 0x9CFF, 0x9CFF, 0x9CFF, 
    0x9CFF, 0x9CFF, 0x9CFF, 0x9CFF, 0x9CFF, 0x9CFF, 0x9CFF, 0x9CFF, 0x9CFF, 0x9CFF, 0x9CFF, 0x9CFF, 
    0x9CFF, 0x9CFF, 0x9CFF, 0x9CFF, 0x9CFF, 0x9CFF, 0x9CFF, 0x9CFF, 0x9CFF, 0x9CFF, 0x9CFF, 0x9CFF, 
    0x9CFF, 0x9CFF, 0x9CFF, 0x9CFF, 0x9CFF, 0x9CFF, 0x9CFF, 0x9CFF, 0x9CFF, 0x9CFF, 0x9CFF, 0x9CFF, 
    0x9CFF, 0x9CFF, 0x9CFF, 0x9CFF, 0x9CFF, 0x9CFF, 0x9CFF, 0x9CFF, 0x9CFF, 0x9CFF, 0x9CFF, 0x9CFF, 
    0x9CFF, 0x9CFF, 0x9CFF, 0x9CFF, 0x9CFF, 0x9CFF, 0x9CFF, 0x9CFF, 0x9CFF, 0x9CFF, 0x9CFF, 0x9CFF, 
    0x9CFF, 0x9CFF, 0x9CFF, 0x9CFF, 0x9CFF, 0x9CFF, 0x9CFF, 0x9CFF, 0x9CFF, 0x9CFF, 0x9CFF, 0x9CFF, 
    0x9CFF, 0x9CFF, 0x9CFF, 0x9CFF, 0x9CFF, 0x9CFF, 0x9CFF, 0x9CFF, 0x9CFF, 0x7BFF, 0xDDFF, 0x53C5, 
    0xB5D5, 0xDBFE, 0x9AFE, 0xBAFE, 0xBAFE, 0xBAFE, 0xBAFE, 0xBAFE, 0xBAFE, 0xBAFE, 0xBAFE, 0xBAFE, 
    0xBAFE, 0xBAFE, 0xBAFE, 0xBAFE, 0xBAFE, 0xBAFE, 0xBAFE, 0xBAFE, 0xBAFE, 0xBAFE, 0xBAFE, 0xBAFE, 
    0xBAFE, 0xBAFE, 0xBAFE, 0xBAFE, 0xBAFE, 0xBAFE, 0xBAFE, 0xBAFE, 0xBAFE, 0xBAFE, 0xBAFE, 0xBAFE, 
    0xBAFE, 0xBAFE, 0xBAFE, 0xBAFE, 0xBAFE, 0x9BFE, 0xBBFE, 0xBAFE, 0xDBFE, 0xB7B5, 0xD574, 0x9CAE, 
    0x1DBF, 0x1DB7, 0xFDBE, 0xFDBE, 0xFDBE, 0xFDBE, 0xFDBE, 0xFDBE, 0xFDBE, 0xFDBE, 0xFDBE, 0xFDBE, 
    0xFDBE, 0xFDBE, 0xFDBE, 0xFDBE, 0xFDBE, 0xFDBE, 0xFDBE, 0xFDBE, 0xFDBE, 0xFDBE, 0xFDBE, 0xFDBE, 
    
    0x9BAE, 0x1DBF, 0xFDBE, 0xFDBE, 0xFDBE, 0xFDBE, 0xFDBE, 0xFDBE, 0xFDBE, 0xFDBE, 0xFDBE, 0xFDBE, 
    0xFDBE, 0xFDBE, 0xFDBE, 0xFDBE, 0xFDBE, 0xFDBE, 0xFDBE, 0xFDBE, 0xFDBE, 0xFDBE, 0xFDBE, 0x1DB7, 
    0x1DBF, 0xB98D, 0x168D, 0xBAFE, 0x9BFE, 0xBBFE, 0xBAFE, 0xBAFE, 0xBAFE, 0xBAFE, 0xBAFE, 0xBAFE, 
    0xBAFE, 0xBAFE, 0xBAFE, 0xBAFE, 0xBAFE, 0xBAFE, 0xBAFE, 0xBAFE, 0xBAFE, 0xBAFE, 0xBAFE, 0xBAFE, 
    0xBAFE, 0xBAFE, 0xBAFE, 0xBAFE, 0xBAFE, 0xBAFE, 0xBAFE, 0xBAFE, 0xBAFE, 0xBAFE, 0xBAFE, 0xBAFE, 
    0xBAFE, 0xBAFE, 0xBAFE, 0xBAFE, 0xBAFE, 0xBAFE, 0xBAFE, 0xBAFE, 0x9AFE, 0xFCFE, 0x54CD, 0xF6D5, 
    0xDDFF, 0x7CFF, 0x9CFF, 0x9CFF, 0x9CFF, 0x9CFF, 0x9CFF, 0x9CFF, 0x9CFF, 0x9CFF, 0x9CFF, 0x9CFF, 
    0x9CFF, 0x9CFF, 0x9CFF, 0x9CFF, 0x9CFF, 0x9CFF, 0x9CFF, 0x9CFF, 0x9CFF, 0x9CFF, 0x9CFF, 0x9CFF, 
    0x9CFF, 0x9CFF, 0x9CFF, 0x9CFF, 0x9CFF, 0x9CFF, 0x9CFF, 0x9CFF, 0x9CFF, 0x9CFF, 0x9CFF, 0x9CFF, 
    0x9CFF, 0x9CFF, 0x9CFF, 0x9CFF, 0x9CFF, 0x9CFF, 0x9CFF, 0x9CFF, 0x9CFF, 0x9CFF, 0x9CFF, 0x9CFF, 
    0x9CFF, 0x9CFF, 0x9CFF, 0x9CFF, 0x9CFF, 0x9CFF, 0x9CFF, 0x9CFF, 0x9CFF, 0x9CFF, 0x9CFF, 0x9CFF, 
    0x9CFF, 0x9CFF, 0x9CFF, 0x9CFF, 0x9CFF, 0x9CFF, 0x9CFF, 0x9CFF, 0x9CFF, 0x9CFF, 0x9CFF, 0x9CFF, 
    0x9CFF, 0x9CFF, 0x9CFF, 0x9CFF, 0x9CFF, 0x9CFF, 0x9CFF, 0x9CFF, 0x9CFF, 0x9CFF, 0x9CFF, 0x9CFF, 
    0x9CFF, 0x9CFF, 0x9CFF, 0x9CFF, 0x9CFF, 0x9CFF, 0x9CFF, 0x9CFF, 0x9CFF, 0x9CFF, 0x9CFF, 0x9CFF, 
    0x9CFF, 0x9CFF, 0x9CFF, 0x9CFF, 0x9CFF, 0x9CFF, 0x9CFF, 0x9CFF, 0x9CFF, 0x9CFF, 0x9CFF, 0x9CFF, 
    0x9CFF, 0x9CFF, 0x9CFF, 0x9CFF, 0x9CFF, 0x9CFF, 0x9CFF, 0x9CFF, 0x9CFF, 0x9CFF, 0x9CFF, 0x9CFF, 
    0x9CFF, 0x9CFF, 0x9CFF, 0x9CFF, 0x9CFF, 0x9CFF, 0x9CFF, 0x9CFF, 0x9CFF, 0x9CFF, 0x9CFF, 0x9CFF, 
    0x9CFF, 0x9CFF, 0x9CFF, 0x9CFF, 0x9CFF, 0x7BFF, 0xDDFF, 0x53C5, 0xB5D5, 0xDBFE, 0x9AFE, 0xBAFE, 
    0xBAFE, 0xBAFE, 0xBAFE, 0xBAFE, 0xBAFE, 0xBAFE, 0xBAFE, 0xBAFE, 0xBAFE, 0xBAFE, 0xBAFE, 0xBAFE, 
    0xBAFE, 0xBAFE, 0xBAFE, 0xBAFE, 0xBAFE, 0xBAFE, 0xBAFE, 0xBAFE, 0xBAFE, 0xBAFE, 0xBAFE, 0xBAFE, 
    0xBAFE, 0xBAFE, 0xBAFE, 0xBAFE, 0xBAFE, 0xBAFE, 0xBAFE, 0xBAFE, 0xBAFE, 0xBAFE, 0xBAFE, 0xBAFE, 
    0xBAFE, 0x9BFE, 0xBBFE, 0xBAFE, 0xDBFE, 0xB7B5, 0xD574, 0x9CAE, 0x1DBF, 0x1DB7, 0xFDBE, 0xFDBE, 
    0xFDBE, 0xFDBE, 0xFDBE, 0xFDBE, 0xFDBE, 0xFDBE, 0xFDBE, 0xFDBE, 0xFDBE, 0xFDBE, 0xFDBE, 0xFDBE, 
    0xFDBE, 0xFDBE, 0xFDBE, 0xFDBE, 0xFDBE, 0xFDBE, 0xFDBE, 0xFDBE, 
    0x9BAE, 0x1DBF, 0xFDBE, 0xFDBE, 
    0xFDBE, 0xFDBE, 0xFDBE, 0xFDBE, 0xFDBE, 0xFDBE, 0xFDBE, 0xFDBE, 0xFDBE, 0xFDBE, 0xFDBE, 0xFDBE, 
    0xFDBE, 0xFDBE, 0xFDBE, 0xFDBE, 0xFDBE, 0xFDBE, 0xFDBE, 0x1DB7, 0x1DBF, 0xB98D, 0x168D, 0xBAFE, 
    0x9BFE, 0xBBFE, 0xBAFE, 0xBAFE, 0xBAFE, 0xBAFE, 0xBAFE, 0xBAFE, 0xBAFE, 0xBAFE, 0xBAFE, 0xBAFE, 
    0xBAFE, 0xBAFE, 0xBAFE, 0xBAFE, 0xBAFE, 0xBAFE, 0xBAFE, 0xBAFE, 0xBAFE, 0xBAFE, 0xBAFE, 0xBAFE, 
    0xBAFE, 0xBAFE, 0xBAFE, 0xBAFE, 0xBAFE, 0xBAFE, 0xBAFE, 0xBAFE, 0xBAFE, 0xBAFE, 0xBAFE, 0xBAFE, 
    0xBAFE, 0xBAFE, 0xBAFE, 0xBAFE, 0x9AFE, 0xFCFE, 0x54CD, 0xF6D5, 0xDDFF, 0x7CFF, 0x9CFF, 0x9CFF, 
    0x9CFF, 0x9CFF, 0x9CFF, 0x9CFF, 0x9CFF, 0x9CFF, 0x9CFF, 0x9CFF, 0x9CFF, 0x9CFF, 0x9CFF, 0x9CFF, 
    0x9CFF, 0x9CFF, 0x9CFF, 0x9CFF, 0x9CFF, 0x9CFF, 0x9CFF, 0x9CFF, 0x9CFF, 0x9CFF, 0x9CFF, 0x9CFF, 
    0x9CFF, 0x9CFF, 0x9CFF, 0x9CFF, 0x9CFF, 0x9CFF, 0x9CFF, 0x9CFF, 0x9CFF, 0x9CFF, 0x9CFF, 0x9CFF, 
    0x9CFF, 0x9CFF, 0x9CFF, 0x9CFF, 0x9CFF, 0x9CFF, 0x9CFF, 0x9CFF, 0x9CFF, 0x9CFF, 0x9CFF, 0x9CFF, 
    0x9CFF, 0x9CFF, 0x9CFF, 0x9CFF, 0x9CFF, 0x9CFF, 0x9CFF, 0x9CFF, 0x9CFF, 0x9CFF, 0x9CFF, 0x9CFF, 
    0x9CFF, 0x9CFF, 0x9CFF, 0x9CFF, 0x9CFF, 0x9CFF, 0x9CFF, 0x9CFF, 0x9CFF, 0x9CFF, 0x9CFF, 0x9CFF, 
    0x9CFF, 0x9CFF, 0x9CFF, 0x9CFF, 0x9CFF, 0x9CFF, 0x9CFF, 0x9CFF, 0x9CFF, 0x9CFF, 0x9CFF, 0x9CFF, 
    0x9CFF, 0x9CFF, 0x9CFF, 0x9CFF, 0x9CFF, 0x9CFF, 0x9CFF, 0x9CFF, 0x9CFF, 0x9CFF, 0x9CFF, 0x9CFF, 
    0x9CFF, 0x9CFF, 0x9CFF, 0x9CFF, 0x9CFF, 0x9CFF, 0x9CFF, 0x9CFF, 0x9CFF, 0x9CFF, 0x9CFF, 0x9CFF, 
    0x9CFF, 0x9CFF, 0x9CFF, 0x9CFF, 0x9CFF, 0x9CFF, 0x9CFF, 0x9CFF, 0x9CFF, 0x9CFF, 0x9CFF, 0x9CFF, 
    0x9CFF, 0x9CFF, 0x9CFF, 0x9CFF, 0x9CFF, 0x9CFF, 0x9CFF, 0x9CFF, 0x9CFF, 0x9CFF, 0x9CFF, 0x9CFF, 
    0x9CFF, 0x7BFF, 0xDDFF, 0x53C5, 0xB5D5, 0xDBFE, 0x9AFE, 0xBAFE, 0xBAFE, 0xBAFE, 0xBAFE, 0xBAFE, 
    0xBAFE, 0xBAFE, 0xBAFE, 0xBAFE, 0xBAFE, 0xBAFE, 0xBAFE, 0xBAFE, 0xBAFE, 0xBAFE, 0xBAFE, 0xBAFE, 
    0xBAFE, 0xBAFE, 0xBAFE, 0xBAFE, 0xBAFE, 0xBAFE, 0xBAFE, 0xBAFE, 0xBAFE, 0xBAFE, 0xBAFE, 0xBAFE, 
    0xBAFE, 0xBAFE, 0xBAFE, 0xBAFE, 0xBAFE, 0xBAFE, 0xBAFE, 0xBAFE, 0xBAFE, 0x9BFE, 0xBBFE, 0xBAFE, 
    0xDBFE, 0xB7B5, 0xD574, 0x9CAE, 0x1DBF, 0x1DB7, 0xFDBE, 0xFDBE, 0xFDBE, 0xFDBE, 0xFDBE, 0xFDBE, 
    0xFDBE, 0xFDBE, 0xFDBE, 0xFDBE, 0xFDBE, 0xFDBE, 0xFDBE, 0xFDBE, 0xFDBE, 0xFDBE, 0xFDBE, 0xFDBE, 
    0xFDBE, 0xFDBE, 0xFDBE, 0xFDBE, 
    0x9BAE, 0x1DBF, 0xFDBE, 0xFDBE, 0xFDBE, 0xFDBE, 0xFDBE, 0xFDBE, 
    0xFDBE, 0xFDBE, 0xFDBE, 0xFDBE, 0xFDBE, 0xFDBE, 0xFDBE, 0xFDBE, 0xFDBE, 0xFDBE, 0xFDBE, 0xFDBE, 
    0xFDBE, 0xFDBE, 0xFDBE, 0x1DB7, 0x1DBF, 0xB98D, 0x168D, 0xBAFE, 0x9BFE, 0xBBFE, 0xBAFE, 0xBAFE, 
    0xBAFE, 0xBAFE, 0xBAFE, 0xBAFE, 0xBAFE, 0xBAFE, 0xBAFE, 0xBAFE, 0xBAFE, 0xBAFE, 0xBAFE, 0xBAFE, 
    0xBAFE, 0xBAFE, 0xBAFE, 0xBAFE, 0xBAFE, 0xBAFE, 0xBAFE, 0xBAFE, 0xBAFE, 0xBAFE, 0xBAFE, 0xBAFE, 
    0xBAFE, 0xBAFE, 0xBAFE, 0xBAFE, 0xBAFE, 0xBAFE, 0xBAFE, 0xBAFE, 0xBAFE, 0xBAFE, 0xBAFE, 0xBAFE, 
    0x9AFE, 0xFCFE, 0x54CD, 0xF6D5, 0xDDFF, 0x7CFF, 0x9CFF, 0x9CFF, 0x9CFF, 0x9CFF, 0x9CFF, 0x9CFF, 
    0x9CFF, 0x9CFF, 0x9CFF, 0x9CFF, 0x9CFF, 0x9CFF, 0x9CFF, 0x9CFF, 0x9CFF, 0x9CFF, 0x9CFF, 0x9CFF, 
    0x9CFF, 0x9CFF, 0x9CFF, 0x9CFF, 0x9CFF, 0x9CFF, 0x9CFF, 0x9CFF, 0x9CFF, 0x9CFF, 0x9CFF, 0x9CFF, 
    0x9CFF, 0x9CFF, 0x9CFF, 0x9CFF, 0x9CFF, 0x9CFF, 0x9CFF, 0x9CFF, 0x9CFF, 0x9CFF, 0x9CFF, 0x9CFF, 
    0x9CFF, 0x9CFF, 0x9CFF, 0x9CFF, 0x9CFF, 0x9CFF, 0x9CFF, 0x9CFF, 0x9CFF, 0x9CFF, 0x9CFF, 0x9CFF, 
    0x9CFF, 0x9CFF, 0x9CFF, 0x9CFF, 0x9CFF, 0x9CFF, 0x9CFF, 0x9CFF, 0x9CFF, 0x9CFF, 0x9CFF, 0x9CFF, 
    0x9CFF, 0x9CFF, 0x9CFF, 0x9CFF, 0x9CFF, 0x9CFF, 0x9CFF, 0x9CFF, 0x9CFF, 0x9CFF, 0x9CFF, 0x9CFF, 
    0x9CFF, 0x9CFF, 0x9CFF, 0x9CFF, 0x9CFF, 0x9CFF, 0x9CFF, 0x9CFF, 0x9CFF, 0x9CFF, 0x9CFF, 0x9CFF, 
    0x9CFF, 0x9CFF, 0x9CFF, 0x9CFF, 0x9CFF, 0x9CFF, 0x9CFF, 0x9CFF, 0x9CFF, 0x9CFF, 0x9CFF, 0x9CFF, 
    0x9CFF, 0x9CFF, 0x9CFF, 0x9CFF, 0x9CFF, 0x9CFF, 0x9CFF, 0x9CFF, 0x9CFF, 0x9CFF, 0x9CFF, 0x9CFF, 
    0x9CFF, 0x9CFF, 0x9CFF, 0x9CFF, 0x9CFF, 0x9CFF, 0x9CFF, 0x9CFF, 0x9CFF, 0x9CFF, 0x9CFF, 0x9CFF, 
    0x9CFF, 0x9CFF, 0x9CFF, 0x9CFF, 0x9CFF, 0x9CFF, 0x9CFF, 0x9CFF, 0x9CFF, 0x7BFF, 0xDDFF, 0x53C5, 
    0xB5D5, 0xDBFE, 0x9AFE, 0xBAFE, 0xBAFE, 0xBAFE, 0xBAFE, 0xBAFE, 0xBAFE, 0xBAFE, 0xBAFE, 0xBAFE, 
    0xBAFE, 0xBAFE, 0xBAFE, 0xBAFE, 0xBAFE, 0xBAFE, 0xBAFE, 0xBAFE, 0xBAFE, 0xBAFE, 0xBAFE, 0xBAFE, 
    0xBAFE, 0xBAFE, 0xBAFE, 0xBAFE, 0xBAFE, 0xBAFE, 0xBAFE, 0xBAFE, 0xBAFE, 0xBAFE, 0xBAFE, 0xBAFE, 
    0xBAFE, 0xBAFE, 0xBAFE, 0xBAFE, 0xBAFE, 0x9BFE, 0xBBFE, 0xBAFE, 0xDBFE, 0xB7B5, 0xD574, 0x9CAE, 
    0x1DBF, 0x1DB7, 0xFDBE, 0xFDBE, 0xFDBE, 0xFDBE, 0xFDBE, 0xFDBE, 0xFDBE, 0xFDBE, 0xFDBE, 0xFDBE, 
    0xFDBE, 0xFDBE, 0xFDBE, 0xFDBE, 0xFDBE, 0xFDBE, 0xFDBE, 0xFDBE, 0xFDBE, 0xFDBE, 0xFDBE, 0xFDBE, 
    
    0x9BAE, 0x1DBF, 0xFDBE, 0xFDBE, 0xFDBE, 0xFDBE, 0xFDBE, 0xFDBE, 0xFDBE, 0xFDBE, 0xFDBE, 0xFDBE, 
    0xFDBE, 0xFDBE, 0xFDBE, 0xFDBE, 0xFDBE, 0xFDBE, 0xFDBE, 0xFDBE, 0xFDBE, 0xFDBE, 0xFDBE, 0x1DB7, 
    0x1DBF, 0xB98D, 0x168D, 0xBAFE, 0x9BFE, 0xBBFE, 0xBAFE, 0xBAFE, 0xBAFE, 0xBAFE, 0xBAFE, 0xBAFE, 
    0xBAFE, 0xBAFE, 0xBAFE, 0xBAFE, 0xBAFE, 0xBAFE, 0xBAFE, 0xBAFE, 0xBAFE, 0xBAFE, 0xBAFE, 0xBAFE, 
    0xBAFE, 0xBAFE, 0xBAFE, 0xBAFE, 0xBAFE, 0xBAFE, 0xBAFE, 0xBAFE, 0xBAFE, 0xBAFE, 0xBAFE, 0xBAFE, 
    0xBAFE, 0xBAFE, 0xBAFE, 0xBAFE, 0xBAFE, 0xBAFE, 0xBAFE, 0xBAFE, 0x9AFE, 0xFCFE, 0x54CD, 0xF6D5, 
    0xDDFF, 0x7CFF, 0x9CFF, 0x9CFF, 0x9CFF, 0x9CFF, 0x9CFF, 0x9CFF, 0x9CFF, 0x9CFF, 0x9CFF, 0x9CFF, 
    0x9CFF, 0x9CFF, 0x9CFF, 0x9CFF, 0x9CFF, 0x9CFF, 0x9CFF, 0x9CFF, 0x9CFF, 0x9CFF, 0x9CFF, 0x9CFF, 
    0x9CFF, 0x9CFF, 0x9CFF, 0x9CFF, 0x9CFF, 0x9CFF, 0x9CFF, 0x9CFF, 0x9CFF, 0x9CFF, 0x9CFF, 0x9CFF, 
    0x9CFF, 0x9CFF, 0x9CFF, 0x9CFF, 0x9CFF, 0x9CFF, 0x9CFF, 0x9CFF, 0x9CFF, 0x9CFF, 0x9CFF, 0x9CFF, 
    0x9CFF, 0x9CFF, 0x9CFF, 0x9CFF, 0x9CFF, 0x9CFF, 0x9CFF, 0x9CFF, 0x9CFF, 0x9CFF, 0x9CFF, 0x9CFF, 
    0x9CFF, 0x9CFF, 0x9CFF, 0x9CFF, 0x9CFF, 0x9CFF, 0x9CFF, 0x9CFF, 0x9CFF, 0x9CFF, 0x9CFF, 0x9CFF, 
    0x9CFF, 0x9CFF, 0x9CFF, 0x9CFF, 0x9CFF, 0x9CFF, 0x9CFF, 0x9CFF, 0x9CFF, 0x9CFF, 0x9CFF, 0x9CFF, 
    0x9CFF, 0x9CFF, 0x9CFF, 0x9CFF, 0x9CFF, 0x9CFF, 0x9CFF, 0x9CFF, 0x9CFF, 0x9CFF, 0x9CFF, 0x9CFF, 
    0x9CFF, 0x9CFF, 0x9CFF, 0x9CFF, 0x9CFF, 0x9CFF, 0x9CFF, 0x9CFF, 0x9CFF, 0x9CFF, 0x9CFF, 0x9CFF, 
    0x9CFF, 0x9CFF, 0x9CFF, 0x9CFF, 0x9CFF, 0x9CFF, 0x9CFF, 0x9CFF, 0x9CFF, 0x9CFF, 0x9CFF, 0x9CFF, 
    0x9CFF, 0x9CFF, 0x9CFF, 0x9CFF, 0x9CFF, 0x9CFF, 0x9CFF, 0x9CFF, 0x9CFF, 0x9CFF, 0x9CFF, 0x9CFF, 
    0x9CFF, 0x9CFF, 0x9CFF, 0x9CFF, 0x9CFF, 0x7BFF, 0xDDFF, 0x53C5, 0xB5D5, 0xDBFE, 0x9AFE, 0xBAFE, 
    0xBAFE, 0xBAFE, 0xBAFE, 0xBAFE, 0xBAFE, 0xBAFE, 0xBAFE, 0xBAFE, 0xBAFE, 0xBAFE, 0xBAFE, 0xBAFE, 
    0xBAFE, 0xBAFE, 0xBAFE, 0xBAFE, 0xBAFE, 0xBAFE, 0xBAFE, 0xBAFE, 0xBAFE, 0xBAFE, 0xBAFE, 0xBAFE, 
    0xBAFE, 0xBAFE, 0xBAFE, 0xBAFE, 0xBAFE, 0xBAFE, 0xBAFE, 0xBAFE, 0xBAFE, 0xBAFE, 0xBAFE, 0xBAFE, 
    0xBAFE, 0x9BFE, 0xBBFE, 0xBAFE, 0xDBFE, 0xB7B5, 0xD574, 0x9CAE, 0x1DBF, 0x1DB7, 0xFDBE, 0xFDBE, 
    0xFDBE, 0xFDBE, 0xFDBE, 0xFDBE, 0xFDBE, 0xFDBE, 0xFDBE, 0xFDBE, 0xFDBE, 0xFDBE, 0xFDBE, 0xFDBE, 
    0xFDBE, 0xFDBE, 0xFDBE, 0xFDBE, 0xFDBE, 0xFDBE, 0xFDBE, 0xFDBE, 
    0x9BAE, 0x1DBF, 0xFDBE, 0xFDBE, 
    0xFDBE, 0xFDBE, 0xFDBE, 0xFDBE, 0xFDBE, 0xFDBE, 0xFDBE, 0xFDBE, 0xFDBE, 0xFDBE, 0xFDBE, 0xFDBE, 
    0xFDBE, 0xFDBE, 0xFDBE, 0xFDBE, 0xFDBE, 0xFDBE, 0xFDBE, 0x1DB7, 0x1DBF, 0xB98D, 0x168D, 0xBAFE, 
    0x9BFE, 0xBBFE, 0xBAFE, 0xBAFE, 0xBAFE, 0xBAFE, 0xBAFE, 0xBAFE, 0xBAFE, 0xBAFE, 0xBAFE, 0xBAFE, 
    0xBAFE, 0xBAFE, 0xBAFE, 0xBAFE, 0xBAFE, 0xBAFE, 0xBAFE, 0xBAFE, 0xBAFE, 0xBAFE, 0xBAFE, 0xBAFE, 
    0xBAFE, 0xBAFE, 0xBAFE, 0xBAFE, 0xBAFE, 0xBAFE, 0xBAFE, 0xBAFE, 0xBAFE, 0xBAFE, 0xBAFE, 0xBAFE, 
    0xBAFE, 0xBAFE, 0xBAFE, 0xBAFE, 0x9AFE, 0xFCFE, 0x54CD, 0xF6D5, 0xDDFF, 0x7CFF, 0x9CFF, 0x9CFF, 
    0x9CFF, 0x9CFF, 0x9CFF, 0x9CFF, 0x9CFF, 0x9CFF, 0x9CFF, 0x9CFF, 0x9CFF, 0x9CFF, 0x9CFF, 0x9CFF, 
    0x9CFF, 0x9CFF, 0x9CFF, 0x9CFF, 0x9CFF, 0x9CFF, 0x9CFF, 0x9CFF, 0x9CFF, 0x9CFF, 0x9CFF, 0x9CFF, 
    0x9CFF, 0x9CFF, 0x9CFF, 0x9CFF, 0x9CFF, 0x9CFF, 0x9CFF, 0x9CFF, 0x9CFF, 0x9CFF, 0x9CFF, 0x9CFF, 
    0x9CFF, 0x9CFF, 0x9CFF, 0x9CFF, 0x9CFF, 0x9CFF, 0x9CFF, 0x9CFF, 0x9CFF, 0x9CFF, 0x9CFF, 0x9CFF, 
    0x9CFF, 0x9CFF, 0x9CFF, 0x9CFF, 0x9CFF, 0x9CFF, 0x9CFF, 0x9CFF, 0x9CFF, 0x9CFF, 0x9CFF, 0x9CFF, 
    0x9CFF, 0x9CFF, 0x9CFF, 0x9CFF, 0x9CFF, 0x9CFF, 0x9CFF, 0x9CFF, 0x9CFF, 0x9CFF, 0x9CFF, 0x9CFF, 
    0x9CFF, 0x9CFF, 0x9CFF, 0x9CFF, 0x9CFF, 0x9CFF, 0x9CFF, 0x9CFF, 0x9CFF, 0x9CFF, 0x9CFF, 0x9CFF, 
    0x9CFF, 0x9CFF, 0x9CFF, 0x9CFF, 0x9CFF, 0x9CFF, 0x9CFF, 0x9CFF, 0x9CFF, 0x9CFF, 0x9CFF, 0x9CFF, 
    0x9CFF, 0x9CFF, 0x9CFF, 0x9CFF, 0x9CFF, 0x9CFF, 0x9CFF, 0x9CFF, 0x9CFF, 0x9CFF, 0x9CFF, 0x9CFF, 
    0x9CFF, 0x9CFF, 0x9CFF, 0x9CFF, 0x9CFF, 0x9CFF, 0x9CFF, 0x9CFF, 0x9CFF, 0x9CFF, 0x9CFF, 0x9CFF, 
    0x9CFF, 0x9CFF, 0x9CFF, 0x9CFF, 0x9CFF, 0x9CFF, 0x9CFF, 0x9CFF, 0x9CFF, 0x9CFF, 0x9CFF, 0x9CFF, 
    0x9CFF, 0x7BFF, 0xDDFF, 0x53C5, 0xB5D5, 0xDBFE, 0x9AFE, 0xBAFE, 0xBAFE, 0xBAFE, 0xBAFE, 0xBAFE, 
    0xBAFE, 0xBAFE, 0xBAFE, 0xBAFE, 0xBAFE, 0xBAFE, 0xBAFE, 0xBAFE, 0xBAFE, 0xBAFE, 0xBAFE, 0xBAFE, 
    0xBAFE, 0xBAFE, 0xBAFE, 0xBAFE, 0xBAFE, 0xBAFE, 0xBAFE, 0xBAFE, 0xBAFE, 0xBAFE, 0xBAFE, 0xBAFE, 
    0xBAFE, 0xBAFE, 0xBAFE, 0xBAFE, 0xBAFE, 0xBAFE, 0xBAFE, 0xBAFE, 0xBAFE, 0x9BFE, 0xBBFE, 0xBAFE, 
    0xDBFE, 0xB7B5, 0xD574, 0x9CAE, 0x1DBF, 0x1DB7, 0xFDBE, 0xFDBE, 0xFDBE, 0xFDBE, 0xFDBE, 0xFDBE, 
    0xFDBE, 0xFDBE, 0xFDBE, 0xFDBE, 0xFDBE, 0xFDBE, 0xFDBE, 0xFDBE, 0xFDBE, 0xFDBE, 0xFDBE, 0xFDBE, 
    0xFDBE, 0xFDBE, 0xFDBE, 0xFDBE, 
    0x9BAE, 0x1DBF, 0xFDBE, 0xFDBE, 0xFDBE, 0xFDBE, 0xFDBE, 0xFDBE, 
    0xFDBE, 0xFDBE, 0xFDBE, 0xFDBE, 0xFDBE, 0xFDBE, 0xFDBE, 0xFDBE, 0xFDBE, 0xFDBE, 0xFDBE, 0xFDBE, 
    0xFDBE, 0xFDBE, 0xFDBE, 0x1DB7, 0x1DBF, 0xB98D, 0x168D, 0xBAFE, 0x9BFE, 0xBBFE, 0xBAFE, 0xBAFE, 
    0xBAFE, 0xBAFE, 0xBAFE, 0xBAFE, 0xBAFE, 0xBAFE, 0xBAFE, 0xBAFE, 0xBAFE, 0xBAFE, 0xBAFE, 0xBAFE, 
    0xBAFE, 0xBAFE, 0xBAFE, 0xBAFE, 0xBAFE, 0xBAFE, 0xBAFE, 0xBAFE, 0xBAFE, 0xBAFE, 0xBAFE, 0xBAFE, 
    0xBAFE, 0xBAFE, 0xBAFE, 0xBAFE, 0xBAFE, 0xBAFE, 0xBAFE, 0xBAFE, 0xBAFE, 0xBAFE, 0xBAFE, 0xBAFE, 
    0x9AFE, 0xFCFE, 0x54CD, 0xF6D5, 0xDDFF, 0x7CFF, 0x9CFF, 0x9CFF, 0x9CFF, 0x9CFF, 0x9CFF, 0x9CFF, 
    0x9CFF, 0x9CFF, 0x9CFF, 0x9CFF, 0x9CFF, 0x9CFF, 0x9CFF, 0x9CFF, 0x9CFF, 0x9CFF, 0x9CFF, 0x9CFF, 
    0x9CFF, 0x9CFF, 0x9CFF, 0x9CFF, 0x9CFF, 0x9CFF, 0x9CFF, 0x9CFF, 0x9CFF, 0x9CFF, 0x9CFF, 0x9CFF, 
    0x9CFF, 0x9CFF, 0x9CFF, 0x9CFF, 0x9CFF, 0x9CFF, 0x9CFF, 0x9CFF, 0x9CFF, 0x9CFF, 0x9CFF, 0x9CFF, 
    0x9CFF, 0x9CFF, 0x9CFF, 0x9CFF, 0x9CFF, 0x9CFF, 0x9CFF, 0x9CFF, 0x9CFF, 0x9CFF, 0x9CFF, 0x9CFF, 
    0x9CFF, 0x9CFF, 0x9CFF, 0x9CFF, 0x9CFF, 0x9CFF, 0x9CFF, 0x9CFF, 0x9CFF, 0x9CFF, 0x9CFF, 0x9CFF, 
    0x9CFF, 0x9CFF, 0x9CFF, 0x9CFF, 0x9CFF, 0x9CFF, 0x9CFF, 0x9CFF, 0x9CFF, 0x9CFF, 0x9CFF, 0x9CFF, 
    0x9CFF, 0x9CFF, 0x9CFF, 0x9CFF, 0x9CFF, 0x9CFF, 0x9CFF, 0x9CFF, 0x9CFF, 0x9CFF, 0x9CFF, 0x9CFF, 
    0x9CFF, 0x9CFF, 0x9CFF, 0x9CFF, 0x9CFF, 0x9CFF, 0x9CFF, 0x9CFF, 0x9CFF, 0x9CFF, 0x9CFF, 0x9CFF, 
    0x9CFF, 0x9CFF, 0x9CFF, 0x9CFF, 0x9CFF, 0x9CFF, 0x9CFF, 0x9CFF, 0x9CFF, 0x9CFF, 0x9CFF, 0x9CFF, 
    0x9CFF, 0x9CFF, 0x9CFF, 0x9CFF, 0x9CFF, 0x9CFF, 0x9CFF, 0x9CFF, 0x9CFF, 0x9CFF, 0x9CFF, 0x9CFF, 
    0x9CFF, 0x9CFF, 0x9CFF, 0x9CFF, 0x9CFF, 0x9CFF, 0x9CFF, 0x9CFF, 0x9CFF, 0x7BFF, 0xDDFF, 0x53C5, 
    0xB5D5, 0xDBFE, 0x9AFE, 0xBAFE, 0xBAFE, 0xBAFE, 0xBAFE, 0xBAFE, 0xBAFE, 0xBAFE, 0xBAFE, 0xBAFE, 
    0xBAFE, 0xBAFE, 0xBAFE, 0xBAFE, 0xBAFE, 0xBAFE, 0xBAFE, 0xBAFE, 0xBAFE, 0xBAFE, 0xBAFE, 0xBAFE, 
    0xBAFE, 0xBAFE, 0xBAFE, 0xBAFE, 0xBAFE, 0xBAFE, 0xBAFE, 0xBAFE, 0xBAFE, 0xBAFE, 0xBAFE, 0xBAFE, 
    0xBAFE, 0xBAFE, 0xBAFE, 0xBAFE, 0xBAFE, 0x9BFE, 0xBBFE, 0xBAFE, 0xDBFE, 0xB7B5, 0xD574, 0x9CAE, 
    0x1DBF, 0x1DB7, 0xFDBE, 0xFDBE, 0xFDBE, 0xFDBE, 0xFDBE, 0xFDBE, 0xFDBE, 0xFDBE, 0xFDBE, 0xFDBE, 
    0xFDBE, 0xFDBE, 0xFDBE, 0xFDBE, 0xFDBE, 0xFDBE, 0xFDBE, 0xFDBE, 0xFDBE, 0xFDBE, 0xFDBE, 0xFDBE, 
    
    0x9BAE, 0x1DBF, 0xFDBE, 0xFDBE, 0xFDBE, 0xFDBE, 0xFDBE, 0xFDBE, 0xFDBE, 0xFDBE, 0xFDBE, 0xFDBE, 
    0xFDBE, 0xFDBE, 0xFDBE, 0xFDBE, 0xFDBE, 0xFDBE, 0xFDBE, 0xFDBE, 0xFDBE, 0xFDBE, 0xFDBE, 0x1DB7, 
    0x1DBF, 0xB98D, 0x168D, 0xBAFE, 0x9BFE, 0xBBFE, 0xBAFE, 0xBAFE, 0xBAFE, 0xBAFE, 0xBAFE, 0xBAFE, 
    0xBAFE, 0xBAFE, 0xBAFE, 0xBAFE, 0xBAFE, 0xBAFE, 0xBAFE, 0xBAFE, 0xBAFE, 0xBAFE, 0xBAFE, 0xBAFE, 
    0xBAFE, 0xBAFE, 0xBAFE, 0xBAFE, 0xBAFE, 0xBAFE, 0xBAFE, 0xBAFE, 0xBAFE, 0xBAFE, 0xBAFE, 0xBAFE, 
    0xBAFE, 0xBAFE, 0xBAFE, 0xBAFE, 0xBAFE, 0xBAFE, 0xBAFE, 0xBAFE, 0x9AFE, 0xFCFE, 0x54CD, 0xF6D5, 
    0xDDFF, 0x7CFF, 0x9CFF, 0x9CFF, 0x9CFF, 0x9CFF, 0x9CFF, 0x9CFF, 0x9CFF, 0x9CFF, 0x9CFF, 0x9CFF, 
    0x9CFF, 0x9CFF, 0x9CFF, 0x9CFF, 0x9CFF, 0x9CFF, 0x9CFF, 0x9CFF, 0x9CFF, 0x9CFF, 0x9CFF, 0x9CFF, 
    0x9CFF, 0x9CFF, 0x9CFF, 0x9CFF, 0x9CFF, 0x9CFF, 0x9CFF, 0x9CFF, 0x9CFF, 0x9CFF, 0x9CFF, 0x9CFF, 
    0x9CFF, 0x9CFF, 0x9CFF, 0x9CFF, 0x9CFF, 0x9CFF, 0x9CFF, 0x9CFF, 0x9CFF, 0x9CFF, 0x9CFF, 0x9CFF, 
    0x9CFF, 0x9CFF, 0x9CFF, 0x9CFF, 0x9CFF, 0x9CFF, 0x9CFF, 0x9CFF, 0x9CFF, 0x9CFF, 0x9CFF, 0x9CFF, 
    0x9CFF, 0x9CFF, 0x9CFF, 0x9CFF, 0x9CFF, 0x9CFF, 0x9CFF, 0x9CFF, 0x9CFF, 0x9CFF, 0x9CFF, 0x9CFF, 
    0x9CFF, 0x9CFF, 0x9CFF, 0x9CFF, 0x9CFF, 0x9CFF, 0x9CFF, 0x9CFF, 0x9CFF, 0x9CFF, 0x9CFF, 0x9CFF, 
    0x9CFF, 0x9CFF, 0x9CFF, 0x9CFF, 0x9CFF, 0x9CFF, 0x9CFF, 0x9CFF, 0x9CFF, 0x9CFF, 0x9CFF, 0x9CFF, 
    0x9CFF, 0x9CFF, 0x9CFF, 0x9CFF, 0x9CFF, 0x9CFF, 0x9CFF, 0x9CFF, 0x9CFF, 0x9CFF, 0x9CFF, 0x9CFF, 
    0x9CFF, 0x9CFF, 0x9CFF, 0x9CFF, 0x9CFF, 0x9CFF, 0x9CFF, 0x9CFF, 0x9CFF, 0x9CFF, 0x9CFF, 0x9CFF, 
    0x9CFF, 0x9CFF, 0x9CFF, 0x9CFF, 0x9CFF, 0x9CFF, 0x9CFF, 0x9CFF, 0x9CFF, 0x9CFF, 0x9CFF, 0x9CFF, 
    0x9CFF, 0x9CFF, 0x9CFF, 0x9CFF, 0x9CFF, 0x7BFF, 0xDDFF, 0x53C5, 0xB5D5, 0xDBFE, 0x9AFE, 0xBAFE, 
    0xBAFE, 0xBAFE, 0xBAFE, 0xBAFE, 0xBAFE, 0xBAFE, 0xBAFE, 0xBAFE, 0xBAFE, 0xBAFE, 0xBAFE, 0xBAFE, 
    0xBAFE, 0xBAFE, 0xBAFE, 0xBAFE, 0xBAFE, 0xBAFE, 0xBAFE, 0xBAFE, 0xBAFE, 0xBAFE, 0xBAFE, 0xBAFE, 
    0xBAFE, 0xBAFE, 0xBAFE, 0xBAFE, 0xBAFE, 0xBAFE, 0xBAFE, 0xBAFE, 0xBAFE, 0xBAFE, 0xBAFE, 0xBAFE, 
    0xBAFE, 0x9BFE, 0xBBFE, 0xBAFE, 0xDBFE, 0xB7B5, 0xD574, 0x9CAE, 0x1DBF, 0x1DB7, 0xFDBE, 0xFDBE, 
    0xFDBE, 0xFDBE, 0xFDBE, 0xFDBE, 0xFDBE, 0xFDBE, 0xFDBE, 0xFDBE, 0xFDBE, 0xFDBE, 0xFDBE, 0xFDBE, 
    0xFDBE, 0xFDBE, 0xFDBE, 0xFDBE, 0xFDBE, 0xFDBE, 0xFDBE, 0xFDBE, 
    0x9BAE, 0x1DBF, 0xFDBE, 0xFDBE, 
    0xFDBE, 0xFDBE, 0xFDBE, 0xFDBE, 0xFDBE, 0xFDBE, 0xFDBE, 0xFDBE, 0xFDBE, 0xFDBE, 0xFDBE, 0xFDBE, 
    0xFDBE, 0xFDBE, 0xFDBE, 0xFDBE, 0xFDBE, 0xFDBE, 0xFDBE, 0x1DB7, 0x1DBF, 0xB98D, 0x168D, 0xBAFE, 
    0x9BFE, 0xBBFE, 0xBAFE, 0xBAFE, 0xBAFE, 0xBAFE, 0xBAFE, 0xBAFE, 0xBAFE, 0xBAFE, 0xBAFE, 0xBAFE, 
    0xBAFE, 0xBAFE, 0xBAFE, 0xBAFE, 0xBAFE, 0xBAFE, 0xBAFE, 0xBAFE, 0xBAFE, 0xBAFE, 0xBAFE, 0xBAFE, 
    0xBAFE, 0xBAFE, 0xBAFE, 0xBAFE, 0xBAFE, 0xBAFE, 0xBAFE, 0xBAFE, 0xBAFE, 0xBAFE, 0xBAFE, 0xBAFE, 
    0xBAFE, 0xBAFE, 0xBAFE, 0xBAFE, 0x9AFE, 0xFCFE, 0x54CD, 0xF6D5, 0xDDFF, 0x7CFF, 0x9CFF, 0x9CFF, 
    0x9CFF, 0x9CFF, 0x9CFF, 0x9CFF, 0x9CFF, 0x9CFF, 0x9CFF, 0x9CFF, 0x9CFF, 0x9CFF, 0x9CFF, 0x9CFF, 
    0x9CFF, 0x9CFF, 0x9CFF, 0x9CFF, 0x9CFF, 0x9CFF, 0x9CFF, 0x9CFF, 0x9CFF, 0x9CFF, 0x9CFF, 0x9CFF, 
    0x9CFF, 0x9CFF, 0x9CFF, 0x9CFF, 0x9CFF, 0x9CFF, 0x9CFF, 0x9CFF, 0x9CFF, 0x9CFF, 0x9CFF, 0x9CFF, 
    0x9CFF, 0x9CFF, 0x9CFF, 0x9CFF, 0x9CFF, 0x9CFF, 0x9CFF, 0x9CFF, 0x9CFF, 0x9CFF, 0x9CFF, 0x9CFF, 
    0x9CFF, 0x9CFF, 0x9CFF, 0x9CFF, 0x9CFF, 0x9CFF, 0x9CFF, 0x9CFF, 0x9CFF, 0x9CFF, 0x9CFF, 0x9CFF, 
    0x9CFF, 0x9CFF, 0x9CFF, 0x9CFF, 0x9CFF, 0x9CFF, 0x9CFF, 0x9CFF, 0x9CFF, 0x9CFF, 0x9CFF, 0x9CFF, 
    0x9CFF, 0x9CFF, 0x9CFF, 0x9CFF, 0x9CFF, 0x9CFF, 0x9CFF, 0x9CFF, 0x9CFF, 0x9CFF, 0x9CFF, 0x9CFF, 
    0x9CFF, 0x9CFF, 0x9CFF, 0x9CFF, 0x9CFF, 0x9CFF, 0x9CFF, 0x9CFF, 0x9CFF, 0x9CFF, 0x9CFF, 0x9CFF, 
    0x9CFF, 0x9CFF, 0x9CFF, 0x9CFF, 0x9CFF, 0x9CFF, 0x9CFF, 0x9CFF, 0x9CFF, 0x9CFF, 0x9CFF, 0x9CFF, 
    0x9CFF, 0x9CFF, 0x9CFF, 0x9CFF, 0x9CFF, 0x9CFF, 0x9CFF, 0x9CFF, 0x9CFF, 0x9CFF, 0x9CFF, 0x9CFF, 
    0x9CFF, 0x9CFF, 0x9CFF, 0x9CFF, 0x9CFF, 0x9CFF, 0x9CFF, 0x9CFF, 0x9CFF, 0x9CFF, 0x9CFF, 0x9CFF, 
    0x9CFF, 0x7BFF, 0xDDFF, 0x53C5, 0xB5D5, 0xDBFE, 0x9AFE, 0xBAFE, 0xBAFE, 0xBAFE, 0xBAFE, 0xBAFE, 
    0xBAFE, 0xBAFE, 0xBAFE, 0xBAFE, 0xBAFE, 0xBAFE, 0xBAFE, 0xBAFE, 0xBAFE, 0xBAFE, 0xBAFE, 0xBAFE, 
    0xBAFE, 0xBAFE, 0xBAFE, 0xBAFE, 0xBAFE, 0xBAFE, 0xBAFE, 0xBAFE, 0xBAFE, 0xBAFE, 0xBAFE, 0xBAFE, 
    0xBAFE, 0xBAFE, 0xBAFE, 0xBAFE, 0xBAFE, 0xBAFE, 0xBAFE, 0xBAFE, 0xBAFE, 0x9BFE, 0xBBFE, 0xBAFE, 
    0xDBFE, 0xB7B5, 0xD574, 0x9CAE, 0x1DBF, 0x1DB7, 0xFDBE, 0xFDBE, 0xFDBE, 0xFDBE, 0xFDBE, 0xFDBE, 
    0xFDBE, 0xFDBE, 0xFDBE, 0xFDBE, 0xFDBE, 0xFDBE, 0xFDBE, 0xFDBE, 0xFDBE, 0xFDBE, 0xFDBE, 0xFDBE, 
    0xFDBE, 0xFDBE, 0xFDBE, 0xFDBE, 
    0x9BAE, 0x1DBF, 0xFDBE, 0xFDBE, 0xFDBE, 0xFDBE, 0xFDBE, 0xFDBE, 
    0xFDBE, 0xFDBE, 0xFDBE, 0xFDBE, 0xFDBE, 0xFDBE, 0xFDBE, 0xFDBE, 0xFDBE, 0xFDBE, 0xFDBE, 0xFDBE, 
    0xFDBE, 0xFDBE, 0xFDBE, 0x1DB7, 0x1DBF, 0xB98D, 0x168D, 0xBAFE, 0x9BFE, 0xBBFE, 0xBAFE, 0xBAFE, 
    0xBAFE, 0xBAFE, 0xBAFE, 0xBAFE, 0xBAFE, 0xBAFE, 0xBAFE, 0xBAFE, 0xBAFE, 0xBAFE, 0xBAFE, 0xBAFE, 
    0xBAFE, 0xBAFE, 0xBAFE, 0xBAFE, 0xBAFE, 0xBAFE, 0xBAFE, 0xBAFE, 0xBAFE, 0xBAFE, 0xBAFE, 0xBAFE, 
    0xBAFE, 0xBAFE, 0xBAFE, 0xBAFE, 0xBAFE, 0xBAFE, 0xBAFE, 0xBAFE, 0xBAFE, 0xBAFE, 0xBAFE, 0xBAFE, 
    0x9AFE, 0xFCFE, 0x54CD, 0xF6D5, 0xDDFF, 0x7CFF, 0x9CFF, 0x9CFF, 0x9CFF, 0x9CFF, 0x9CFF, 0x9CFF, 
    0x9CFF, 0x9CFF, 0x9CFF, 0x9CFF, 0x9CFF, 0x9CFF, 0x9CFF, 0x9CFF, 0x9CFF, 0x9CFF, 0x9CFF, 0x9CFF, 
    0x9CFF, 0x9CFF, 0x9CFF, 0x9CFF, 0x9CFF, 0x9CFF, 0x9CFF, 0x9CFF, 0x9CFF, 0x9CFF, 0x9CFF, 0x9CFF, 
    0x9CFF, 0x9CFF, 0x9CFF, 0x9CFF, 0x9CFF, 0x9CFF, 0x9CFF, 0x9CFF, 0x9CFF, 0x9CFF, 0x9CFF, 0x9CFF, 
    0x9CFF, 0x9CFF, 0x9CFF, 0x9CFF, 0x9CFF, 0x9CFF, 0x9CFF, 0x9CFF, 0x9CFF, 0x9CFF, 0x9CFF, 0x9CFF, 
    0x9CFF, 0x9CFF, 0x9CFF, 0x9CFF, 0x9CFF, 0x9CFF, 0x9CFF, 0x9CFF, 0x9CFF, 0x9CFF, 0x9CFF, 0x9CFF, 
    0x9CFF, 0x9CFF, 0x9CFF, 0x9CFF, 0x9CFF, 0x9CFF, 0x9CFF, 0x9CFF, 0x9CFF, 0x9CFF, 0x9CFF, 0x9CFF, 
    0x9CFF, 0x9CFF, 0x9CFF, 0x9CFF, 0x9CFF, 0x9CFF, 0x9CFF, 0x9CFF, 0x9CFF, 0x9CFF, 0x9CFF, 0x9CFF, 
    0x9CFF, 0x9CFF, 0x9CFF, 0x9CFF, 0x9CFF, 0x9CFF, 0x9CFF, 0x9CFF, 0x9CFF, 0x9CFF, 0x9CFF, 0x9CFF, 
    0x9CFF, 0x9CFF, 0x9CFF, 0x9CFF, 0x9CFF, 0x9CFF, 0x9CFF, 0x9CFF, 0x9CFF, 0x9CFF, 0x9CFF, 0x9CFF, 
    0x9CFF, 0x9CFF, 0x9CFF, 0x9CFF, 0x9CFF, 0x9CFF, 0x9CFF, 0x9CFF, 0x9CFF, 0x9CFF, 0x9CFF, 0x9CFF, 
    0x9CFF, 0x9CFF, 0x9CFF, 0x9CFF, 0x9CFF, 0x9CFF, 0x9CFF, 0x9CFF, 0x9CFF, 0x7BFF, 0xDDFF, 0x53C5, 
    0xB5D5, 0xDBFE, 0x9AFE, 0xBAFE, 0xBAFE, 0xBAFE, 0xBAFE, 0xBAFE, 0xBAFE, 0xBAFE, 0xBAFE, 0xBAFE, 
    0xBAFE, 0xBAFE, 0xBAFE, 0xBAFE, 0xBAFE, 0xBAFE, 0xBAFE, 0xBAFE, 0xBAFE, 0xBAFE, 0xBAFE, 0xBAFE, 
    0xBAFE, 0xBAFE, 0xBAFE, 0xBAFE, 0xBAFE, 0xBAFE, 0xBAFE, 0xBAFE, 0xBAFE, 0xBAFE, 0xBAFE, 0xBAFE, 
    0xBAFE, 0xBAFE, 0xBAFE, 0xBAFE, 0xBAFE, 0x9BFE, 0xBBFE, 0xBAFE, 0xDBFE, 0xB7B5, 0xD574, 0x9CAE, 
    0x1DBF, 0x1DB7, 0xFDBE, 0xFDBE, 0xFDBE, 0xFDBE, 0xFDBE, 0xFDBE, 0xFDBE, 0xFDBE, 0xFDBE, 0xFDBE, 
    0xFDBE, 0xFDBE, 0xFDBE, 0xFDBE, 0xFDBE, 0xFDBE, 0xFDBE, 0xFDBE, 0xFDBE, 0xFDBE, 0xFDBE, 0xFDBE, 
    
    0x9BAE, 0x1DBF, 0xFDBE, 0xFDBE, 0xFDBE, 0xFDBE, 0xFDBE, 0xFDBE, 0xFDBE, 0xFDBE, 0xFDBE, 0xFDBE, 
    0xFDBE, 0xFDBE, 0xFDBE, 0xFDBE, 0xFDBE, 0xFDBE, 0xFDBE, 0xFDBE, 0xFDBE, 0xFDBE, 0xFDBE, 0x1DB7, 
    0x1DBF, 0xB98D, 0x168D, 0xBAFE, 0x9BFE, 0xBBFE, 0xBAFE, 0xBAFE, 0xBAFE, 0xBAFE, 0xBAFE, 0xBAFE, 
    0xBAFE, 0xBAFE, 0xBAFE, 0xBAFE, 0xBAFE, 0xBAFE, 0xBAFE, 0xBAFE, 0xBAFE, 0xBAFE, 0xBAFE, 0xBAFE, 
    0xBAFE, 0xBAFE, 0xBAFE, 0xBAFE, 0xBAFE, 0xBAFE, 0xBAFE, 0xBAFE, 0xBAFE, 0xBAFE, 0xBAFE, 0xBAFE, 
    0xBAFE, 0xBAFE, 0xBAFE, 0xBAFE, 0xBAFE, 0xBAFE, 0xBAFE, 0xBAFE, 0x9AFE, 0xFCFE, 0x54CD, 0xF6D5, 
    0xDDFF, 0x7CFF, 0x9CFF, 0x9CFF, 0x9CFF, 0x9CFF, 0x9CFF, 0x9CFF, 0x9CFF, 0x9CFF, 0x9CFF, 0x9CFF, 
    0x9CFF, 0x9CFF, 0x9CFF, 0x9CFF, 0x9CFF, 0x9CFF, 0x9CFF, 0x9CFF, 0x9CFF, 0x9CFF, 0x9CFF, 0x9CFF, 
    0x9CFF, 0x9CFF, 0x9CFF, 0x9CFF, 0x9CFF, 0x9CFF, 0x9CFF, 0x9CFF, 0x9CFF, 0x9CFF, 0x9CFF, 0x9CFF, 
    0x9CFF, 0x9CFF, 0x9CFF, 0x9CFF, 0x9CFF, 0x9CFF, 0x9CFF, 0x9CFF, 0x9CFF, 0x9CFF, 0x9CFF, 0x9CFF, 
    0x9CFF, 0x9CFF, 0x9CFF, 0x9CFF, 0x9CFF, 0x9CFF, 0x9CFF, 0x9CFF, 0x9CFF, 0x9CFF, 0x9CFF, 0x9CFF, 
    0x9CFF, 0x9CFF, 0x9CFF, 0x9CFF, 0x9CFF, 0x9CFF, 0x9CFF, 0x9CFF, 0x9CFF, 0x9CFF, 0x9CFF, 0x9CFF, 
    0x9CFF, 0x9CFF, 0x9CFF, 0x9CFF, 0x9CFF, 0x9CFF, 0x9CFF, 0x9CFF, 0x9CFF, 0x9CFF, 0x9CFF, 0x9CFF, 
    0x9CFF, 0x9CFF, 0x9CFF, 0x9CFF, 0x9CFF, 0x9CFF, 0x9CFF, 0x9CFF, 0x9CFF, 0x9CFF, 0x9CFF, 0x9CFF, 
    0x9CFF, 0x9CFF, 0x9CFF, 0x9CFF, 0x9CFF, 0x9CFF, 0x9CFF, 0x9CFF, 0x9CFF, 0x9CFF, 0x9CFF, 0x9CFF, 
    0x9CFF, 0x9CFF, 0x9CFF, 0x9CFF, 0x9CFF, 0x9CFF, 0x9CFF, 0x9CFF, 0x9CFF, 0x9CFF, 0x9CFF, 0x9CFF, 
    0x9CFF, 0x9CFF, 0x9CFF, 0x9CFF, 0x9CFF, 0x9CFF, 0x9CFF, 0x9CFF, 0x9CFF, 0x9CFF, 0x9CFF, 0x9CFF, 
    0x9CFF, 0x9CFF, 0x9CFF, 0x9CFF, 0x9CFF, 0x7BFF, 0xDDFF, 0x53C5, 0xB5D5, 0xDBFE, 0x9AFE, 0xBAFE, 
    0xBAFE, 0xBAFE, 0xBAFE, 0xBAFE, 0xBAFE, 0xBAFE, 0xBAFE, 0xBAFE, 0xBAFE, 0xBAFE, 0xBAFE, 0xBAFE, 
    0xBAFE, 0xBAFE, 0xBAFE, 0xBAFE, 0xBAFE, 0xBAFE, 0xBAFE, 0xBAFE, 0xBAFE, 0xBAFE, 0xBAFE, 0xBAFE, 
    0xBAFE, 0xBAFE, 0xBAFE, 0xBAFE, 0xBAFE, 0xBAFE, 0xBAFE, 0xBAFE, 0xBAFE, 0xBAFE, 0xBAFE, 0xBAFE, 
    0xBAFE, 0x9BFE, 0xBBFE, 0xBAFE, 0xDBFE, 0xB7B5, 0xD574, 0x9CAE, 0x1DBF, 0x1DB7, 0xFDBE, 0xFDBE, 
    0xFDBE, 0xFDBE, 0xFDBE, 0xFDBE, 0xFDBE, 0xFDBE, 0xFDBE, 0xFDBE, 0xFDBE, 0xFDBE, 0xFDBE, 0xFDBE, 
    0xFDBE, 0xFDBE, 0xFDBE, 0xFDBE, 0xFDBE, 0xFDBE, 0xFDBE, 0xFDBE, 
    0x9BAE, 0x1DBF, 0xFDBE, 0xFDBE, 
    0xFDBE, 0xFDBE, 0xFDBE, 0xFDBE, 0xFDBE, 0xFDBE, 0xFDBE, 0xFDBE, 0xFDBE, 0xFDBE, 0xFDBE, 0xFDBE, 
    0xFDBE, 0xFDBE, 0xFDBE, 0xFDBE, 0xFDBE, 0xFDBE, 0xFDBE, 0x1DB7, 0x1DBF, 0xB98D, 0x168D, 0xBAFE, 
    0x9BFE, 0xBBFE, 0xBAFE, 0xBAFE, 0xBAFE, 0xBAFE, 0xBAFE, 0xBAFE, 0xBAFE, 0xBAFE, 0xBAFE, 0xBAFE, 
    0xBAFE, 0xBAFE, 0xBAFE, 0xBAFE, 0xBAFE, 0xBAFE, 0xBAFE, 0xBAFE, 0xBAFE, 0xBAFE, 0xBAFE, 0xBAFE, 
    0xBAFE, 0xBAFE, 0xBAFE, 0xBAFE, 0xBAFE, 0xBAFE, 0xBAFE, 0xBAFE, 0xBAFE, 0xBAFE, 0xBAFE, 0xBAFE, 
    0xBAFE, 0xBAFE, 0xBAFE, 0xBAFE, 0x9AFE, 0xFCFE, 0x54CD, 0xF6D5, 0xDDFF, 0x7CFF, 0x9CFF, 0x9CFF, 
    0x9CFF, 0x9CFF, 0x9CFF, 0x9CFF, 0x9CFF, 0x9CFF, 0x9CFF, 0x9CFF, 0x9CFF, 0x9CFF, 0x9CFF, 0x9CFF, 
    0x9CFF, 0x9CFF, 0x9CFF, 0x9CFF, 0x9CFF, 0x9CFF, 0x9CFF, 0x9CFF, 0x9CFF, 0x9CFF, 0x9CFF, 0x9CFF, 
    0x9CFF, 0x9CFF, 0x9CFF, 0x9CFF, 0x9CFF, 0x9CFF, 0x9CFF, 0x9CFF, 0x9CFF, 0x9CFF, 0x9CFF, 0x9CFF, 
    0x9CFF, 0x9CFF, 0x9CFF, 0x9CFF, 0x9CFF, 0x9CFF, 0x9CFF, 0x9CFF, 0x9CFF, 0x9CFF, 0x9CFF, 0x9CFF, 
    0x9CFF, 0x9CFF, 0x9CFF, 0x9CFF, 0x9CFF, 0x9CFF, 0x9CFF, 0x9CFF, 0x9CFF, 0x9CFF, 0x9CFF, 0x9CFF, 
    0x9CFF, 0x9CFF, 0x9CFF, 0x9CFF, 0x9CFF, 0x9CFF, 0x9CFF, 0x9CFF, 0x9CFF, 0x9CFF, 0x9CFF, 0x9CFF, 
    0x9CFF, 0x9CFF, 0x9CFF, 0x9CFF, 0x9CFF, 0x9CFF, 0x9CFF, 0x9CFF, 0x9CFF, 0x9CFF, 0x9CFF, 0x9CFF, 
    0x9CFF, 0x9CFF, 0x9CFF, 0x9CFF, 0x9CFF, 0x9CFF, 0x9CFF, 0x9CFF, 0x9CFF, 0x9CFF, 0x9CFF, 0x9CFF, 
    0x9CFF, 0x9CFF, 0x9CFF, 0x9CFF, 0x9CFF, 0x9CFF, 0x9CFF, 0x9CFF, 0x9CFF, 0x9CFF, 0x9CFF, 0x9CFF, 
    0x9CFF, 0x9CFF, 0x9CFF, 0x9CFF, 0x9CFF, 0x9CFF, 0x9CFF, 0x9CFF, 0x9CFF, 0x9CFF, 0x9CFF, 0x9CFF, 
    0x9CFF, 0x9CFF, 0x9CFF, 0x9CFF, 0x9CFF, 0x9CFF, 0x9CFF, 0x9CFF, 0x9CFF, 0x9CFF, 0x9CFF, 0x9CFF, 
    0x9CFF, 0x7BFF, 0xDDFF, 0x53C5, 0xB5D5, 0xDBFE, 0x9AFE, 0xBAFE, 0xBAFE, 0xBAFE, 0xBAFE, 0xBAFE, 
    0xBAFE, 0xBAFE, 0xBAFE, 0xBAFE, 0xBAFE, 0xBAFE, 0xBAFE, 0xBAFE, 0xBAFE, 0xBAFE, 0xBAFE, 0xBAFE, 
    0xBAFE, 0xBAFE, 0xBAFE, 0xBAFE, 0xBAFE, 0xBAFE, 0xBAFE, 0xBAFE, 0xBAFE, 0xBAFE, 0xBAFE, 0xBAFE, 
    0xBAFE, 0xBAFE, 0xBAFE, 0xBAFE, 0xBAFE, 0xBAFE, 0xBAFE, 0xBAFE, 0xBAFE, 0x9BFE, 0xBBFE, 0xBAFE, 
    0xDBFE, 0x97B5, 0xD574, 0x9CAE, 0x1DBF, 0x1DB7, 0xFDBE, 0xFDBE, 0xFDBE, 0xFDBE, 0xFDBE, 0xFDBE, 
    0xFDBE, 0xFDBE, 0xFDBE, 0xFDBE, 0xFDBE, 0xFDBE, 0xFDBE, 0xFDBE, 0xFDBE, 0xFDBE, 0xFDBE, 0xFDBE, 
    0xFDBE, 0xFDBE, 0xFDBE, 0xFDBE, 
    0x9BAE, 0x1DBF, 0xFDBE, 0xFDBE, 0xFDBE, 0xFDBE, 0xFDBE, 0xFDBE, 
    0xFDBE, 0xFDBE, 0xFDBE, 0xFDBE, 0xFDBE, 0xFDBE, 0xFDBE, 0xFDBE, 0xFDBE, 0xFDBE, 0xFDBE, 0xFDBE, 
    0xFDBE, 0xFDBE, 0xFDBE, 0x1DB7, 0x1DBF, 0xB98D, 0x168D, 0xBAFE, 0x9BFE, 0xBBFE, 0xBAFE, 0xBAFE, 
    0xBAFE, 0xBAFE, 0xBAFE, 0xBAFE, 0xBAFE, 0xBAFE, 0xBAFE, 0xBAFE, 0xBAFE, 0xBAFE, 0xBAFE, 0xBAFE, 
    0xBAFE, 0xBAFE, 0xBAFE, 0xBAFE, 0xBAFE, 0xBAFE, 0xBAFE, 0xBAFE, 0xBAFE, 0xBAFE, 0xBAFE, 0xBAFE, 
    0xBAFE, 0xBAFE, 0xBAFE, 0xBAFE, 0xBAFE, 0xBAFE, 0xBAFE, 0xBAFE, 0xBAFE, 0xBAFE, 0xBAFE, 0xBAFE, 
    0x9AFE, 0xFCFE, 0x54CD, 0xF6D5, 0xDDFF, 0x7CFF, 0x9CFF, 0x9CFF, 0x9CFF, 0x9CFF, 0x9CFF, 0x9CFF, 
    0x9CFF, 0x9CFF, 0x9CFF, 0x9CFF, 0x9CFF, 0x9CFF, 0x9CFF, 0x9CFF, 0x9CFF, 0x9CFF, 0x9CFF, 0x9CFF, 
    0x9CFF, 0x9CFF, 0x9CFF, 0x9CFF, 0x9CFF, 0x9CFF, 0x9CFF, 0x9CFF, 0x9CFF, 0x9CFF, 0x9CFF, 0x9CFF, 
    0x9CFF, 0x9CFF, 0x9CFF, 0x9CFF, 0x9CFF, 0x9CFF, 0x9CFF, 0x9CFF, 0x9CFF, 0x9CFF, 0x9CFF, 0x9CFF, 
    0x9CFF, 0x9CFF, 0x9CFF, 0x9CFF, 0x9CFF, 0x9CFF, 0x9CFF, 0x9CFF, 0x9CFF, 0x9CFF, 0x9CFF, 0x9CFF, 
    0x9CFF, 0x9CFF, 0x9CFF, 0x9CFF, 0x9CFF, 0x9CFF, 0x9CFF, 0x9CFF, 0x9CFF, 0x9CFF, 0x9CFF, 0x9CFF, 
    0x9CFF, 0x9CFF, 0x9CFF, 0x9CFF, 0x9CFF, 0x9CFF, 0x9CFF, 0x9CFF, 0x9CFF, 0x9CFF, 0x9CFF, 0x9CFF, 
    0x9CFF, 0x9CFF, 0x9CFF, 0x9CFF, 0x9CFF, 0x9CFF, 0x9CFF, 0x9CFF, 0x9CFF, 0x9CFF, 0x9CFF, 0x9CFF, 
    0x9CFF, 0x9CFF, 0x9CFF, 0x9CFF, 0x9CFF, 0x9CFF, 0x9CFF, 0x9CFF, 0x9CFF, 0x9CFF, 0x9CFF, 0x9CFF, 
    0x9CFF, 0x9CFF, 0x9CFF, 0x9CFF, 0x9CFF, 0x9CFF, 0x9CFF, 0x9CFF, 0x9CFF, 0x9CFF, 0x9CFF, 0x9CFF, 
    0x9CFF, 0x9CFF, 0x9CFF, 0x9CFF, 0x9CFF, 0x9CFF, 0x9CFF, 0x9CFF, 0x9CFF, 0x9CFF, 0x9CFF, 0x9CFF, 
    0x9CFF, 0x9CFF, 0x9CFF, 0x9CFF, 0x9CFF, 0x9CFF, 0x9CFF, 0x9CFF, 0x9CFF, 0x7BFF, 0xDDFF, 0x53C5, 
    0xB5D5, 0xDBFE, 0x9AFE, 0xBAFE, 0xBAFE, 0xBAFE, 0xBAFE, 0xBAFE, 0xBAFE, 0xBAFE, 0xBAFE, 0xBAFE, 
    0xBAFE, 0xBAFE, 0xBAFE, 0xBAFE, 0xBAFE, 0xBAFE, 0xBAFE, 0xBAFE, 0xBAFE, 0xBAFE, 0xBAFE, 0xBAFE, 
    0xBAFE, 0xBAFE, 0xBAFE, 0xBAFE, 0xBAFE, 0xBAFE, 0xBAFE, 0xBAFE, 0xBAFE, 0xBAFE, 0xBAFE, 0xBAFE, 
    0xBAFE, 0xBAFE, 0xBAFE, 0xBAFE, 0xBAFE, 0x9BFE, 0xBBFE, 0xBAFE, 0xDBFE, 0x97B5, 0xD574, 0x9CAE, 
    0x1DBF, 0x1DB7, 0xFDBE, 0xFDBE, 0xFDBE, 0xFDBE, 0xFDBE, 0xFDBE, 0xFDBE, 0xFDBE, 0xFDBE, 0xFDBE, 
    0xFDBE, 0xFDBE, 0xFDBE, 0xFDBE, 0xFDBE, 0xFDBE, 0xFDBE, 0xFDBE, 0xFDBE, 0xFDBE, 0xFDBE, 0xFDBE, 
    
    0x9BAE, 0x1DBF, 0xFDBE, 0xFDBE, 0xFDBE, 0xFDBE, 0xFDBE, 0xFDBE, 0xFDBE, 0xFDBE, 0xFDBE, 0xFDBE, 
    0xFDBE, 0xFDBE, 0xFDBE, 0xFDBE, 0xFDBE, 0xFDBE, 0xFDBE, 0xFDBE, 0xFDBE, 0xFDBE, 0xFDBE, 0x1DB7, 
    0x1DBF, 0xB98D, 0x168D, 0xBAFE, 0x9BFE, 0xBBFE, 0xBAFE, 0xBAFE, 0xBAFE, 0xBAFE, 0xBAFE, 0xBAFE, 
    0xBAFE, 0xBAFE, 0xBAFE, 0xBAFE, 0xBAFE, 0xBAFE, 0xBAFE, 0xBAFE, 0xBAFE, 0xBAFE, 0xBAFE, 0xBAFE, 
    0xBAFE, 0xBAFE, 0xBAFE, 0xBAFE, 0xBAFE, 0xBAFE, 0xBAFE, 0xBAFE, 0xBAFE, 0xBAFE, 0xBAFE, 0xBAFE, 
    0xBAFE, 0xBAFE, 0xBAFE, 0xBAFE, 0xBAFE, 0xBAFE, 0xBAFE, 0xBAFE, 0x9AFE, 0xFCFE, 0x54CD, 0xF6D5, 
    0xDDFF, 0x7CFF, 0x9CFF, 0x9CFF, 0x9CFF, 0x9CFF, 0x9CFF, 0x9CFF, 0x9CFF, 0x9CFF, 0x9CFF, 0x9CFF, 
    0x9CFF, 0x9CFF, 0x9CFF, 0x9CFF, 0x9CFF, 0x9CFF, 0x9CFF, 0x9CFF, 0x9CFF, 0x9CFF, 0x9CFF, 0x9CFF, 
    0x9CFF, 0x9CFF, 0x9CFF, 0x9CFF, 0x9CFF, 0x9CFF, 0x9CFF, 0x9CFF, 0x9CFF, 0x9CFF, 0x9CFF, 0x9CFF, 
    0x9CFF, 0x9CFF, 0x9CFF, 0x9CFF, 0x9CFF, 0x9CFF, 0x9CFF, 0x9CFF, 0x9CFF, 0x9CFF, 0x9CFF, 0x9CFF, 
    0x9CFF, 0x9CFF, 0x9CFF, 0x9CFF, 0x9CFF, 0x9CFF, 0x9CFF, 0x9CFF, 0x9CFF, 0x9CFF, 0x9CFF, 0x9CFF, 
    0x9CFF, 0x9CFF, 0x9CFF, 0x9CFF, 0x9CFF, 0x9CFF, 0x9CFF, 0x9CFF, 0x9CFF, 0x9CFF, 0x9CFF, 0x9CFF, 
    0x9CFF, 0x9CFF, 0x9CFF, 0x9CFF, 0x9CFF, 0x9CFF, 0x9CFF, 0x9CFF, 0x9CFF, 0x9CFF, 0x9CFF, 0x9CFF, 
    0x9CFF, 0x9CFF, 0x9CFF, 0x9CFF, 0x9CFF, 0x9CFF, 0x9CFF, 0x9CFF, 0x9CFF, 0x9CFF, 0x9CFF, 0x9CFF, 
    0x9CFF, 0x9CFF, 0x9CFF, 0x9CFF, 0x9CFF, 0x9CFF, 0x9CFF, 0x9CFF, 0x9CFF, 0x9CFF, 0x9CFF, 0x9CFF, 
    0x9CFF, 0x9CFF, 0x9CFF, 0x9CFF, 0x9CFF, 0x9CFF, 0x9CFF, 0x9CFF, 0x9CFF, 0x9CFF, 0x9CFF, 0x9CFF, 
    0x9CFF, 0x9CFF, 0x9CFF, 0x9CFF, 0x9CFF, 0x9CFF, 0x9CFF, 0x9CFF, 0x9CFF, 0x9CFF, 0x9CFF, 0x9CFF, 
    0x9CFF, 0x9CFF, 0x9CFF, 0x9CFF, 0x9CFF, 0x7BFF, 0xDDFF, 0x53C5, 0xB5D5, 0xDBFE, 0x9AFE, 0xBAFE, 
    0xBAFE, 0xBAFE, 0xBAFE, 0xBAFE, 0xBAFE, 0xBAFE, 0xBAFE, 0xBAFE, 0xBAFE, 0xBAFE, 0xBAFE, 0xBAFE, 
    0xBAFE, 0xBAFE, 0xBAFE, 0xBAFE, 0xBAFE, 0xBAFE, 0xBAFE, 0xBAFE, 0xBAFE, 0xBAFE, 0xBAFE, 0xBAFE, 
    0xBAFE, 0xBAFE, 0xBAFE, 0xBAFE, 0xBAFE, 0xBAFE, 0xBAFE, 0xBAFE, 0xBAFE, 0xBAFE, 0xBAFE, 0xBAFE, 
    0xBAFE, 0x9BFE, 0xBBFE, 0xBAFE, 0xDBFE, 0x97B5, 0xD574, 0x9CAE, 0x1DBF, 0x1DB7, 0xFDBE, 0xFDBE, 
    0xFDBE, 0xFDBE, 0xFDBE, 0xFDBE, 0xFDBE, 0xFDBE, 0xFDBE, 0xFDBE, 0xFDBE, 0xFDBE, 0xFDBE, 0xFDBE, 
    0xFDBE, 0xFDBE, 0xFDBE, 0xFDBE, 0xFDBE, 0xFDBE, 0xFDBE, 0xFDBE, 
    0x9BAE, 0x1DBF, 0xFDBE, 0xFDBE, 
    0xFDBE, 0xFDBE, 0xFDBE, 0xFDBE, 0xFDBE, 0xFDBE, 0xFDBE, 0xFDBE, 0xFDBE, 0xFDBE, 0xFDBE, 0xFDBE, 
    0xFDBE, 0xFDBE, 0xFDBE, 0xFDBE, 0xFDBE, 0xFDBE, 0xFDBE, 0x1DB7, 0x1DBF, 0xB98D, 0x168D, 0xBAFE, 
    0x9BFE, 0xBBFE, 0xBAFE, 0xBAFE, 0xBAFE, 0xBAFE, 0xBAFE, 0xBAFE, 0xBAFE, 0xBAFE, 0xBAFE, 0xBAFE, 
    0xBAFE, 0xBAFE, 0xBAFE, 0xBAFE, 0xBAFE, 0xBAFE, 0xBAFE, 0xBAFE, 0xBAFE, 0xBAFE, 0xBAFE, 0xBAFE, 
    0xBAFE, 0xBAFE, 0xBAFE, 0xBAFE, 0xBAFE, 0xBAFE, 0xBAFE, 0xBAFE, 0xBAFE, 0xBAFE, 0xBAFE, 0xBAFE, 
    0xBAFE, 0xBAFE, 0xBAFE, 0xBAFE, 0x9AFE, 0xFCFE, 0x54CD, 0xF6D5, 0xDDFF, 0x7CFF, 0x9CFF, 0x9CFF, 
    0x9CFF, 0x9CFF, 0x9CFF, 0x9CFF, 0x9CFF, 0x9CFF, 0x9CFF, 0x9CFF, 0x9CFF, 0x9CFF, 0x9CFF, 0x9CFF, 
    0x9CFF, 0x9CFF, 0x9CFF, 0x9CFF, 0x9CFF, 0x9CFF, 0x9CFF, 0x9CFF, 0x9CFF, 0x9CFF, 0x9CFF, 0x9CFF, 
    0x9CFF, 0x9CFF, 0x9CFF, 0x9CFF, 0x9CFF, 0x9CFF, 0x9CFF, 0x9CFF, 0x9CFF, 0x9CFF, 0x9CFF, 0x9CFF, 
    0x9CFF, 0x9CFF, 0x9CFF, 0x9CFF, 0x9CFF, 0x9CFF, 0x9CFF, 0x9CFF, 0x9CFF, 0x9CFF, 0x9CFF, 0x9CFF, 
    0x9CFF, 0x9CFF, 0x9CFF, 0x9CFF, 0x9CFF, 0x9CFF, 0x9CFF, 0x9CFF, 0x9CFF, 0x9CFF, 0x9CFF, 0x9CFF, 
    0x9CFF, 0x9CFF, 0x9CFF, 0x9CFF, 0x9CFF, 0x9CFF, 0x9CFF, 0x9CFF, 0x9CFF, 0x9CFF, 0x9CFF, 0x9CFF, 
    0x9CFF, 0x9CFF, 0x9CFF, 0x9CFF, 0x9CFF, 0x9CFF, 0x9CFF, 0x9CFF, 0x9CFF, 0x9CFF, 0x9CFF, 0x9CFF, 
    0x9CFF, 0x9CFF, 0x9CFF, 0x9CFF, 0x9CFF, 0x9CFF, 0x9CFF, 0x9CFF, 0x9CFF, 0x9CFF, 0x9CFF, 0x9CFF, 
    0x9CFF, 0x9CFF, 0x9CFF, 0x9CFF, 0x9CFF, 0x9CFF, 0x9CFF, 0x9CFF, 0x9CFF, 0x9CFF, 0x9CFF, 0x9CFF, 
    0x9CFF, 0x9CFF, 0x9CFF, 0x9CFF, 0x9CFF, 0x9CFF, 0x9CFF, 0x9CFF, 0x9CFF, 0x9CFF, 0x9CFF, 0x9CFF, 
    0x9CFF, 0x9CFF, 0x9CFF, 0x9CFF, 0x9CFF, 0x9CFF, 0x9CFF, 0x9CFF, 0x9CFF, 0x9CFF, 0x9CFF, 0x9CFF, 
    0x9CFF, 0x7BFF, 0xDDFF, 0x53C5, 0xB5D5, 0xDBFE, 0x9AFE, 0xBAFE, 0xBAFE, 0xBAFE, 0xBAFE, 0xBAFE, 
    0xBAFE, 0xBAFE, 0xBAFE, 0xBAFE, 0xBAFE, 0xBAFE, 0xBAFE, 0xBAFE, 0xBAFE, 0xBAFE, 0xBAFE, 0xBAFE, 
    0xBAFE, 0xBAFE, 0xBAFE, 0xBAFE, 0xBAFE, 0xBAFE, 0xBAFE, 0xBAFE, 0xBAFE, 0xBAFE, 0xBAFE, 0xBAFE, 
    0xBAFE, 0xBAFE, 0xBAFE, 0xBAFE, 0xBAFE, 0xBAFE, 0xBAFE, 0xBAFE, 0xBAFE, 0x9BFE, 0xBBFE, 0xBAFE, 
    0xDBFE, 0x97B5, 0xD574, 0x9CAE, 0x1DBF, 0x1DB7, 0xFDBE, 0xFDBE, 0xFDBE, 0xFDBE, 0xFDBE, 0xFDBE, 
    0xFDBE, 0xFDBE, 0xFDBE, 0xFDBE, 0xFDBE, 0xFDBE, 0xFDBE, 0xFDBE, 0xFDBE, 0xFDBE, 0xFDBE, 0xFDBE, 
    0xFDBE, 0xFDBE, 0xFDBE, 0xFDBE, 
    0x9BAE, 0x1DBF, 0xFDBE, 0xFDBE, 0xFDBE, 0xFDBE, 0xFDBE, 0xFDBE, 
    0xFDBE, 0xFDBE, 0xFDBE, 0xFDBE, 0xFDBE, 0xFDBE, 0xFDBE, 0xFDBE, 0xFDBE, 0xFDBE, 0xFDBE, 0xFDBE, 
    0xFDBE, 0xFDBE, 0xFDBE, 0x1DB7, 0x1DBF, 0xB98D, 0x168D, 0xBAFE, 0x9BFE, 0xBBFE, 0xBAFE, 0xBAFE, 
    0xBAFE, 0xBAFE, 0xBAFE, 0xBAFE, 0xBAFE, 0xBAFE, 0xBAFE, 0xBAFE, 0xBAFE, 0xBAFE, 0xBAFE, 0xBAFE, 
    0xBAFE, 0xBAFE, 0xBAFE, 0xBAFE, 0xBAFE, 0xBAFE, 0xBAFE, 0xBAFE, 0xBAFE, 0xBAFE, 0xBAFE, 0xBAFE, 
    0xBAFE, 0xBAFE, 0xBAFE, 0xBAFE, 0xBAFE, 0xBAFE, 0xBAFE, 0xBAFE, 0xBAFE, 0xBAFE, 0xBAFE, 0xBAFE, 
    0x9AFE, 0xFCFE, 0x54CD, 0xF6D5, 0xDDFF, 0x7CFF, 0x9CFF, 0x9CFF, 0x9CFF, 0x9CFF, 0x9CFF, 0x9CFF, 
    0x9CFF, 0x9CFF, 0x9CFF, 0x9CFF, 0x9CFF, 0x9CFF, 0x9CFF, 0x9CFF, 0x9CFF, 0x9CFF, 0x9CFF, 0x9CFF, 
    0x9CFF, 0x9CFF, 0x9CFF, 0x9CFF, 0x9CFF, 0x9CFF, 0x9CFF, 0x9CFF, 0x9CFF, 0x9CFF, 0x9CFF, 0x9CFF, 
    0x9CFF, 0x9CFF, 0x9CFF, 0x9CFF, 0x9CFF, 0x9CFF, 0x9CFF, 0x9CFF, 0x9CFF, 0x9CFF, 0x9CFF, 0x9CFF, 
    0x9CFF, 0x9CFF, 0x9CFF, 0x9CFF, 0x9CFF, 0x9CFF, 0x9CFF, 0x9CFF, 0x9CFF, 0x9CFF, 0x9CFF, 0x9CFF, 
    0x9CFF, 0x9CFF, 0x9CFF, 0x9CFF, 0x9CFF, 0x9CFF, 0x9CFF, 0x9CFF, 0x9CFF, 0x9CFF, 0x9CFF, 0x9CFF, 
    0x9CFF, 0x9CFF, 0x9CFF, 0x9CFF, 0x9CFF, 0x9CFF, 0x9CFF, 0x9CFF, 0x9CFF, 0x9CFF, 0x9CFF, 0x9CFF, 
    0x9CFF, 0x9CFF, 0x9CFF, 0x9CFF, 0x9CFF, 0x9CFF, 0x9CFF, 0x9CFF, 0x9CFF, 0x9CFF, 0x9CFF, 0x9CFF, 
    0x9CFF, 0x9CFF, 0x9CFF, 0x9CFF, 0x9CFF, 0x9CFF, 0x9CFF, 0x9CFF, 0x9CFF, 0x9CFF, 0x9CFF, 0x9CFF, 
    0x9CFF, 0x9CFF, 0x9CFF, 0x9CFF, 0x9CFF, 0x9CFF, 0x9CFF, 0x9CFF, 0x9CFF, 0x9CFF, 0x9CFF, 0x9CFF, 
    0x9CFF, 0x9CFF, 0x9CFF, 0x9CFF, 0x9CFF, 0x9CFF, 0x9CFF, 0x9CFF, 0x9CFF, 0x9CFF, 0x9CFF, 0x9CFF, 
    0x9CFF, 0x9CFF, 0x9CFF, 0x9CFF, 0x9CFF, 0x9CFF, 0x9CFF, 0x9CFF, 0x9CFF, 0x7BFF, 0xDDFF, 0x53C5, 
    0xB5D5, 0xDBFE, 0x9AFE, 0xBAFE, 0xBAFE, 0xBAFE, 0xBAFE, 0xBAFE, 0xBAFE, 0xBAFE, 0xBAFE, 0xBAFE, 
    0xBAFE, 0xBAFE, 0xBAFE, 0xBAFE, 0xBAFE, 0xBAFE, 0xBAFE, 0xBAFE, 0xBAFE, 0xBAFE, 0xBAFE, 0xBAFE, 
    0xBAFE, 0xBAFE, 0xBAFE, 0xBAFE, 0xBAFE, 0xBAFE, 0xBAFE, 0xBAFE, 0xBAFE, 0xBAFE, 0xBAFE, 0xBAFE, 
    0xBAFE, 0xBAFE, 0xBAFE, 0xBAFE, 0xBAFE, 0x9BFE, 0xBBFE, 0xBAFE, 0xDBFE, 0x97B5, 0xD574, 0x9CAE, 
    0x1DBF, 0x1DB7, 0xFDBE, 0xFDBE, 0xFDBE, 0xFDBE, 0xFDBE, 0xFDBE, 0xFDBE, 0xFDBE, 0xFDBE, 0xFDBE, 
    0xFDBE, 0xFDBE, 0xFDBE, 0xFDBE, 0xFDBE, 0xFDBE, 0xFDBE, 0xFDBE, 0xFDBE, 0xFDBE, 0xFDBE, 0xFDBE, 
    
    0x9BAE, 0x1DBF, 0xFDBE, 0xFDBE, 0xFDBE, 0xFDBE, 0xFDBE, 0xFDBE, 0xFDBE, 0xFDBE, 0xFDBE, 0xFDBE, 
    0xFDBE, 0xFDBE, 0xFDBE, 0xFDBE, 0xFDBE, 0xFDBE, 0xFDBE, 0xFDBE, 0xFDBE, 0xFDBE, 0xFDBE, 0x1DB7, 
    0x1DBF, 0xB98D, 0x168D, 0xBAFE, 0x9BFE, 0xBBFE, 0xBAFE, 0xBAFE, 0xBAFE, 0xBAFE, 0xBAFE, 0xBAFE, 
    0xBAFE, 0xBAFE, 0xBAFE, 0xBAFE, 0xBAFE, 0xBAFE, 0xBAFE, 0xBAFE, 0xBAFE, 0xBAFE, 0xBAFE, 0xBAFE, 
    0xBAFE, 0xBAFE, 0xBAFE, 0xBAFE, 0xBAFE, 0xBAFE, 0xBAFE, 0xBAFE, 0xBAFE, 0xBAFE, 0xBAFE, 0xBAFE, 
    0xBAFE, 0xBAFE, 0xBAFE, 0xBAFE, 0xBAFE, 0xBAFE, 0xBAFE, 0xBAFE, 0x9AFE, 0xFCFE, 0x54CD, 0xF6D5, 
    0xDDFF, 0x7CFF, 0x9CFF, 0x9CFF, 0x9CFF, 0x9CFF, 0x9CFF, 0x9CFF, 0x9CFF, 0x9CFF, 0x9CFF, 0x9CFF, 
    0x9CFF, 0x9CFF, 0x9CFF, 0x9CFF, 0x9CFF, 0x9CFF, 0x9CFF, 0x9CFF, 0x9CFF, 0x9CFF, 0x9CFF, 0x9CFF, 
    0x9CFF, 0x9CFF, 0x9CFF, 0x9CFF, 0x9CFF, 0x9CFF, 0x9CFF, 0x9CFF, 0x9CFF, 0x9CFF, 0x9CFF, 0x9CFF, 
    0x9CFF, 0x9CFF, 0x9CFF, 0x9CFF, 0x9CFF, 0x9CFF, 0x9CFF, 0x9CFF, 0x9CFF, 0x9CFF, 0x9CFF, 0x9CFF, 
    0x9CFF, 0x9CFF, 0x9CFF, 0x9CFF, 0x9CFF, 0x9CFF, 0x9CFF, 0x9CFF, 0x9CFF, 0x9CFF, 0x9CFF, 0x9CFF, 
    0x9CFF, 0x9CFF, 0x9CFF, 0x9CFF, 0x9CFF, 0x9CFF, 0x9CFF, 0x9CFF, 0x9CFF, 0x9CFF, 0x9CFF, 0x9CFF, 
    0x9CFF, 0x9CFF, 0x9CFF, 0x9CFF, 0x9CFF, 0x9CFF, 0x9CFF, 0x9CFF, 0x9CFF, 0x9CFF, 0x9CFF, 0x9CFF, 
    0x9CFF, 0x9CFF, 0x9CFF, 0x9CFF, 0x9CFF, 0x9CFF, 0x9CFF, 0x9CFF, 0x9CFF, 0x9CFF, 0x9CFF, 0x9CFF, 
    0x9CFF, 0x9CFF, 0x9CFF, 0x9CFF, 0x9CFF, 0x9CFF, 0x9CFF, 0x9CFF, 0x9CFF, 0x9CFF, 0x9CFF, 0x9CFF, 
    0x9CFF, 0x9CFF, 0x9CFF, 0x9CFF, 0x9CFF, 0x9CFF, 0x9CFF, 0x9CFF, 0x9CFF, 0x9CFF, 0x9CFF, 0x9CFF, 
    0x9CFF, 0x9CFF, 0x9CFF, 0x9CFF, 0x9CFF, 0x9CFF, 0x9CFF, 0x9CFF, 0x9CFF, 0x9CFF, 0x9CFF, 0x9CFF, 
    0x9CFF, 0x9CFF, 0x9CFF, 0x9CFF, 0x9CFF, 0x7BFF, 0xDDFF, 0x53C5, 0xB5D5, 0xDBFE, 0x9AFE, 0xBAFE, 
    0xBAFE, 0xBAFE, 0xBAFE, 0xBAFE, 0xBAFE, 0xBAFE, 0xBAFE, 0xBAFE, 0xBAFE, 0xBAFE, 0xBAFE, 0xBAFE, 
    0xBAFE, 0xBAFE, 0xBAFE, 0xBAFE, 0xBAFE, 0xBAFE, 0xBAFE, 0xBAFE, 0xBAFE, 0xBAFE, 0xBAFE, 0xBAFE, 
    0xBAFE, 0xBAFE, 0xBAFE, 0xBAFE, 0xBAFE, 0xBAFE, 0xBAFE, 0xBAFE, 0xBAFE, 0xBAFE, 0xBAFE, 0xBAFE, 
    0xBAFE, 0x9BFE, 0xBBFE, 0xBAFE, 0xDBFE, 0x97B5, 0xD574, 0x9CAE, 0x1DBF, 0x1DB7, 0xFDBE, 0xFDBE, 
    0xFDBE, 0xFDBE, 0xFDBE, 0xFDBE, 0xFDBE, 0xFDBE, 0xFDBE, 0xFDBE, 0xFDBE, 0xFDBE, 0xFDBE, 0xFDBE, 
    0xFDBE, 0xFDBE, 0xFDBE, 0xFDBE, 0xFDBE, 0xFDBE, 0xFDBE, 0xFDBE, 
    0x9BAE, 0x1DBF, 0xFDBE, 0xFDBE, 
    0xFDBE, 0xFDBE, 0xFDBE, 0xFDBE, 0xFDBE, 0xFDBE, 0xFDBE, 0xFDBE, 0xFDBE, 0xFDBE, 0xFDBE, 0xFDBE, 
    0xFDBE, 0xFDBE, 0xFDBE, 0xFDBE, 0xFDBE, 0xFDBE, 0xFDBE, 0x1DB7, 0x1DBF, 0xB98D, 0x168D, 0xBAFE, 
    0x9BFE, 0xBBFE, 0xBAFE, 0xBAFE, 0xBAFE, 0xBAFE, 0xBAFE, 0xBAFE, 0xBAFE, 0xBAFE, 0xBAFE, 0xBAFE, 
    0xBAFE, 0xBAFE, 0xBAFE, 0xBAFE, 0xBAFE, 0xBAFE, 0xBAFE, 0xBAFE, 0xBAFE, 0xBAFE, 0xBAFE, 0xBAFE, 
    0xBAFE, 0xBAFE, 0xBAFE, 0xBAFE, 0xBAFE, 0xBAFE, 0xBAFE, 0xBAFE, 0xBAFE, 0xBAFE, 0xBAFE, 0xBAFE, 
    0xBAFE, 0xBAFE, 0xBAFE, 0xBAFE, 0x9AFE, 0xFCFE, 0x54CD, 0xF6D5, 0xDDFF, 0x7CFF, 0x9CFF, 0x9CFF, 
    0x9CFF, 0x9CFF, 0x9CFF, 0x9CFF, 0x9CFF, 0x9CFF, 0x9CFF, 0x9CFF, 0x9CFF, 0x9CFF, 0x9CFF, 0x9CFF, 
    0x9CFF, 0x9CFF, 0x9CFF, 0x9CFF, 0x9CFF, 0x9CFF, 0x9CFF, 0x9CFF, 0x9CFF, 0x9CFF, 0x9CFF, 0x9CFF, 
    0x9CFF, 0x9CFF, 0x9CFF, 0x9CFF, 0x9CFF, 0x9CFF, 0x9CFF, 0x9CFF, 0x9CFF, 0x9CFF, 0x9CFF, 0x9CFF, 
    0x9CFF, 0x9CFF, 0x9CFF, 0x9CFF, 0x9CFF, 0x9CFF, 0x9CFF, 0x9CFF, 0x9CFF, 0x9CFF, 0x9CFF, 0x9CFF, 
    0x9CFF, 0x9CFF, 0x9CFF, 0x9CFF, 0x9CFF, 0x9CFF, 0x9CFF, 0x9CFF, 0x9CFF, 0x9CFF, 0x9CFF, 0x9CFF, 
    0x9CFF, 0x9CFF, 0x9CFF, 0x9CFF, 0x9CFF, 0x9CFF, 0x9CFF, 0x9CFF, 0x9CFF, 0x9CFF, 0x9CFF, 0x9CFF, 
    0x9CFF, 0x9CFF, 0x9CFF, 0x9CFF, 0x9CFF, 0x9CFF, 0x9CFF, 0x9CFF, 0x9CFF, 0x9CFF, 0x9CFF, 0x9CFF, 
    0x9CFF, 0x9CFF, 0x9CFF, 0x9CFF, 0x9CFF, 0x9CFF, 0x9CFF, 0x9CFF, 0x9CFF, 0x9CFF, 0x9CFF, 0x9CFF, 
    0x9CFF, 0x9CFF, 0x9CFF, 0x9CFF, 0x9CFF, 0x9CFF, 0x9CFF, 0x9CFF, 0x9CFF, 0x9CFF, 0x9CFF, 0x9CFF, 
    0x9CFF, 0x9CFF, 0x9CFF, 0x9CFF, 0x9CFF, 0x9CFF, 0x9CFF, 0x9CFF, 0x9CFF, 0x9CFF, 0x9CFF, 0x9CFF, 
    0x9CFF, 0x9CFF, 0x9CFF, 0x9CFF, 0x9CFF, 0x9CFF, 0x9CFF, 0x9CFF, 0x9CFF, 0x9CFF, 0x9CFF, 0x9CFF, 
    0x9CFF, 0x7BFF, 0xDDFF, 0x53C5, 0xB5D5, 0xDBFE, 0x9AFE, 0xBAFE, 0xBAFE, 0xBAFE, 0xBAFE, 0xBAFE, 
    0xBAFE, 0xBAFE, 0xBAFE, 0xBAFE, 0xBAFE, 0xBAFE, 0xBAFE, 0xBAFE, 0xBAFE, 0xBAFE, 0xBAFE, 0xBAFE, 
    0xBAFE, 0xBAFE, 0xBAFE, 0xBAFE, 0xBAFE, 0xBAFE, 0xBAFE, 0xBAFE, 0xBAFE, 0xBAFE, 0xBAFE, 0xBAFE, 
    0xBAFE, 0xBAFE, 0xBAFE, 0xBAFE, 0xBAFE, 0xBAFE, 0xBAFE, 0xBAFE, 0xBAFE, 0x9BFE, 0xBBFE, 0xBAFE, 
    0xDBFE, 0x97B5, 0xD574, 0x9CAE, 0x1DBF, 0x1DB7, 0xFDBE, 0xFDBE, 0xFDBE, 0xFDBE, 0xFDBE, 0xFDBE, 
    0xFDBE, 0xFDBE, 0xFDBE, 0xFDBE, 0xFDBE, 0xFDBE, 0xFDBE, 0xFDBE, 0xFDBE, 0xFDBE, 0xFDBE, 0xFDBE, 
    0xFDBE, 0xFDBE, 0xFDBE, 0xFDBE, 
    0x9BAE, 0x1DBF, 0xFDBE, 0xFDBE, 0xFDBE, 0xFDBE, 0xFDBE, 0xFDBE, 
    0xFDBE, 0xFDBE, 0xFDBE, 0xFDBE, 0xFDBE, 0xFDBE, 0xFDBE, 0xFDBE, 0xFDBE, 0xFDBE, 0xFDBE, 0xFDBE, 
    0xFDBE, 0xFDBE, 0xFDBE, 0x1DB7, 0x1DBF, 0xB98D, 0x168D, 0xBAFE, 0x9BFE, 0xBBFE, 0xBAFE, 0xBAFE, 
    0xBAFE, 0xBAFE, 0xBAFE, 0xBAFE, 0xBAFE, 0xBAFE, 0xBAFE, 0xBAFE, 0xBAFE, 0xBAFE, 0xBAFE, 0xBAFE, 
    0xBAFE, 0xBAFE, 0xBAFE, 0xBAFE, 0xBAFE, 0xBAFE, 0xBAFE, 0xBAFE, 0xBAFE, 0xBAFE, 0xBAFE, 0xBAFE, 
    0xBAFE, 0xBAFE, 0xBAFE, 0xBAFE, 0xBAFE, 0xBAFE, 0xBAFE, 0xBAFE, 0xBAFE, 0xBAFE, 0xBAFE, 0xBAFE, 
    0x9AFE, 0xFCFE, 0x54CD, 0xF6D5, 0xDDFF, 0x7CFF, 0x9CFF, 0x9CFF, 0x9CFF, 0x9CFF, 0x9CFF, 0x9CFF, 
    0x9CFF, 0x9CFF, 0x9CFF, 0x9CFF, 0x9CFF, 0x9CFF, 0x9CFF, 0x9CFF, 0x9CFF, 0x9CFF, 0x9CFF, 0x9CFF, 
    0x9CFF, 0x9CFF, 0x9CFF, 0x9CFF, 0x9CFF, 0x9CFF, 0x9CFF, 0x9CFF, 0x9CFF, 0x9CFF, 0x9CFF, 0x9CFF, 
    0x9CFF, 0x9CFF, 0x9CFF, 0x9CFF, 0x9CFF, 0x9CFF, 0x9CFF, 0x9CFF, 0x9CFF, 0x9CFF, 0x9CFF, 0x9CFF, 
    0x9CFF, 0x9CFF, 0x9CFF, 0x9CFF, 0x9CFF, 0x9CFF, 0x9CFF, 0x9CFF, 0x9CFF, 0x9CFF, 0x9CFF, 0x9CFF, 
    0x9CFF, 0x9CFF, 0x9CFF, 0x9CFF, 0x9CFF, 0x9CFF, 0x9CFF, 0x9CFF, 0x9CFF, 0x9CFF, 0x9CFF, 0x9CFF, 
    0x9CFF, 0x9CFF, 0x9CFF, 0x9CFF, 0x9CFF, 0x9CFF, 0x9CFF, 0x9CFF, 0x9CFF, 0x9CFF, 0x9CFF, 0x9CFF, 
    0x9CFF, 0x9CFF, 0x9CFF, 0x9CFF, 0x9CFF, 0x9CFF, 0x9CFF, 0x9CFF, 0x9CFF, 0x9CFF, 0x9CFF, 0x9CFF, 
    0x9CFF, 0x9CFF, 0x9CFF, 0x9CFF, 0x9CFF, 0x9CFF, 0x9CFF, 0x9CFF, 0x9CFF, 0x9CFF, 0x9CFF, 0x9CFF, 
    0x9CFF, 0x9CFF, 0x9CFF, 0x9CFF, 0x9CFF, 0x9CFF, 0x9CFF, 0x9CFF, 0x9CFF, 0x9CFF, 0x9CFF, 0x9CFF, 
    0x9CFF, 0x9CFF, 0x9CFF, 0x9CFF, 0x9CFF, 0x9CFF, 0x9CFF, 0x9CFF, 0x9CFF, 0x9CFF, 0x9CFF, 0x9CFF, 
    0x9CFF, 0x9CFF, 0x9CFF, 0x9CFF, 0x9CFF, 0x9CFF, 0x9CFF, 0x9CFF, 0x9CFF, 0x7BFF, 0xDDFF, 0x53C5, 
    0xB5D5, 0xDBFE, 0x9AFE, 0xBAFE, 0xBAFE, 0xBAFE, 0xBAFE, 0xBAFE, 0xBAFE, 0xBAFE, 0xBAFE, 0xBAFE, 
    0xBAFE, 0xBAFE, 0xBAFE, 0xBAFE, 0xBAFE, 0xBAFE, 0xBAFE, 0xBAFE, 0xBAFE, 0xBAFE, 0xBAFE, 0xBAFE, 
    0xBAFE, 0xBAFE, 0xBAFE, 0xBAFE, 0xBAFE, 0xBAFE, 0xBAFE, 0xBAFE, 0xBAFE, 0xBAFE, 0xBAFE, 0xBAFE, 
    0xBAFE, 0xBAFE, 0xBAFE, 0xBAFE, 0xBAFE, 0x9BFE, 0xBBFE, 0xBAFE, 0xDBFE, 0x97B5, 0xD574, 0x9CAE, 
    0x1DBF, 0x1DB7, 0xFDBE, 0xFDBE, 0xFDBE, 0xFDBE, 0xFDBE, 0xFDBE, 0xFDBE, 0xFDBE, 0xFDBE, 0xFDBE, 
    0xFDBE, 0xFDBE, 0xFDBE, 0xFDBE, 0xFDBE, 0xFDBE, 0xFDBE, 0xFDBE, 0xFDBE, 0xFDBE, 0xFDBE, 0xFDBE, 
    
    0x9BAE, 0x1DBF, 0xFDBE, 0xFDBE, 0xFDBE, 0xFDBE, 0xFDBE, 0xFDBE, 0xFDBE, 0xFDBE, 0xFDBE, 0xFDBE, 
    0xFDBE, 0xFDBE, 0xFDBE, 0xFDBE, 0xFDBE, 0xFDBE, 0xFDBE, 0xFDBE, 0xFDBE, 0xFDBE, 0xFDBE, 0x1DB7, 
    0x1DBF, 0xB98D, 0x168D, 0xBAFE, 0x9BFE, 0xBBFE, 0xBAFE, 0xBAFE, 0xBAFE, 0xBAFE, 0xBAFE, 0xBAFE, 
    0xBAFE, 0xBAFE, 0xBAFE, 0xBAFE, 0xBAFE, 0xBAFE, 0xBAFE, 0xBAFE, 0xBAFE, 0xBAFE, 0xBAFE, 0xBAFE, 
    0xBAFE, 0xBAFE, 0xBAFE, 0xBAFE, 0xBAFE, 0xBAFE, 0xBAFE, 0xBAFE, 0xBAFE, 0xBAFE, 0xBAFE, 0xBAFE, 
    0xBAFE, 0xBAFE, 0xBAFE, 0xBAFE, 0xBAFE, 0xBAFE, 0xBAFE, 0xBAFE, 0x9AFE, 0xFCFE, 0x54CD, 0xF6D5, 
    0xDDFF, 0x7CFF, 0x9CFF, 0x9CFF, 0x9CFF, 0x9CFF, 0x9CFF, 0x9CFF, 0x9CFF, 0x9CFF, 0x9CFF, 0x9CFF, 
    0x9CFF, 0x9CFF, 0x9CFF, 0x9CFF, 0x9CFF, 0x9CFF, 0x9CFF, 0x9CFF, 0x9CFF, 0x9CFF, 0x9CFF, 0x9CFF, 
    0x9CFF, 0x9CFF, 0x9CFF, 0x9CFF, 0x9CFF, 0x9CFF, 0x9CFF, 0x9CFF, 0x9CFF, 0x9CFF, 0x9CFF, 0x9CFF, 
    0x9CFF, 0x9CFF, 0x9CFF, 0x9CFF, 0x9CFF, 0x9CFF, 0x9CFF, 0x9CFF, 0x9CFF, 0x9CFF, 0x9CFF, 0x9CFF, 
    0x9CFF, 0x9CFF, 0x9CFF, 0x9CFF, 0x9CFF, 0x9CFF, 0x9CFF, 0x9CFF, 0x9CFF, 0x9CFF, 0x9CFF, 0x9CFF, 
    0x9CFF, 0x9CFF, 0x9CFF, 0x9CFF, 0x9CFF, 0x9CFF, 0x9CFF, 0x9CFF, 0x9CFF, 0x9CFF, 0x9CFF, 0x9CFF, 
    0x9CFF, 0x9CFF, 0x9CFF, 0x9CFF, 0x9CFF, 0x9CFF, 0x9CFF, 0x9CFF, 0x9CFF, 0x9CFF, 0x9CFF, 0x9CFF, 
    0x9CFF, 0x9CFF, 0x9CFF, 0x9CFF, 0x9CFF, 0x9CFF, 0x9CFF, 0x9CFF, 0x9CFF, 0x9CFF, 0x9CFF, 0x9CFF, 
    0x9CFF, 0x9CFF, 0x9CFF, 0x9CFF, 0x9CFF, 0x9CFF, 0x9CFF, 0x9CFF, 0x9CFF, 0x9CFF, 0x9CFF, 0x9CFF, 
    0x9CFF, 0x9CFF, 0x9CFF, 0x9CFF, 0x9CFF, 0x9CFF, 0x9CFF, 0x9CFF, 0x9CFF, 0x9CFF, 0x9CFF, 0x9CFF, 
    0x9CFF, 0x9CFF, 0x9CFF, 0x9CFF, 0x9CFF, 0x9CFF, 0x9CFF, 0x9CFF, 0x9CFF, 0x9CFF, 0x9CFF, 0x9CFF, 
    0x9CFF, 0x9CFF, 0x9CFF, 0x9CFF, 0x9CFF, 0x7BFF, 0xDDFF, 0x53C5, 0xB5D5, 0xDBFE, 0x9AFE, 0xBAFE, 
    0xBAFE, 0xBAFE, 0xBAFE, 0xBAFE, 0xBAFE, 0xBAFE, 0xBAFE, 0xBAFE, 0xBAFE, 0xBAFE, 0xBAFE, 0xBAFE, 
    0xBAFE, 0xBAFE, 0xBAFE, 0xBAFE, 0xBAFE, 0xBAFE, 0xBAFE, 0xBAFE, 0xBAFE, 0xBAFE, 0xBAFE, 0xBAFE, 
    0xBAFE, 0xBAFE, 0xBAFE, 0xBAFE, 0xBAFE, 0xBAFE, 0xBAFE, 0xBAFE, 0xBAFE, 0xBAFE, 0xBAFE, 0xBAFE, 
    0xBAFE, 0x9BFE, 0xBBFE, 0xBAFE, 0xDBFE, 0x97B5, 0xD574, 0x9CAE, 0x1DBF, 0x1DB7, 0xFDBE, 0xFDBE, 
    0xFDBE, 0xFDBE, 0xFDBE, 0xFDBE, 0xFDBE, 0xFDBE, 0xFDBE, 0xFDBE, 0xFDBE, 0xFDBE, 0xFDBE, 0xFDBE, 
    0xFDBE, 0xFDBE, 0xFDBE, 0xFDBE, 0xFDBE, 0xFDBE, 0xFDBE, 0xFDBE, 
    0x9BAE, 0x1DBF, 0xFDBE, 0xFDBE, 
    0xFDBE, 0xFDBE, 0xFDBE, 0xFDBE, 0xFDBE, 0xFDBE, 0xFDBE, 0xFDBE, 0xFDBE, 0xFDBE, 0xFDBE, 0xFDBE, 
    0xFDBE, 0xFDBE, 0xFDBE, 0xFDBE, 0xFDB6, 0xFDBE, 0xFDBE, 0xFDB6, 0x1DBF, 0xB98D, 0x168D, 0xBAFE, 
    0xBBFE, 0xBBFE, 0xBAFE, 0xBAFE, 0xBAFE, 0xBAFE, 0xBAFE, 0xBAFE, 0xBAFE, 0xBAFE, 0xBAFE, 0xBAFE, 
    0xBAFE, 0xBAFE, 0xBAFE, 0xBAFE, 0xBAFE, 0xBAFE, 0xBAFE, 0xBAFE, 0xBAFE, 0xBAFE, 0xBAFE, 0xBAFE, 
    0xBAFE, 0xBAFE, 0xBAFE, 0xBAFE, 0xBAFE, 0xBAFE, 0xBAFE, 0xBAFE, 0xBAFE, 0xBAFE, 0xBAFE, 0xBAFE, 
    0xBAFE, 0xBAFE, 0xBAFE, 0xBAFE, 0x9AFE, 0xFCFE, 0x54CD, 0xF6D5, 0xDDFF, 0x7CFF, 0x9CFF, 0x9CFF, 
    0x9CFF, 0x9CFF, 0x9CFF, 0x9CFF, 0x9CFF, 0x9CFF, 0x9CFF, 0x9CFF, 0x9CFF, 0x9CFF, 0x9CFF, 0x9CFF, 
    0x9CFF, 0x9CFF, 0x9CFF, 0x9CFF, 0x9CFF, 0x9CFF, 0x9CFF, 0x9CFF, 0x9CFF, 0x9CFF, 0x9CFF, 0x9CFF, 
    0x9CFF, 0x9CFF, 0x9CFF, 0x9CFF, 0x9CFF, 0x9CFF, 0x9CFF, 0x9CFF, 0x9CFF, 0x9CFF, 0x9CFF, 0x9CFF, 
    0x9CFF, 0x9CFF, 0x9CFF, 0x9CFF, 0x9CFF, 0x9CFF, 0x9CFF, 0x9CFF, 0x9CFF, 0x9CFF, 0x9CFF, 0x9CFF, 
    0x9CFF, 0x9CFF, 0x9CFF, 0x9CFF, 0x9CFF, 0x9CFF, 0x9CFF, 0x9CFF, 0x9CFF, 0x9CFF, 0x9CFF, 0x9CFF, 
    0x9CFF, 0x9CFF, 0x9CFF, 0x9CFF, 0x9CFF, 0x9CFF, 0x9CFF, 0x9CFF, 0x9CFF, 0x9CFF, 0x9CFF, 0x9CFF, 
    0x9CFF, 0x9CFF, 0x9CFF, 0x9CFF, 0x9CFF, 0x9CFF, 0x9CFF, 0x9CFF, 0x9CFF, 0x9CFF, 0x9CFF, 0x9CFF, 
    0x9CFF, 0x9CFF, 0x9CFF, 0x9CFF, 0x9CFF, 0x9CFF, 0x9CFF, 0x9CFF, 0x9CFF, 0x9CFF, 0x9CFF, 0x9CFF, 
    0x9CFF, 0x9CFF, 0x9CFF, 0x9CFF, 0x9CFF, 0x9CFF, 0x9CFF, 0x9CFF, 0x9CFF, 0x9CFF, 0x9CFF, 0x9CFF, 
    0x9CFF, 0x9CFF, 0x9CFF, 0x9CFF, 0x9CFF, 0x9CFF, 0x9CFF, 0x9CFF, 0x9CFF, 0x9CFF, 0x9CFF, 0x9CFF, 
    0x9CFF, 0x9CFF, 0x9CFF, 0x9CFF, 0x9CFF, 0x9CFF, 0x9CFF, 0x9CFF, 0x9CFF, 0x9CFF, 0x9CFF, 0x9CFF, 
    0x9CFF, 0x7BFF, 0xDDFF, 0x53C5, 0xB5D5, 0xDBFE, 0x9AFE, 0xBAFE, 0xBAFE, 0xBAFE, 0xBAFE, 0xBAFE, 
    0xBAFE, 0xBAFE, 0xBAFE, 0xBAFE, 0xBAFE, 0xBAFE, 0xBAFE, 0xBAFE, 0xBAFE, 0xBAFE, 0xBAFE, 0xBAFE, 
    0xBAFE, 0xBAFE, 0xBAFE, 0xBAFE, 0xBAFE, 0xBAFE, 0xBAFE, 0xBAFE, 0xBAFE, 0xBAFE, 0xBAFE, 0xBAFE, 
    0xBAFE, 0xBAFE, 0xBAFE, 0xBAFE, 0xBAFE, 0xBAFE, 0xBAFE, 0xBAFE, 0xBAFE, 0x9BFE, 0xBBFE, 0xBAFE, 
    0xDBFE, 0x97B5, 0xD574, 0x9CAE, 0x1DBF, 0x1DB7, 0xFDBE, 0xFDBE, 0xFDBE, 0xFDBE, 0xFDBE, 0xFDBE, 
    0xFDBE, 0xFDBE, 0xFDBE, 0xFDBE, 0xFDBE, 0xFDBE, 0xFDBE, 0xFDBE, 0xFDBE, 0xFDBE, 0xFDBE, 0xFDBE, 
    0xFDBE, 0xFDBE, 0xFDBE, 0xFDBE, 
    0x9BAE, 0x1DBF, 0xFDBE, 0xFDBE, 0xFDBE, 0xFDBE, 0xFDBE, 0xFDBE, 
    0xFDBE, 0xFDBE, 0xFDBE, 0xFDBE, 0xFDBE, 0xFDBE, 0xFDBE, 0xFDBE, 0xFDBE, 0xFDBE, 0xFDBE, 0xFDBE, 
    0xFDB6, 0xFDBE, 0xFDBE, 0xFDBE, 0x1DBF, 0xB98D, 0x168D, 0xBAFE, 0xBBFE, 0xBBFE, 0xBAFE, 0xBAFE, 
    0xBAFE, 0xBAFE, 0xBAFE, 0xBAFE, 0xBAFE, 0xBAFE, 0xBAFE, 0xBAFE, 0xBAFE, 0xBAFE, 0xBAFE, 0xBAFE, 
    0xBAFE, 0xBAFE, 0xBAFE, 0xBAFE, 0xBAFE, 0xBAFE, 0xBAFE, 0xBAFE, 0xBAFE, 0xBAFE, 0xBAFE, 0xBAFE, 
    0xBAFE, 0xBAFE, 0xBAFE, 0xBAFE, 0xBAFE, 0xBAFE, 0xBAFE, 0xBAFE, 0xBAFE, 0xBAFE, 0xBAFE, 0xBAFE, 
    0x9AFE, 0xFCFE, 0x54CD, 0xF6D5, 0xDDFF, 0x7CFF, 0x9CFF, 0x9CFF, 0x9CFF, 0x9CFF, 0x9CFF, 0x9CFF, 
    0x9CFF, 0x9CFF, 0x9CFF, 0x9CFF, 0x9CFF, 0x9CFF, 0x9CFF, 0x9CFF, 0x9CFF, 0x9CFF, 0x9CFF, 0x9CFF, 
    0x9CFF, 0x9CFF, 0x9CFF, 0x9CFF, 0x9CFF, 0x9CFF, 0x9CFF, 0x9CFF, 0x9CFF, 0x9CFF, 0x9CFF, 0x9CFF, 
    0x9CFF, 0x9CFF, 0x9CFF, 0x9CFF, 0x9CFF, 0x9CFF, 0x9CFF, 0x9CFF, 0x9CFF, 0x9CFF, 0x9CFF, 0x9CFF, 
    0x9CFF, 0x9CFF, 0x9CFF, 0x9CFF, 0x9CFF, 0x9CFF, 0x9CFF, 0x9CFF, 0x9CFF, 0x9CFF, 0x9CFF, 0x9CFF, 
    0x9CFF, 0x9CFF, 0x9CFF, 0x9CFF, 0x9CFF, 0x9CFF, 0x9CFF, 0x9CFF, 0x9CFF, 0x9CFF, 0x9CFF, 0x9CFF, 
    0x9CFF, 0x9CFF, 0x9CFF, 0x9CFF, 0x9CFF, 0x9CFF, 0x9CFF, 0x9CFF, 0x9CFF, 0x9CFF, 0x9CFF, 0x9CFF, 
    0x9CFF, 0x9CFF, 0x9CFF, 0x9CFF, 0x9CFF, 0x9CFF, 0x9CFF, 0x9CFF, 0x9CFF, 0x9CFF, 0x9CFF, 0x9CFF, 
    0x9CFF, 0x9CFF, 0x9CFF, 0x9CFF, 0x9CFF, 0x9CFF, 0x9CFF, 0x9CFF, 0x9CFF, 0x9CFF, 0x9CFF, 0x9CFF, 
    0x9CFF, 0x9CFF, 0x9CFF, 0x9CFF, 0x9CFF, 0x9CFF, 0x9CFF, 0x9CFF, 0x9CFF, 0x9CFF, 0x9CFF, 0x9CFF, 
    0x9CFF, 0x9CFF, 0x9CFF, 0x9CFF, 0x9CFF, 0x9CFF, 0x9CFF, 0x9CFF, 0x9CFF, 0x9CFF, 0x9CFF, 0x9CFF, 
    0x9CFF, 0x9CFF, 0x9CFF, 0x9CFF, 0x9CFF, 0x9CFF, 0x9CFF, 0x9CFF, 0x9CFF, 0x7BFF, 0xDDFF, 0x53C5, 
    0xB5D5, 0xDBFE, 0x9AFE, 0xBAFE, 0xBAFE, 0xBAFE, 0xBAFE, 0xBAFE, 0xBAFE, 0xBAFE, 0xBAFE, 0xBAFE, 
    0xBAFE, 0xBAFE, 0xBAFE, 0xBAFE, 0xBAFE, 0xBAFE, 0xBAFE, 0xBAFE, 0xBAFE, 0xBAFE, 0xBAFE, 0xBAFE, 
    0xBAFE, 0xBAFE, 0xBAFE, 0xBAFE, 0xBAFE, 0xBAFE, 0xBAFE, 0xBAFE, 0xBAFE, 0xBAFE, 0xBAFE, 0xBAFE, 
    0xBAFE, 0xBAFE, 0xBAFE, 0xBAFE, 0xBAFE, 0x9BFE, 0xBBFE, 0xBAFE, 0xDBFE, 0x97B5, 0xD574, 0x9CAE, 
    0x1DBF, 0x1DB7, 0xFDBE, 0xFDBE, 0xFDBE, 0xFDBE, 0xFDBE, 0xFDBE, 0xFDBE, 0xFDBE, 0xFDBE, 0xFDBE, 
    0xFDBE, 0xFDBE, 0xFDBE, 0xFDBE, 0xFDBE, 0xFDBE, 0xFDBE, 0xFDBE, 0xFDBE, 0xFDBE, 0xFDBE, 0xFDBE, 
    
    0x9BAE, 0x1DBF, 0xFDBE, 0xFDBE, 0xFDBE, 0xFDBE, 0xFDBE, 0xFDBE, 0xFDBE, 0xFDBE, 0xFDBE, 0xFDBE, 
    0xFDBE, 0xFDBE, 0xFDBE, 0xFDBE, 0xFDBE, 0xFDBE, 0xFDBE, 0xFDBE, 0xFDB6, 0xFDBE, 0xFDBE, 0xFDBE, 
    0x1DBF, 0xB98D, 0x168D, 0xBAFE, 0xBBFE, 0xBBFE, 0xBAFE, 0xBAFE, 0xBAFE, 0xBAFE, 0xBAFE, 0xBAFE, 
    0xBAFE, 0xBAFE, 0xBAFE, 0xBAFE, 0xBAFE, 0xBAFE, 0xBAFE, 0xBAFE, 0xBAFE, 0xBAFE, 0xBAFE, 0xBAFE, 
    0xBAFE, 0xBAFE, 0xBAFE, 0xBAFE, 0xBAFE, 0xBAFE, 0xBAFE, 0xBAFE, 0xBAFE, 0xBAFE, 0xBAFE, 0xBAFE, 
    0xBAFE, 0xBAFE, 0xBAFE, 0xBAFE, 0xBAFE, 0xBAFE, 0xBAFE, 0xBAFE, 0x9AFE, 0xFCFE, 0x54CD, 0xF6D5, 
    0xDDFF, 0x7CFF, 0x9CFF, 0x9CFF, 0x9CFF, 0x9CFF, 0x9CFF, 0x9CFF, 0x9CFF, 0x9CFF, 0x9CFF, 0x9CFF, 
    0x9CFF, 0x9CFF, 0x9CFF, 0x9CFF, 0x9CFF, 0x9CFF, 0x9CFF, 0x9CFF, 0x9CFF, 0x9CFF, 0x9CFF, 0x9CFF, 
    0x9CFF, 0x9CFF, 0x9CFF, 0x9CFF, 0x9CFF, 0x9CFF, 0x9CFF, 0x9CFF, 0x9CFF, 0x9CFF, 0x9CFF, 0x9CFF, 
    0x9CFF, 0x9CFF, 0x9CFF, 0x9CFF, 0x9CFF, 0x9CFF, 0x9CFF, 0x9CFF, 0x9CFF, 0x9CFF, 0x9CFF, 0x9CFF, 
    0x9CFF, 0x9CFF, 0x9CFF, 0x9CFF, 0x9CFF, 0x9CFF, 0x9CFF, 0x9CFF, 0x9CFF, 0x9CFF, 0x9CFF, 0x9CFF, 
    0x9CFF, 0x9CFF, 0x9CFF, 0x9CFF, 0x9CFF, 0x9CFF, 0x9CFF, 0x9CFF, 0x9CFF, 0x9CFF, 0x9CFF, 0x9CFF, 
    0x9CFF, 0x9CFF, 0x9CFF, 0x9CFF, 0x9CFF, 0x9CFF, 0x9CFF, 0x9CFF, 0x9CFF, 0x9CFF, 0x9CFF, 0x9CFF, 
    0x9CFF, 0x9CFF, 0x9CFF, 0x9CFF, 0x9CFF, 0x9CFF, 0x9CFF, 0x9CFF, 0x9CFF, 0x9CFF, 0x9CFF, 0x9CFF, 
    0x9CFF, 0x9CFF, 0x9CFF, 0x9CFF, 0x9CFF, 0x9CFF, 0x9CFF, 0x9CFF, 0x9CFF, 0x9CFF, 0x9CFF, 0x9CFF, 
    0x9CFF, 0x9CFF, 0x9CFF, 0x9CFF, 0x9CFF, 0x9CFF, 0x9CFF, 0x9CFF, 0x9CFF, 0x9CFF, 0x9CFF, 0x9CFF, 
    0x9CFF, 0x9CFF, 0x9CFF, 0x9CFF, 0x9CFF, 0x9CFF, 0x9CFF, 0x9CFF, 0x9CFF, 0x9CFF, 0x9CFF, 0x9CFF, 
    0x9CFF, 0x9CFF, 0x9CFF, 0x9CFF, 0x9CFF, 0x7BFF, 0xDDFF, 0x53C5, 0xB5D5, 0xDBFE, 0x9AFE, 0xBAFE, 
    0xBAFE, 0xBAFE, 0xBAFE, 0xBAFE, 0xBAFE, 0xBAFE, 0xBAFE, 0xBAFE, 0xBAFE, 0xBAFE, 0xBAFE, 0xBAFE, 
    0xBAFE, 0xBAFE, 0xBAFE, 0xBAFE, 0xBAFE, 0xBAFE, 0xBAFE, 0xBAFE, 0xBAFE, 0xBAFE, 0xBAFE, 0xBAFE, 
    0xBAFE, 0xBAFE, 0xBAFE, 0xBAFE, 0xBAFE, 0xBAFE, 0xBAFE, 0xBAFE, 0xBAFE, 0xBAFE, 0xBAFE, 0xBAFE, 
    0xBAFE, 0x9BFE, 0xBBFE, 0xBAFE, 0xDBFE, 0x97B5, 0xD574, 0x9CAE, 0x1DBF, 0x1DB7, 0xFDBE, 0xFDBE, 
    0xFDBE, 0xFDBE, 0xFDBE, 0xFDBE, 0xFDBE, 0xFDBE, 0xFDBE, 0xFDBE, 0xFDBE, 0xFDBE, 0xFDBE, 0xFDBE, 
    0xFDBE, 0xFDBE, 0xFDBE, 0xFDBE, 0xFDBE, 0xFDBE, 0xFDBE, 0xFDBE, 
    0x9BAE, 0x1DBF, 0xFDBE, 0xFDBE, 
    0xFDBE, 0xFDBE, 0xFDBE, 0xFDBE, 0xFDBE, 0xFDBE, 0xFDBE, 0xFDBE, 0xFDBE, 0xFDBE, 0xFDBE, 0xFDBE, 
    0xFDBE, 0xFDBE, 0xFDBE, 0xFDBE, 0xFDB6, 0xFDBE, 0xFDBE, 0xFDBE, 0x1DBF, 0xB98D, 0x168D, 0xBAFE, 
    0xBBFE, 0xBBFE, 0xBAFE, 0xBAFE, 0xBAFE, 0xBAFE, 0xBAFE, 0xBAFE, 0xBAFE, 0xBAFE, 0xBAFE, 0xBAFE, 
    0xBAFE, 0xBAFE, 0xBAFE, 0xBAFE, 0xBAFE, 0xBAFE, 0xBAFE, 0xBAFE, 0xBAFE, 0xBAFE, 0xBAFE, 0xBAFE, 
    0xBAFE, 0xBAFE, 0xBAFE, 0xBAFE, 0xBAFE, 0xBAFE, 0xBAFE, 0xBAFE, 0xBAFE, 0xBAFE, 0xBAFE, 0xBAFE, 
    0xBAFE, 0xBAFE, 0xBAFE, 0xBAFE, 0x9AFE, 0xFCFE, 0x54CD, 0xF6D5, 0xDDFF, 0x7CFF, 0x9CFF, 0x9CFF, 
    0x9CFF, 0x9CFF, 0x9CFF, 0x9CFF, 0x9CFF, 0x9CFF, 0x9CFF, 0x9CFF, 0x9CFF, 0x9CFF, 0x9CFF, 0x9CFF, 
    0x9CFF, 0x9CFF, 0x9CFF, 0x9CFF, 0x9CFF, 0x9CFF, 0x9CFF, 0x9CFF, 0x9CFF, 0x9CFF, 0x9CFF, 0x9CFF, 
    0x9CFF, 0x9CFF, 0x9CFF, 0x9CFF, 0x9CFF, 0x9CFF, 0x9CFF, 0x9CFF, 0x9CFF, 0x9CFF, 0x9CFF, 0x9CFF, 
    0x9CFF, 0x9CFF, 0x9CFF, 0x9CFF, 0x9CFF, 0x9CFF, 0x9CFF, 0x9CFF, 0x9CFF, 0x9CFF, 0x9CFF, 0x9CFF, 
    0x9CFF, 0x9CFF, 0x9CFF, 0x9CFF, 0x9CFF, 0x9CFF, 0x9CFF, 0x9CFF, 0x9CFF, 0x9CFF, 0x9CFF, 0x9CFF, 
    0x9CFF, 0x9CFF, 0x9CFF, 0x9CFF, 0x9CFF, 0x9CFF, 0x9CFF, 0x9CFF, 0x9CFF, 0x9CFF, 0x9CFF, 0x9CFF, 
    0x9CFF, 0x9CFF, 0x9CFF, 0x9CFF, 0x9CFF, 0x9CFF, 0x9CFF, 0x9CFF, 0x9CFF, 0x9CFF, 0x9CFF, 0x9CFF, 
    0x9CFF, 0x9CFF, 0x9CFF, 0x9CFF, 0x9CFF, 0x9CFF, 0x9CFF, 0x9CFF, 0x9CFF, 0x9CFF, 0x9CFF, 0x9CFF, 
    0x9CFF, 0x9CFF, 0x9CFF, 0x9CFF, 0x9CFF, 0x9CFF, 0x9CFF, 0x9CFF, 0x9CFF, 0x9CFF, 0x9CFF, 0x9CFF, 
    0x9CFF, 0x9CFF, 0x9CFF, 0x9CFF, 0x9CFF, 0x9CFF, 0x9CFF, 0x9CFF, 0x9CFF, 0x9CFF, 0x9CFF, 0x9CFF, 
    0x9CFF, 0x9CFF, 0x9CFF, 0x9CFF, 0x9CFF, 0x9CFF, 0x9CFF, 0x9CFF, 0x9CFF, 0x9CFF, 0x9CFF, 0x9CFF, 
    0x9CFF, 0x7BFF, 0xDDFF, 0x53C5, 0xB5D5, 0xDBFE, 0x9AFE, 0xBAFE, 0xBAFE, 0xBAFE, 0xBAFE, 0xBAFE, 
    0xBAFE, 0xBAFE, 0xBAFE, 0xBAFE, 0xBAFE, 0xBAFE, 0xBAFE, 0xBAFE, 0xBAFE, 0xBAFE, 0xBAFE, 0xBAFE, 
    0xBAFE, 0xBAFE, 0xBAFE, 0xBAFE, 0xBAFE, 0xBAFE, 0xBAFE, 0xBAFE, 0xBAFE, 0xBAFE, 0xBAFE, 0xBAFE, 
    0xBAFE, 0xBAFE, 0xBAFE, 0xBAFE, 0xBAFE, 0xBAFE, 0xBAFE, 0xBAFE, 0xBAFE, 0x9BFE, 0xBBFE, 0xBAFE, 
    0xDBFE, 0x97B5, 0xD574, 0x9CAE, 0x1DBF, 0x1DB7, 0xFDBE, 0xFDBE, 0xFDBE, 0xFDBE, 0xFDBE, 0xFDBE, 
    0xFDBE, 0xFDBE, 0xFDBE, 0xFDBE, 0xFDBE, 0xFDBE, 0xFDBE, 0xFDBE, 0xFDBE, 0xFDBE, 0xFDBE, 0xFDBE, 
    0xFDBE, 0xFDBE, 0xFDBE, 0xFDBE, 
    0x9BAE, 0x1DBF, 0xFDBE, 0xFDBE, 0xFDBE, 0xFDBE, 0xFDBE, 0xFDBE, 
    0xFDBE, 0xFDBE, 0xFDBE, 0xFDBE, 0xFDBE, 0xFDBE, 0xFDBE, 0xFDBE, 0xFDBE, 0xFDBE, 0xFDBE, 0xFDBE, 
    0xFDB6, 0xFDBE, 0xFDBE, 0xFDBE, 0x1DBF, 0xB98D, 0x168D, 0xBAFE, 0xBBFE, 0xBBFE, 0xBAFE, 0xBAFE, 
    0xBAFE, 0xBAFE, 0xBAFE, 0xBAFE, 0xBAFE, 0xBAFE, 0xBAFE, 0xBAFE, 0xBAFE, 0xBAFE, 0xBAFE, 0xBAFE, 
    0xBAFE, 0xBAFE, 0xBAFE, 0xBAFE, 0xBAFE, 0xBAFE, 0xBAFE, 0xBAFE, 0xBAFE, 0xBAFE, 0xBAFE, 0xBAFE, 
    0xBAFE, 0xBAFE, 0xBAFE, 0xBAFE, 0xBAFE, 0xBAFE, 0xBAFE, 0xBAFE, 0xBAFE, 0xBAFE, 0xBAFE, 0xBAFE, 
    0x9AFE, 0xFCFE, 0x54CD, 0xF6D5, 0xDDFF, 0x7CFF, 0x9CFF, 0x9CFF, 0x9CFF, 0x9CFF, 0x9CFF, 0x9CFF, 
    0x9CFF, 0x9CFF, 0x9CFF, 0x9CFF, 0x9CFF, 0x9CFF, 0x9CFF, 0x9CFF, 0x9CFF, 0x9CFF, 0x9CFF, 0x9CFF, 
    0x9CFF, 0x9CFF, 0x9CFF, 0x9CFF, 0x9CFF, 0x9CFF, 0x9CFF, 0x9CFF, 0x9CFF, 0x9CFF, 0x9CFF, 0x9CFF, 
    0x9CFF, 0x9CFF, 0x9CFF, 0x9CFF, 0x9CFF, 0x9CFF, 0x9CFF, 0x9CFF, 0x9CFF, 0x9CFF, 0x9CFF, 0x9CFF, 
    0x9CFF, 0x9CFF, 0x9CFF, 0x9CFF, 0x9CFF, 0x9CFF, 0x9CFF, 0x9CFF, 0x9CFF, 0x9CFF, 0x9CFF, 0x9CFF, 
    0x9CFF, 0x9CFF, 0x9CFF, 0x9CFF, 0x9CFF, 0x9CFF, 0x9CFF, 0x9CFF, 0x9CFF, 0x9CFF, 0x9CFF, 0x9CFF, 
    0x9CFF, 0x9CFF, 0x9CFF, 0x9CFF, 0x9CFF, 0x9CFF, 0x9CFF, 0x9CFF, 0x9CFF, 0x9CFF, 0x9CFF, 0x9CFF, 
    0x9CFF, 0x9CFF, 0x9CFF, 0x9CFF, 0x9CFF, 0x9CFF, 0x9CFF, 0x9CFF, 0x9CFF, 0x9CFF, 0x9CFF, 0x9CFF, 
    0x9CFF, 0x9CFF, 0x9CFF, 0x9CFF, 0x9CFF, 0x9CFF, 0x9CFF, 0x9CFF, 0x9CFF, 0x9CFF, 0x9CFF, 0x9CFF, 
    0x9CFF, 0x9CFF, 0x9CFF, 0x9CFF, 0x9CFF, 0x9CFF, 0x9CFF, 0x9CFF, 0x9CFF, 0x9CFF, 0x9CFF, 0x9CFF, 
    0x9CFF, 0x9CFF, 0x9CFF, 0x9CFF, 0x9CFF, 0x9CFF, 0x9CFF, 0x9CFF, 0x9CFF, 0x9CFF, 0x9CFF, 0x9CFF, 
    0x9CFF, 0x9CFF, 0x9CFF, 0x9CFF, 0x9CFF, 0x9CFF, 0x9CFF, 0x9CFF, 0x9CFF, 0x7BFF, 0xDDFF, 0x53C5, 
    0xB5D5, 0xDBFE, 0x9AFE, 0xBAFE, 0xBAFE, 0xBAFE, 0xBAFE, 0xBAFE, 0xBAFE, 0xBAFE, 0xBAFE, 0xBAFE, 
    0xBAFE, 0xBAFE, 0xBAFE, 0xBAFE, 0xBAFE, 0xBAFE, 0xBAFE, 0xBAFE, 0xBAFE, 0xBAFE, 0xBAFE, 0xBAFE, 
    0xBAFE, 0xBAFE, 0xBAFE, 0xBAFE, 0xBAFE, 0xBAFE, 0xBAFE, 0xBAFE, 0xBAFE, 0xBAFE, 0xBAFE, 0xBAFE, 
    0xBAFE, 0xBAFE, 0xBAFE, 0xBAFE, 0xBAFE, 0x9BFE, 0xBBFE, 0xBAFE, 0xDBFE, 0x97B5, 0xD574, 0x9CAE, 
    0x1DBF, 0x1DB7, 0xFDBE, 0xFDBE, 0xFDBE, 0xFDBE, 0xFDBE, 0xFDBE, 0xFDBE, 0xFDBE, 0xFDBE, 0xFDBE, 
    0xFDBE, 0xFDBE, 0xFDBE, 0xFDBE, 0xFDBE, 0xFDBE, 0xFDBE, 0xFDBE, 0xFDBE, 0xFDBE, 0xFDBE, 0xFDBE, 
    
    0x9BAE, 0x1DBF, 0xFDBE, 0xFDBE, 0xFDBE, 0xFDBE, 0xFDBE, 0xFDBE, 0xFDBE, 0xFDBE, 0xFDBE, 0xFDBE, 
    0xFDBE, 0xFDBE, 0xFDBE, 0xFDBE, 0xFDBE, 0xFDBE, 0xFDBE, 0xFDBE, 0xFDB6, 0xFDBE, 0xFDBE, 0xFDBE, 
    0x1DBF, 0xB98D, 0x168D, 0xBAFE, 0xBBFE, 0xBBFE, 0xBAFE, 0xBAFE, 0xBAFE, 0xBAFE, 0xBAFE, 0xBAFE, 
    0xBAFE, 0xBAFE, 0xBAFE, 0xBAFE, 0xBAFE, 0xBAFE, 0xBAFE, 0xBAFE, 0xBAFE, 0xBAFE, 0xBAFE, 0xBAFE, 
    0xBAFE, 0xBAFE, 0xBAFE, 0xBAFE, 0xBAFE, 0xBAFE, 0xBAFE, 0xBAFE, 0xBAFE, 0xBAFE, 0xBAFE, 0xBAFE, 
    0xBAFE, 0xBAFE, 0xBAFE, 0xBAFE, 0xBAFE, 0xBAFE, 0xBAFE, 0xBAFE, 0x9AFE, 0xFCFE, 0x54CD, 0xF6D5, 
    0xDDFF, 0x7CFF, 0x9CFF, 0x9CFF, 0x9CFF, 0x9CFF, 0x9CFF, 0x9CFF, 0x9CFF, 0x9CFF, 0x9CFF, 0x9CFF, 
    0x9CFF, 0x9CFF, 0x9CFF, 0x9CFF, 0x9CFF, 0x9CFF, 0x9CFF, 0x9CFF, 0x9CFF, 0x9CFF, 0x9CFF, 0x9CFF, 
    0x9CFF, 0x9CFF, 0x9CFF, 0x9CFF, 0x9CFF, 0x9CFF, 0x9CFF, 0x9CFF, 0x9CFF, 0x9CFF, 0x9CFF, 0x9CFF, 
    0x9CFF, 0x9CFF, 0x9CFF, 0x9CFF, 0x9CFF, 0x9CFF, 0x9CFF, 0x9CFF, 0x9CFF, 0x9CFF, 0x9CFF, 0x9CFF, 
    0x9CFF, 0x9CFF, 0x9CFF, 0x9CFF, 0x9CFF, 0x9CFF, 0x9CFF, 0x9CFF, 0x9CFF, 0x9CFF, 0x9CFF, 0x9CFF, 
    0x9CFF, 0x9CFF, 0x9CFF, 0x9CFF, 0x9CFF, 0x9CFF, 0x9CFF, 0x9CFF, 0x9CFF, 0x9CFF, 0x9CFF, 0x9CFF, 
    0x9CFF, 0x9CFF, 0x9CFF, 0x9CFF, 0x9CFF, 0x9CFF, 0x9CFF, 0x9CFF, 0x9CFF, 0x9CFF, 0x9CFF, 0x9CFF, 
    0x9CFF, 0x9CFF, 0x9CFF, 0x9CFF, 0x9CFF, 0x9CFF, 0x9CFF, 0x9CFF, 0x9CFF, 0x9CFF, 0x9CFF, 0x9CFF, 
    0x9CFF, 0x9CFF, 0x9CFF, 0x9CFF, 0x9CFF, 0x9CFF, 0x9CFF, 0x9CFF, 0x9CFF, 0x9CFF, 0x9CFF, 0x9CFF, 
    0x9CFF, 0x9CFF, 0x9CFF, 0x9CFF, 0x9CFF, 0x9CFF, 0x9CFF, 0x9CFF, 0x9CFF, 0x9CFF, 0x9CFF, 0x9CFF, 
    0x9CFF, 0x9CFF, 0x9CFF, 0x9CFF, 0x9CFF, 0x9CFF, 0x9CFF, 0x9CFF, 0x9CFF, 0x9CFF, 0x9CFF, 0x9CFF, 
    0x9CFF, 0x9CFF, 0x9CFF, 0x9CFF, 0x9CFF, 0x7BFF, 0xDDFF, 0x53C5, 0xB5D5, 0xDBFE, 0x9AFE, 0xBAFE, 
    0xBAFE, 0xBAFE, 0xBAFE, 0xBAFE, 0xBAFE, 0xBAFE, 0xBAFE, 0xBAFE, 0xBAFE, 0xBAFE, 0xBAFE, 0xBAFE, 
    0xBAFE, 0xBAFE, 0xBAFE, 0xBAFE, 0xBAFE, 0xBAFE, 0xBAFE, 0xBAFE, 0xBAFE, 0xBAFE, 0xBAFE, 0xBAFE, 
    0xBAFE, 0xBAFE, 0xBAFE, 0xBAFE, 0xBAFE, 0xBAFE, 0xBAFE, 0xBAFE, 0xBAFE, 0xBAFE, 0xBAFE, 0xBAFE, 
    0xBAFE, 0x9BFE, 0xBBFE, 0xBAFE, 0xDBFE, 0x97B5, 0xD574, 0x9CAE, 0x1DBF, 0x1DB7, 0xFDBE, 0xFDBE, 
    0xFDBE, 0xFDBE, 0xFDBE, 0xFDBE, 0xFDBE, 0xFDBE, 0xFDBE, 0xFDBE, 0xFDBE, 0xFDBE, 0xFDBE, 0xFDBE, 
    0xFDBE, 0xFDBE, 0xFDBE, 0xFDBE, 0xFDBE, 0xFDBE, 0xFDBE, 0xFDBE, 
    0x9BAE, 0x1DBF, 0xFDBE, 0xFDBE, 
    0xFDBE, 0xFDBE, 0xFDBE, 0xFDBE, 0xFDBE, 0xFDBE, 0xFDBE, 0xFDBE, 0xFDBE, 0xFDBE, 0xFDBE, 0xFDBE, 
    0xFDBE, 0xFDBE, 0xFDBE, 0xFDBE, 0xFDB6, 0xFDBE, 0xFDBE, 0xFDBE, 0x1DBF, 0xB98D, 0x168D, 0xBAFE, 
    0xBBFE, 0xBBFE, 0xBAFE, 0xBAFE, 0xBAFE, 0xBAFE, 0xBAFE, 0xBAFE, 0xBAFE, 0xBAFE, 0xBAFE, 0xBAFE, 
    0xBAFE, 0xBAFE, 0xBAFE, 0xBAFE, 0xBAFE, 0xBAFE, 0xBAFE, 0xBAFE, 0xBAFE, 0xBAFE, 0xBAFE, 0xBAFE, 
    0xBAFE, 0xBAFE, 0xBAFE, 0xBAFE, 0xBAFE, 0xBAFE, 0xBAFE, 0xBAFE, 0xBAFE, 0xBAFE, 0xBAFE, 0xBAFE, 
    0xBAFE, 0xBAFE, 0xBAFE, 0xBAFE, 0x9AFE, 0xFCFE, 0x54CD, 0xF6D5, 0xDDFF, 0x7CFF, 0x9CFF, 0x9CFF, 
    0x9CFF, 0x9CFF, 0x9CFF, 0x9CFF, 0x9CFF, 0x9CFF, 0x9CFF, 0x9CFF, 0x9CFF, 0x9CFF, 0x9CFF, 0x9CFF, 
    0x9CFF, 0x9CFF, 0x9CFF, 0x9CFF, 0x9CFF, 0x9CFF, 0x9CFF, 0x9CFF, 0x9CFF, 0x9CFF, 0x9CFF, 0x9CFF, 
    0x9CFF, 0x9CFF, 0x9CFF, 0x9CFF, 0x9CFF, 0x9CFF, 0x9CFF, 0x9CFF, 0x9CFF, 0x9CFF, 0x9CFF, 0x9CFF, 
    0x9CFF, 0x9CFF, 0x9CFF, 0x9CFF, 0x9CFF, 0x9CFF, 0x9CFF, 0x9CFF, 0x9CFF, 0x9CFF, 0x9CFF, 0x9CFF, 
    0x9CFF, 0x9CFF, 0x9CFF, 0x9CFF, 0x9CFF, 0x9CFF, 0x9CFF, 0x9CFF, 0x9CFF, 0x9CFF, 0x9CFF, 0x9CFF, 
    0x9CFF, 0x9CFF, 0x9CFF, 0x9CFF, 0x9CFF, 0x9CFF, 0x9CFF, 0x9CFF, 0x9CFF, 0x9CFF, 0x9CFF, 0x9CFF, 
    0x9CFF, 0x9CFF, 0x9CFF, 0x9CFF, 0x9CFF, 0x9CFF, 0x9CFF, 0x9CFF, 0x9CFF, 0x9CFF, 0x9CFF, 0x9CFF, 
    0x9CFF, 0x9CFF, 0x9CFF, 0x9CFF, 0x9CFF, 0x9CFF, 0x9CFF, 0x9CFF, 0x9CFF, 0x9CFF, 0x9CFF, 0x9CFF, 
    0x9CFF, 0x9CFF, 0x9CFF, 0x9CFF, 0x9CFF, 0x9CFF, 0x9CFF, 0x9CFF, 0x9CFF, 0x9CFF, 0x9CFF, 0x9CFF, 
    0x9CFF, 0x9CFF, 0x9CFF, 0x9CFF, 0x9CFF, 0x9CFF, 0x9CFF, 0x9CFF, 0x9CFF, 0x9CFF, 0x9CFF, 0x9CFF, 
    0x9CFF, 0x9CFF, 0x9CFF, 0x9CFF, 0x9CFF, 0x9CFF, 0x9CFF, 0x9CFF, 0x9CFF, 0x9CFF, 0x9CFF, 0x9CFF, 
    0x9CFF, 0x7BFF, 0xDDFF, 0x53C5, 0xB5D5, 0xDBFE, 0x9AFE, 0xBAFE, 0xBAFE, 0xBAFE, 0xBAFE, 0xBAFE, 
    0xBAFE, 0xBAFE, 0xBAFE, 0xBAFE, 0xBAFE, 0xBAFE, 0xBAFE, 0xBAFE, 0xBAFE, 0xBAFE, 0xBAFE, 0xBAFE, 
    0xBAFE, 0xBAFE, 0xBAFE, 0xBAFE, 0xBAFE, 0xBAFE, 0xBAFE, 0xBAFE, 0xBAFE, 0xBAFE, 0xBAFE, 0xBAFE, 
    0xBAFE, 0xBAFE, 0xBAFE, 0xBAFE, 0xBAFE, 0xBAFE, 0xBAFE, 0xBAFE, 0xBAFE, 0x9BFE, 0xBBFE, 0xBAFE, 
    0xDBFE, 0x97B5, 0xD574, 0x9CAE, 0x1DBF, 0x1DB7, 0xFDBE, 0xFDBE, 0xFDBE, 0xFDBE, 0xFDBE, 0xFDBE, 
    0xFDBE, 0xFDBE, 0xFDBE, 0xFDBE, 0xFDBE, 0xFDBE, 0xFDBE, 0xFDBE, 0xFDBE, 0xFDBE, 0xFDBE, 0xFDBE, 
    0xFDBE, 0xFDBE, 0xFDBE, 0xFDBE, 
    0x9BAE, 0x1DBF, 0xFDBE, 0xFDBE, 0xFDBE, 0xFDBE, 0xFDBE, 0xFDBE, 
    0xFDBE, 0xFDBE, 0xFDBE, 0xFDBE, 0xFDBE, 0xFDBE, 0xFDBE, 0xFDBE, 0xFDBE, 0xFDBE, 0xFDBE, 0xFDBE, 
    0xFDB6, 0xFDBE, 0xFDBE, 0xFDBE, 0x1DBF, 0xB98D, 0x168D, 0xBAFE, 0xBBFE, 0xBBFE, 0xBAFE, 0xBAFE, 
    0xBAFE, 0xBAFE, 0xBAFE, 0xBAFE, 0xBAFE, 0xBAFE, 0xBAFE, 0xBAFE, 0xBAFE, 0xBAFE, 0xBAFE, 0xBAFE, 
    0xBAFE, 0xBAFE, 0xBAFE, 0xBAFE, 0xBAFE, 0xBAFE, 0xBAFE, 0xBAFE, 0xBAFE, 0xBAFE, 0xBAFE, 0xBAFE, 
    0xBAFE, 0xBAFE, 0xBAFE, 0xBAFE, 0xBAFE, 0xBAFE, 0xBAFE, 0xBAFE, 0xBAFE, 0xBAFE, 0xBAFE, 0xBAFE, 
    0x9AFE, 0xFCFE, 0x54CD, 0xF6D5, 0xDDFF, 0x7CFF, 0x9CFF, 0x9CFF, 0x9CFF, 0x9CFF, 0x9CFF, 0x9CFF, 
    0x9CFF, 0x9CFF, 0x9CFF, 0x9CFF, 0x9CFF, 0x9CFF, 0x9CFF, 0x9CFF, 0x9CFF, 0x9CFF, 0x9CFF, 0x9CFF, 
    0x9CFF, 0x9CFF, 0x9CFF, 0x9CFF, 0x9CFF, 0x9CFF, 0x9CFF, 0x9CFF, 0x9CFF, 0x9CFF, 0x9CFF, 0x9CFF, 
    0x9CFF, 0x9CFF, 0x9CFF, 0x9CFF, 0x9CFF, 0x9CFF, 0x9CFF, 0x9CFF, 0x9CFF, 0x9CFF, 0x9CFF, 0x9CFF, 
    0x9CFF, 0x9CFF, 0x9CFF, 0x9CFF, 0x9CFF, 0x9CFF, 0x9CFF, 0x9CFF, 0x9CFF, 0x9CFF, 0x9CFF, 0x9CFF, 
    0x9CFF, 0x9CFF, 0x9CFF, 0x9CFF, 0x9CFF, 0x9CFF, 0x9CFF, 0x9CFF, 0x9CFF, 0x9CFF, 0x9CFF, 0x9CFF, 
    0x9CFF, 0x9CFF, 0x9CFF, 0x9CFF, 0x9CFF, 0x9CFF, 0x9CFF, 0x9CFF, 0x9CFF, 0x9CFF, 0x9CFF, 0x9CFF, 
    0x9CFF, 0x9CFF, 0x9CFF, 0x9CFF, 0x9CFF, 0x9CFF, 0x9CFF, 0x9CFF, 0x9CFF, 0x9CFF, 0x9CFF, 0x9CFF, 
    0x9CFF, 0x9CFF, 0x9CFF, 0x9CFF, 0x9CFF, 0x9CFF, 0x9CFF, 0x9CFF, 0x9CFF, 0x9CFF, 0x9CFF, 0x9CFF, 
    0x9CFF, 0x9CFF, 0x9CFF, 0x9CFF, 0x9CFF, 0x9CFF, 0x9CFF, 0x9CFF, 0x9CFF, 0x9CFF, 0x9CFF, 0x9CFF, 
    0x9CFF, 0x9CFF, 0x9CFF, 0x9CFF, 0x9CFF, 0x9CFF, 0x9CFF, 0x9CFF, 0x9CFF, 0x9CFF, 0x9CFF, 0x9CFF, 
    0x9CFF, 0x9CFF, 0x9CFF, 0x9CFF, 0x9CFF, 0x9CFF, 0x9CFF, 0x9CFF, 0x9CFF, 0x7BFF, 0xDDFF, 0x53C5, 
    0xB5D5, 0xDBFE, 0x9AFE, 0xBAFE, 0xBAFE, 0xBAFE, 0xBAFE, 0xBAFE, 0xBAFE, 0xBAFE, 0xBAFE, 0xBAFE, 
    0xBAFE, 0xBAFE, 0xBAFE, 0xBAFE, 0xBAFE, 0xBAFE, 0xBAFE, 0xBAFE, 0xBAFE, 0xBAFE, 0xBAFE, 0xBAFE, 
    0xBAFE, 0xBAFE, 0xBAFE, 0xBAFE, 0xBAFE, 0xBAFE, 0xBAFE, 0xBAFE, 0xBAFE, 0xBAFE, 0xBAFE, 0xBAFE, 
    0xBAFE, 0xBAFE, 0xBAFE, 0xBAFE, 0xBAFE, 0x9BFE, 0xBBFE, 0xBAFE, 0xDBFE, 0x97B5, 0xD574, 0x9CAE, 
    0x1DBF, 0x1DB7, 0xFDBE, 0xFDBE, 0xFDBE, 0xFDBE, 0xFDBE, 0xFDBE, 0xFDBE, 0xFDBE, 0xFDBE, 0xFDBE, 
    0xFDBE, 0xFDBE, 0xFDBE, 0xFDBE, 0xFDBE, 0xFDBE, 0xFDBE, 0xFDBE, 0xFDBE, 0xFDBE, 0xFDBE, 0xFDBE, 
    
    0x9BAE, 0x1DBF, 0xFDBE, 0xFDBE, 0xFDBE, 0xFDBE, 0xFDBE, 0xFDBE, 0xFDBE, 0xFDBE, 0xFDBE, 0xFDBE, 
    0xFDBE, 0xFDBE, 0xFDBE, 0xFDBE, 0xFDBE, 0xFDBE, 0xFDBE, 0xFDBE, 0xFDB6, 0xFDBE, 0xFDBE, 0xFDBE, 
    0x1DBF, 0xB98D, 0x168D, 0xBAFE, 0xBBFE, 0xBBFE, 0xBAFE, 0xBAFE, 0xBAFE, 0xBAFE, 0xBAFE, 0xBAFE, 
    0xBAFE, 0xBAFE, 0xBAFE, 0xBAFE, 0xBAFE, 0xBAFE, 0xBAFE, 0xBAFE, 0xBAFE, 0xBAFE, 0xBAFE, 0xBAFE, 
    0xBAFE, 0xBAFE, 0xBAFE, 0xBAFE, 0xBAFE, 0xBAFE, 0xBAFE, 0xBAFE, 0xBAFE, 0xBAFE, 0xBAFE, 0xBAFE, 
    0xBAFE, 0xBAFE, 0xBAFE, 0xBAFE, 0xBAFE, 0xBAFE, 0xBAFE, 0xBAFE, 0x9AFE, 0xFCFE, 0x54CD, 0xF6D5, 
    0xDDFF, 0x7CFF, 0x9CFF, 0x9CFF, 0x9CFF, 0x9CFF, 0x9CFF, 0x9CFF, 0x9CFF, 0x9CFF, 0x9CFF, 0x9CFF, 
    0x9CFF, 0x9CFF, 0x9CFF, 0x9CFF, 0x9CFF, 0x9CFF, 0x9CFF, 0x9CFF, 0x9CFF, 0x9CFF, 0x9CFF, 0x9CFF, 
    0x9CFF, 0x9CFF, 0x9CFF, 0x9CFF, 0x9CFF, 0x9CFF, 0x9CFF, 0x9CFF, 0x9CFF, 0x9CFF, 0x9CFF, 0x9CFF, 
    0x9CFF, 0x9CFF, 0x9CFF, 0x9CFF, 0x9CFF, 0x9CFF, 0x9CFF, 0x9CFF, 0x9CFF, 0x9CFF, 0x9CFF, 0x9CFF, 
    0x9CFF, 0x9CFF, 0x9CFF, 0x9CFF, 0x9CFF, 0x9CFF, 0x9CFF, 0x9CFF, 0x9CFF, 0x9CFF, 0x9CFF, 0x9CFF, 
    0x9CFF, 0x9CFF, 0x9CFF, 0x9CFF, 0x9CFF, 0x9CFF, 0x9CFF, 0x9CFF, 0x9CFF, 0x9CFF, 0x9CFF, 0x9CFF, 
    0x9CFF, 0x9CFF, 0x9CFF, 0x9CFF, 0x9CFF, 0x9CFF, 0x9CFF, 0x9CFF, 0x9CFF, 0x9CFF, 0x9CFF, 0x9CFF, 
    0x9CFF, 0x9CFF, 0x9CFF, 0x9CFF, 0x9CFF, 0x9CFF, 0x9CFF, 0x9CFF, 0x9CFF, 0x9CFF, 0x9CFF, 0x9CFF, 
    0x9CFF, 0x9CFF, 0x9CFF, 0x9CFF, 0x9CFF, 0x9CFF, 0x9CFF, 0x9CFF, 0x9CFF, 0x9CFF, 0x9CFF, 0x9CFF, 
    0x9CFF, 0x9CFF, 0x9CFF, 0x9CFF, 0x9CFF, 0x9CFF, 0x9CFF, 0x9CFF, 0x9CFF, 0x9CFF, 0x9CFF, 0x9CFF, 
    0x9CFF, 0x9CFF, 0x9CFF, 0x9CFF, 0x9CFF, 0x9CFF, 0x9CFF, 0x9CFF, 0x9CFF, 0x9CFF, 0x9CFF, 0x9CFF, 
    0x9CFF, 0x9CFF, 0x9CFF, 0x9CFF, 0x9CFF, 0x7BFF, 0xDDFF, 0x53C5, 0xB5D5, 0xDBFE, 0x9AFE, 0xBAFE, 
    0xBAFE, 0xBAFE, 0xBAFE, 0xBAFE, 0xBAFE, 0xBAFE, 0xBAFE, 0xBAFE, 0xBAFE, 0xBAFE, 0xBAFE, 0xBAFE, 
    0xBAFE, 0xBAFE, 0xBAFE, 0xBAFE, 0xBAFE, 0xBAFE, 0xBAFE, 0xBAFE, 0xBAFE, 0xBAFE, 0xBAFE, 0xBAFE, 
    0xBAFE, 0xBAFE, 0xBAFE, 0xBAFE, 0xBAFE, 0xBAFE, 0xBAFE, 0xBAFE, 0xBAFE, 0xBAFE, 0xBAFE, 0xBAFE, 
    0xBAFE, 0x9BFE, 0xBBFE, 0xBAFE, 0xDBFE, 0x97B5, 0xD574, 0x9CAE, 0x1DBF, 0x1DB7, 0xFDBE, 0xFDBE, 
    0xFDBE, 0xFDBE, 0xFDBE, 0xFDBE, 0xFDBE, 0xFDBE, 0xFDBE, 0xFDBE, 0xFDBE, 0xFDBE, 0xFDBE, 0xFDBE, 
    0xFDBE, 0xFDBE, 0xFDBE, 0xFDBE, 0xFDBE, 0xFDBE, 0xFDBE, 0xFDBE, 
    0x9BAE, 0x1DBF, 0xFDBE, 0xFDBE, 
    0xFDBE, 0xFDBE, 0xFDBE, 0xFDBE, 0xFDBE, 0xFDBE, 0xFDBE, 0xFDBE, 0xFDBE, 0xFDBE, 0xFDBE, 0xFDBE, 
    0xFDBE, 0xFDBE, 0xFDBE, 0xFDBE, 0xFDB6, 0xFDBE, 0xFDBE, 0xFDBE, 0x1DBF, 0xB98D, 0x168D, 0xBAFE, 
    0xBBFE, 0xBBFE, 0xBAFE, 0xBAFE, 0xBAFE, 0xBAFE, 0xBAFE, 0xBAFE, 0xBAFE, 0xBAFE, 0xBAFE, 0xBAFE, 
    0xBAFE, 0xBAFE, 0xBAFE, 0xBAFE, 0xBAFE, 0xBAFE, 0xBAFE, 0xBAFE, 0xBAFE, 0xBAFE, 0xBAFE, 0xBAFE, 
    0xBAFE, 0xBAFE, 0xBAFE, 0xBAFE, 0xBAFE, 0xBAFE, 0xBAFE, 0xBAFE, 0xBAFE, 0xBAFE, 0xBAFE, 0xBAFE, 
    0xBAFE, 0xBAFE, 0xBAFE, 0xBAFE, 0x9AFE, 0xFCFE, 0x54CD, 0xF6D5, 0xDDFF, 0x7CFF, 0x9CFF, 0x9CFF, 
    0x9CFF, 0x9CFF, 0x9CFF, 0x9CFF, 0x9CFF, 0x9CFF, 0x9CFF, 0x9CFF, 0x9CFF, 0x9CFF, 0x9CFF, 0x9CFF, 
    0x9CFF, 0x9CFF, 0x9CFF, 0x9CFF, 0x9CFF, 0x9CFF, 0x9CFF, 0x9CFF, 0x9CFF, 0x9CFF, 0x9CFF, 0x9CFF, 
    0x9CFF, 0x9CFF, 0x9CFF, 0x9CFF, 0x9CFF, 0x9CFF, 0x9CFF, 0x9CFF, 0x9CFF, 0x9CFF, 0x9CFF, 0x9CFF, 
    0x9CFF, 0x9CFF, 0x9CFF, 0x9CFF, 0x9CFF, 0x9CFF, 0x9CFF, 0x9CFF, 0x9CFF, 0x9CFF, 0x9CFF, 0x9CFF, 
    0x9CFF, 0x9CFF, 0x9CFF, 0x9CFF, 0x9CFF, 0x9CFF, 0x9CFF, 0x9CFF, 0x9CFF, 0x9CFF, 0x9CFF, 0x9CFF, 
    0x9CFF, 0x9CFF, 0x9CFF, 0x9CFF, 0x9CFF, 0x9CFF, 0x9CFF, 0x9CFF, 0x9CFF, 0x9CFF, 0x9CFF, 0x9CFF, 
    0x9CFF, 0x9CFF, 0x9CFF, 0x9CFF, 0x9CFF, 0x9CFF, 0x9CFF, 0x9CFF, 0x9CFF, 0x9CFF, 0x9CFF, 0x9CFF, 
    0x9CFF, 0x9CFF, 0x9CFF, 0x9CFF, 0x9CFF, 0x9CFF, 0x9CFF, 0x9CFF, 0x9CFF, 0x9CFF, 0x9CFF, 0x9CFF, 
    0x9CFF, 0x9CFF, 0x9CFF, 0x9CFF, 0x9CFF, 0x9CFF, 0x9CFF, 0x9CFF, 0x9CFF, 0x9CFF, 0x9CFF, 0x9CFF, 
    0x9CFF, 0x9CFF, 0x9CFF, 0x9CFF, 0x9CFF, 0x9CFF, 0x9CFF, 0x9CFF, 0x9CFF, 0x9CFF, 0x9CFF, 0x9CFF, 
    0x9CFF, 0x9CFF, 0x9CFF, 0x9CFF, 0x9CFF, 0x9CFF, 0x9CFF, 0x9CFF, 0x9CFF, 0x9CFF, 0x9CFF, 0x9CFF, 
    0x9CFF, 0x7BFF, 0xDDFF, 0x53C5, 0xB5D5, 0xDBFE, 0x9AFE, 0xBAFE, 0xBAFE, 0xBAFE, 0xBAFE, 0xBAFE, 
    0xBAFE, 0xBAFE, 0xBAFE, 0xBAFE, 0xBAFE, 0xBAFE, 0xBAFE, 0xBAFE, 0xBAFE, 0xBAFE, 0xBAFE, 0xBAFE, 
    0xBAFE, 0xBAFE, 0xBAFE, 0xBAFE, 0xBAFE, 0xBAFE, 0xBAFE, 0xBAFE, 0xBAFE, 0xBAFE, 0xBAFE, 0xBAFE, 
    0xBAFE, 0xBAFE, 0xBAFE, 0xBAFE, 0xBAFE, 0xBAFE, 0xBAFE, 0xBAFE, 0xBAFE, 0x9BFE, 0xBBFE, 0xBAFE, 
    0xDBFE, 0x97B5, 0xD574, 0x9CAE, 0x1DBF, 0x1DB7, 0xFDBE, 0xFDBE, 0xFDBE, 0xFDBE, 0xFDBE, 0xFDBE, 
    0xFDBE, 0xFDBE, 0xFDBE, 0xFDBE, 0xFDBE, 0xFDBE, 0xFDBE, 0xFDBE, 0xFDBE, 0xFDBE, 0xFDBE, 0xFDBE, 
    0xFDBE, 0xFDBE, 0xFDBE, 0xFDBE, 
    0x9BAE, 0x1DBF, 0xFDBE, 0xFDBE, 0xFDBE, 0xFDBE, 0xFDBE, 0xFDBE, 
    0xFDBE, 0xFDBE, 0xFDBE, 0xFDBE, 0xFDBE, 0xFDBE, 0xFDBE, 0xFDBE, 0xFDBE, 0xFDBE, 0xFDBE, 0xFDBE, 
    0xFEBE, 0xFDBE, 0xFDBE, 0xFDB6, 0x1DBF, 0xB88D, 0x168D, 0xBAFE, 0x9BFE, 0xBBFE, 0xBBFE, 0xBBFE, 
    0xBBFE, 0xBBFE, 0xBBFE, 0xBBFE, 0xBBFE, 0xBBFE, 0xBBFE, 0xBBFE, 0xBBFE, 0xBBFE, 0xBBFE, 0xBBFE, 
    0xBBFE, 0xBBFE, 0xBBFE, 0xBBFE, 0xBBFE, 0xBBFE, 0xBBFE, 0xBBFE, 0xBBFE, 0xBBFE, 0xBBFE, 0xBBFE, 
    0xBBFE, 0xBBFE, 0xBBFE, 0xBBFE, 0xBBFE, 0xBBFE, 0xBBFE, 0xBBFE, 0xBBFE, 0xBBFE, 0xBBFE, 0xBBFE, 
    0x9AFE, 0xFBFE, 0x54CD, 0xF6D5, 0xDDFF, 0x7CFF, 0x9CFF, 0x9CFF, 0x9CFF, 0x9CFF, 0x9CFF, 0x9CFF, 
    0x9CFF, 0x9CFF, 0x9CFF, 0x9CFF, 0x9CFF, 0x9CFF, 0x9CFF, 0x9CFF, 0x9CFF, 0x9CFF, 0x9CFF, 0x9CFF, 
    0x9CFF, 0x9CFF, 0x9CFF, 0x9CFF, 0x9CFF, 0x9CFF, 0x9CFF, 0x9CFF, 0x9CFF, 0x9CFF, 0x9CFF, 0x9CFF, 
    0x9CFF, 0x9CFF, 0x9CFF, 0x9CFF, 0x9CFF, 0x9CFF, 0x9CFF, 0x9CFF, 0x9CFF, 0x9CFF, 0x9CFF, 0x9CFF, 
    0x9CFF, 0x9CFF, 0x9CFF, 0x9CFF, 0x9CFF, 0x9CFF, 0x9CFF, 0x9CFF, 0x9CFF, 0x9CFF, 0x9CFF, 0x9CFF, 
    0x9CFF, 0x9CFF, 0x9CFF, 0x9CFF, 0x9CFF, 0x9CFF, 0x9CFF, 0x9CFF, 0x9CFF, 0x9CFF, 0x9CFF, 0x9CFF, 
    0x9CFF, 0x9CFF, 0x9CFF, 0x9CFF, 0x9CFF, 0x9CFF, 0x9CFF, 0x9CFF, 0x9CFF, 0x9CFF, 0x9CFF, 0x9CFF, 
    0x9CFF, 0x9CFF, 0x9CFF, 0x9CFF, 0x9CFF, 0x9CFF, 0x9CFF, 0x9CFF, 0x9CFF, 0x9CFF, 0x9CFF, 0x9CFF, 
    0x9CFF, 0x9CFF, 0x9CFF, 0x9CFF, 0x9CFF, 0x9CFF, 0x9CFF, 0x9CFF, 0x9CFF, 0x9CFF, 0x9CFF, 0x9CFF, 
    0x9CFF, 0x9CFF, 0x9CFF, 0x9CFF, 0x9CFF, 0x9CFF, 0x9CFF, 0x9CFF, 0x9CFF, 0x9CFF, 0x9CFF, 0x9CFF, 
    0x9CFF, 0x9CFF, 0x9CFF, 0x9CFF, 0x9CFF, 0x9CFF, 0x9CFF, 0x9CFF, 0x9CFF, 0x9CFF, 0x9CFF, 0x9CFF, 
    0x9CFF, 0x9CFF, 0x9CFF, 0x9CFF, 0x9CFF, 0x9CFF, 0x9CFF, 0x9CFF, 0x9CFF, 0x9BFF, 0xFDFF, 0x53C5, 
    0xB5D5, 0xDBFE, 0x9AFE, 0xBBFE, 0xBBFE, 0xBBFE, 0xBBFE, 0xBBFE, 0xBBFE, 0xBBFE, 0xBBFE, 0xBBFE, 
    0xBBFE, 0xBBFE, 0xBBFE, 0xBBFE, 0xBBFE, 0xBBFE, 0xBBFE, 0xBBFE, 0xBBFE, 0xBBFE, 0xBBFE, 0xBBFE, 
    0xBBFE, 0xBBFE, 0xBBFE, 0xBBFE, 0xBBFE, 0xBBFE, 0xBBFE, 0xBBFE, 0xBBFE, 0xBBFE, 0xBBFE, 0xBBFE, 
    0xBBFE, 0xBBFE, 0xBBFE, 0xBBFE, 0xBBFE, 0xBBFE, 0xBAFE, 0xB9FE, 0xDBFE, 0x97B5, 0xD474, 0x9CAE, 
    0x1DBF, 0x1DB7, 0xFDBE, 0xFDBE, 0xFDBE, 0xFDBE, 0xFDBE, 0xFDBE, 0xFDBE, 0xFDBE, 0xFDBE, 0xFDBE, 
    0xFDBE, 0xFDBE, 0xFDBE, 0xFDBE, 0xFDBE, 0xFDBE, 0xFDBE, 0xFDBE, 0xFDBE, 0xFDBE, 0xFDBE, 0xFDBE, 
    
    0x9BAE, 0x1DBF, 0xFDBE, 0xFDBE, 0xFDBE, 0xFDBE, 0xFDBE, 0xFDBE, 0xFDBE, 0xFDBE, 0xFDBE, 0xFDBE, 
    0xFDBE, 0xFDBE, 0xFDBE, 0xFDBE, 0xFDBE, 0xFDBE, 0xFDBE, 0xFDBE, 0xFDBE, 0xFDBE, 0xFDBE, 0xFDB6, 
    0x1DBF, 0xB88D, 0x168D, 0xBAFE, 0x9BFE, 0xBBFE, 0xBAFE, 0xBBFE, 0xBBFE, 0xBBFE, 0xBBFE, 0xBBFE, 
    0xBBFE, 0xBBFE, 0xBBFE, 0xBBFE, 0xBBFE, 0xBBFE, 0xBBFE, 0xBBFE, 0xBBFE, 0xBBFE, 0xBBFE, 0xBBFE, 
    0xBBFE, 0xBBFE, 0xBBFE, 0xBBFE, 0xBBFE, 0xBBFE, 0xBBFE, 0xBBFE, 0xBBFE, 0xBBFE, 0xBBFE, 0xBBFE, 
    0xBBFE, 0xBBFE, 0xBBFE, 0xBBFE, 0xBBFE, 0xBBFE, 0xBBFE, 0xBBFE, 0x9AFE, 0xFBFE, 0x54CD, 0xF6D5, 
    0xDDFF, 0x9CFF, 0x9CFF, 0x9CFF, 0x9CFF, 0x9CFF, 0x9CFF, 0x9CFF, 0x9CFF, 0x9CFF, 0x9CFF, 0x9CFF, 
    0x9CFF, 0x9CFF, 0x9CFF, 0x9CFF, 0x9CFF, 0x9CFF, 0x9CFF, 0x9CFF, 0x9CFF, 0x9CFF, 0x9CFF, 0x9CFF, 
    0x9CFF, 0x9CFF, 0x9CFF, 0x9CFF, 0x9CFF, 0x9CFF, 0x9CFF, 0x9CFF, 0x9CFF, 0x9CFF, 0x9CFF, 0x9CFF, 
    0x9CFF, 0x9CFF, 0x9CFF, 0x9CFF, 0x9CFF, 0x9CFF, 0x9CFF, 0x9CFF, 0x9CFF, 0x9CFF, 0x9CFF, 0x9CFF, 
    0x9CFF, 0x9CFF, 0x9CFF, 0x9CFF, 0x9CFF, 0x9CFF, 0x9CFF, 0x9CFF, 0x9CFF, 0x9CFF, 0x9CFF, 0x9CFF, 
    0x9CFF, 0x9CFF, 0x9CFF, 0x9CFF, 0x9CFF, 0x9CFF, 0x9CFF, 0x9CFF, 0x9CFF, 0x9CFF, 0x9CFF, 0x9CFF, 
    0x9CFF, 0x9CFF, 0x9CFF, 0x9CFF, 0x9CFF, 0x9CFF, 0x9CFF, 0x9CFF, 0x9CFF, 0x9CFF, 0x9CFF, 0x9CFF, 
    0x9CFF, 0x9CFF, 0x9CFF, 0x9CFF, 0x9CFF, 0x9CFF, 0x9CFF, 0x9CFF, 0x9CFF, 0x9CFF, 0x9CFF, 0x9CFF, 
    0x9CFF, 0x9CFF, 0x9CFF, 0x9CFF, 0x9CFF, 0x9CFF, 0x9CFF, 0x9CFF, 0x9CFF, 0x9CFF, 0x9CFF, 0x9CFF, 
    0x9CFF, 0x9CFF, 0x9CFF, 0x9CFF, 0x9CFF, 0x9CFF, 0x9CFF, 0x9CFF, 0x9CFF, 0x9CFF, 0x9CFF, 0x9CFF, 
    0x9CFF, 0x9CFF, 0x9CFF, 0x9CFF, 0x9CFF, 0x9CFF, 0x9CFF, 0x9CFF, 0x9CFF, 0x9CFF, 0x9CFF, 0x9CFF, 
    0x9CFF, 0x9CFF, 0x9CFF, 0x9CFF, 0x9CFF, 0x7BFF, 0xDDFF, 0x53C5, 0x95D5, 0xDBFE, 0x9AFE, 0xBBFE, 
    0xBBFE, 0xBBFE, 0xBBFE, 0xBBFE, 0xBBFE, 0xBBFE, 0xBBFE, 0xBBFE, 0xBBFE, 0xBBFE, 0xBBFE, 0xBBFE, 
    0xBBFE, 0xBBFE, 0xBBFE, 0xBBFE, 0xBBFE, 0xBBFE, 0xBBFE, 0xBBFE, 0xBBFE, 0xBBFE, 0xBBFE, 0xBBFE, 
    0xBBFE, 0xBBFE, 0xBBFE, 0xBBFE, 0xBBFE, 0xBBFE, 0xBBFE, 0xBBFE, 0xBBFE, 0xBBFE, 0xBBFE, 0xBBFE, 
    0xBBFE, 0xBBFE, 0xBAFE, 0xB9FE, 0xDBFE, 0x97B5, 0xD474, 0x9CAE, 0x1DBF, 0x1DB7, 0xFDBE, 0xFDBE, 
    0xFDBE, 0xFDBE, 0xFDBE, 0xFDBE, 0xFDBE, 0xFDBE, 0xFDBE, 0xFDBE, 0xFDBE, 0xFDBE, 0xFDBE, 0xFDBE, 
    0xFDBE, 0xFDBE, 0xFDBE, 0xFDBE, 0xFDBE, 0xFDBE, 0xFDBE, 0xFDBE, 
    0x9BAE, 0x1DBF, 0xFDBE, 0xFDBE, 
    0xFDBE, 0xFDBE, 0xFDBE, 0xFDBE, 0xFDBE, 0xFDBE, 0xFDBE, 0xFDBE, 0xFDBE, 0xFDBE, 0xFDBE, 0xFDBE, 
    0xFDBE, 0xFDBE, 0xFDBE, 0xFDBE, 0xFDBE, 0xFDBE, 0xFDBE, 0x1DB7, 0x1DBF, 0xB98D, 0x168D, 0xBAFE, 
    0x9BFE, 0xBBFE, 0xBAFE, 0xBAFE, 0xBAFE, 0xBAFE, 0xBAFE, 0xBAFE, 0xBAFE, 0xBAFE, 0xBAFE, 0xBAFE, 
    0xBAFE, 0xBAFE, 0xBAFE, 0xBAFE, 0xBAFE, 0xBAFE, 0xBAFE, 0xBAFE, 0xBAFE, 0xBAFE, 0xBAFE, 0xBAFE, 
    0xBAFE, 0xBAFE, 0xBAFE, 0xBAFE, 0xBAFE, 0xBAFE, 0xBAFE, 0xBAFE, 0xBAFE, 0xBAFE, 0xBAFE, 0xBAFE, 
    0xBAFE, 0xBAFE, 0xBAFE, 0xBAFE, 0x9BFE, 0xFCFE, 0x54CD, 0xF6D5, 0xDDFF, 0x7CFF, 0x9CFF, 0x9CFF, 
    0x9CFF, 0x9CFF, 0x9CFF, 0x9CFF, 0x9CFF, 0x9CFF, 0x9CFF, 0x9CFF, 0x9CFF, 0x9CFF, 0x9CFF, 0x9CFF, 
    0x9CFF, 0x9CFF, 0x9CFF, 0x9CFF, 0x9CFF, 0x9CFF, 0x9CFF, 0x9CFF, 0x9CFF, 0x9CFF, 0x9CFF, 0x9CFF, 
    0x9CFF, 0x9CFF, 0x9CFF, 0x9CFF, 0x9CFF, 0x9CFF, 0x9CFF, 0x9CFF, 0x9CFF, 0x9CFF, 0x9CFF, 0x9CFF, 
    0x9CFF, 0x9CFF, 0x9CFF, 0x9CFF, 0x9CFF, 0x9CFF, 0x9CFF, 0x9CFF, 0x9CFF, 0x9CFF, 0x9CFF, 0x9CFF, 
    0x9CFF, 0x9CFF, 0x9CFF, 0x9CFF, 0x9CFF, 0x9CFF, 0x9CFF, 0x9CFF, 0x9CFF, 0x9CFF, 0x9CFF, 0x9CFF, 
    0x9CFF, 0x9CFF, 0x9CFF, 0x9CFF, 0x9CFF, 0x9CFF, 0x9CFF, 0x9CFF, 0x9CFF, 0x9CFF, 0x9CFF, 0x9CFF, 
    0x9CFF, 0x9CFF, 0x9CFF, 0x9CFF, 0x9CFF, 0x9CFF, 0x9CFF, 0x9CFF, 0x9CFF, 0x9CFF, 0x9CFF, 0x9CFF, 
    0x9CFF, 0x9CFF, 0x9CFF, 0x9CFF, 0x9CFF, 0x9CFF, 0x9CFF, 0x9CFF, 0x9CFF, 0x9CFF, 0x9CFF, 0x9CFF, 
    0x9CFF, 0x9CFF, 0x9CFF, 0x9CFF, 0x9CFF, 0x9CFF, 0x9CFF, 0x9CFF, 0x9CFF, 0x9CFF, 0x9CFF, 0x9CFF, 
    0x9CFF, 0x9CFF, 0x9CFF, 0x9CFF, 0x9CFF, 0x9CFF, 0x9CFF, 0x9CFF, 0x9CFF, 0x9CFF, 0x9CFF, 0x9CFF, 
    0x9CFF, 0x9CFF, 0x9CFF, 0x9CFF, 0x9CFF, 0x9CFF, 0x9CFF, 0x9CFF, 0x9CFF, 0x9CFF, 0x9CFF, 0x9CFF, 
    0x9CFF, 0x7CFF, 0xDDFF, 0x53C5, 0x95D5, 0xDBFE, 0x9AFE, 0xBAFE, 0xBAFE, 0xBAFE, 0xBAFE, 0xBAFE, 
    0xBAFE, 0xBAFE, 0xBAFE, 0xBAFE, 0xBAFE, 0xBAFE, 0xBAFE, 0xBAFE, 0xBAFE, 0xBAFE, 0xBAFE, 0xBAFE, 
    0xBAFE, 0xBAFE, 0xBAFE, 0xBAFE, 0xBAFE, 0xBAFE, 0xBAFE, 0xBAFE, 0xBAFE, 0xBAFE, 0xBAFE, 0xBAFE, 
    0xBAFE, 0xBAFE, 0xBAFE, 0xBAFE, 0xBAFE, 0xBAFE, 0xBAFE, 0xBAFE, 0xBAFE, 0xBBFE, 0xBBFE, 0xBAFE, 
    0xDBFE, 0x97B5, 0xD574, 0x9CAE, 0x1DBF, 0x1DB7, 0xFDBE, 0xFDBE, 0xFDBE, 0xFDBE, 0xFDBE, 0xFDBE, 
    0xFDBE, 0xFDBE, 0xFDBE, 0xFDBE, 0xFDBE, 0xFDBE, 0xFDBE, 0xFDBE, 0xFDBE, 0xFDBE, 0xFDBE, 0xFDBE, 
    0xFDBE, 0xFDBE, 0xFDBE, 0xFDBE, 
    0x9BAE, 0x1DBF, 0xFDBE, 0xFDBE, 0xFDBE, 0xFDBE, 0xFDBE, 0xFDBE, 
    0xFDBE, 0xFDBE, 0xFDBE, 0xFDBE, 0xFDBE, 0xFDBE, 0xFDBE, 0xFDBE, 0xFDBE, 0xFDBE, 0xFDBE, 0xFDBE, 
    0xFDBE, 0xFDBE, 0xFDBE, 0x1DB7, 0x1DBF, 0xB98D, 0x168D, 0xBAFE, 0x9BFE, 0xBBFE, 0xBAFE, 0xBAFE, 
    0xBAFE, 0xBAFE, 0xBAFE, 0xBAFE, 0xBAFE, 0xBAFE, 0xBAFE, 0xBAFE, 0xBAFE, 0xBAFE, 0xBAFE, 0xBAFE, 
    0xBAFE, 0xBAFE, 0xBAFE, 0xBAFE, 0xBAFE, 0xBAFE, 0xBAFE, 0xBAFE, 0xBAFE, 0xBAFE, 0xBAFE, 0xBAFE, 
    0xBAFE, 0xBAFE, 0xBAFE, 0xBAFE, 0xBAFE, 0xBAFE, 0xBAFE, 0xBAFE, 0xBAFE, 0xBAFE, 0xBAFE, 0xBAFE, 
    0x9BFE, 0xFCFE, 0x54CD, 0xF6D5, 0xDDFF, 0x7CFF, 0x9CFF, 0x9CFF, 0x9CFF, 0x9CFF, 0x9CFF, 0x9CFF, 
    0x9CFF, 0x9CFF, 0x9CFF, 0x9CFF, 0x9CFF, 0x9CFF, 0x9CFF, 0x9CFF, 0x9CFF, 0x9CFF, 0x9CFF, 0x9CFF, 
    0x9CFF, 0x9CFF, 0x9CFF, 0x9CFF, 0x9CFF, 0x9CFF, 0x9CFF, 0x9CFF, 0x9CFF, 0x9CFF, 0x9CFF, 0x9CFF, 
    0x9CFF, 0x9CFF, 0x9CFF, 0x9CFF, 0x9CFF, 0x9CFF, 0x9CFF, 0x9CFF, 0x9CFF, 0x9CFF, 0x9CFF, 0x9CFF, 
    0x9CFF, 0x9CFF, 0x9CFF, 0x9CFF, 0x9CFF, 0x9CFF, 0x9CFF, 0x9CFF, 0x9CFF, 0x9CFF, 0x9CFF, 0x9CFF, 
    0x9CFF, 0x9CFF, 0x9CFF, 0x9CFF, 0x9CFF, 0x9CFF, 0x9CFF, 0x9CFF, 0x9CFF, 0x9CFF, 0x9CFF, 0x9CFF, 
    0x9CFF, 0x9CFF, 0x9CFF, 0x9CFF, 0x9CFF, 0x9CFF, 0x9CFF, 0x9CFF, 0x9CFF, 0x9CFF, 0x9CFF, 0x9CFF, 
    0x9CFF, 0x9CFF, 0x9CFF, 0x9CFF, 0x9CFF, 0x9CFF, 0x9CFF, 0x9CFF, 0x9CFF, 0x9CFF, 0x9CFF, 0x9CFF, 
    0x9CFF, 0x9CFF, 0x9CFF, 0x9CFF, 0x9CFF, 0x9CFF, 0x9CFF, 0x9CFF, 0x9CFF, 0x9CFF, 0x9CFF, 0x9CFF, 
    0x9CFF, 0x9CFF, 0x9CFF, 0x9CFF, 0x9CFF, 0x9CFF, 0x9CFF, 0x9CFF, 0x9CFF, 0x9CFF, 0x9CFF, 0x9CFF, 
    0x9CFF, 0x9CFF, 0x9CFF, 0x9CFF, 0x9CFF, 0x9CFF, 0x9CFF, 0x9CFF, 0x9CFF, 0x9CFF, 0x9CFF, 0x9CFF, 
    0x9CFF, 0x9CFF, 0x9CFF, 0x9CFF, 0x9CFF, 0x9CFF, 0x9CFF, 0x9CFF, 0x9CFF, 0x7CFF, 0xDDFF, 0x54C5, 
    0x96D5, 0xDCFE, 0x9AFE, 0xBAFE, 0xBAFE, 0xBAFE, 0xBAFE, 0xBAFE, 0xBAFE, 0xBAFE, 0xBAFE, 0xBAFE, 
    0xBAFE, 0xBAFE, 0xBAFE, 0xBAFE, 0xBAFE, 0xBAFE, 0xBAFE, 0xBAFE, 0xBAFE, 0xBAFE, 0xBAFE, 0xBAFE, 
    0xBAFE, 0xBAFE, 0xBAFE, 0xBAFE, 0xBAFE, 0xBAFE, 0xBAFE, 0xBAFE, 0xBAFE, 0xBAFE, 0xBAFE, 0xBAFE, 
    0xBAFE, 0xBAFE, 0xBAFE, 0xBAFE, 0xBAFE, 0xBBFE, 0xBBFE, 0xBAFE, 0xDBFE, 0x97B5, 0xD574, 0x9CAE, 
    0x1DBF, 0x1DB7, 0xFDBE, 0xFDBE, 0xFDBE, 0xFDBE, 0xFDBE, 0xFDBE, 0xFDBE, 0xFDBE, 0xFDBE, 0xFDBE, 
    0xFDBE, 0xFDBE, 0xFDBE, 0xFDBE, 0xFDBE, 0xFDBE, 0xFDBE, 0xFDBE, 0xFDBE, 0xFDBE, 0xFDBE, 0xFDBE, 
    
    0x9BAE, 0x1DBF, 0xFDBE, 0xFDBE, 0xFDBE, 0xFDBE, 0xFDBE, 0xFDBE, 0xFDBE, 0xFDBE, 0xFDBE, 0xFDBE, 
    0xFDBE, 0xFDBE, 0xFDBE, 0xFDBE, 0xFDBE, 0xFDBE, 0xFDBE, 0xFDBE, 0x1DBF, 0xFDBE, 0xFDBE, 0x1DB7, 
    0x1DBF, 0xB98D, 0x168D, 0xBAFE, 0x9BFE, 0x9BFE, 0xBAFE, 0xBAFE, 0xBAFE, 0xBAFE, 0xBAFE, 0xBAFE, 
    0xBAFE, 0xBAFE, 0xBAFE, 0xBAFE, 0xBAFE, 0xBAFE, 0xBAFE, 0xBAFE, 0xBAFE, 0xBAFE, 0xBAFE, 0xBAFE, 
    0xBAFE, 0xBAFE, 0xBAFE, 0xBAFE, 0xBAFE, 0xBAFE, 0xBAFE, 0xBAFE, 0xBAFE, 0xBAFE, 0xBAFE, 0xBAFE, 
    0xBAFE, 0xBAFE, 0xBAFE, 0xBAFE, 0xBAFE, 0xBAFE, 0xBAFE, 0xBAFE, 0x9BFE, 0xFCFE, 0x54CD, 0xF6D5, 
    0xDDFF, 0x7CFF, 0x9CFF, 0x9CFF, 0x9CFF, 0x9CFF, 0x9CFF, 0x9CFF, 0x9CFF, 0x9CFF, 0x9CFF, 0x9CFF, 
    0x9CFF, 0x9CFF, 0x9CFF, 0x9CFF, 0x9CFF, 0x9CFF, 0x9CFF, 0x9CFF, 0x9CFF, 0x9CFF, 0x9CFF, 0x9CFF, 
    0x9CFF, 0x9CFF, 0x9CFF, 0x9CFF, 0x9CFF, 0x9CFF, 0x9CFF, 0x9CFF, 0x9CFF, 0x9CFF, 0x9CFF, 0x9CFF, 
    0x9CFF, 0x9CFF, 0x9CFF, 0x9CFF, 0x9CFF, 0x9CFF, 0x9CFF, 0x9CFF, 0x9CFF, 0x9CFF, 0x9CFF, 0x9CFF, 
    0x9CFF, 0x9CFF, 0x9CFF, 0x9CFF, 0x9CFF, 0x9CFF, 0x9CFF, 0x9CFF, 0x9CFF, 0x9CFF, 0x9CFF, 0x9CFF, 
    0x9CFF, 0x9CFF, 0x9CFF, 0x9CFF, 0x9CFF, 0x9CFF, 0x9CFF, 0x9CFF, 0x9CFF, 0x9CFF, 0x9CFF, 0x9CFF, 
    0x9CFF, 0x9CFF, 0x9CFF, 0x9CFF, 0x9CFF, 0x9CFF, 0x9CFF, 0x9CFF, 0x9CFF, 0x9CFF, 0x9CFF, 0x9CFF, 
    0x9CFF, 0x9CFF, 0x9CFF, 0x9CFF, 0x9CFF, 0x9CFF, 0x9CFF, 0x9CFF, 0x9CFF, 0x9CFF, 0x9CFF, 0x9CFF, 
    0x9CFF, 0x9CFF, 0x9CFF, 0x9CFF, 0x9CFF, 0x9CFF, 0x9CFF, 0x9CFF, 0x9CFF, 0x9CFF, 0x9CFF, 0x9CFF, 
    0x9CFF, 0x9CFF, 0x9CFF, 0x9CFF, 0x9CFF, 0x9CFF, 0x9CFF, 0x9CFF, 0x9CFF, 0x9CFF, 0x9CFF, 0x9CFF, 
    0x9CFF, 0x9CFF, 0x9CFF, 0x9CFF, 0x9CFF, 0x9CFF, 0x9CFF, 0x9CFF, 0x9CFF, 0x9CFF, 0x9CFF, 0x9CFF, 
    0x9CFF, 0x9CFF, 0x9CFF, 0x9CFF, 0x9CFF, 0x7CFF, 0xDDFF, 0x54C5, 0x96D5, 0xDBFE, 0x9AFE, 0xBAFE, 
    0xBAFE, 0xBAFE, 0xBAFE, 0xBAFE, 0xBAFE, 0xBAFE, 0xBAFE, 0xBAFE, 0xBAFE, 0xBAFE, 0xBAFE, 0xBAFE, 
    0xBAFE, 0xBAFE, 0xBAFE, 0xBAFE, 0xBAFE, 0xBAFE, 0xBAFE, 0xBAFE, 0xBAFE, 0xBAFE, 0xBAFE, 0xBAFE, 
    0xBAFE, 0xBAFE, 0xBAFE, 0xBAFE, 0xBAFE, 0xBAFE, 0xBAFE, 0xBAFE, 0xBAFE, 0xBAFE, 0xBAFE, 0xBAFE, 
    0xBAFE, 0x9BFE, 0xBBFE, 0xBAFE, 0xDBFE, 0x97B5, 0xD574, 0x9CAE, 0x1DBF, 0x1DB7, 0xFDBE, 0xFDBE, 
    0xFDBE, 0xFDBE, 0xFDBE, 0xFDBE, 0xFDBE, 0xFDBE, 0xFDBE, 0xFDBE, 0xFDBE, 0xFDBE, 0xFDBE, 0xFDBE, 
    0xFDBE, 0xFDBE, 0xFDBE, 0xFDBE, 0xFDBE, 0xFDBE, 0xFDBE, 0xFDBE, 
    0x9BAE, 0x1DBF, 0xFDBE, 0xFDBE, 
    0xFDBE, 0xFDBE, 0xFDBE, 0xFDBE, 0xFDBE, 0xFDBE, 0xFDBE, 0xFDBE, 0xFDBE, 0xFDBE, 0xFDBE, 0xFDBE, 
    0xFDBE, 0xFDBE, 0xFDBE, 0xFDBE, 0x1DBF, 0xFDBE, 0xFDBE, 0xFDB6, 0x1DBF, 0xB98D, 0x168D, 0xBAFE, 
    0x9BFE, 0xBBF6, 0xBBFE, 0xBBFE, 0xBBFE, 0xBBFE, 0xBBFE, 0xBBFE, 0xBBFE, 0xBBFE, 0xBBFE, 0xBBFE, 
    0xBBFE, 0xBBFE, 0xBBFE, 0xBBFE, 0xBBFE, 0xBBFE, 0xBBFE, 0xBBFE, 0xBBFE, 0xBBFE, 0xBBFE, 0xBBFE, 
    0xBBFE, 0xBBFE, 0xBBFE, 0xBBFE, 0xBBFE, 0xBBFE, 0xBBFE, 0xBBFE, 0xBBFE, 0xBBFE, 0xBBFE, 0xBBFE, 
    0xBBFE, 0xBBFE, 0xBBFE, 0xBBFE, 0x9AFE, 0xDBFE, 0x34CD, 0xF6D5, 0xDDFF, 0x7CFF, 0x9CFF, 0x9CFF, 
    0x9CFF, 0x9CFF, 0x9CFF, 0x9CFF, 0x9CFF, 0x9CFF, 0x9CFF, 0x9CFF, 0x9CFF, 0x9CFF, 0x9CFF, 0x9CFF, 
    0x9CFF, 0x9CFF, 0x9CFF, 0x9CFF, 0x9CFF, 0x9CFF, 0x9CFF, 0x9CFF, 0x9CFF, 0x9CFF, 0x9CFF, 0x9CFF, 
    0x9CFF, 0x9CFF, 0x9CFF, 0x9CFF, 0x9CFF, 0x9CFF, 0x9CFF, 0x9CFF, 0x9CFF, 0x9CFF, 0x9CFF, 0x9CFF, 
    0x9CFF, 0x9CFF, 0x9CFF, 0x9CFF, 0x9CFF, 0x9CFF, 0x9CFF, 0x9CFF, 0x9CFF, 0x9CFF, 0x9CFF, 0x9CFF, 
    0x9CFF, 0x9CFF, 0x9CFF, 0x9CFF, 0x9CFF, 0x9CFF, 0x7CFF, 0x9CFF, 0x9CFF, 0x9CFF, 0x9CFF, 0x9CFF, 
    0x9CFF, 0x9CFF, 0x9CFF, 0x9CFF, 0x9CFF, 0x9CFF, 0x9CFF, 0x9CFF, 0x9CFF, 0x9CFF, 0x9CFF, 0x9CFF, 
    0x9CFF, 0x9CFF, 0x9CFF, 0x9CFF, 0x9CFF, 0x9CFF, 0x9CFF, 0x9CFF, 0x9CFF, 0x9CFF, 0x9CFF, 0x9CFF, 
    0x9CFF, 0x9CFF, 0x9CFF, 0x9CFF, 0x9CFF, 0x9CFF, 0x9CFF, 0x9CFF, 0x9CFF, 0x9CFF, 0x9CFF, 0x9CFF, 
    0x9CFF, 0x9CFF, 0x9CFF, 0x9CFF, 0x9CFF, 0x9CFF, 0x9CFF, 0x9CFF, 0x9CFF, 0x9CFF, 0x9CFF, 0x9CFF, 
    0x9CFF, 0x9CFF, 0x9CFF, 0x9CFF, 0x9CFF, 0x9CFF, 0x9CFF, 0x9CFF, 0x9CFF, 0x9CFF, 0x9CFF, 0x9CFF, 
    0x9CFF, 0x9CFF, 0x9CFF, 0x9CFF, 0x9CFF, 0x9CFF, 0x9CFF, 0x9CFF, 0x9CFF, 0x9CFF, 0x9CFF, 0x9CFF, 
    0x9CFF, 0x7CFF, 0xFDFF, 0x53BD, 0xB6D5, 0xDBFE, 0x9BFE, 0xBBFE, 0xBBFE, 0xBBFE, 0xBBFE, 0xBBFE, 
    0xBBFE, 0xBBFE, 0xBBFE, 0xBBFE, 0xBBFE, 0xBBFE, 0xBBFE, 0xBBFE, 0xBBFE, 0xBBFE, 0xBBFE, 0xBBFE, 
    0xBBFE, 0xBBFE, 0xBBFE, 0xBBFE, 0xBBFE, 0xBBFE, 0xBBFE, 0xBBFE, 0xBBFE, 0xBBFE, 0xBBFE, 0xBBFE, 
    0xBBFE, 0xBBFE, 0xBBFE, 0xBBFE, 0xBBFE, 0xBBFE, 0xBBFE, 0xBBFE, 0xBBFE, 0xBBFE, 0xBBFE, 0xBAFE, 
    0xBBFE, 0x97B5, 0xD574, 0x9CAE, 0x1DBF, 0x1DB7, 0xFDBE, 0xFDBE, 0xFDBE, 0xFDBE, 0xFDBE, 0xFDBE, 
    0xFDBE, 0xFDBE, 0xFDBE, 0xFDBE, 0xFDBE, 0xFDBE, 0xFDBE, 0xFDBE, 0xFDBE, 0xFDBE, 0xFDBE, 0xFDBE, 
    0xFDBE, 0xFDBE, 0xFDBE, 0xFDBE, 
    0x9BAE, 0x1DBF, 0xFDBE, 0xFDBE, 0xFDBE, 0xFDBE, 0xFDBE, 0xFDBE, 
    0xFDBE, 0xFDBE, 0xFDBE, 0xFDBE, 0xFDBE, 0xFDBE, 0xFDBE, 0xFDBE, 0xFDBE, 0xFDBE, 0xFDBE, 0xFDBE, 
    0x1DBF, 0xFDBE, 0xFDBE, 0x1DB7, 0x3DBF, 0xB98D, 0x368D, 0xB9F6, 0xBAFE, 0xBBF6, 0xBBFE, 0xBBFE, 
    0xBBFE, 0xBBFE, 0xBBFE, 0xBBFE, 0xBBFE, 0xBBFE, 0xBBFE, 0xBBFE, 0xBBFE, 0xBBFE, 0xBBFE, 0xBBFE, 
    0xBBFE, 0xBBFE, 0xBBFE, 0xBBFE, 0xBBFE, 0xBBFE, 0xBBFE, 0xBBFE, 0xBBFE, 0xBBFE, 0xBBFE, 0xBBFE, 
    0xBBFE, 0xBBFE, 0xBBFE, 0xBBFE, 0xBBFE, 0xBBFE, 0xBBFE, 0xBBFE, 0xBBFE, 0xBBFE, 0xBBFE, 0xBBFE, 
    0x9AFE, 0xFBFE, 0x54CD, 0xF6D5, 0xDDFF, 0x7CFF, 0x9CFF, 0x9CFF, 0x9CFF, 0x9CFF, 0x9CFF, 0x9CFF, 
    0x9CFF, 0x9CFF, 0x9CFF, 0x9CFF, 0x9CFF, 0x9CFF, 0x9CFF, 0x9CFF, 0x9CFF, 0x9CFF, 0x9CFF, 0x9CFF, 
    0x9CFF, 0x9CFF, 0x9CFF, 0x9CFF, 0x9CFF, 0x9CFF, 0x9CFF, 0x9CFF, 0x9CFF, 0x9CFF, 0x9CFF, 0x9CFF, 
    0x9CFF, 0x9CFF, 0x9CFF, 0x9CFF, 0x9CFF, 0x9CFF, 0x9CFF, 0x9CFF, 0x9CFF, 0x9CFF, 0x9CFF, 0x9CFF, 
    0x9CFF, 0x9CFF, 0x9CFF, 0x9CFF, 0x9CFF, 0x9CFF, 0x9CFF, 0x9CFF, 0x9CFF, 0x9CFF, 0x9CFF, 0x9CFF, 
    0x9CFF, 0x3BF7, 0x37D6, 0x37DE, 0x37DE, 0x37DE, 0x37DE, 0x37D6, 0x37DE, 0x37DE, 0x37DE, 0x37DE, 
    0x37DE, 0x37DE, 0x37DE, 0x37DE, 0x37DE, 0x37DE, 0x37DE, 0x37DE, 0x37DE, 0x17DE, 0x17DE, 0x37DE, 
    0x37DE, 0x37D6, 0xB9E6, 0x9DFF, 0x9CFF, 0x9CFF, 0x9CFF, 0x9CFF, 0x9CFF, 0x9CFF, 0x9CFF, 0x9CFF, 
    0x9CFF, 0x9CFF, 0x9CFF, 0x9CFF, 0x9CFF, 0x9CFF, 0x9CFF, 0x9CFF, 0x9CFF, 0x9CFF, 0x9CFF, 0x9CFF, 
    0x9CFF, 0x9CFF, 0x9CFF, 0x9CFF, 0x9CFF, 0x9CFF, 0x9CFF, 0x9CFF, 0x9CFF, 0x9CFF, 0x9CFF, 0x9CFF, 
    0x9CFF, 0x9CFF, 0x9CFF, 0x9CFF, 0x9CFF, 0x9CFF, 0x9CFF, 0x9CFF, 0x9CFF, 0x9CFF, 0x9CFF, 0x9CFF, 
    0x9CFF, 0x9CFF, 0x9CFF, 0x9CFF, 0x9CFF, 0x9CFF, 0x9CFF, 0x9CFF, 0x9CFF, 0x9CFF, 0xFDFF, 0x33BD, 
    0xB5DD, 0xDBFE, 0x9AFE, 0xBBFE, 0xBBFE, 0xBBFE, 0xBBFE, 0xBBFE, 0xBBFE, 0xBBFE, 0xBBFE, 0xBBFE, 
    0xBBFE, 0xBBFE, 0xBBFE, 0xBBFE, 0xBBFE, 0xBBFE, 0xBBFE, 0xBBFE, 0xBBFE, 0xBBFE, 0xBBFE, 0xBBFE, 
    0xBBFE, 0xBBFE, 0xBBFE, 0xBBFE, 0xBBFE, 0xBBFE, 0xBBFE, 0xBBFE, 0xBBFE, 0xBBFE, 0xBBFE, 0xBBFE, 
    0xBBFE, 0xBBFE, 0xBBFE, 0xBBFE, 0xBBFE, 0x9BFE, 0xBAFE, 0x99FE, 0xDBFE, 0x97B5, 0xB474, 0x9CAE, 
    0x1DBF, 0x1DB7, 0xFDBE, 0xFDBE, 0xFDBE, 0xFDBE, 0xFDBE, 0xFDBE, 0xFDBE, 0xFDBE, 0xFDBE, 0xFDBE, 
    0xFDBE, 0xFDBE, 0xFDBE, 0xFDBE, 0xFDBE, 0xFDBE, 0xFDBE, 0xFDBE, 0xFDBE, 0xFDBE, 0xFDBE, 0xFDBE, 
    
    0x9BAE, 0x1DBF, 0xFDBE, 0xFDBE, 0xFDBE, 0xFDBE, 0xFDBE, 0xFDBE, 0xFDBE, 0xFDBE, 0xFDBE, 0xFDBE, 
    0xFDBE, 0xFDBE, 0xFDBE, 0xFDBE, 0xFDBE, 0xFDBE, 0xFDBE, 0xFDBE, 0x1DBF, 0xFDBE, 0xFDBE, 0x1DB7, 
    0x1DBF, 0xB88D, 0x168D, 0xDAFE, 0xBAFE, 0xBBFE, 0xBAFE, 0xBAFE, 0xBAFE, 0xBAFE, 0xBAFE, 0xBAFE, 
    0xBAFE, 0xBAFE, 0xBAFE, 0xBAFE, 0xBAFE, 0xBAFE, 0xBAFE, 0xBAFE, 0xBAFE, 0xBAFE, 0xBAFE, 0xBAFE, 
    0xBAFE, 0xBAFE, 0xBAFE, 0xBAFE, 0xBAFE, 0xBAFE, 0xBAFE, 0xBAFE, 0xBAFE, 0xBAFE, 0xBAFE, 0xBAFE, 
    0xBAFE, 0xBAFE, 0xBAFE, 0xBAFE, 0xBAFE, 0xBAFE, 0xBAFE, 0xBAFE, 0xBAFE, 0x1BFF, 0x74CD, 0xF6D5, 
    0xDDFF, 0x7CFF, 0x9CFF, 0x9CFF, 0x9CFF, 0x9CFF, 0x9CFF, 0x9CFF, 0x9CFF, 0x9CFF, 0x9CFF, 0x9CFF, 
    0x9CFF, 0x9CFF, 0x9CFF, 0x9CFF, 0x9CFF, 0x9CFF, 0x9CFF, 0x9CFF, 0x9CFF, 0x9CFF, 0x9CFF, 0x9CFF, 
    0x9CFF, 0x9CFF, 0x9CFF, 0x9CFF, 0x9CFF, 0x9CFF, 0x9CFF, 0x9CFF, 0x9CFF, 0x9CFF, 0x9CFF, 0x9CFF, 
    0x9CFF, 0x9CFF, 0x9CFF, 0x9CFF, 0x9CFF, 0x9CFF, 0x9CFF, 0x9CFF, 0x9CFF, 0x9CFF, 0x9CFF, 0x9CFF, 
    0x9CFF, 0x9CFF, 0x9CFF, 0x9CFF, 0x9CFF, 0x9CFF, 0x9CFF, 0x9CFF, 0x9DFF, 0x1BF7, 0xB5CD, 0xB5CD, 
    0xB5CD, 0xB5CD, 0xB5CD, 0xB5CD, 0xB5CD, 0xB5CD, 0xB5CD, 0xB5CD, 0xB5CD, 0xB5CD, 0xB5CD, 0xB5CD, 
    0xB5CD, 0xB5CD, 0xB5CD, 0xB5CD, 0xB5CD, 0xB5CD, 0xB5CD, 0xB5D5, 0xB5CD, 0xB5CD, 0x78DE, 0xBDFF, 
    0x9CFF, 0x9CFF, 0x9CFF, 0x9CFF, 0x9CFF, 0x9CFF, 0x9CFF, 0x9CFF, 0x9CFF, 0x9CFF, 0x9CFF, 0x9CFF, 
    0x9CFF, 0x9CFF, 0x9CFF, 0x9CFF, 0x9CFF, 0x9CFF, 0x9CFF, 0x9CFF, 0x9CFF, 0x9CFF, 0x9CFF, 0x9CFF, 
    0x9CFF, 0x9CFF, 0x9CFF, 0x9CFF, 0x9CFF, 0x9CFF, 0x9CFF, 0x9CFF, 0x9CFF, 0x9CFF, 0x9CFF, 0x9CFF, 
    0x9CFF, 0x9CFF, 0x9CFF, 0x9CFF, 0x9CFF, 0x9CFF, 0x9CFF, 0x9CFF, 0x9CFF, 0x9CFF, 0x9CFF, 0x9CFF, 
    0x9CFF, 0x9CFF, 0x9CFF, 0x9CFF, 0x9CFF, 0x7CFF, 0xFDFF, 0x53C5, 0xB5D5, 0xFBFE, 0xBAFE, 0xBAFE, 
    0xBAFE, 0xBAFE, 0xBAFE, 0xBAFE, 0xBAFE, 0xBAFE, 0xBAFE, 0xBAFE, 0xBAFE, 0xBAFE, 0xBAFE, 0xBAFE, 
    0xBAFE, 0xBAFE, 0xBAFE, 0xBAFE, 0xBAFE, 0xBAFE, 0xBAFE, 0xBAFE, 0xBAFE, 0xBAFE, 0xBAFE, 0xBAFE, 
    0xBAFE, 0xBAFE, 0xBAFE, 0xBAFE, 0xBAFE, 0xBAFE, 0xBAFE, 0xBAFE, 0xBAFE, 0xBAFE, 0xBAFE, 0xBAFE, 
    0xBAFE, 0xBAFE, 0xDAFE, 0xB9FE, 0xDBFE, 0x97B5, 0xD47C, 0x9CAE, 0x1DBF, 0x1DB7, 0xFDBE, 0xFDBE, 
    0xFDBE, 0xFDBE, 0xFDBE, 0xFDBE, 0xFDBE, 0xFDBE, 0xFDBE, 0xFDBE, 0xFDBE, 0xFDBE, 0xFDBE, 0xFDBE, 
    0xFDBE, 0xFDBE, 0xFDBE, 0xFDBE, 0xFDBE, 0xFDBE, 0xFDBE, 0xFDBE, 
    0x9BAE, 0x1DBF, 0xFDBE, 0xFDBE, 
    0xFDBE, 0xFDBE, 0xFDBE, 0xFDBE, 0xFDBE, 0xFDBE, 0xFDBE, 0xFDBE, 0xFDBE, 0xFDBE, 0xFDBE, 0xFDBE, 
    0xFDBE, 0xFDBE, 0xFDBE, 0xFDBE, 0x1DBF, 0xFDBE, 0xFDBE, 0xFDB6, 0x1DBF, 0xD98D, 0x158D, 0x57EE, 
    0x38F6, 0x38EE, 0x38F6, 0x38F6, 0x38F6, 0x38F6, 0x38F6, 0x38F6, 0x38F6, 0x38F6, 0x38F6, 0x38F6, 
    0x38F6, 0x38F6, 0x38F6, 0x38F6, 0x38F6, 0x38F6, 0x38F6, 0x38F6, 0x38F6, 0x38F6, 0x38F6, 0x38F6, 
    0x38F6, 0x38F6, 0x38F6, 0x38F6, 0x38F6, 0x38F6, 0x38F6, 0x38F6, 0x38F6, 0x38F6, 0x38F6, 0x38F6, 
    0x38F6, 0x38F6, 0x38F6, 0x38F6, 0x37EE, 0x99F6, 0xF2BC, 0xD5D5, 0xDDFF, 0x9CFF, 0x9CFF, 0x9CFF, 
    0x9CFF, 0x9CFF, 0x9CFF, 0x9CFF, 0x9CFF, 0x9CFF, 0x9CFF, 0x9CFF, 0x9CFF, 0x9CFF, 0x9CFF, 0x9CFF, 
    0x9CFF, 0x9CFF, 0x9CFF, 0x9CFF, 0x9CFF, 0x9CFF, 0x9CFF, 0x9CFF, 0x9CFF, 0x9CFF, 0x9CFF, 0x9CFF, 
    0x9CFF, 0x9CFF, 0x9CFF, 0x9CFF, 0x9CFF, 0x9CFF, 0x9CFF, 0x9CFF, 0x9CFF, 0x9CFF, 0x9CFF, 0x9CFF, 
    0x9CFF, 0x9CFF, 0x9CFF, 0x9CFF, 0x9CFF, 0x9CFF, 0x9CFF, 0x9CFF, 0x9CFF, 0x9CFF, 0x9CFF, 0x9CFF, 
    0x9CFF, 0x9CFF, 0x9CFF, 0x9CFF, 0x9DFF, 0x1BF7, 0x95CD, 0xB5D5, 0xB5D5, 0xB5D5, 0xB5D5, 0xB5D5, 
    0xB5CD, 0xB5CD, 0xB5CD, 0xB5CD, 0xB5CD, 0xB5CD, 0xB5CD, 0xB5CD, 0xB5CD, 0xB5CD, 0xB5CD, 0xB5CD, 
    0xB5D5, 0xB5D5, 0xB5D5, 0x95D5, 0xB5CD, 0x95CD, 0x78DE, 0xBDFF, 0x9CFF, 0x9CFF, 0x9CFF, 0x9CFF, 
    0x9CFF, 0x9CFF, 0x9CFF, 0x9CFF, 0x9CFF, 0x9CFF, 0x9CFF, 0x9CFF, 0x9CFF, 0x9CFF, 0x9CFF, 0x9CFF, 
    0x9CFF, 0x9CFF, 0x9CFF, 0x9CFF, 0x9CFF, 0x9CFF, 0x9CFF, 0x9CFF, 0x9CFF, 0x9CFF, 0x9CFF, 0x9CFF, 
    0x9CFF, 0x9CFF, 0x9CFF, 0x9CFF, 0x9CFF, 0x9CFF, 0x9CFF, 0x9CFF, 0x9CFF, 0x9CFF, 0x9CFF, 0x9CFF, 
    0x9CFF, 0x9CFF, 0x9CFF, 0x9CFF, 0x9CFF, 0x9CFF, 0x9CFF, 0x9CFF, 0x9CFF, 0x9CFF, 0x9CFF, 0x9CFF, 
    0x9CFF, 0x7CFF, 0xFDFF, 0x32BD, 0x53CD, 0x78F6, 0x38F6, 0x38F6, 0x38F6, 0x38F6, 0x38F6, 0x38F6, 
    0x38F6, 0x38F6, 0x38F6, 0x38F6, 0x38F6, 0x38F6, 0x38F6, 0x38F6, 0x38F6, 0x38F6, 0x38F6, 0x38F6, 
    0x38F6, 0x38F6, 0x38F6, 0x38F6, 0x38F6, 0x38F6, 0x38F6, 0x38F6, 0x38F6, 0x38F6, 0x38F6, 0x38F6, 
    0x38F6, 0x38F6, 0x38F6, 0x38F6, 0x38F6, 0x38F6, 0x38F6, 0x38F6, 0x38F6, 0x38F6, 0x58F6, 0x37F6, 
    0x58F6, 0x56B5, 0xD47C, 0x9CAE, 0x1DBF, 0x1DB7, 0xFDBE, 0xFDBE, 0xFDBE, 0xFDBE, 0xFDBE, 0xFDBE, 
    0xFDBE, 0xFDBE, 0xFDBE, 0xFDBE, 0xFDBE, 0xFDBE, 0xFDBE, 0xFDBE, 0xFDBE, 0xFDBE, 0xFDBE, 0xFDBE, 
    0xFDBE, 0xFDBE, 0xFDBE, 0xFDBE, 
    0x9BAE, 0x1DBF, 0xFDBE, 0xFDBE, 0xFDBE, 0xFDBE, 0xFDBE, 0xFDBE, 
    0xFDBE, 0xFDBE, 0xFDBE, 0xFDBE, 0xFDBE, 0xFDBE, 0xFDBE, 0xFDBE, 0xFDBE, 0xFDBE, 0xFDBE, 0xFDBE, 
    0x1DBF, 0xFDBE, 0xFDBE, 0x1DB7, 0x1DBF, 0xD98D, 0x937C, 0xED9B, 0xEE9B, 0xEF9B, 0xCEA3, 0xCEA3, 
    0xCEA3, 0xCEA3, 0xCEA3, 0xCEA3, 0xCEA3, 0xCEA3, 0xCEA3, 0xCEA3, 0xCEA3, 0xCEA3, 0xCEA3, 0xCEA3, 
    0xCEA3, 0xCEA3, 0xCEA3, 0xCEA3, 0xCEA3, 0xCEA3, 0xCEA3, 0xCEA3, 0xCEA3, 0xCEA3, 0xCEA3, 0xCEA3, 
    0xCEA3, 0xCEA3, 0xCEA3, 0xCEA3, 0xCEA3, 0xCEA3, 0xCEA3, 0xCEA3, 0xCEA3, 0xCEA3, 0xCEA3, 0xCEA3, 
    0xEEA3, 0xEEA3, 0x8C93, 0x57E6, 0xBDFF, 0x9CFF, 0x9CFF, 0x9CFF, 0x9CFF, 0x9CFF, 0x9CFF, 0x9CFF, 
    0x9CFF, 0x9CFF, 0x9CFF, 0x9CFF, 0x9CFF, 0x9CFF, 0x9CFF, 0x9CFF, 0x9CFF, 0x9CFF, 0x9CFF, 0x9CFF, 
    0x9CFF, 0x9CFF, 0x9CFF, 0x9CFF, 0x9CFF, 0x9CFF, 0x9CFF, 0x9CFF, 0x9CFF, 0x9CFF, 0x9CFF, 0x9CFF, 
    0x9CFF, 0x9CFF, 0x9CFF, 0x9CFF, 0x9CFF, 0x9CFF, 0x9CFF, 0x9CFF, 0x9CFF, 0x9CFF, 0x9CFF, 0x9CFF, 
    0x9CFF, 0x9CFF, 0x9CFF, 0x9CFF, 0x9CFF, 0x9CFF, 0x9CFF, 0x9CFF, 0x9CFF, 0x9CFF, 0x9CFF, 0x9CFF, 
    0x9DFF, 0x3BFF, 0x37DE, 0x38E6, 0x38E6, 0x38E6, 0x38E6, 0x58E6, 0x58E6, 0x58E6, 0x58E6, 0x58E6, 
    0x58E6, 0x58E6, 0x58E6, 0x58E6, 0x58E6, 0x58E6, 0x58DE, 0x58E6, 0x58E6, 0x38E6, 0x38E6, 0x38E6, 
    0x58E6, 0x37DE, 0xB9EE, 0x9CFF, 0x9CFF, 0x9CFF, 0x9CFF, 0x9CFF, 0x9CFF, 0x9CFF, 0x9CFF, 0x9CFF, 
    0x9CFF, 0x9CFF, 0x9CFF, 0x9CFF, 0x9CFF, 0x9CFF, 0x9CFF, 0x9CFF, 0x9CFF, 0x9CFF, 0x9CFF, 0x9CFF, 
    0x9CFF, 0x9CFF, 0x9CFF, 0x9CFF, 0x9CFF, 0x9CFF, 0x9CFF, 0x9CFF, 0x9CFF, 0x9CFF, 0x9CFF, 0x9CFF, 
    0x9CFF, 0x9CFF, 0x9CFF, 0x9CFF, 0x9CFF, 0x9CFF, 0x9CFF, 0x9CFF, 0x9CFF, 0x9CFF, 0x9CFF, 0x9CFF, 
    0x9CFF, 0x9CFF, 0x9CFF, 0x9CFF, 0x9CFF, 0x9CFF, 0x9CFF, 0x9CFF, 0x9CFF, 0x9CFF, 0xDDFF, 0xF5D5, 
    0xAD93, 0xEEA3, 0xCEA3, 0xCEA3, 0xCEA3, 0xCEA3, 0xCEA3, 0xCEA3, 0xCEA3, 0xCEA3, 0xCEA3, 0xCEA3, 
    0xCEA3, 0xCEA3, 0xCEA3, 0xCEA3, 0xCEA3, 0xCEA3, 0xCEA3, 0xCEA3, 0xCEA3, 0xCEA3, 0xCEA3, 0xCEA3, 
    0xCEA3, 0xCEA3, 0xCEA3, 0xCEA3, 0xCEA3, 0xCEA3, 0xCEA3, 0xCEA3, 0xCEA3, 0xCEA3, 0xCEA3, 0xCEA3, 
    0xCEA3, 0xCEA3, 0xCEA3, 0xCEA3, 0xCEA3, 0xCEA3, 0xCE9B, 0xEEA3, 0xCE9B, 0x318C, 0xF57C, 0x9CAE, 
    0x1DBF, 0x1DB7, 0xFDBE, 0xFDBE, 0xFDBE, 0xFDBE, 0xFDBE, 0xFDBE, 0xFDBE, 0xFDBE, 0xFDBE, 0xFDBE, 
    0xFDBE, 0xFDBE, 0xFDBE, 0xFDBE, 0xFDBE, 0xFDBE, 0xFDBE, 0xFDBE, 0xFDBE, 0xFDBE, 0xFDBE, 0xFDBE, 
    
    0x9BAE, 0x1DBF, 0xFDBE, 0xFDBE, 0xFDBE, 0xFDBE, 0xFDBE, 0xFDBE, 0xFDBE, 0xFDBE, 0xFDBE, 0xFDBE, 
    0xFDBE, 0xFDBE, 0xFDBE, 0xFDBE, 0xFDBE, 0xFDBE, 0xFDBE, 0xFDBE, 0xFDBE, 0xFDBE, 0xFDBE, 0xFDB6, 
    0x1DBF, 0xB98D, 0x568D, 0x9CFF, 0x9CFF, 0xBDFF, 0x9CFF, 0x9CFF, 0x9CFF, 0x9CFF, 0x9CFF, 0x9CFF, 
    0x9CFF, 0x9CFF, 0x9CFF, 0x9CFF, 0x9CFF, 0x9CFF, 0x9CFF, 0x9CFF, 0x9CFF, 0x9CFF, 0x9CFF, 0x9CFF, 
    0x9CFF, 0x9CFF, 0x9CFF, 0x9CFF, 0x9CFF, 0x9CFF, 0x9CFF, 0x9CFF, 0x9CFF, 0x9CFF, 0x9CFF, 0x9CFF, 
    0x9CFF, 0x9CFF, 0x9CFF, 0x9CFF, 0x9CFF, 0x9CFF, 0x9CFF, 0x9CFF, 0x9CFF, 0x9CFF, 0xBDFF, 0x9CFF, 
    0x9CFF, 0x9CFF, 0x9CFF, 0x9CFF, 0x9CFF, 0x9CFF, 0x9CFF, 0x9CFF, 0x9CFF, 0x9CFF, 0x9CFF, 0x9CFF, 
    0x9CFF, 0x9CFF, 0x9CFF, 0x9CFF, 0x9CFF, 0x9CFF, 0x9CFF, 0x9CFF, 0x9CFF, 0x9CFF, 0x9CFF, 0x9CFF, 
    0x9CFF, 0x9CFF, 0x9CFF, 0x9CFF, 0x9CFF, 0x9CFF, 0x9CFF, 0x9CFF, 0x9CFF, 0x9CFF, 0x9CFF, 0x9CFF, 
    0x9CFF, 0x9CFF, 0x9CFF, 0x9CFF, 0x9CFF, 0x9CFF, 0x9CFF, 0x9CFF, 0x9CFF, 0x9CFF, 0x9CFF, 0x9CFF, 
    0x9CFF, 0x9CFF, 0x9CFF, 0x9CFF, 0x9CFF, 0x9CFF, 0x9CFF, 0x9CFF, 0x9CFF, 0x9CFF, 0x9CFF, 0x9CFF, 
    0xBCFF, 0xBCFF, 0xBCFF, 0xBCFF, 0xBCFF, 0xBCFF, 0xBCFF, 0xBCFF, 0xBCFF, 0xBCFF, 0xBCFF, 0xBCFF, 
    0xBCFF, 0xBCFF, 0xBCFF, 0xBCFF, 0xBCFF, 0xBCFF, 0xBCFF, 0x9CFF, 0x9CFF, 0xBCFF, 0x9CFF, 0x9CFF, 
    0x9CFF, 0x9CFF, 0x9CFF, 0x9CFF, 0x9CFF, 0x9CFF, 0x9CFF, 0x9CFF, 0x9CFF, 0x9CFF, 0x9CFF, 0x9CFF, 
    0x9CFF, 0x9CFF, 0x9CFF, 0x9CFF, 0x9CFF, 0x9CFF, 0x9CFF, 0x9CFF, 0x9CFF, 0x9CFF, 0x9CFF, 0x9CFF, 
    0x9CFF, 0x9CFF, 0x9CFF, 0x9CFF, 0x9CFF, 0x9CFF, 0x9CFF, 0x9CFF, 0x9CFF, 0x9CFF, 0x9CFF, 0x9CFF, 
    0x9CFF, 0x9CFF, 0x9CFF, 0x9CFF, 0x9CFF, 0x9CFF, 0x9CFF, 0x9CFF, 0x9CFF, 0x9CFF, 0x9CFF, 0x9CFF, 
    0x9CFF, 0x9CFF, 0x9CFF, 0x9CFF, 0x9CFF, 0x9CFF, 0x9CFF, 0xBCFF, 0xBCFF, 0x9CFF, 0x9CFF, 0x9CFF, 
    0x9CFF, 0x9CFF, 0x9CFF, 0x9CFF, 0x9CFF, 0x9CFF, 0x9CFF, 0x9CFF, 0x9CFF, 0x9CFF, 0x9CFF, 0x9CFF, 
    0x9CFF, 0x9CFF, 0x9CFF, 0x9CFF, 0x9CFF, 0x9CFF, 0x9CFF, 0x9CFF, 0x9CFF, 0x9CFF, 0x9CFF, 0x9CFF, 
    0x9CFF, 0x9CFF, 0x9CFF, 0x9CFF, 0x9CFF, 0x9CFF, 0x9CFF, 0x9CFF, 0x9CFF, 0x9CFF, 0x9CFF, 0x9CFF, 
    0x9CFF, 0x9DFF, 0x9CFF, 0xBCFF, 0xDDFF, 0xBBCE, 0xD46C, 0x9CAE, 0x1DBF, 0x1DB7, 0xFDBE, 0xFDBE, 
    0xFDBE, 0xFDBE, 0xFDBE, 0xFDBE, 0xFDBE, 0xFDBE, 0xFDBE, 0xFDBE, 0xFDBE, 0xFDBE, 0xFDBE, 0xFDBE, 
    0xFDBE, 0xFDBE, 0xFDBE, 0xFDBE, 0xFDBE, 0xFDBE, 0xFDBE, 0xFDBE, 
    0x9BAE, 0x1DBF, 0xFDBE, 0xFDBE, 
    0xFDBE, 0xFDBE, 0xFDBE, 0xFDBE, 0xFDBE, 0xFDBE, 0xFDBE, 0xFDBE, 0xFDBE, 0xFDBE, 0xFDBE, 0xFDBE, 
    0xFDBE, 0xFDBE, 0xFDBE, 0xFDBE, 0xFDBE, 0xFDBE, 0xFDBE, 0xFDB6, 0x1DBF, 0xB98D, 0x568D, 0x9CFF, 
    0x9CFF, 0x9DFF, 0x9CFF, 0x9CFF, 0x9CFF, 0x9CFF, 0x9CFF, 0x9CFF, 0x9CFF, 0x9CFF, 0x9CFF, 0x9CFF, 
    0x9CFF, 0x9CFF, 0x9CFF, 0x9CFF, 0x9CFF, 0x9CFF, 0x9CFF, 0x9CFF, 0x9CFF, 0x9CFF, 0x9CFF, 0x9CFF, 
    0x9CFF, 0x9CFF, 0x9CFF, 0x9CFF, 0x9CFF, 0x9CFF, 0x9CFF, 0x9CFF, 0x9CFF, 0x9CFF, 0x9CFF, 0x9CFF, 
    0x9CFF, 0x9CFF, 0x9CFF, 0x9CFF, 0x9CFF, 0x9CFF, 0x9CFF, 0x9CFF, 0x9CFF, 0x9CFF, 0x9CFF, 0x9CFF, 
    0x9CFF, 0x9CFF, 0x9CFF, 0x9CFF, 0x9CFF, 0x9CFF, 0x9CFF, 0x9CFF, 0x9CFF, 0x9CFF, 0x9CFF, 0x9CFF, 
    0x9CFF, 0x9CFF, 0x9CFF, 0x9CFF, 0x9CFF, 0x9CFF, 0x9CFF, 0x9CFF, 0x9CFF, 0x9CFF, 0x9CFF, 0x9CFF, 
    0x9CFF, 0x9CFF, 0x9CFF, 0x9CFF, 0x9CFF, 0x9CFF, 0x9CFF, 0x9CFF, 0x9CFF, 0x9CFF, 0x9CFF, 0x9CFF, 
    0x9CFF, 0x9CFF, 0x9CFF, 0x9CFF, 0x9CFF, 0x9CFF, 0x9CFF, 0x9CFF, 0x9CFF, 0x9CFF, 0x9CFF, 0x9CFF, 
    0x9CFF, 0x9CFF, 0x9CFF, 0x9CFF, 0x9CFF, 0x9CFF, 0x9CFF, 0x9CFF, 0x9CFF, 0x9CFF, 0x9CFF, 0x9CFF, 
    0x9CFF, 0x9CFF, 0x9CFF, 0x9CFF, 0x9CFF, 0x9CFF, 0x9CFF, 0x9CFF, 0x9CFF, 0x9CFF, 0x9CFF, 0x9CFF, 
    0x9CFF, 0x9CFF, 0x9CFF, 0x9CFF, 0x9CFF, 0x9CFF, 0x9CFF, 0x9CFF, 0x9CFF, 0x9CFF, 0x9CFF, 0x9CFF, 
    0x9CFF, 0x9CFF, 0x9CFF, 0x9CFF, 0x9CFF, 0x9CFF, 0x9CFF, 0x9CFF, 0x9CFF, 0x9CFF, 0x9CFF, 0x9CFF, 
    0x9CFF, 0x9CFF, 0x9CFF, 0x9CFF, 0x9CFF, 0x9CFF, 0x9CFF, 0x9CFF, 0x9CFF, 0x9CFF, 0x9CFF, 0x9CFF, 
    0x9CFF, 0x9CFF, 0x9CFF, 0x9CFF, 0x9CFF, 0x9CFF, 0x9CFF, 0x9CFF, 0x9CFF, 0x9CFF, 0x9CFF, 0x9CFF, 
    0x9CFF, 0x9CFF, 0x9CFF, 0x9CFF, 0x9CFF, 0x9CFF, 0x9CFF, 0x9CFF, 0x9CFF, 0x9CFF, 0x9CFF, 0x9CFF, 
    0x9CFF, 0x9CFF, 0x9CFF, 0x9CFF, 0x9CFF, 0x9CFF, 0x9CFF, 0x9CFF, 0x9CFF, 0x9CFF, 0x9CFF, 0x9CFF, 
    0x9CFF, 0x9CFF, 0x9CFF, 0x9CFF, 0x9CFF, 0x9CFF, 0x9CFF, 0x9CFF, 0x9CFF, 0x9CFF, 0x9CFF, 0x9CFF, 
    0x9CFF, 0x9CFF, 0x9CFF, 0x9CFF, 0x9CFF, 0x9CFF, 0x9CFF, 0x9CFF, 0x9CFF, 0x9CFF, 0x9CFF, 0x9CFF, 
    0x9CFF, 0x9CFF, 0x9CFF, 0x9CFF, 0x9CFF, 0x9CFF, 0x9CFF, 0x9CFF, 0x9CFF, 0x9CFF, 0x9CFF, 0x9BFF, 
    0xBDFF, 0xBACE, 0xD474, 0x9CAE, 0x1DBF, 0x1DB7, 0xFDBE, 0xFDBE, 0xFDBE, 0xFDBE, 0xFDBE, 0xFDBE, 
    0xFDBE, 0xFDBE, 0xFDBE, 0xFDBE, 0xFDBE, 0xFDBE, 0xFDBE, 0xFDBE, 0xFDBE, 0xFDBE, 0xFDBE, 0xFDBE, 
    0xFDBE, 0xFDBE, 0xFDBE, 0xFDBE, 
    0x9BAE, 0x1DBF, 0xFDBE, 0xFDBE, 0xFDBE, 0xFDBE, 0xFDBE, 0xFDBE, 
    0xFDBE, 0xFDBE, 0xFDBE, 0xFDBE, 0xFDBE, 0xFDBE, 0xFDBE, 0xFDBE, 0xFDBE, 0xFDBE, 0xFDBE, 0xFDBE, 
    0xFDBE, 0xFDBE, 0xFDBE, 0xFDB6, 0x1DBF, 0xB98D, 0x568D, 0x9CFF, 0x9CFF, 0x9DFF, 0x9CFF, 0x9CFF, 
    0x9CFF, 0x9CFF, 0x9CFF, 0x9CFF, 0x9CFF, 0x9CFF, 0x9CFF, 0x9CFF, 0x9CFF, 0x9CFF, 0x9CFF, 0x9CFF, 
    0x9CFF, 0x9CFF, 0x9CFF, 0x9CFF, 0x9CFF, 0x9CFF, 0x9CFF, 0x9CFF, 0x9CFF, 0x9CFF, 0x9CFF, 0x9CFF, 
    0x9CFF, 0x9CFF, 0x9CFF, 0x9CFF, 0x9CFF, 0x9CFF, 0x9CFF, 0x9CFF, 0x9CFF, 0x9CFF, 0x9CFF, 0x9CFF, 
    0x9CFF, 0x9CFF, 0x9CFF, 0x9CFF, 0x9CFF, 0x9CFF, 0x9CFF, 0x9CFF, 0x9CFF, 0x9CFF, 0x9CFF, 0x9CFF, 
    0x9CFF, 0x9CFF, 0x9CFF, 0x9CFF, 0x9CFF, 0x9CFF, 0x9CFF, 0x9CFF, 0x9CFF, 0x9CFF, 0x9CFF, 0x9CFF, 
    0x9CFF, 0x9CFF, 0x9CFF, 0x9CFF, 0x9CFF, 0x9CFF, 0x9CFF, 0x9CFF, 0x9CFF, 0x9CFF, 0x9CFF, 0x9CFF, 
    0x9CFF, 0x9CFF, 0x9CFF, 0x9CFF, 0x9CFF, 0x9CFF, 0x9CFF, 0x9CFF, 0x9CFF, 0x9CFF, 0x9CFF, 0x9CFF, 
    0x9CFF, 0x9CFF, 0x9CFF, 0x9CFF, 0x9CFF, 0x9CFF, 0x9CFF, 0x9CFF, 0x9CFF, 0x9CFF, 0x9CFF, 0x9CFF, 
    0x9CFF, 0x9CFF, 0x9CFF, 0x9CFF, 0x9CFF, 0x9CFF, 0x9CFF, 0x9CFF, 0x9CFF, 0x9CFF, 0x9CFF, 0x9CFF, 
    0x9CFF, 0x9CFF, 0x9CFF, 0x9CFF, 0x9CFF, 0x9CFF, 0x9CFF, 0x9CFF, 0x9CFF, 0x9CFF, 0x9CFF, 0x9CFF, 
    0x9CFF, 0x9CFF, 0x9CFF, 0x9CFF, 0x9CFF, 0x9CFF, 0x9CFF, 0x9CFF, 0x9CFF, 0x9CFF, 0x9CFF, 0x9CFF, 
    0x9CFF, 0x9CFF, 0x9CFF, 0x9CFF, 0x9CFF, 0x9CFF, 0x9CFF, 0x9CFF, 0x9CFF, 0x9CFF, 0x9CFF, 0x9CFF, 
    0x9CFF, 0x9CFF, 0x9CFF, 0x9CFF, 0x9CFF, 0x9CFF, 0x9CFF, 0x9CFF, 0x9CFF, 0x9CFF, 0x9CFF, 0x9CFF, 
    0x9CFF, 0x9CFF, 0x9CFF, 0x9CFF, 0x9CFF, 0x9CFF, 0x9CFF, 0x9CFF, 0x9CFF, 0x9CFF, 0x9CFF, 0x9CFF, 
    0x9CFF, 0x9CFF, 0x9CFF, 0x9CFF, 0x9CFF, 0x9CFF, 0x9CFF, 0x9CFF, 0x9CFF, 0x9CFF, 0x9CFF, 0x9CFF, 
    0x9CFF, 0x9CFF, 0x9CFF, 0x9CFF, 0x9CFF, 0x9CFF, 0x9CFF, 0x9CFF, 0x9CFF, 0x9CFF, 0x9CFF, 0x9CFF, 
    0x9CFF, 0x9CFF, 0x9CFF, 0x9CFF, 0x9CFF, 0x9CFF, 0x9CFF, 0x9CFF, 0x9CFF, 0x9CFF, 0x9CFF, 0x9CFF, 
    0x9CFF, 0x9CFF, 0x9CFF, 0x9CFF, 0x9CFF, 0x9CFF, 0x9CFF, 0x9CFF, 0x9CFF, 0x9CFF, 0x9CFF, 0x9CFF, 
    0x9CFF, 0x9CFF, 0x9CFF, 0x9CFF, 0x9CFF, 0x9CFF, 0x9CFF, 0x9BFF, 0xBDFF, 0xBACE, 0xD474, 0x9CAE, 
    0x1DBF, 0x1DB7, 0xFDBE, 0xFDBE, 0xFDBE, 0xFDBE, 0xFDBE, 0xFDBE, 0xFDBE, 0xFDBE, 0xFDBE, 0xFDBE, 
    0xFDBE, 0xFDBE, 0xFDBE, 0xFDBE, 0xFDBE, 0xFDBE, 0xFDBE, 0xFDBE, 0xFDBE, 0xFDBE, 0xFDBE, 0xFDBE, 
    
    0x9BAE, 0x1DBF, 0xFDBE, 0xFDBE, 0xFDBE, 0xFDBE, 0xFDBE, 0xFDBE, 0xFDBE, 0xFDBE, 0xFDBE, 0xFDBE, 
    0xFDBE, 0xFDBE, 0xFDBE, 0xFDBE, 0xFDBE, 0xFDBE, 0xFDBE, 0xFDBE, 0xFDBE, 0xFDBE, 0xFDBE, 0xFDB6, 
    0x1DBF, 0xB98D, 0x568D, 0x9CFF, 0x9CFF, 0x9DFF, 0x9CFF, 0x9CFF, 0x9CFF, 0x9CFF, 0x9CFF, 0x9CFF, 
    0x9CFF, 0x9CFF, 0x9CFF, 0x9CFF, 0x9CFF, 0x9CFF, 0x9CFF, 0x9CFF, 0x9CFF, 0x9CFF, 0x9CFF, 0x9CFF, 
    0x9CFF, 0x9CFF, 0x9CFF, 0x9CFF, 0x9CFF, 0x9CFF, 0x9CFF, 0x9CFF, 0x9CFF, 0x9CFF, 0x9CFF, 0x9CFF, 
    0x9CFF, 0x9CFF, 0x9CFF, 0x9CFF, 0x9CFF, 0x9CFF, 0x9CFF, 0x9CFF, 0x9CFF, 0x9CFF, 0x9CFF, 0x9CFF, 
    0x9CFF, 0x9CFF, 0x9CFF, 0x9CFF, 0x9CFF, 0x9CFF, 0x9CFF, 0x9CFF, 0x9CFF, 0x9CFF, 0x9CFF, 0x9CFF, 
    0x9CFF, 0x9CFF, 0x9CFF, 0x9CFF, 0x9CFF, 0x9CFF, 0x9CFF, 0x9CFF, 0x9CFF, 0x9CFF, 0x9CFF, 0x9CFF, 
    0x9CFF, 0x9CFF, 0x9CFF, 0x9CFF, 0x9CFF, 0x9CFF, 0x9CFF, 0x9CFF, 0x9CFF, 0x9CFF, 0x9CFF, 0x9CFF, 
    0x9CFF, 0x9CFF, 0x9CFF, 0x9CFF, 0x9CFF, 0x9CFF, 0x9CFF, 0x9CFF, 0x9CFF, 0x9CFF, 0x9CFF, 0x9CFF, 
    0x9CFF, 0x9CFF, 0x9CFF, 0x9CFF, 0x9CFF, 0x9CFF, 0x9CFF, 0x9CFF, 0x9CFF, 0x9CFF, 0x9CFF, 0x9CFF, 
    0x9CFF, 0x9CFF, 0x9CFF, 0x9CFF, 0x9CFF, 0x9CFF, 0x9CFF, 0x9CFF, 0x9CFF, 0x9CFF, 0x9CFF, 0x9CFF, 
    0x9CFF, 0x9CFF, 0x9CFF, 0x9CFF, 0x9CFF, 0x9CFF, 0x9CFF, 0x9CFF, 0x9CFF, 0x9CFF, 0x9CFF, 0x9CFF, 
    0x9CFF, 0x9CFF, 0x9CFF, 0x9CFF, 0x9CFF, 0x9CFF, 0x9CFF, 0x9CFF, 0x9CFF, 0x9CFF, 0x9CFF, 0x9CFF, 
    0x9CFF, 0x9CFF, 0x9CFF, 0x9CFF, 0x9CFF, 0x9CFF, 0x9CFF, 0x9CFF, 0x9CFF, 0x9CFF, 0x9CFF, 0x9CFF, 
    0x9CFF, 0x9CFF, 0x9CFF, 0x9CFF, 0x9CFF, 0x9CFF, 0x9CFF, 0x9CFF, 0x9CFF, 0x9CFF, 0x9CFF, 0x9CFF, 
    0x9CFF, 0x9CFF, 0x9CFF, 0x9CFF, 0x9CFF, 0x9CFF, 0x9CFF, 0x9CFF, 0x9CFF, 0x9CFF, 0x9CFF, 0x9CFF, 
    0x9CFF, 0x9CFF, 0x9CFF, 0x9CFF, 0x9CFF, 0x9CFF, 0x9CFF, 0x9CFF, 0x9CFF, 0x9CFF, 0x9CFF, 0x9CFF, 
    0x9CFF, 0x9CFF, 0x9CFF, 0x9CFF, 0x9CFF, 0x9CFF, 0x9CFF, 0x9CFF, 0x9CFF, 0x9CFF, 0x9CFF, 0x9CFF, 
    0x9CFF, 0x9CFF, 0x9CFF, 0x9CFF, 0x9CFF, 0x9CFF, 0x9CFF, 0x9CFF, 0x9CFF, 0x9CFF, 0x9CFF, 0x9CFF, 
    0x9CFF, 0x9CFF, 0x9CFF, 0x9CFF, 0x9CFF, 0x9CFF, 0x9CFF, 0x9CFF, 0x9CFF, 0x9CFF, 0x9CFF, 0x9CFF, 
    0x9CFF, 0x9CFF, 0x9CFF, 0x9BFF, 0xBDFF, 0xBACE, 0xD474, 0x9CAE, 0x1DBF, 0x1DB7, 0xFDBE, 0xFDBE, 
    0xFDBE, 0xFDBE, 0xFDBE, 0xFDBE, 0xFDBE, 0xFDBE, 0xFDBE, 0xFDBE, 0xFDBE, 0xFDBE, 0xFDBE, 0xFDBE, 
    0xFDBE, 0xFDBE, 0xFDBE, 0xFDBE, 0xFDBE, 0xFDBE, 0xFDBE, 0xFDBE, 
    0x9BAE, 0x1DBF, 0xFDBE, 0xFDBE, 
    0xFDBE, 0xFDBE, 0xFDBE, 0xFDBE, 0xFDBE, 0xFDBE, 0xFDBE, 0xFDBE, 0xFDBE, 0xFDBE, 0xFDBE, 0xFDBE, 
    0xFDBE, 0xFDBE, 0xFDBE, 0xFDBE, 0xFDBE, 0xFDBE, 0xFDBE, 0xFDB6, 0x1DBF, 0xB98D, 0x568D, 0x9CFF, 
    0x9CFF, 0x9DFF, 0x9CFF, 0x9CFF, 0x9CFF, 0x9CFF, 0x9CFF, 0x9CFF, 0x9CFF, 0x9CFF, 0x9CFF, 0x9CFF, 
    0x9CFF, 0x9CFF, 0x9CFF, 0x9CFF, 0x9CFF, 0x9CFF, 0x9CFF, 0x9CFF, 0x9CFF, 0x9CFF, 0x9CFF, 0x9CFF, 
    0x9CFF, 0x9CFF, 0x9CFF, 0x9CFF, 0x9CFF, 0x9CFF, 0x9CFF, 0x9CFF, 0x9CFF, 0x9CFF, 0x9CFF, 0x9CFF, 
    0x9CFF, 0x9CFF, 0x9CFF, 0x9CFF, 0x9CFF, 0x9CFF, 0x9CFF, 0x9CFF, 0x9CFF, 0x9CFF, 0x9CFF, 0x9CFF, 
    0x9CFF, 0x9CFF, 0x9CFF, 0x9CFF, 0x9CFF, 0x9CFF, 0x9CFF, 0x9CFF, 0x9CFF, 0x9CFF, 0x9CFF, 0x9CFF, 
    0x9CFF, 0x9CFF, 0x9CFF, 0x9CFF, 0x9CFF, 0x9CFF, 0x9CFF, 0x9CFF, 0x9CFF, 0x9CFF, 0x9CFF, 0x9CFF, 
    0x9CFF, 0x9CFF, 0x9CFF, 0x9CFF, 0x9CFF, 0x9CFF, 0x9CFF, 0x9CFF, 0x9CFF, 0x9CFF, 0x9CFF, 0x9CFF, 
    0x9CFF, 0x9CFF, 0x9CFF, 0x9CFF, 0x9CFF, 0x9CFF, 0x9CFF, 0x9CFF, 0x9CFF, 0x9CFF, 0x9CFF, 0x9CFF, 
    0x9CFF, 0x9CFF, 0x9CFF, 0x9CFF, 0x9CFF, 0x9CFF, 0x9CFF, 0x9CFF, 0x9CFF, 0x9CFF, 0x9CFF, 0x9CFF, 
    0x9CFF, 0x9CFF, 0x9CFF, 0x9CFF, 0x9CFF, 0x9CFF, 0x9CFF, 0x9CFF, 0x9CFF, 0x9CFF, 0x9CFF, 0x9CFF, 
    0x9CFF, 0x9CFF, 0x9CFF, 0x9CFF, 0x9CFF, 0x9CFF, 0x9CFF, 0x9CFF, 0x9CFF, 0x9CFF, 0x9CFF, 0x9CFF, 
    0x9CFF, 0x9CFF, 0x9CFF, 0x9CFF, 0x9CFF, 0x9CFF, 0x9CFF, 0x9CFF, 0x9CFF, 0x9CFF, 0x9CFF, 0x9CFF, 
    0x9CFF, 0x9CFF, 0x9CFF, 0x9CFF, 0x9CFF, 0x9CFF, 0x9CFF, 0x9CFF, 0x9CFF, 0x9CFF, 0x9CFF, 0x9CFF, 
    0x9CFF, 0x9CFF, 0x9CFF, 0x9CFF, 0x9CFF, 0x9CFF, 0x9CFF, 0x9CFF, 0x9CFF, 0x9CFF, 0x9CFF, 0x9CFF, 
    0x9CFF, 0x9CFF, 0x9CFF, 0x9CFF, 0x9CFF, 0x9CFF, 0x9CFF, 0x9CFF, 0x9CFF, 0x9CFF, 0x9CFF, 0x9CFF, 
    0x9CFF, 0x9CFF, 0x9CFF, 0x9CFF, 0x9CFF, 0x9CFF, 0x9CFF, 0x9CFF, 0x9CFF, 0x9CFF, 0x9CFF, 0x9CFF, 
    0x9CFF, 0x9CFF, 0x9CFF, 0x9CFF, 0x9CFF, 0x9CFF, 0x9CFF, 0x9CFF, 0x9CFF, 0x9CFF, 0x9CFF, 0x9CFF, 
    0x9CFF, 0x9CFF, 0x9CFF, 0x9CFF, 0x9CFF, 0x9CFF, 0x9CFF, 0x9CFF, 0x9CFF, 0x9CFF, 0x9CFF, 0x9CFF, 
    0x9CFF, 0x9CFF, 0x9CFF, 0x9CFF, 0x9CFF, 0x9CFF, 0x9CFF, 0x9CFF, 0x9CFF, 0x9CFF, 0x9CFF, 0x9BFF, 
    0xBDFF, 0xBACE, 0xD474, 0x9CAE, 0x1DBF, 0x1DB7, 0xFDBE, 0xFDBE, 0xFDBE, 0xFDBE, 0xFDBE, 0xFDBE, 
    0xFDBE, 0xFDBE, 0xFDBE, 0xFDBE, 0xFDBE, 0xFDBE, 0xFDBE, 0xFDBE, 0xFDBE, 0xFDBE, 0xFDBE, 0xFDBE, 
    0xFDBE, 0xFDBE, 0xFDBE, 0xFDBE, 
    0x9BAE, 0x1DBF, 0xFDBE, 0xFDBE, 0xFDBE, 0xFDBE, 0xFDBE, 0xFDBE, 
    0xFDBE, 0xFDBE, 0xFDBE, 0xFDBE, 0xFDBE, 0xFDBE, 0xFDBE, 0xFDBE, 0xFDBE, 0xFDBE, 0xFDBE, 0xFDBE, 
    0xFDBE, 0xFDBE, 0xFDBE, 0xFDB6, 0x1DBF, 0xB98D, 0x568D, 0x9CFF, 0x9CFF, 0x9DFF, 0x9CFF, 0x9CFF, 
    0x9CFF, 0x9CFF, 0x9CFF, 0x9CFF, 0x9CFF, 0x9CFF, 0x9CFF, 0x9CFF, 0x9CFF, 0x9CFF, 0x9CFF, 0x9CFF, 
    0x9CFF, 0x9CFF, 0x9CFF, 0x9CFF, 0x9CFF, 0x9CFF, 0x9CFF, 0x9CFF, 0x9CFF, 0x9CFF, 0x9CFF, 0x9CFF, 
    0x9CFF, 0x9CFF, 0x9CFF, 0x9CFF, 0x9CFF, 0x9CFF, 0x9CFF, 0x9CFF, 0x9CFF, 0x9CFF, 0x9CFF, 0x9CFF, 
    0x9CFF, 0x9CFF, 0x9CFF, 0x9CFF, 0x9CFF, 0x9CFF, 0x9CFF, 0x9CFF, 0x9CFF, 0x9CFF, 0x9CFF, 0x9CFF, 
    0x9CFF, 0x9CFF, 0x9CFF, 0x9CFF, 0x9CFF, 0x9CFF, 0x9CFF, 0x9CFF, 0x9CFF, 0x9CFF, 0x9CFF, 0x9CFF, 
    0x9CFF, 0x9CFF, 0x9CFF, 0x9CFF, 0x9CFF, 0x9CFF, 0x9CFF, 0x9CFF, 0x9CFF, 0x9CFF, 0x9CFF, 0x9CFF, 
    0x9CFF, 0x9CFF, 0x9CFF, 0x9CFF, 0x9CFF, 0x9CFF, 0x9CFF, 0x9CFF, 0x9CFF, 0x9CFF, 0x9CFF, 0x9CFF, 
    0x9CFF, 0x9CFF, 0x9CFF, 0x9CFF, 0x9CFF, 0x9CFF, 0x9CFF, 0x9CFF, 0x9CFF, 0x9CFF, 0x9CFF, 0x9CFF, 
    0x9CFF, 0x9CFF, 0x9CFF, 0x9CFF, 0x9CFF, 0x9CFF, 0x9CFF, 0x9CFF, 0x9CFF, 0x9CFF, 0x9CFF, 0x9CFF, 
    0x9CFF, 0x9CFF, 0x9CFF, 0x9CFF, 0x9CFF, 0x9CFF, 0x9CFF, 0x9CFF, 0x9CFF, 0x9CFF, 0x9CFF, 0x9CFF, 
    0x9CFF, 0x9CFF, 0x9CFF, 0x9CFF, 0x9CFF, 0x9CFF, 0x9CFF, 0x9CFF, 0x9CFF, 0x9CFF, 0x9CFF, 0x9CFF, 
    0x9CFF, 0x9CFF, 0x9CFF, 0x9CFF, 0x9CFF, 0x9CFF, 0x9CFF, 0x9CFF, 0x9CFF, 0x9CFF, 0x9CFF, 0x9CFF, 
    0x9CFF, 0x9CFF, 0x9CFF, 0x9CFF, 0x9CFF, 0x9CFF, 0x9CFF, 0x9CFF, 0x9CFF, 0x9CFF, 0x9CFF, 0x9CFF, 
    0x9CFF, 0x9CFF, 0x9CFF, 0x9CFF, 0x9CFF, 0x9CFF, 0x9CFF, 0x9CFF, 0x9CFF, 0x9CFF, 0x9CFF, 0x9CFF, 
    0x9CFF, 0x9CFF, 0x9CFF, 0x9CFF, 0x9CFF, 0x9CFF, 0x9CFF, 0x9CFF, 0x9CFF, 0x9CFF, 0x9CFF, 0x9CFF, 
    0x9CFF, 0x9CFF, 0x9CFF, 0x9CFF, 0x9CFF, 0x9CFF, 0x9CFF, 0x9CFF, 0x9CFF, 0x9CFF, 0x9CFF, 0x9CFF, 
    0x9CFF, 0x9CFF, 0x9CFF, 0x9CFF, 0x9CFF, 0x9CFF, 0x9CFF, 0x9CFF, 0x9CFF, 0x9CFF, 0x9CFF, 0x9CFF, 
    0x9CFF, 0x9CFF, 0x9CFF, 0x9CFF, 0x9CFF, 0x9CFF, 0x9CFF, 0x9CFF, 0x9CFF, 0x9CFF, 0x9CFF, 0x9CFF, 
    0x9CFF, 0x9CFF, 0x9CFF, 0x9CFF, 0x9CFF, 0x9CFF, 0x9CFF, 0x9BFF, 0xBDFF, 0xBACE, 0xD474, 0x9CAE, 
    0x1DBF, 0x1DB7, 0xFDBE, 0xFDBE, 0xFDBE, 0xFDBE, 0xFDBE, 0xFDBE, 0xFDBE, 0xFDBE, 0xFDBE, 0xFDBE, 
    0xFDBE, 0xFDBE, 0xFDBE, 0xFDBE, 0xFDBE, 0xFDBE, 0xFDBE, 0xFDBE, 0xFDBE, 0xFDBE, 0xFDBE, 0xFDBE, 
    
    0x9BAE, 0x1DBF, 0xFDBE, 0xFDBE, 0xFDBE, 0xFDBE, 0xFDBE, 0xFDBE, 0xFDBE, 0xFDBE, 0xFDBE, 0xFDBE, 
    0xFDBE, 0xFDBE, 0xFDBE, 0xFDBE, 0xFDBE, 0xFDBE, 0xFDBE, 0xFDBE, 0xFDBE, 0xFDBE, 0xFDBE, 0xFDB6, 
    0x1DBF, 0xB98D, 0x568D, 0x9CFF, 0x9CFF, 0x9DFF, 0x9CFF, 0x9CFF, 0x9CFF, 0x9CFF, 0x9CFF, 0x9CFF, 
    0x9CFF, 0x9CFF, 0x9CFF, 0x9CFF, 0x9CFF, 0x9CFF, 0x9CFF, 0x9CFF, 0x9CFF, 0x9CFF, 0x9CFF, 0x9CFF, 
    0x9CFF, 0x9CFF, 0x9CFF, 0x9CFF, 0x9CFF, 0x9CFF, 0x9CFF, 0x9CFF, 0x9CFF, 0x9CFF, 0x9CFF, 0x9CFF, 
    0x9CFF, 0x9CFF, 0x9CFF, 0x9CFF, 0x9CFF, 0x9CFF, 0x9CFF, 0x9CFF, 0x9CFF, 0x9CFF, 0x9CFF, 0x9CFF, 
    0x9CFF, 0x9CFF, 0x9CFF, 0x9CFF, 0x9CFF, 0x9CFF, 0x9CFF, 0x9CFF, 0x9CFF, 0x9CFF, 0x9CFF, 0x9CFF, 
    0x9CFF, 0x9CFF, 0x9CFF, 0x9CFF, 0x9CFF, 0x9CFF, 0x9CFF, 0x9CFF, 0x9CFF, 0x9CFF, 0x9CFF, 0x9CFF, 
    0x9CFF, 0x9CFF, 0x9CFF, 0x9CFF, 0x9CFF, 0x9CFF, 0x9CFF, 0x9CFF, 0x9CFF, 0x9CFF, 0x9CFF, 0x9CFF, 
    0x9CFF, 0x9CFF, 0x9CFF, 0x9CFF, 0x9CFF, 0x9CFF, 0x9CFF, 0x9CFF, 0x9CFF, 0x9CFF, 0x9CFF, 0x9CFF, 
    0x9CFF, 0x9CFF, 0x9CFF, 0x9CFF, 0x9CFF, 0x9CFF, 0x9CFF, 0x9CFF, 0x9CFF, 0x9CFF, 0x9CFF, 0x9CFF, 
    0x9CFF, 0x9CFF, 0x9CFF, 0x9CFF, 0x9CFF, 0x9CFF, 0x9CFF, 0x9CFF, 0x9CFF, 0x9CFF, 0x9CFF, 0x9CFF, 
    0x9CFF, 0x9CFF, 0x9CFF, 0x9CFF, 0x9CFF, 0x9CFF, 0x9CFF, 0x9CFF, 0x9CFF, 0x9CFF, 0x9CFF, 0x9CFF, 
    0x9CFF, 0x9CFF, 0x9CFF, 0x9CFF, 0x9CFF, 0x9CFF, 0x9CFF, 0x9CFF, 0x9CFF, 0x9CFF, 0x9CFF, 0x9CFF, 
    0x9CFF, 0x9CFF, 0x9CFF, 0x9CFF, 0x9CFF, 0x9CFF, 0x9CFF, 0x9CFF, 0x9CFF, 0x9CFF, 0x9CFF, 0x9CFF, 
    0x9CFF, 0x9CFF, 0x9CFF, 0x9CFF, 0x9CFF, 0x9CFF, 0x9CFF, 0x9CFF, 0x9CFF, 0x9CFF, 0x9CFF, 0x9CFF, 
    0x9CFF, 0x9CFF, 0x9CFF, 0x9CFF, 0x9CFF, 0x9CFF, 0x9CFF, 0x9CFF, 0x9CFF, 0x9CFF, 0x9CFF, 0x9CFF, 
    0x9CFF, 0x9CFF, 0x9CFF, 0x9CFF, 0x9CFF, 0x9CFF, 0x9CFF, 0x9CFF, 0x9CFF, 0x9CFF, 0x9CFF, 0x9CFF, 
    0x9CFF, 0x9CFF, 0x9CFF, 0x9CFF, 0x9CFF, 0x9CFF, 0x9CFF, 0x9CFF, 0x9CFF, 0x9CFF, 0x9CFF, 0x9CFF, 
    0x9CFF, 0x9CFF, 0x9CFF, 0x9CFF, 0x9CFF, 0x9CFF, 0x9CFF, 0x9CFF, 0x9CFF, 0x9CFF, 0x9CFF, 0x9CFF, 
    0x9CFF, 0x9CFF, 0x9CFF, 0x9CFF, 0x9CFF, 0x9CFF, 0x9CFF, 0x9CFF, 0x9CFF, 0x9CFF, 0x9CFF, 0x9CFF, 
    0x9CFF, 0x9CFF, 0x9CFF, 0x9BFF, 0xBDFF, 0xBACE, 0xD474, 0x9CAE, 0x1DBF, 0x1DB7, 0xFDBE, 0xFDBE, 
    0xFDBE, 0xFDBE, 0xFDBE, 0xFDBE, 0xFDBE, 0xFDBE, 0xFDBE, 0xFDBE, 0xFDBE, 0xFDBE, 0xFDBE, 0xFDBE, 
    0xFDBE, 0xFDBE, 0xFDBE, 0xFDBE, 0xFDBE, 0xFDBE, 0xFDBE, 0xFDBE, 
    0x9BAE, 0x1DBF, 0xFDBE, 0xFDBE, 
    0xFDBE, 0xFDBE, 0xFDBE, 0xFDBE, 0xFDBE, 0xFDBE, 0xFDBE, 0xFDBE, 0xFDBE, 0xFDBE, 0xFDBE, 0xFDBE, 
    0xFDBE, 0xFDBE, 0xFDBE, 0xFDBE, 0xFDBE, 0xFDBE, 0xFDBE, 0xFDB6, 0x1DBF, 0xB98D, 0x568D, 0x9CFF, 
    0x9CFF, 0x9DFF, 0x9CFF, 0x9CFF, 0x9CFF, 0x9CFF, 0x9CFF, 0x9CFF, 0x9CFF, 0x9CFF, 0x9CFF, 0x9CFF, 
    0x9CFF, 0x9CFF, 0x9CFF, 0x9CFF, 0x9CFF, 0x9CFF, 0x9CFF, 0x9CFF, 0x9CFF, 0x9CFF, 0x9CFF, 0x9CFF, 
    0x9CFF, 0x9CFF, 0x9CFF, 0x9CFF, 0x9CFF, 0x9CFF, 0x9CFF, 0x9CFF, 0x9CFF, 0x9CFF, 0x9CFF, 0x9CFF, 
    0x9CFF, 0x9CFF, 0x9CFF, 0x9CFF, 0x9CFF, 0x9CFF, 0x9CFF, 0x9CFF, 0x9CFF, 0x9CFF, 0x9CFF, 0x9CFF, 
    0x9CFF, 0x9CFF, 0x9CFF, 0x9CFF, 0x9CFF, 0x9CFF, 0x9CFF, 0x9CFF, 0x9CFF, 0x9CFF, 0x9CFF, 0x9CFF, 
    0x9CFF, 0x9CFF, 0x9CFF, 0x9CFF, 0x9CFF, 0x9CFF, 0x9CFF, 0x9CFF, 0x9CFF, 0x9CFF, 0x9CFF, 0x9CFF, 
    0x9CFF, 0x9CFF, 0x9CFF, 0x9CFF, 0x9CFF, 0x9CFF, 0x9CFF, 0x9CFF, 0x9CFF, 0x9CFF, 0x9CFF, 0x9CFF, 
    0x9CFF, 0x9CFF, 0x9CFF, 0x9CFF, 0x9CFF, 0x9CFF, 0x9CFF, 0x9CFF, 0x9CFF, 0x9CFF, 0x9CFF, 0x9CFF, 
    0x9CFF, 0x9CFF, 0x9CFF, 0x9CFF, 0x9CFF, 0x9CFF, 0x9CFF, 0x9CFF, 0x9CFF, 0x9CFF, 0x9CFF, 0x9CFF, 
    0x9CFF, 0x9CFF, 0x9CFF, 0x9CFF, 0x9CFF, 0x9CFF, 0x9CFF, 0x9CFF, 0x9CFF, 0x9CFF, 0x9CFF, 0x9CFF, 
    0x9CFF, 0x9CFF, 0x9CFF, 0x9CFF, 0x9CFF, 0x9CFF, 0x9CFF, 0x9CFF, 0x9CFF, 0x9CFF, 0x9CFF, 0x9CFF, 
    0x9CFF, 0x9CFF, 0x9CFF, 0x9CFF, 0x9CFF, 0x9CFF, 0x9CFF, 0x9CFF, 0x9CFF, 0x9CFF, 0x9CFF, 0x9CFF, 
    0x9CFF, 0x9CFF, 0x9CFF, 0x9CFF, 0x9CFF, 0x9CFF, 0x9CFF, 0x9CFF, 0x9CFF, 0x9CFF, 0x9CFF, 0x9CFF, 
    0x9CFF, 0x9CFF, 0x9CFF, 0x9CFF, 0x9CFF, 0x9CFF, 0x9CFF, 0x9CFF, 0x9CFF, 0x9CFF, 0x9CFF, 0x9CFF, 
    0x9CFF, 0x9CFF, 0x9CFF, 0x9CFF, 0x9CFF, 0x9CFF, 0x9CFF, 0x9CFF, 0x9CFF, 0x9CFF, 0x9CFF, 0x9CFF, 
    0x9CFF, 0x9CFF, 0x9CFF, 0x9CFF, 0x9CFF, 0x9CFF, 0x9CFF, 0x9CFF, 0x9CFF, 0x9CFF, 0x9CFF, 0x9CFF, 
    0x9CFF, 0x9CFF, 0x9CFF, 0x9CFF, 0x9CFF, 0x9CFF, 0x9CFF, 0x9CFF, 0x9CFF, 0x9CFF, 0x9CFF, 0x9CFF, 
    0x9CFF, 0x9CFF, 0x9CFF, 0x9CFF, 0x9CFF, 0x9CFF, 0x9CFF, 0x9CFF, 0x9CFF, 0x9CFF, 0x9CFF, 0x9CFF, 
    0x9CFF, 0x9CFF, 0x9CFF, 0x9CFF, 0x9CFF, 0x9CFF, 0x9CFF, 0x9CFF, 0x9CFF, 0x9CFF, 0x9CFF, 0x9BFF, 
    0xBDFF, 0xBACE, 0xD474, 0x9CAE, 0x1DBF, 0x1DB7, 0xFDBE, 0xFDBE, 0xFDBE, 0xFDBE, 0xFDBE, 0xFDBE, 
    0xFDBE, 0xFDBE, 0xFDBE, 0xFDBE, 0xFDBE, 0xFDBE, 0xFDBE, 0xFDBE, 0xFDBE, 0xFDBE, 0xFDBE, 0xFDBE, 
    0xFDBE, 0xFDBE, 0xFDBE, 0xFDBE, 
    0x9BAE, 0x1DBF, 0xFDBE, 0xFDBE, 0xFDBE, 0xFDBE, 0xFDBE, 0xFDBE, 
    0xFDBE, 0xFDBE, 0xFDBE, 0xFDBE, 0xFDBE, 0xFDBE, 0xFDBE, 0xFDBE, 0xFDBE, 0xFDBE, 0xFDBE, 0xFDBE, 
    0xFDBE, 0xFDBE, 0xFDBE, 0xFDB6, 0x1DBF, 0xB98D, 0x568D, 0x9CFF, 0x9CFF, 0x9DFF, 0x9CFF, 0x9CFF, 
    0x9CFF, 0x9CFF, 0x9CFF, 0x9CFF, 0x9CFF, 0x9CFF, 0x9CFF, 0x9CFF, 0x9CFF, 0x9CFF, 0x9CFF, 0x9CFF, 
    0x9CFF, 0x9CFF, 0x9CFF, 0x9CFF, 0x9CFF, 0x9CFF, 0x9CFF, 0x9CFF, 0x9CFF, 0x9CFF, 0x9CFF, 0x9CFF, 
    0x9CFF, 0x9CFF, 0x9CFF, 0x9CFF, 0x9CFF, 0x9CFF, 0x9CFF, 0x9CFF, 0x9CFF, 0x9CFF, 0x9CFF, 0x9CFF, 
    0x9CFF, 0x9CFF, 0x9CFF, 0x9CFF, 0x9CFF, 0x9CFF, 0x9CFF, 0x9CFF, 0x9CFF, 0x9CFF, 0x9CFF, 0x9CFF, 
    0x9CFF, 0x9CFF, 0x9CFF, 0x9CFF, 0x9CFF, 0x9CFF, 0x9CFF, 0x9CFF, 0x9CFF, 0x9CFF, 0x9CFF, 0x9CFF, 
    0x9CFF, 0x9CFF, 0x9CFF, 0x9CFF, 0x9CFF, 0x9CFF, 0x9CFF, 0x9CFF, 0x9CFF, 0x9CFF, 0x9CFF, 0x9CFF, 
    0x9CFF, 0x9CFF, 0x9CFF, 0x9CFF, 0x9CFF, 0x9CFF, 0x9CFF, 0x9CFF, 0x9CFF, 0x9CFF, 0x9CFF, 0x9CFF, 
    0x9CFF, 0x9CFF, 0x9CFF, 0x9CFF, 0x9CFF, 0x9CFF, 0x9CFF, 0x9CFF, 0x9CFF, 0x9CFF, 0x9CFF, 0x9CFF, 
    0x9CFF, 0x9CFF, 0x9CFF, 0x9CFF, 0x9CFF, 0x9CFF, 0x9CFF, 0x9CFF, 0x9CFF, 0x9CFF, 0x9CFF, 0x9CFF, 
    0x9CFF, 0x9CFF, 0x9CFF, 0x9CFF, 0x9CFF, 0x9CFF, 0x9CFF, 0x9CFF, 0x9CFF, 0x9CFF, 0x9CFF, 0x9CFF, 
    0x9CFF, 0x9CFF, 0x9CFF, 0x9CFF, 0x9CFF, 0x9CFF, 0x9CFF, 0x9CFF, 0x9CFF, 0x9CFF, 0x9CFF, 0x9CFF, 
    0x9CFF, 0x9CFF, 0x9CFF, 0x9CFF, 0x9CFF, 0x9CFF, 0x9CFF, 0x9CFF, 0x9CFF, 0x9CFF, 0x9CFF, 0x9CFF, 
    0x9CFF, 0x9CFF, 0x9CFF, 0x9CFF, 0x9CFF, 0x9CFF, 0x9CFF, 0x9CFF, 0x9CFF, 0x9CFF, 0x9CFF, 0x9CFF, 
    0x9CFF, 0x9CFF, 0x9CFF, 0x9CFF, 0x9CFF, 0x9CFF, 0x9CFF, 0x9CFF, 0x9CFF, 0x9CFF, 0x9CFF, 0x9CFF, 
    0x9CFF, 0x9CFF, 0x9CFF, 0x9CFF, 0x9CFF, 0x9CFF, 0x9CFF, 0x9CFF, 0x9CFF, 0x9CFF, 0x9CFF, 0x9CFF, 
    0x9CFF, 0x9CFF, 0x9CFF, 0x9CFF, 0x9CFF, 0x9CFF, 0x9CFF, 0x9CFF, 0x9CFF, 0x9CFF, 0x9CFF, 0x9CFF, 
    0x9CFF, 0x9CFF, 0x9CFF, 0x9CFF, 0x9CFF, 0x9CFF, 0x9CFF, 0x9CFF, 0x9CFF, 0x9CFF, 0x9CFF, 0x9CFF, 
    0x9CFF, 0x9CFF, 0x9CFF, 0x9CFF, 0x9CFF, 0x9CFF, 0x9CFF, 0x9CFF, 0x9CFF, 0x9CFF, 0x9CFF, 0x9CFF, 
    0x9CFF, 0x9CFF, 0x9CFF, 0x9CFF, 0x9CFF, 0x9CFF, 0x9CFF, 0x9BFF, 0xBDFF, 0xBACE, 0xD474, 0x9CAE, 
    0x1DBF, 0x1DB7, 0xFDBE, 0xFDBE, 0xFDBE, 0xFDBE, 0xFDBE, 0xFDBE, 0xFDBE, 0xFDBE, 0xFDBE, 0xFDBE, 
    0xFDBE, 0xFDBE, 0xFDBE, 0xFDBE, 0xFDBE, 0xFDBE, 0xFDBE, 0xFDBE, 0xFDBE, 0xFDBE, 0xFDBE, 0xFDBE, 
    
    0x9BAE, 0x1DBF, 0xFDBE, 0xFDBE, 0xFDBE, 0xFDBE, 0xFDBE, 0xFDBE, 0xFDBE, 0xFDBE, 0xFDBE, 0xFDBE, 
    0xFDBE, 0xFDBE, 0xFDBE, 0xFDBE, 0xFDBE, 0xFDBE, 0xFDBE, 0xFDBE, 0xFDBE, 0xFDBE, 0xFDBE, 0xFDB6, 
    0x1DBF, 0xB98D, 0x568D, 0x9CFF, 0x9CFF, 0x9DFF, 0x9CFF, 0x9CFF, 0x9CFF, 0x9CFF, 0x9CFF, 0x9CFF, 
    0x9CFF, 0x9CFF, 0x9CFF, 0x9CFF, 0x9CFF, 0x9CFF, 0x9CFF, 0x9CFF, 0x9CFF, 0x9CFF, 0x9CFF, 0x9CFF, 
    0x9CFF, 0x9CFF, 0x9CFF, 0x9CFF, 0x9CFF, 0x9CFF, 0x9CFF, 0x9CFF, 0x9CFF, 0x9CFF, 0x9CFF, 0x9CFF, 
    0x9CFF, 0x9CFF, 0x9CFF, 0x9CFF, 0x9CFF, 0x9CFF, 0x9CFF, 0x9CFF, 0x9CFF, 0x9CFF, 0x9CFF, 0x9CFF, 
    0x9CFF, 0x9CFF, 0x9CFF, 0x9CFF, 0x9CFF, 0x9CFF, 0x9CFF, 0x9CFF, 0x9CFF, 0x9CFF, 0x9CFF, 0x9CFF, 
    0x9CFF, 0x9CFF, 0x9CFF, 0x9CFF, 0x9CFF, 0x9CFF, 0x9CFF, 0x9CFF, 0x9CFF, 0x9CFF, 0x9CFF, 0x9CFF, 
    0x9CFF, 0x9CFF, 0x9CFF, 0x9CFF, 0x9CFF, 0x9CFF, 0x9CFF, 0x9CFF, 0x9CFF, 0x9CFF, 0x9CFF, 0x9CFF, 
    0x9CFF, 0x9CFF, 0x9CFF, 0x9CFF, 0x9CFF, 0x9CFF, 0x9CFF, 0x9CFF, 0x9CFF, 0x9CFF, 0x9CFF, 0x9CFF, 
    0x9CFF, 0x9CFF, 0x9CFF, 0x9CFF, 0x9CFF, 0x9CFF, 0x9CFF, 0x9CFF, 0x9CFF, 0x9CFF, 0x9CFF, 0x9CFF, 
    0x9CFF, 0x9CFF, 0x9CFF, 0x9CFF, 0x9CFF, 0x9CFF, 0x9CFF, 0x9CFF, 0x9CFF, 0x9CFF, 0x9CFF, 0x9CFF, 
    0x9CFF, 0x9CFF, 0x9CFF, 0x9CFF, 0x9CFF, 0x9CFF, 0x9CFF, 0x9CFF, 0x9CFF, 0x9CFF, 0x9CFF, 0x9CFF, 
    0x9CFF, 0x9CFF, 0x9CFF, 0x9CFF, 0x9CFF, 0x9CFF, 0x9CFF, 0x9CFF, 0x9CFF, 0x9CFF, 0x9CFF, 0x9CFF, 
    0x9CFF, 0x9CFF, 0x9CFF, 0x9CFF, 0x9CFF, 0x9CFF, 0x9CFF, 0x9CFF, 0x9CFF, 0x9CFF, 0x9CFF, 0x9CFF, 
    0x9CFF, 0x9CFF, 0x9CFF, 0x9CFF, 0x9CFF, 0x9CFF, 0x9CFF, 0x9CFF, 0x9CFF, 0x9CFF, 0x9CFF, 0x9CFF, 
    0x9CFF, 0x9CFF, 0x9CFF, 0x9CFF, 0x9CFF, 0x9CFF, 0x9CFF, 0x9CFF, 0x9CFF, 0x9CFF, 0x9CFF, 0x9CFF, 
    0x9CFF, 0x9CFF, 0x9CFF, 0x9CFF, 0x9CFF, 0x9CFF, 0x9CFF, 0x9CFF, 0x9CFF, 0x9CFF, 0x9CFF, 0x9CFF, 
    0x9CFF, 0x9CFF, 0x9CFF, 0x9CFF, 0x9CFF, 0x9CFF, 0x9CFF, 0x9CFF, 0x9CFF, 0x9CFF, 0x9CFF, 0x9CFF, 
    0x9CFF, 0x9CFF, 0x9CFF, 0x9CFF, 0x9CFF, 0x9CFF, 0x9CFF, 0x9CFF, 0x9CFF, 0x9CFF, 0x9CFF, 0x9CFF, 
    0x9CFF, 0x9CFF, 0x9CFF, 0x9CFF, 0x9CFF, 0x9CFF, 0x9CFF, 0x9CFF, 0x9CFF, 0x9CFF, 0x9CFF, 0x9CFF, 
    0x9CFF, 0x9CFF, 0x9CFF, 0x9BFF, 0xBDFF, 0xBACE, 0xD474, 0x9CAE, 0x1DBF, 0x1DB7, 0xFDBE, 0xFDBE, 
    0xFDBE, 0xFDBE, 0xFDBE, 0xFDBE, 0xFDBE, 0xFDBE, 0xFDBE, 0xFDBE, 0xFDBE, 0xFDBE, 0xFDBE, 0xFDBE, 
    0xFDBE, 0xFDBE, 0xFDBE, 0xFDBE, 0xFDBE, 0xFDBE, 0xFDBE, 0xFDBE, 
    0x9BAE, 0x1DBF, 0xFDBE, 0xFDBE, 
    0xFDBE, 0xFDBE, 0xFDBE, 0xFDBE, 0xFDBE, 0xFDBE, 0xFDBE, 0xFDBE, 0xFDBE, 0xFDBE, 0xFDBE, 0xFDBE, 
    0xFDBE, 0xFDBE, 0xFDBE, 0xFDBE, 0xFEBE, 0xFDBE, 0xFDBE, 0xFDBE, 0x1DBF, 0xB98D, 0x568D, 0x9CFF, 
    0x9CFF, 0x9CFF, 0x9CFF, 0x9CFF, 0x9CFF, 0x9CFF, 0x9CFF, 0x9CFF, 0x9CFF, 0x9CFF, 0x9CFF, 0x9CFF, 
    0x9CFF, 0x9CFF, 0x9CFF, 0x9CFF, 0x9CFF, 0x9CFF, 0x9CFF, 0x9CFF, 0x9CFF, 0x9CFF, 0x9CFF, 0x9CFF, 
    0x9CFF, 0x9CFF, 0x9CFF, 0x9CFF, 0x9CFF, 0x9CFF, 0x9CFF, 0x9CFF, 0x9CFF, 0x9CFF, 0x9CFF, 0x9CFF, 
    0x9CFF, 0x9CFF, 0x9CFF, 0x9CFF, 0x9CFF, 0x9CFF, 0x9CFF, 0x9CFF, 0x9CFF, 0x9CFF, 0x9CFF, 0x9CFF, 
    0x9CFF, 0x9CFF, 0x9CFF, 0x9CFF, 0x9CFF, 0x9CFF, 0x9CFF, 0x9CFF, 0x9CFF, 0x9CFF, 0x9CFF, 0x9CFF, 
    0x9CFF, 0x9CFF, 0x9CFF, 0x9CFF, 0x9CFF, 0x9CFF, 0x9CFF, 0x9CFF, 0x9CFF, 0x9CFF, 0x9CFF, 0x9CFF, 
    0x9CFF, 0x9CFF, 0x9CFF, 0x9CFF, 0x9CFF, 0x9CFF, 0x9CFF, 0x9CFF, 0x9CFF, 0x9CFF, 0x9CFF, 0x9CFF, 
    0x9CFF, 0x9CFF, 0x9CFF, 0x9CFF, 0x9CFF, 0x9CFF, 0x9CFF, 0x9CFF, 0x9CFF, 0x9CFF, 0x9CFF, 0x9CFF, 
    0x9CFF, 0x9CFF, 0x9CFF, 0x9CFF, 0x9CFF, 0x9CFF, 0x9CFF, 0x9CFF, 0x9CFF, 0x9CFF, 0x9CFF, 0x9CFF, 
    0x9CFF, 0x9CFF, 0x9CFF, 0x9CFF, 0x9CFF, 0x9CFF, 0x9CFF, 0x9CFF, 0x9CFF, 0x9CFF, 0x9CFF, 0x9CFF, 
    0x9CFF, 0x9CFF, 0x9CFF, 0x9CFF, 0x9CFF, 0x9CFF, 0x9CFF, 0x9CFF, 0x9CFF, 0x9CFF, 0x9CFF, 0x9CFF, 
    0x9CFF, 0x9CFF, 0x9CFF, 0x9CFF, 0x9CFF, 0x9CFF, 0x9CFF, 0x9CFF, 0x9CFF, 0x9CFF, 0x9CFF, 0x9CFF, 
    0x9CFF, 0x9CFF, 0x9CFF, 0x9CFF, 0x9CFF, 0x9CFF, 0x9CFF, 0x9CFF, 0x9CFF, 0x9CFF, 0x9CFF, 0x9CFF, 
    0x9CFF, 0x9CFF, 0x9CFF, 0x9CFF, 0x9CFF, 0x9CFF, 0x9CFF, 0x9CFF, 0x9CFF, 0x9CFF, 0x9CFF, 0x9CFF, 
    0x9CFF, 0x9CFF, 0x9CFF, 0x9CFF, 0x9CFF, 0x9CFF, 0x9CFF, 0x9CFF, 0x9CFF, 0x9CFF, 0x9CFF, 0x9CFF, 
    0x9CFF, 0x9CFF, 0x9CFF, 0x9CFF, 0x9CFF, 0x9CFF, 0x9CFF, 0x9CFF, 0x9CFF, 0x9CFF, 0x9CFF, 0x9CFF, 
    0x9CFF, 0x9CFF, 0x9CFF, 0x9CFF, 0x9CFF, 0x9CFF, 0x9CFF, 0x9CFF, 0x9CFF, 0x9CFF, 0x9CFF, 0x9CFF, 
    0x9CFF, 0x9CFF, 0x9CFF, 0x9CFF, 0x9CFF, 0x9CFF, 0x9CFF, 0x9CFF, 0x9CFF, 0x9CFF, 0x9CFF, 0x9CFF, 
    0x9CFF, 0x9CFF, 0x9CFF, 0x9CFF, 0x9CFF, 0x9CFF, 0x9CFF, 0x9CFF, 0x9CFF, 0x9CFF, 0x9CFF, 0x9BFF, 
    0xBDFF, 0xBACE, 0xD474, 0x9CAE, 0x1DBF, 0x1DB7, 0xFDBE, 0xFDBE, 0xFDBE, 0xFDBE, 0xFDBE, 0xFDBE, 
    0xFDBE, 0xFDBE, 0xFDBE, 0xFDBE, 0xFDBE, 0xFDBE, 0xFDBE, 0xFDBE, 0xFDBE, 0xFDBE, 0xFDBE, 0xFDBE, 
    0xFDBE, 0xFDBE, 0xFDBE, 0xFDBE, 
    0x9BAE, 0x1DBF, 0xFDBE, 0xFDBE, 0xFDBE, 0xFDBE, 0xFDBE, 0xFDBE, 
    0xFDBE, 0xFDBE, 0xFDBE, 0xFDBE, 0xFDBE, 0xFDBE, 0xFDBE, 0xFDBE, 0xFDBE, 0xFDBE, 0xFDBE, 0xFDBE, 
    0xFEBE, 0xFDBE, 0xFDBE, 0xFDBE, 0x1DBF, 0xB98D, 0x568D, 0x9CFF, 0x9CFF, 0x9CFF, 0x9CFF, 0x9CFF, 
    0x9CFF, 0x9CFF, 0x9CFF, 0x9CFF, 0x9CFF, 0x9CFF, 0x9CFF, 0x9CFF, 0x9CFF, 0x9CFF, 0x9CFF, 0x9CFF, 
    0x9CFF, 0x9CFF, 0x9CFF, 0x9CFF, 0x9CFF, 0x9CFF, 0x9CFF, 0x9CFF, 0x9CFF, 0x9CFF, 0x9CFF, 0x9CFF, 
    0x9CFF, 0x9CFF, 0x9CFF, 0x9CFF, 0x9CFF, 0x9CFF, 0x9CFF, 0x9CFF, 0x9CFF, 0x9CFF, 0x9CFF, 0x9CFF, 
    0x9CFF, 0x9CFF, 0x9CFF, 0x9CFF, 0x9CFF, 0x9CFF, 0x9CFF, 0x9CFF, 0x9CFF, 0x9CFF, 0x9CFF, 0x9CFF, 
    0x9CFF, 0x9CFF, 0x9CFF, 0x9CFF, 0x9CFF, 0x9CFF, 0x9CFF, 0x9CFF, 0x9CFF, 0x9CFF, 0x9CFF, 0x9CFF, 
    0x9CFF, 0x9CFF, 0x9CFF, 0x9CFF, 0x9CFF, 0x9CFF, 0x9CFF, 0x9CFF, 0x9CFF, 0x9CFF, 0x9CFF, 0x9CFF, 
    0x9CFF, 0x9CFF, 0x9CFF, 0x9CFF, 0x9CFF, 0x9CFF, 0x9CFF, 0x9CFF, 0x9CFF, 0x9CFF, 0x9CFF, 0x9CFF, 
    0x9CFF, 0x9CFF, 0x9CFF, 0x9CFF, 0x9CFF, 0x9CFF, 0x9CFF, 0x9CFF, 0x9CFF, 0x9CFF, 0x9CFF, 0x9CFF, 
    0x9CFF, 0x9CFF, 0x9CFF, 0x9CFF, 0x9CFF, 0x9CFF, 0x9CFF, 0x9CFF, 0x9CFF, 0x9CFF, 0x9CFF, 0x9CFF, 
    0x9CFF, 0x9CFF, 0x9CFF, 0x9CFF, 0x9CFF, 0x9CFF, 0x9CFF, 0x9CFF, 0x9CFF, 0x9CFF, 0x9CFF, 0x9CFF, 
    0x9CFF, 0x9CFF, 0x9CFF, 0x9CFF, 0x9CFF, 0x9CFF, 0x9CFF, 0x9CFF, 0x9CFF, 0x9CFF, 0x9CFF, 0x9CFF, 
    0x9CFF, 0x9CFF, 0x9CFF, 0x9CFF, 0x9CFF, 0x9CFF, 0x9CFF, 0x9CFF, 0x9CFF, 0x9CFF, 0x9CFF, 0x9CFF, 
    0x9CFF, 0x9CFF, 0x9CFF, 0x9CFF, 0x9CFF, 0x9CFF, 0x9CFF, 0x9CFF, 0x9CFF, 0x9CFF, 0x9CFF, 0x9CFF, 
    0x9CFF, 0x9CFF, 0x9CFF, 0x9CFF, 0x9CFF, 0x9CFF, 0x9CFF, 0x9CFF, 0x9CFF, 0x9CFF, 0x9CFF, 0x9CFF, 
    0x9CFF, 0x9CFF, 0x9CFF, 0x9CFF, 0x9CFF, 0x9CFF, 0x9CFF, 0x9CFF, 0x9CFF, 0x9CFF, 0x9CFF, 0x9CFF, 
    0x9CFF, 0x9CFF, 0x9CFF, 0x9CFF, 0x9CFF, 0x9CFF, 0x9CFF, 0x9CFF, 0x9CFF, 0x9CFF, 0x9CFF, 0x9CFF, 
    0x9CFF, 0x9CFF, 0x9CFF, 0x9CFF, 0x9CFF, 0x9CFF, 0x9CFF, 0x9CFF, 0x9CFF, 0x9CFF, 0x9CFF, 0x9CFF, 
    0x9CFF, 0x9CFF, 0x9CFF, 0x9CFF, 0x9CFF, 0x9CFF, 0x9CFF, 0x9CFF, 0x9CFF, 0x9CFF, 0x9CFF, 0x9CFF, 
    0x9CFF, 0x9CFF, 0x9CFF, 0x9CFF, 0x9CFF, 0x9CFF, 0x9CFF, 0x9BFF, 0xBDFF, 0xBACE, 0xD474, 0x9CAE, 
    0x1DBF, 0x1DB7, 0xFDBE, 0xFDBE, 0xFDBE, 0xFDBE, 0xFDBE, 0xFDBE, 0xFDBE, 0xFDBE, 0xFDBE, 0xFDBE, 
    0xFDBE, 0xFDBE, 0xFDBE, 0xFDBE, 0xFDBE, 0xFDBE, 0xFDBE, 0xFDBE, 0xFDBE, 0xFDBE, 0xFDBE, 0xFDBE, 
    
    0x9BAE, 0x1DBF, 0xFDBE, 0xFDBE, 0xFDBE, 0xFDBE, 0xFDBE, 0xFDBE, 0xFDBE, 0xFDBE, 0xFDBE, 0xFDBE, 
    0xFDBE, 0xFDBE, 0xFDBE, 0xFDBE, 0xFDBE, 0xFDBE, 0xFDBE, 0xFDBE, 0xFEBE, 0xFDBE, 0xFDBE, 0xFDBE, 
    0x1DBF, 0xB98D, 0x568D, 0x9CFF, 0x9CFF, 0x9CFF, 0x9CFF, 0x9CFF, 0x9CFF, 0x9CFF, 0x9CFF, 0x9CFF, 
    0x9CFF, 0x9CFF, 0x9CFF, 0x9CFF, 0x9CFF, 0x9CFF, 0x9CFF, 0x9CFF, 0x9CFF, 0x9CFF, 0x9CFF, 0x9CFF, 
    0x9CFF, 0x9CFF, 0x9CFF, 0x9CFF, 0x9CFF, 0x9CFF, 0x9CFF, 0x9CFF, 0x9CFF, 0x9CFF, 0x9CFF, 0x9CFF, 
    0x9CFF, 0x9CFF, 0x9CFF, 0x9CFF, 0x9CFF, 0x9CFF, 0x9CFF, 0x9CFF, 0x9CFF, 0x9CFF, 0x9CFF, 0x9CFF, 
    0x9CFF, 0x9CFF, 0x9CFF, 0x9CFF, 0x9CFF, 0x9CFF, 0x9CFF, 0x9CFF, 0x9CFF, 0x9CFF, 0x9CFF, 0x9CFF, 
    0x9CFF, 0x9CFF, 0x9CFF, 0x9CFF, 0x9CFF, 0x9CFF, 0x9CFF, 0x9CFF, 0x9CFF, 0x9CFF, 0x9CFF, 0x9CFF, 
    0x9CFF, 0x9CFF, 0x9CFF, 0x9CFF, 0x9CFF, 0x9CFF, 0x9CFF, 0x9CFF, 0x9CFF, 0x9CFF, 0x9CFF, 0x9CFF, 
    0x9CFF, 0x9CFF, 0x9CFF, 0x9CFF, 0x9CFF, 0x9CFF, 0x9CFF, 0x9CFF, 0x9CFF, 0x9CFF, 0x9CFF, 0x9CFF, 
    0x9CFF, 0x9CFF, 0x9CFF, 0x9CFF, 0x9CFF, 0x9CFF, 0x9CFF, 0x9CFF, 0x9CFF, 0x9CFF, 0x9CFF, 0x9CFF, 
    0x9CFF, 0x9CFF, 0x9CFF, 0x9CFF, 0x9CFF, 0x9CFF, 0x9CFF, 0x9CFF, 0x9CFF, 0x9CFF, 0x9CFF, 0x9CFF, 
    0x9CFF, 0x9CFF, 0x9CFF, 0x9CFF, 0x9CFF, 0x9CFF, 0x9CFF, 0x9CFF, 0x9CFF, 0x9CFF, 0x9CFF, 0x9CFF, 
    0x9CFF, 0x9CFF, 0x9CFF, 0x9CFF, 0x9CFF, 0x9CFF, 0x9CFF, 0x9CFF, 0x9CFF, 0x9CFF, 0x9CFF, 0x9CFF, 
    0x9CFF, 0x9CFF, 0x9CFF, 0x9CFF, 0x9CFF, 0x9CFF, 0x9CFF, 0x9CFF, 0x9CFF, 0x9CFF, 0x9CFF, 0x9CFF, 
    0x9CFF, 0x9CFF, 0x9CFF, 0x9CFF, 0x9CFF, 0x9CFF, 0x9CFF, 0x9CFF, 0x9CFF, 0x9CFF, 0x9CFF, 0x9CFF, 
    0x9CFF, 0x9CFF, 0x9CFF, 0x9CFF, 0x9CFF, 0x9CFF, 0x9CFF, 0x9CFF, 0x9CFF, 0x9CFF, 0x9CFF, 0x9CFF, 
    0x9CFF, 0x9CFF, 0x9CFF, 0x9CFF, 0x9CFF, 0x9CFF, 0x9CFF, 0x9CFF, 0x9CFF, 0x9CFF, 0x9CFF, 0x9CFF, 
    0x9CFF, 0x9CFF, 0x9CFF, 0x9CFF, 0x9CFF, 0x9CFF, 0x9CFF, 0x9CFF, 0x9CFF, 0x9CFF, 0x9CFF, 0x9CFF, 
    0x9CFF, 0x9CFF, 0x9CFF, 0x9CFF, 0x9CFF, 0x9CFF, 0x9CFF, 0x9CFF, 0x9CFF, 0x9CFF, 0x9CFF, 0x9CFF, 
    0x9CFF, 0x9CFF, 0x9CFF, 0x9CFF, 0x9CFF, 0x9CFF, 0x9CFF, 0x9CFF, 0x9CFF, 0x9CFF, 0x9CFF, 0x9CFF, 
    0x9CFF, 0x9CFF, 0x9CFF, 0x9BFF, 0xBDFF, 0xBACE, 0xD474, 0x9CAE, 0x1DBF, 0x1DB7, 0xFDBE, 0xFDBE, 
    0xFDBE, 0xFDBE, 0xFDBE, 0xFDBE, 0xFDBE, 0xFDBE, 0xFDBE, 0xFDBE, 0xFDBE, 0xFDBE, 0xFDBE, 0xFDBE, 
    0xFDBE, 0xFDBE, 0xFDBE, 0xFDBE, 0xFDBE, 0xFDBE, 0xFDBE, 0xFDBE, 
    0x9BAE, 0x1DBF, 0xFDBE, 0xFDBE, 
    0xFDBE, 0xFDBE, 0xFDBE, 0xFDBE, 0xFDBE, 0xFDBE, 0xFDBE, 0xFDBE, 0xFDBE, 0xFDBE, 0xFDBE, 0xFDBE, 
    0xFDBE, 0xFDBE, 0xFDBE, 0xFDBE, 0xFEBE, 0xFDBE, 0xFDBE, 0xFDBE, 0x1DBF, 0xB98D, 0x568D, 0x9CFF, 
    0x9CFF, 0x9CFF, 0x9CFF, 0x9CFF, 0x9CFF, 0x9CFF, 0x9CFF, 0x9CFF, 0x9CFF, 0x9CFF, 0x9CFF, 0x9CFF, 
    0x9CFF, 0x9CFF, 0x9CFF, 0x9CFF, 0x9CFF, 0x9CFF, 0x9CFF, 0x9CFF, 0x9CFF, 0x9CFF, 0x9CFF, 0x9CFF, 
    0x9CFF, 0x9CFF, 0x9CFF, 0x9CFF, 0x9CFF, 0x9CFF, 0x9CFF, 0x9CFF, 0x9CFF, 0x9CFF, 0x9CFF, 0x9CFF, 
    0x9CFF, 0x9CFF, 0x9CFF, 0x9CFF, 0x9CFF, 0x9CFF, 0x9CFF, 0x9CFF, 0x9CFF, 0x9CFF, 0x9CFF, 0x9CFF, 
    0x9CFF, 0x9CFF, 0x9CFF, 0x9CFF, 0x9CFF, 0x9CFF, 0x9CFF, 0x9CFF, 0x9CFF, 0x9CFF, 0x9CFF, 0x9CFF, 
    0x9CFF, 0x9CFF, 0x9CFF, 0x9CFF, 0x9CFF, 0x9CFF, 0x9CFF, 0x9CFF, 0x9CFF, 0x9CFF, 0x9CFF, 0x9CFF, 
    0x9CFF, 0x9CFF, 0x9CFF, 0x9CFF, 0x9CFF, 0x9CFF, 0x9CFF, 0x9CFF, 0x9CFF, 0x9CFF, 0x9CFF, 0x9CFF, 
    0x9CFF, 0x9CFF, 0x9CFF, 0x9CFF, 0x9CFF, 0x9CFF, 0x9CFF, 0x9CFF, 0x9CFF, 0x9CFF, 0x9CFF, 0x9CFF, 
    0x9CFF, 0x9CFF, 0x9CFF, 0x9CFF, 0x9CFF, 0x9CFF, 0x9CFF, 0x9CFF, 0x9CFF, 0x9CFF, 0x9CFF, 0x9CFF, 
    0x9CFF, 0x9CFF, 0x9CFF, 0x9CFF, 0x9CFF, 0x9CFF, 0x9CFF, 0x9CFF, 0x9CFF, 0x9CFF, 0x9CFF, 0x9CFF, 
    0x9CFF, 0x9CFF, 0x9CFF, 0x9CFF, 0x9CFF, 0x9CFF, 0x9CFF, 0x9CFF, 0x9CFF, 0x9CFF, 0x9CFF, 0x9CFF, 
    0x9CFF, 0x9CFF, 0x9CFF, 0x9CFF, 0x9CFF, 0x9CFF, 0x9CFF, 0x9CFF, 0x9CFF, 0x9CFF, 0x9CFF, 0x9CFF, 
    0x9CFF, 0x9CFF, 0x9CFF, 0x9CFF, 0x9CFF, 0x9CFF, 0x9CFF, 0x9CFF, 0x9CFF, 0x9CFF, 0x9CFF, 0x9CFF, 
    0x9CFF, 0x9CFF, 0x9CFF, 0x9CFF, 0x9CFF, 0x9CFF, 0x9CFF, 0x9CFF, 0x9CFF, 0x9CFF, 0x9CFF, 0x9CFF, 
    0x9CFF, 0x9CFF, 0x9CFF, 0x9CFF, 0x9CFF, 0x9CFF, 0x9CFF, 0x9CFF, 0x9CFF, 0x9CFF, 0x9CFF, 0x9CFF, 
    0x9CFF, 0x9CFF, 0x9CFF, 0x9CFF, 0x9CFF, 0x9CFF, 0x9CFF, 0x9CFF, 0x9CFF, 0x9CFF, 0x9CFF, 0x9CFF, 
    0x9CFF, 0x9CFF, 0x9CFF, 0x9CFF, 0x9CFF, 0x9CFF, 0x9CFF, 0x9CFF, 0x9CFF, 0x9CFF, 0x9CFF, 0x9CFF, 
    0x9CFF, 0x9CFF, 0x9CFF, 0x9CFF, 0x9CFF, 0x9CFF, 0x9CFF, 0x9CFF, 0x9CFF, 0x9CFF, 0x9CFF, 0x9CFF, 
    0x9CFF, 0x9CFF, 0x9CFF, 0x9CFF, 0x9CFF, 0x9CFF, 0x9CFF, 0x9CFF, 0x9CFF, 0x9CFF, 0x9CFF, 0x9BFF, 
    0xBDFF, 0xBACE, 0xD474, 0x9CAE, 0x1DBF, 0x1DB7, 0xFDBE, 0xFDBE, 0xFDBE, 0xFDBE, 0xFDBE, 0xFDBE, 
    0xFDBE, 0xFDBE, 0xFDBE, 0xFDBE, 0xFDBE, 0xFDBE, 0xFDBE, 0xFDBE, 0xFDBE, 0xFDBE, 0xFDBE, 0xFDBE, 
    0xFDBE, 0xFDBE, 0xFDBE, 0xFDBE, 
    0x9BAE, 0x1DBF, 0xFDBE, 0xFDBE, 0xFDBE, 0xFDBE, 0xFDBE, 0xFDBE, 
    0xFDBE, 0xFDBE, 0xFDBE, 0xFDBE, 0xFDBE, 0xFDBE, 0xFDBE, 0xFDBE, 0xFDBE, 0xFDBE, 0xFDBE, 0xFDBE, 
    0xFEBE, 0xFDBE, 0xFDBE, 0xFDBE, 0x1DBF, 0xB98D, 0x568D, 0x9CFF, 0x9CFF, 0x9CFF, 0x9CFF, 0x9CFF, 
    0x9CFF, 0x9CFF, 0x9CFF, 0x9CFF, 0x9CFF, 0x9CFF, 0x9CFF, 0x9CFF, 0x9CFF, 0x9CFF, 0x9CFF, 0x9CFF, 
    0x9CFF, 0x9CFF, 0x9CFF, 0x9CFF, 0x9CFF, 0x9CFF, 0x9CFF, 0x9CFF, 0x9CFF, 0x9CFF, 0x9CFF, 0x9CFF, 
    0x9CFF, 0x9CFF, 0x9CFF, 0x9CFF, 0x9CFF, 0x9CFF, 0x9CFF, 0x9CFF, 0x9CFF, 0x9CFF, 0x9CFF, 0x9CFF, 
    0x9CFF, 0x9CFF, 0x9CFF, 0x9CFF, 0x9CFF, 0x9CFF, 0x9CFF, 0x9CFF, 0x9CFF, 0x9CFF, 0x9CFF, 0x9CFF, 
    0x9CFF, 0x9CFF, 0x9CFF, 0x9CFF, 0x9CFF, 0x9CFF, 0x9CFF, 0x9CFF, 0x9CFF, 0x9CFF, 0x9CFF, 0x9CFF, 
    0x9CFF, 0x9CFF, 0x9CFF, 0x9CFF, 0x9CFF, 0x9CFF, 0x9CFF, 0x9CFF, 0x9CFF, 0x9CFF, 0x9CFF, 0x9CFF, 
    0x9CFF, 0x9CFF, 0x9CFF, 0x9CFF, 0x9CFF, 0x9CFF, 0x9CFF, 0x9CFF, 0x9CFF, 0x9CFF, 0x9CFF, 0x9CFF, 
    0x9CFF, 0x9CFF, 0x9CFF, 0x9CFF, 0x9CFF, 0x9CFF, 0x9CFF, 0x9CFF, 0x9CFF, 0x9CFF, 0x9CFF, 0x9CFF, 
    0x9CFF, 0x9CFF, 0x9CFF, 0x9CFF, 0x9CFF, 0x9CFF, 0x9CFF, 0x9CFF, 0x9CFF, 0x9CFF, 0x9CFF, 0x9CFF, 
    0x9CFF, 0x9CFF, 0x9CFF, 0x9CFF, 0x9CFF, 0x9CFF, 0x9CFF, 0x9CFF, 0x9CFF, 0x9CFF, 0x9CFF, 0x9CFF, 
    0x9CFF, 0x9CFF, 0x9CFF, 0x9CFF, 0x9CFF, 0x9CFF, 0x9CFF, 0x9CFF, 0x9CFF, 0x9CFF, 0x9CFF, 0x9CFF, 
    0x9CFF, 0x9CFF, 0x9CFF, 0x9CFF, 0x9CFF, 0x9CFF, 0x9CFF, 0x9CFF, 0x9CFF, 0x9CFF, 0x9CFF, 0x9CFF, 
    0x9CFF, 0x9CFF, 0x9CFF, 0x9CFF, 0x9CFF, 0x9CFF, 0x9CFF, 0x9CFF, 0x9CFF, 0x9CFF, 0x9CFF, 0x9CFF, 
    0x9CFF, 0x9CFF, 0x9CFF, 0x9CFF, 0x9CFF, 0x9CFF, 0x9CFF, 0x9CFF, 0x9CFF, 0x9CFF, 0x9CFF, 0x9CFF, 
    0x9CFF, 0x9CFF, 0x9CFF, 0x9CFF, 0x9CFF, 0x9CFF, 0x9CFF, 0x9CFF, 0x9CFF, 0x9CFF, 0x9CFF, 0x9CFF, 
    0x9CFF, 0x9CFF, 0x9CFF, 0x9CFF, 0x9CFF, 0x9CFF, 0x9CFF, 0x9CFF, 0x9CFF, 0x9CFF, 0x9CFF, 0x9CFF, 
    0x9CFF, 0x9CFF, 0x9CFF, 0x9CFF, 0x9CFF, 0x9CFF, 0x9CFF, 0x9CFF, 0x9CFF, 0x9CFF, 0x9CFF, 0x9CFF, 
    0x9CFF, 0x9CFF, 0x9CFF, 0x9CFF, 0x9CFF, 0x9CFF, 0x9CFF, 0x9CFF, 0x9CFF, 0x9CFF, 0x9CFF, 0x9CFF, 
    0x9CFF, 0x9CFF, 0x9CFF, 0x9CFF, 0x9CFF, 0x9CFF, 0x9CFF, 0x9BFF, 0xBDFF, 0xDBCE, 0xD474, 0x9CAE, 
    0x1DBF, 0x1DB7, 0xFDBE, 0xFDBE, 0xFDBE, 0xFDBE, 0xFDBE, 0xFDBE, 0xFDBE, 0xFDBE, 0xFDBE, 0xFDBE, 
    0xFDBE, 0xFDBE, 0xFDBE, 0xFDBE, 0xFDBE, 0xFDBE, 0xFDBE, 0xFDBE, 0xFDBE, 0xFDBE, 0xFDBE, 0xFDBE, 
    
    0x9BAE, 0x1DBF, 0xFDBE, 0xFDBE, 0xFDBE, 0xFDBE, 0xFDBE, 0xFDBE, 0xFDBE, 0xFDBE, 0xFDBE, 0xFDBE, 
    0xFDBE, 0xFDBE, 0xFDBE, 0xFDBE, 0xFDBE, 0xFDBE, 0xFDBE, 0xFDBE, 0xFEBE, 0xFDBE, 0xFDBE, 0xFDBE, 
    0x1DBF, 0xB98D, 0x568D, 0x9CFF, 0x9CFF, 0x9CFF, 0x9CFF, 0x9CFF, 0x9CFF, 0x9CFF, 0x9CFF, 0x9CFF, 
    0x9CFF, 0x9CFF, 0x9CFF, 0x9CFF, 0x9CFF, 0x9CFF, 0x9CFF, 0x9CFF, 0x9CFF, 0x9CFF, 0x9CFF, 0x9CFF, 
    0x9CFF, 0x9CFF, 0x9CFF, 0x9CFF, 0x9CFF, 0x9CFF, 0x9CFF, 0x9CFF, 0x9CFF, 0x9CFF, 0x9CFF, 0x9CFF, 
    0x9CFF, 0x9CFF, 0x9CFF, 0x9CFF, 0x9CFF, 0x9CFF, 0x9CFF, 0x9CFF, 0x9CFF, 0x9CFF, 0x9CFF, 0x9CFF, 
    0x9CFF, 0x9CFF, 0x9CFF, 0x9CFF, 0x9CFF, 0x9CFF, 0x9CFF, 0x9CFF, 0x9CFF, 0x9CFF, 0x9CFF, 0x9CFF, 
    0x9CFF, 0x9CFF, 0x9CFF, 0x9CFF, 0x9CFF, 0x9CFF, 0x9CFF, 0x9CFF, 0x9CFF, 0x9CFF, 0x9CFF, 0x9CFF, 
    0x9CFF, 0x9CFF, 0x9CFF, 0x9CFF, 0x9CFF, 0x9CFF, 0x9CFF, 0x9CFF, 0x9CFF, 0x9CFF, 0x9CFF, 0x9CFF, 
    0x9CFF, 0x9CFF, 0x9CFF, 0x9CFF, 0x9CFF, 0x9CFF, 0x9CFF, 0x9CFF, 0x9CFF, 0x9CFF, 0x9CFF, 0x9CFF, 
    0x9CFF, 0x9CFF, 0x9CFF, 0x9CFF, 0x9CFF, 0x9CFF, 0x9CFF, 0x9CFF, 0x9CFF, 0x9CFF, 0x9CFF, 0x9CFF, 
    0x9CFF, 0x9CFF, 0x9CFF, 0x9CFF, 0x9CFF, 0x9CFF, 0x9CFF, 0x9CFF, 0x9CFF, 0x9CFF, 0x9CFF, 0x9CFF, 
    0x9CFF, 0x9CFF, 0x9CFF, 0x9CFF, 0x9CFF, 0x9CFF, 0x9CFF, 0x9CFF, 0x9CFF, 0x9CFF, 0x9CFF, 0x9CFF, 
    0x9CFF, 0x9CFF, 0x9CFF, 0x9CFF, 0x9CFF, 0x9CFF, 0x9CFF, 0x9CFF, 0x9CFF, 0x9CFF, 0x9CFF, 0x9CFF, 
    0x9CFF, 0x9CFF, 0x9CFF, 0x9CFF, 0x9CFF, 0x9CFF, 0x9CFF, 0x9CFF, 0x9CFF, 0x9CFF, 0x9CFF, 0x9CFF, 
    0x9CFF, 0x9CFF, 0x9CFF, 0x9CFF, 0x9CFF, 0x9CFF, 0x9CFF, 0x9CFF, 0x9CFF, 0x9CFF, 0x9CFF, 0x9CFF, 
    0x9CFF, 0x9CFF, 0x9CFF, 0x9CFF, 0x9CFF, 0x9CFF, 0x9CFF, 0x9CFF, 0x9CFF, 0x9CFF, 0x9CFF, 0x9CFF, 
    0x9CFF, 0x9CFF, 0x9CFF, 0x9CFF, 0x9CFF, 0x9CFF, 0x9CFF, 0x9CFF, 0x9CFF, 0x9CFF, 0x9CFF, 0x9CFF, 
    0x9CFF, 0x9CFF, 0x9CFF, 0x9CFF, 0x9CFF, 0x9CFF, 0x9CFF, 0x9CFF, 0x9CFF, 0x9CFF, 0x9CFF, 0x9CFF, 
    0x9CFF, 0x9CFF, 0x9CFF, 0x9CFF, 0x9CFF, 0x9CFF, 0x9CFF, 0x9CFF, 0x9CFF, 0x9CFF, 0x9CFF, 0x9CFF, 
    0x9CFF, 0x9CFF, 0x9CFF, 0x9CFF, 0x9CFF, 0x9CFF, 0x9CFF, 0x9CFF, 0x9CFF, 0x9CFF, 0x9CFF, 0x9CFF, 
    0x9CFF, 0x9CFF, 0x9CFF, 0x9BFF, 0xBDFF, 0xDBCE, 0xD474, 0x9CAE, 0x1DBF, 0x1DB7, 0xFDBE, 0xFDBE, 
    0xFDBE, 0xFDBE, 0xFDBE, 0xFDBE, 0xFDBE, 0xFDBE, 0xFDBE, 0xFDBE, 0xFDBE, 0xFDBE, 0xFDBE, 0xFDBE, 
    0xFDBE, 0xFDBE, 0xFDBE, 0xFDBE, 0xFDBE, 0xFDBE, 0xFDBE, 0xFDBE, 
    0x9BAE, 0x1DBF, 0xFDBE, 0xFDBE, 
    0xFDBE, 0xFDBE, 0xFDBE, 0xFDBE, 0xFDBE, 0xFDBE, 0xFDBE, 0xFDBE, 0xFDBE, 0xFDBE, 0xFDBE, 0xFDBE, 
    0xFDBE, 0xFDBE, 0xFDBE, 0xFDBE, 0xFEBE, 0xFDBE, 0xFDBE, 0xFDBE, 0x1DBF, 0xB98D, 0x568D, 0x9CFF, 
    0x9CFF, 0x9CFF, 0x9CFF, 0x9CFF, 0x9CFF, 0x9CFF, 0x9CFF, 0x9CFF, 0x9CFF, 0x9CFF, 0x9CFF, 0x9CFF, 
    0x9CFF, 0x9CFF, 0x9CFF, 0x9CFF, 0x9CFF, 0x9CFF, 0x9CFF, 0x9CFF, 0x9CFF, 0x9CFF, 0x9CFF, 0x9CFF, 
    0x9CFF, 0x9CFF, 0x9CFF, 0x9CFF, 0x9CFF, 0x9CFF, 0x9CFF, 0x9CFF, 0x9CFF, 0x9CFF, 0x9CFF, 0x9CFF, 
    0x9CFF, 0x9CFF, 0x9CFF, 0x9CFF, 0x9CFF, 0x9CFF, 0x9CFF, 0x9CFF, 0x9CFF, 0x9CFF, 0x9CFF, 0x9CFF, 
    0x9CFF, 0x9CFF, 0x9CFF, 0x9CFF, 0x9CFF, 0x9CFF, 0x9CFF, 0x9CFF, 0x9CFF, 0x9CFF, 0x9CFF, 0x9CFF, 
    0x9CFF, 0x9CFF, 0x9CFF, 0x9CFF, 0x9CFF, 0x9CFF, 0x9CFF, 0x9CFF, 0x9CFF, 0x9CFF, 0x9CFF, 0x9CFF, 
    0x9CFF, 0x9CFF, 0x9CFF, 0x9CFF, 0x9CFF, 0x9CFF, 0x9CFF, 0x9CFF, 0x9CFF, 0x9CFF, 0x9CFF, 0x9CFF, 
    0x9CFF, 0x9CFF, 0x9CFF, 0x9CFF, 0x9CFF, 0x9CFF, 0x9CFF, 0x9CFF, 0x9CFF, 0x9CFF, 0x9CFF, 0x9CFF, 
    0x9CFF, 0x9CFF, 0x9CFF, 0x9CFF, 0x9CFF, 0x9CFF, 0x9CFF, 0x9CFF, 0x9CFF, 0x9CFF, 0x9CFF, 0x9CFF, 
    0x9CFF, 0x9CFF, 0x9CFF, 0x9CFF, 0x9CFF, 0x9CFF, 0x9CFF, 0x9CFF, 0x9CFF, 0x9CFF, 0x9CFF, 0x9CFF, 
    0x9CFF, 0x9CFF, 0x9CFF, 0x9CFF, 0x9CFF, 0x9CFF, 0x9CFF, 0x9CFF, 0x9CFF, 0x9CFF, 0x9CFF, 0x9CFF, 
    0x9CFF, 0x9CFF, 0x9CFF, 0x9CFF, 0x9CFF, 0x9CFF, 0x9CFF, 0x9CFF, 0x9CFF, 0x9CFF, 0x9CFF, 0x9CFF, 
    0x9CFF, 0x9CFF, 0x9CFF, 0x9CFF, 0x9CFF, 0x9CFF, 0x9CFF, 0x9CFF, 0x9CFF, 0x9CFF, 0x9CFF, 0x9CFF, 
    0x9CFF, 0x9CFF, 0x9CFF, 0x9CFF, 0x9CFF, 0x9CFF, 0x9CFF, 0x9CFF, 0x9CFF, 0x9CFF, 0x9CFF, 0x9CFF, 
    0x9CFF, 0x9CFF, 0x9CFF, 0x9CFF, 0x9CFF, 0x9CFF, 0x9CFF, 0x9CFF, 0x9CFF, 0x9CFF, 0x9CFF, 0x9CFF, 
    0x9CFF, 0x9CFF, 0x9CFF, 0x9CFF, 0x9CFF, 0x9CFF, 0x9CFF, 0x9CFF, 0x9CFF, 0x9CFF, 0x9CFF, 0x9CFF, 
    0x9CFF, 0x9CFF, 0x9CFF, 0x9CFF, 0x9CFF, 0x9CFF, 0x9CFF, 0x9CFF, 0x9CFF, 0x9CFF, 0x9CFF, 0x9CFF, 
    0x9CFF, 0x9CFF, 0x9CFF, 0x9CFF, 0x9CFF, 0x9CFF, 0x9CFF, 0x9CFF, 0x9CFF, 0x9CFF, 0x9CFF, 0x9CFF, 
    0x9CFF, 0x9CFF, 0x9CFF, 0x9CFF, 0x9CFF, 0x9CFF, 0x9CFF, 0x9CFF, 0x9CFF, 0x9CFF, 0x9CFF, 0x9BFF, 
    0xBDFF, 0xDBCE, 0xD474, 0x9CAE, 0x1DBF, 0x1DB7, 0xFDBE, 0xFDBE, 0xFDBE, 0xFDBE, 0xFDBE, 0xFDBE, 
    0xFDBE, 0xFDBE, 0xFDBE, 0xFDBE, 0xFDBE, 0xFDBE, 0xFDBE, 0xFDBE, 0xFDBE, 0xFDBE, 0xFDBE, 0xFDBE, 
    0xFDBE, 0xFDBE, 0xFDBE, 0xFDBE, 
    0x9BAE, 0x1DBF, 0xFDBE, 0xFDBE, 0xFDBE, 0xFDBE, 0xFDBE, 0xFDBE, 
    0xFDBE, 0xFDBE, 0xFDBE, 0xFDBE, 0xFDBE, 0xFDBE, 0xFDBE, 0xFDBE, 0xFDBE, 0xFDBE, 0xFDBE, 0xFDBE, 
    0xFEBE, 0xFDBE, 0xFDBE, 0xFDBE, 0x1DBF, 0xB98D, 0x568D, 0x9CFF, 0x9CFF, 0x9CFF, 0x9CFF, 0x9CFF, 
    0x9CFF, 0x9CFF, 0x9CFF, 0x9CFF, 0x9CFF, 0x9CFF, 0x9CFF, 0x9CFF, 0x9CFF, 0x9CFF, 0x9CFF, 0x9CFF, 
    0x9CFF, 0x9CFF, 0x9CFF, 0x9CFF, 0x9CFF, 0x9CFF, 0x9CFF, 0x9CFF, 0x9CFF, 0x9CFF, 0x9CFF, 0x9CFF, 
    0x9CFF, 0x9CFF, 0x9CFF, 0x9CFF, 0x9CFF, 0x9CFF, 0x9CFF, 0x9CFF, 0x9CFF, 0x9CFF, 0x9CFF, 0x9CFF, 
    0x9CFF, 0x9CFF, 0x9CFF, 0x9CFF, 0x9CFF, 0x9CFF, 0x9CFF, 0x9CFF, 0x9CFF, 0x9CFF, 0x9CFF, 0x9CFF, 
    0x9CFF, 0x9CFF, 0x9CFF, 0x9CFF, 0x9CFF, 0x9CFF, 0x9CFF, 0x9CFF, 0x9CFF, 0x9CFF, 0x9CFF, 0x9CFF, 
    0x9CFF, 0x9CFF, 0x9CFF, 0x9CFF, 0x9CFF, 0x9CFF, 0x9CFF, 0x9CFF, 0x9CFF, 0x9CFF, 0x9CFF, 0x9CFF, 
    0x9CFF, 0x9CFF, 0x9CFF, 0x9CFF, 0x9CFF, 0x9CFF, 0x9CFF, 0x9CFF, 0x9CFF, 0x9CFF, 0x9CFF, 0x9CFF, 
    0x9CFF, 0x9CFF, 0x9CFF, 0x9CFF, 0x9CFF, 0x9CFF, 0x9CFF, 0x9CFF, 0x9CFF, 0x9CFF, 0x9CFF, 0x9CFF, 
    0x9CFF, 0x9CFF, 0x9CFF, 0x9CFF, 0x9CFF, 0x9CFF, 0x9CFF, 0x9CFF, 0x9CFF, 0x9CFF, 0x9CFF, 0x9CFF, 
    0x9CFF, 0x9CFF, 0x9CFF, 0x9CFF, 0x9CFF, 0x9CFF, 0x9CFF, 0x9CFF, 0x9CFF, 0x9CFF, 0x9CFF, 0x9CFF, 
    0x9CFF, 0x9CFF, 0x9CFF, 0x9CFF, 0x9CFF, 0x9CFF, 0x9CFF, 0x9CFF, 0x9CFF, 0x9CFF, 0x9CFF, 0x9CFF, 
    0x9CFF, 0x9CFF, 0x9CFF, 0x9CFF, 0x9CFF, 0x9CFF, 0x9CFF, 0x9CFF, 0x9CFF, 0x9CFF, 0x9CFF, 0x9CFF, 
    0x9CFF, 0x9CFF, 0x9CFF, 0x9CFF, 0x9CFF, 0x9CFF, 0x9CFF, 0x9CFF, 0x9CFF, 0x9CFF, 0x9CFF, 0x9CFF, 
    0x9CFF, 0x9CFF, 0x9CFF, 0x9CFF, 0x9CFF, 0x9CFF, 0x9CFF, 0x9CFF, 0x9CFF, 0x9CFF, 0x9CFF, 0x9CFF, 
    0x9CFF, 0x9CFF, 0x9CFF, 0x9CFF, 0x9CFF, 0x9CFF, 0x9CFF, 0x9CFF, 0x9CFF, 0x9CFF, 0x9CFF, 0x9CFF, 
    0x9CFF, 0x9CFF, 0x9CFF, 0x9CFF, 0x9CFF, 0x9CFF, 0x9CFF, 0x9CFF, 0x9CFF, 0x9CFF, 0x9CFF, 0x9CFF, 
    0x9CFF, 0x9CFF, 0x9CFF, 0x9CFF, 0x9CFF, 0x9CFF, 0x9CFF, 0x9CFF, 0x9CFF, 0x9CFF, 0x9CFF, 0x9CFF, 
    0x9CFF, 0x9CFF, 0x9CFF, 0x9CFF, 0x9CFF, 0x9CFF, 0x9CFF, 0x9CFF, 0x9CFF, 0x9CFF, 0x9CFF, 0x9CFF, 
    0x9CFF, 0x9CFF, 0x9CFF, 0x9CFF, 0x9CFF, 0x9CFF, 0x9CFF, 0x9BFF, 0xBDFF, 0xDBCE, 0xD474, 0x9CAE, 
    0x1DBF, 0x1DB7, 0xFDBE, 0xFDBE, 0xFDBE, 0xFDBE, 0xFDBE, 0xFDBE, 0xFDBE, 0xFDBE, 0xFDBE, 0xFDBE, 
    0xFDBE, 0xFDBE, 0xFDBE, 0xFDBE, 0xFDBE, 0xFDBE, 0xFDBE, 0xFDBE, 0xFDBE, 0xFDBE, 0xFDBE, 0xFDBE, 
    
    0x9BAE, 0x1DBF, 0xFDBE, 0xFDBE, 0xFDBE, 0xFDBE, 0xFDBE, 0xFDBE, 0xFDBE, 0xFDBE, 0xFDBE, 0xFDBE, 
    0xFDBE, 0xFDBE, 0xFDBE, 0xFDBE, 0xFDBE, 0xFDBE, 0xFDBE, 0xFDBE, 0xFEBE, 0xFDBE, 0xFDBE, 0xFDBE, 
    0x1DBF, 0xB98D, 0x568D, 0x9CFF, 0x9CFF, 0x9CFF, 0x9CFF, 0x9CFF, 0x9CFF, 0x9CFF, 0x9CFF, 0x9CFF, 
    0x9CFF, 0x9CFF, 0x9CFF, 0x9CFF, 0x9CFF, 0x9CFF, 0x9CFF, 0x9CFF, 0x9CFF, 0x9CFF, 0x9CFF, 0x9CFF, 
    0x9CFF, 0x9CFF, 0x9CFF, 0x9CFF, 0x9CFF, 0x9CFF, 0x9CFF, 0x9CFF, 0x9CFF, 0x9CFF, 0x9CFF, 0x9CFF, 
    0x9CFF, 0x9CFF, 0x9CFF, 0x9CFF, 0x9CFF, 0x9CFF, 0x9CFF, 0x9CFF, 0x9CFF, 0x9CFF, 0x9CFF, 0x9CFF, 
    0x9CFF, 0x9CFF, 0x9CFF, 0x9CFF, 0x9CFF, 0x9CFF, 0x9CFF, 0x9CFF, 0x9CFF, 0x9CFF, 0x9CFF, 0x9CFF, 
    0x9CFF, 0x9CFF, 0x9CFF, 0x9CFF, 0x9CFF, 0x9CFF, 0x9CFF, 0x9CFF, 0x9CFF, 0x9CFF, 0x9CFF, 0x9CFF, 
    0x9CFF, 0x9CFF, 0x9CFF, 0x9CFF, 0x9CFF, 0x9CFF, 0x9CFF, 0x9CFF, 0x9CFF, 0x9CFF, 0x9CFF, 0x9CFF, 
    0x9CFF, 0x9CFF, 0x9CFF, 0x9CFF, 0x9CFF, 0x9CFF, 0x9CFF, 0x9CFF, 0x9CFF, 0x9CFF, 0x9CFF, 0x9CFF, 
    0x9CFF, 0x9CFF, 0x9CFF, 0x9CFF, 0x9CFF, 0x9CFF, 0x9CFF, 0x9CFF, 0x9CFF, 0x9CFF, 0x9CFF, 0x9CFF, 
    0x9CFF, 0x9CFF, 0x9CFF, 0x9CFF, 0x9CFF, 0x9CFF, 0x9CFF, 0x9CFF, 0x9CFF, 0x9CFF, 0x9CFF, 0x9CFF, 
    0x9CFF, 0x9CFF, 0x9CFF, 0x9CFF, 0x9CFF, 0x9CFF, 0x9CFF, 0x9CFF, 0x9CFF, 0x9CFF, 0x9CFF, 0x9CFF, 
    0x9CFF, 0x9CFF, 0x9CFF, 0x9CFF, 0x9CFF, 0x9CFF, 0x9CFF, 0x9CFF, 0x9CFF, 0x9CFF, 0x9CFF, 0x9CFF, 
    0x9CFF, 0x9CFF, 0x9CFF, 0x9CFF, 0x9CFF, 0x9CFF, 0x9CFF, 0x9CFF, 0x9CFF, 0x9CFF, 0x9CFF, 0x9CFF, 
    0x9CFF, 0x9CFF, 0x9CFF, 0x9CFF, 0x9CFF, 0x9CFF, 0x9CFF, 0x9CFF, 0x9CFF, 0x9CFF, 0x9CFF, 0x9CFF, 
    0x9CFF, 0x9CFF, 0x9CFF, 0x9CFF, 0x9CFF, 0x9CFF, 0x9CFF, 0x9CFF, 0x9CFF, 0x9CFF, 0x9CFF, 0x9CFF, 
    0x9CFF, 0x9CFF, 0x9CFF, 0x9CFF, 0x9CFF, 0x9CFF, 0x9CFF, 0x9CFF, 0x9CFF, 0x9CFF, 0x9CFF, 0x9CFF, 
    0x9CFF, 0x9CFF, 0x9CFF, 0x9CFF, 0x9CFF, 0x9CFF, 0x9CFF, 0x9CFF, 0x9CFF, 0x9CFF, 0x9CFF, 0x9CFF, 
    0x9CFF, 0x9CFF, 0x9CFF, 0x9CFF, 0x9CFF, 0x9CFF, 0x9CFF, 0x9CFF, 0x9CFF, 0x9CFF, 0x9CFF, 0x9CFF, 
    0x9CFF, 0x9CFF, 0x9CFF, 0x9CFF, 0x9CFF, 0x9CFF, 0x9CFF, 0x9CFF, 0x9CFF, 0x9CFF, 0x9CFF, 0x9CFF, 
    0x9CFF, 0x9CFF, 0x9CFF, 0x9BFF, 0xBDFF, 0xDBCE, 0xD474, 0x9CAE, 0x1DBF, 0x1DB7, 0xFDBE, 0xFDBE, 
    0xFDBE, 0xFDBE, 0xFDBE, 0xFDBE, 0xFDBE, 0xFDBE, 0xFDBE, 0xFDBE, 0xFDBE, 0xFDBE, 0xFDBE, 0xFDBE, 
    0xFDBE, 0xFDBE, 0xFDBE, 0xFDBE, 0xFDBE, 0xFDBE, 0xFDBE, 0xFDBE, 
    0x9BAE, 0x1DBF, 0xFDBE, 0xFDBE, 
    0xFDBE, 0xFDBE, 0xFDBE, 0xFDBE, 0xFDBE, 0xFDBE, 0xFDBE, 0xFDBE, 0xFDBE, 0xFDBE, 0xFDBE, 0xFDBE, 
    0xFDBE, 0xFDBE, 0xFDBE, 0xFDBE, 0xFEBE, 0xFDBE, 0xFDBE, 0xFDB6, 0x1DBF, 0xB98D, 0x568D, 0x9CFF, 
    0x9CFF, 0x9CFF, 0x9CFF, 0x9CFF, 0x9CFF, 0x9CFF, 0x9CFF, 0x9CFF, 0x9CFF, 0x9CFF, 0x9CFF, 0x9CFF, 
    0x9CFF, 0x9CFF, 0x9CFF, 0x9CFF, 0x9CFF, 0x9CFF, 0x9CFF, 0x9CFF, 0x9CFF, 0x9CFF, 0x9CFF, 0x9CFF, 
    0x9CFF, 0x9CFF, 0x9CFF, 0x9CFF, 0x9CFF, 0x9CFF, 0x9CFF, 0x9CFF, 0x9CFF, 0x9CFF, 0x9CFF, 0x9CFF, 
    0x9CFF, 0x9CFF, 0x9CFF, 0x9CFF, 0x9CFF, 0x9CFF, 0x9CFF, 0x9CFF, 0x9CFF, 0x9CFF, 0x9CFF, 0x9CFF, 
    0x9CFF, 0x9CFF, 0x9CFF, 0x9CFF, 0x9CFF, 0x9CFF, 0x9CFF, 0x9CFF, 0x9CFF, 0x9CFF, 0x9CFF, 0x9CFF, 
    0x9CFF, 0x9CFF, 0x9CFF, 0x9CFF, 0x9CFF, 0x9CFF, 0x9CFF, 0x9CFF, 0x9CFF, 0x9CFF, 0x9CFF, 0x9CFF, 
    0x9CFF, 0x9CFF, 0x9CFF, 0x9CFF, 0x9CFF, 0x9CFF, 0x9CFF, 0x9CFF, 0x9CFF, 0x9CFF, 0x9CFF, 0x9CFF, 
    0x9CFF, 0x9CFF, 0x9CFF, 0x9CFF, 0x9CFF, 0x9CFF, 0x9CFF, 0x9CFF, 0x9CFF, 0x9CFF, 0x9CFF, 0x9CFF, 
    0x9CFF, 0x9CFF, 0x9CFF, 0x9CFF, 0x9CFF, 0x9CFF, 0x9CFF, 0x9CFF, 0x9CFF, 0x9CFF, 0x9CFF, 0x9CFF, 
    0x9CFF, 0x9CFF, 0x9CFF, 0x9CFF, 0x9CFF, 0x9CFF, 0x9CFF, 0x9CFF, 0x9CFF, 0x9CFF, 0x9CFF, 0x9CFF, 
    0x9CFF, 0x9CFF, 0x9CFF, 0x9CFF, 0x9CFF, 0x9CFF, 0x9CFF, 0x9CFF, 0x9CFF, 0x9CFF, 0x9CFF, 0x9CFF, 
    0x9CFF, 0x9CFF, 0x9CFF, 0x9CFF, 0x9CFF, 0x9CFF, 0x9CFF, 0x9CFF, 0x9CFF, 0x9CFF, 0x9CFF, 0x9CFF, 
    0x9CFF, 0x9CFF, 0x9CFF, 0x9CFF, 0x9CFF, 0x9CFF, 0x9CFF, 0x9CFF, 0x9CFF, 0x9CFF, 0x9CFF, 0x9CFF, 
    0x9CFF, 0x9CFF, 0x9CFF, 0x9CFF, 0x9CFF, 0x9CFF, 0x9CFF, 0x9CFF, 0x9CFF, 0x9CFF, 0x9CFF, 0x9CFF, 
    0x9CFF, 0x9CFF, 0x9CFF, 0x9CFF, 0x9CFF, 0x9CFF, 0x9CFF, 0x9CFF, 0x9CFF, 0x9CFF, 0x9CFF, 0x9CFF, 
    0x9CFF, 0x9CFF, 0x9CFF, 0x9CFF, 0x9CFF, 0x9CFF, 0x9CFF, 0x9CFF, 0x9CFF, 0x9CFF, 0x9CFF, 0x9CFF, 
    0x9CFF, 0x9CFF, 0x9CFF, 0x9CFF, 0x9CFF, 0x9CFF, 0x9CFF, 0x9CFF, 0x9CFF, 0x9CFF, 0x9CFF, 0x9CFF, 
    0x9CFF, 0x9CFF, 0x9CFF, 0x9CFF, 0x9CFF, 0x9CFF, 0x9CFF, 0x9CFF, 0x9CFF, 0x9CFF, 0x9CFF, 0x9CFF, 
    0x9CFF, 0x9CFF, 0x9CFF, 0x9CFF, 0x9CFF, 0x9CFF, 0x9CFF, 0x9CFF, 0x9CFF, 0x9CFF, 0x9CFF, 0x9BFF, 
    0xBDFF, 0xBBCE, 0xD474, 0x9CAE, 0x1DBF, 0x1DB7, 0xFDBE, 0xFDBE, 0xFDBE, 0xFDBE, 0xFDBE, 0xFDBE, 
    0xFDBE, 0xFDBE, 0xFDBE, 0xFDBE, 0xFDBE, 0xFDBE, 0xFDBE, 0xFDBE, 0xFDBE, 0xFDBE, 0xFDBE, 0xFDBE, 
    0xFDBE, 0xFDBE, 0xFDBE, 0xFDBE, 
    0x9BAE, 0x1DBF, 0xFDBE, 0xFDBE, 0xFDBE, 0xFDBE, 0xFDBE, 0xFDBE, 
    0xFDBE, 0xFDBE, 0xFDBE, 0xFDBE, 0xFDBE, 0xFDBE, 0xFDBE, 0xFDBE, 0xFDBE, 0xFDBE, 0xFDBE, 0xFDBE, 
    0xFEBE, 0xFDBE, 0xFDBE, 0xFDB6, 0x1DBF, 0xB98D, 0x568D, 0x9CFF, 0x9CFF, 0x9CFF, 0x9CFF, 0x9CFF, 
    0x9CFF, 0x9CFF, 0x9CFF, 0x9CFF, 0x9CFF, 0x9CFF, 0x9CFF, 0x9CFF, 0x9CFF, 0x9CFF, 0x9CFF, 0x9CFF, 
    0x9CFF, 0x9CFF, 0x9CFF, 0x9CFF, 0x9CFF, 0x9CFF, 0x9CFF, 0x9CFF, 0x9CFF, 0x9CFF, 0x9CFF, 0x9CFF, 
    0x9CFF, 0x9CFF, 0x9CFF, 0x9CFF, 0x9CFF, 0x9CFF, 0x9CFF, 0x9CFF, 0x9CFF, 0x9CFF, 0x9CFF, 0x9CFF, 
    0x9CFF, 0x9CFF, 0x9CFF, 0x9CFF, 0x9CFF, 0x9CFF, 0x9CFF, 0x9CFF, 0x9CFF, 0x9CFF, 0x9CFF, 0x9CFF, 
    0x9CFF, 0x9CFF, 0x9CFF, 0x9CFF, 0x9CFF, 0x9CFF, 0x9CFF, 0x9CFF, 0x9CFF, 0x9CFF, 0x9CFF, 0x9CFF, 
    0x9CFF, 0x9CFF, 0x9CFF, 0x9CFF, 0x9CFF, 0x9CFF, 0x9CFF, 0x9CFF, 0x9CFF, 0x9CFF, 0x9CFF, 0x9CFF, 
    0x9CFF, 0x9CFF, 0x9CFF, 0x9CFF, 0x9CFF, 0x9CFF, 0x9CFF, 0x9CFF, 0x9CFF, 0x9CFF, 0x9CFF, 0x9CFF, 
    0x9CFF, 0x9CFF, 0x9CFF, 0x9CFF, 0x9CFF, 0x9CFF, 0x9CFF, 0x9CFF, 0x9CFF, 0x9CFF, 0x9CFF, 0x9CFF, 
    0x9CFF, 0x9CFF, 0x9CFF, 0x9CFF, 0x9CFF, 0x9CFF, 0x9CFF, 0x9CFF, 0x9CFF, 0x9CFF, 0x9CFF, 0x9CFF, 
    0x9CFF, 0x9CFF, 0x9CFF, 0x9CFF, 0x9CFF, 0x9CFF, 0x9CFF, 0x9CFF, 0x9CFF, 0x9CFF, 0x9CFF, 0x9CFF, 
    0x9CFF, 0x9CFF, 0x9CFF, 0x9CFF, 0x9CFF, 0x9CFF, 0x9CFF, 0x9CFF, 0x9CFF, 0x9CFF, 0x9CFF, 0x9CFF, 
    0x9CFF, 0x9CFF, 0x9CFF, 0x9CFF, 0x9CFF, 0x9CFF, 0x9CFF, 0x9CFF, 0x9CFF, 0x9CFF, 0x9CFF, 0x9CFF, 
    0x9CFF, 0x9CFF, 0x9CFF, 0x9CFF, 0x9CFF, 0x9CFF, 0x9CFF, 0x9CFF, 0x9CFF, 0x9CFF, 0x9CFF, 0x9CFF, 
    0x9CFF, 0x9CFF, 0x9CFF, 0x9CFF, 0x9CFF, 0x9CFF, 0x9CFF, 0x9CFF, 0x9CFF, 0x9CFF, 0x9CFF, 0x9CFF, 
    0x9CFF, 0x9CFF, 0x9CFF, 0x9CFF, 0x9CFF, 0x9CFF, 0x9CFF, 0x9CFF, 0x9CFF, 0x9CFF, 0x9CFF, 0x9CFF, 
    0x9CFF, 0x9CFF, 0x9CFF, 0x9CFF, 0x9CFF, 0x9CFF, 0x9CFF, 0x9CFF, 0x9CFF, 0x9CFF, 0x9CFF, 0x9CFF, 
    0x9CFF, 0x9CFF, 0x9CFF, 0x9CFF, 0x9CFF, 0x9CFF, 0x9CFF, 0x9CFF, 0x9CFF, 0x9CFF, 0x9CFF, 0x9CFF, 
    0x9CFF, 0x9CFF, 0x9CFF, 0x9CFF, 0x9CFF, 0x9CFF, 0x9CFF, 0x9CFF, 0x9CFF, 0x9CFF, 0x9CFF, 0x9CFF, 
    0x9CFF, 0x9CFF, 0x9CFF, 0x9CFF, 0x9CFF, 0x9CFF, 0x9CFF, 0x9BFF, 0xBDFF, 0xBBCE, 0xD474, 0x9CAE, 
    0x1DBF, 0x1DB7, 0xFDBE, 0xFDBE, 0xFDBE, 0xFDBE, 0xFDBE, 0xFDBE, 0xFDBE, 0xFDBE, 0xFDBE, 0xFDBE, 
    0xFDBE, 0xFDBE, 0xFDBE, 0xFDBE, 0xFDBE, 0xFDBE, 0xFDBE, 0xFDBE, 0xFDBE, 0xFDBE, 0xFDBE, 0xFDBE, 
    
    0x9BAE, 0x1DBF, 0xFDBE, 0xFDBE, 0xFDBE, 0xFDBE, 0xFDBE, 0xFDBE, 0xFDBE, 0xFDBE, 0xFDBE, 0xFDBE, 
    0xFDBE, 0xFDBE, 0xFDBE, 0xFDBE, 0xFDBE, 0xFDBE, 0xFDBE, 0xFDBE, 0xFEBE, 0xFDBE, 0xFDBE, 0xFDB6, 
    0x1DBF, 0xB98D, 0x568D, 0x9CFF, 0x9CFF, 0x9CFF, 0x9CFF, 0x9CFF, 0x9CFF, 0x9CFF, 0x9CFF, 0x9CFF, 
    0x9CFF, 0x9CFF, 0x9CFF, 0x9CFF, 0x9CFF, 0x9CFF, 0x9CFF, 0x9CFF, 0x9CFF, 0x9CFF, 0x9CFF, 0x9CFF, 
    0x9CFF, 0x9CFF, 0x9CFF, 0x9CFF, 0x9CFF, 0x9CFF, 0x9CFF, 0x9CFF, 0x9CFF, 0x9CFF, 0x9CFF, 0x9CFF, 
    0x9CFF, 0x9CFF, 0x9CFF, 0x9CFF, 0x9CFF, 0x9CFF, 0x9CFF, 0x9CFF, 0x9CFF, 0x9CFF, 0x9CFF, 0x9CFF, 
    0x9CFF, 0x9CFF, 0x9CFF, 0x9CFF, 0x9CFF, 0x9CFF, 0x9CFF, 0x9CFF, 0x9CFF, 0x9CFF, 0x9CFF, 0x9CFF, 
    0x9CFF, 0x9CFF, 0x9CFF, 0x9CFF, 0x9CFF, 0x9CFF, 0x9CFF, 0x9CFF, 0x9CFF, 0x9CFF, 0x9CFF, 0x9CFF, 
    0x9CFF, 0x9CFF, 0x9CFF, 0x9CFF, 0x9CFF, 0x9CFF, 0x9CFF, 0x9CFF, 0x9CFF, 0x9CFF, 0x9CFF, 0x9CFF, 
    0x9CFF, 0x9CFF, 0x9CFF, 0x9CFF, 0x9CFF, 0x9CFF, 0x9CFF, 0x9CFF, 0x9CFF, 0x9CFF, 0x9CFF, 0x9CFF, 
    0x9CFF, 0x9CFF, 0x9CFF, 0x9CFF, 0x9CFF, 0x9CFF, 0x9CFF, 0x9CFF, 0x9CFF, 0x9CFF, 0x9CFF, 0x9CFF, 
    0x9CFF, 0x9CFF, 0x9CFF, 0x9CFF, 0x9CFF, 0x9CFF, 0x9CFF, 0x9CFF, 0x9CFF, 0x9CFF, 0x9CFF, 0x9CFF, 
    0x9CFF, 0x9CFF, 0x9CFF, 0x9CFF, 0x9CFF, 0x9CFF, 0x9CFF, 0x9CFF, 0x9CFF, 0x9CFF, 0x9CFF, 0x9CFF, 
    0x9CFF, 0x9CFF, 0x9CFF, 0x9CFF, 0x9CFF, 0x9CFF, 0x9CFF, 0x9CFF, 0x9CFF, 0x9CFF, 0x9CFF, 0x9CFF, 
    0x9CFF, 0x9CFF, 0x9CFF, 0x9CFF, 0x9CFF, 0x9CFF, 0x9CFF, 0x9CFF, 0x9CFF, 0x9CFF, 0x9CFF, 0x9CFF, 
    0x9CFF, 0x9CFF, 0x9CFF, 0x9CFF, 0x9CFF, 0x9CFF, 0x9CFF, 0x9CFF, 0x9CFF, 0x9CFF, 0x9CFF, 0x9CFF, 
    0x9CFF, 0x9CFF, 0x9CFF, 0x9CFF, 0x9CFF, 0x9CFF, 0x9CFF, 0x9CFF, 0x9CFF, 0x9CFF, 0x9CFF, 0x9CFF, 
    0x9CFF, 0x9CFF, 0x9CFF, 0x9CFF, 0x9CFF, 0x9CFF, 0x9CFF, 0x9CFF, 0x9CFF, 0x9CFF, 0x9CFF, 0x9CFF, 
    0x9CFF, 0x9CFF, 0x9CFF, 0x9CFF, 0x9CFF, 0x9CFF, 0x9CFF, 0x9CFF, 0x9CFF, 0x9CFF, 0x9CFF, 0x9CFF, 
    0x9CFF, 0x9CFF, 0x9CFF, 0x9CFF, 0x9CFF, 0x9CFF, 0x9CFF, 0x9CFF, 0x9CFF, 0x9CFF, 0x9CFF, 0x9CFF, 
    0x9CFF, 0x9CFF, 0x9CFF, 0x9CFF, 0x9CFF, 0x9CFF, 0x9CFF, 0x9CFF, 0x9CFF, 0x9CFF, 0x9CFF, 0x9CFF, 
    0x9CFF, 0x9CFF, 0x9CFF, 0x9BFF, 0xBDFF, 0xBBCE, 0xD474, 0x9CAE, 0x1DBF, 0x1DB7, 0xFDBE, 0xFDBE, 
    0xFDBE, 0xFDBE, 0xFDBE, 0xFDBE, 0xFDBE, 0xFDBE, 0xFDBE, 0xFDBE, 0xFDBE, 0xFDBE, 0xFDBE, 0xFDBE, 
    0xFDBE, 0xFDBE, 0xFDBE, 0xFDBE, 0xFDBE, 0xFDBE, 0xFDBE, 0xFDBE, 
    0x9BAE, 0x1DBF, 0xFDBE, 0xFDBE, 
    0xFDBE, 0xFDBE, 0xFDBE, 0xFDBE, 0xFDBE, 0xFDBE, 0xFDBE, 0xFDBE, 0xFDBE, 0xFDBE, 0xFDBE, 0xFDBE, 
    0xFDBE, 0xFDBE, 0xFDBE, 0xFDBE, 0xFEBE, 0xFDBE, 0xFDBE, 0xFDB6, 0x1DBF, 0xB98D, 0x568D, 0x9CFF, 
    0x9CFF, 0x9CFF, 0x9CFF, 0x9CFF, 0x9CFF, 0x9CFF, 0x9CFF, 0x9CFF, 0x9CFF, 0x9CFF, 0x9CFF, 0x9CFF, 
    0x9CFF, 0x9CFF, 0x9CFF, 0x9CFF, 0x9CFF, 0x9CFF, 0x9CFF, 0x9CFF, 0x9CFF, 0x9CFF, 0x9CFF, 0x9CFF, 
    0x9CFF, 0x9CFF, 0x9CFF, 0x9CFF, 0x9CFF, 0x9CFF, 0x9CFF, 0x9CFF, 0x9CFF, 0x9CFF, 0x9CFF, 0x9CFF, 
    0x9CFF, 0x9CFF, 0x9CFF, 0x9CFF, 0x9CFF, 0x9CFF, 0x9CFF, 0x9CFF, 0x9CFF, 0x9CFF, 0x9CFF, 0x9CFF, 
    0x9CFF, 0x9CFF, 0x9CFF, 0x9CFF, 0x9CFF, 0x9CFF, 0x9CFF, 0x9CFF, 0x9CFF, 0x9CFF, 0x9CFF, 0x9CFF, 
    0x9CFF, 0x9CFF, 0x9CFF, 0x9CFF, 0x9CFF, 0x9CFF, 0x9CFF, 0x9CFF, 0x9CFF, 0x9CFF, 0x9CFF, 0x9CFF, 
    0x9CFF, 0x9CFF, 0x9CFF, 0x9CFF, 0x9CFF, 0x9CFF, 0x9CFF, 0x9CFF, 0x9CFF, 0x9CFF, 0x9CFF, 0x9CFF, 
    0x9CFF, 0x9CFF, 0x9CFF, 0x9CFF, 0x9CFF, 0x9CFF, 0x9CFF, 0x9CFF, 0x9CFF, 0x9CFF, 0x9CFF, 0x9CFF, 
    0x9CFF, 0x9CFF, 0x9CFF, 0x9CFF, 0x9CFF, 0x9CFF, 0x9CFF, 0x9CFF, 0x9CFF, 0x9CFF, 0x9CFF, 0x9CFF, 
    0x9CFF, 0x9CFF, 0x9CFF, 0x9CFF, 0x9CFF, 0x9CFF, 0x9CFF, 0x9CFF, 0x9CFF, 0x9CFF, 0x9CFF, 0x9CFF, 
    0x9CFF, 0x9CFF, 0x9CFF, 0x9CFF, 0x9CFF, 0x9CFF, 0x9CFF, 0x9CFF, 0x9CFF, 0x9CFF, 0x9CFF, 0x9CFF, 
    0x9CFF, 0x9CFF, 0x9CFF, 0x9CFF, 0x9CFF, 0x9CFF, 0x9CFF, 0x9CFF, 0x9CFF, 0x9CFF, 0x9CFF, 0x9CFF, 
    0x9CFF, 0x9CFF, 0x9CFF, 0x9CFF, 0x9CFF, 0x9CFF, 0x9CFF, 0x9CFF, 0x9CFF, 0x9CFF, 0x9CFF, 0x9CFF, 
    0x9CFF, 0x9CFF, 0x9CFF, 0x9CFF, 0x9CFF, 0x9CFF, 0x9CFF, 0x9CFF, 0x9CFF, 0x9CFF, 0x9CFF, 0x9CFF, 
    0x9CFF, 0x9CFF, 0x9CFF, 0x9CFF, 0x9CFF, 0x9CFF, 0x9CFF, 0x9CFF, 0x9CFF, 0x9CFF, 0x9CFF, 0x9CFF, 
    0x9CFF, 0x9CFF, 0x9CFF, 0x9CFF, 0x9CFF, 0x9CFF, 0x9CFF, 0x9CFF, 0x9CFF, 0x9CFF, 0x9CFF, 0x9CFF, 
    0x9CFF, 0x9CFF, 0x9CFF, 0x9CFF, 0x9CFF, 0x9CFF, 0x9CFF, 0x9CFF, 0x9CFF, 0x9CFF, 0x9CFF, 0x9CFF, 
    0x9CFF, 0x9CFF, 0x9CFF, 0x9CFF, 0x9CFF, 0x9CFF, 0x9CFF, 0x9CFF, 0x9CFF, 0x9CFF, 0x9CFF, 0x9CFF, 
    0x9CFF, 0x9CFF, 0x9CFF, 0x9CFF, 0x9CFF, 0x9CFF, 0x9CFF, 0x9CFF, 0x9CFF, 0x9CFF, 0x9CFF, 0x9BFF, 
    0xBDFF, 0xBBCE, 0xD474, 0x9CAE, 0x1DBF, 0x1DB7, 0xFDBE, 0xFDBE, 0xFDBE, 0xFDBE, 0xFDBE, 0xFDBE, 
    0xFDBE, 0xFDBE, 0xFDBE, 0xFDBE, 0xFDBE, 0xFDBE, 0xFDBE, 0xFDBE, 0xFDBE, 0xFDBE, 0xFDBE, 0xFDBE, 
    0xFDBE, 0xFDBE, 0xFDBE, 0xFDBE, 
    0x9BAE, 0x1DBF, 0xFDBE, 0xFDBE, 0xFDBE, 0xFDBE, 0xFDBE, 0xFDBE, 
    0xFDBE, 0xFDBE, 0xFDBE, 0xFDBE, 0xFDBE, 0xFDBE, 0xFDBE, 0xFDBE, 0xFDBE, 0xFDBE, 0xFDBE, 0xFDBE, 
    0xFEBE, 0xFDBE, 0xFDBE, 0xFDB6, 0x1DBF, 0xB98D, 0x568D, 0x9CFF, 0x9CFF, 0x9CFF, 0x9CFF, 0x9CFF, 
    0x9CFF, 0x9CFF, 0x9CFF, 0x9CFF, 0x9CFF, 0x9CFF, 0x9CFF, 0x9CFF, 0x9CFF, 0x9CFF, 0x9CFF, 0x9CFF, 
    0x9CFF, 0x9CFF, 0x9CFF, 0x9CFF, 0x9CFF, 0x9CFF, 0x9CFF, 0x9CFF, 0x9CFF, 0x9CFF, 0x9CFF, 0x9CFF, 
    0x9CFF, 0x9CFF, 0x9CFF, 0x9CFF, 0x9CFF, 0x9CFF, 0x9CFF, 0x9CFF, 0x9CFF, 0x9CFF, 0x9CFF, 0x9CFF, 
    0x9CFF, 0x9CFF, 0x9CFF, 0x9CFF, 0x9CFF, 0x9CFF, 0x9CFF, 0x9CFF, 0x9CFF, 0x9CFF, 0x9CFF, 0x9CFF, 
    0x9CFF, 0x9CFF, 0x9CFF, 0x9CFF, 0x9CFF, 0x9CFF, 0x9CFF, 0x9CFF, 0x9CFF, 0x9CFF, 0x9CFF, 0x9CFF, 
    0x9CFF, 0x9CFF, 0x9CFF, 0x9CFF, 0x9CFF, 0x9CFF, 0x9CFF, 0x9CFF, 0x9CFF, 0x9CFF, 0x9CFF, 0x9CFF, 
    0x9CFF, 0x9CFF, 0x9CFF, 0x9CFF, 0x9CFF, 0x9CFF, 0x9CFF, 0x9CFF, 0x9CFF, 0x9CFF, 0x9CFF, 0x9CFF, 
    0x9CFF, 0x9CFF, 0x9CFF, 0x9CFF, 0x9CFF, 0x9CFF, 0x9CFF, 0x9CFF, 0x9CFF, 0x9CFF, 0x9CFF, 0x9CFF, 
    0x9CFF, 0x9CFF, 0x9CFF, 0x9CFF, 0x9CFF, 0x9CFF, 0x9CFF, 0x9CFF, 0x9CFF, 0x9CFF, 0x9CFF, 0x9CFF, 
    0x9CFF, 0x9CFF, 0x9CFF, 0x9CFF, 0x9CFF, 0x9CFF, 0x9CFF, 0x9CFF, 0x9CFF, 0x9CFF, 0x9CFF, 0x9CFF, 
    0x9CFF, 0x9CFF, 0x9CFF, 0x9CFF, 0x9CFF, 0x9CFF, 0x9CFF, 0x9CFF, 0x9CFF, 0x9CFF, 0x9CFF, 0x9CFF, 
    0x9CFF, 0x9CFF, 0x9CFF, 0x9CFF, 0x9CFF, 0x9CFF, 0x9CFF, 0x9CFF, 0x9CFF, 0x9CFF, 0x9CFF, 0x9CFF, 
    0x9CFF, 0x9CFF, 0x9CFF, 0x9CFF, 0x9CFF, 0x9CFF, 0x9CFF, 0x9CFF, 0x9CFF, 0x9CFF, 0x9CFF, 0x9CFF, 
    0x9CFF, 0x9CFF, 0x9CFF, 0x9CFF, 0x9CFF, 0x9CFF, 0x9CFF, 0x9CFF, 0x9CFF, 0x9CFF, 0x9CFF, 0x9CFF, 
    0x9CFF, 0x9CFF, 0x9CFF, 0x9CFF, 0x9CFF, 0x9CFF, 0x9CFF, 0x9CFF, 0x9CFF, 0x9CFF, 0x9CFF, 0x9CFF, 
    0x9CFF, 0x9CFF, 0x9CFF, 0x9CFF, 0x9CFF, 0x9CFF, 0x9CFF, 0x9CFF, 0x9CFF, 0x9CFF, 0x9CFF, 0x9CFF, 
    0x9CFF, 0x9CFF, 0x9CFF, 0x9CFF, 0x9CFF, 0x9CFF, 0x9CFF, 0x9CFF, 0x9CFF, 0x9CFF, 0x9CFF, 0x9CFF, 
    0x9CFF, 0x9CFF, 0x9CFF, 0x9CFF, 0x9CFF, 0x9CFF, 0x9CFF, 0x9CFF, 0x9CFF, 0x9CFF, 0x9CFF, 0x9CFF, 
    0x9CFF, 0x9CFF, 0x9CFF, 0x9CFF, 0x9CFF, 0x9CFF, 0x9CFF, 0x9BFF, 0xBDFF, 0xBBCE, 0xD474, 0x9CAE, 
    0x1DBF, 0x1DB7, 0xFDBE, 0xFDBE, 0xFDBE, 0xFDBE, 0xFDBE, 0xFDBE, 0xFDBE, 0xFDBE, 0xFDBE, 0xFDBE, 
    0xFDBE, 0xFDBE, 0xFDBE, 0xFDBE, 0xFDBE, 0xFDBE, 0xFDBE, 0xFDBE, 0xFDBE, 0xFDBE, 0xFDBE, 0xFDBE, 
    
    0x9BAE, 0x1DBF, 0xFDBE, 0xFDBE, 0xFDBE, 0xFDBE, 0xFDBE, 0xFDBE, 0xFDBE, 0xFDBE, 0xFDBE, 0xFDBE, 
    0xFDBE, 0xFDBE, 0xFDBE, 0xFDBE, 0xFDBE, 0xFDBE, 0xFDBE, 0xFDBE, 0xFEBE, 0xFDBE, 0xFDBE, 0xFDB6, 
    0x1DBF, 0xB98D, 0x568D, 0x9BFF, 0x9CFF, 0x9CFF, 0x9CFF, 0x9CFF, 0x9CFF, 0x9CFF, 0x9CFF, 0x9CFF, 
    0x9CFF, 0x9CFF, 0x9CFF, 0x9CFF, 0x9CFF, 0x9CFF, 0x9CFF, 0x9CFF, 0x9CFF, 0x9CFF, 0x9CFF, 0x9CFF, 
    0x9CFF, 0x9CFF, 0x9CFF, 0x9CFF, 0x9CFF, 0x9CFF, 0x9CFF, 0x9CFF, 0x9CFF, 0x9CFF, 0x9CFF, 0x9CFF, 
    0x9CFF, 0x9CFF, 0x9CFF, 0x9CFF, 0x9CFF, 0x9CFF, 0x9CFF, 0x9CFF, 0x9CFF, 0x9CFF, 0x9CFF, 0x9CFF, 
    0x9CFF, 0x9CFF, 0x9CFF, 0x9CFF, 0x9CFF, 0x9CFF, 0x9CFF, 0x9CFF, 0x9CFF, 0x9CFF, 0x9CFF, 0x9CFF, 
    0x9CFF, 0x9CFF, 0x9CFF, 0x9CFF, 0x9CFF, 0x9CFF, 0x9CFF, 0x9CFF, 0x9CFF, 0x9CFF, 0x9CFF, 0x9CFF, 
    0x9CFF, 0x9CFF, 0x9CFF, 0x9CFF, 0x9CFF, 0x9CFF, 0x9CFF, 0x9CFF, 0x9CFF, 0x9CFF, 0x9CFF, 0x9CFF, 
    0x9CFF, 0x9CFF, 0x9CFF, 0x9CFF, 0x9CFF, 0x9CFF, 0x9CFF, 0x9CFF, 0x9CFF, 0x9CFF, 0x9CFF, 0x9CFF, 
    0x9CFF, 0x9CFF, 0x9CFF, 0x9CFF, 0x9CFF, 0x9CFF, 0x9CFF, 0x9CFF, 0x9CFF, 0x9CFF, 0x9CFF, 0x9CFF, 
    0x9CFF, 0x9CFF, 0x9CFF, 0x9CFF, 0x9CFF, 0x9CFF, 0x9CFF, 0x9CFF, 0x9CFF, 0x9CFF, 0x9CFF, 0x9CFF, 
    0x9CFF, 0x9CFF, 0x9CFF, 0x9CFF, 0x9CFF, 0x9CFF, 0x9CFF, 0x9CFF, 0x9CFF, 0x9CFF, 0x9CFF, 0x9CFF, 
    0x9CFF, 0x9CFF, 0x9CFF, 0x9CFF, 0x9CFF, 0x9CFF, 0x9CFF, 0x9CFF, 0x9CFF, 0x9CFF, 0x9CFF, 0x9CFF, 
    0x9CFF, 0x9CFF, 0x9CFF, 0x9CFF, 0x9CFF, 0x9CFF, 0x9CFF, 0x9CFF, 0x9CFF, 0x9CFF, 0x9CFF, 0x9CFF, 
    0x9CFF, 0x9CFF, 0x9CFF, 0x9CFF, 0x9CFF, 0x9CFF, 0x9CFF, 0x9CFF, 0x9CFF, 0x9CFF, 0x9CFF, 0x9CFF, 
    0x9CFF, 0x9CFF, 0x9CFF, 0x9CFF, 0x9CFF, 0x9CFF, 0x9CFF, 0x9CFF, 0x9CFF, 0x9CFF, 0x9CFF, 0x9CFF, 
    0x9CFF, 0x9CFF, 0x9CFF, 0x9CFF, 0x9CFF, 0x9CFF, 0x9CFF, 0x9CFF, 0x9CFF, 0x9CFF, 0x9CFF, 0x9CFF, 
    0x9CFF, 0x9CFF, 0x9CFF, 0x9CFF, 0x9CFF, 0x9CFF, 0x9CFF, 0x9CFF, 0x9CFF, 0x9CFF, 0x9CFF, 0x9CFF, 
    0x9CFF, 0x9CFF, 0x9CFF, 0x9CFF, 0x9CFF, 0x9CFF, 0x9CFF, 0x9CFF, 0x9CFF, 0x9CFF, 0x9CFF, 0x9CFF, 
    0x9CFF, 0x9CFF, 0x9CFF, 0x9CFF, 0x9CFF, 0x9CFF, 0x9CFF, 0x9CFF, 0x9CFF, 0x9CFF, 0x9CFF, 0x9CFF, 
    0x9CFF, 0x9CFF, 0x9CFF, 0x9BFF, 0xBDFF, 0xBBCE, 0xD474, 0x9CAE, 0x1DBF, 0x1DB7, 0xFDBE, 0xFDBE, 
    0xFDBE, 0xFDBE, 0xFDBE, 0xFDBE, 0xFDBE, 0xFDBE, 0xFDBE, 0xFDBE, 0xFDBE, 0xFDBE, 0xFDBE, 0xFDBE, 
    0xFDBE, 0xFDBE, 0xFDBE, 0xFDBE, 0xFDBE, 0xFDBE, 0xFDBE, 0xFDBE, 
    0x9BAE, 0x1DBF, 0xFDBE, 0xFDBE, 
    0xFDBE, 0xFDBE, 0xFDBE, 0xFDBE, 0xFDBE, 0xFDBE, 0xFDBE, 0xFDBE, 0xFDBE, 0xFDBE, 0xFDBE, 0xFDBE, 
    0xFDBE, 0xFDBE, 0xFDBE, 0xFDBE, 0xFEBE, 0xFDBE, 0xFDBE, 0xFDB6, 0x1DBF, 0xB98D, 0x568D, 0x9BFF, 
    0x9CFF, 0x9CFF, 0x9CFF, 0x9CFF, 0x9CFF, 0x9CFF, 0x9CFF, 0x9CFF, 0x9CFF, 0x9CFF, 0x9CFF, 0x9CFF, 
    0x9CFF, 0x9CFF, 0x9CFF, 0x9CFF, 0x9CFF, 0x9CFF, 0x9CFF, 0x9CFF, 0x9CFF, 0x9CFF, 0x9CFF, 0x9CFF, 
    0x9CFF, 0x9CFF, 0x9CFF, 0x9CFF, 0x9CFF, 0x9CFF, 0x9CFF, 0x9CFF, 0x9CFF, 0x9CFF, 0x9CFF, 0x9CFF, 
    0x9CFF, 0x9CFF, 0x9CFF, 0x9CFF, 0x9CFF, 0x9CFF, 0x9CFF, 0x9CFF, 0x9CFF, 0x9CFF, 0x9CFF, 0x9CFF, 
    0x9CFF, 0x9CFF, 0x9CFF, 0x9CFF, 0x9CFF, 0x9CFF, 0x9CFF, 0x9CFF, 0x9CFF, 0x9CFF, 0x9CFF, 0x9CFF, 
    0x9CFF, 0x9CFF, 0x9CFF, 0x9CFF, 0x9CFF, 0x9CFF, 0x9CFF, 0x9CFF, 0x9CFF, 0x9CFF, 0x9CFF, 0x9CFF, 
    0x9CFF, 0x9CFF, 0x9CFF, 0x9CFF, 0x9CFF, 0x9CFF, 0x9CFF, 0x9CFF, 0x9CFF, 0x9CFF, 0x9CFF, 0x9CFF, 
    0x9CFF, 0x9CFF, 0x9CFF, 0x9CFF, 0x9CFF, 0x9CFF, 0x9CFF, 0x9CFF, 0x9CFF, 0x9CFF, 0x9CFF, 0x9CFF, 
    0x9CFF, 0x9CFF, 0x9CFF, 0x9CFF, 0x9CFF, 0x9CFF, 0x9CFF, 0x9CFF, 0x9CFF, 0x9CFF, 0x9CFF, 0x9CFF, 
    0x9CFF, 0x9CFF, 0x9CFF, 0x9CFF, 0x9CFF, 0x9CFF, 0x9CFF, 0x9CFF, 0x9CFF, 0x9CFF, 0x9CFF, 0x9CFF, 
    0x9CFF, 0x9CFF, 0x9CFF, 0x9CFF, 0x9CFF, 0x9CFF, 0x9CFF, 0x9CFF, 0x9CFF, 0x9CFF, 0x9CFF, 0x9CFF, 
    0x9CFF, 0x9CFF, 0x9CFF, 0x9CFF, 0x9CFF, 0x9CFF, 0x9CFF, 0x9CFF, 0x9CFF, 0x9CFF, 0x9CFF, 0x9CFF, 
    0x9CFF, 0x9CFF, 0x9CFF, 0x9CFF, 0x9CFF, 0x9CFF, 0x9CFF, 0x9CFF, 0x9CFF, 0x9CFF, 0x9CFF, 0x9CFF, 
    0x9CFF, 0x9CFF, 0x9CFF, 0x9CFF, 0x9CFF, 0x9CFF, 0x9CFF, 0x9CFF, 0x9CFF, 0x9CFF, 0x9CFF, 0x9CFF, 
    0x9CFF, 0x9CFF, 0x9CFF, 0x9CFF, 0x9CFF, 0x9CFF, 0x9CFF, 0x9CFF, 0x9CFF, 0x9CFF, 0x9CFF, 0x9CFF, 
    0x9CFF, 0x9CFF, 0x9CFF, 0x9CFF, 0x9CFF, 0x9CFF, 0x9CFF, 0x9CFF, 0x9CFF, 0x9CFF, 0x9CFF, 0x9CFF, 
    0x9CFF, 0x9CFF, 0x9CFF, 0x9CFF, 0x9CFF, 0x9CFF, 0x9CFF, 0x9CFF, 0x9CFF, 0x9CFF, 0x9CFF, 0x9CFF, 
    0x9CFF, 0x9CFF, 0x9CFF, 0x9CFF, 0x9CFF, 0x9CFF, 0x9CFF, 0x9CFF, 0x9CFF, 0x9CFF, 0x9CFF, 0x9CFF, 
    0x9CFF, 0x9CFF, 0x9CFF, 0x9CFF, 0x9CFF, 0x9CFF, 0x9CFF, 0x9CFF, 0x9CFF, 0x9CFF, 0x9CFF, 0x9BFF, 
    0xBDFF, 0xBBCE, 0xD474, 0x9CAE, 0x1DBF, 0x1DB7, 0xFDBE, 0xFDBE, 0xFDBE, 0xFDBE, 0xFDBE, 0xFDBE, 
    0xFDBE, 0xFDBE, 0xFDBE, 0xFDBE, 0xFDBE, 0xFDBE, 0xFDBE, 0xFDBE, 0xFDBE, 0xFDBE, 0xFDBE, 0xFDBE, 
    0xFDBE, 0xFDBE, 0xFDBE, 0xFDBE, 
    0x9BAE, 0x1DBF, 0xFDBE, 0xFDBE, 0xFDBE, 0xFDBE, 0xFDBE, 0xFDBE, 
    0xFDBE, 0xFDBE, 0xFDBE, 0xFDBE, 0xFDBE, 0xFDBE, 0xFDBE, 0xFDBE, 0xFDBE, 0xFDBE, 0xFDBE, 0xFDBE, 
    0xFEBE, 0xFDBE, 0xFDBE, 0xFDB6, 0x1DBF, 0xB98D, 0x568D, 0x9BFF, 0x9CFF, 0x9CFF, 0x9CFF, 0x9CFF, 
    0x9CFF, 0x9CFF, 0x9CFF, 0x9CFF, 0x9CFF, 0x9CFF, 0x9CFF, 0x9CFF, 0x9CFF, 0x9CFF, 0x9CFF, 0x9CFF, 
    0x9CFF, 0x9CFF, 0x9CFF, 0x9CFF, 0x9CFF, 0x9CFF, 0x9CFF, 0x9CFF, 0x9CFF, 0x9CFF, 0x9CFF, 0x9CFF, 
    0x9CFF, 0x9CFF, 0x9CFF, 0x9CFF, 0x9CFF, 0x9CFF, 0x9CFF, 0x9CFF, 0x9CFF, 0x9CFF, 0x9CFF, 0x9CFF, 
    0x9CFF, 0x9CFF, 0x9CFF, 0x9CFF, 0x9CFF, 0x9CFF, 0x9CFF, 0x9CFF, 0x9CFF, 0x9CFF, 0x9CFF, 0x9CFF, 
    0x9CFF, 0x9CFF, 0x9CFF, 0x9CFF, 0x9CFF, 0x9CFF, 0x9CFF, 0x9CFF, 0x9CFF, 0x9CFF, 0x9CFF, 0x9CFF, 
    0x9CFF, 0x9CFF, 0x9CFF, 0x9CFF, 0x9CFF, 0x9CFF, 0x9CFF, 0x9CFF, 0x9CFF, 0x9CFF, 0x9CFF, 0x9CFF, 
    0x9CFF, 0x9CFF, 0x9CFF, 0x9CFF, 0x9CFF, 0x9CFF, 0x9CFF, 0x9CFF, 0x9CFF, 0x9CFF, 0x9CFF, 0x9CFF, 
    0x9CFF, 0x9CFF, 0x9CFF, 0x9CFF, 0x9CFF, 0x9CFF, 0x9CFF, 0x9CFF, 0x9CFF, 0x9CFF, 0x9CFF, 0x9CFF, 
    0x9CFF, 0x9CFF, 0x9CFF, 0x9CFF, 0x9CFF, 0x9CFF, 0x9CFF, 0x9CFF, 0x9CFF, 0x9CFF, 0x9CFF, 0x9CFF, 
    0x9CFF, 0x9CFF, 0x9CFF, 0x9CFF, 0x9CFF, 0x9CFF, 0x9CFF, 0x9CFF, 0x9CFF, 0x9CFF, 0x9CFF, 0x9CFF, 
    0x9CFF, 0x9CFF, 0x9CFF, 0x9CFF, 0x9CFF, 0x9CFF, 0x9CFF, 0x9CFF, 0x9CFF, 0x9CFF, 0x9CFF, 0x9CFF, 
    0x9CFF, 0x9CFF, 0x9CFF, 0x9CFF, 0x9CFF, 0x9CFF, 0x9CFF, 0x9CFF, 0x9CFF, 0x9CFF, 0x9CFF, 0x9CFF, 
    0x9CFF, 0x9CFF, 0x9CFF, 0x9CFF, 0x9CFF, 0x9CFF, 0x9CFF, 0x9CFF, 0x9CFF, 0x9CFF, 0x9CFF, 0x9CFF, 
    0x9CFF, 0x9CFF, 0x9CFF, 0x9CFF, 0x9CFF, 0x9CFF, 0x9CFF, 0x9CFF, 0x9CFF, 0x9CFF, 0x9CFF, 0x9CFF, 
    0x9CFF, 0x9CFF, 0x9CFF, 0x9CFF, 0x9CFF, 0x9CFF, 0x9CFF, 0x9CFF, 0x9CFF, 0x9CFF, 0x9CFF, 0x9CFF, 
    0x9CFF, 0x9CFF, 0x9CFF, 0x9CFF, 0x9CFF, 0x9CFF, 0x9CFF, 0x9CFF, 0x9CFF, 0x9CFF, 0x9CFF, 0x9CFF, 
    0x9CFF, 0x9CFF, 0x9CFF, 0x9CFF, 0x9CFF, 0x9CFF, 0x9CFF, 0x9CFF, 0x9CFF, 0x9CFF, 0x9CFF, 0x9CFF, 
    0x9CFF, 0x9CFF, 0x9CFF, 0x9CFF, 0x9CFF, 0x9CFF, 0x9CFF, 0x9CFF, 0x9CFF, 0x9CFF, 0x9CFF, 0x9CFF, 
    0x9CFF, 0x9CFF, 0x9CFF, 0x9CFF, 0x9CFF, 0x9CFF, 0x9CFF, 0x9BFF, 0xBDFF, 0xBBCE, 0xD474, 0x9CAE, 
    0x1DBF, 0x1DB7, 0xFDBE, 0xFDBE, 0xFDBE, 0xFDBE, 0xFDBE, 0xFDBE, 0xFDBE, 0xFDBE, 0xFDBE, 0xFDBE, 
    0xFDBE, 0xFDBE, 0xFDBE, 0xFDBE, 0xFDBE, 0xFDBE, 0xFDBE, 0xFDBE, 0xFDBE, 0xFDBE, 0xFDBE, 0xFDBE, 
    
    0x9BAE, 0x1DBF, 0xFDBE, 0xFDBE, 0xFDBE, 0xFDBE, 0xFDBE, 0xFDBE, 0xFDBE, 0xFDBE, 0xFDBE, 0xFDBE, 
    0xFDBE, 0xFDBE, 0xFDBE, 0xFDBE, 0xFDBE, 0xFDBE, 0xFDBE, 0xFDBE, 0xFEBE, 0xFDBE, 0xFDBE, 0xFDB6, 
    0x1DBF, 0xB98D, 0x568D, 0x9BFF, 0x9CFF, 0x9CFF, 0x9CFF, 0x9CFF, 0x9CFF, 0x9CFF, 0x9CFF, 0x9CFF, 
    0x9CFF, 0x9CFF, 0x9CFF, 0x9CFF, 0x9CFF, 0x9CFF, 0x9CFF, 0x9CFF, 0x9CFF, 0x9CFF, 0x9CFF, 0x9CFF, 
    0x9CFF, 0x9CFF, 0x9CFF, 0x9CFF, 0x9CFF, 0x9CFF, 0x9CFF, 0x9CFF, 0x9CFF, 0x9CFF, 0x9CFF, 0x9CFF, 
    0x9CFF, 0x9CFF, 0x9CFF, 0x9CFF, 0x9CFF, 0x9CFF, 0x9CFF, 0x9CFF, 0x9CFF, 0x9CFF, 0x9CFF, 0x9CFF, 
    0x9CFF, 0x9CFF, 0x9CFF, 0x9CFF, 0x9CFF, 0x9CFF, 0x9CFF, 0x9CFF, 0x9CFF, 0x9CFF, 0x9CFF, 0x9CFF, 
    0x9CFF, 0x9CFF, 0x9CFF, 0x9CFF, 0x9CFF, 0x9CFF, 0x9CFF, 0x9CFF, 0x9CFF, 0x9CFF, 0x9CFF, 0x9CFF, 
    0x9CFF, 0x9CFF, 0x9CFF, 0x9CFF, 0x9CFF, 0x9CFF, 0x9CFF, 0x9CFF, 0x9CFF, 0x9CFF, 0x9CFF, 0x9CFF, 
    0x9CFF, 0x9CFF, 0x9CFF, 0x9CFF, 0x9CFF, 0x9CFF, 0x9CFF, 0x9CFF, 0x9CFF, 0x9CFF, 0x9CFF, 0x9CFF, 
    0x9CFF, 0x9CFF, 0x9CFF, 0x9CFF, 0x9CFF, 0x9CFF, 0x9CFF, 0x9CFF, 0x9CFF, 0x9CFF, 0x9CFF, 0x9CFF, 
    0x9CFF, 0x9CFF, 0x9CFF, 0x9CFF, 0x9CFF, 0x9CFF, 0x9CFF, 0x9CFF, 0x9CFF, 0x9CFF, 0x9CFF, 0x9CFF, 
    0x9CFF, 0x9CFF, 0x9CFF, 0x9CFF, 0x9CFF, 0x9CFF, 0x9CFF, 0x9CFF, 0x9CFF, 0x9CFF, 0x9CFF, 0x9CFF, 
    0x9CFF, 0x9CFF, 0x9CFF, 0x9CFF, 0x9CFF, 0x9CFF, 0x9CFF, 0x9CFF, 0x9CFF, 0x9CFF, 0x9CFF, 0x9CFF, 
    0x9CFF, 0x9CFF, 0x9CFF, 0x9CFF, 0x9CFF, 0x9CFF, 0x9CFF, 0x9CFF, 0x9CFF, 0x9CFF, 0x9CFF, 0x9CFF, 
    0x9CFF, 0x9CFF, 0x9CFF, 0x9CFF, 0x9CFF, 0x9CFF, 0x9CFF, 0x9CFF, 0x9CFF, 0x9CFF, 0x9CFF, 0x9CFF, 
    0x9CFF, 0x9CFF, 0x9CFF, 0x9CFF, 0x9CFF, 0x9CFF, 0x9CFF, 0x9CFF, 0x9CFF, 0x9CFF, 0x9CFF, 0x9CFF, 
    0x9CFF, 0x9CFF, 0x9CFF, 0x9CFF, 0x9CFF, 0x9CFF, 0x9CFF, 0x9CFF, 0x9CFF, 0x9CFF, 0x9CFF, 0x9CFF, 
    0x9CFF, 0x9CFF, 0x9CFF, 0x9CFF, 0x9CFF, 0x9CFF, 0x9CFF, 0x9CFF, 0x9CFF, 0x9CFF, 0x9CFF, 0x9CFF, 
    0x9CFF, 0x9CFF, 0x9CFF, 0x9CFF, 0x9CFF, 0x9CFF, 0x9CFF, 0x9CFF, 0x9CFF, 0x9CFF, 0x9CFF, 0x9CFF, 
    0x9CFF, 0x9CFF, 0x9CFF, 0x9CFF, 0x9CFF, 0x9CFF, 0x9CFF, 0x9CFF, 0x9CFF, 0x9CFF, 0x9CFF, 0x9CFF, 
    0x9CFF, 0x9CFF, 0x9CFF, 0x9BFF, 0xBDFF, 0xBBCE, 0xD474, 0x9CAE, 0x1DBF, 0x1DB7, 0xFDBE, 0xFDBE, 
    0xFDBE, 0xFDBE, 0xFDBE, 0xFDBE, 0xFDBE, 0xFDBE, 0xFDBE, 0xFDBE, 0xFDBE, 0xFDBE, 0xFDBE, 0xFDBE, 
    0xFDBE, 0xFDBE, 0xFDBE, 0xFDBE, 0xFDBE, 0xFDBE, 0xFDBE, 0xFDBE, 
    0x9BAE, 0x1DBF, 0xFDBE, 0xFDBE, 
    0xFDBE, 0xFDBE, 0xFDBE, 0xFDBE, 0xFDBE, 0xFDBE, 0xFDBE, 0xFDBE, 0xFDBE, 0xFDBE, 0xFDBE, 0xFDBE, 
    0xFDBE, 0xFDBE, 0xFDBE, 0xFDBE, 0xFEBE, 0xFDBE, 0xFDBE, 0xFDB6, 0x1DBF, 0xB98D, 0x568D, 0x9BFF, 
    0x9CFF, 0x9CFF, 0x9CFF, 0x9CFF, 0x9CFF, 0x9CFF, 0x9CFF, 0x9CFF, 0x9CFF, 0x9CFF, 0x9CFF, 0x9CFF, 
    0x9CFF, 0x9CFF, 0x9CFF, 0x9CFF, 0x9CFF, 0x9CFF, 0x9CFF, 0x9CFF, 0x9CFF, 0x9CFF, 0x9CFF, 0x9CFF, 
    0x9CFF, 0x9CFF, 0x9CFF, 0x9CFF, 0x9CFF, 0x9CFF, 0x9CFF, 0x9CFF, 0x9CFF, 0x9CFF, 0x9CFF, 0x9CFF, 
    0x9CFF, 0x9CFF, 0x9CFF, 0x9CFF, 0x9CFF, 0x9CFF, 0x9CFF, 0x9CFF, 0x9CFF, 0x9CFF, 0x9CFF, 0x9CFF, 
    0x9CFF, 0x9CFF, 0x9CFF, 0x9CFF, 0x9CFF, 0x9CFF, 0x9CFF, 0x9CFF, 0x9CFF, 0x9CFF, 0x9CFF, 0x9CFF, 
    0x9CFF, 0x9CFF, 0x9CFF, 0x9CFF, 0x9CFF, 0x9CFF, 0x9CFF, 0x9CFF, 0x9CFF, 0x9CFF, 0x9CFF, 0x9CFF, 
    0x9CFF, 0x9CFF, 0x9CFF, 0x9CFF, 0x9CFF, 0x9CFF, 0x9CFF, 0x9CFF, 0x9CFF, 0x9CFF, 0x9CFF, 0x9CFF, 
    0x9CFF, 0x9CFF, 0x9CFF, 0x9CFF, 0x9CFF, 0x9CFF, 0x9CFF, 0x9CFF, 0x9CFF, 0x9CFF, 0x9CFF, 0x9CFF, 
    0x9CFF, 0x9CFF, 0x9CFF, 0x9CFF, 0x9CFF, 0x9CFF, 0x9CFF, 0x9CFF, 0x9CFF, 0x9CFF, 0x9CFF, 0x9CFF, 
    0x9CFF, 0x9CFF, 0x9CFF, 0x9CFF, 0x9CFF, 0x9CFF, 0x9CFF, 0x9CFF, 0x9CFF, 0x9CFF, 0x9CFF, 0x9CFF, 
    0x9CFF, 0x9CFF, 0x9CFF, 0x9CFF, 0x9CFF, 0x9CFF, 0x9CFF, 0x9CFF, 0x9CFF, 0x9CFF, 0x9CFF, 0x9CFF, 
    0x9CFF, 0x9CFF, 0x9CFF, 0x9CFF, 0x9CFF, 0x9CFF, 0x9CFF, 0x9CFF, 0x9CFF, 0x9CFF, 0x9CFF, 0x9CFF, 
    0x9CFF, 0x9CFF, 0x9CFF, 0x9CFF, 0x9CFF, 0x9CFF, 0x9CFF, 0x9CFF, 0x9CFF, 0x9CFF, 0x9CFF, 0x9CFF, 
    0x9CFF, 0x9CFF, 0x9CFF, 0x9CFF, 0x9CFF, 0x9CFF, 0x9CFF, 0x9CFF, 0x9CFF, 0x9CFF, 0x9CFF, 0x9CFF, 
    0x9CFF, 0x9CFF, 0x9CFF, 0x9CFF, 0x9CFF, 0x9CFF, 0x9CFF, 0x9CFF, 0x9CFF, 0x9CFF, 0x9CFF, 0x9CFF, 
    0x9CFF, 0x9CFF, 0x9CFF, 0x9CFF, 0x9CFF, 0x9CFF, 0x9CFF, 0x9CFF, 0x9CFF, 0x9CFF, 0x9CFF, 0x9CFF, 
    0x9CFF, 0x9CFF, 0x9CFF, 0x9CFF, 0x9CFF, 0x9CFF, 0x9CFF, 0x9CFF, 0x9CFF, 0x9CFF, 0x9CFF, 0x9CFF, 
    0x9CFF, 0x9CFF, 0x9CFF, 0x9CFF, 0x9CFF, 0x9CFF, 0x9CFF, 0x9CFF, 0x9CFF, 0x9CFF, 0x9CFF, 0x9CFF, 
    0x9CFF, 0x9CFF, 0x9CFF, 0x9CFF, 0x9CFF, 0x9CFF, 0x9CFF, 0x9CFF, 0x9CFF, 0x9CFF, 0x9CFF, 0x9BFF, 
    0xBDFF, 0xBBCE, 0xD474, 0x9CAE, 0x1DBF, 0x1DB7, 0xFDBE, 0xFDBE, 0xFDBE, 0xFDBE, 0xFDBE, 0xFDBE, 
    0xFDBE, 0xFDBE, 0xFDBE, 0xFDBE, 0xFDBE, 0xFDBE, 0xFDBE, 0xFDBE, 0xFDBE, 0xFDBE, 0xFDBE, 0xFDBE, 
    0xFDBE, 0xFDBE, 0xFDBE, 0xFDBE, 
    0x9BAE, 0x1DBF, 0xFDBE, 0xFDBE, 0xFDBE, 0xFDBE, 0xFDBE, 0xFDBE, 
    0xFDBE, 0xFDBE, 0xFDBE, 0xFDBE, 0xFDBE, 0xFDBE, 0xFDBE, 0xFDBE, 0xFDBE, 0xFDBE, 0xFDBE, 0xFDBE, 
    0xFEBE, 0xFDBE, 0xFDBE, 0xFDB6, 0x1DBF, 0xB98D, 0x568D, 0x9BFF, 0x9CFF, 0x9CFF, 0x9CFF, 0x9CFF, 
    0x9CFF, 0x9CFF, 0x9CFF, 0x9CFF, 0x9CFF, 0x9CFF, 0x9CFF, 0x9CFF, 0x9CFF, 0x9CFF, 0x9CFF, 0x9CFF, 
    0x9CFF, 0x9CFF, 0x9CFF, 0x9CFF, 0x9CFF, 0x9CFF, 0x9CFF, 0x9CFF, 0x9CFF, 0x9CFF, 0x9CFF, 0x9CFF, 
    0x9CFF, 0x9CFF, 0x9CFF, 0x9CFF, 0x9CFF, 0x9CFF, 0x9CFF, 0x9CFF, 0x9CFF, 0x9CFF, 0x9CFF, 0x9CFF, 
    0x9CFF, 0x9CFF, 0x9CFF, 0x9CFF, 0x9CFF, 0x9CFF, 0x9CFF, 0x9CFF, 0x9CFF, 0x9CFF, 0x9CFF, 0x9CFF, 
    0x9CFF, 0x9CFF, 0x9CFF, 0x9CFF, 0x9CFF, 0x9CFF, 0x9CFF, 0x9CFF, 0x9CFF, 0x9CFF, 0x9CFF, 0x9CFF, 
    0x9CFF, 0x9CFF, 0x9CFF, 0x9CFF, 0x9CFF, 0x9CFF, 0x9CFF, 0x9CFF, 0x9CFF, 0x9CFF, 0x9CFF, 0x9CFF, 
    0x9CFF, 0x9CFF, 0x9CFF, 0x9CFF, 0x9CFF, 0x9CFF, 0x9CFF, 0x9CFF, 0x9CFF, 0x9CFF, 0x9CFF, 0x9CFF, 
    0x9CFF, 0x9CFF, 0x9CFF, 0x9CFF, 0x9CFF, 0x9CFF, 0x9CFF, 0x9CFF, 0x9CFF, 0x9CFF, 0x9CFF, 0x9CFF, 
    0x9CFF, 0x9CFF, 0x9CFF, 0x9CFF, 0x9CFF, 0x9CFF, 0x9CFF, 0x9CFF, 0x9CFF, 0x9CFF, 0x9CFF, 0x9CFF, 
    0x9CFF, 0x9CFF, 0x9CFF, 0x9CFF, 0x9CFF, 0x9CFF, 0x9CFF, 0x9CFF, 0x9CFF, 0x9CFF, 0x9CFF, 0x9CFF, 
    0x9CFF, 0x9CFF, 0x9CFF, 0x9CFF, 0x9CFF, 0x9CFF, 0x9CFF, 0x9CFF, 0x9CFF, 0x9CFF, 0x9CFF, 0x9CFF, 
    0x9CFF, 0x9CFF, 0x9CFF, 0x9CFF, 0x9CFF, 0x9CFF, 0x9CFF, 0x9CFF, 0x9CFF, 0x9CFF, 0x9CFF, 0x9CFF, 
    0x9CFF, 0x9CFF, 0x9CFF, 0x9CFF, 0x9CFF, 0x9CFF, 0x9CFF, 0x9CFF, 0x9CFF, 0x9CFF, 0x9CFF, 0x9CFF, 
    0x9CFF, 0x9CFF, 0x9CFF, 0x9CFF, 0x9CFF, 0x9CFF, 0x9CFF, 0x9CFF, 0x9CFF, 0x9CFF, 0x9CFF, 0x9CFF, 
    0x9CFF, 0x9CFF, 0x9CFF, 0x9CFF, 0x9CFF, 0x9CFF, 0x9CFF, 0x9CFF, 0x9CFF, 0x9CFF, 0x9CFF, 0x9CFF, 
    0x9CFF, 0x9CFF, 0x9CFF, 0x9CFF, 0x9CFF, 0x9CFF, 0x9CFF, 0x9CFF, 0x9CFF, 0x9CFF, 0x9CFF, 0x9CFF, 
    0x9CFF, 0x9CFF, 0x9CFF, 0x9CFF, 0x9CFF, 0x9CFF, 0x9CFF, 0x9CFF, 0x9CFF, 0x9CFF, 0x9CFF, 0x9CFF, 
    0x9CFF, 0x9CFF, 0x9CFF, 0x9CFF, 0x9CFF, 0x9CFF, 0x9CFF, 0x9CFF, 0x9CFF, 0x9CFF, 0x9CFF, 0x9CFF, 
    0x9CFF, 0x9CFF, 0x9CFF, 0x9CFF, 0x9CFF, 0x9CFF, 0x9CFF, 0x9BFF, 0xBDFF, 0xBBCE, 0xD474, 0x9CAE, 
    0x1DBF, 0x1DB7, 0xFDBE, 0xFDBE, 0xFDBE, 0xFDBE, 0xFDBE, 0xFDBE, 0xFDBE, 0xFDBE, 0xFDBE, 0xFDBE, 
    0xFDBE, 0xFDBE, 0xFDBE, 0xFDBE, 0xFDBE, 0xFDBE, 0xFDBE, 0xFDBE, 0xFDBE, 0xFDBE, 0xFDBE, 0xFDBE, 
    
    0x9BAE, 0x1DBF, 0xFDBE, 0xFDBE, 0xFDBE, 0xFDBE, 0xFDBE, 0xFDBE, 0xFDBE, 0xFDBE, 0xFDBE, 0xFDBE, 
    0xFDBE, 0xFDBE, 0xFDBE, 0xFDBE, 0xFDBE, 0xFDBE, 0xFDBE, 0xFDBE, 0xFEBE, 0xFDBE, 0xFDBE, 0xFDB6, 
    0x1DBF, 0xB98D, 0x568D, 0x9BFF, 0x9CFF, 0x9CFF, 0x9CFF, 0x9CFF, 0x9CFF, 0x9CFF, 0x9CFF, 0x9CFF, 
    0x9CFF, 0x9CFF, 0x9CFF, 0x9CFF, 0x9CFF, 0x9CFF, 0x9CFF, 0x9CFF, 0x9CFF, 0x9CFF, 0x9CFF, 0x9CFF, 
    0x9CFF, 0x9CFF, 0x9CFF, 0x9CFF, 0x9CFF, 0x9CFF, 0x9CFF, 0x9CFF, 0x9CFF, 0x9CFF, 0x9CFF, 0x9CFF, 
    0x9CFF, 0x9CFF, 0x9CFF, 0x9CFF, 0x9CFF, 0x9CFF, 0x9CFF, 0x9CFF, 0x9CFF, 0x9CFF, 0x9CFF, 0x9CFF, 
    0x9CFF, 0x9CFF, 0x9CFF, 0x9CFF, 0x9CFF, 0x9CFF, 0x9CFF, 0x9CFF, 0x9CFF, 0x9CFF, 0x9CFF, 0x9CFF, 
    0x9CFF, 0x9CFF, 0x9CFF, 0x9CFF, 0x9CFF, 0x9CFF, 0x9CFF, 0x9CFF, 0x9CFF, 0x9CFF, 0x9CFF, 0x9CFF, 
    0x9CFF, 0x9CFF, 0x9CFF, 0x9CFF, 0x9CFF, 0x9CFF, 0x9CFF, 0x9CFF, 0x9CFF, 0x9CFF, 0x9CFF, 0x9CFF, 
    0x9CFF, 0x9CFF, 0x9CFF, 0x9CFF, 0x9CFF, 0x9CFF, 0x9CFF, 0x9CFF, 0x9CFF, 0x9CFF, 0x9CFF, 0x9CFF, 
    0x9CFF, 0x9CFF, 0x9CFF, 0x9CFF, 0x9CFF, 0x9CFF, 0x9CFF, 0x9CFF, 0x9CFF, 0x9CFF, 0x9CFF, 0x9CFF, 
    0x9CFF, 0x9CFF, 0x9CFF, 0x9CFF, 0x9CFF, 0x9CFF, 0x9CFF, 0x9CFF, 0x9CFF, 0x9CFF, 0x9CFF, 0x9CFF, 
    0x9CFF, 0x9CFF, 0x9CFF, 0x9CFF, 0x9CFF, 0x9CFF, 0x9CFF, 0x9CFF, 0x9CFF, 0x9CFF, 0x9CFF, 0x9CFF, 
    0x9CFF, 0x9CFF, 0x9CFF, 0x9CFF, 0x9CFF, 0x9CFF, 0x9CFF, 0x9CFF, 0x9CFF, 0x9CFF, 0x9CFF, 0x9CFF, 
    0x9CFF, 0x9CFF, 0x9CFF, 0x9CFF, 0x9CFF, 0x9CFF, 0x9CFF, 0x9CFF, 0x9CFF, 0x9CFF, 0x9CFF, 0x9CFF, 
    0x9CFF, 0x9CFF, 0x9CFF, 0x9CFF, 0x9CFF, 0x9CFF, 0x9CFF, 0x9CFF, 0x9CFF, 0x9CFF, 0x9CFF, 0x9CFF, 
    0x9CFF, 0x9CFF, 0x9CFF, 0x9CFF, 0x9CFF, 0x9CFF, 0x9CFF, 0x9CFF, 0x9CFF, 0x9CFF, 0x9CFF, 0x9CFF, 
    0x9CFF, 0x9CFF, 0x9CFF, 0x9CFF, 0x9CFF, 0x9CFF, 0x9CFF, 0x9CFF, 0x9CFF, 0x9CFF, 0x9CFF, 0x9CFF, 
    0x9CFF, 0x9CFF, 0x9CFF, 0x9CFF, 0x9CFF, 0x9CFF, 0x9CFF, 0x9CFF, 0x9CFF, 0x9CFF, 0x9CFF, 0x9CFF, 
    0x9CFF, 0x9CFF, 0x9CFF, 0x9CFF, 0x9CFF, 0x9CFF, 0x9CFF, 0x9CFF, 0x9CFF, 0x9CFF, 0x9CFF, 0x9CFF, 
    0x9CFF, 0x9CFF, 0x9CFF, 0x9CFF, 0x9CFF, 0x9CFF, 0x9CFF, 0x9CFF, 0x9CFF, 0x9CFF, 0x9CFF, 0x9CFF, 
    0x9CFF, 0x9CFF, 0x9CFF, 0x9BFF, 0xBDFF, 0xBBCE, 0xD474, 0x9CAE, 0x1DBF, 0x1DB7, 0xFDBE, 0xFDBE, 
    0xFDBE, 0xFDBE, 0xFDBE, 0xFDBE, 0xFDBE, 0xFDBE, 0xFDBE, 0xFDBE, 0xFDBE, 0xFDBE, 0xFDBE, 0xFDBE, 
    0xFDBE, 0xFDBE, 0xFDBE, 0xFDBE, 0xFDBE, 0xFDBE, 0xFDBE, 0xFDBE, 
    0x9BAE, 0x1DBF, 0xFDBE, 0xFDBE, 
    0xFDBE, 0xFDBE, 0xFDBE, 0xFDBE, 0xFDBE, 0xFDBE, 0xFDBE, 0xFDBE, 0xFDBE, 0xFDBE, 0xFDBE, 0xFDBE, 
    0xFDBE, 0xFDBE, 0xFDBE, 0xFDBE, 0xFEBE, 0xFDBE, 0xFDBE, 0xFDB6, 0x1DBF, 0xB98D, 0x568D, 0x9BFF, 
    0x9CFF, 0x9CFF, 0x9CFF, 0x9CFF, 0x9CFF, 0x9CFF, 0x9CFF, 0x9CFF, 0x9CFF, 0x9CFF, 0x9CFF, 0x9CFF, 
    0x9CFF, 0x9CFF, 0x9CFF, 0x9CFF, 0x9CFF, 0x9CFF, 0x9CFF, 0x9CFF, 0x9CFF, 0x9CFF, 0x9CFF, 0x9CFF, 
    0x9CFF, 0x9CFF, 0x9CFF, 0x9CFF, 0x9CFF, 0x9CFF, 0x9CFF, 0x9CFF, 0x9CFF, 0x9CFF, 0x9CFF, 0x9CFF, 
    0x9CFF, 0x9CFF, 0x9CFF, 0x9CFF, 0x9CFF, 0x9CFF, 0x9CFF, 0x9CFF, 0x9CFF, 0x9CFF, 0x9CFF, 0x9CFF, 
    0x9CFF, 0x9CFF, 0x9CFF, 0x9CFF, 0x9CFF, 0x9CFF, 0x9CFF, 0x9CFF, 0x9CFF, 0x9CFF, 0x9CFF, 0x9CFF, 
    0x9CFF, 0x9CFF, 0x9CFF, 0x9CFF, 0x9CFF, 0x9CFF, 0x9CFF, 0x9CFF, 0x9CFF, 0x9CFF, 0x9CFF, 0x9CFF, 
    0x9CFF, 0x9CFF, 0x9CFF, 0x9CFF, 0x9CFF, 0x9CFF, 0x9CFF, 0x9CFF, 0x9CFF, 0x9CFF, 0x9CFF, 0x9CFF, 
    0x9CFF, 0x9CFF, 0x9CFF, 0x9CFF, 0x9CFF, 0x9CFF, 0x9CFF, 0x9CFF, 0x9CFF, 0x9CFF, 0x9CFF, 0x9CFF, 
    0x9CFF, 0x9CFF, 0x9CFF, 0x9CFF, 0x9CFF, 0x9CFF, 0x9CFF, 0x9CFF, 0x9CFF, 0x9CFF, 0x9CFF, 0x9CFF, 
    0x9CFF, 0x9CFF, 0x9CFF, 0x9CFF, 0x9CFF, 0x9CFF, 0x9CFF, 0x9CFF, 0x9CFF, 0x9CFF, 0x9CFF, 0x9CFF, 
    0x9CFF, 0x9CFF, 0x9CFF, 0x9CFF, 0x9CFF, 0x9CFF, 0x9CFF, 0x9CFF, 0x9CFF, 0x9CFF, 0x9CFF, 0x9CFF, 
    0x9CFF, 0x9CFF, 0x9CFF, 0x9CFF, 0x9CFF, 0x9CFF, 0x9CFF, 0x9CFF, 0x9CFF, 0x9CFF, 0x9CFF, 0x9CFF, 
    0x9CFF, 0x9CFF, 0x9CFF, 0x9CFF, 0x9CFF, 0x9CFF, 0x9CFF, 0x9CFF, 0x9CFF, 0x9CFF, 0x9CFF, 0x9CFF, 
    0x9CFF, 0x9CFF, 0x9CFF, 0x9CFF, 0x9CFF, 0x9CFF, 0x9CFF, 0x9CFF, 0x9CFF, 0x9CFF, 0x9CFF, 0x9CFF, 
    0x9CFF, 0x9CFF, 0x9CFF, 0x9CFF, 0x9CFF, 0x9CFF, 0x9CFF, 0x9CFF, 0x9CFF, 0x9CFF, 0x9CFF, 0x9CFF, 
    0x9CFF, 0x9CFF, 0x9CFF, 0x9CFF, 0x9CFF, 0x9CFF, 0x9CFF, 0x9CFF, 0x9CFF, 0x9CFF, 0x9CFF, 0x9CFF, 
    0x9CFF, 0x9CFF, 0x9CFF, 0x9CFF, 0x9CFF, 0x9CFF, 0x9CFF, 0x9CFF, 0x9CFF, 0x9CFF, 0x9CFF, 0x9CFF, 
    0x9CFF, 0x9CFF, 0x9CFF, 0x9CFF, 0x9CFF, 0x9CFF, 0x9CFF, 0x9CFF, 0x9CFF, 0x9CFF, 0x9CFF, 0x9CFF, 
    0x9CFF, 0x9CFF, 0x9CFF, 0x9CFF, 0x9CFF, 0x9CFF, 0x9CFF, 0x9CFF, 0x9CFF, 0x9CFF, 0x9CFF, 0x9BFF, 
    0xBDFF, 0xBBCE, 0xD474, 0x9CAE, 0x1DBF, 0x1DB7, 0xFDBE, 0xFDBE, 0xFDBE, 0xFDBE, 0xFDBE, 0xFDBE, 
    0xFDBE, 0xFDBE, 0xFDBE, 0xFDBE, 0xFDBE, 0xFDBE, 0xFDBE, 0xFDBE, 0xFDBE, 0xFDBE, 0xFDBE, 0xFDBE, 
    0xFDBE, 0xFDBE, 0xFDBE, 0xFDBE, 
    0x9BAE, 0x1DBF, 0xFDBE, 0xFDBE, 0xFDBE, 0xFDBE, 0xFDBE, 0xFDBE, 
    0xFDBE, 0xFDBE, 0xFDBE, 0xFDBE, 0xFDBE, 0xFDBE, 0xFDBE, 0xFDBE, 0xFDBE, 0xFDBE, 0xFDBE, 0xFDBE, 
    0xFEBE, 0xFDBE, 0xFDBE, 0xFDB6, 0x1DBF, 0xB98D, 0x568D, 0x9BFF, 0x9CFF, 0x9CFF, 0x9CFF, 0x9CFF, 
    0x9CFF, 0x9CFF, 0x9CFF, 0x9CFF, 0x9CFF, 0x9CFF, 0x9CFF, 0x9CFF, 0x9CFF, 0x9CFF, 0x9CFF, 0x9CFF, 
    0x9CFF, 0x9CFF, 0x9CFF, 0x9CFF, 0x9CFF, 0x9CFF, 0x9CFF, 0x9CFF, 0x9CFF, 0x9CFF, 0x9CFF, 0x9CFF, 
    0x9CFF, 0x9CFF, 0x9CFF, 0x9CFF, 0x9CFF, 0x9CFF, 0x9CFF, 0x9CFF, 0x9CFF, 0x9CFF, 0x9CFF, 0x9CFF, 
    0x9CFF, 0x9CFF, 0x9CFF, 0x9CFF, 0x9CFF, 0x9CFF, 0x9CFF, 0x9CFF, 0x9CFF, 0x9CFF, 0x9CFF, 0x9CFF, 
    0x9CFF, 0x9CFF, 0x9CFF, 0x9CFF, 0x9CFF, 0x9CFF, 0x9CFF, 0x9CFF, 0x9CFF, 0x9CFF, 0x9CFF, 0x9CFF, 
    0x9CFF, 0x9CFF, 0x9CFF, 0x9CFF, 0x9CFF, 0x9CFF, 0x9CFF, 0x9CFF, 0x9CFF, 0x9CFF, 0x9CFF, 0x9CFF, 
    0x9CFF, 0x9CFF, 0x9CFF, 0x9CFF, 0x9CFF, 0x9CFF, 0x9CFF, 0x9CFF, 0x9CFF, 0x9CFF, 0x9CFF, 0x9CFF, 
    0x9CFF, 0x9CFF, 0x9CFF, 0x9CFF, 0x9CFF, 0x9CFF, 0x9CFF, 0x9CFF, 0x9CFF, 0x9CFF, 0x9CFF, 0x9CFF, 
    0x9CFF, 0x9CFF, 0x9CFF, 0x9CFF, 0x9CFF, 0x9CFF, 0x9CFF, 0x9CFF, 0x9CFF, 0x9CFF, 0x9CFF, 0x9CFF, 
    0x9CFF, 0x9CFF, 0x9CFF, 0x9CFF, 0x9CFF, 0x9CFF, 0x9CFF, 0x9CFF, 0x9CFF, 0x9CFF, 0x9CFF, 0x9CFF, 
    0x9CFF, 0x9CFF, 0x9CFF, 0x9CFF, 0x9CFF, 0x9CFF, 0x9CFF, 0x9CFF, 0x9CFF, 0x9CFF, 0x9CFF, 0x9CFF, 
    0x9CFF, 0x9CFF, 0x9CFF, 0x9CFF, 0x9CFF, 0x9CFF, 0x9CFF, 0x9CFF, 0x9CFF, 0x9CFF, 0x9CFF, 0x9CFF, 
    0x9CFF, 0x9CFF, 0x9CFF, 0x9CFF, 0x9CFF, 0x9CFF, 0x9CFF, 0x9CFF, 0x9CFF, 0x9CFF, 0x9CFF, 0x9CFF, 
    0x9CFF, 0x9CFF, 0x9CFF, 0x9CFF, 0x9CFF, 0x9CFF, 0x9CFF, 0x9CFF, 0x9CFF, 0x9CFF, 0x9CFF, 0x9CFF, 
    0x9CFF, 0x9CFF, 0x9CFF, 0x9CFF, 0x9CFF, 0x9CFF, 0x9CFF, 0x9CFF, 0x9CFF, 0x9CFF, 0x9CFF, 0x9CFF, 
    0x9CFF, 0x9CFF, 0x9CFF, 0x9CFF, 0x9CFF, 0x9CFF, 0x9CFF, 0x9CFF, 0x9CFF, 0x9CFF, 0x9CFF, 0x9CFF, 
    0x9CFF, 0x9CFF, 0x9CFF, 0x9CFF, 0x9CFF, 0x9CFF, 0x9CFF, 0x9CFF, 0x9CFF, 0x9CFF, 0x9CFF, 0x9CFF, 
    0x9CFF, 0x9CFF, 0x9CFF, 0x9CFF, 0x9CFF, 0x9CFF, 0x9CFF, 0x9CFF, 0x9CFF, 0x9CFF, 0x9CFF, 0x9CFF, 
    0x9CFF, 0x9CFF, 0x9CFF, 0x9CFF, 0x9CFF, 0x9CFF, 0x9CFF, 0x9BFF, 0xBDFF, 0xBBCE, 0xD474, 0x9CAE, 
    0x1DBF, 0x1DB7, 0xFDBE, 0xFDBE, 0xFDBE, 0xFDBE, 0xFDBE, 0xFDBE, 0xFDBE, 0xFDBE, 0xFDBE, 0xFDBE, 
    0xFDBE, 0xFDBE, 0xFDBE, 0xFDBE, 0xFDBE, 0xFDBE, 0xFDBE, 0xFDBE, 0xFDBE, 0xFDBE, 0xFDBE, 0xFDBE, 
    
    0x9BAE, 0x1DBF, 0xFDBE, 0xFDBE, 0xFDBE, 0xFDBE, 0xFDBE, 0xFDBE, 0xFDBE, 0xFDBE, 0xFDBE, 0xFDBE, 
    0xFDBE, 0xFDBE, 0xFDBE, 0xFDBE, 0xFDBE, 0xFDBE, 0xFDBE, 0xFDBE, 0xFEBE, 0xFDBE, 0xFDBE, 0xFDB6, 
    0x1DBF, 0xB98D, 0x568D, 0x9BFF, 0x9CFF, 0x9CFF, 0x9CFF, 0x9CFF, 0x9CFF, 0x9CFF, 0x9CFF, 0x9CFF, 
    0x9CFF, 0x9CFF, 0x9CFF, 0x9CFF, 0x9CFF, 0x9CFF, 0x9CFF, 0x9CFF, 0x9CFF, 0x9CFF, 0x9CFF, 0x9CFF, 
    0x9CFF, 0x9CFF, 0x9CFF, 0x9CFF, 0x9CFF, 0x9CFF, 0x9CFF, 0x9CFF, 0x9CFF, 0x9CFF, 0x9CFF, 0x9CFF, 
    0x9CFF, 0x9CFF, 0x9CFF, 0x9CFF, 0x9CFF, 0x9CFF, 0x9CFF, 0x9CFF, 0x9CFF, 0x9CFF, 0x9CFF, 0x9CFF, 
    0x9CFF, 0x9CFF, 0x9CFF, 0x9CFF, 0x9CFF, 0x9CFF, 0x9CFF, 0x9CFF, 0x9CFF, 0x9CFF, 0x9CFF, 0x9CFF, 
    0x9CFF, 0x9CFF, 0x9CFF, 0x9CFF, 0x9CFF, 0x9CFF, 0x9CFF, 0x9CFF, 0x9CFF, 0x9CFF, 0x9CFF, 0x9CFF, 
    0x9CFF, 0x9CFF, 0x9CFF, 0x9CFF, 0x9CFF, 0x9CFF, 0x9CFF, 0x9CFF, 0x9CFF, 0x9CFF, 0x9CFF, 0x9CFF, 
    0x9CFF, 0x9CFF, 0x9CFF, 0x9CFF, 0x9CFF, 0x9CFF, 0x9CFF, 0x9CFF, 0x9CFF, 0x9CFF, 0x9CFF, 0x9CFF, 
    0x9CFF, 0x9CFF, 0x9CFF, 0x9CFF, 0x9CFF, 0x9CFF, 0x9CFF, 0x9CFF, 0x9CFF, 0x9CFF, 0x9CFF, 0x9CFF, 
    0x9CFF, 0x9CFF, 0x9CFF, 0x9CFF, 0x9CFF, 0x9CFF, 0x9CFF, 0x9CFF, 0x9CFF, 0x9CFF, 0x9CFF, 0x9CFF, 
    0x9CFF, 0x9CFF, 0x9CFF, 0x9CFF, 0x9CFF, 0x9CFF, 0x9CFF, 0x9CFF, 0x9CFF, 0x9CFF, 0x9CFF, 0x9CFF, 
    0x9CFF, 0x9CFF, 0x9CFF, 0x9CFF, 0x9CFF, 0x9CFF, 0x9CFF, 0x9CFF, 0x9CFF, 0x9CFF, 0x9CFF, 0x9CFF, 
    0x9CFF, 0x9CFF, 0x9CFF, 0x9CFF, 0x9CFF, 0x9CFF, 0x9CFF, 0x9CFF, 0x9CFF, 0x9CFF, 0x9CFF, 0x9CFF, 
    0x9CFF, 0x9CFF, 0x9CFF, 0x9CFF, 0x9CFF, 0x9CFF, 0x9CFF, 0x9CFF, 0x9CFF, 0x9CFF, 0x9CFF, 0x9CFF, 
    0x9CFF, 0x9CFF, 0x9CFF, 0x9CFF, 0x9CFF, 0x9CFF, 0x9CFF, 0x9CFF, 0x9CFF, 0x9CFF, 0x9CFF, 0x9CFF, 
    0x9CFF, 0x9CFF, 0x9CFF, 0x9CFF, 0x9CFF, 0x9CFF, 0x9CFF, 0x9CFF, 0x9CFF, 0x9CFF, 0x9CFF, 0x9CFF, 
    0x9CFF, 0x9CFF, 0x9CFF, 0x9CFF, 0x9CFF, 0x9CFF, 0x9CFF, 0x9CFF, 0x9CFF, 0x9CFF, 0x9CFF, 0x9CFF, 
    0x9CFF, 0x9CFF, 0x9CFF, 0x9CFF, 0x9CFF, 0x9CFF, 0x9CFF, 0x9CFF, 0x9CFF, 0x9CFF, 0x9CFF, 0x9CFF, 
    0x9CFF, 0x9CFF, 0x9CFF, 0x9CFF, 0x9CFF, 0x9CFF, 0x9CFF, 0x9CFF, 0x9CFF, 0x9CFF, 0x9CFF, 0x9CFF, 
    0x9CFF, 0x9CFF, 0x9CFF, 0x9BFF, 0xBDFF, 0xBBCE, 0xD474, 0x9CAE, 0x1DBF, 0x1DB7, 0xFDBE, 0xFDBE, 
    0xFDBE, 0xFDBE, 0xFDBE, 0xFDBE, 0xFDBE, 0xFDBE, 0xFDBE, 0xFDBE, 0xFDBE, 0xFDBE, 0xFDBE, 0xFDBE, 
    0xFDBE, 0xFDBE, 0xFDBE, 0xFDBE, 0xFDBE, 0xFDBE, 0xFDBE, 0xFDBE, 
    0x9BAE, 0x1DBF, 0xFDBE, 0xFDBE, 
    0xFDBE, 0xFDBE, 0xFDBE, 0xFDBE, 0xFDBE, 0xFDBE, 0xFDBE, 0xFDBE, 0xFDBE, 0xFDBE, 0xFDBE, 0xFDBE, 
    0xFDBE, 0xFDBE, 0xFDBE, 0xFDBE, 0xFEBE, 0xFDBE, 0xFDBE, 0xFDB6, 0x1DBF, 0xB98D, 0x568D, 0x9BFF, 
    0x9CFF, 0x9CFF, 0x9CFF, 0x9CFF, 0x9CFF, 0x9CFF, 0x9CFF, 0x9CFF, 0x9CFF, 0x9CFF, 0x9CFF, 0x9CFF, 
    0x9CFF, 0x9CFF, 0x9CFF, 0x9CFF, 0x9CFF, 0x9CFF, 0x9CFF, 0x9CFF, 0x9CFF, 0x9CFF, 0x9CFF, 0x9CFF, 
    0x9CFF, 0x9CFF, 0x9CFF, 0x9CFF, 0x9CFF, 0x9CFF, 0x9CFF, 0x9CFF, 0x9CFF, 0x9CFF, 0x9CFF, 0x9CFF, 
    0x9CFF, 0x9CFF, 0x9CFF, 0x9CFF, 0x9CFF, 0x9CFF, 0x9CFF, 0x9CFF, 0x9CFF, 0x9CFF, 0x9CFF, 0x9CFF, 
    0x9CFF, 0x9CFF, 0x9CFF, 0x9CFF, 0x9CFF, 0x9CFF, 0x9CFF, 0x9CFF, 0x9CFF, 0x9CFF, 0x9CFF, 0x9CFF, 
    0x9CFF, 0x9CFF, 0x9CFF, 0x9CFF, 0x9CFF, 0x9CFF, 0x9CFF, 0x9CFF, 0x9CFF, 0x9CFF, 0x9CFF, 0x9CFF, 
    0x9CFF, 0x9CFF, 0x9CFF, 0x9CFF, 0x9CFF, 0x9CFF, 0x9CFF, 0x9CFF, 0x9CFF, 0x9CFF, 0x9CFF, 0x9CFF, 
    0x9CFF, 0x9CFF, 0x9CFF, 0x9CFF, 0x9CFF, 0x9CFF, 0x9CFF, 0x9CFF, 0x9CFF, 0x9CFF, 0x9CFF, 0x9CFF, 
    0x9CFF, 0x9CFF, 0x9CFF, 0x9CFF, 0x9CFF, 0x9CFF, 0x9CFF, 0x9CFF, 0x9CFF, 0x9CFF, 0x9CFF, 0x9CFF, 
    0x9CFF, 0x9CFF, 0x9CFF, 0x9CFF, 0x9CFF, 0x9CFF, 0x9CFF, 0x9CFF, 0x9CFF, 0x9CFF, 0x9CFF, 0x9CFF, 
    0x9CFF, 0x9CFF, 0x9CFF, 0x9CFF, 0x9CFF, 0x9CFF, 0x9CFF, 0x9CFF, 0x9CFF, 0x9CFF, 0x9CFF, 0x9CFF, 
    0x9CFF, 0x9CFF, 0x9CFF, 0x9CFF, 0x9CFF, 0x9CFF, 0x9CFF, 0x9CFF, 0x9CFF, 0x9CFF, 0x9CFF, 0x9CFF, 
    0x9CFF, 0x9CFF, 0x9CFF, 0x9CFF, 0x9CFF, 0x9CFF, 0x9CFF, 0x9CFF, 0x9CFF, 0x9CFF, 0x9CFF, 0x9CFF, 
    0x9CFF, 0x9CFF, 0x9CFF, 0x9CFF, 0x9CFF, 0x9CFF, 0x9CFF, 0x9CFF, 0x9CFF, 0x9CFF, 0x9CFF, 0x9CFF, 
    0x9CFF, 0x9CFF, 0x9CFF, 0x9CFF, 0x9CFF, 0x9CFF, 0x9CFF, 0x9CFF, 0x9CFF, 0x9CFF, 0x9CFF, 0x9CFF, 
    0x9CFF, 0x9CFF, 0x9CFF, 0x9CFF, 0x9CFF, 0x9CFF, 0x9CFF, 0x9CFF, 0x9CFF, 0x9CFF, 0x9CFF, 0x9CFF, 
    0x9CFF, 0x9CFF, 0x9CFF, 0x9CFF, 0x9CFF, 0x9CFF, 0x9CFF, 0x9CFF, 0x9CFF, 0x9CFF, 0x9CFF, 0x9CFF, 
    0x9CFF, 0x9CFF, 0x9CFF, 0x9CFF, 0x9CFF, 0x9CFF, 0x9CFF, 0x9CFF, 0x9CFF, 0x9CFF, 0x9CFF, 0x9CFF, 
    0x9CFF, 0x9CFF, 0x9CFF, 0x9CFF, 0x9CFF, 0x9CFF, 0x9CFF, 0x9CFF, 0x9CFF, 0x9CFF, 0x9CFF, 0x9BFF, 
    0xBDFF, 0xBBCE, 0xD474, 0x9CAE, 0x1DBF, 0x1DB7, 0xFDBE, 0xFDBE, 0xFDBE, 0xFDBE, 0xFDBE, 0xFDBE, 
    0xFDBE, 0xFDBE, 0xFDBE, 0xFDBE, 0xFDBE, 0xFDBE, 0xFDBE, 0xFDBE, 0xFDBE, 0xFDBE, 0xFDBE, 0xFDBE, 
    0xFDBE, 0xFDBE, 0xFDBE, 0xFDBE, 
    0x9BAE, 0x1DBF, 0xFDBE, 0xFDBE, 0xFDBE, 0xFDBE, 0xFDBE, 0xFDBE, 
    0xFDBE, 0xFDBE, 0xFDBE, 0xFDBE, 0xFDBE, 0xFDBE, 0xFDBE, 0xFDBE, 0xFDBE, 0xFDBE, 0xFDBE, 0xFDBE, 
    0xFEBE, 0xFDBE, 0xFDBE, 0xFDB6, 0x1DBF, 0xB98D, 0x568D, 0x9BFF, 0x9CFF, 0x9CFF, 0x9CFF, 0x9CFF, 
    0x9CFF, 0x9CFF, 0x9CFF, 0x9CFF, 0x9CFF, 0x9CFF, 0x9CFF, 0x9CFF, 0x9CFF, 0x9CFF, 0x9CFF, 0x9CFF, 
    0x9CFF, 0x9CFF, 0x9CFF, 0x9CFF, 0x9CFF, 0x9CFF, 0x9CFF, 0x9CFF, 0x9CFF, 0x9CFF, 0x9CFF, 0x9CFF, 
    0x9CFF, 0x9CFF, 0x9CFF, 0x9CFF, 0x9CFF, 0x9CFF, 0x9CFF, 0x9CFF, 0x9CFF, 0x9CFF, 0x9CFF, 0x9CFF, 
    0x9CFF, 0x9CFF, 0x9CFF, 0x9CFF, 0x9CFF, 0x9CFF, 0x9CFF, 0x9CFF, 0x9CFF, 0x9CFF, 0x9CFF, 0x9CFF, 
    0x9CFF, 0x9CFF, 0x9CFF, 0x9CFF, 0x9CFF, 0x9CFF, 0x9CFF, 0x9CFF, 0x9CFF, 0x9CFF, 0x9CFF, 0x9CFF, 
    0x9CFF, 0x9CFF, 0x9CFF, 0x9CFF, 0x9CFF, 0x9CFF, 0x9CFF, 0x9CFF, 0x9CFF, 0x9CFF, 0x9CFF, 0x9CFF, 
    0x9CFF, 0x9CFF, 0x9CFF, 0x9CFF, 0x9CFF, 0x9CFF, 0x9CFF, 0x9CFF, 0x9CFF, 0x9CFF, 0x9CFF, 0x9CFF, 
    0x9CFF, 0x9CFF, 0x9CFF, 0x9CFF, 0x9CFF, 0x9CFF, 0x9CFF, 0x9CFF, 0x9CFF, 0x9CFF, 0x9CFF, 0x9CFF, 
    0x9CFF, 0x9CFF, 0x9CFF, 0x9CFF, 0x9CFF, 0x9CFF, 0x9CFF, 0x9CFF, 0x9CFF, 0x9CFF, 0x9CFF, 0x9CFF, 
    0x9CFF, 0x9CFF, 0x9CFF, 0x9CFF, 0x9CFF, 0x9CFF, 0x9CFF, 0x9CFF, 0x9CFF, 0x9CFF, 0x9CFF, 0x9CFF, 
    0x9CFF, 0x9CFF, 0x9CFF, 0x9CFF, 0x9CFF, 0x9CFF, 0x9CFF, 0x9CFF, 0x9CFF, 0x9CFF, 0x9CFF, 0x9CFF, 
    0x9CFF, 0x9CFF, 0x9CFF, 0x9CFF, 0x9CFF, 0x9CFF, 0x9CFF, 0x9CFF, 0x9CFF, 0x9CFF, 0x9CFF, 0x9CFF, 
    0x9CFF, 0x9CFF, 0x9CFF, 0x9CFF, 0x9CFF, 0x9CFF, 0x9CFF, 0x9CFF, 0x9CFF, 0x9CFF, 0x9CFF, 0x9CFF, 
    0x9CFF, 0x9CFF, 0x9CFF, 0x9CFF, 0x9CFF, 0x9CFF, 0x9CFF, 0x9CFF, 0x9CFF, 0x9CFF, 0x9CFF, 0x9CFF, 
    0x9CFF, 0x9CFF, 0x9CFF, 0x9CFF, 0x9CFF, 0x9CFF, 0x9CFF, 0x9CFF, 0x9CFF, 0x9CFF, 0x9CFF, 0x9CFF, 
    0x9CFF, 0x9CFF, 0x9CFF, 0x9CFF, 0x9CFF, 0x9CFF, 0x9CFF, 0x9CFF, 0x9CFF, 0x9CFF, 0x9CFF, 0x9CFF, 
    0x9CFF, 0x9CFF, 0x9CFF, 0x9CFF, 0x9CFF, 0x9CFF, 0x9CFF, 0x9CFF, 0x9CFF, 0x9CFF, 0x9CFF, 0x9CFF, 
    0x9CFF, 0x9CFF, 0x9CFF, 0x9CFF, 0x9CFF, 0x9CFF, 0x9CFF, 0x9CFF, 0x9CFF, 0x9CFF, 0x9CFF, 0x9CFF, 
    0x9CFF, 0x9CFF, 0x9CFF, 0x9CFF, 0x9CFF, 0x9CFF, 0x9CFF, 0x9BFF, 0xBDFF, 0xBBCE, 0xD474, 0x9CAE, 
    0x1DBF, 0x1DB7, 0xFDBE, 0xFDBE, 0xFDBE, 0xFDBE, 0xFDBE, 0xFDBE, 0xFDBE, 0xFDBE, 0xFDBE, 0xFDBE, 
    0xFDBE, 0xFDBE, 0xFDBE, 0xFDBE, 0xFDBE, 0xFDBE, 0xFDBE, 0xFDBE, 0xFDBE, 0xFDBE, 0xFDBE, 0xFDBE, 
    
    0x9BAE, 0x1DBF, 0xFDBE, 0xFDBE, 0xFDBE, 0xFDBE, 0xFDBE, 0xFDBE, 0xFDBE, 0xFDBE, 0xFDBE, 0xFDBE, 
    0xFDBE, 0xFDBE, 0xFDBE, 0xFDBE, 0xFDBE, 0xFDBE, 0xFDBE, 0xFDBE, 0xFEBE, 0xFDBE, 0xFDBE, 0xFDB6, 
    0x1DBF, 0xB98D, 0x568D, 0x9BFF, 0x9CFF, 0x9CFF, 0x9CFF, 0x9CFF, 0x9CFF, 0x9CFF, 0x9CFF, 0x9CFF, 
    0x9CFF, 0x9CFF, 0x9CFF, 0x9CFF, 0x9CFF, 0x9CFF, 0x9CFF, 0x9CFF, 0x9CFF, 0x9CFF, 0x9CFF, 0x9CFF, 
    0x9CFF, 0x9CFF, 0x9CFF, 0x9CFF, 0x9CFF, 0x9CFF, 0x9CFF, 0x9CFF, 0x9CFF, 0x9CFF, 0x9CFF, 0x9CFF, 
    0x9CFF, 0x9CFF, 0x9CFF, 0x9CFF, 0x9CFF, 0x9CFF, 0x9CFF, 0x9CFF, 0x9CFF, 0x9CFF, 0x9CFF, 0x9CFF, 
    0x9CFF, 0x9CFF, 0x9CFF, 0x9CFF, 0x9CFF, 0x9CFF, 0x9CFF, 0x9CFF, 0x9CFF, 0x9CFF, 0x9CFF, 0x9CFF, 
    0x9CFF, 0x9CFF, 0x9CFF, 0x9CFF, 0x9CFF, 0x9CFF, 0x9CFF, 0x9CFF, 0x9CFF, 0x9CFF, 0x9CFF, 0x9CFF, 
    0x9CFF, 0x9CFF, 0x9CFF, 0x9CFF, 0x9CFF, 0x9CFF, 0x9CFF, 0x9CFF, 0x9CFF, 0x9CFF, 0x9CFF, 0x9CFF, 
    0x9CFF, 0x9CFF, 0x9CFF, 0x9CFF, 0x9CFF, 0x9CFF, 0x9CFF, 0x9CFF, 0x9CFF, 0x9CFF, 0x9CFF, 0x9CFF, 
    0x9CFF, 0x9CFF, 0x9CFF, 0x9CFF, 0x9CFF, 0x9CFF, 0x9CFF, 0x9CFF, 0x9CFF, 0x9CFF, 0x9CFF, 0x9CFF, 
    0x9CFF, 0x9CFF, 0x9CFF, 0x9CFF, 0x9CFF, 0x9CFF, 0x9CFF, 0x9CFF, 0x9CFF, 0x9CFF, 0x9CFF, 0x9CFF, 
    0x9CFF, 0x9CFF, 0x9CFF, 0x9CFF, 0x9CFF, 0x9CFF, 0x9CFF, 0x9CFF, 0x9CFF, 0x9CFF, 0x9CFF, 0x9CFF, 
    0x9CFF, 0x9CFF, 0x9CFF, 0x9CFF, 0x9CFF, 0x9CFF, 0x9CFF, 0x9CFF, 0x9CFF, 0x9CFF, 0x9CFF, 0x9CFF, 
    0x9CFF, 0x9CFF, 0x9CFF, 0x9CFF, 0x9CFF, 0x9CFF, 0x9CFF, 0x9CFF, 0x9CFF, 0x9CFF, 0x9CFF, 0x9CFF, 
    0x9CFF, 0x9CFF, 0x9CFF, 0x9CFF, 0x9CFF, 0x9CFF, 0x9CFF, 0x9CFF, 0x9CFF, 0x9CFF, 0x9CFF, 0x9CFF, 
    0x9CFF, 0x9CFF, 0x9CFF, 0x9CFF, 0x9CFF, 0x9CFF, 0x9CFF, 0x9CFF, 0x9CFF, 0x9CFF, 0x9CFF, 0x9CFF, 
    0x9CFF, 0x9CFF, 0x9CFF, 0x9CFF, 0x9CFF, 0x9CFF, 0x9CFF, 0x9CFF, 0x9CFF, 0x9CFF, 0x9CFF, 0x9CFF, 
    0x9CFF, 0x9CFF, 0x9CFF, 0x9CFF, 0x9CFF, 0x9CFF, 0x9CFF, 0x9CFF, 0x9CFF, 0x9CFF, 0x9CFF, 0x9CFF, 
    0x9CFF, 0x9CFF, 0x9CFF, 0x9CFF, 0x9CFF, 0x9CFF, 0x9CFF, 0x9CFF, 0x9CFF, 0x9CFF, 0x9CFF, 0x9CFF, 
    0x9CFF, 0x9CFF, 0x9CFF, 0x9CFF, 0x9CFF, 0x9CFF, 0x9CFF, 0x9CFF, 0x9CFF, 0x9CFF, 0x9CFF, 0x9CFF, 
    0x9CFF, 0x9CFF, 0x9CFF, 0x9BFF, 0xBDFF, 0xBBCE, 0xD474, 0x9CAE, 0x1DBF, 0x1DB7, 0xFDBE, 0xFDBE, 
    0xFDBE, 0xFDBE, 0xFDBE, 0xFDBE, 0xFDBE, 0xFDBE, 0xFDBE, 0xFDBE, 0xFDBE, 0xFDBE, 0xFDBE, 0xFDBE, 
    0xFDBE, 0xFDBE, 0xFDBE, 0xFDBE, 0xFDBE, 0xFDBE, 0xFDBE, 0xFDBE, 
    0x9BAE, 0x1DBF, 0xFDBE, 0xFDBE, 
    0xFDBE, 0xFDBE, 0xFDBE, 0xFDBE, 0xFDBE, 0xFDBE, 0xFDBE, 0xFDBE, 0xFDBE, 0xFDBE, 0xFDBE, 0xFDBE, 
    0xFDBE, 0xFDBE, 0xFDBE, 0xFDBE, 0xFEBE, 0xFDBE, 0xFDBE, 0xFDB6, 0x1DBF, 0xB98D, 0x568D, 0x9BFF, 
    0x9CFF, 0x9CFF, 0x9CFF, 0x9CFF, 0x9CFF, 0x9CFF, 0x9CFF, 0x9CFF, 0x9CFF, 0x9CFF, 0x9CFF, 0x9CFF, 
    0x9CFF, 0x9CFF, 0x9CFF, 0x9CFF, 0x9CFF, 0x9CFF, 0x9CFF, 0x9CFF, 0x9CFF, 0x9CFF, 0x9CFF, 0x9CFF, 
    0x9CFF, 0x9CFF, 0x9CFF, 0x9CFF, 0x9CFF, 0x9CFF, 0x9CFF, 0x9CFF, 0x9CFF, 0x9CFF, 0x9CFF, 0x9CFF, 
    0x9CFF, 0x9CFF, 0x9CFF, 0x9CFF, 0x9CFF, 0x9CFF, 0x9CFF, 0x9CFF, 0x9CFF, 0x9CFF, 0x9CFF, 0x9CFF, 
    0x9CFF, 0x9CFF, 0x9CFF, 0x9CFF, 0x9CFF, 0x9CFF, 0x9CFF, 0x9CFF, 0x9CFF, 0x9CFF, 0x9CFF, 0x9CFF, 
    0x9CFF, 0x9CFF, 0x9CFF, 0x9CFF, 0x9CFF, 0x9CFF, 0x9CFF, 0x9CFF, 0x9CFF, 0x9CFF, 0x9CFF, 0x9CFF, 
    0x9CFF, 0x9CFF, 0x9CFF, 0x9CFF, 0x9CFF, 0x9CFF, 0x9CFF, 0x9CFF, 0x9CFF, 0x9CFF, 0x9CFF, 0x9CFF, 
    0x9CFF, 0x9CFF, 0x9CFF, 0x9CFF, 0x9CFF, 0x9CFF, 0x9CFF, 0x9CFF, 0x9CFF, 0x9CFF, 0x9CFF, 0x9CFF, 
    0x9CFF, 0x9CFF, 0x9CFF, 0x9CFF, 0x9CFF, 0x9CFF, 0x9CFF, 0x9CFF, 0x9CFF, 0x9CFF, 0x9CFF, 0x9CFF, 
    0x9CFF, 0x9CFF, 0x9CFF, 0x9CFF, 0x9CFF, 0x9CFF, 0x9CFF, 0x9CFF, 0x9CFF, 0x9CFF, 0x9CFF, 0x9CFF, 
    0x9CFF, 0x9CFF, 0x9CFF, 0x9CFF, 0x9CFF, 0x9CFF, 0x9CFF, 0x9CFF, 0x9CFF, 0x9CFF, 0x9CFF, 0x9CFF, 
    0x9CFF, 0x9CFF, 0x9CFF, 0x9CFF, 0x9CFF, 0x9CFF, 0x9CFF, 0x9CFF, 0x9CFF, 0x9CFF, 0x9CFF, 0x9CFF, 
    0x9CFF, 0x9CFF, 0x9CFF, 0x9CFF, 0x9CFF, 0x9CFF, 0x9CFF, 0x9CFF, 0x9CFF, 0x9CFF, 0x9CFF, 0x9CFF, 
    0x9CFF, 0x9CFF, 0x9CFF, 0x9CFF, 0x9CFF, 0x9CFF, 0x9CFF, 0x9CFF, 0x9CFF, 0x9CFF, 0x9CFF, 0x9CFF, 
    0x9CFF, 0x9CFF, 0x9CFF, 0x9CFF, 0x9CFF, 0x9CFF, 0x9CFF, 0x9CFF, 0x9CFF, 0x9CFF, 0x9CFF, 0x9CFF, 
    0x9CFF, 0x9CFF, 0x9CFF, 0x9CFF, 0x9CFF, 0x9CFF, 0x9CFF, 0x9CFF, 0x9CFF, 0x9CFF, 0x9CFF, 0x9CFF, 
    0x9CFF, 0x9CFF, 0x9CFF, 0x9CFF, 0x9CFF, 0x9CFF, 0x9CFF, 0x9CFF, 0x9CFF, 0x9CFF, 0x9CFF, 0x9CFF, 
    0x9CFF, 0x9CFF, 0x9CFF, 0x9CFF, 0x9CFF, 0x9CFF, 0x9CFF, 0x9CFF, 0x9CFF, 0x9CFF, 0x9CFF, 0x9CFF, 
    0x9CFF, 0x9CFF, 0x9CFF, 0x9CFF, 0x9CFF, 0x9CFF, 0x9CFF, 0x9CFF, 0x9CFF, 0x9CFF, 0x9CFF, 0x9BFF, 
    0xBDFF, 0xBBCE, 0xD474, 0x9CAE, 0x1DBF, 0x1DB7, 0xFDBE, 0xFDBE, 0xFDBE, 0xFDBE, 0xFDBE, 0xFDBE, 
    0xFDBE, 0xFDBE, 0xFDBE, 0xFDBE, 0xFDBE, 0xFDBE, 0xFDBE, 0xFDBE, 0xFDBE, 0xFDBE, 0xFDBE, 0xFDBE, 
    0xFDBE, 0xFDBE, 0xFDBE, 0xFDBE, 
    0x9BAE, 0x1DBF, 0xFDBE, 0xFDBE, 0xFDBE, 0xFDBE, 0xFDBE, 0xFDBE, 
    0xFDBE, 0xFDBE, 0xFDBE, 0xFDBE, 0xFDBE, 0xFDBE, 0xFDBE, 0xFDBE, 0xFDBE, 0xFDBE, 0xFDBE, 0xFDBE, 
    0xFEBE, 0xFDBE, 0xFDBE, 0xFDB6, 0x1DBF, 0xB98D, 0x568D, 0x9BFF, 0x9CFF, 0x9CFF, 0x9CFF, 0x9CFF, 
    0x9CFF, 0x9CFF, 0x9CFF, 0x9CFF, 0x9CFF, 0x9CFF, 0x9CFF, 0x9CFF, 0x9CFF, 0x9CFF, 0x9CFF, 0x9CFF, 
    0x9CFF, 0x9CFF, 0x9CFF, 0x9CFF, 0x9CFF, 0x9CFF, 0x9CFF, 0x9CFF, 0x9CFF, 0x9CFF, 0x9CFF, 0x9CFF, 
    0x9CFF, 0x9CFF, 0x9CFF, 0x9CFF, 0x9CFF, 0x9CFF, 0x9CFF, 0x9CFF, 0x9CFF, 0x9CFF, 0x9CFF, 0x9CFF, 
    0x9CFF, 0x9CFF, 0x9CFF, 0x9CFF, 0x9CFF, 0x9CFF, 0x9CFF, 0x9CFF, 0x9CFF, 0x9CFF, 0x9CFF, 0x9CFF, 
    0x9CFF, 0x9CFF, 0x9CFF, 0x9CFF, 0x9CFF, 0x9CFF, 0x9CFF, 0x9CFF, 0x9CFF, 0x9CFF, 0x9CFF, 0x9CFF, 
    0x9CFF, 0x9CFF, 0x9CFF, 0x9CFF, 0x9CFF, 0x9CFF, 0x9CFF, 0x9CFF, 0x9CFF, 0x9CFF, 0x9CFF, 0x9CFF, 
    0x9CFF, 0x9CFF, 0x9CFF, 0x9CFF, 0x9CFF, 0x9CFF, 0x9CFF, 0x9CFF, 0x9CFF, 0x9CFF, 0x9CFF, 0x9CFF, 
    0x9CFF, 0x9CFF, 0x9CFF, 0x9CFF, 0x9CFF, 0x9CFF, 0x9CFF, 0x9CFF, 0x9CFF, 0x9CFF, 0x9CFF, 0x9CFF, 
    0x9CFF, 0x9CFF, 0x9CFF, 0x9CFF, 0x9CFF, 0x9CFF, 0x9CFF, 0x9CFF, 0x9CFF, 0x9CFF, 0x9CFF, 0x9CFF, 
    0x9CFF, 0x9CFF, 0x9CFF, 0x9CFF, 0x9CFF, 0x9CFF, 0x9CFF, 0x9CFF, 0x9CFF, 0x9CFF, 0x9CFF, 0x9CFF, 
    0x9CFF, 0x9CFF, 0x9CFF, 0x9CFF, 0x9CFF, 0x9CFF, 0x9CFF, 0x9CFF, 0x9CFF, 0x9CFF, 0x9CFF, 0x9CFF, 
    0x9CFF, 0x9CFF, 0x9CFF, 0x9CFF, 0x9CFF, 0x9CFF, 0x9CFF, 0x9CFF, 0x9CFF, 0x9CFF, 0x9CFF, 0x9CFF, 
    0x9CFF, 0x9CFF, 0x9CFF, 0x9CFF, 0x9CFF, 0x9CFF, 0x9CFF, 0x9CFF, 0x9CFF, 0x9CFF, 0x9CFF, 0x9CFF, 
    0x9CFF, 0x9CFF, 0x9CFF, 0x9CFF, 0x9CFF, 0x9CFF, 0x9CFF, 0x9CFF, 0x9CFF, 0x9CFF, 0x9CFF, 0x9CFF, 
    0x9CFF, 0x9CFF, 0x9CFF, 0x9CFF, 0x9CFF, 0x9CFF, 0x9CFF, 0x9CFF, 0x9CFF, 0x9CFF, 0x9CFF, 0x9CFF, 
    0x9CFF, 0x9CFF, 0x9CFF, 0x9CFF, 0x9CFF, 0x9CFF, 0x9CFF, 0x9CFF, 0x9CFF, 0x9CFF, 0x9CFF, 0x9CFF, 
    0x9CFF, 0x9CFF, 0x9CFF, 0x9CFF, 0x9CFF, 0x9CFF, 0x9CFF, 0x9CFF, 0x9CFF, 0x9CFF, 0x9CFF, 0x9CFF, 
    0x9CFF, 0x9CFF, 0x9CFF, 0x9CFF, 0x9CFF, 0x9CFF, 0x9CFF, 0x9CFF, 0x9CFF, 0x9CFF, 0x9CFF, 0x9CFF, 
    0x9CFF, 0x9CFF, 0x9CFF, 0x9CFF, 0x9CFF, 0x9CFF, 0x9CFF, 0x9BFF, 0xBDFF, 0xBBCE, 0xD474, 0x9CAE, 
    0x1DBF, 0x1DB7, 0xFDBE, 0xFDBE, 0xFDBE, 0xFDBE, 0xFDBE, 0xFDBE, 0xFDBE, 0xFDBE, 0xFDBE, 0xFDBE, 
    0xFDBE, 0xFDBE, 0xFDBE, 0xFDBE, 0xFDBE, 0xFDBE, 0xFDBE, 0xFDBE, 0xFDBE, 0xFDBE, 0xFDBE, 0xFDBE, 
    
    0x9BAE, 0x1DBF, 0xFDBE, 0xFDBE, 0xFDBE, 0xFDBE, 0xFDBE, 0xFDBE, 0xFDBE, 0xFDBE, 0xFDBE, 0xFDBE, 
    0xFDBE, 0xFDBE, 0xFDBE, 0xFDBE, 0xFDBE, 0xFDBE, 0xFDBE, 0xFDBE, 0xFDBE, 0xFDBE, 0xFDBE, 0xFDB6, 
    0x1DBF, 0xB98D, 0x368D, 0x9BFF, 0x9CFF, 0x9DFF, 0x9CFF, 0x9CFF, 0x9CFF, 0x9CFF, 0x9CFF, 0x9CFF, 
    0x9CFF, 0x9CFF, 0x9CFF, 0x9CFF, 0x9CFF, 0x9CFF, 0x9CFF, 0x9CFF, 0x9CFF, 0x9CFF, 0x9CFF, 0x9CFF, 
    0x9CFF, 0x9CFF, 0x9CFF, 0x9CFF, 0x9CFF, 0x9CFF, 0x9CFF, 0x9CFF, 0x9CFF, 0x9CFF, 0x9CFF, 0x9CFF, 
    0x9CFF, 0x9CFF, 0x9CFF, 0x9CFF, 0x9CFF, 0x9CFF, 0x9CFF, 0x9CFF, 0x9CFF, 0x9CFF, 0x9CFF, 0x9CFF, 
    0x9CFF, 0x9CFF, 0x9CFF, 0x9CFF, 0x9CFF, 0x9CFF, 0x9CFF, 0x9CFF, 0x9CFF, 0x9CFF, 0x9CFF, 0x9CFF, 
    0x9CFF, 0x9CFF, 0x9CFF, 0x9CFF, 0x9CFF, 0x9CFF, 0x9CFF, 0x9CFF, 0x9CFF, 0x9CFF, 0x9CFF, 0x9CFF, 
    0x9CFF, 0x9CFF, 0x9CFF, 0x9CFF, 0x9CFF, 0x9CFF, 0x9CFF, 0x9CFF, 0x9CFF, 0x9CFF, 0x9CFF, 0x9CFF, 
    0x9CFF, 0x9CFF, 0x9CFF, 0x9CFF, 0x9CFF, 0x9CFF, 0x9CFF, 0x9CFF, 0x9CFF, 0x9CFF, 0x9CFF, 0x9CFF, 
    0x9CFF, 0x9CFF, 0x9CFF, 0x9CFF, 0x9CFF, 0x9CFF, 0x9CFF, 0x9CFF, 0x9CFF, 0x9CFF, 0x9CFF, 0x9CFF, 
    0x9CFF, 0x9CFF, 0x9CFF, 0x9CFF, 0x9CFF, 0x9CFF, 0x9CFF, 0x9CFF, 0x9CFF, 0x9CFF, 0x9CFF, 0x9CFF, 
    0x9CFF, 0x9CFF, 0x9CFF, 0x9CFF, 0x9CFF, 0x9CFF, 0x9CFF, 0x9CFF, 0x9CFF, 0x9CFF, 0x9CFF, 0x9CFF, 
    0x9CFF, 0x9CFF, 0x9CFF, 0x9CFF, 0x9CFF, 0x9CFF, 0x9CFF, 0x9CFF, 0x9CFF, 0x9CFF, 0x9CFF, 0x9CFF, 
    0x9CFF, 0x9CFF, 0x9CFF, 0x9CFF, 0x9CFF, 0x9CFF, 0x9CFF, 0x9CFF, 0x9CFF, 0x9CFF, 0x9CFF, 0x9CFF, 
    0x9CFF, 0x9CFF, 0x9CFF, 0x9CFF, 0x9CFF, 0x9CFF, 0x9CFF, 0x9CFF, 0x9CFF, 0x9CFF, 0x9CFF, 0x9CFF, 
    0x9CFF, 0x9CFF, 0x9CFF, 0x9CFF, 0x9CFF, 0x9CFF, 0x9CFF, 0x9CFF, 0x9CFF, 0x9CFF, 0x9CFF, 0x9CFF, 
    0x9CFF, 0x9CFF, 0x9CFF, 0x9CFF, 0x9CFF, 0x9CFF, 0x9CFF, 0x9CFF, 0x9CFF, 0x9CFF, 0x9CFF, 0x9CFF, 
    0x9CFF, 0x9CFF, 0x9CFF, 0x9CFF, 0x9CFF, 0x9CFF, 0x9CFF, 0x9CFF, 0x9CFF, 0x9CFF, 0x9CFF, 0x9CFF, 
    0x9CFF, 0x9CFF, 0x9CFF, 0x9CFF, 0x9CFF, 0x9CFF, 0x9CFF, 0x9CFF, 0x9CFF, 0x9CFF, 0x9CFF, 0x9CFF, 
    0x9CFF, 0x9CFF, 0x9CFF, 0x9CFF, 0x9CFF, 0x9CFF, 0x9CFF, 0x9CFF, 0x9CFF, 0x9CFF, 0x9CFF, 0x9CFF, 
    0x9CFF, 0x9CFF, 0x9CFF, 0x9BFF, 0xBDFF, 0xBBCE, 0xD474, 0x9CAE, 0x1DBF, 0x1DB7, 0xFDBE, 0xFDBE, 
    0xFDBE, 0xFDBE, 0xFDBE, 0xFDBE, 0xFDBE, 0xFDBE, 0xFDBE, 0xFDBE, 0xFDBE, 0xFDBE, 0xFDBE, 0xFDBE, 
    0xFDBE, 0xFDBE, 0xFDBE, 0xFDBE, 0xFDBE, 0xFDBE, 0xFDBE, 0xFDBE
};
