// Auto-generated from main\images\ynfidle.jpg
// Image size: 284x240

#include <stdint.h>

#define YNFIDLE_WIDTH 284
#define YNFIDLE_HEIGHT 240

const uint16_t ynfidle_rgb565[68160] = {
    0xA631, 0x5AAE, 0x3EBF, 0xFDBE, 0xFDBE, 0x1DBF, 0x1DB7, 0xFEBE, 0xFDBE, 0x1DB7, 0xFDBE, 0xFDBE, 
    0xFDBE, 0xFDBE, 0xFDBE, 0xFDBE, 0xFDBE, 0xFDBE, 0xFDBE, 0xFDBE, 0xFDBE, 0xFDBE, 0xFDBE, 0xFDBE, 
    0xFDBE, 0xFDBE, 0xFDBE, 0xFDBE, 0xFDBE, 0xFDBE, 0xFDBE, 0xFDBE, 0xFDBE, 0xFDBE, 0xFDBE, 0xFDBE, 
    0xFDBE, 0xFDBE, 0xFDBE, 0xFDBE, 0xFDBE, 0xFDBE, 0xFDBE, 0xFDBE, 0xFDBE, 0xFDBE, 0xFDBE, 0xFDBE, 
    0xFDBE, 0xFDBE, 0xFDBE, 0xFDBE, 0xFDBE, 0xFDBE, 0xFDBE, 0xFDBE, 0xFDBE, 0xFDBE, 0xFDBE, 0xFDBE, 
    0xFDBE, 0xFDBE, 0xFDBE, 0xFDBE, 0xFDBE, 0xFDBE, 0xFDBE, 0xFDBE, 0xFDBE, 0xFDBE, 0xFDBE, 0xFDBE, 
    0xFDBE, 0xFDBE, 0xFDBE, 0xFDBE, 0xFDBE, 0xFDBE, 0xFDBE, 0xFDBE, 0xFDBE, 0xFDBE, 0xFDBE, 0xFDBE, 
    0xFDBE, 0xFDBE, 0xFDBE, 0xFEB6, 0x1FAF, 0x1EAF, 0x3DBF, 0x1DCF, 0x1EC7, 0x3FBF, 0x3EBF, 0x3DC7, 
    0x3EC7, 0x3EBF, 0x3EBF, 0x3EBF, 0x3EBF, 0x3EBF, 0x3EBF, 0x3EBF, 0x3EBF, 0x3EBF, 0x3EBF, 0x3EBF, 
    0x3EBF, 0x3EBF, 0x3FBF, 0x3FBF, 0x1DC7, 0xDCC6, 0xDCBE, 0x1FAF, 0x1EAF, 0xFDBE, 0xFEBE, 0xFDBE, 
    0xFDBE, 0xFDBE, 0xFEB6, 0x1EBF, 0x38B6, 0x909C, 0x8F94, 0x8F94, 0x8F94, 0x6F8C, 0x6F8C, 0x6F8C, 
    0x6F8C, 0x4E8C, 0x4E8C, 0x4E8C, 0x2E8C, 0x0E8C, 0x0D8C, 0x0D8C, 0xED8B, 0xED8B, 0xED8B, 0xED8B, 
    0xCD83, 0xCC83, 0xCC8B, 0xCC83, 0xAC83, 0xAC83, 0xAC83, 0xAC83, 0x8C83, 0x8B83, 0x6B7B, 0x6B7B, 
    0x6B7B, 0x6B7B, 0x6A7B, 0x6A7B, 0x4A7B, 0x6A7B, 0x4A7B, 0x4A7B, 0x4A7B, 0x297B, 0x2A73, 0x0973, 
    0x0873, 0x0973, 0xE872, 0xAC7B, 0xBCB6, 0x1EB7, 0xFCBE, 0xFDBE, 0xFEBE, 0xFDBE, 0xFDBE, 0xFEB6, 
    0x1EBF, 0xD7A5, 0xD194, 0x73A5, 0xB5A5, 0x959D, 0x959D, 0x959D, 0x959D, 0x959D, 0x959D, 0x959D, 
    0x959D, 0x959D, 0x959D, 0x959D, 0x959D, 0x959D, 0x959D, 0x959D, 0x959D, 0x959D, 0x969D, 0x95A5, 
    0x73AD, 0x38AE, 0x1DB7, 0x1EB7, 0xFDBE, 0xFDBE, 0xFDBE, 0xFEBE, 0xFDBE, 0xFDBE, 0xFDBE, 0xFDBE, 
    0xFDBE, 0xFDBE, 0xFDBE, 0xFDBE, 0xFDBE, 0xFDBE, 0xFDBE, 0xFDBE, 0xFDBE, 0xFDBE, 0xFDBE, 0xFDBE, 
    0xFDBE, 0xFDBE, 0xFDBE, 0xFDBE, 0xFDBE, 0xFDBE, 0xFDBE, 0xFDBE, 0xFDBE, 0xFDBE, 0xFDBE, 0xFDBE, 
    0xFDBE, 0xFDBE, 0xFDBE, 0xFDBE, 0xFDBE, 0xFDBE, 0xFDBE, 0xFDBE, 0xFDBE, 0xFDBE, 0xFDBE, 0xFDBE, 
    0xFDBE, 0xFDBE, 0xFDBE, 0xFDBE, 0xFDBE, 0xFDBE, 0xFDBE, 0xFDBE, 0xFDBE, 0xFDBE, 0xFDBE, 0xFDBE, 
    0xFDBE, 0xFDBE, 0xFDBE, 0xFDBE, 0xFDBE, 0xFDBE, 0xFDBE, 0xFDBE, 0xFDBE, 0xFDBE, 0xFDBE, 0xFDBE, 
    0xFDBE, 0xFDBE, 0xFDBE, 0xFDBE, 0xFDBE, 0xFDBE, 0x1DBF, 0x9BAE, 
    0xA631, 0x5AAE, 0x3EBF, 0xFDBE, 
    0xFDBE, 0x1DBF, 0x1DB7, 0xFEBE, 0xFDBE, 0x1DB7, 0xFDBE, 0xFDBE, 0xFDBE, 0xFDBE, 0xFDBE, 0xFDBE, 
    0xFDBE, 0xFDBE, 0xFDBE, 0xFDBE, 0xFDBE, 0xFDBE, 0xFDBE, 0xFDBE, 0xFDBE, 0xFDBE, 0xFDBE, 0xFDBE, 
    0xFDBE, 0xFDBE, 0xFDBE, 0xFDBE, 0xFDBE, 0xFDBE, 0xFDBE, 0xFDBE, 0xFDBE, 0xFDBE, 0xFDBE, 0xFDBE, 
    0xFDBE, 0xFDBE, 0xFDBE, 0xFDBE, 0xFDBE, 0xFDBE, 0xFDBE, 0xFDBE, 0xFDBE, 0xFDBE, 0xFDBE, 0xFDBE, 
    0xFDBE, 0xFDBE, 0xFDBE, 0xFDBE, 0xFDBE, 0xFDBE, 0xFDBE, 0xFDBE, 0xFDBE, 0xFDBE, 0xFDBE, 0xFDBE, 
    0xFDBE, 0xFDBE, 0xFDBE, 0xFDBE, 0xFDBE, 0xFDBE, 0xFDBE, 0xFDBE, 0xFDBE, 0xFDBE, 0xFDBE, 0xFDBE, 
    0xFDBE, 0xFDBE, 0xFDBE, 0xFDBE, 0xFDBE, 0xFDBE, 0xFDBE, 0xFDBE, 0xFDBE, 0xFDBE, 0xFDBE, 0xFCBE, 
    0xFCBE, 0x1CBF, 0x3395, 0x0E84, 0x508C, 0x5084, 0x4F84, 0x4F84, 0x3084, 0x2F8C, 0x2F8C, 0x2F8C, 
    0x2F8C, 0x2F8C, 0x2F8C, 0x2F8C, 0x2F8C, 0x2F8C, 0x2F8C, 0x2F8C, 0x2E8C, 0x2E8C, 0x2F84, 0x2F8C, 
    0x2E8C, 0xAB7B, 0x9094, 0x1CCF, 0xFDBE, 0x1DBF, 0xFEBE, 0xFDBE, 0xFDBE, 0x1DBF, 0xFDB6, 0x3EC7, 
    0xB28C, 0x475A, 0x8762, 0x675A, 0x675A, 0x675A, 0x675A, 0x675A, 0x675A, 0x675A, 0x675A, 0x675A, 
    0x675A, 0x675A, 0x675A, 0x675A, 0x675A, 0x675A, 0x675A, 0x675A, 0x675A, 0x675A, 0x665A, 0x6662, 
    0x6662, 0x6662, 0x6662, 0x6662, 0x6662, 0x6662, 0x6662, 0x6762, 0x6662, 0x6762, 0x6662, 0x6662, 
    0x6662, 0x6662, 0x6662, 0x6662, 0x6662, 0x6662, 0x665A, 0x6662, 0x6662, 0x6662, 0x6662, 0x0A6B, 
    0x9BB6, 0x1EB7, 0xFCBE, 0x1DB7, 0x1DB7, 0xFDBE, 0xFDBE, 0xFDB6, 0x3EC7, 0xD38C, 0x6752, 0xC85A, 
    0xA85A, 0x8762, 0x8862, 0x8862, 0x8862, 0x8862, 0x8862, 0x8862, 0x8862, 0x8862, 0x8862, 0x8862, 
    0x8862, 0x8862, 0x8862, 0x8862, 0x8862, 0x8862, 0x8862, 0x8762, 0x675A, 0xAD63, 0xDCB6, 0x1DB7, 
    0x1DBF, 0xFDBE, 0xFDBE, 0xFDBE, 0xFDBE, 0xFDBE, 0xFDBE, 0xFDBE, 0xFDBE, 0xFDBE, 0xFDBE, 0xFDBE, 
    0xFDBE, 0xFDBE, 0xFDBE, 0xFDBE, 0xFDBE, 0xFDBE, 0xFDBE, 0xFDBE, 0xFDBE, 0xFDBE, 0xFDBE, 0xFDBE, 
    0xFDBE, 0xFDBE, 0xFDBE, 0xFDBE, 0xFDBE, 0xFDBE, 0xFDBE, 0xFDBE, 0xFDBE, 0xFDBE, 0xFDBE, 0xFDBE, 
    0xFDBE, 0xFDBE, 0xFDBE, 0xFDBE, 0xFDBE, 0xFDBE, 0xFDBE, 0xFDBE, 0xFDBE, 0xFDBE, 0xFDBE, 0xFDBE, 
    0xFDBE, 0xFDBE, 0xFDBE, 0xFDBE, 0xFDBE, 0xFDBE, 0xFDBE, 0xFDBE, 0xFDBE, 0xFDBE, 0xFDBE, 0xFDBE, 
    0xFDBE, 0xFDBE, 0xFDBE, 0xFDBE, 0xFDBE, 0xFDBE, 0xFDBE, 0xFDBE, 0xFDBE, 0xFDBE, 0xFDBE, 0xFDBE, 
    0xFDBE, 0xFDBE, 0x1DBF, 0x9BAE, 
    0xA631, 0x5AAE, 0x3EBF, 0xFDBE, 0xFDBE, 0x1DBF, 0x1DB7, 0xFEBE, 
    0xFDBE, 0x1DB7, 0xFDBE, 0xFDBE, 0xFDBE, 0xFDBE, 0xFDBE, 0xFDBE, 0xFDBE, 0xFDBE, 0xFDBE, 0xFDBE, 
    0xFDBE, 0xFDBE, 0xFDBE, 0xFDBE, 0xFDBE, 0xFDBE, 0xFDBE, 0xFDBE, 0xFDBE, 0xFDBE, 0xFDBE, 0xFDBE, 
    0xFDBE, 0xFDBE, 0xFDBE, 0xFDBE, 0xFDBE, 0xFDBE, 0xFDBE, 0xFDBE, 0xFDBE, 0xFDBE, 0xFDBE, 0xFDBE, 
    0xFDBE, 0xFDBE, 0xFDBE, 0xFDBE, 0xFDBE, 0xFDBE, 0xFDBE, 0xFDBE, 0xFDBE, 0xFDBE, 0xFDBE, 0xFDBE, 
    0xFDBE, 0xFDBE, 0xFDBE, 0xFDBE, 0xFDBE, 0xFDBE, 0xFDBE, 0xFDBE, 0xFDBE, 0xFDBE, 0xFDBE, 0xFDBE, 
    0xFDBE, 0xFDBE, 0xFDBE, 0xFDBE, 0xFDBE, 0xFDBE, 0xFDBE, 0xFDBE, 0xFDBE, 0xFDBE, 0xFDBE, 0xFDBE, 
    0xFDBE, 0xFDBE, 0xFDBE, 0xFDBE, 0xFDBE, 0xFDBE, 0x1DBF, 0xDCC6, 0xDBC6, 0x1BCF, 0x2E84, 0x045A, 
    0x4662, 0x465A, 0x4562, 0x4462, 0x4562, 0x4562, 0x4562, 0x4562, 0x4562, 0x4562, 0x4562, 0x4562, 
    0x4562, 0x4562, 0x4562, 0x4562, 0x4562, 0x4562, 0x4662, 0x465A, 0x6662, 0x255A, 0xED83, 0x1BCF, 
    0xFCBE, 0xFDBE, 0xFEBE, 0xFDBE, 0xFDBE, 0xFDBE, 0x1DB7, 0x1DC7, 0x7184, 0x8762, 0x0983, 0x0983, 
    0x0983, 0x0983, 0x0983, 0x0983, 0x0983, 0x0983, 0x2983, 0x2983, 0x4983, 0x4983, 0x4983, 0x4A83, 
    0x4A83, 0x4A83, 0x4A83, 0x6A83, 0x6A83, 0x6A83, 0x6A83, 0x6A8B, 0x6A8B, 0x8A8B, 0x8A8B, 0x8A8B, 
    0x8A8B, 0x8A8B, 0x8B8B, 0x8B8B, 0x8B8B, 0x8B8B, 0x8B8B, 0x0C9C, 0x6EA4, 0x6EA4, 0x6EA4, 0x8EA4, 
    0x8EA4, 0x8EAC, 0x8FA4, 0xAEAC, 0xAEAC, 0xCFAC, 0x6A8B, 0x0A6B, 0x9BB6, 0x1EB7, 0xFCBE, 0x1DB7, 
    0x1DB7, 0xFCBE, 0xFCBE, 0xFDB6, 0x3EC7, 0xD294, 0x8762, 0xC86A, 0xC872, 0xA67A, 0xA772, 0xA772, 
    0xA772, 0xA772, 0xA772, 0xA772, 0xA772, 0xA772, 0xA772, 0xA772, 0xA772, 0xA772, 0xA772, 0xA772, 
    0xA772, 0xA772, 0xA772, 0xA77A, 0x676A, 0x4C6B, 0xBBBE, 0x1DBF, 0xFCBE, 0xFCBE, 0xFDBE, 0x1DB7, 
    0x1DB7, 0x1DBF, 0xFDBE, 0xFDBE, 0xFDBE, 0xFDBE, 0xFDBE, 0xFDBE, 0xFDBE, 0xFDBE, 0xFDBE, 0xFDBE, 
    0xFDBE, 0xFDBE, 0xFDBE, 0xFDBE, 0xFDBE, 0xFDBE, 0xFDBE, 0xFDBE, 0xFDBE, 0xFDBE, 0xFDBE, 0xFDBE, 
    0xFDBE, 0xFDBE, 0xFDBE, 0xFDBE, 0xFDBE, 0xFDBE, 0xFDBE, 0xFDBE, 0xFDBE, 0xFDBE, 0xFDBE, 0xFDBE, 
    0xFDBE, 0xFDBE, 0xFDBE, 0xFDBE, 0xFDBE, 0xFDBE, 0xFDBE, 0xFDBE, 0xFDBE, 0xFDBE, 0xFDBE, 0xFDBE, 
    0xFDBE, 0xFDBE, 0xFDBE, 0xFDBE, 0xFDBE, 0xFDBE, 0xFDBE, 0xFDBE, 0xFDBE, 0xFDBE, 0xFDBE, 0xFDBE, 
    0xFDBE, 0xFDBE, 0xFDBE, 0xFDBE, 0xFDBE, 0xFDBE, 0xFDBE, 0xFDBE, 0xFDBE, 0xFDBE, 0x1DBF, 0x9BAE, 
    
    0xA631, 0x5AAE, 0x3EBF, 0xFDBE, 0xFDBE, 0x1DBF, 0x1DB7, 0xFEBE, 0xFDBE, 0x1DB7, 0xFDBE, 0xFDBE, 
    0xFDBE, 0xFDBE, 0xFDBE, 0xFDBE, 0xFDBE, 0xFDBE, 0xFDBE, 0xFDBE, 0xFDBE, 0xFDBE, 0xFDBE, 0xFDBE, 
    0xFDBE, 0xFDBE, 0xFDBE, 0xFDBE, 0xFDBE, 0xFDBE, 0xFDBE, 0xFDBE, 0xFDBE, 0xFDBE, 0xFDBE, 0xFDBE, 
    0xFDBE, 0xFDBE, 0xFDBE, 0xFDBE, 0xFDBE, 0xFDBE, 0xFDBE, 0xFDBE, 0xFDBE, 0xFDBE, 0xFDBE, 0xFDBE, 
    0xFDBE, 0xFDBE, 0xFDBE, 0xFDBE, 0xFDBE, 0xFDBE, 0xFDBE, 0xFDBE, 0xFDBE, 0xFDBE, 0xFDBE, 0xFDBE, 
    0xFDBE, 0xFDBE, 0xFDBE, 0xFDBE, 0xFDBE, 0xFDBE, 0xFDBE, 0xFDBE, 0xFDBE, 0xFDBE, 0xFDBE, 0xFDBE, 
    0xFDBE, 0xFDBE, 0xFDBE, 0xFDBE, 0xFDBE, 0xFDBE, 0xFDBE, 0xFDBE, 0xFDBE, 0xFDBE, 0xFDBE, 0xFDBE, 
    0xFDBE, 0xFDBE, 0xFDBE, 0xFDBE, 0xFDB6, 0x1CBF, 0x0E7C, 0x876A, 0x4A8B, 0x4A83, 0x4983, 0x488B, 
    0x2A83, 0x4A83, 0x4A83, 0x4A83, 0x4A83, 0x4A83, 0x4A83, 0x4A83, 0x4A83, 0x4A83, 0x4A83, 0x4A83, 
    0x4983, 0x4983, 0x4A83, 0x4A83, 0x4A7B, 0xA762, 0x0F7C, 0x1DBF, 0x1EB7, 0xFDBE, 0xFEBE, 0xFDBE, 
    0xFDBE, 0xFDBE, 0xFDB6, 0x1DC7, 0x7084, 0xA86A, 0x4DAC, 0x6EB4, 0x6EAC, 0x6EB4, 0x6EB4, 0x6EB4, 
    0x6EB4, 0x6EB4, 0x6EB4, 0x6EB4, 0x8EAC, 0x8EAC, 0x6EAC, 0x8EAC, 0x8EAC, 0x8EB4, 0x8EB4, 0x8EB4, 
    0x8EB4, 0x8EB4, 0x8EB4, 0x8EB4, 0x8EB4, 0x8EB4, 0x8EB4, 0x8EB4, 0x8EB4, 0x8EB4, 0x8EB4, 0x8EB4, 
    0x8EB4, 0x8EB4, 0x8EAC, 0x51C5, 0x14DE, 0xF3DD, 0x14DE, 0x14DE, 0x14DE, 0xF3DD, 0x14D6, 0x14D6, 
    0x14DE, 0x55DE, 0x0C9C, 0xE96A, 0x9BB6, 0x1EB7, 0xFCBE, 0xFDBE, 0x1DB7, 0xFCBE, 0x1CBF, 0xFDB6, 
    0x3EC7, 0xD29C, 0x866A, 0x0DA4, 0x6EAC, 0x6EA4, 0x6EA4, 0x6EA4, 0x6EA4, 0x6EA4, 0x6EA4, 0x6EA4, 
    0x6EA4, 0x6EA4, 0x6EA4, 0x6EA4, 0x6EA4, 0x6EA4, 0x6EA4, 0x6EA4, 0x6EA4, 0x6EA4, 0x4EA4, 0x6EAC, 
    0x298B, 0x2B73, 0xBBBE, 0x1DBF, 0xFCBE, 0xFCBE, 0x1DBF, 0x1DB7, 0x1DB7, 0x1DBF, 0xFDBE, 0xFDBE, 
    0xFDBE, 0xFDBE, 0xFDBE, 0xFDBE, 0xFDBE, 0xFDBE, 0xFDBE, 0xFDBE, 0xFDBE, 0xFDBE, 0xFDBE, 0xFDBE, 
    0xFDBE, 0xFDBE, 0xFDBE, 0xFDBE, 0xFDBE, 0xFDBE, 0xFDBE, 0xFDBE, 0xFDBE, 0xFDBE, 0xFDBE, 0xFDBE, 
    0xFDBE, 0xFDBE, 0xFDBE, 0xFDBE, 0xFDBE, 0xFDBE, 0xFDBE, 0xFDBE, 0xFDBE, 0xFDBE, 0xFDBE, 0xFDBE, 
    0xFDBE, 0xFDBE, 0xFDBE, 0xFDBE, 0xFDBE, 0xFDBE, 0xFDBE, 0xFDBE, 0xFDBE, 0xFDBE, 0xFDBE, 0xFDBE, 
    0xFDBE, 0xFDBE, 0xFDBE, 0xFDBE, 0xFDBE, 0xFDBE, 0xFDBE, 0xFDBE, 0xFDBE, 0xFDBE, 0xFDBE, 0xFDBE, 
    0xFDBE, 0xFDBE, 0xFDBE, 0xFDBE, 0xFDBE, 0xFDBE, 0x1DBF, 0x9BAE, 
    0xA631, 0x5AAE, 0x3EBF, 0xFDBE, 
    0xFDBE, 0x1DBF, 0x1DB7, 0xFEBE, 0xFDBE, 0x1DB7, 0xFDBE, 0xFDBE, 0xFDBE, 0xFDBE, 0xFDBE, 0xFDBE, 
    0xFDBE, 0xFDBE, 0xFDBE, 0xFDBE, 0xFDBE, 0xFDBE, 0xFDBE, 0xFDBE, 0xFDBE, 0xFDBE, 0xFDBE, 0xFDBE, 
    0xFDBE, 0xFDBE, 0xFDBE, 0xFDBE, 0xFDBE, 0xFDBE, 0xFDBE, 0xFDBE, 0xFDBE, 0xFDBE, 0xFDBE, 0xFDBE, 
    0xFDBE, 0xFDBE, 0xFDBE, 0xFDBE, 0xFDBE, 0xFDBE, 0xFDBE, 0xFDBE, 0xFDBE, 0xFDBE, 0xFDBE, 0xFDBE, 
    0xFDBE, 0xFDBE, 0xFDBE, 0xFDBE, 0xFDBE, 0xFDBE, 0xFDBE, 0xFDBE, 0xFDBE, 0xFDBE, 0xFDBE, 0xFDBE, 
    0xFDBE, 0xFDBE, 0xFDBE, 0xFDBE, 0xFDBE, 0xFDBE, 0xFDBE, 0xFDBE, 0xFDBE, 0xFDBE, 0xFDBE, 0xFDBE, 
    0xFDBE, 0xFDBE, 0xFDBE, 0xFDBE, 0xFDBE, 0xFDBE, 0xFDBE, 0xFDBE, 0xFDBE, 0xFDBE, 0xFDBE, 0xFEB6, 
    0x1FB7, 0x1DBF, 0xCD73, 0xE872, 0x8FB4, 0x8FAC, 0x8EAC, 0x8EB4, 0x90AC, 0x8EB4, 0x8EB4, 0x8EB4, 
    0x8EB4, 0x8EB4, 0x8EB4, 0x8EB4, 0x8EB4, 0x8EB4, 0x8EB4, 0x8FB4, 0x8EB4, 0x8EB4, 0x8EB4, 0x8EB4, 
    0x8EB4, 0xC872, 0xEE7B, 0x3DC7, 0xFDB6, 0xFDBE, 0xFEBE, 0xFDBE, 0xFDBE, 0xFDBE, 0xFDBE, 0x1DC7, 
    0x7084, 0xA76A, 0x6DAC, 0x8EAC, 0x8EAC, 0x8EAC, 0x8EAC, 0x8EAC, 0x8EAC, 0x8EAC, 0x8EAC, 0x8EAC, 
    0x6EB4, 0x6EB4, 0x6EB4, 0x6EB4, 0x6EB4, 0x6EB4, 0x6EB4, 0x6EB4, 0x6EB4, 0x6EB4, 0x6EB4, 0x6EB4, 
    0x6EB4, 0x6EB4, 0x6EB4, 0x6EB4, 0x6EB4, 0x6EB4, 0x6EB4, 0x6EB4, 0x6EAC, 0x6EAC, 0x6DAC, 0x10BD, 
    0xD3D5, 0xD2D5, 0xD3D5, 0xD3D5, 0xD2D5, 0xD2D5, 0xD3CD, 0xD3D5, 0xD2D5, 0x14D6, 0xEC9B, 0xE96A, 
    0x9BBE, 0x1EB7, 0xFCBE, 0xFEBE, 0xFEBE, 0xFDBE, 0xFCBE, 0x1DB7, 0x3EC7, 0xF29C, 0x866A, 0x4DAC, 
    0x6FB4, 0x6FAC, 0x6FB4, 0x6FB4, 0x6FB4, 0x6FB4, 0x6FB4, 0x6FB4, 0x6FB4, 0x6FB4, 0x6FB4, 0x6FB4, 
    0x6FB4, 0x6FB4, 0x6FB4, 0x6FB4, 0x6FB4, 0x6FB4, 0x6FAC, 0x8FB4, 0x298B, 0x2B73, 0xBBBE, 0x1DBF, 
    0xFCB6, 0x1CBF, 0x1DB7, 0x1DB7, 0xFDBE, 0xFDBE, 0xFDBE, 0xFDBE, 0xFDBE, 0xFDBE, 0xFDBE, 0xFDBE, 
    0xFDBE, 0xFDBE, 0xFDBE, 0xFDBE, 0xFDBE, 0xFDBE, 0xFDBE, 0xFDBE, 0xFDBE, 0xFDBE, 0xFDBE, 0xFDBE, 
    0xFDBE, 0xFDBE, 0xFDBE, 0xFDBE, 0xFDBE, 0xFDBE, 0xFDBE, 0xFDBE, 0xFDBE, 0xFDBE, 0xFDBE, 0xFDBE, 
    0xFDBE, 0xFDBE, 0xFDBE, 0xFDBE, 0xFDBE, 0xFDBE, 0xFDBE, 0xFDBE, 0xFDBE, 0xFDBE, 0xFDBE, 0xFDBE, 
    0xFDBE, 0xFDBE, 0xFDBE, 0xFDBE, 0xFDBE, 0xFDBE, 0xFDBE, 0xFDBE, 0xFDBE, 0xFDBE, 0xFDBE, 0xFDBE, 
    0xFDBE, 0xFDBE, 0xFDBE, 0xFDBE, 0xFDBE, 0xFDBE, 0xFDBE, 0xFDBE, 0xFDBE, 0xFDBE, 0xFDBE, 0xFDBE, 
    0xFDBE, 0xFDBE, 0x1DBF, 0x9BAE, 
    0xA631, 0x5AAE, 0x3EBF, 0xFDBE, 0xFDBE, 0x1DBF, 0x1DB7, 0xFEBE, 
    0xFDBE, 0x1DB7, 0xFDBE, 0xFDBE, 0xFDBE, 0xFDBE, 0xFDBE, 0xFDBE, 0xFDBE, 0xFDBE, 0xFDBE, 0xFDBE, 
    0xFDBE, 0xFDBE, 0xFDBE, 0xFDBE, 0xFDBE, 0xFDBE, 0xFDBE, 0xFDBE, 0xFDBE, 0xFDBE, 0xFDBE, 0xFDBE, 
    0xFDBE, 0xFDBE, 0xFDBE, 0xFDBE, 0xFDBE, 0xFDBE, 0xFDBE, 0xFDBE, 0xFDBE, 0xFDBE, 0xFDBE, 0xFDBE, 
    0xFDBE, 0xFDBE, 0xFDBE, 0xFDBE, 0xFDBE, 0xFDBE, 0xFDBE, 0xFDBE, 0xFDBE, 0xFDBE, 0xFDBE, 0xFDBE, 
    0xFDBE, 0xFDBE, 0xFDBE, 0xFDBE, 0xFDBE, 0xFDBE, 0xFDBE, 0xFDBE, 0xFDBE, 0xFDBE, 0xFDBE, 0xFDBE, 
    0xFDBE, 0xFDBE, 0xFDBE, 0xFDBE, 0xFDBE, 0xFDBE, 0xFDBE, 0xFDBE, 0xFDBE, 0xFDBE, 0xFDBE, 0xFDBE, 
    0xFDBE, 0xFDBE, 0xFDBE, 0xFDBE, 0xFDBE, 0xFDBE, 0xFDBE, 0xFDBE, 0xFEB6, 0x1CBF, 0xCD7B, 0xC77A, 
    0x6EB4, 0x6EAC, 0x6DAC, 0x6DB4, 0x6FAC, 0x6EB4, 0x6DB4, 0x6DB4, 0x6DB4, 0x6DB4, 0x6DB4, 0x6DB4, 
    0x6DB4, 0x6DB4, 0x6EAC, 0x6EAC, 0x6DB4, 0x6DB4, 0x6DB4, 0x6DB4, 0x6DB4, 0xC772, 0xED83, 0x1CCF, 
    0xFDB6, 0xFDBE, 0xFEBE, 0xFDBE, 0xFDBE, 0xFDBE, 0xFDB6, 0x1DC7, 0x5084, 0xA76A, 0x6DAC, 0x8EAC, 
    0x8EAC, 0x8EAC, 0x8EAC, 0x8EAC, 0x8EAC, 0x8EAC, 0x8EAC, 0x8EAC, 0x6EB4, 0x6EB4, 0x6EB4, 0x6EB4, 
    0x6EB4, 0x6EB4, 0x6EB4, 0x6EB4, 0x6EB4, 0x6EAC, 0x6EAC, 0x6EAC, 0x6EAC, 0x6EAC, 0x6EAC, 0x6EAC, 
    0x6EAC, 0x6EAC, 0x6EAC, 0x6EAC, 0x6EAC, 0x8EAC, 0x6EAC, 0x10BD, 0xF3D5, 0xD3D5, 0xD3D5, 0xF3D5, 
    0xF3D5, 0xD2D5, 0xD3D5, 0xD3D5, 0xD2D5, 0x14DE, 0x0C9C, 0xE96A, 0x9BB6, 0x1EBF, 0xFCBE, 0xDEBE, 
    0xFEBE, 0xFDBE, 0x1DBF, 0x1DB7, 0x3EBF, 0xF29C, 0x866A, 0x2DA4, 0x8EB4, 0x6EB4, 0x6EB4, 0x6EB4, 
    0x6EB4, 0x6EB4, 0x6EB4, 0x6EB4, 0x6EB4, 0x6EB4, 0x6EB4, 0x6EB4, 0x6EB4, 0x6EB4, 0x6EB4, 0x6EB4, 
    0x6EB4, 0x6EB4, 0x6EB4, 0x8EB4, 0x498B, 0x4B6B, 0xBBBE, 0x1DB7, 0x1DB7, 0x1DBF, 0x1DBF, 0xFEB6, 
    0xFDBE, 0xFDBE, 0xFDBE, 0xFDBE, 0xFDBE, 0xFDBE, 0xFDBE, 0xFDBE, 0xFDBE, 0xFDBE, 0xFDBE, 0xFDBE, 
    0xFDBE, 0xFDBE, 0xFDBE, 0xFDBE, 0xFDBE, 0xFDBE, 0xFDBE, 0xFDBE, 0xFDBE, 0xFDBE, 0xFDBE, 0xFDBE, 
    0xFDBE, 0xFDBE, 0xFDBE, 0xFDBE, 0xFDBE, 0xFDBE, 0xFDBE, 0xFDBE, 0xFDBE, 0xFDBE, 0xFDBE, 0xFDBE, 
    0xFDBE, 0xFDBE, 0xFDBE, 0xFDBE, 0xFDBE, 0xFDBE, 0xFDBE, 0xFDBE, 0xFDBE, 0xFDBE, 0xFDBE, 0xFDBE, 
    0xFDBE, 0xFDBE, 0xFDBE, 0xFDBE, 0xFDBE, 0xFDBE, 0xFDBE, 0xFDBE, 0xFDBE, 0xFDBE, 0xFDBE, 0xFDBE, 
    0xFDBE, 0xFDBE, 0xFDBE, 0xFDBE, 0xFDBE, 0xFDBE, 0xFDBE, 0xFDBE, 0xFDBE, 0xFDBE, 0x1DBF, 0x9BAE, 
    
    0xA631, 0x5AAE, 0x3EBF, 0xFDBE, 0xFDBE, 0x1DBF, 0x1DB7, 0xFEBE, 0xFDBE, 0x1DB7, 0xFDBE, 0xFDBE, 
    0xFDBE, 0xFDBE, 0xFDBE, 0xFDBE, 0xFDBE, 0xFDBE, 0xFDBE, 0xFDBE, 0xFDBE, 0xFDBE, 0xFDBE, 0xFDBE, 
    0xFDBE, 0xFDBE, 0xFDBE, 0xFDBE, 0xFDBE, 0xFDBE, 0xFDBE, 0xFDBE, 0xFDBE, 0xFDBE, 0xFDBE, 0xFDBE, 
    0xFDBE, 0xFDBE, 0xFDBE, 0xFDBE, 0xFDBE, 0xFDBE, 0xFDBE, 0xFDBE, 0xFDBE, 0xFDBE, 0xFDBE, 0xFDBE, 
    0xFDBE, 0xFDBE, 0xFDBE, 0xFDBE, 0xFDBE, 0xFDBE, 0xFDBE, 0xFDBE, 0xFDBE, 0xFDBE, 0xFDBE, 0xFDBE, 
    0xFDBE, 0xFDBE, 0xFDBE, 0xFDBE, 0xFDBE, 0xFDBE, 0xFDBE, 0xFDBE, 0xFDBE, 0xFDBE, 0xFDBE, 0xFDBE, 
    0xFDBE, 0xFDBE, 0xFDBE, 0xFDBE, 0xFDBE, 0xFDBE, 0xFDBE, 0xFDBE, 0xFDBE, 0xFDBE, 0xFDBE, 0xFDBE, 
    0xFDBE, 0xFDBE, 0xFDBE, 0xFDBE, 0xFDBE, 0x1CC7, 0xCC7B, 0xC77A, 0x6EB4, 0x6EAC, 0x8DAC, 0x6EB4, 
    0x6FAC, 0x6FAC, 0x6FAC, 0x6FAC, 0x6FAC, 0x6FAC, 0x6FAC, 0x6FAC, 0x6FAC, 0x6FAC, 0x6FAC, 0x8FA4, 
    0x8FAC, 0x6EAC, 0x6EAC, 0x8FAC, 0x6EAC, 0xC872, 0xEE7B, 0x1DC7, 0xFDB6, 0xFDBE, 0xFEBE, 0xFDBE, 
    0xFDBE, 0xFDBE, 0xFDB6, 0x1DC7, 0x508C, 0xA76A, 0x4DAC, 0x6EB4, 0x6EAC, 0x6EAC, 0x6EAC, 0x6EAC, 
    0x6EAC, 0x6EAC, 0x6EAC, 0x6EAC, 0x6EAC, 0x6EAC, 0x6EAC, 0x6EAC, 0x6EAC, 0x6EAC, 0x6EAC, 0x6EAC, 
    0x6EAC, 0x6EAC, 0x6EAC, 0x6EAC, 0x6EAC, 0x6EAC, 0x6EAC, 0x6EAC, 0x6EAC, 0x6EAC, 0x6EAC, 0x6EAC, 
    0x6EAC, 0x8EAC, 0x6EAC, 0x10BD, 0xF3D5, 0xD3D5, 0xD3D5, 0xD3D5, 0xD3D5, 0xD2D5, 0xD3D5, 0xD3D5, 
    0xD2D5, 0x14DE, 0x0C9C, 0xE96A, 0x9BB6, 0x1EBF, 0xFCBE, 0xDEBE, 0xFEBE, 0xFDBE, 0xFDB6, 0x1EB7, 
    0x5EBF, 0x1295, 0xA76A, 0x2DA4, 0x8EAC, 0x8DAC, 0x8DAC, 0x8DAC, 0x8DAC, 0x8DAC, 0x8DAC, 0x8DAC, 
    0x8DAC, 0x8DAC, 0x8DAC, 0x8DAC, 0x8DAC, 0x8DAC, 0x8DAC, 0x8DAC, 0x8DAC, 0x8DAC, 0x8DAC, 0xAEB4, 
    0x4983, 0x4B63, 0xDBB6, 0x1DB7, 0x1DB7, 0x1DBF, 0xFEBE, 0xFEBE, 0xFDBE, 0xFDBE, 0xFDBE, 0xFDBE, 
    0xFDBE, 0xFDBE, 0xFDBE, 0xFDBE, 0xFDBE, 0xFDBE, 0xFDBE, 0xFDBE, 0xFDBE, 0xFDBE, 0xFDBE, 0xFDBE, 
    0xFDBE, 0xFDBE, 0xFDBE, 0xFDBE, 0xFDBE, 0xFDBE, 0xFDBE, 0xFDBE, 0xFDBE, 0xFDBE, 0xFDBE, 0xFDBE, 
    0xFDBE, 0xFDBE, 0xFDBE, 0xFDBE, 0xFDBE, 0xFDBE, 0xFDBE, 0xFDBE, 0xFDBE, 0xFDBE, 0xFDBE, 0xFDBE, 
    0xFDBE, 0xFDBE, 0xFDBE, 0xFDBE, 0xFDBE, 0xFDBE, 0xFDBE, 0xFDBE, 0xFDBE, 0xFDBE, 0xFDBE, 0xFDBE, 
    0xFDBE, 0xFDBE, 0xFDBE, 0xFDBE, 0xFDBE, 0xFDBE, 0xFDBE, 0xFDBE, 0xFDBE, 0xFDBE, 0xFDBE, 0xFDBE, 
    0xFDBE, 0xFDBE, 0xFDBE, 0xFDBE, 0xFDBE, 0xFDBE, 0x1DBF, 0x9BAE, 
    0xA631, 0x5AAE, 0x3EBF, 0xFDBE, 
    0xFDBE, 0x1DBF, 0x1DB7, 0xFEBE, 0xFDBE, 0x1DB7, 0xFDBE, 0xFDBE, 0xFDBE, 0xFDBE, 0xFDBE, 0xFDBE, 
    0xFDBE, 0xFDBE, 0xFDBE, 0xFDBE, 0xFDBE, 0xFDBE, 0xFDBE, 0xFDBE, 0xFDBE, 0xFDBE, 0xFDBE, 0xFDBE, 
    0xFDBE, 0xFDBE, 0xFDBE, 0xFDBE, 0xFDBE, 0xFDBE, 0xFDBE, 0xFDBE, 0xFDBE, 0xFDBE, 0xFDBE, 0xFDBE, 
    0xFDBE, 0xFDBE, 0xFDBE, 0xFDBE, 0xFDBE, 0xFDBE, 0xFDBE, 0xFDBE, 0xFDBE, 0xFDBE, 0xFDBE, 0xFDBE, 
    0xFDBE, 0xFDBE, 0xFDBE, 0xFDBE, 0xFDBE, 0xFDBE, 0xFDBE, 0xFDBE, 0xFDBE, 0xFDBE, 0xFDBE, 0xFDBE, 
    0xFDBE, 0xFDBE, 0xFDBE, 0xFDBE, 0xFDBE, 0xFDBE, 0xFDBE, 0xFDBE, 0xFDBE, 0xFDBE, 0xFDBE, 0xFDBE, 
    0xFDBE, 0xFDBE, 0xFDBE, 0xFDBE, 0xFDBE, 0xFDBE, 0xFDBE, 0xFDBE, 0xFDBE, 0xFDBE, 0xFDBE, 0xFDBE, 
    0xFEB6, 0x1CBF, 0xCD73, 0xC872, 0x8FB4, 0x8FAC, 0x8EAC, 0x8EAC, 0x6FAC, 0x6EAC, 0x6EAC, 0x6EAC, 
    0x6EAC, 0x6EAC, 0x6EAC, 0x6EAC, 0x6EAC, 0x6EAC, 0x8EAC, 0x8FAC, 0x6EAC, 0x6EB4, 0x6EAC, 0x8EAC, 
    0x6EAC, 0xC772, 0xED7B, 0x1DC7, 0xFDBE, 0xFDBE, 0xFEBE, 0xFDBE, 0xFDBE, 0xFDBE, 0xFDB6, 0x1DC7, 
    0x7084, 0xA76A, 0x4DAC, 0x6EB4, 0x6EB4, 0x6EB4, 0x6EB4, 0x6EB4, 0x6EB4, 0x6EB4, 0x6EB4, 0x6EB4, 
    0x6EAC, 0x6EAC, 0x6EAC, 0x6EAC, 0x6EAC, 0x6EAC, 0x6EAC, 0x6EAC, 0x6EAC, 0x6EAC, 0x6EAC, 0x6EAC, 
    0x6EAC, 0x6EAC, 0x6EAC, 0x6EAC, 0x6EAC, 0x6EAC, 0x6EAC, 0x6EAC, 0x6EAC, 0x8EAC, 0x6EAC, 0x10BD, 
    0xF3D5, 0xD3D5, 0xD3D5, 0xF3D5, 0xF3D5, 0xD2D5, 0xF3D5, 0xF3D5, 0xD3D5, 0x14D6, 0x0C9C, 0xE96A, 
    0x9BB6, 0x1EB7, 0xFCBE, 0xFDBE, 0xFEBE, 0xFDBE, 0x1DBF, 0x1EB7, 0x3EBF, 0x139D, 0xA76A, 0x2DA4, 
    0x8FAC, 0x6EAC, 0x6EAC, 0x6EAC, 0x6EAC, 0x6EAC, 0x6EAC, 0x6EAC, 0x6EAC, 0x6EAC, 0x6EAC, 0x6EAC, 
    0x6EAC, 0x6EAC, 0x6EAC, 0x6EAC, 0x6EAC, 0x6EAC, 0x6EAC, 0x8FB4, 0x4983, 0x4B63, 0xBBBE, 0x1DBF, 
    0xFDB6, 0xFDBE, 0xFEBE, 0xFEBE, 0xFDBE, 0xFDBE, 0xFDBE, 0xFDBE, 0xFDBE, 0xFDBE, 0xFDBE, 0xFDBE, 
    0xFDBE, 0xFDBE, 0xFDBE, 0xFDBE, 0xFDBE, 0xFDBE, 0xFDBE, 0xFDBE, 0xFDBE, 0xFDBE, 0xFDBE, 0xFDBE, 
    0xFDBE, 0xFDBE, 0xFDBE, 0xFDBE, 0xFDBE, 0xFDBE, 0xFDBE, 0xFDBE, 0xFDBE, 0xFDBE, 0xFDBE, 0xFDBE, 
    0xFDBE, 0xFDBE, 0xFDBE, 0xFDBE, 0xFDBE, 0xFDBE, 0xFDBE, 0xFDBE, 0xFDBE, 0xFDBE, 0xFDBE, 0xFDBE, 
    0xFDBE, 0xFDBE, 0xFDBE, 0xFDBE, 0xFDBE, 0xFDBE, 0xFDBE, 0xFDBE, 0xFDBE, 0xFDBE, 0xFDBE, 0xFDBE, 
    0xFDBE, 0xFDBE, 0xFDBE, 0xFDBE, 0xFDBE, 0xFDBE, 0xFDBE, 0xFDBE, 0xFDBE, 0xFDBE, 0xFDBE, 0xFDBE, 
    0xFDBE, 0xFDBE, 0x1DBF, 0x9BAE, 
    0xA631, 0x5AAE, 0x3EBF, 0xFDBE, 0xFDBE, 0x1DBF, 0x1DB7, 0xFEBE, 
    0xFDBE, 0x1DB7, 0xFDBE, 0xFDBE, 0xFDBE, 0xFDBE, 0xFDBE, 0xFDBE, 0xFDBE, 0xFDBE, 0xFDBE, 0xFDBE, 
    0xFDBE, 0xFDBE, 0xFDBE, 0xFDBE, 0xFDBE, 0xFDBE, 0xFDBE, 0xFDBE, 0xFDBE, 0xFDBE, 0xFDBE, 0xFDBE, 
    0xFDBE, 0xFDBE, 0xFDBE, 0xFDBE, 0xFDBE, 0xFDBE, 0xFDBE, 0xFDBE, 0xFDBE, 0xFDBE, 0xFDBE, 0xFDBE, 
    0xFDBE, 0xFDBE, 0xFDBE, 0xFDBE, 0xFDBE, 0xFDBE, 0xFDBE, 0xFDBE, 0xFDBE, 0xFDBE, 0xFDBE, 0xFDBE, 
    0xFDBE, 0xFDBE, 0xFDBE, 0xFDBE, 0xFDBE, 0xFDBE, 0xFDBE, 0xFDBE, 0xFDBE, 0xFDBE, 0xFDBE, 0xFDBE, 
    0xFDBE, 0xFDBE, 0xFDBE, 0xFDBE, 0xFDBE, 0xFDBE, 0xFDBE, 0xFDBE, 0xFDBE, 0xFDBE, 0xFDBE, 0xFDBE, 
    0xFDBE, 0xFDBE, 0xFDBE, 0xFDBE, 0xFDBE, 0xFDBE, 0xFDBE, 0xFDBE, 0xFDBE, 0x1CBF, 0xCD73, 0xC872, 
    0x8FB4, 0x8FAC, 0x8DAC, 0x6DB4, 0x6EAC, 0x6EB4, 0x6EB4, 0x6EB4, 0x6EB4, 0x6EB4, 0x6EB4, 0x6EB4, 
    0x6EB4, 0x6EB4, 0x6EAC, 0x6EAC, 0x6DB4, 0x6DB4, 0x6EAC, 0x8EAC, 0x6EAC, 0xC872, 0xEE7B, 0x1DCF, 
    0xFDBE, 0xFDBE, 0xFDBE, 0xFDBE, 0xFDBE, 0xFDBE, 0xFDB6, 0x3DC7, 0x7084, 0xA76A, 0x4DAC, 0x8EB4, 
    0x6EAC, 0x6EAC, 0x6EAC, 0x6EAC, 0x6EAC, 0x6EAC, 0x6EAC, 0x6EAC, 0x6EAC, 0x6EAC, 0x6EAC, 0x6EAC, 
    0x6EAC, 0x6EAC, 0x6EAC, 0x6EAC, 0x6EAC, 0x6EAC, 0x6EAC, 0x6EAC, 0x6EAC, 0x6EAC, 0x6EAC, 0x6EAC, 
    0x6EAC, 0x6EAC, 0x6EAC, 0x6EAC, 0x6EAC, 0x8EAC, 0x6EAC, 0x10BD, 0xF3D5, 0xD3D5, 0xD3D5, 0xD3D5, 
    0xD3D5, 0xD3D5, 0xF3D5, 0xD3CD, 0xD3D5, 0x14D6, 0x0C9C, 0xE96A, 0x9BB6, 0x1EB7, 0xFCBE, 0x1DB7, 
    0x1DB7, 0x1CBF, 0xFCBE, 0xFDB6, 0x3EC7, 0x139D, 0x866A, 0x2DA4, 0x8FB4, 0x6EB4, 0x6EB4, 0x6EB4, 
    0x6EB4, 0x6EB4, 0x6EB4, 0x6EB4, 0x6EB4, 0x6EB4, 0x6EB4, 0x6EB4, 0x6EB4, 0x6EB4, 0x6EB4, 0x6EB4, 
    0x6EB4, 0x6EB4, 0x6EB4, 0x8EB4, 0x4983, 0x4B6B, 0xBBBE, 0xFDBE, 0xFDBE, 0xFDBE, 0xFDBE, 0xFDBE, 
    0x1DBF, 0x1DBF, 0xFDBE, 0xFDBE, 0xFDBE, 0xFDBE, 0xFDBE, 0xFDBE, 0xFDBE, 0xFDBE, 0xFDBE, 0xFDBE, 
    0xFDBE, 0xFDBE, 0xFDBE, 0xFDBE, 0xFDBE, 0xFDBE, 0xFDBE, 0xFDBE, 0xFDBE, 0xFDBE, 0xFDBE, 0xFDBE, 
    0xFDBE, 0xFDBE, 0xFDBE, 0xFDBE, 0xFDBE, 0xFDBE, 0xFDBE, 0xFDBE, 0xFDBE, 0xFDBE, 0xFDBE, 0xFDBE, 
    0xFDBE, 0xFDBE, 0xFDBE, 0xFDBE, 0xFDBE, 0xFDBE, 0xFDBE, 0xFDBE, 0xFDBE, 0xFDBE, 0xFDBE, 0xFDBE, 
    0xFDBE, 0xFDBE, 0xFDBE, 0xFDBE, 0xFDBE, 0xFDBE, 0xFDBE, 0xFDBE, 0xFDBE, 0xFDBE, 0xFDBE, 0xFDBE, 
    0xFDBE, 0xFDBE, 0xFDBE, 0xFDBE, 0xFDBE, 0xFDBE, 0xFDBE, 0xFDBE, 0xFDBE, 0xFDBE, 0x1DBF, 0x9BAE, 
    
    0xA631, 0x5AAE, 0x3EBF, 0xFDBE, 0xFDBE, 0x1DBF, 0x1DB7, 0xFEBE, 0xFDBE, 0x1DB7, 0xFDBE, 0xFDBE, 
    0xFDBE, 0xFDBE, 0xFDBE, 0xFDBE, 0xFDBE, 0xFDBE, 0xFDBE, 0xFDBE, 0xFDBE, 0xFDBE, 0xFDBE, 0xFDBE, 
    0xFDBE, 0xFDBE, 0xFDBE, 0xFDBE, 0xFDBE, 0xFDBE, 0xFDBE, 0xFDBE, 0xFDBE, 0xFDBE, 0xFDBE, 0xFDBE, 
    0xFDBE, 0xFDBE, 0xFDBE, 0xFDBE, 0xFDBE, 0xFDBE, 0xFDBE, 0xFDBE, 0xFDBE, 0xFDBE, 0xFDBE, 0xFDBE, 
    0xFDBE, 0xFDBE, 0xFDBE, 0xFDBE, 0xFDBE, 0xFDBE, 0xFDBE, 0xFDBE, 0xFDBE, 0xFDBE, 0xFDBE, 0xFDBE, 
    0xFDBE, 0xFDBE, 0xFDBE, 0xFDBE, 0xFDBE, 0xFDBE, 0xFDBE, 0xFDBE, 0xFDBE, 0xFDBE, 0xFDBE, 0xFDBE, 
    0xFDBE, 0xFDBE, 0xFDBE, 0xFDBE, 0xFDBE, 0xFDBE, 0xFDBE, 0xFDBE, 0xFDBE, 0xFDBE, 0xFDBE, 0xFDBE, 
    0xFDBE, 0xFDBE, 0xFDBE, 0xFDBE, 0xFDBE, 0x1CC7, 0xCD7B, 0xC77A, 0x8EB4, 0x6EAC, 0x8DAC, 0x6DB4, 
    0x6EB4, 0x6EAC, 0x6EAC, 0x6EAC, 0x6EAC, 0x6EAC, 0x6EAC, 0x6EAC, 0x6EAC, 0x6EAC, 0x6EAC, 0x6DAC, 
    0x6DB4, 0x6EAC, 0x6FAC, 0x8FAC, 0x6FAC, 0xC86A, 0xEE7B, 0x1DC7, 0xFDB6, 0xFDBE, 0xFDBE, 0xFDBE, 
    0xFDBE, 0xFDBE, 0xFDB6, 0x1DC7, 0x7084, 0xA76A, 0x6DAC, 0x8EAC, 0x8EAC, 0x8EAC, 0x8EAC, 0x8EAC, 
    0x8EAC, 0x8EAC, 0x8EAC, 0x8EAC, 0x6EAC, 0x6EAC, 0x6EAC, 0x6EAC, 0x6EAC, 0x6EAC, 0x6EAC, 0x6EAC, 
    0x6EAC, 0x6EAC, 0x6EAC, 0x6EAC, 0x6EAC, 0x6EAC, 0x6EAC, 0x6EAC, 0x6EAC, 0x6EAC, 0x6EAC, 0x6EAC, 
    0x6EAC, 0x8EAC, 0x6DAC, 0x10BD, 0xF3D5, 0xD3D5, 0xD3D5, 0xD3D5, 0xD3D5, 0xD3D5, 0xD3D5, 0xD3D5, 
    0xD3D5, 0x14D6, 0x0C9C, 0xE96A, 0x9BB6, 0x1EB7, 0xFCBE, 0x1DB7, 0x1DB7, 0xFDBE, 0xFCBE, 0xFDB6, 
    0x3EC7, 0x139D, 0x876A, 0x2DA4, 0x8EAC, 0x6EAC, 0x8EAC, 0x8EAC, 0x8EAC, 0x8EAC, 0x8EAC, 0x8EAC, 
    0x8EAC, 0x8EAC, 0x8EAC, 0x8EAC, 0x8EAC, 0x8EAC, 0x8EAC, 0x8EAC, 0x8EAC, 0x8EAC, 0x6EAC, 0xAEB4, 
    0x4983, 0x2B6B, 0xBBBE, 0x1DBF, 0xFDBE, 0xFDBE, 0xFDBE, 0xFDBE, 0xFDBE, 0x1DBF, 0xFDBE, 0xFDBE, 
    0xFDBE, 0xFDBE, 0xFDBE, 0xFDBE, 0xFDBE, 0xFDBE, 0xFDBE, 0xFDBE, 0xFDBE, 0xFDBE, 0xFDBE, 0xFDBE, 
    0xFDBE, 0xFDBE, 0xFDBE, 0xFDBE, 0xFDBE, 0xFDBE, 0xFDBE, 0xFDBE, 0xFDBE, 0xFDBE, 0xFDBE, 0xFDBE, 
    0xFDBE, 0xFDBE, 0xFDBE, 0xFDBE, 0xFDBE, 0xFDBE, 0xFDBE, 0xFDBE, 0xFDBE, 0xFDBE, 0xFDBE, 0xFDBE, 
    0xFDBE, 0xFDBE, 0xFDBE, 0xFDBE, 0xFDBE, 0xFDBE, 0xFDBE, 0xFDBE, 0xFDBE, 0xFDBE, 0xFDBE, 0xFDBE, 
    0xFDBE, 0xFDBE, 0xFDBE, 0xFDBE, 0xFDBE, 0xFDBE, 0xFDBE, 0xFDBE, 0xFDBE, 0xFDBE, 0xFDBE, 0xFDBE, 
    0xFDBE, 0xFDBE, 0xFDBE, 0xFDBE, 0xFDBE, 0xFDBE, 0x1DBF, 0x9BAE, 
    0xA631, 0x5AAE, 0x3EBF, 0xFDBE, 
    0xFDBE, 0x1DBF, 0x1DB7, 0xFEBE, 0xFDBE, 0x1DB7, 0xFDBE, 0xFDBE, 0xFDBE, 0xFDBE, 0xFDBE, 0xFDBE, 
    0xFDBE, 0xFDBE, 0xFDBE, 0xFDBE, 0xFDBE, 0xFDBE, 0xFDBE, 0xFDBE, 0xFDBE, 0xFDBE, 0xFDBE, 0xFDBE, 
    0xFDBE, 0xFDBE, 0xFDBE, 0xFDBE, 0xFDBE, 0xFDBE, 0xFDBE, 0xFDBE, 0xFDBE, 0xFDBE, 0xFDBE, 0xFDBE, 
    0xFDBE, 0xFDBE, 0xFDBE, 0xFDBE, 0xFDBE, 0xFDBE, 0xFDBE, 0xFDBE, 0xFDBE, 0xFDBE, 0xFDBE, 0xFDBE, 
    0xFDBE, 0xFDBE, 0xFDBE, 0xFDBE, 0xFDBE, 0xFDBE, 0xFDBE, 0xFDBE, 0xFDBE, 0xFDBE, 0xFDBE, 0xFDBE, 
    0xFDBE, 0xFDBE, 0xFDBE, 0xFDBE, 0xFDBE, 0xFDBE, 0xFDBE, 0xFDBE, 0xFDBE, 0xFDBE, 0xFDBE, 0xFDBE, 
    0xFDBE, 0xFDBE, 0xFDBE, 0xFDBE, 0xFDBE, 0xFDBE, 0xFDBE, 0xFDBE, 0xFDBE, 0xFDBE, 0xFDBE, 0xFDBE, 
    0xFDBE, 0xFDBE, 0xCD7B, 0xC77A, 0x8EB4, 0x6EAC, 0x6EAC, 0x6EAC, 0x8EAC, 0x6EAC, 0x6EAC, 0x6EAC, 
    0x6EAC, 0x6EAC, 0x6EAC, 0x6EAC, 0x6EAC, 0x6EAC, 0x6EAC, 0x6DB4, 0x6DB4, 0x6EAC, 0x6FAC, 0x6FAC, 
    0x6EAC, 0xC772, 0xEE7B, 0x3DC7, 0xFEB6, 0xFEBE, 0xFEBE, 0xFDBE, 0xFCC6, 0xFDBE, 0xFDB6, 0x1DC7, 
    0x508C, 0xA672, 0x4DAC, 0x8EAC, 0x6EAC, 0x6EAC, 0x6EAC, 0x6EAC, 0x6EAC, 0x6EAC, 0x6EAC, 0x6EAC, 
    0x6EAC, 0x6EAC, 0x6EAC, 0x6EAC, 0x6EAC, 0x6EAC, 0x6EAC, 0x6EAC, 0x6EAC, 0x6EAC, 0x6EAC, 0x6EAC, 
    0x6EAC, 0x6EAC, 0x6EAC, 0x6EAC, 0x6EAC, 0x6EAC, 0x6EAC, 0x6EAC, 0x6EAC, 0x8EAC, 0x6EAC, 0x10BD, 
    0xF3D5, 0xD3D5, 0xD3D5, 0xD3D5, 0xD3D5, 0xD4D5, 0xF2D5, 0xD2DD, 0xB3D5, 0x34D6, 0x0C94, 0xE96A, 
    0x9ABE, 0x1EBF, 0xDDBE, 0xFDBE, 0xFEB6, 0xFEBE, 0xFDBE, 0xDDBE, 0x3EC7, 0x339D, 0x8762, 0x2CA4, 
    0x8EB4, 0x6EAC, 0x6EAC, 0x6EAC, 0x6EAC, 0x6EAC, 0x6EAC, 0x6EAC, 0x6EAC, 0x6EAC, 0x6EAC, 0x6EAC, 
    0x6EAC, 0x6EAC, 0x6EAC, 0x6EAC, 0x6EAC, 0x6EAC, 0x6EAC, 0x8EB4, 0x4983, 0x2B73, 0xBBBE, 0x1DB7, 
    0xFDBE, 0xFDBE, 0x1DB7, 0xFEBE, 0xFDBE, 0x1DBF, 0xFDBE, 0xFDBE, 0xFDBE, 0xFDBE, 0xFDBE, 0xFDBE, 
    0xFDBE, 0xFDBE, 0xFDBE, 0xFDBE, 0xFDBE, 0xFDBE, 0xFDBE, 0xFDBE, 0xFDBE, 0xFDBE, 0xFDBE, 0xFDBE, 
    0xFDBE, 0xFDBE, 0xFDBE, 0xFDBE, 0xFDBE, 0xFDBE, 0xFDBE, 0xFDBE, 0xFDBE, 0xFDBE, 0xFDBE, 0xFDBE, 
    0xFDBE, 0xFDBE, 0xFDBE, 0xFDBE, 0xFDBE, 0xFDBE, 0xFDBE, 0xFDBE, 0xFDBE, 0xFDBE, 0xFDBE, 0xFDBE, 
    0xFDBE, 0xFDBE, 0xFDBE, 0xFDBE, 0xFDBE, 0xFDBE, 0xFDBE, 0xFDBE, 0xFDBE, 0xFDBE, 0xFDBE, 0xFDBE, 
    0xFDBE, 0xFDBE, 0xFDBE, 0xFDBE, 0xFDBE, 0xFDBE, 0xFDBE, 0xFDBE, 0xFDBE, 0xFDBE, 0xFDBE, 0xFDBE, 
    0xFDBE, 0xFDBE, 0x1DBF, 0x9BAE, 
    0xA631, 0x5AAE, 0x3EBF, 0xFDBE, 0xFDBE, 0x1DBF, 0x1DB7, 0xFEBE, 
    0xFDBE, 0x1DB7, 0xFDBE, 0xFDBE, 0xFDBE, 0xFDBE, 0xFDBE, 0xFDBE, 0xFDBE, 0xFDBE, 0xFDBE, 0xFDBE, 
    0xFDBE, 0xFDBE, 0xFDBE, 0xFDBE, 0xFDBE, 0xFDBE, 0xFDBE, 0xFDBE, 0xFDBE, 0xFDBE, 0xFDBE, 0xFDBE, 
    0xFDBE, 0xFDBE, 0xFDBE, 0xFDBE, 0xFDBE, 0xFDBE, 0xFDBE, 0xFDBE, 0xFDBE, 0xFDBE, 0xFDBE, 0xFDBE, 
    0xFDBE, 0xFDBE, 0xFDBE, 0xFDBE, 0xFDBE, 0xFDBE, 0xFDBE, 0xFDBE, 0xFDBE, 0xFDBE, 0xFDBE, 0xFDBE, 
    0xFDBE, 0xFDBE, 0xFDBE, 0xFDBE, 0xFDBE, 0xFDBE, 0xFDBE, 0xFDBE, 0xFDBE, 0xFDBE, 0xFDBE, 0xFDBE, 
    0xFDBE, 0xFDBE, 0xFDBE, 0xFDBE, 0xFDBE, 0xFDBE, 0xFDBE, 0xFDBE, 0xFDBE, 0xFDBE, 0xFDBE, 0xFDBE, 
    0xFDBE, 0xFDBE, 0xFDBE, 0xFDBE, 0xFDBE, 0xFDBE, 0xFDBE, 0xFDBE, 0xFDBE, 0xFDBE, 0xCD7B, 0xC77A, 
    0x8EB4, 0x6EAC, 0x6EAC, 0x6EAC, 0x8EAC, 0x6EAC, 0x6EAC, 0x6EAC, 0x6EAC, 0x6EAC, 0x6EAC, 0x6EAC, 
    0x6EAC, 0x6EAC, 0x6EAC, 0x6EAC, 0x6EB4, 0x6EAC, 0x6FAC, 0x6FAC, 0x6EB4, 0xC772, 0xED83, 0x3DC7, 
    0xFDB6, 0xFDBE, 0xFEBE, 0xFDBE, 0xFDBE, 0xFEB6, 0xFEB6, 0x3EC7, 0x7184, 0xA76A, 0x4DAC, 0x8EAC, 
    0x6EAC, 0x6EAC, 0x6EAC, 0x6EAC, 0x6EAC, 0x6EAC, 0x6EAC, 0x6EAC, 0x6EAC, 0x6EAC, 0x6EAC, 0x6EAC, 
    0x6EAC, 0x6EAC, 0x6EAC, 0x6EAC, 0x6EAC, 0x6EAC, 0x6EAC, 0x6EAC, 0x6EAC, 0x6EAC, 0x6EAC, 0x6EAC, 
    0x6EAC, 0x6EAC, 0x6EAC, 0x6EAC, 0x6EAC, 0x8EAC, 0x6EAC, 0xF0BC, 0xF3D5, 0xD3D5, 0xD3D5, 0xD3D5, 
    0xD3D5, 0xD4CD, 0xF3CD, 0xD2D5, 0xB3D5, 0x14D6, 0x0C9C, 0xE96A, 0x9ABE, 0x1DBF, 0xFDBE, 0x1CBF, 
    0x1EB7, 0x1DB7, 0xFDBE, 0xFDB6, 0x5EBF, 0x5495, 0xA762, 0x2CA4, 0x8EB4, 0x6EAC, 0x6EAC, 0x6EAC, 
    0x6EAC, 0x6EAC, 0x6EAC, 0x6EAC, 0x6EAC, 0x6EAC, 0x6EAC, 0x6EAC, 0x6EAC, 0x6EAC, 0x6EAC, 0x6EAC, 
    0x6EAC, 0x6EAC, 0x6EAC, 0x8EB4, 0x4983, 0x2B73, 0xBBBE, 0x1DB7, 0xFDBE, 0xFDBE, 0x1DB7, 0xFEBE, 
    0xFDBE, 0x1DBF, 0xFDBE, 0xFDBE, 0xFDBE, 0xFDBE, 0xFDBE, 0xFDBE, 0xFDBE, 0xFDBE, 0xFDBE, 0xFDBE, 
    0xFDBE, 0xFDBE, 0xFDBE, 0xFDBE, 0xFDBE, 0xFDBE, 0xFDBE, 0xFDBE, 0xFDBE, 0xFDBE, 0xFDBE, 0xFDBE, 
    0xFDBE, 0xFDBE, 0xFDBE, 0xFDBE, 0xFDBE, 0xFDBE, 0xFDBE, 0xFDBE, 0xFDBE, 0xFDBE, 0xFDBE, 0xFDBE, 
    0xFDBE, 0xFDBE, 0xFDBE, 0xFDBE, 0xFDBE, 0xFDBE, 0xFDBE, 0xFDBE, 0xFDBE, 0xFDBE, 0xFDBE, 0xFDBE, 
    0xFDBE, 0xFDBE, 0xFDBE, 0xFDBE, 0xFDBE, 0xFDBE, 0xFDBE, 0xFDBE, 0xFDBE, 0xFDBE, 0xFDBE, 0xFDBE, 
    0xFDBE, 0xFDBE, 0xFDBE, 0xFDBE, 0xFDBE, 0xFDBE, 0xFDBE, 0xFDBE, 0xFDBE, 0xFDBE, 0x1DBF, 0x9BAE, 
    
    0xA631, 0x5AAE, 0x3EBF, 0xFDBE, 0xFDBE, 0x1DBF, 0x1DB7, 0xFEBE, 0xFDBE, 0x1DB7, 0xFDBE, 0xFDBE, 
    0xFDBE, 0xFDBE, 0xFDBE, 0xFDBE, 0xFDBE, 0xFDBE, 0xFDBE, 0xFDBE, 0xFDBE, 0xFDBE, 0xFDBE, 0xFDBE, 
    0xFDBE, 0xFDBE, 0xFDBE, 0xFDBE, 0xFDBE, 0xFDBE, 0xFDBE, 0xFDBE, 0xFDBE, 0xFDBE, 0xFDBE, 0xFDBE, 
    0xFDBE, 0xFDBE, 0xFDBE, 0xFDBE, 0xFDBE, 0xFDBE, 0xFDBE, 0xFDBE, 0xFDBE, 0xFDBE, 0xFDBE, 0xFDBE, 
    0xFDBE, 0xFDBE, 0xFDBE, 0xFDBE, 0xFDBE, 0xFDBE, 0xFDBE, 0xFDBE, 0xFDBE, 0xFDBE, 0xFDBE, 0xFDBE, 
    0xFDBE, 0xFDBE, 0xFDBE, 0xFDBE, 0xFDBE, 0xFDBE, 0xFDBE, 0xFDBE, 0xFDBE, 0xFDBE, 0xFDBE, 0xFDBE, 
    0xFDBE, 0xFDBE, 0xFDBE, 0xFDBE, 0xFDBE, 0xFDBE, 0xFDBE, 0xFDBE, 0xFDBE, 0xFDBE, 0xFDBE, 0xFDBE, 
    0xFDBE, 0xFDBE, 0xFDBE, 0xFDBE, 0xFDBE, 0xFDBE, 0xCD7B, 0xC77A, 0x8EB4, 0x6EAC, 0x6EAC, 0x6EAC, 
    0x8EAC, 0x6EAC, 0x6EAC, 0x6EAC, 0x6EAC, 0x6EAC, 0x6EAC, 0x6EAC, 0x6EAC, 0x6EAC, 0x6EAC, 0x8EAC, 
    0x6EAC, 0x6EB4, 0x6EAC, 0x6EB4, 0x6DB4, 0xC772, 0xED83, 0x1DC7, 0xFDB6, 0xFDBE, 0xFDBE, 0xFDBE, 
    0xFDBE, 0x1EB7, 0xFEB6, 0x3EBF, 0x5184, 0xA76A, 0x4DAC, 0x8EAC, 0x6EAC, 0x6EAC, 0x6EAC, 0x6EAC, 
    0x6EAC, 0x6EAC, 0x6EAC, 0x6EAC, 0x6EAC, 0x6EAC, 0x6EAC, 0x6EAC, 0x6EAC, 0x6EAC, 0x6EAC, 0x6EAC, 
    0x6EAC, 0x6EAC, 0x6EAC, 0x6EAC, 0x6EAC, 0x6EAC, 0x6EAC, 0x6EAC, 0x6EAC, 0x6EAC, 0x6EAC, 0x6EAC, 
    0x6EAC, 0x8EAC, 0x6EAC, 0xF0BC, 0xF3D5, 0xD3D5, 0xD3D5, 0xF3D5, 0xF3D5, 0xF4CD, 0xF3CD, 0xD2D5, 
    0xB3D5, 0x34D6, 0x0B9C, 0xE96A, 0x9ABE, 0x1EBF, 0xFDBE, 0x1CBF, 0x1DB7, 0x1DB7, 0xFDBE, 0xFDB6, 
    0x5EBF, 0x5495, 0xA762, 0x2CA4, 0x8EB4, 0x6EAC, 0x6EAC, 0x6EAC, 0x6EAC, 0x6EAC, 0x6EAC, 0x6EAC, 
    0x6EAC, 0x6EAC, 0x6EAC, 0x6EAC, 0x6EAC, 0x6EAC, 0x6EAC, 0x6EAC, 0x6EAC, 0x6EAC, 0x6EAC, 0x8EB4, 
    0x4983, 0x2B73, 0xBBBE, 0x1DB7, 0xFDBE, 0xFDBE, 0x1DB7, 0xFEBE, 0xFDBE, 0x1DBF, 0xFDBE, 0xFDBE, 
    0xFDBE, 0xFDBE, 0xFDBE, 0xFDBE, 0xFDBE, 0xFDBE, 0xFDBE, 0xFDBE, 0xFDBE, 0xFDBE, 0xFDBE, 0xFDBE, 
    0xFDBE, 0xFDBE, 0xFDBE, 0xFDBE, 0xFDBE, 0xFDBE, 0xFDBE, 0xFDBE, 0xFDBE, 0xFDBE, 0xFDBE, 0xFDBE, 
    0xFDBE, 0xFDBE, 0xFDBE, 0xFDBE, 0xFDBE, 0xFDBE, 0xFDBE, 0xFDBE, 0xFDBE, 0xFDBE, 0xFDBE, 0xFDBE, 
    0xFDBE, 0xFDBE, 0xFDBE, 0xFDBE, 0xFDBE, 0xFDBE, 0xFDBE, 0xFDBE, 0xFDBE, 0xFDBE, 0xFDBE, 0xFDBE, 
    0xFDBE, 0xFDBE, 0xFDBE, 0xFDBE, 0xFDBE, 0xFDBE, 0xFDBE, 0xFDBE, 0xFDBE, 0xFDBE, 0xFDBE, 0xFDBE, 
    0xFDBE, 0xFDBE, 0xFDBE, 0xFDBE, 0xFDBE, 0xFDBE, 0x1DBF, 0x9BAE, 
    0xA631, 0x5AAE, 0x3EBF, 0xFDBE, 
    0xFDBE, 0x1DBF, 0x1DB7, 0xFEBE, 0xFDBE, 0x1DB7, 0xFDBE, 0xFDBE, 0xFDBE, 0xFDBE, 0xFDBE, 0xFDBE, 
    0xFDBE, 0xFDBE, 0xFDBE, 0xFDBE, 0xFDBE, 0xFDBE, 0xFDBE, 0xFDBE, 0xFDBE, 0xFDBE, 0xFDBE, 0xFDBE, 
    0xFDBE, 0xFDBE, 0xFDBE, 0xFDBE, 0xFDBE, 0xFDBE, 0xFDBE, 0xFDBE, 0xFDBE, 0xFDBE, 0xFDBE, 0xFDBE, 
    0xFDBE, 0xFDBE, 0xFDBE, 0xFDBE, 0xFDBE, 0xFDBE, 0xFDBE, 0xFDBE, 0xFDBE, 0xFDBE, 0xFDBE, 0xFDBE, 
    0xFDBE, 0xFDBE, 0xFDBE, 0xFDBE, 0xFDBE, 0xFDBE, 0xFDBE, 0xFDBE, 0xFDBE, 0xFDBE, 0xFDBE, 0xFDBE, 
    0xFDBE, 0xFDBE, 0xFDBE, 0xFDBE, 0xFDBE, 0xFDBE, 0xFDBE, 0xFDBE, 0xFDBE, 0xFDBE, 0xFDBE, 0xFDBE, 
    0xFDBE, 0xFDBE, 0xFDBE, 0xFDBE, 0xFDBE, 0xFDBE, 0xFDBE, 0xFDBE, 0xFDBE, 0xFDBE, 0xFDBE, 0xFDBE, 
    0xFDBE, 0xFDBE, 0xCD7B, 0xC77A, 0x8EB4, 0x6EAC, 0x6EAC, 0x6EAC, 0x8EAC, 0x6EAC, 0x6EB4, 0x6EAC, 
    0x6EB4, 0x6EAC, 0x6EAC, 0x6EAC, 0x6EB4, 0x6EAC, 0x6EAC, 0x6FAC, 0x6EAC, 0x6EB4, 0x6EB4, 0x6EB4, 
    0x6DB4, 0xC772, 0xED7B, 0x3DC7, 0xFDBE, 0xFCBE, 0xFDBE, 0xFDBE, 0xFDBE, 0xFDBE, 0xFDB6, 0x1DC7, 
    0x5084, 0xA76A, 0x4DAC, 0x8EAC, 0x6EAC, 0x6EAC, 0x6EAC, 0x6EAC, 0x6EAC, 0x6EAC, 0x6EAC, 0x6EAC, 
    0x6EAC, 0x6EAC, 0x6EAC, 0x6EAC, 0x6EAC, 0x6EAC, 0x6EAC, 0x6EAC, 0x6EAC, 0x6EAC, 0x6EAC, 0x6EAC, 
    0x6EAC, 0x6EAC, 0x6EAC, 0x6EAC, 0x6EAC, 0x6EAC, 0x6EAC, 0x6EAC, 0x6EB4, 0x8EAC, 0x4DAC, 0xF0BC, 
    0xF3D5, 0xD3D5, 0xD3D5, 0xF3D5, 0xF3CD, 0xF4CD, 0xF3CD, 0xD2D5, 0xD3D5, 0x34D6, 0x0C9C, 0xE96A, 
    0x9ABE, 0x1EB7, 0xFDBE, 0xFCC6, 0xFEB6, 0xFEBE, 0xFDBE, 0xFDB6, 0x3EC7, 0x559D, 0x876A, 0x0CA4, 
    0x8EB4, 0x6EAC, 0x6EAC, 0x6EAC, 0x6EAC, 0x6EAC, 0x6EAC, 0x6EAC, 0x6EAC, 0x6EAC, 0x6EAC, 0x6EAC, 
    0x6EAC, 0x6EAC, 0x6EAC, 0x6EAC, 0x6EAC, 0x6EAC, 0x6EAC, 0x8EB4, 0x4983, 0x2B73, 0xBBBE, 0x1DB7, 
    0xFDBE, 0xFDBE, 0x1DB7, 0xFEBE, 0xFDBE, 0x1DBF, 0xFDBE, 0xFDBE, 0xFDBE, 0xFDBE, 0xFDBE, 0xFDBE, 
    0xFDBE, 0xFDBE, 0xFDBE, 0xFDBE, 0xFDBE, 0xFDBE, 0xFDBE, 0xFDBE, 0xFDBE, 0xFDBE, 0xFDBE, 0xFDBE, 
    0xFDBE, 0xFDBE, 0xFDBE, 0xFDBE, 0xFDBE, 0xFDBE, 0xFDBE, 0xFDBE, 0xFDBE, 0xFDBE, 0xFDBE, 0xFDBE, 
    0xFDBE, 0xFDBE, 0xFDBE, 0xFDBE, 0xFDBE, 0xFDBE, 0xFDBE, 0xFDBE, 0xFDBE, 0xFDBE, 0xFDBE, 0xFDBE, 
    0xFDBE, 0xFDBE, 0xFDBE, 0xFDBE, 0xFDBE, 0xFDBE, 0xFDBE, 0xFDBE, 0xFDBE, 0xFDBE, 0xFDBE, 0xFDBE, 
    0xFDBE, 0xFDBE, 0xFDBE, 0xFDBE, 0xFDBE, 0xFDBE, 0xFDBE, 0xFDBE, 0xFDBE, 0xFDBE, 0xFDBE, 0xFDBE, 
    0xFDBE, 0xFDBE, 0x1DBF, 0x9BAE, 
    0xA631, 0x5AAE, 0x3EBF, 0xFDBE, 0xFDBE, 0x1DBF, 0x1DB7, 0xFEBE, 
    0xFDBE, 0x1DB7, 0xFDBE, 0xFDBE, 0xFDBE, 0xFDBE, 0xFDBE, 0xFDBE, 0xFDBE, 0xFDBE, 0xFDBE, 0xFDBE, 
    0xFDBE, 0xFDBE, 0xFDBE, 0xFDBE, 0xFDBE, 0xFDBE, 0xFDBE, 0xFDBE, 0xFDBE, 0xFDBE, 0xFDBE, 0xFDBE, 
    0xFDBE, 0xFDBE, 0xFDBE, 0xFDBE, 0xFDBE, 0xFDBE, 0xFDBE, 0xFDBE, 0xFDBE, 0xFDBE, 0xFDBE, 0xFDBE, 
    0xFDBE, 0xFDBE, 0xFDBE, 0xFDBE, 0xFDBE, 0xFDBE, 0xFDBE, 0xFDBE, 0xFDBE, 0xFDBE, 0xFDBE, 0xFDBE, 
    0xFDBE, 0xFDBE, 0xFDBE, 0xFDBE, 0xFDBE, 0xFDBE, 0xFDBE, 0xFDBE, 0xFDBE, 0xFDBE, 0xFDBE, 0xFDBE, 
    0xFDBE, 0xFDBE, 0xFDBE, 0xFDBE, 0xFDBE, 0xFDBE, 0xFDBE, 0xFDBE, 0xFDBE, 0xFDBE, 0xFDBE, 0xFDBE, 
    0xFDBE, 0xFDBE, 0xFDBE, 0xFDBE, 0xFDBE, 0xFDBE, 0xFDBE, 0xFDBE, 0xFDB6, 0x1DC7, 0xCD7B, 0xC77A, 
    0x8EB4, 0x6EAC, 0x6EAC, 0x6EAC, 0x8EAC, 0x6EAC, 0x6EAC, 0x6EAC, 0x6EAC, 0x6EB4, 0x6EB4, 0x6EB4, 
    0x6EAC, 0x8EB4, 0x6EAC, 0x6FAC, 0x6EB4, 0x6EB4, 0x6EAC, 0x6EAC, 0x6EAC, 0xC872, 0xEE7B, 0x3DC7, 
    0xFDB6, 0xFCBE, 0x1DB7, 0x1DB7, 0xFDBE, 0xFDBE, 0xFDBE, 0x1DCF, 0x508C, 0xA772, 0x4DAC, 0x8EAC, 
    0x6EAC, 0x6EAC, 0x6EAC, 0x6EAC, 0x8EAC, 0x6EAC, 0x6EAC, 0x6EAC, 0x6EAC, 0x6EAC, 0x6EAC, 0x6EAC, 
    0x6EAC, 0x6EAC, 0x6EAC, 0x6EAC, 0x6EAC, 0x6EAC, 0x6EAC, 0x6EAC, 0x6EAC, 0x6EAC, 0x6EAC, 0x6EAC, 
    0x6EAC, 0x6EAC, 0x6EAC, 0x6EAC, 0x6EB4, 0x8EB4, 0x4DAC, 0xF0BC, 0xF3D5, 0xD3D5, 0xD3D5, 0xF3D5, 
    0xF3CD, 0xD4CD, 0xF3D5, 0xD2D5, 0xD3D5, 0x34D6, 0x2C94, 0xE96A, 0x9BB6, 0x3EB7, 0xFEB6, 0xFDBE, 
    0xFEB6, 0xFEB6, 0xFEBE, 0xFEBE, 0x3EC7, 0x55A5, 0x876A, 0xECA3, 0x8EB4, 0x6EAC, 0x6EAC, 0x6EAC, 
    0x6EAC, 0x6EAC, 0x6EAC, 0x6EAC, 0x6EAC, 0x8EAC, 0x6EAC, 0x6EAC, 0x6EAC, 0x6EAC, 0x6EAC, 0x8EAC, 
    0x6EAC, 0x6EAC, 0x6EAC, 0x8EB4, 0x4983, 0x2B73, 0xBBBE, 0x1DB7, 0xFDBE, 0xFDBE, 0x1DB7, 0xFEBE, 
    0xFDBE, 0x1DBF, 0xFDBE, 0xFDBE, 0xFDBE, 0xFDBE, 0xFDBE, 0xFDBE, 0xFDBE, 0xFDBE, 0xFDBE, 0xFDBE, 
    0xFDBE, 0xFDBE, 0xFDBE, 0xFDBE, 0xFDBE, 0xFDBE, 0xFDBE, 0xFDBE, 0xFDBE, 0xFDBE, 0xFDBE, 0xFDBE, 
    0xFDBE, 0xFDBE, 0xFDBE, 0xFDBE, 0xFDBE, 0xFDBE, 0xFDBE, 0xFDBE, 0xFDBE, 0xFDBE, 0xFDBE, 0xFDBE, 
    0xFDBE, 0xFDBE, 0xFDBE, 0xFDBE, 0xFDBE, 0xFDBE, 0xFDBE, 0xFDBE, 0xFDBE, 0xFDBE, 0xFDBE, 0xFDBE, 
    0xFDBE, 0xFDBE, 0xFDBE, 0xFDBE, 0xFDBE, 0xFDBE, 0xFDBE, 0xFDBE, 0xFDBE, 0xFDBE, 0xFDBE, 0xFDBE, 
    0xFDBE, 0xFDBE, 0xFDBE, 0xFDBE, 0xFDBE, 0xFDBE, 0xFDBE, 0xFDBE, 0xFDBE, 0xFDBE, 0x1DBF, 0x9BAE, 
    
    0xA631, 0x5AAE, 0x3EBF, 0xFDBE, 0xFDBE, 0x1DBF, 0x1DB7, 0xFEBE, 0xFDBE, 0x1DB7, 0xFDBE, 0xFDBE, 
    0xFDBE, 0xFDBE, 0xFDBE, 0xFDBE, 0xFDBE, 0xFDBE, 0xFDBE, 0xFDBE, 0xFDBE, 0xFDBE, 0xFDBE, 0xFDBE, 
    0xFDBE, 0xFDBE, 0xFDBE, 0xFDBE, 0xFDBE, 0xFDBE, 0xFDBE, 0xFDBE, 0xFDBE, 0xFDBE, 0xFDBE, 0xFDBE, 
    0xFDBE, 0xFDBE, 0xFDBE, 0xFDBE, 0xFDBE, 0xFDBE, 0xFDBE, 0xFDBE, 0xFDBE, 0xFDBE, 0xFDBE, 0xFDBE, 
    0xFDBE, 0xFDBE, 0xFDBE, 0xFDBE, 0xFDBE, 0xFDBE, 0xFDBE, 0xFDBE, 0xFDBE, 0xFDBE, 0xFDBE, 0xFDBE, 
    0xFDBE, 0xFDBE, 0xFDBE, 0xFDBE, 0xFDBE, 0xFDBE, 0xFDBE, 0xFDBE, 0xFDBE, 0xFDBE, 0xFDBE, 0xFDBE, 
    0xFDBE, 0xFDBE, 0xFDBE, 0xFDBE, 0xFDBE, 0xFDBE, 0xFDBE, 0xFDBE, 0xFDBE, 0xFDBE, 0xFDBE, 0xFDBE, 
    0xFDBE, 0xFDBE, 0xFDBE, 0xFDBE, 0x1DBF, 0xFDBE, 0xAD73, 0xC77A, 0x8EB4, 0x8EAC, 0x6EAC, 0x6EAC, 
    0x8EAC, 0x8EAC, 0x6EAC, 0x8EAC, 0x6EAC, 0x6EAC, 0x6EAC, 0x8EAC, 0x6EAC, 0x6EAC, 0x6EAC, 0x6EAC, 
    0x6EB4, 0x6DB4, 0x6EAC, 0x6FAC, 0x8EAC, 0xC86A, 0xEE7B, 0x1DC7, 0xFDB6, 0xFDB6, 0x1EB7, 0x1EB7, 
    0xFDB6, 0xFDB6, 0xFDBE, 0x1DCF, 0x5084, 0xA76A, 0x4DAC, 0x8EB4, 0x6EAC, 0x6EAC, 0x6EAC, 0x6EAC, 
    0x8EAC, 0x8EAC, 0x6EAC, 0x6EAC, 0x6EAC, 0x6EAC, 0x6EAC, 0x6EAC, 0x6EAC, 0x6EAC, 0x6EAC, 0x6EAC, 
    0x6EAC, 0x6EAC, 0x6EAC, 0x6EAC, 0x6EAC, 0x6EAC, 0x6EAC, 0x6EAC, 0x6EAC, 0x6EAC, 0x6EAC, 0x6EAC, 
    0x6EAC, 0x6EAC, 0x6EAC, 0xF0BC, 0xF3D5, 0xD3D5, 0xD3D5, 0xD3D5, 0xD3CD, 0xD3D5, 0xF2D5, 0xD2D5, 
    0xB3D5, 0x34D6, 0x2C94, 0xEA6A, 0x9BB6, 0x1EB7, 0xFDB6, 0xFDB6, 0x1EAF, 0xFEB6, 0xFDBE, 0xFDB6, 
    0x3EC7, 0x549D, 0x8762, 0x0CA4, 0x8EB4, 0x6EAC, 0x6EAC, 0x6EAC, 0x6EAC, 0x6EAC, 0x8EAC, 0x8EAC, 
    0x6EAC, 0x6EAC, 0x6EAC, 0x6EAC, 0x6EAC, 0x6EAC, 0x6EAC, 0x6EAC, 0x6EAC, 0x6EAC, 0x6EAC, 0x8EB4, 
    0x4983, 0x2B73, 0xBBBE, 0x1DB7, 0xDDBE, 0xFDBE, 0x1DB7, 0xFEBE, 0xFDBE, 0x1DBF, 0xFDBE, 0xFDBE, 
    0xFDBE, 0xFDBE, 0xFDBE, 0xFDBE, 0xFDBE, 0xFDBE, 0xFDBE, 0xFDBE, 0xFDBE, 0xFDBE, 0xFDBE, 0xFDBE, 
    0xFDBE, 0xFDBE, 0xFDBE, 0xFDBE, 0xFDBE, 0xFDBE, 0xFDBE, 0xFDBE, 0xFDBE, 0xFDBE, 0xFDBE, 0xFDBE, 
    0xFDBE, 0xFDBE, 0xFDBE, 0xFDBE, 0xFDBE, 0xFDBE, 0xFDBE, 0xFDBE, 0xFDBE, 0xFDBE, 0xFDBE, 0xFDBE, 
    0xFDBE, 0xFDBE, 0xFDBE, 0xFDBE, 0xFDBE, 0xFDBE, 0xFDBE, 0xFDBE, 0xFDBE, 0xFDBE, 0xFDBE, 0xFDBE, 
    0xFDBE, 0xFDBE, 0xFDBE, 0xFDBE, 0xFDBE, 0xFDBE, 0xFDBE, 0xFDBE, 0xFDBE, 0xFDBE, 0xFDBE, 0xFDBE, 
    0xFDBE, 0xFDBE, 0xFDBE, 0xFDBE, 0xFDBE, 0xFDBE, 0x1DBF, 0x9BAE, 
    0xA631, 0x5AAE, 0x3EBF, 0xFDBE, 
    0xFDBE, 0x1DBF, 0x1DB7, 0xFEBE, 0xFDBE, 0x1DB7, 0xFDBE, 0xFDBE, 0xFDBE, 0xFDBE, 0xFDBE, 0xFDBE, 
    0xFDBE, 0xFDBE, 0xFDBE, 0xFDBE, 0xFDBE, 0xFDBE, 0xFDBE, 0xFDBE, 0xFDBE, 0xFDBE, 0xFDBE, 0xFDBE, 
    0xFDBE, 0xFDBE, 0xFDBE, 0xFDBE, 0xFDBE, 0xFDBE, 0xFDBE, 0xFDBE, 0xFDBE, 0xFDBE, 0xFDBE, 0xFDBE, 
    0xFDBE, 0xFDBE, 0xFDBE, 0xFDBE, 0xFDBE, 0xFDBE, 0xFDBE, 0xFDBE, 0xFDBE, 0xFDBE, 0xFDBE, 0xFDBE, 
    0xFDBE, 0xFDBE, 0xFDBE, 0xFDBE, 0xFDBE, 0xFDBE, 0xFDBE, 0xFDBE, 0xFDBE, 0xFDBE, 0xFDBE, 0xFDBE, 
    0xFDBE, 0xFDBE, 0xFDBE, 0xFDBE, 0xFDBE, 0xFDBE, 0xFDBE, 0xFDBE, 0xFDBE, 0xFDBE, 0xFDBE, 0xFDBE, 
    0xFDBE, 0xFDBE, 0xFDBE, 0xFDBE, 0xFDBE, 0xFDBE, 0xFDBE, 0xFDBE, 0xFDBE, 0xFDBE, 0xFDBE, 0xFDBE, 
    0x1DBF, 0xFDBE, 0xCE7B, 0xC77A, 0x8EB4, 0x6EAC, 0x6EAC, 0x6EAC, 0x6EAC, 0x6EAC, 0x6EAC, 0x6EAC, 
    0x6EAC, 0x6EAC, 0x6EAC, 0x6EAC, 0x8EAC, 0x8EAC, 0x8EAC, 0x6EAC, 0x6EB4, 0x6DB4, 0x6EAC, 0x8FAC, 
    0x8FAC, 0xC86A, 0xEE83, 0x5DD7, 0x1DC7, 0x3EC7, 0x3EBF, 0x3EBF, 0x3DC7, 0x3DCF, 0x1DC7, 0x5ED7, 
    0x718C, 0xA862, 0x6EAC, 0x8EB4, 0x6EAC, 0x6EAC, 0x6EAC, 0x6EAC, 0x6EAC, 0x6EAC, 0x8EAC, 0x6EAC, 
    0x8EAC, 0x8EAC, 0x8EAC, 0x8EB4, 0x8EAC, 0x8FB4, 0x8FB4, 0x8EB4, 0x8EAC, 0x8EAC, 0x8FB4, 0x8EB4, 
    0x8EB4, 0x8EB4, 0x8FB4, 0x8FB4, 0x8FB4, 0x8FB4, 0x8FB4, 0x8EB4, 0x8FB4, 0x8FB4, 0x6EAC, 0x10BD, 
    0xF4DD, 0xD3D5, 0xD3D5, 0xD3D5, 0xD3D5, 0xD3D5, 0xF2D5, 0xD2D5, 0xD3D5, 0x34D6, 0x0C94, 0xE96A, 
    0xDAC6, 0x3DC7, 0x1CCF, 0x3CC7, 0x5EBF, 0x3DC7, 0x3CC7, 0x1CC7, 0x7DCF, 0x94A5, 0xA762, 0x2C9C, 
    0xAEAC, 0x6EAC, 0x6EAC, 0x6EAC, 0x6EAC, 0x6EAC, 0x6EAC, 0x6EAC, 0x6EAC, 0x8EB4, 0x8EAC, 0x8EAC, 
    0x8EAC, 0x8FB4, 0x8EB4, 0x8EAC, 0x8EAC, 0x8EAC, 0x8EAC, 0xAFB4, 0x4983, 0x2B73, 0xBBBE, 0x1DB7, 
    0xFDBE, 0xFDBE, 0x1DB7, 0xFEBE, 0xFDBE, 0x1DBF, 0xFDBE, 0xFDBE, 0xFDBE, 0xFDBE, 0xFDBE, 0xFDBE, 
    0xFDBE, 0xFDBE, 0xFDBE, 0xFDBE, 0xFDBE, 0xFDBE, 0xFDBE, 0xFDBE, 0xFDBE, 0xFDBE, 0xFDBE, 0xFDBE, 
    0xFDBE, 0xFDBE, 0xFDBE, 0xFDBE, 0xFDBE, 0xFDBE, 0xFDBE, 0xFDBE, 0xFDBE, 0xFDBE, 0xFDBE, 0xFDBE, 
    0xFDBE, 0xFDBE, 0xFDBE, 0xFDBE, 0xFDBE, 0xFDBE, 0xFDBE, 0xFDBE, 0xFDBE, 0xFDBE, 0xFDBE, 0xFDBE, 
    0xFDBE, 0xFDBE, 0xFDBE, 0xFDBE, 0xFDBE, 0xFDBE, 0xFDBE, 0xFDBE, 0xFDBE, 0xFDBE, 0xFDBE, 0xFDBE, 
    0xFDBE, 0xFDBE, 0xFDBE, 0xFDBE, 0xFDBE, 0xFDBE, 0xFDBE, 0xFDBE, 0xFDBE, 0xFDBE, 0xFDBE, 0xFDBE, 
    0xFDBE, 0xFDBE, 0x1DBF, 0x9BAE, 
    0xA631, 0x5AAE, 0x3EBF, 0xFDBE, 0xFDBE, 0x1DBF, 0x1DB7, 0xFEBE, 
    0xFDBE, 0x1DB7, 0xFDBE, 0xFDBE, 0xFDBE, 0xFDBE, 0xFDBE, 0xFDBE, 0xFDBE, 0xFDBE, 0xFDBE, 0xFDBE, 
    0xFDBE, 0xFDBE, 0xFDBE, 0xFDBE, 0xFDBE, 0xFDBE, 0xFDBE, 0xFDBE, 0xFDBE, 0xFDBE, 0xFDBE, 0xFDBE, 
    0xFDBE, 0xFDBE, 0xFDBE, 0xFDBE, 0xFDBE, 0xFDBE, 0xFDBE, 0xFDBE, 0xFDBE, 0xFDBE, 0xFDBE, 0xFDBE, 
    0xFDBE, 0xFDBE, 0xFDBE, 0xFDBE, 0xFDBE, 0xFDBE, 0xFDBE, 0xFDBE, 0xFDBE, 0xFDBE, 0xFDBE, 0xFDBE, 
    0xFDBE, 0xFDBE, 0xFDBE, 0xFDBE, 0xFDBE, 0xFDBE, 0xFDBE, 0xFDBE, 0xFDBE, 0xFDBE, 0xFDBE, 0xFDBE, 
    0xFDBE, 0xFDBE, 0xFDBE, 0xFDBE, 0xFDBE, 0xFDBE, 0xFDBE, 0xFDBE, 0xFDBE, 0xFDBE, 0xFDBE, 0xFDBE, 
    0xFDBE, 0xFDBE, 0xFDBE, 0xFDBE, 0xFDBE, 0xFDBE, 0xFDBE, 0xFDBE, 0xFDBE, 0xFDBE, 0xAD73, 0xE77A, 
    0xAEB4, 0x8FAC, 0x8FB4, 0x8EB4, 0xAEB4, 0x8EB4, 0x8EB4, 0x8EB4, 0x8EB4, 0x8EAC, 0x8EAC, 0x8EAC, 
    0x6EAC, 0x6EAC, 0x6EAC, 0x6EAC, 0x6EB4, 0x6DB4, 0x6EAC, 0x8FAC, 0x6EA4, 0xC772, 0x4A7B, 0xF29C, 
    0xF294, 0xD294, 0xF38C, 0xD38C, 0xD294, 0xB194, 0xB28C, 0xD294, 0x8C73, 0xC86A, 0x4DAC, 0x8EB4, 
    0x6EAC, 0x6EAC, 0x6EAC, 0x6EAC, 0x6EAC, 0x6EAC, 0x8EAC, 0x4DAC, 0x8A8B, 0x8A8B, 0x8A8B, 0x8A8B, 
    0x8A8B, 0x8A8B, 0x8B8B, 0x8B8B, 0x8B8B, 0xAB8B, 0xAB8B, 0xAB93, 0xAB93, 0xAB93, 0xAB93, 0xAB93, 
    0xAB93, 0xCB93, 0xCB93, 0xAB93, 0xCB93, 0xCC93, 0xAB8B, 0x8EAC, 0xF3D5, 0xF4D5, 0xD3D5, 0xF4D5, 
    0xF4D5, 0xF4D5, 0xF3D5, 0xF3DD, 0xD4D5, 0x35D6, 0x0C9C, 0xA76A, 0xB194, 0x139D, 0xD29C, 0xF294, 
    0xF28C, 0xF294, 0xD194, 0xD18C, 0xF28C, 0x0E84, 0xA762, 0x0C9C, 0x8FAC, 0x6EAC, 0x6EAC, 0x6EAC, 
    0x6EAC, 0x8EAC, 0x6EAC, 0x6EAC, 0x8EB4, 0x4DA4, 0x0C9C, 0x2D9C, 0x0D9C, 0x0C9C, 0x0C9C, 0x0C9C, 
    0x0C9C, 0x0C9C, 0xEC9B, 0x0C9C, 0x087B, 0x4B73, 0xBBBE, 0x1DB7, 0xFDBE, 0xFDBE, 0x1DB7, 0xFEBE, 
    0xFDBE, 0x1DBF, 0xFDBE, 0xFDBE, 0xFDBE, 0xFDBE, 0xFDBE, 0xFDBE, 0xFDBE, 0xFDBE, 0xFDBE, 0xFDBE, 
    0xFDBE, 0xFDBE, 0xFDBE, 0xFDBE, 0xFDBE, 0xFDBE, 0xFDBE, 0xFDBE, 0xFDBE, 0xFDBE, 0xFDBE, 0xFDBE, 
    0xFDBE, 0xFDBE, 0xFDBE, 0xFDBE, 0xFDBE, 0xFDBE, 0xFDBE, 0xFDBE, 0xFDBE, 0xFDBE, 0xFDBE, 0xFDBE, 
    0xFDBE, 0xFDBE, 0xFDBE, 0xFDBE, 0xFDBE, 0xFDBE, 0xFDBE, 0xFDBE, 0xFDBE, 0xFDBE, 0xFDBE, 0xFDBE, 
    0xFDBE, 0xFDBE, 0xFDBE, 0xFDBE, 0xFDBE, 0xFDBE, 0xFDBE, 0xFDBE, 0xFDBE, 0xFDBE, 0xFDBE, 0xFDBE, 
    0xFDBE, 0xFDBE, 0xFDBE, 0xFDBE, 0xFDBE, 0xFDBE, 0xFDBE, 0xFDBE, 0xFDBE, 0xFDBE, 0x1DBF, 0x9BAE, 
    
    0xA631, 0x5AAE, 0x3EBF, 0xFDBE, 0xFDBE, 0x1DBF, 0x1DB7, 0xFEBE, 0xFDBE, 0x1DB7, 0xFDBE, 0xFDBE, 
    0xFDBE, 0xFDBE, 0xFDBE, 0xFDBE, 0xFDBE, 0xFDBE, 0xFDBE, 0xFDBE, 0xFDBE, 0xFDBE, 0xFDBE, 0xFDBE, 
    0xFDBE, 0xFDBE, 0xFDBE, 0xFDBE, 0xFDBE, 0xFDBE, 0xFDBE, 0xFDBE, 0xFDBE, 0xFDBE, 0xFDBE, 0xFDBE, 
    0xFDBE, 0xFDBE, 0xFDBE, 0xFDBE, 0xFDBE, 0xFDBE, 0xFDBE, 0xFDBE, 0xFDBE, 0xFDBE, 0xFDBE, 0xFDBE, 
    0xFDBE, 0xFDBE, 0xFDBE, 0xFDBE, 0xFDBE, 0xFDBE, 0xFDBE, 0xFDBE, 0xFDBE, 0xFDBE, 0xFDBE, 0xFDBE, 
    0xFDBE, 0xFDBE, 0xFDBE, 0xFDBE, 0xFDBE, 0xFDBE, 0xFDBE, 0xFDBE, 0xFDBE, 0xFDBE, 0xFDBE, 0xFDBE, 
    0xFDBE, 0xFDBE, 0xFDBE, 0xFDBE, 0xFDBE, 0xFDBE, 0xFDBE, 0xFDBE, 0xFDBE, 0xFDBE, 0xFDBE, 0xFDBE, 
    0xFDBE, 0xFDBE, 0xFDBE, 0xFDBE, 0xFDB6, 0xFDBE, 0xCE7B, 0xA772, 0xCB9B, 0xCC93, 0xAB93, 0xAB93, 
    0xAB93, 0xAB8B, 0x8A8B, 0x6A8B, 0x6A8B, 0x2983, 0x6A8B, 0x6EAC, 0x6EAC, 0x6EAC, 0x6EAC, 0x6EAC, 
    0x6DAC, 0x4DB4, 0x4EAC, 0x6FAC, 0x2DA4, 0xA67A, 0x656A, 0x675A, 0x665A, 0x4562, 0x465A, 0x465A, 
    0x4562, 0x4562, 0x665A, 0x4652, 0x6662, 0xC67A, 0x4DAC, 0x8EAC, 0x6EAC, 0x6EAC, 0x6EAC, 0x6EAC, 
    0x8EAC, 0x6EAC, 0x8EB4, 0x2DA4, 0x876A, 0x4562, 0x4562, 0x456A, 0x4562, 0x4562, 0x4562, 0x4562, 
    0x456A, 0x456A, 0x4562, 0x466A, 0x666A, 0x666A, 0x4662, 0x466A, 0x466A, 0x666A, 0x666A, 0x666A, 
    0x666A, 0x656A, 0x656A, 0xA772, 0xEC93, 0x10BD, 0xF0BC, 0xF0BC, 0x10BD, 0x11BD, 0x10B5, 0x10BD, 
    0x11BD, 0x31B5, 0x0B9C, 0x456A, 0x665A, 0x675A, 0x4662, 0x4662, 0x475A, 0x4662, 0x2562, 0x465A, 
    0x4752, 0x675A, 0x666A, 0xECA3, 0x6EB4, 0x6EAC, 0x6EAC, 0x6EAC, 0x6EAC, 0x6EAC, 0x8EAC, 0x6EAC, 
    0x8EB4, 0x6A8B, 0x876A, 0xA76A, 0xA772, 0x876A, 0x876A, 0x876A, 0x866A, 0x866A, 0x866A, 0x866A, 
    0x656A, 0x2B73, 0xBBBE, 0x1DB7, 0xFDBE, 0xFDBE, 0x1DB7, 0xFEBE, 0xFDBE, 0x1DBF, 0xFDBE, 0xFDBE, 
    0xFDBE, 0xFDBE, 0xFDBE, 0xFDBE, 0xFDBE, 0xFDBE, 0xFDBE, 0xFDBE, 0xFDBE, 0xFDBE, 0xFDBE, 0xFDBE, 
    0xFDBE, 0xFDBE, 0xFDBE, 0xFDBE, 0xFDBE, 0xFDBE, 0xFDBE, 0xFDBE, 0xFDBE, 0xFDBE, 0xFDBE, 0xFDBE, 
    0xFDBE, 0xFDBE, 0xFDBE, 0xFDBE, 0xFDBE, 0xFDBE, 0xFDBE, 0xFDBE, 0xFDBE, 0xFDBE, 0xFDBE, 0xFDBE, 
    0xFDBE, 0xFDBE, 0xFDBE, 0xFDBE, 0xFDBE, 0xFDBE, 0xFDBE, 0xFDBE, 0xFDBE, 0xFDBE, 0xFDBE, 0xFDBE, 
    0xFDBE, 0xFDBE, 0xFDBE, 0xFDBE, 0xFDBE, 0xFDBE, 0xFDBE, 0xFDBE, 0xFDBE, 0xFDBE, 0xFDBE, 0xFDBE, 
    0xFDBE, 0xFDBE, 0xFDBE, 0xFDBE, 0xFDBE, 0xFDBE, 0x1DBF, 0x9BAE, 
    0xA631, 0x5AAE, 0x3EBF, 0xFDBE, 
    0xFDBE, 0x1DBF, 0x1DB7, 0xFEBE, 0xFDBE, 0x1DB7, 0xFDBE, 0xFDBE, 0xFDBE, 0xFDBE, 0xFDBE, 0xFDBE, 
    0xFDBE, 0xFDBE, 0xFDBE, 0xFDBE, 0xFDBE, 0xFDBE, 0xFDBE, 0xFDBE, 0xFDBE, 0xFDBE, 0xFDBE, 0xFDBE, 
    0xFDBE, 0xFDBE, 0xFDBE, 0xFDBE, 0xFDBE, 0xFDBE, 0xFDBE, 0xFDBE, 0xFDBE, 0xFDBE, 0xFDBE, 0xFDBE, 
    0xFDBE, 0xFDBE, 0xFDBE, 0xFDBE, 0xFDBE, 0xFDBE, 0xFDBE, 0xFDBE, 0xFDBE, 0xFDBE, 0xFDBE, 0xFDBE, 
    0xFDBE, 0xFDBE, 0xFDBE, 0xFDBE, 0xFDBE, 0xFDBE, 0xFDBE, 0xFDBE, 0xFDBE, 0xFDBE, 0xFDBE, 0xFDBE, 
    0xFDBE, 0xFDBE, 0xFDBE, 0xFDBE, 0xFDBE, 0xFDBE, 0xFDBE, 0xFDBE, 0xFDBE, 0xFDBE, 0xFDBE, 0xFDBE, 
    0xFDBE, 0xFDBE, 0xFDBE, 0xFDBE, 0xFDBE, 0xFDBE, 0xFDBE, 0xFDBE, 0xFDBE, 0xFDBE, 0xFDBE, 0xFDBE, 
    0xFCBE, 0xFBC6, 0xCE7B, 0x465A, 0x666A, 0x656A, 0x4562, 0x4562, 0x6662, 0x446A, 0x4562, 0x6662, 
    0x6662, 0x4562, 0x0783, 0x30C5, 0x51C5, 0x51C5, 0x51C5, 0x51C5, 0x51C5, 0x51C5, 0x51C5, 0x51C5, 
    0x10BD, 0x698B, 0xC77A, 0x297B, 0x0883, 0x0883, 0x0883, 0x0883, 0x0883, 0x0883, 0x2983, 0x2983, 
    0x0883, 0x498B, 0x4DAC, 0x8EAC, 0x6EAC, 0x6EAC, 0x6EAC, 0x6EAC, 0x6EAC, 0x6EAC, 0x8EB4, 0x2CA4, 
    0x866A, 0x6C73, 0x0F7C, 0xEE73, 0xCE73, 0xEE73, 0xCE73, 0xCD73, 0xCD73, 0xAD73, 0x8C7B, 0x8C7B, 
    0x8C7B, 0x6C73, 0x6C73, 0x6C73, 0x6C73, 0x4C73, 0x4B73, 0x4C6B, 0x4B73, 0x4B6B, 0x4C6B, 0x876A, 
    0xE87A, 0x8EAC, 0x6EAC, 0x6EAC, 0x6EAC, 0x6EAC, 0x6EAC, 0x6EAC, 0x6EAC, 0x6EAC, 0x4DAC, 0x0883, 
    0xE87A, 0x087B, 0x0883, 0x0883, 0x0983, 0x0983, 0x0883, 0x0983, 0x297B, 0x2983, 0x0883, 0x0CA4, 
    0x8EB4, 0x6EAC, 0x6EAC, 0x6EAC, 0x6EAC, 0x6EAC, 0x6EAC, 0x6EAC, 0x6EAC, 0xE87A, 0x6672, 0xA86A, 
    0xC962, 0xC962, 0xA86A, 0xC86A, 0xC962, 0xC96A, 0xC96A, 0xE962, 0xA95A, 0x8E6B, 0x9BBE, 0x1DBF, 
    0xFDBE, 0xFDBE, 0x1DB7, 0xFDBE, 0xFDBE, 0xFDBE, 0xFDBE, 0xFDBE, 0xFDBE, 0xFDBE, 0xFDBE, 0xFDBE, 
    0xFDBE, 0xFDBE, 0xFDBE, 0xFDBE, 0xFDBE, 0xFDBE, 0xFDBE, 0xFDBE, 0xFDBE, 0xFDBE, 0xFDBE, 0xFDBE, 
    0xFDBE, 0xFDBE, 0xFDBE, 0xFDBE, 0xFDBE, 0xFDBE, 0xFDBE, 0xFDBE, 0xFDBE, 0xFDBE, 0xFDBE, 0xFDBE, 
    0xFDBE, 0xFDBE, 0xFDBE, 0xFDBE, 0xFDBE, 0xFDBE, 0xFDBE, 0xFDBE, 0xFDBE, 0xFDBE, 0xFDBE, 0xFDBE, 
    0xFDBE, 0xFDBE, 0xFDBE, 0xFDBE, 0x1DBF, 0x1DBF, 0xFDBE, 0xFDBE, 0xFDBE, 0xFDBE, 0xFDBE, 0xFDBE, 
    0xFDBE, 0xFDBE, 0xFDBE, 0xFDBE, 0xFDBE, 0xFDBE, 0xFDBE, 0xFDBE, 0xFDBE, 0xFDBE, 0xFDBE, 0xFDBE, 
    0xFDBE, 0xFDBE, 0x1DBF, 0x9BAE, 
    0xA631, 0x5AAE, 0x3EBF, 0xFDBE, 0xFDBE, 0x1DBF, 0x1DB7, 0xFEBE, 
    0xFDBE, 0x1DB7, 0xFDBE, 0xFDBE, 0xFDBE, 0xFDBE, 0xFDBE, 0xFDBE, 0xFDBE, 0xFDBE, 0xFDBE, 0xFDBE, 
    0xFDBE, 0xFDBE, 0xFDBE, 0xFDBE, 0xFDBE, 0xFDBE, 0xFDBE, 0xFDBE, 0xFDBE, 0xFDBE, 0xFDBE, 0xFDBE, 
    0xFDBE, 0xFDBE, 0xFDBE, 0xFDBE, 0xFDBE, 0xFDBE, 0xFDBE, 0xFDBE, 0xFDBE, 0xFDBE, 0xFDBE, 0xFDBE, 
    0xFDBE, 0xFDBE, 0xFDBE, 0xFDBE, 0xFDBE, 0xFDBE, 0xFDBE, 0xFDBE, 0xFDBE, 0xFDBE, 0xFDBE, 0xFDBE, 
    0xFDBE, 0xFDBE, 0xFDBE, 0xFDBE, 0xFDBE, 0xFDBE, 0xFDBE, 0xFDBE, 0xFDBE, 0xFDBE, 0xFDBE, 0xFDBE, 
    0xFDBE, 0xFDBE, 0xFDBE, 0xFDBE, 0xFDBE, 0xFDBE, 0xFDBE, 0xFDBE, 0xFDBE, 0xFDBE, 0xFDBE, 0xFDBE, 
    0xFDBE, 0xFDBE, 0xFDBE, 0xFDBE, 0xFDBE, 0xFDBE, 0xFDBE, 0x1DB7, 0xFDBE, 0x1CC7, 0x9184, 0x0A63, 
    0x4B73, 0x4A73, 0x6B73, 0x6C73, 0x8C73, 0x6B7B, 0xCD7B, 0xAE73, 0xED7B, 0xE872, 0x488B, 0xD2D5, 
    0xF3D5, 0xF3D5, 0xF3D5, 0xF3D5, 0xF3D5, 0xF3D5, 0xF3D5, 0xF3D5, 0xF4D5, 0xF0BC, 0x6EAC, 0x6EAC, 
    0x6EAC, 0x6EAC, 0x6EAC, 0x6EAC, 0x6EAC, 0x6EAC, 0x8EAC, 0x6EAC, 0x6EAC, 0x8EAC, 0x6EAC, 0x6EAC, 
    0x6EAC, 0x6EAC, 0x6EAC, 0x6EAC, 0x6EAC, 0x6EAC, 0x8EB4, 0x2CA4, 0x866A, 0x549D, 0x3EC7, 0xFDBE, 
    0xFCBE, 0xFCBE, 0xFCBE, 0xFBC6, 0xFCC6, 0xFCBE, 0xDBC6, 0xDBC6, 0xDBC6, 0xDBC6, 0xDBC6, 0xDBC6, 
    0xDBC6, 0xBBC6, 0xBBC6, 0xBCBE, 0xBAC6, 0xBBBE, 0xBBBE, 0x6A7B, 0xE782, 0x8FB4, 0x6EB4, 0x8EAC, 
    0x8EAC, 0x6EAC, 0x6EAC, 0x6EAC, 0x6EAC, 0x8EB4, 0x6EAC, 0x6EAC, 0x6EAC, 0x8EB4, 0x6EAC, 0x6EAC, 
    0x6EAC, 0x6EAC, 0x6EAC, 0x6EAC, 0x6EAC, 0x6EAC, 0x6EAC, 0x6EAC, 0x8EAC, 0x6EAC, 0x6EAC, 0x6EAC, 
    0x6EB4, 0x6EAC, 0x6EAC, 0x8EAC, 0x6EAC, 0xA772, 0xAC83, 0x58BE, 0x59AE, 0x59B6, 0x59BE, 0x58B6, 
    0x79B6, 0x5ABE, 0x79BE, 0x99BE, 0x5AB6, 0x39AE, 0xFCC6, 0xFCBE, 0x1DBF, 0x1DB7, 0x1DB7, 0x1DBF, 
    0xFDBE, 0xFDBE, 0xFDBE, 0xFDBE, 0xFDBE, 0xFDBE, 0xFDBE, 0xFDBE, 0xFDBE, 0xFDBE, 0xFDBE, 0xFDBE, 
    0xFDBE, 0xFDBE, 0xFDBE, 0xFDBE, 0xFDBE, 0xFDBE, 0xFDBE, 0xFDBE, 0xFDBE, 0xFDBE, 0xFDBE, 0xFDBE, 
    0xFDBE, 0xFDBE, 0xFDBE, 0xFDBE, 0xFDBE, 0xFDBE, 0xFDBE, 0xFDBE, 0xFDBE, 0xFDBE, 0xFDBE, 0xFDBE, 
    0xFDBE, 0xFDBE, 0xFDBE, 0xFDBE, 0xFDBE, 0xFDBE, 0xFDBE, 0xFDBE, 0xFDBE, 0xFDBE, 0xFDBE, 0xFDBE, 
    0xFDBE, 0x1DBF, 0xFDBE, 0xFDBE, 0xFDBE, 0xFDBE, 0xFDBE, 0xFDBE, 0xFDBE, 0xFDBE, 0xFDBE, 0xFDBE, 
    0xFDBE, 0xFDBE, 0xFDBE, 0xFDBE, 0xFDBE, 0xFDBE, 0xFDBE, 0xFDBE, 0xFDBE, 0xFDBE, 0x1DBF, 0x9BAE, 
    
    0xA631, 0x5AAE, 0x3EBF, 0xFDBE, 0xFDBE, 0x1DBF, 0x1DB7, 0xFEBE, 0xFDBE, 0x1DB7, 0xFDBE, 0xFDBE, 
    0xFDBE, 0xFDBE, 0xFDBE, 0xFDBE, 0xFDBE, 0xFDBE, 0xFDBE, 0xFDBE, 0xFDBE, 0xFDBE, 0xFDBE, 0xFDBE, 
    0xFDBE, 0xFDBE, 0xFDBE, 0xFDBE, 0xFDBE, 0xFDBE, 0xFDBE, 0xFDBE, 0xFDBE, 0xFDBE, 0xFDBE, 0xFDBE, 
    0xFDBE, 0xFDBE, 0xFDBE, 0xFDBE, 0xFDBE, 0xFDBE, 0xFDBE, 0xFDBE, 0xFDBE, 0xFDBE, 0xFDBE, 0xFDBE, 
    0xFDBE, 0xFDBE, 0xFDBE, 0xFDBE, 0xFDBE, 0xFDBE, 0xFDBE, 0xFDBE, 0xFDBE, 0xFDBE, 0xFDBE, 0xFDBE, 
    0xFDBE, 0xFDBE, 0xFDBE, 0xFDBE, 0xFDBE, 0xFDBE, 0xFDBE, 0xFDBE, 0xFDBE, 0xFDBE, 0xFDBE, 0xFDBE, 
    0xFDBE, 0xFDBE, 0xFDBE, 0xFDBE, 0xFDBE, 0xFDBE, 0xFDBE, 0xFDBE, 0xFDBE, 0xFDBE, 0xFDBE, 0xFDBE, 
    0xFDBE, 0xFDBE, 0xFDBE, 0x1EB7, 0x1EB7, 0x1DBF, 0x9BB6, 0x7ABE, 0x9ABE, 0x9ABE, 0x9ABE, 0x9BBE, 
    0xBBBE, 0xBBBE, 0xDCBE, 0xDDBE, 0x1DCF, 0xEE7B, 0x2973, 0xD3D5, 0xD3D5, 0xD3D5, 0xD3D5, 0xD3D5, 
    0xD3D5, 0xD3D5, 0xD3D5, 0xD3D5, 0xF3D5, 0x10BD, 0x6EAC, 0x8EAC, 0x6EAC, 0x6EAC, 0x6EAC, 0x6EAC, 
    0x6EAC, 0x8EAC, 0x6EAC, 0x6EAC, 0x8EAC, 0x6EAC, 0x6EAC, 0x6EAC, 0x6EAC, 0x6EAC, 0x6EAC, 0x6EAC, 
    0x6EAC, 0x6EAC, 0x8EB4, 0x2DA4, 0x6662, 0x549D, 0x3EC7, 0xFCBE, 0xFCC6, 0xFCBE, 0xFCBE, 0xFCC6, 
    0xFCC6, 0xFDBE, 0x1DB7, 0x1DB7, 0x1DB7, 0x1DB7, 0x1DB7, 0x1DB7, 0x1DB7, 0x1DB7, 0x1DB7, 0x1DBF, 
    0xFCC6, 0xFDBE, 0x1DC7, 0x8B7B, 0xE87A, 0x8FAC, 0x6EB4, 0x6EAC, 0x6EAC, 0x6EAC, 0x6EAC, 0x6EAC, 
    0x6EAC, 0x6EAC, 0x8EAC, 0x8EAC, 0x8EAC, 0x8EAC, 0x8EAC, 0x6EAC, 0x8EAC, 0x6EAC, 0x8EAC, 0x8EAC, 
    0x6EAC, 0x6EAC, 0x6EAC, 0x8EAC, 0x6EAC, 0x6EAC, 0x6EAC, 0x6EAC, 0x6EB4, 0x6EAC, 0x6EAC, 0x8EAC, 
    0x8EAC, 0xA772, 0x307C, 0x3DC7, 0x1EB7, 0x1EB7, 0x1EBF, 0x3EBF, 0x3EB7, 0x1FBF, 0x1EBF, 0x1DB7, 
    0x1CC7, 0x1CC7, 0x1CBF, 0x1DBF, 0x1DB7, 0x1DB7, 0xFDBE, 0xFDBE, 0xFDBE, 0xFDBE, 0xFDBE, 0xFDBE, 
    0xFDBE, 0xFDBE, 0xFDBE, 0xFDBE, 0xFDBE, 0xFDBE, 0xFDBE, 0xFDBE, 0xFDBE, 0xFDBE, 0xFDBE, 0xFDBE, 
    0xFDBE, 0xFDBE, 0xFDBE, 0xFDBE, 0xFDBE, 0xFDBE, 0xFDBE, 0xFDBE, 0xFDBE, 0xFDBE, 0xFDBE, 0xFDBE, 
    0xFDBE, 0xFDBE, 0xFDBE, 0xFDBE, 0xFDBE, 0xFDBE, 0xFDBE, 0xFDBE, 0xFDBE, 0xFDBE, 0xFDBE, 0xFDBE, 
    0xFDBE, 0xFDBE, 0xFDBE, 0xFDBE, 0xFDBE, 0xFDBE, 0xFDBE, 0xFDBE, 0xFDBE, 0xFDBE, 0xFDBE, 0xFDBE, 
    0xFDBE, 0xFDBE, 0xFDBE, 0xFDBE, 0xFDBE, 0xFDBE, 0xFDBE, 0xFDBE, 0xFDBE, 0xFDBE, 0xFDBE, 0xFDBE, 
    0xFDBE, 0xFDBE, 0xFDBE, 0xFDBE, 0xFDBE, 0xFDBE, 0x1DBF, 0x9BAE, 
    0xA631, 0x5AAE, 0x3EBF, 0xFDBE, 
    0xFDBE, 0x1DBF, 0x1DB7, 0xFEBE, 0xFDBE, 0x1DB7, 0xFDBE, 0xFDBE, 0xFDBE, 0xFDBE, 0xFDBE, 0xFDBE, 
    0xFDBE, 0xFDBE, 0xFDBE, 0xFDBE, 0xFDBE, 0xFDBE, 0xFDBE, 0xFDBE, 0xFDBE, 0xFDBE, 0xFDBE, 0xFDBE, 
    0xFDBE, 0xFDBE, 0xFDBE, 0xFDBE, 0xFDBE, 0xFDBE, 0xFDBE, 0xFDBE, 0xFDBE, 0xFDBE, 0xFDBE, 0xFDBE, 
    0xFDBE, 0xFDBE, 0xFDBE, 0xFDBE, 0xFDBE, 0xFDBE, 0xFDBE, 0xFDBE, 0xFDBE, 0xFDBE, 0xFDBE, 0xFDBE, 
    0xFDBE, 0xFDBE, 0xFDBE, 0xFDBE, 0xFDBE, 0xFDBE, 0xFDBE, 0xFDBE, 0xFDBE, 0xFDBE, 0xFDBE, 0xFDBE, 
    0xFDBE, 0xFDBE, 0xFDBE, 0xFDBE, 0xFDBE, 0xFDBE, 0xFDBE, 0xFDBE, 0xFDBE, 0xFDBE, 0xFDBE, 0xFDBE, 
    0xFDBE, 0xFDBE, 0xFDBE, 0xFDBE, 0xFDBE, 0xFDBE, 0xFDBE, 0xFDBE, 0xFDBE, 0xFDBE, 0xFDBE, 0x1EB7, 
    0xFEB6, 0x1EB7, 0x1EBF, 0x1EBF, 0x1EBF, 0x1EBF, 0x1EBF, 0x1EB7, 0x1EB7, 0x1EB7, 0x1FB7, 0x1FAF, 
    0x3EC7, 0x0F7C, 0x2973, 0xD3D5, 0xF3D5, 0xD3D5, 0xD3D5, 0xD3D5, 0xD3D5, 0xD3D5, 0xD3D5, 0xD3D5, 
    0xF3D5, 0xF0BC, 0x6EAC, 0x8EB4, 0x6EAC, 0x6EAC, 0x6EAC, 0x6EAC, 0x6EAC, 0x6EAC, 0x6EAC, 0x6EAC, 
    0x6EAC, 0x8EAC, 0x8EAC, 0x6EAC, 0x6EAC, 0x6EAC, 0x6EAC, 0x6EAC, 0x6EAC, 0x6EAC, 0x8EB4, 0x2DA4, 
    0x8762, 0x559D, 0x3EC7, 0xFDBE, 0xFDBE, 0x1DB7, 0xFDBE, 0xFCBE, 0xFDBE, 0xFEB6, 0xFEB6, 0xFEB6, 
    0xFEB6, 0xFEB6, 0x1EB7, 0xFEB6, 0x1EB7, 0xFEB6, 0xFEB6, 0x1EB7, 0xFDBE, 0x1EB7, 0x1DB7, 0x8B73, 
    0x087B, 0x8FAC, 0x6EB4, 0x6EB4, 0x6EAC, 0x6EAC, 0x6EAC, 0x6EAC, 0x6EAC, 0x6EAC, 0x8EAC, 0x6EAC, 
    0x8EAC, 0x8EAC, 0x6EAC, 0x6EAC, 0x6EAC, 0x6EAC, 0x6EAC, 0x6EAC, 0x8EAC, 0x8EAC, 0x8EAC, 0x6EAC, 
    0x6EAC, 0x6EAC, 0x6EAC, 0x6EAC, 0x6EB4, 0x6EAC, 0x6EAC, 0x8EAC, 0x8EAC, 0xA772, 0xEF83, 0xFDC6, 
    0xFEB6, 0xFEBE, 0xDDC6, 0xDDBE, 0xFDBE, 0xDEBE, 0xDDBE, 0xFDBE, 0x1CB7, 0x1CB7, 0x1DB7, 0x1DB7, 
    0x1DBF, 0xFDBE, 0xFDBE, 0xFDBE, 0xFDBE, 0xFDBE, 0xFDBE, 0xFDBE, 0xFDBE, 0xFDBE, 0xFDBE, 0xFDBE, 
    0xFDBE, 0xFDBE, 0xFDBE, 0xFDBE, 0xFDBE, 0xFDBE, 0xFDBE, 0xFDBE, 0xFDBE, 0xFDBE, 0xFDBE, 0xFDBE, 
    0xFDBE, 0xFDBE, 0xFDBE, 0xFDBE, 0xFDBE, 0xFDBE, 0xFDBE, 0xFDBE, 0xFDBE, 0xFDBE, 0xFDBE, 0xFDBE, 
    0xFDBE, 0xFDBE, 0xFDBE, 0xFDBE, 0xFDBE, 0xFDBE, 0xFDBE, 0xFDBE, 0xFDBE, 0xFDBE, 0xFDBE, 0xFDBE, 
    0xFDBE, 0xFDBE, 0xFDBE, 0xFDBE, 0xFDBE, 0xFDBE, 0xFDBE, 0xFDBE, 0xFDBE, 0xFDBE, 0xFDBE, 0xFDBE, 
    0xFDBE, 0xFDBE, 0xFDBE, 0xFDBE, 0xFDBE, 0xFDBE, 0xFDBE, 0xFDBE, 0xFDBE, 0xFDBE, 0xFDBE, 0xFDBE, 
    0xFDBE, 0xFDBE, 0x1DBF, 0x9BAE, 
    0xA631, 0x5AAE, 0x3EBF, 0xFDBE, 0xFDBE, 0x1DBF, 0x1DB7, 0xFEBE, 
    0xFDBE, 0x1DB7, 0xFDBE, 0xFDBE, 0xFDBE, 0xFDBE, 0xFDBE, 0xFDBE, 0xFDBE, 0xFDBE, 0xFDBE, 0xFDBE, 
    0xFDBE, 0xFDBE, 0xFDBE, 0xFDBE, 0xFDBE, 0xFDBE, 0xFDBE, 0xFDBE, 0xFDBE, 0xFDBE, 0xFDBE, 0xFDBE, 
    0xFDBE, 0xFDBE, 0xFDBE, 0xFDBE, 0xFDBE, 0xFDBE, 0xFDBE, 0xFDBE, 0xFDBE, 0xFDBE, 0xFDBE, 0xFDBE, 
    0xFDBE, 0xFDBE, 0xFDBE, 0xFDBE, 0xFDBE, 0xFDBE, 0xFDBE, 0xFDBE, 0xFDBE, 0xFDBE, 0xFDBE, 0xFDBE, 
    0xFDBE, 0xFDBE, 0xFDBE, 0xFDBE, 0xFDBE, 0xFDBE, 0xFDBE, 0xFDBE, 0xFDBE, 0xFDBE, 0xFDBE, 0xFDBE, 
    0xFDBE, 0xFDBE, 0xFDBE, 0xFDBE, 0xFDBE, 0xFDBE, 0xFDBE, 0xFDBE, 0xFDBE, 0xFDBE, 0xFDBE, 0xFDBE, 
    0xFDBE, 0xFDBE, 0xFDBE, 0xFDBE, 0xFDBE, 0xFDBE, 0xFDBE, 0xFDBE, 0xFDBE, 0xFDBE, 0xFDBE, 0xFDB6, 
    0xFDB6, 0xFEB6, 0xFEB6, 0x1EB7, 0x1EB7, 0xFDBE, 0xFDBE, 0xFDB6, 0x3DCF, 0xEE7B, 0x0973, 0xD3D5, 
    0xF3D5, 0xD3D5, 0xD3D5, 0xD3D5, 0xD3D5, 0xD3D5, 0xD3D5, 0xD3D5, 0xF3D5, 0x10BD, 0x4DAC, 0x8EB4, 
    0x6EAC, 0x6EAC, 0x6EAC, 0x6EAC, 0x6EAC, 0x6EAC, 0x6EAC, 0x6EAC, 0x6EAC, 0x6EAC, 0x6EAC, 0x6EAC, 
    0x6EAC, 0x6EAC, 0x6EAC, 0x6EAC, 0x6EAC, 0x6EAC, 0x8EB4, 0x2DA4, 0x8762, 0x559D, 0x3EBF, 0xFDBE, 
    0xFDBE, 0xFDB6, 0x1DB7, 0xFDBE, 0x1DB7, 0xFEB6, 0xFDBE, 0xFDBE, 0xFDBE, 0xFDBE, 0xFDBE, 0xFDBE, 
    0xFDBE, 0xFDBE, 0xFDBE, 0x1EB7, 0x1DB7, 0x1EB7, 0xFDB6, 0x8B73, 0x087B, 0x8FAC, 0x6EB4, 0x6EAC, 
    0x6EAC, 0x6EAC, 0x6EAC, 0x6EAC, 0x6EAC, 0x6EAC, 0x8EAC, 0x6EAC, 0x6EAC, 0x6EAC, 0x6EAC, 0x6EAC, 
    0x6EAC, 0x6EAC, 0x6EAC, 0x6EAC, 0x8EAC, 0x6EAC, 0x6EAC, 0x6EAC, 0x6EAC, 0x6EAC, 0x6EAC, 0x6EAC, 
    0x6EB4, 0x6EAC, 0x6EAC, 0x8EAC, 0x8EAC, 0xA772, 0x0F84, 0x1CCF, 0xFCB6, 0x1DBF, 0xFCC6, 0xFCBE, 
    0x1DBF, 0xFDBE, 0xFCBE, 0x1CBF, 0x1DB7, 0x1DB7, 0x1DB7, 0xFDB6, 0xFDBE, 0xFDBE, 0xFDBE, 0xFDBE, 
    0xFDBE, 0xFDBE, 0xFDBE, 0xFDBE, 0xFDBE, 0xFDBE, 0xFDBE, 0xFDBE, 0xFDBE, 0xFDBE, 0xFDBE, 0xFDBE, 
    0xFDBE, 0xFDBE, 0xFDBE, 0xFDBE, 0xFDBE, 0xFDBE, 0xFDBE, 0xFDBE, 0xFDBE, 0xFDBE, 0xFDBE, 0xFDBE, 
    0xFDBE, 0xFDBE, 0xFDBE, 0xFDBE, 0xFDBE, 0xFDBE, 0xFDBE, 0xFDBE, 0xFDBE, 0xFDBE, 0xFDBE, 0xFDBE, 
    0xFDBE, 0xFDBE, 0xFDBE, 0xFDBE, 0xFDBE, 0x1EBF, 0x1EBF, 0xFDBE, 0xFDBE, 0xFDBE, 0xFDBE, 0xFDBE, 
    0xFDBE, 0xFDBE, 0xFDBE, 0xFDBE, 0xFDBE, 0xFDBE, 0xFDBE, 0xFDBE, 0xFDBE, 0xFDBE, 0xFDBE, 0xFDBE, 
    0xFDBE, 0xFDBE, 0xFDBE, 0xFDBE, 0xFDBE, 0xFDBE, 0xFDBE, 0xFDBE, 0xFDBE, 0xFDBE, 0x1DBF, 0x9BAE, 
    
    0xA631, 0x5AAE, 0x3EBF, 0xFDBE, 0xFDBE, 0x1DBF, 0x1DB7, 0xFEBE, 0xFDBE, 0x1DB7, 0xFDBE, 0xFDBE, 
    0xFDBE, 0xFDBE, 0xFDBE, 0xFDBE, 0xFDBE, 0xFDBE, 0xFDBE, 0xFDBE, 0xFDBE, 0xFDBE, 0xFDBE, 0xFDBE, 
    0xFDBE, 0xFDBE, 0xFDBE, 0xFDBE, 0xFDBE, 0xFDBE, 0xFDBE, 0xFDBE, 0xFDBE, 0xFDBE, 0xFDBE, 0xFDBE, 
    0xFDBE, 0xFDBE, 0xFDBE, 0xFDBE, 0xFDBE, 0xFDBE, 0xFDBE, 0xFDBE, 0xFDBE, 0xFDBE, 0xFDBE, 0xFDBE, 
    0xFDBE, 0xFDBE, 0xFDBE, 0xFDBE, 0xFDBE, 0xFDBE, 0xFDBE, 0xFDBE, 0xFDBE, 0xFDBE, 0xFDBE, 0xFDBE, 
    0xFDBE, 0xFDBE, 0xFDBE, 0xFDBE, 0xFDBE, 0xFDBE, 0xFDBE, 0xFDBE, 0xFDBE, 0xFDBE, 0xFDBE, 0xFDBE, 
    0xFDBE, 0xFDBE, 0xFDBE, 0xFDBE, 0xFDBE, 0xFDBE, 0xFDBE, 0xFDBE, 0xFDBE, 0xFDBE, 0xFDBE, 0xFDBE, 
    0xFDBE, 0xFDBE, 0xFDBE, 0xFDBE, 0xFCC6, 0xFCBE, 0xFDBE, 0xFDBE, 0xFDBE, 0xFDBE, 0xFDBE, 0xFDBE, 
    0xFDBE, 0xDBC6, 0xFCBE, 0xFDBE, 0x3CD7, 0xED83, 0x087B, 0xD3D5, 0xF3D5, 0xD3D5, 0xD3D5, 0xD3D5, 
    0xD3D5, 0xD3D5, 0xD3D5, 0xD3D5, 0xF3D5, 0x10BD, 0x6EAC, 0x8EAC, 0x6EAC, 0x6EAC, 0x6EAC, 0x6EAC, 
    0x6EAC, 0x6EAC, 0x6EAC, 0x6EAC, 0x6EAC, 0x6EAC, 0x6EAC, 0x6EAC, 0x6EAC, 0x6EAC, 0x6EAC, 0x6EAC, 
    0x6EAC, 0x6EAC, 0x8EB4, 0x2DA4, 0x8662, 0x559D, 0x1EBF, 0xFDBE, 0xFDBE, 0x1DB7, 0x1DB7, 0xFDBE, 
    0xFDB6, 0x1DB7, 0x1CBF, 0x1CBF, 0xFCBE, 0xFCBE, 0x1CBF, 0x1DBF, 0x1CBF, 0xFCBE, 0xFCBE, 0x1DB7, 
    0xFCBE, 0x1DB7, 0x1DBF, 0x8B73, 0xE87A, 0x8FAC, 0x6EB4, 0x6EAC, 0x8EAC, 0x6EAC, 0x6EAC, 0x6EAC, 
    0x6EAC, 0x6EAC, 0x6EAC, 0x6EAC, 0x6EAC, 0x6EAC, 0x6EAC, 0x6EAC, 0x6EAC, 0x6EAC, 0x6EAC, 0x6EAC, 
    0x6EAC, 0x6EAC, 0x6EAC, 0x6EAC, 0x6EAC, 0x6EAC, 0x6EAC, 0x6EAC, 0x6EB4, 0x6EAC, 0x6EAC, 0x8EAC, 
    0x8EAC, 0xA772, 0x0F7C, 0x3CC7, 0x1DB7, 0x1DB7, 0xFDBE, 0x1CB7, 0x1DB7, 0x1EB7, 0x1DB7, 0x1CB7, 
    0x1DB7, 0xFDB6, 0xFDBE, 0xFDBE, 0xFDBE, 0xFDBE, 0xFDBE, 0x1DBF, 0x1DB7, 0x1DB7, 0xFDBE, 0xFDBE, 
    0xFDBE, 0xFDBE, 0xFDBE, 0xFDBE, 0xFDBE, 0xFDBE, 0xFDBE, 0xFDBE, 0xFDBE, 0xFDBE, 0xFDBE, 0xFDBE, 
    0xFDBE, 0xFDBE, 0xFDBE, 0xFDBE, 0xFDBE, 0xFDBE, 0xFDBE, 0xFDBE, 0xFDBE, 0xFDBE, 0xFDBE, 0xFDBE, 
    0xFDBE, 0xFDBE, 0xFDBE, 0xFDBE, 0xFDBE, 0xFDBE, 0xFDBE, 0xFDBE, 0xFDBE, 0xFDBE, 0xFDBE, 0xFDBE, 
    0xFDBE, 0x3AA6, 0x1A9E, 0x1DBF, 0xFDBE, 0xFDBE, 0xFDBE, 0xFDBE, 0xFDBE, 0xFDBE, 0xFDBE, 0xFDBE, 
    0xFDBE, 0xFDBE, 0xFDBE, 0xFDBE, 0xFDBE, 0xFDBE, 0xFDBE, 0xFDBE, 0xFDBE, 0xFDBE, 0xFDBE, 0xFDBE, 
    0xFDBE, 0xFDBE, 0xFDBE, 0xFDBE, 0xFDBE, 0xFDBE, 0x1DBF, 0x9BAE, 
    0xA631, 0x5AAE, 0x3EBF, 0xFDBE, 
    0xFDBE, 0x1DBF, 0x1DB7, 0xFEBE, 0xFDBE, 0x1DB7, 0xFDBE, 0xFDBE, 0xFDBE, 0xFDBE, 0xFDBE, 0xFDBE, 
    0xFDBE, 0xFDBE, 0xFDBE, 0xFDBE, 0xFDBE, 0xFDBE, 0xFDBE, 0xFDBE, 0xFDBE, 0xFDBE, 0xFDBE, 0xFDBE, 
    0xFDBE, 0xFDBE, 0xFDBE, 0xFDBE, 0xFDBE, 0xFDBE, 0xFDBE, 0xFDBE, 0xFDBE, 0xFDBE, 0xFDBE, 0xFDBE, 
    0xFDBE, 0xFDBE, 0xFDBE, 0xFDBE, 0xFDBE, 0xFDBE, 0xFDBE, 0xFDBE, 0xFDBE, 0xFDBE, 0xFDBE, 0xFDBE, 
    0xFDBE, 0xFDBE, 0xFDBE, 0xFDBE, 0xFDBE, 0xFDBE, 0xFDBE, 0xFDBE, 0xFDBE, 0xFDBE, 0xFDBE, 0xFDBE, 
    0xFDBE, 0xFDBE, 0xFDBE, 0xFDBE, 0xFDBE, 0xFDBE, 0xFDBE, 0xFDBE, 0xFDBE, 0xFDBE, 0xFDBE, 0xFDBE, 
    0xFDBE, 0xFDBE, 0xFDBE, 0xFDBE, 0xFDBE, 0xFDBE, 0xFDBE, 0xFDBE, 0xFDBE, 0xFDBE, 0xFDBE, 0xFDBE, 
    0xFDBE, 0xFDBE, 0xFDBE, 0xFDBE, 0x1DBF, 0xFDBE, 0xFDBE, 0xFCBE, 0xFCBE, 0xFCBE, 0xFDBE, 0xFDB6, 
    0x3DCF, 0x0E84, 0x0873, 0xD2D5, 0xF3D5, 0xD3D5, 0xD3D5, 0xD3D5, 0xD3D5, 0xD3D5, 0xD3D5, 0xD3D5, 
    0xF3D5, 0xF0BC, 0x6EAC, 0x8EAC, 0x6EAC, 0x6EAC, 0x6EAC, 0x6EAC, 0x6EAC, 0x6EAC, 0x6EAC, 0x6EAC, 
    0x6EAC, 0x6EAC, 0x6EAC, 0x6EAC, 0x6EAC, 0x6EAC, 0x6EAC, 0x6EAC, 0x6EAC, 0x6EAC, 0x8EB4, 0x2DA4, 
    0x6662, 0x549D, 0x3EC7, 0xFDBE, 0xFCBE, 0x1DBF, 0xFDBE, 0xFCBE, 0xFDBE, 0x1DB7, 0x1DB7, 0x1DB7, 
    0x1DB7, 0x1DB7, 0x1DB7, 0x1DB7, 0x1DB7, 0x1DB7, 0x1DB7, 0x1DB7, 0xFCC6, 0x1DBF, 0xFCBE, 0x8B7B, 
    0xE87A, 0x8FAC, 0x6EB4, 0x6EAC, 0x8EAC, 0x6EAC, 0x6EAC, 0x6EAC, 0x6EAC, 0x6EAC, 0x6EAC, 0x6EAC, 
    0x6EAC, 0x6EAC, 0x6EAC, 0x6EAC, 0x6EAC, 0x6EAC, 0x6EAC, 0x6EAC, 0x6EAC, 0x6EAC, 0x6EAC, 0x6EAC, 
    0x6EAC, 0x6EAC, 0x6EAC, 0x6EAC, 0x6EB4, 0x6EAC, 0x6EAC, 0x8EAC, 0x8EAC, 0xA772, 0x1084, 0x1DC7, 
    0x1EB7, 0xFEB6, 0xFDBE, 0xFDBE, 0xFEB6, 0xFEBE, 0xFEBE, 0x1DB7, 0xFDBE, 0xFDBE, 0xFDBE, 0xFDBE, 
    0xFDBE, 0xFDBE, 0xFDBE, 0x1DBF, 0x1DB7, 0x1DB7, 0xFDBE, 0xFDBE, 0xFDBE, 0xFDBE, 0xFDBE, 0xFDBE, 
    0xFDBE, 0xFDBE, 0xFDBE, 0xFDBE, 0xFDBE, 0xFDBE, 0xFDBE, 0xFDBE, 0xFDBE, 0xFDBE, 0xFDBE, 0xFDBE, 
    0xFDBE, 0xFDBE, 0xFDBE, 0xFDBE, 0xFDBE, 0xFDBE, 0xFDBE, 0xFDBE, 0xFDBE, 0xFDBE, 0xFDBE, 0xFDBE, 
    0xFDBE, 0xFDBE, 0xFDBE, 0xFDBE, 0xFDBE, 0xFDBE, 0xFDBE, 0xFDBE, 0x1DBF, 0x5785, 0xF57C, 0x1EBF, 
    0x1DBF, 0xFDBE, 0xFDBE, 0xFDBE, 0xFDBE, 0xFDBE, 0xFDBE, 0xFDBE, 0xFDBE, 0xFDBE, 0xFDBE, 0xFDBE, 
    0xFDBE, 0xFDBE, 0xFDBE, 0xFDBE, 0xFDBE, 0xFDBE, 0xFDBE, 0xFDBE, 0xFDBE, 0xFDBE, 0xFDBE, 0xFDBE, 
    0xFDBE, 0xFDBE, 0x1DBF, 0x9BAE, 
    0xA631, 0x5AAE, 0x3EBF, 0xFDBE, 0xFDBE, 0x1DBF, 0x1DB7, 0xFEBE, 
    0xFDBE, 0x1DB7, 0xFDBE, 0xFDBE, 0xFDBE, 0xFDBE, 0xFDBE, 0xFDBE, 0xFDBE, 0xFDBE, 0xFDBE, 0xFDBE, 
    0xFDBE, 0xFDBE, 0xFDBE, 0xFDBE, 0xFDBE, 0xFDBE, 0xFDBE, 0xFDBE, 0xFDBE, 0xFDBE, 0xFDBE, 0xFDBE, 
    0xFDBE, 0xFDBE, 0xFDBE, 0xFDBE, 0xFDBE, 0xFDBE, 0xFDBE, 0xFDBE, 0xFDBE, 0xFDBE, 0xFDBE, 0xFDBE, 
    0xFDBE, 0xFDBE, 0xFDBE, 0xFDBE, 0xFDBE, 0xFDBE, 0xFDBE, 0xFDBE, 0xFDBE, 0xFDBE, 0xFDBE, 0xFDBE, 
    0xFDBE, 0xFDBE, 0xFDBE, 0xFDBE, 0xFDBE, 0xFDBE, 0xFDBE, 0xFDBE, 0xFDBE, 0xFDBE, 0xFDBE, 0xFDBE, 
    0xFDBE, 0xFDBE, 0xFDBE, 0xFDBE, 0xFDBE, 0xFDBE, 0xFDBE, 0xFDBE, 0xFDBE, 0xFDBE, 0xFDBE, 0xFDBE, 
    0xFDBE, 0xFDBE, 0xFDBE, 0xFDBE, 0xFDBE, 0xFDBE, 0xFDBE, 0xFDBE, 0xFEB6, 0x1EB7, 0x1EB7, 0x1DB7, 
    0x1DB7, 0xFDBE, 0xFDBE, 0xFDBE, 0xFDBE, 0x1EB7, 0x1FAF, 0xFEAE, 0x3EC7, 0x0F7C, 0x0973, 0xD3D5, 
    0xD3D5, 0xD3D5, 0xD2D5, 0xD3D5, 0xD3D5, 0xD3D5, 0xD3D5, 0xD3D5, 0xF3D5, 0xF0BC, 0x6EAC, 0x8EAC, 
    0x6EAC, 0x6EAC, 0x6EAC, 0x6EAC, 0x6EAC, 0x6EAC, 0x6EAC, 0x6EAC, 0x6EAC, 0x6EAC, 0x6EAC, 0x6EAC, 
    0x6EAC, 0x6EAC, 0x6EAC, 0x6EAC, 0x6EAC, 0x6EAC, 0x8EB4, 0x2DA4, 0x6662, 0x549D, 0x1EC7, 0xFDBE, 
    0xFCBE, 0xFDBE, 0x1DBF, 0xFCBE, 0xFDBE, 0x1EB7, 0xFDBE, 0xFDBE, 0xFDBE, 0xFDBE, 0xFDBE, 0xFDBE, 
    0xFDBE, 0xFDBE, 0xFDBE, 0x1DB7, 0xFCC6, 0xFDBE, 0xFCBE, 0x6B7B, 0xE87A, 0x8FAC, 0x6EB4, 0x6EAC, 
    0x8EAC, 0x6EAC, 0x6EAC, 0x6EAC, 0x6EAC, 0x6EAC, 0x6EAC, 0x6EAC, 0x6EAC, 0x6EAC, 0x6EAC, 0x6EAC, 
    0x6EAC, 0x6EAC, 0x6EAC, 0x6EAC, 0x6EAC, 0x6EAC, 0x6EAC, 0x6EAC, 0x6EAC, 0x6EAC, 0x6EAC, 0x6EAC, 
    0x6EB4, 0x6EAC, 0x6EAC, 0x8EAC, 0x8EAC, 0xA772, 0x0F84, 0x1DC7, 0x1DB7, 0xFDBE, 0xFDBE, 0xFDBE, 
    0xFDB6, 0xFEBE, 0xFDBE, 0xFDBE, 0xFDBE, 0xFDBE, 0xFDBE, 0xFDBE, 0xFDBE, 0xFDBE, 0xFDBE, 0xFDBE, 
    0x1DBF, 0x1DBF, 0xFDBE, 0xFDBE, 0xFDBE, 0xFDBE, 0xFDBE, 0xFDBE, 0xFDBE, 0xFDBE, 0xFDBE, 0xFDBE, 
    0xFDBE, 0xFDBE, 0xFDBE, 0xFDBE, 0xFDBE, 0xFDBE, 0xFDBE, 0xFDBE, 0xFDBE, 0xFDBE, 0xFDBE, 0xFDBE, 
    0xFDBE, 0xFDBE, 0xFDBE, 0xFDBE, 0xFDBE, 0xFDBE, 0xFDBE, 0xFDBE, 0xFDBE, 0xFDBE, 0xFDBE, 0xFDBE, 
    0xFDBE, 0xFDBE, 0xFDBE, 0xFDBE, 0x1DBF, 0x9785, 0x367D, 0x1DBF, 0x1DBF, 0xFDBE, 0xFDBE, 0xFDBE, 
    0xFDBE, 0xFDBE, 0xFDBE, 0xFDBE, 0xFDBE, 0xFDBE, 0xFDBE, 0xFDBE, 0xFDBE, 0xFDBE, 0xFDBE, 0xFDBE, 
    0xFDBE, 0xFDBE, 0xFDBE, 0xFDBE, 0xFDBE, 0xFDBE, 0xFDBE, 0xFDBE, 0xFDBE, 0xFDBE, 0x1DBF, 0x9BAE, 
    
    0xA631, 0x5AAE, 0x3EBF, 0xFDBE, 0xFDBE, 0x1DBF, 0x1DB7, 0xFEBE, 0xFDBE, 0x1DB7, 0xFDBE, 0xFDBE, 
    0xFDBE, 0xFDBE, 0xFDBE, 0xFDBE, 0xFDBE, 0xFDBE, 0xFDBE, 0xFDBE, 0xFDBE, 0xFDBE, 0xFDBE, 0xFDBE, 
    0xFDBE, 0xFDBE, 0xFDBE, 0xFDBE, 0xFDBE, 0xFDBE, 0xFDBE, 0xFDBE, 0xFDBE, 0xFDBE, 0xFDBE, 0xFDBE, 
    0xFDBE, 0xFDBE, 0xFDBE, 0xFDBE, 0xFDBE, 0xFDBE, 0xFDBE, 0xFDBE, 0xFDBE, 0xFDBE, 0xFDBE, 0xFDBE, 
    0xFDBE, 0xFDBE, 0xFDBE, 0xFDBE, 0xFDBE, 0xFDBE, 0xFDBE, 0xFDBE, 0xFDBE, 0xFDBE, 0xFDBE, 0xFDBE, 
    0xFDBE, 0xFDBE, 0xFDBE, 0xFDBE, 0xFDBE, 0xFDBE, 0xFDBE, 0xFDBE, 0xFDBE, 0xFDBE, 0xFDBE, 0xFDBE, 
    0xFDBE, 0xFDBE, 0xFDBE, 0xFDBE, 0xFDBE, 0xFDBE, 0xFDBE, 0xFDBE, 0xFDBE, 0xFDBE, 0xFDBE, 0xFDBE, 
    0xFDBE, 0xFDBE, 0xFDBE, 0x1DB7, 0x1DB7, 0xFDB6, 0x1DBF, 0x1DBF, 0x1DBF, 0xFDBE, 0xFDBE, 0xFEBE, 
    0xFEBE, 0x1DB7, 0x1EB7, 0xFEB6, 0x3DCF, 0x0E84, 0x0873, 0xB3D5, 0xF3D5, 0xD3D5, 0xD3D5, 0xD3D5, 
    0xD3D5, 0xD3D5, 0xD3D5, 0xD3D5, 0xF3D5, 0xF0BC, 0x6EAC, 0x8EAC, 0x6EAC, 0x6EAC, 0x6EAC, 0x6EAC, 
    0x6EAC, 0x6EAC, 0x6EAC, 0x6EAC, 0x6EAC, 0x6EAC, 0x6EAC, 0x6EAC, 0x6EAC, 0x6EAC, 0x6EAC, 0x6EAC, 
    0x6EAC, 0x6EAC, 0x8EB4, 0x2DA4, 0x8662, 0x559D, 0x3EC7, 0xFDBE, 0xFDBE, 0xFDBE, 0xFDBE, 0xFCBE, 
    0xFDBE, 0xFEBE, 0xFDBE, 0xFDBE, 0xFDBE, 0xFDBE, 0xFDBE, 0xFDBE, 0xFDBE, 0xFDBE, 0xFDBE, 0x1EB7, 
    0xFCBE, 0xFDBE, 0xFDBE, 0x6B7B, 0xE87A, 0x8FAC, 0x6EB4, 0x6EAC, 0x8EAC, 0x6EAC, 0x6EAC, 0x6EAC, 
    0x6EAC, 0x6EAC, 0x6EAC, 0x6EAC, 0x6EAC, 0x6EAC, 0x6EAC, 0x6EAC, 0x6EAC, 0x6EAC, 0x6EAC, 0x6EAC, 
    0x6EAC, 0x6EAC, 0x6EAC, 0x6EAC, 0x6EAC, 0x6EAC, 0x6EAC, 0x6EAC, 0x6EB4, 0x6EAC, 0x6EAC, 0x8EAC, 
    0x8EAC, 0xA772, 0x2F7C, 0x3CC7, 0x1DB7, 0x1DB7, 0xFCBE, 0x1CBF, 0x1DB7, 0xFEB6, 0x1DBF, 0x1CB7, 
    0xFDBE, 0xFDBE, 0xFDBE, 0x1DBF, 0x1DBF, 0x1DBF, 0xFDBE, 0xFDBE, 0xFDBE, 0xFDBE, 0xFDBE, 0xFDBE, 
    0xFDBE, 0xFDBE, 0xFDBE, 0xFDBE, 0xFDBE, 0xFDBE, 0xFDBE, 0xFDBE, 0xFDBE, 0xFDBE, 0xFDBE, 0xFDBE, 
    0xFDBE, 0xFDBE, 0xFDBE, 0xFDBE, 0xFDBE, 0xFDBE, 0xFDBE, 0xFDBE, 0xFDBE, 0xFDBE, 0xFDBE, 0xFDBE, 
    0xFDBE, 0xFDBE, 0xFDBE, 0xFDBE, 0xFDBE, 0xFDBE, 0xFDBE, 0xFDBE, 0xFDBE, 0xFDBE, 0xFDBE, 0xFDBE, 
    0x1DBF, 0x7785, 0x367D, 0x1EBF, 0x1DBF, 0xFDBE, 0xFDBE, 0xFDBE, 0xFDBE, 0xFDBE, 0xFDBE, 0xFDBE, 
    0xFDBE, 0xFDBE, 0xFDBE, 0xFDBE, 0xFDBE, 0xFDBE, 0xFDBE, 0xFDBE, 0xFDBE, 0xFDBE, 0xFDBE, 0xFDBE, 
    0xFDBE, 0xFDBE, 0xFDBE, 0xFDBE, 0xFDBE, 0xFDBE, 0x1DBF, 0x9BAE, 
    0xA631, 0x5AAE, 0x3EBF, 0xFDBE, 
    0xFDBE, 0x1DBF, 0x1DB7, 0xFEBE, 0xFDBE, 0x1DB7, 0xFDBE, 0xFDBE, 0xFDBE, 0xFDBE, 0xFDBE, 0xFDBE, 
    0xFDBE, 0xFDBE, 0xFDBE, 0xFDBE, 0xFDBE, 0xFDBE, 0xFDBE, 0xFDBE, 0xFDBE, 0xFDBE, 0xFDBE, 0xFDBE, 
    0xFDBE, 0xFDBE, 0xFDBE, 0xFDBE, 0xFDBE, 0xFDBE, 0xFDBE, 0xFDBE, 0xFDBE, 0xFDBE, 0xFDBE, 0xFDBE, 
    0xFDBE, 0xFDBE, 0xFDBE, 0xFDBE, 0xFDBE, 0xFDBE, 0xFDBE, 0xFDBE, 0xFDBE, 0xFDBE, 0xFDBE, 0xFDBE, 
    0xFDBE, 0xFDBE, 0xFDBE, 0xFDBE, 0xFDBE, 0xFDBE, 0xFDBE, 0xFDBE, 0xFDBE, 0xFDBE, 0xFDBE, 0xFDBE, 
    0xFDBE, 0xFDBE, 0xFDBE, 0xFDBE, 0xFDBE, 0xFDBE, 0xFDBE, 0xFDBE, 0xFDBE, 0xFDBE, 0xFDBE, 0xFDBE, 
    0xFDBE, 0xFDBE, 0xFDBE, 0xFDBE, 0xFDBE, 0xFDBE, 0xFDBE, 0xFDBE, 0xFDBE, 0xFDBE, 0xFDBE, 0xFDBE, 
    0xFDBE, 0xFDBE, 0xFDBE, 0xFCBE, 0xFDBE, 0xFDBE, 0xFDBE, 0xFEBE, 0xFEBE, 0xFCC6, 0xFCBE, 0xFDB6, 
    0x3CD7, 0x0E84, 0x0873, 0xB3D5, 0xF3D5, 0xD3CD, 0xD3D5, 0xD3D5, 0xD3D5, 0xD3D5, 0xD3D5, 0xD3D5, 
    0xF3D5, 0xF0BC, 0x6EAC, 0x8EAC, 0x6EAC, 0x6EAC, 0x6EAC, 0x6EAC, 0x6EAC, 0x6EAC, 0x6EAC, 0x6EAC, 
    0x6EAC, 0x6EAC, 0x6EAC, 0x6EAC, 0x6EAC, 0x6EAC, 0x6EAC, 0x6EAC, 0x6EAC, 0x6EAC, 0x8EB4, 0x2DA4, 
    0x8762, 0x559D, 0x3EBF, 0xFDB6, 0xFDBE, 0x1DB7, 0xFDB6, 0xFCBE, 0xFDBE, 0x1DB7, 0x1DBF, 0x1DBF, 
    0x1DBF, 0x1DBF, 0x1DBF, 0x1DBF, 0x1DBF, 0x1DBF, 0x1DBF, 0x1EB7, 0xFDBE, 0xFEB6, 0xFEBE, 0x6C7B, 
    0xE87A, 0x8FAC, 0x6EB4, 0x6EAC, 0x8EAC, 0x6EAC, 0x6EAC, 0x6EAC, 0x6EAC, 0x6EAC, 0x6EAC, 0x6EAC, 
    0x6EAC, 0x6EAC, 0x6EAC, 0x6EAC, 0x6EAC, 0x6EAC, 0x6EAC, 0x6EAC, 0x6EAC, 0x6EAC, 0x6EAC, 0x6EAC, 
    0x6EAC, 0x6EAC, 0x6EAC, 0x6EAC, 0x6EB4, 0x6EAC, 0x6EAC, 0x8EAC, 0x8EAC, 0xA772, 0x0F84, 0x1DC7, 
    0x1DB7, 0xFEBE, 0xFDBE, 0xFDBE, 0xFDBE, 0xFEBE, 0xFDBE, 0x1DBF, 0x1DB7, 0x1DB7, 0x1DB7, 0x1DB7, 
    0x1DB7, 0x1DB7, 0xFDBE, 0xFDBE, 0xFDBE, 0xFDBE, 0xFDBE, 0xFDBE, 0xFDBE, 0xFDBE, 0xFDBE, 0xFDBE, 
    0xFDBE, 0xFDBE, 0xFDBE, 0xFDBE, 0xFDBE, 0xFDBE, 0xFDBE, 0xFDBE, 0xFDBE, 0xFDBE, 0xFDBE, 0xFDBE, 
    0xFDBE, 0xFDBE, 0xFDBE, 0xFDBE, 0xFDBE, 0xFDBE, 0xFDBE, 0xFDBE, 0xFDBE, 0xFDBE, 0xFDBE, 0xFDBE, 
    0xFDBE, 0xFDBE, 0xFDBE, 0xFDBE, 0xFDBE, 0xFDBE, 0xFDBE, 0xFDBE, 0x1DBF, 0x7785, 0x367D, 0x1DBF, 
    0x1DBF, 0xFDBE, 0xFDBE, 0xFDBE, 0xFDBE, 0xFDBE, 0xFDBE, 0xFDBE, 0xFDBE, 0xFDBE, 0xFDBE, 0xFDBE, 
    0xFDBE, 0xFDBE, 0xFDBE, 0xFDBE, 0xFDBE, 0xFDBE, 0xFDBE, 0xFDBE, 0xFDBE, 0xFDBE, 0xFDBE, 0xFDBE, 
    0xFDBE, 0xFDBE, 0x1DBF, 0x9BAE, 
    0xA631, 0x5AAE, 0x3EBF, 0xFDBE, 0xFDBE, 0x1DBF, 0x1DB7, 0xFEBE, 
    0xFDBE, 0x1DB7, 0xFDBE, 0xFDBE, 0xFDBE, 0xFDBE, 0xFDBE, 0xFDBE, 0xFDBE, 0xFDBE, 0xFDBE, 0xFDBE, 
    0xFDBE, 0xFDBE, 0xFDBE, 0xFDBE, 0xFDBE, 0xFDBE, 0xFDBE, 0xFDBE, 0xFDBE, 0x1DBF, 0xFDBE, 0xFDBE, 
    0xFDBE, 0xFDBE, 0xFDBE, 0xFDBE, 0xFDBE, 0xFDBE, 0xFDBE, 0xFDBE, 0xFDBE, 0xFDBE, 0xFDBE, 0xFDBE, 
    0xFDBE, 0xFDBE, 0xFDBE, 0xFDBE, 0xFDBE, 0xFDBE, 0xFDBE, 0xFDBE, 0xFDBE, 0xFDBE, 0xFDBE, 0xFDBE, 
    0xFDBE, 0xFDBE, 0xFDBE, 0xFDBE, 0xFDBE, 0xFDBE, 0xFDBE, 0xFDBE, 0xFDBE, 0xFDBE, 0xFDBE, 0xFDBE, 
    0xFDBE, 0xFDBE, 0xFDBE, 0xFDBE, 0xFDBE, 0xFDBE, 0xFDBE, 0xFDBE, 0xFDBE, 0xFDBE, 0xFDBE, 0xFDBE, 
    0xFDBE, 0xFDBE, 0xFDBE, 0xFDBE, 0xFDBE, 0xFDBE, 0xFDBE, 0xFDBE, 0xFDBE, 0xFDBE, 0xFDBE, 0xFDBE, 
    0xFDBE, 0xFDBE, 0xFDBE, 0xFDBE, 0xFDBE, 0xFCBE, 0xFDB6, 0x1DB7, 0x5DCF, 0x0F84, 0xE872, 0xB2D5, 
    0xF2D5, 0xF3D5, 0xF4D5, 0xD3D5, 0xD3D5, 0xD3D5, 0xD3D5, 0xD3D5, 0xD3DD, 0xF0BC, 0x4EAC, 0x6EB4, 
    0x6EB4, 0x6EB4, 0x6EB4, 0x6EB4, 0x6EB4, 0x6EB4, 0x6EB4, 0x6EB4, 0x6EB4, 0x6EB4, 0x6EAC, 0x6EAC, 
    0x6EAC, 0x6EAC, 0x6EAC, 0x6EAC, 0x6EAC, 0x6EAC, 0x8EB4, 0x2DA4, 0x8662, 0x559D, 0x3EBF, 0xFDB6, 
    0xFDBE, 0xFDBE, 0xFDBE, 0xFCBE, 0x1DB7, 0x1EB7, 0xFDBE, 0xFDBE, 0xFDBE, 0xFDBE, 0xFDBE, 0xFDBE, 
    0xFDBE, 0xFDBE, 0xFDBE, 0xFCC6, 0xFDBE, 0x1FB7, 0xDDBE, 0x6C7B, 0xE882, 0x8EB4, 0x6FAC, 0x6FAC, 
    0x6EB4, 0x6EAC, 0x6EAC, 0x6EAC, 0x6EAC, 0x6EAC, 0x6EAC, 0x6EAC, 0x6EAC, 0x6EAC, 0x6EAC, 0x6EAC, 
    0x6EAC, 0x6EAC, 0x6EAC, 0x6EAC, 0x6EAC, 0x6EAC, 0x6EAC, 0x6EAC, 0x6EAC, 0x6EAC, 0x6EAC, 0x6EAC, 
    0x6EAC, 0x6EAC, 0x6EAC, 0x8EAC, 0x8EAC, 0xA772, 0x307C, 0x1CC7, 0xFCBE, 0xFDBE, 0x1DB7, 0x1DB7, 
    0x1DBF, 0xFDBE, 0xFDBE, 0xFDBE, 0xFDBE, 0xFDBE, 0xFDBE, 0xFDBE, 0xFDBE, 0xFDBE, 0xFDBE, 0xFDBE, 
    0xFDBE, 0xFDBE, 0xFDBE, 0xFDBE, 0xFDBE, 0xFDBE, 0xFDBE, 0xFDBE, 0xFDBE, 0xFDBE, 0xFDBE, 0xFDBE, 
    0xFDBE, 0xFDBE, 0xFDBE, 0xFDBE, 0xFDBE, 0xFDBE, 0xFDBE, 0xFDBE, 0xFDBE, 0xFDBE, 0xFDBE, 0xFDBE, 
    0xFDBE, 0xFDBE, 0xFDBE, 0xFDBE, 0xFDBE, 0xFDBE, 0xFDBE, 0xFDBE, 0xFDBE, 0xFDBE, 0xFDBE, 0xFDBE, 
    0xFDBE, 0xFDBE, 0xFDBE, 0xFDBE, 0x1DBF, 0x7785, 0x367D, 0x1EBF, 0xFDBE, 0xFDBE, 0xFDBE, 0xFDBE, 
    0xFDBE, 0x1DBF, 0xFDBE, 0xFDBE, 0xFDBE, 0xFDBE, 0xFDBE, 0xFDBE, 0xFDBE, 0xFDBE, 0xFDBE, 0xFDBE, 
    0xFDBE, 0xFDBE, 0xFDBE, 0xFDBE, 0xFDBE, 0xFDBE, 0xFDBE, 0xFDBE, 0xFDBE, 0xFDBE, 0x1DBF, 0x9BAE, 
    
    0xA631, 0x5AAE, 0x3EBF, 0xFDBE, 0xFDBE, 0x1DBF, 0x1DB7, 0xFEBE, 0xFDBE, 0x1DB7, 0xFDBE, 0xFDBE, 
    0xFDBE, 0xFDBE, 0xFDBE, 0xFDBE, 0xFDBE, 0xFDBE, 0xFDBE, 0xFDBE, 0xFDBE, 0xFDBE, 0xFDBE, 0xFDBE, 
    0xFDBE, 0xFDBE, 0xFDBE, 0xFDBE, 0xFDBE, 0x1DBF, 0xFDBE, 0xFDBE, 0xFDBE, 0xFDBE, 0xFDBE, 0xFDBE, 
    0xFDBE, 0xFDBE, 0xFDBE, 0xFDBE, 0xFDBE, 0xFDBE, 0xFDBE, 0xFDBE, 0xFDBE, 0xFDBE, 0xFDBE, 0xFDBE, 
    0xFDBE, 0xFDBE, 0xFDBE, 0xFDBE, 0xFDBE, 0xFDBE, 0xFDBE, 0xFDBE, 0xFDBE, 0xFDBE, 0xFDBE, 0xFDBE, 
    0xFDBE, 0xFDBE, 0xFDBE, 0xFDBE, 0xFDBE, 0xFDBE, 0xFDBE, 0xFDBE, 0xFDBE, 0xFDBE, 0xFDBE, 0xFDBE, 
    0xFDBE, 0xFDBE, 0xFDBE, 0xFDBE, 0xFDBE, 0xFDBE, 0xFDBE, 0xFDBE, 0xFDBE, 0xFDBE, 0xFDBE, 0xFDBE, 
    0xFDBE, 0xFDBE, 0xFDBE, 0xFDBE, 0xFDBE, 0xFDBE, 0xFDBE, 0xFDBE, 0xFDBE, 0xFDBE, 0xFDBE, 0xFDBE, 
    0xFDBE, 0xFDBE, 0xFDB6, 0x1DB7, 0x3DCF, 0x2F84, 0xE972, 0xB2D5, 0xF2D5, 0xF3CD, 0xD3CD, 0xD3CD, 
    0xD3CD, 0xF3D5, 0xF3D5, 0xD3D5, 0xF3D5, 0x10BD, 0x6EAC, 0x8EAC, 0x8EAC, 0x6EAC, 0x8EAC, 0x8EAC, 
    0x8EAC, 0x6EAC, 0x6EAC, 0x8EAC, 0x8EAC, 0x8EAC, 0x6EB4, 0x6EB4, 0x6EB4, 0x6EB4, 0x6EB4, 0x6EB4, 
    0x6EB4, 0x6EB4, 0x8EB4, 0x2CA4, 0x6662, 0x559D, 0x3EBF, 0xFDB6, 0xFDBE, 0xFDBE, 0xFDBE, 0xFCBE, 
    0x1DB7, 0x1EB7, 0xFDBE, 0xFDBE, 0xFDBE, 0xFDBE, 0xFDBE, 0xFDBE, 0xFDBE, 0xFDBE, 0xFDBE, 0xFCBE, 
    0xFDBE, 0x1FAF, 0xFDBE, 0x8C73, 0xE77A, 0x8DB4, 0x8FAC, 0x8FAC, 0x6EB4, 0x6EAC, 0x6EB4, 0x6EB4, 
    0x6EB4, 0x6EB4, 0x6EB4, 0x6EB4, 0x6EB4, 0x6EB4, 0x6EB4, 0x6EB4, 0x6EB4, 0x6EB4, 0x6EB4, 0x6EB4, 
    0x6EB4, 0x6EB4, 0x6EB4, 0x6EB4, 0x6EB4, 0x6EB4, 0x6EB4, 0x6EB4, 0x6EAC, 0x6EAC, 0x6EAC, 0x8EAC, 
    0x6EAC, 0xA672, 0x307C, 0x1CC7, 0xFCBE, 0x1DB7, 0x1DB7, 0x1DB7, 0x1DBF, 0xFDBE, 0xFDBE, 0xFDBE, 
    0xFDBE, 0xFDBE, 0xFDBE, 0xFDBE, 0xFDBE, 0xFDBE, 0xFDBE, 0xFDBE, 0xFDBE, 0xFDBE, 0xFDBE, 0xFDBE, 
    0xFDBE, 0xFDBE, 0xFDBE, 0xFDBE, 0xFDBE, 0xFDBE, 0xFDBE, 0xFDBE, 0xFDBE, 0xFDBE, 0xFDBE, 0xFDBE, 
    0xFDBE, 0xFDBE, 0xFDBE, 0xFDBE, 0xFDBE, 0xFDBE, 0xFDBE, 0xFDBE, 0xFDBE, 0xFDBE, 0xFDBE, 0xFDBE, 
    0xFDBE, 0xFDBE, 0xFDBE, 0xFDBE, 0xFDBE, 0xFDBE, 0xFDBE, 0xFDBE, 0xFDBE, 0xFDBE, 0xFDBE, 0xFDBE, 
    0x1DBF, 0x7785, 0x367D, 0x1EBF, 0xFDBE, 0xFDBE, 0xFDBE, 0xFDBE, 0xFDBE, 0x1DBF, 0xFDBE, 0xFDBE, 
    0xFDBE, 0xFDBE, 0xFDBE, 0xFDBE, 0xFDBE, 0xFDBE, 0xFDBE, 0xFDBE, 0xFDBE, 0xFDBE, 0xFDBE, 0xFDBE, 
    0xFDBE, 0xFDBE, 0xFDBE, 0xFDBE, 0xFDBE, 0xFDBE, 0x1DBF, 0x9BAE, 
    0xA631, 0x5AAE, 0x3EBF, 0xFDBE, 
    0xFDBE, 0x1DBF, 0x1DB7, 0xFEBE, 0xFDBE, 0x1DB7, 0xFDBE, 0xFDBE, 0xFDBE, 0xFDBE, 0xFDBE, 0xFDBE, 
    0xFDBE, 0xFDBE, 0xFDBE, 0xFDBE, 0xFDBE, 0xFDBE, 0xFDBE, 0xFDBE, 0xFDBE, 0xFDBE, 0xFDBE, 0xFDBE, 
    0xFDBE, 0xFDBE, 0xFDBE, 0xFDBE, 0xFDBE, 0xFDBE, 0xFDBE, 0xFDBE, 0xFDBE, 0xFDBE, 0xFDBE, 0xFDBE, 
    0xFDBE, 0xFDBE, 0xFDBE, 0xFDBE, 0xFDBE, 0xFDBE, 0xFDBE, 0xFDBE, 0xFDBE, 0xFDBE, 0xFDBE, 0xFDBE, 
    0xFDBE, 0xFDBE, 0xFDBE, 0xFDBE, 0xFDBE, 0xFDBE, 0xFDBE, 0xFDBE, 0xFDBE, 0xFDBE, 0xFDBE, 0xFDBE, 
    0xFDBE, 0xFDBE, 0xFDBE, 0xFDBE, 0xFDBE, 0xFDBE, 0xFDBE, 0xFDBE, 0xFDBE, 0xFDBE, 0xFDBE, 0xFDBE, 
    0xFDBE, 0xFDBE, 0xFDBE, 0xFDBE, 0xFDBE, 0xFDBE, 0xFDBE, 0xFDBE, 0xFDBE, 0xFDBE, 0xFDBE, 0xFDBE, 
    0xFDBE, 0xFDBE, 0xFDBE, 0xFDBE, 0xFDBE, 0xFDBE, 0xFDBE, 0xFDBE, 0xFDBE, 0xFDBE, 0xFEBE, 0xFDB6, 
    0x3DCF, 0x3084, 0xE972, 0xB2D5, 0xF2D5, 0xD3CD, 0xD3CD, 0xD2CD, 0xD2CD, 0xF2CD, 0xF2CD, 0xD2D5, 
    0xF2D5, 0x0FBD, 0x6DAC, 0x8DAC, 0x6EAC, 0x6EAC, 0x6EAC, 0x6EAC, 0x6EAC, 0x6EAC, 0x6EAC, 0x6EAC, 
    0x6EAC, 0x6EAC, 0x6EAC, 0x6EAC, 0x6EAC, 0x6EAC, 0x6EAC, 0x6EAC, 0x6EAC, 0x6EAC, 0x8EAC, 0x2DA4, 
    0x6662, 0x549D, 0x3EC7, 0xFDBE, 0xFDBE, 0x1DB7, 0x1DBF, 0xFCBE, 0xFDBE, 0x1DB7, 0xFDBE, 0xFDBE, 
    0xFDBE, 0xFDBE, 0xFDBE, 0xFDBE, 0xFDBE, 0xFDBE, 0xFDBE, 0x1CBF, 0x1DB7, 0x3FAF, 0x1DBF, 0x8C73, 
    0x077B, 0x8DB4, 0x6EA4, 0x8EA4, 0x8DAC, 0x6EAC, 0x6EAC, 0x6EAC, 0x6EAC, 0x6EAC, 0x6EAC, 0x6EAC, 
    0x6EAC, 0x6EAC, 0x6EAC, 0x6EAC, 0x6EAC, 0x6EAC, 0x6EAC, 0x6EAC, 0x6EAC, 0x6EAC, 0x6EAC, 0x6EAC, 
    0x6EAC, 0x6EAC, 0x6EAC, 0x6EAC, 0x6EAC, 0x6EAC, 0x6EAC, 0x6EAC, 0x6EAC, 0xA772, 0x307C, 0x1CC7, 
    0xFCBE, 0xFDBE, 0xFDB6, 0x1DBF, 0xFDBE, 0xFDBE, 0xFDBE, 0xFDBE, 0xFDBE, 0xFDBE, 0xFDBE, 0xFDBE, 
    0xFDBE, 0xFDBE, 0xFDBE, 0xFDBE, 0xFDBE, 0xFDBE, 0xFDBE, 0xFDBE, 0xFDBE, 0xFDBE, 0xFDBE, 0xFDBE, 
    0xFDBE, 0xFDBE, 0xFDBE, 0xFDBE, 0xFDBE, 0xFDBE, 0xFDBE, 0xFDBE, 0xFDBE, 0xFDBE, 0xFDBE, 0xFDBE, 
    0xFDBE, 0xFDBE, 0xFDBE, 0xFDBE, 0xFDBE, 0xFDBE, 0xFDBE, 0xFDBE, 0xFDBE, 0xFDBE, 0xFDBE, 0xFDBE, 
    0xFDBE, 0xFDBE, 0xFDBE, 0xFDBE, 0xFDBE, 0xFDBE, 0xFDBE, 0xFDBE, 0x1DBF, 0x7785, 0x367D, 0x1EBF, 
    0xFDBE, 0xFDBE, 0xFDBE, 0xFDBE, 0xFDBE, 0x1DBF, 0xFDBE, 0xFDBE, 0xFDBE, 0xFDBE, 0xFDBE, 0xFDBE, 
    0xFDBE, 0xFDBE, 0xFDBE, 0xFDBE, 0xFDBE, 0xFDBE, 0xFDBE, 0xFDBE, 0xFDBE, 0xFDBE, 0xFDBE, 0xFDBE, 
    0xFDBE, 0xFDBE, 0x1DBF, 0x9BAE, 
    0xA631, 0x5AAE, 0x3EBF, 0xFDBE, 0xFDBE, 0x1DBF, 0x1DB7, 0xFEBE, 
    0xFDBE, 0x1DB7, 0xFDBE, 0xFDBE, 0xFDBE, 0xFDBE, 0xFDBE, 0xFDBE, 0xFDBE, 0xFDBE, 0xFDBE, 0xFDBE, 
    0xFDBE, 0xFDBE, 0xFDBE, 0xFDBE, 0xFDBE, 0xFDBE, 0xFDBE, 0xFDBE, 0xFDBE, 0xFDBE, 0xFDBE, 0xFDBE, 
    0xFDBE, 0xFDBE, 0xFDBE, 0xFDBE, 0xFDBE, 0xFDBE, 0xFDBE, 0xFDBE, 0xFDBE, 0xFDBE, 0xFDBE, 0xFDBE, 
    0xFDBE, 0xFDBE, 0xFDBE, 0xFDBE, 0xFDBE, 0xFDBE, 0xFDBE, 0xFDBE, 0xFDBE, 0xFDBE, 0xFDBE, 0xFDBE, 
    0xFDBE, 0xFDBE, 0xFDBE, 0xFDBE, 0xFDBE, 0xFDBE, 0xFDBE, 0xFDBE, 0xFDBE, 0xFDBE, 0xFDBE, 0xFDBE, 
    0xFDBE, 0xFDBE, 0xFDBE, 0xFDBE, 0xFDBE, 0xFDBE, 0xFDBE, 0xFDBE, 0xFDBE, 0xFDBE, 0xFDBE, 0xFDBE, 
    0xFDBE, 0xFDBE, 0xFDBE, 0xFDBE, 0xFDBE, 0xFDBE, 0xFDBE, 0xFDBE, 0xFDBE, 0xFDBE, 0xFDBE, 0xFDBE, 
    0xFDBE, 0xFDBE, 0xFDBE, 0xFDBE, 0xFDBE, 0xDDBE, 0xFEBE, 0xFDB6, 0x3DCF, 0x3084, 0xE972, 0xD3D5, 
    0x13DE, 0x13D6, 0x14D6, 0x13D6, 0x13D6, 0x13D6, 0x13D6, 0x13D6, 0x13DE, 0x30BD, 0x8DAC, 0x8EB4, 
    0x8FB4, 0x8FB4, 0x8FB4, 0x8FB4, 0x8FB4, 0x8FB4, 0x8FB4, 0x8FB4, 0x8FB4, 0x8FB4, 0x8FAC, 0xAFAC, 
    0xAFAC, 0x8FAC, 0x8FAC, 0xAFAC, 0xAFAC, 0x8FAC, 0xAFAC, 0x4EA4, 0x666A, 0x54A5, 0x3EC7, 0xFDBE, 
    0xFDBE, 0x1EB7, 0x1DB7, 0xFCBE, 0xFDBE, 0x1DB7, 0xFDBE, 0xFDBE, 0xFDBE, 0xFDBE, 0xFDBE, 0xFDBE, 
    0xFDBE, 0xFDBE, 0xFDBE, 0x1DBF, 0x1DB7, 0x1EB7, 0xFCC6, 0x8B73, 0xE782, 0xADBC, 0x8EB4, 0xAFB4, 
    0x8EB4, 0x8FAC, 0x8FAC, 0x8FAC, 0x8FAC, 0x8FAC, 0x8FAC, 0x8FAC, 0x8FAC, 0x8FAC, 0x8FAC, 0x8FAC, 
    0x8FAC, 0x8FAC, 0x8FAC, 0x8FAC, 0x8FAC, 0x8FAC, 0x8FAC, 0x8FAC, 0x8FAC, 0x8FAC, 0x8FAC, 0x8FAC, 
    0x8FAC, 0x8FAC, 0x8FAC, 0xAFAC, 0x8FAC, 0xC772, 0x307C, 0x1CC7, 0xFCBE, 0xFDBE, 0xFDBE, 0xFDBE, 
    0xFDBE, 0xFDBE, 0xFDBE, 0xFDBE, 0xFDBE, 0xFDBE, 0xFDBE, 0xFDBE, 0xFDBE, 0xFDBE, 0xFDBE, 0xFDBE, 
    0xFDBE, 0xFDBE, 0xFDBE, 0xFDBE, 0xFDBE, 0xFDBE, 0xFDBE, 0xFDBE, 0xFDBE, 0xFDBE, 0xFDBE, 0xFDBE, 
    0xFDBE, 0xFDBE, 0xFDBE, 0xFDBE, 0xFDBE, 0xFDBE, 0xFDBE, 0xFDBE, 0xFDBE, 0xFDBE, 0xFDBE, 0xFDBE, 
    0xFDBE, 0xFDBE, 0xFDBE, 0xFDBE, 0xFDBE, 0xFDBE, 0xFDBE, 0xFDBE, 0xFDBE, 0xFDBE, 0xFDBE, 0xFDBE, 
    0xFDBE, 0xFDBE, 0xFDBE, 0xFDBE, 0x1DBF, 0x7785, 0x367D, 0x1EBF, 0xFDBE, 0xFDBE, 0xFDBE, 0xFDBE, 
    0xFDBE, 0x1DBF, 0xFDBE, 0xFDBE, 0xFDBE, 0xFDBE, 0xFDBE, 0xFDBE, 0xFDBE, 0xFDBE, 0xFDBE, 0xFDBE, 
    0xFDBE, 0xFDBE, 0xFDBE, 0xFDBE, 0xFDBE, 0xFDBE, 0xFDBE, 0xFDBE, 0xFDBE, 0xFDBE, 0x1DBF, 0x9BAE, 
    
    0xA631, 0x5AAE, 0x3EBF, 0xFDBE, 0xFDBE, 0x1DBF, 0x1DB7, 0xFEBE, 0xFDBE, 0x1DB7, 0xFDBE, 0xFDBE, 
    0xFDBE, 0xFDBE, 0xFDBE, 0xFDBE, 0xFDBE, 0xFDBE, 0xFDBE, 0xFDBE, 0xFDBE, 0xFDBE, 0xFDBE, 0xFDBE, 
    0xFDBE, 0xFDBE, 0xFDBE, 0xFDBE, 0xFDBE, 0xFDBE, 0xFDBE, 0xFDBE, 0xFDBE, 0xFDBE, 0xFDBE, 0xFDBE, 
    0xFDBE, 0xFDBE, 0xFDBE, 0xFDBE, 0xFDBE, 0xFDBE, 0xFDBE, 0xFDBE, 0xFDBE, 0xFDBE, 0xFDBE, 0xFDBE, 
    0xFDBE, 0xFDBE, 0xFDBE, 0xFDBE, 0xFDBE, 0xFDBE, 0xFDBE, 0xFDBE, 0xFDBE, 0xFDBE, 0xFDBE, 0xFDBE, 
    0xFDBE, 0xFDBE, 0xFDBE, 0xFDBE, 0xFDBE, 0xFDBE, 0xFDBE, 0xFDBE, 0xFDBE, 0xFDBE, 0xFDBE, 0xFDBE, 
    0xFDBE, 0xFDBE, 0xFDBE, 0xFDBE, 0xFDBE, 0xFDBE, 0xFDBE, 0xFDBE, 0xFDBE, 0xFDBE, 0xFDBE, 0xFDBE, 
    0xFDBE, 0xFDBE, 0xFDBE, 0xFDBE, 0xFDBE, 0xFDBE, 0xFDBE, 0xFDBE, 0xFDBE, 0xFDBE, 0xFDBE, 0xFDBE, 
    0xFDBE, 0xFDBE, 0x1DBF, 0xFDB6, 0x3DCF, 0x3084, 0xC96A, 0xAFB4, 0xCEB4, 0xCFB4, 0xCFB4, 0xD0AC, 
    0xD0AC, 0xAFAC, 0xAFAC, 0xAFAC, 0xAFAC, 0x2D9C, 0xCC93, 0xCC93, 0xCB93, 0xCB93, 0xCB93, 0xCB93, 
    0xCB93, 0xCB93, 0xAB93, 0xAB93, 0xAB93, 0xAB93, 0xAB93, 0xAB93, 0xAA93, 0xAA93, 0x8A93, 0xAA93, 
    0x8A93, 0x8A8B, 0x8A93, 0x6A8B, 0x8662, 0x549D, 0x1EC7, 0xFDBE, 0xFDBE, 0x1EB7, 0x1DB7, 0xFDBE, 
    0xFDBE, 0xFDBE, 0xFDBE, 0xFDBE, 0xFDBE, 0xFDBE, 0xFDBE, 0xFDBE, 0xFDBE, 0xFDBE, 0xFDBE, 0xFDBE, 
    0xFDBE, 0xFEBE, 0xDCC6, 0x8C7B, 0xA77A, 0x8A93, 0x6A93, 0x8A93, 0x6A93, 0x8A93, 0x8A8B, 0x8A8B, 
    0x8A8B, 0x8A8B, 0x8A8B, 0x8A8B, 0x8A8B, 0x8A8B, 0x8A8B, 0x8A8B, 0x8A93, 0x8A8B, 0x8A8B, 0x8A8B, 
    0x8A8B, 0x8A8B, 0x8A8B, 0x8A8B, 0x8A8B, 0x8A8B, 0x8A8B, 0x8A8B, 0x8A8B, 0x8A8B, 0x8A93, 0x8A8B, 
    0x8A93, 0x8672, 0x507C, 0xFCC6, 0xFCBE, 0xFDBE, 0xFDBE, 0xFDBE, 0xFDBE, 0xFDBE, 0xFDBE, 0xFEBE, 
    0xFDBE, 0xFDBE, 0xFDBE, 0xFDBE, 0xFDBE, 0xFDBE, 0xFDBE, 0xFDBE, 0xFDBE, 0xFDBE, 0xFDBE, 0xFDBE, 
    0xFDBE, 0xFDBE, 0xFDBE, 0xFDBE, 0xFDBE, 0xFDBE, 0xFDBE, 0xFDBE, 0xFDBE, 0xFDBE, 0xFDBE, 0xFDBE, 
    0xFDBE, 0xFDBE, 0xFDBE, 0xFDBE, 0xFDBE, 0xFDBE, 0xFDBE, 0xFDBE, 0xFDBE, 0xFDBE, 0xFDBE, 0xFDBE, 
    0xFDBE, 0xFDBE, 0xFDBE, 0xFDBE, 0xFDBE, 0xFDBE, 0xFDBE, 0xFDBE, 0xFDBE, 0xFDBE, 0xFDBE, 0xFDBE, 
    0x1DBF, 0x7785, 0x367D, 0x1EBF, 0xFDBE, 0xFDBE, 0xFDBE, 0xFDBE, 0xFDBE, 0x1DBF, 0xFDBE, 0xFDBE, 
    0xFDBE, 0xFDBE, 0xFDBE, 0xFDBE, 0xFDBE, 0xFDBE, 0xFDBE, 0xFDBE, 0xFDBE, 0xFDBE, 0xFDBE, 0xFDBE, 
    0xFDBE, 0xFDBE, 0xFDBE, 0xFDBE, 0xFDBE, 0xFDBE, 0x1DBF, 0x9BAE, 
    0xA631, 0x5AAE, 0x3EBF, 0xFDBE, 
    0xFDBE, 0x1DBF, 0x1DB7, 0xFEBE, 0xFDBE, 0x1DB7, 0xFDBE, 0xFDBE, 0xFDBE, 0xFDBE, 0xFDBE, 0xFDBE, 
    0xFDBE, 0xFDBE, 0xFDBE, 0xFDBE, 0xFDBE, 0xFDBE, 0xFDBE, 0xFDBE, 0xFDBE, 0xFDBE, 0xFDBE, 0xFDBE, 
    0xFDBE, 0xFDBE, 0xFDBE, 0xFDBE, 0xFDBE, 0xFDBE, 0x1DBF, 0xFDBE, 0xFDB6, 0xFDBE, 0xFDBE, 0xFDBE, 
    0xFDBE, 0xFDBE, 0xFDBE, 0xFDBE, 0xFDBE, 0xFDB6, 0xFDBE, 0x1DBF, 0xFDBE, 0xFDBE, 0xFDBE, 0xFDBE, 
    0xFDBE, 0xFDBE, 0xFDBE, 0xFDBE, 0xFDBE, 0xFDBE, 0xFDBE, 0xFDBE, 0xFDBE, 0xFDBE, 0xFDBE, 0xFDBE, 
    0xFDBE, 0xFDBE, 0xFDBE, 0xFDBE, 0xFDBE, 0xFDBE, 0xFDBE, 0xFDBE, 0xFDBE, 0xFDBE, 0xFDBE, 0xFDBE, 
    0xFDBE, 0xFDBE, 0xFDBE, 0xFDBE, 0xFDBE, 0xFDBE, 0xFDBE, 0xFDBE, 0xFDBE, 0xFDBE, 0xFDBE, 0xFDBE, 
    0xFDBE, 0xFDBE, 0xFDBE, 0xFDBE, 0xFDBE, 0xFDBE, 0xFDBE, 0xFDBE, 0xFDBE, 0xFDBE, 0x1DB7, 0x1DB7, 
    0x3DC7, 0x718C, 0x485A, 0x8762, 0x6662, 0x6662, 0x666A, 0x466A, 0x6662, 0x6662, 0x666A, 0x666A, 
    0x6662, 0x466A, 0x466A, 0x466A, 0x666A, 0x656A, 0x656A, 0x656A, 0x656A, 0x656A, 0x6562, 0x6562, 
    0x4562, 0x4562, 0x456A, 0x456A, 0x456A, 0x456A, 0x456A, 0x456A, 0x456A, 0x456A, 0x456A, 0x656A, 
    0x675A, 0x559D, 0x3EC7, 0xFDBE, 0xFDBE, 0x1EB7, 0x1EB7, 0xFDBE, 0xFDBE, 0xFDBE, 0xFDBE, 0xFDBE, 
    0xFDBE, 0xFDBE, 0xFDBE, 0xFDBE, 0xFDBE, 0xFDBE, 0xFDBE, 0xFDBE, 0xFDB6, 0xFEBE, 0xDCC6, 0x8D73, 
    0x465A, 0x6662, 0x4662, 0x4662, 0x4662, 0x4562, 0x456A, 0x456A, 0x456A, 0x456A, 0x456A, 0x456A, 
    0x456A, 0x456A, 0x4562, 0x4562, 0x4562, 0x4562, 0x656A, 0x656A, 0x656A, 0x4562, 0x4562, 0x4562, 
    0x4562, 0x4562, 0x4562, 0x4562, 0x456A, 0x456A, 0x4562, 0x4562, 0x656A, 0x2462, 0x1074, 0x1DC7, 
    0xFDBE, 0xFDBE, 0xFDBE, 0xFDBE, 0xFDBE, 0xFDBE, 0xFDBE, 0xFEBE, 0xFDBE, 0xFDBE, 0xFDBE, 0xFDBE, 
    0xFDBE, 0xFDBE, 0xFDBE, 0xFDBE, 0xFDBE, 0xFDBE, 0xFDBE, 0xFDBE, 0xFDBE, 0xFDBE, 0xFDBE, 0xFDBE, 
    0xFDBE, 0xFDBE, 0xFDBE, 0xFDBE, 0xFDBE, 0xFDBE, 0xFDBE, 0xFDBE, 0xFDBE, 0xFDBE, 0xFDBE, 0xFDBE, 
    0xFDBE, 0xFDBE, 0xFDBE, 0xFDBE, 0xFDBE, 0xFDBE, 0xFDBE, 0xFDBE, 0xFDBE, 0xFDBE, 0xFDBE, 0xFDBE, 
    0xFDBE, 0xFDBE, 0xFDBE, 0xFDBE, 0xFDBE, 0xFDBE, 0xFDBE, 0xFDBE, 0x1DBF, 0x7785, 0x367D, 0x1EBF, 
    0xFDBE, 0xFDBE, 0xFDBE, 0xFDBE, 0xFDBE, 0x1DBF, 0xFDBE, 0xFDBE, 0xFDBE, 0xFDBE, 0xFDBE, 0xFDBE, 
    0xFDBE, 0xFDBE, 0xFDBE, 0xFDBE, 0xFDBE, 0xFDBE, 0xFDBE, 0xFDBE, 0xFDBE, 0xFDBE, 0xFDBE, 0xFDBE, 
    0xFDBE, 0xFDBE, 0x1DBF, 0x9BAE, 
    0xA631, 0x5AAE, 0x3EBF, 0xFDBE, 0xFDBE, 0x1DBF, 0x1DB7, 0xFEBE, 
    0xFDBE, 0x1DB7, 0xFDBE, 0xFDBE, 0xFDBE, 0xFDBE, 0xFDBE, 0xFDBE, 0xFDBE, 0xFDBE, 0xFDBE, 0xFDBE, 
    0xFDBE, 0xFDBE, 0xFDBE, 0xFDBE, 0xFDBE, 0xFDBE, 0xFDBE, 0xFDBE, 0xFDBE, 0xFDBE, 0xFDBE, 0xFDBE, 
    0xFDBE, 0xFDBE, 0x1DBF, 0x1DBF, 0x1EBF, 0x3EBF, 0x1EBF, 0x3EBF, 0x3EBF, 0x3EBF, 0x3EBF, 0x3EBF, 
    0x3EBF, 0x1EBF, 0x1DBF, 0xFDBE, 0x1DBF, 0xFDBE, 0xFDBE, 0xFDBE, 0xFDBE, 0xFDBE, 0xFDBE, 0xFDBE, 
    0xFDBE, 0xFDBE, 0xFDBE, 0xFDBE, 0xFDBE, 0xFDBE, 0xFDBE, 0xFDBE, 0xFDBE, 0xFDBE, 0xFDBE, 0xFDBE, 
    0xFDBE, 0xFDBE, 0xFDBE, 0xFDBE, 0xFDBE, 0xFDBE, 0xFDBE, 0xFDBE, 0xFDBE, 0xFDBE, 0xFDBE, 0xFDBE, 
    0xFDBE, 0xFDBE, 0xFDBE, 0xFDBE, 0xFDBE, 0xFDBE, 0xFDBE, 0xFDBE, 0xFDBE, 0xFDBE, 0xFDBE, 0xFDBE, 
    0xFDBE, 0xFDBE, 0xFDBE, 0xFDBE, 0xFDBE, 0xFDBE, 0xFDB6, 0x1DB7, 0x1CC7, 0xD7AD, 0x0B63, 0x2B6B, 
    0x2A6B, 0x0A6B, 0x0A73, 0x2973, 0x2A73, 0x096B, 0xE86A, 0x2973, 0x2A73, 0x2A73, 0x2A73, 0x2A7B, 
    0x4B73, 0x4B73, 0x4B73, 0x4B73, 0x4B73, 0x4B73, 0x4B73, 0x4B73, 0x6B7B, 0x6C7B, 0x6C73, 0x6C73, 
    0x8C73, 0x8C73, 0x8C73, 0x8C73, 0x8C73, 0x8C73, 0x8C73, 0x8C73, 0x0A63, 0x979D, 0x3EBF, 0xFDBE, 
    0xFCBE, 0x1EB7, 0x1EB7, 0xFDBE, 0xFDBE, 0xFDBE, 0xFDBE, 0xFDBE, 0xFDBE, 0xFDBE, 0xFDBE, 0xFDBE, 
    0xFDBE, 0xFDBE, 0xFDBE, 0x1DB7, 0x1DB7, 0x1DB7, 0x1CBF, 0xF7AD, 0xEE73, 0x8C73, 0xAD73, 0xAD73, 
    0xAD73, 0x8C73, 0x8C7B, 0x8C7B, 0x8C7B, 0x8C7B, 0x8C7B, 0x8C7B, 0x8C7B, 0x8C7B, 0xAC73, 0xAD73, 
    0xAC73, 0xAD73, 0x4B6B, 0x4B6B, 0xAD73, 0xAC73, 0xAD7B, 0xAD73, 0xAC73, 0xAC73, 0xAC73, 0xAC73, 
    0x8C7B, 0xAC7B, 0xAC7B, 0xAD7B, 0xAC7B, 0x4B73, 0xB384, 0x1DC7, 0xFCBE, 0xFDBE, 0x1DBF, 0xFDBE, 
    0xFDBE, 0xFDBE, 0xFDBE, 0xFDBE, 0xFDBE, 0xFDBE, 0xFDBE, 0xFDBE, 0xFDBE, 0xFDBE, 0xFDBE, 0xFDBE, 
    0xFDBE, 0xFDBE, 0xFDBE, 0xFDBE, 0xFDBE, 0xFDBE, 0xFDBE, 0xFDBE, 0xFDBE, 0xFDBE, 0xFDBE, 0xFDBE, 
    0xFDBE, 0xFDBE, 0xFDBE, 0xFDBE, 0xFDBE, 0xFDBE, 0xFDBE, 0xFDBE, 0xFDBE, 0xFDBE, 0xFDBE, 0xFDBE, 
    0xFDBE, 0xFDBE, 0xFDBE, 0xFDBE, 0xFDBE, 0xFDBE, 0xFDBE, 0xFDBE, 0xFDBE, 0xFDBE, 0xFDBE, 0xFDBE, 
    0xFDBE, 0xFDBE, 0xFDBE, 0xFDBE, 0x1DBF, 0x7785, 0x367D, 0x1EBF, 0xFDBE, 0xFDBE, 0xFDBE, 0xFDBE, 
    0xFDBE, 0x1DBF, 0xFDBE, 0xFDBE, 0xFDBE, 0xFDBE, 0xFDBE, 0xFDBE, 0xFDBE, 0xFDBE, 0xFDBE, 0xFDBE, 
    0xFDBE, 0xFDBE, 0xFDBE, 0xFDBE, 0xFDBE, 0xFDBE, 0xFDBE, 0xFDBE, 0xFDBE, 0xFDBE, 0x1DBF, 0x9BAE, 
    
    0xA631, 0x5AAE, 0x3EBF, 0xFDBE, 0xFDBE, 0x1DBF, 0x1DB7, 0xFEBE, 0xFDBE, 0x1DB7, 0xFDBE, 0xFDBE, 
    0xFDBE, 0xFDBE, 0xFDBE, 0xFDBE, 0xFDBE, 0xFDBE, 0xFDBE, 0xFDBE, 0xFDBE, 0xFDBE, 0xFDBE, 0xFDBE, 
    0xFDBE, 0xFDBE, 0xFDBE, 0xFDBE, 0xFDBE, 0xFDBE, 0xFDBE, 0xFDBE, 0xFDBE, 0x1DBF, 0x9CAE, 0xB88D, 
    0xB88D, 0xD995, 0xD995, 0xD995, 0xD995, 0xD995, 0xD995, 0xD995, 0xD995, 0x3A9E, 0xFDBE, 0xFDBE, 
    0xFDBE, 0xFDBE, 0xFDBE, 0xFDBE, 0xFDBE, 0xFDBE, 0xFDBE, 0xFDBE, 0xFDBE, 0xFDBE, 0xFDBE, 0xFDBE, 
    0xFDBE, 0xFDBE, 0xFDBE, 0xFDBE, 0xFDBE, 0xFDBE, 0xFDBE, 0xFDBE, 0xFDBE, 0xFDBE, 0xFDBE, 0xFDBE, 
    0xFDBE, 0xFDBE, 0xFDBE, 0xFDBE, 0xFDBE, 0xFDBE, 0xFDBE, 0xFDBE, 0xFDBE, 0xFDBE, 0xFDBE, 0xFDBE, 
    0xFDBE, 0xFDBE, 0xFDBE, 0xFDBE, 0xFDBE, 0xFDBE, 0xFDBE, 0xFDBE, 0xFDBE, 0xFDBE, 0xFDBE, 0xFDBE, 
    0xFDBE, 0xFDBE, 0x1DB7, 0x1DB7, 0x1DBF, 0xDCC6, 0x59BE, 0x59BE, 0x79BE, 0x59C6, 0x79C6, 0x7AB6, 
    0xBBB6, 0x18A6, 0x9274, 0x38A6, 0xBBBE, 0x9AB6, 0xBBBE, 0x9BBE, 0xBBBE, 0xBBB6, 0xBBB6, 0xBBB6, 
    0xBBBE, 0xDCBE, 0xDCBE, 0xDCBE, 0xDCBE, 0xDCBE, 0xDCBE, 0xDCBE, 0xDCBE, 0xDCBE, 0xDCBE, 0xDCBE, 
    0xFCC6, 0xFCC6, 0xFDC6, 0xDCC6, 0x59BE, 0xDCB6, 0x1EB7, 0xFDBE, 0xFCBE, 0x1DB7, 0x1DB7, 0xFDBE, 
    0xFDBE, 0xFDBE, 0xFDBE, 0xFDBE, 0xFDBE, 0xFDBE, 0xFDBE, 0xFDBE, 0xFDBE, 0xFDBE, 0xFDBE, 0x1DB7, 
    0x1DB7, 0x1DB7, 0xFCB6, 0x3DC7, 0x1CC7, 0x1CC7, 0x1BC7, 0x1BC7, 0x1BC7, 0x1DC7, 0x1DC7, 0x1DC7, 
    0x1DC7, 0x1DC7, 0x1DC7, 0x1DC7, 0x1DC7, 0x1DC7, 0x1DC7, 0xFDC6, 0x1DC7, 0x1DC7, 0x768D, 0x768D, 
    0x1DC7, 0xFDC6, 0x1DC7, 0xFDC6, 0x1DC7, 0x1DC7, 0x1DC7, 0x1DC7, 0x1DC7, 0x1DC7, 0x1DC7, 0xFDC6, 
    0xFDC6, 0xDCBE, 0xFCBE, 0xFDBE, 0x1DBF, 0xFDB6, 0x1EBF, 0x1DBF, 0xFDBE, 0xFDBE, 0xFDBE, 0xFDBE, 
    0xFDBE, 0xFDBE, 0xFDBE, 0xFDBE, 0xFDBE, 0xFDBE, 0xFDBE, 0xFDBE, 0xFDBE, 0xFDBE, 0xFDBE, 0xFDBE, 
    0xFDBE, 0xFDBE, 0xFDBE, 0xFDBE, 0xFDBE, 0xFDBE, 0xFDBE, 0xFDBE, 0xFDBE, 0xFDBE, 0xFDBE, 0xFDBE, 
    0xFDBE, 0xFDBE, 0xFDBE, 0xFDBE, 0xFDBE, 0xFDBE, 0xFDBE, 0xFDBE, 0xFDBE, 0xFDBE, 0xFDBE, 0xFDBE, 
    0xFDBE, 0xFDBE, 0xFDBE, 0xFDBE, 0xFDBE, 0xFDBE, 0xFDBE, 0xFDBE, 0xFDBE, 0xFDBE, 0xFDBE, 0xFDBE, 
    0x1DBF, 0x7785, 0x367D, 0x1EBF, 0xFDBE, 0xFDBE, 0xFDBE, 0xFDBE, 0xFDBE, 0x1DBF, 0xFDBE, 0xFDBE, 
    0xFDBE, 0xFDBE, 0xFDBE, 0xFDBE, 0xFDBE, 0xFDBE, 0xFDBE, 0xFDBE, 0xFDBE, 0xFDBE, 0xFDBE, 0xFDBE, 
    0xFDBE, 0xFDBE, 0xFDBE, 0xFDBE, 0xFDBE, 0xFDBE, 0x1DBF, 0x9BAE, 
    0xA631, 0x5AAE, 0x3EBF, 0xFDBE, 
    0xFDBE, 0x1DBF, 0x1DB7, 0xFEBE, 0xFDBE, 0x1DB7, 0xFDBE, 0xFDBE, 0xFDBE, 0xFDBE, 0xFDBE, 0xFDBE, 
    0xFDBE, 0xFDBE, 0xFDBE, 0xFDBE, 0xFDBE, 0xFDBE, 0xFDBE, 0xFDBE, 0xFDBE, 0xFDBE, 0xFDBE, 0xFDBE, 
    0xFDBE, 0xFDBE, 0xFDBE, 0xFDBE, 0xFDBE, 0x1EBF, 0x9BAE, 0xD574, 0xD56C, 0xB464, 0xB46C, 0xB46C, 
    0xB46C, 0xB46C, 0xB46C, 0xB46C, 0xB46C, 0x5785, 0xFDB6, 0x1EBF, 0xFDBE, 0xFDBE, 0xFDBE, 0xFDBE, 
    0xFDBE, 0xFDBE, 0xFDBE, 0xFDBE, 0xFDBE, 0xFDBE, 0xFDBE, 0xFDBE, 0xFDBE, 0xFDBE, 0xFDBE, 0xFDBE, 
    0xFDBE, 0xFDBE, 0xFDBE, 0xFDBE, 0xFDBE, 0xFDBE, 0xFDBE, 0xFDBE, 0xFDBE, 0xFDBE, 0xFDBE, 0xFDBE, 
    0xFDBE, 0xFDBE, 0xFDBE, 0xFDBE, 0xFDBE, 0xFDBE, 0xFDBE, 0xFDBE, 0xFDBE, 0xFDBE, 0xFDBE, 0xFDBE, 
    0xFDBE, 0xFDBE, 0xFDBE, 0xFDBE, 0xFDBE, 0xFDBE, 0xFDBE, 0xFDBE, 0xFDBE, 0xDDBE, 0xFEBE, 0x1DB7, 
    0x1DB7, 0xFDBE, 0x1DC7, 0x1DBF, 0x1DBF, 0x1DBF, 0x1DBF, 0x1EB7, 0x3FBF, 0x9CA6, 0xF56C, 0x9CA6, 
    0x3FBF, 0x1EB7, 0x1EB7, 0x1EBF, 0x1EB7, 0x1DB7, 0x1EB7, 0x1EB7, 0x1EB7, 0x1EB7, 0x1EB7, 0x1EB7, 
    0x1EB7, 0x1EB7, 0x1DB7, 0x1DBF, 0x1DBF, 0x1DBF, 0x1DBF, 0xFDB6, 0xFDB6, 0x1DBF, 0x1EB7, 0x1DBF, 
    0xFCC6, 0x1EB7, 0x1EAF, 0xFDBE, 0xFCBE, 0x1DB7, 0x1DB7, 0xFDBE, 0x1DBF, 0x1DB7, 0xFDBE, 0xFDBE, 
    0xFDBE, 0xFDBE, 0xFDBE, 0xFDBE, 0xFDBE, 0xFDBE, 0xFDBE, 0x1DBF, 0xFDBE, 0xFDBE, 0x1DBF, 0xFDB6, 
    0xFDB6, 0xFDBE, 0xFDBE, 0xFCBE, 0xFDBE, 0xFDB6, 0xFDB6, 0xFDB6, 0xFDB6, 0xFDB6, 0xFDB6, 0xFDB6, 
    0xFDB6, 0xFDB6, 0xFDB6, 0xFDB6, 0xFDB6, 0x1EB7, 0x5785, 0x5785, 0x1EB7, 0xFEB6, 0xFEB6, 0xFEB6, 
    0xFDB6, 0x1DB7, 0x1DB7, 0x1DB7, 0xFDB6, 0x1EB7, 0xFDB6, 0xFDB6, 0xFEBE, 0xFEB6, 0xFDBE, 0xFDBE, 
    0x1DBF, 0x1EB7, 0x1DB7, 0x1DBF, 0xFDBE, 0xFDBE, 0xFDBE, 0xFDBE, 0xFDBE, 0xFDBE, 0xFDBE, 0xFDBE, 
    0xFDBE, 0xFDBE, 0xFDBE, 0xFDBE, 0xFDBE, 0xFDBE, 0xFDBE, 0xFDBE, 0xFDBE, 0xFDBE, 0xFDBE, 0xFDBE, 
    0xFDBE, 0xFDBE, 0xFDBE, 0xFDBE, 0xFDBE, 0xFDBE, 0xFDBE, 0xFDBE, 0xFDBE, 0xFDBE, 0xFDBE, 0xFDBE, 
    0xFDBE, 0xFDBE, 0xFDBE, 0xFDBE, 0xFDBE, 0xFDBE, 0xFDBE, 0xFDBE, 0xFDBE, 0xFDBE, 0xFDBE, 0xFDBE, 
    0xFDBE, 0xFDBE, 0xFDBE, 0xFDBE, 0xFDBE, 0xFDBE, 0xFDBE, 0xFDBE, 0x1DBF, 0x7785, 0x367D, 0x1EBF, 
    0xFDBE, 0xFDBE, 0xFDBE, 0xFDBE, 0xFDBE, 0x1DBF, 0xFDBE, 0xFDBE, 0xFDBE, 0xFDBE, 0xFDBE, 0xFDBE, 
    0xFDBE, 0xFDBE, 0xFDBE, 0xFDBE, 0xFDBE, 0xFDBE, 0xFDBE, 0xFDBE, 0xFDBE, 0xFDBE, 0xFDBE, 0xFDBE, 
    0xFDBE, 0xFDBE, 0x1DBF, 0x9BAE, 
    0xA631, 0x5AAE, 0x3EBF, 0xFDBE, 0xFDBE, 0x1DBF, 0x1DB7, 0xFEBE, 
    0xFDBE, 0x1DB7, 0xFDBE, 0xFDBE, 0xFDBE, 0xFDBE, 0xFDBE, 0xFDBE, 0xFDBE, 0xFDBE, 0xFDBE, 0xFDBE, 
    0xFDBE, 0xFDBE, 0xFDBE, 0xFDBE, 0xFDBE, 0xFDBE, 0xFDBE, 0xFDBE, 0xFDBE, 0xFDBE, 0xFDBE, 0xFDBE, 
    0xFDBE, 0x1EBF, 0x7BAE, 0xF574, 0x5685, 0xB79D, 0xB795, 0xB79D, 0xB79D, 0xB79D, 0x979D, 0xB89D, 
    0x3685, 0x3785, 0xFDB6, 0x1EBF, 0xFDBE, 0xFDBE, 0xFDBE, 0xFDBE, 0xFDBE, 0xFDBE, 0xFDBE, 0xFDBE, 
    0xFDBE, 0xFDBE, 0xFDBE, 0xFDBE, 0xFDBE, 0xFDBE, 0xFDBE, 0xFDBE, 0xFDBE, 0xFDBE, 0xFDBE, 0xFDBE, 
    0xFDBE, 0xFDBE, 0xFDBE, 0xFDBE, 0xFDBE, 0xFDBE, 0xFDBE, 0xFDBE, 0xFDBE, 0xFDBE, 0xFDBE, 0xFDBE, 
    0xFDBE, 0xFDBE, 0xFDBE, 0xFDBE, 0xFDBE, 0xFDBE, 0xFDBE, 0xFDBE, 0xFDBE, 0xFDBE, 0xFDBE, 0xFDBE, 
    0xFDBE, 0xFDBE, 0xFDBE, 0xFDBE, 0xFDBE, 0xDEC6, 0xFDBE, 0x1EB7, 0xFDB6, 0xFDBE, 0xFEBE, 0xFDB6, 
    0x1DAF, 0x1EB7, 0xFDB6, 0xDDBE, 0xFDC6, 0x7BAE, 0xB474, 0x7BAE, 0xFDBE, 0xDDBE, 0xFDBE, 0xFDBE, 
    0xFDBE, 0xFDBE, 0xFDBE, 0xFDBE, 0xFDBE, 0xFDBE, 0xFDBE, 0xFDBE, 0xFDBE, 0xFDBE, 0xFDBE, 0xFDBE, 
    0xFDBE, 0xFDBE, 0xFDBE, 0xFDBE, 0xFDBE, 0xFDBE, 0xFDBE, 0xFDBE, 0xFCBE, 0x1EB7, 0x1EAF, 0xFDBE, 
    0xFCBE, 0x1DB7, 0x1DB7, 0xFDBE, 0x1DBF, 0x1DB7, 0xFDBE, 0xFDBE, 0xFDBE, 0xFDBE, 0xFDBE, 0xFDBE, 
    0xFDBE, 0xFDBE, 0xFDBE, 0xFDBE, 0xFDC6, 0xFDBE, 0xFDBE, 0xFEB6, 0xFEB6, 0xFEB6, 0xFDBE, 0xFDBE, 
    0xFDBE, 0xFDBE, 0xFDBE, 0xFDBE, 0xFDBE, 0xFDBE, 0xFDBE, 0xFDBE, 0xFDBE, 0xFDBE, 0xFDBE, 0xFDBE, 
    0xFDBE, 0x1DBF, 0x5685, 0x5685, 0x1DBF, 0x1DBF, 0xFDBE, 0xFDBE, 0xFDBE, 0xFDBE, 0xFDBE, 0xFDBE, 
    0xFDBE, 0xFDBE, 0xFDBE, 0xFDBE, 0xFDBE, 0xFDBE, 0xFDBE, 0xFDBE, 0xFDB6, 0x1EB7, 0x1DB7, 0x1DBF, 
    0xFDBE, 0xFDBE, 0xFDBE, 0xFDBE, 0xFDBE, 0xFDBE, 0xFDBE, 0xFDBE, 0xFDBE, 0xFDBE, 0xFDBE, 0xFDBE, 
    0xFDBE, 0xFDBE, 0xFDBE, 0xFDBE, 0xFDBE, 0xFDBE, 0xFDBE, 0xFDBE, 0xFDBE, 0xFDBE, 0xFDBE, 0xFDBE, 
    0xFDBE, 0xFDBE, 0xFDBE, 0xFDBE, 0xFDBE, 0xFDBE, 0xFDBE, 0xFDBE, 0xFDBE, 0xFDBE, 0xFDBE, 0xFDBE, 
    0xFDBE, 0xFDBE, 0xFDBE, 0xFDBE, 0xFDBE, 0xFDBE, 0xFDBE, 0xFDBE, 0xFDBE, 0xFDBE, 0xFDBE, 0xFDBE, 
    0xFDBE, 0xFDBE, 0xFDBE, 0xFDBE, 0x1DBF, 0x7785, 0x367D, 0x1EBF, 0xFDBE, 0xFDBE, 0xFDBE, 0xFDBE, 
    0xFDBE, 0x1DBF, 0xFDBE, 0xFDBE, 0xFDBE, 0xFDBE, 0xFDBE, 0xFDBE, 0xFDBE, 0xFDBE, 0xFDBE, 0xFDBE, 
    0xFDBE, 0xFDBE, 0xFDBE, 0xFDBE, 0xFDBE, 0xFDBE, 0xFDBE, 0xFDBE, 0xFDBE, 0xFDBE, 0x1DBF, 0x9BAE, 
    
    0xA631, 0x5AAE, 0x3EBF, 0xFDBE, 0xFDBE, 0x1DBF, 0x1DB7, 0xFEBE, 0xFDBE, 0x1DB7, 0xFDBE, 0xFDBE, 
    0xFDBE, 0xFDBE, 0xFDBE, 0xFDBE, 0xFDBE, 0xFDBE, 0xFDBE, 0xFDBE, 0xFDBE, 0xFDBE, 0xFDBE, 0xFDBE, 
    0xFDBE, 0xFDBE, 0xFDBE, 0xFDBE, 0xFDBE, 0xFDBE, 0x1EB7, 0xFDBE, 0xFDBE, 0x1EBF, 0x9CAE, 0xD66C, 
    0x79C6, 0xBBFF, 0x9CFF, 0x9CFF, 0x9CFF, 0x9CFF, 0x9BFF, 0xDDFF, 0xD7AD, 0x167D, 0x1EB7, 0xFDBE, 
    0xFDBE, 0xFDBE, 0xFDBE, 0xFDBE, 0xFDBE, 0xFDBE, 0xFDBE, 0xFDBE, 0xFDBE, 0xFDBE, 0xFDBE, 0xFDBE, 
    0xFDBE, 0xFDBE, 0xFDBE, 0xFDBE, 0xFDBE, 0xFDBE, 0xFDBE, 0xFDBE, 0xFDBE, 0xFDBE, 0xFDBE, 0xFDBE, 
    0xFDBE, 0xFDBE, 0xFDBE, 0xFDBE, 0xFDBE, 0xFDBE, 0xFDBE, 0xFDBE, 0xFDBE, 0xFDBE, 0xFDBE, 0xFDBE, 
    0xFDBE, 0xFDBE, 0xFDBE, 0xFDBE, 0xFDBE, 0xFDBE, 0xFDBE, 0xFDBE, 0xFDBE, 0xFDBE, 0xFDBE, 0xFDBE, 
    0xFDBE, 0xFDBE, 0xFDBE, 0xFDBE, 0xFDBE, 0xFDBE, 0xFDBE, 0xFDBE, 0xFDBE, 0xFDBE, 0xFDBE, 0xFDBE, 
    0x1DBF, 0x7BAE, 0xD574, 0x7BA6, 0x1EBF, 0xFDBE, 0xFDBE, 0xFDBE, 0xFDBE, 0xFDBE, 0xFDBE, 0xFDBE, 
    0xFDBE, 0xFDBE, 0xFDBE, 0xFDBE, 0xFDBE, 0xFDBE, 0xFDBE, 0xFDBE, 0xFDBE, 0xFDBE, 0xFDBE, 0xFDBE, 
    0xFDBE, 0xFDBE, 0xFDBE, 0xFDBE, 0xFDBE, 0xFDBE, 0xFDBE, 0xFDBE, 0xFDBE, 0xFDBE, 0xFDBE, 0xFDBE, 
    0xFDBE, 0xFDBE, 0xFDBE, 0xFDBE, 0xFDBE, 0xFDBE, 0xFDBE, 0xFDBE, 0xFDBE, 0xFDBE, 0xFDBE, 0xFDBE, 
    0xFDBE, 0xFDBE, 0xFDBE, 0xFDBE, 0xFDBE, 0xFDBE, 0xFDBE, 0xFDBE, 0xFDBE, 0xFDBE, 0xFDBE, 0xFDBE, 
    0xFDBE, 0xFDBE, 0xFDBE, 0xFDBE, 0xFDBE, 0xFDBE, 0xFDBE, 0xFDBE, 0xFDBE, 0x1DBF, 0x5785, 0x7785, 
    0x1EBF, 0xFDBE, 0xFDBE, 0xFDBE, 0xFDBE, 0xFDBE, 0xFDBE, 0xFDBE, 0xFDBE, 0xFDBE, 0xFDBE, 0xFDBE, 
    0xFDBE, 0xFDBE, 0xFDBE, 0xFDBE, 0xFDBE, 0xFDBE, 0xFDBE, 0xFDBE, 0xFDBE, 0xFDBE, 0xFDBE, 0xFDBE, 
    0xFDBE, 0xFDBE, 0xFDBE, 0xFDBE, 0xFDBE, 0xFDBE, 0xFDBE, 0xFDBE, 0xFDBE, 0xFDBE, 0xFDBE, 0xFDBE, 
    0xFDBE, 0xFDBE, 0xFDBE, 0xFDBE, 0xFDBE, 0xFDBE, 0xFDBE, 0xFDBE, 0xFDBE, 0xFDBE, 0xFDBE, 0xFDBE, 
    0xFDBE, 0xFDBE, 0xFDBE, 0xFDBE, 0xFDBE, 0xFDBE, 0xFDBE, 0xFDBE, 0xFDBE, 0xFDBE, 0xFDBE, 0xFDBE, 
    0xFDBE, 0xFDBE, 0xFDBE, 0xFDBE, 0xFDBE, 0xFDBE, 0xFDBE, 0xFDBE, 0xFDBE, 0xFDBE, 0xFDBE, 0xFDBE, 
    0x1DBF, 0x7785, 0x367D, 0x1EBF, 0xFDBE, 0xFDBE, 0xFDBE, 0xFDBE, 0xFDBE, 0x1DBF, 0xFDBE, 0xFDBE, 
    0xFDBE, 0xFDBE, 0xFDBE, 0xFDBE, 0xFDBE, 0xFDBE, 0xFDBE, 0xFDBE, 0xFDBE, 0xFDBE, 0xFDBE, 0xFDBE, 
    0xFDBE, 0xFDBE, 0xFDBE, 0xFDBE, 0xFDBE, 0xFDBE, 0x1DBF, 0x9BAE, 
    0xA631, 0x5AAE, 0x3EBF, 0xFDBE, 
    0xFDBE, 0x1DBF, 0x1DB7, 0xFEBE, 0xFDBE, 0x1DB7, 0xFDBE, 0xFDBE, 0xFDBE, 0xFDBE, 0xFDBE, 0xFDBE, 
    0xFDBE, 0xFDBE, 0xFDBE, 0xFDBE, 0xFDBE, 0xFDBE, 0xFDBE, 0xFDBE, 0xFDBE, 0xFDBE, 0xFDBE, 0xFDBE, 
    0xFDBE, 0xFDBE, 0x1EB7, 0xFDBE, 0xFDBE, 0x1EBF, 0x9BAE, 0xD66C, 0x79C6, 0xBBFF, 0x9CFF, 0x9CFF, 
    0x9CFF, 0x9CFF, 0x9BFF, 0xDDFF, 0xD7AD, 0x367D, 0xFEB6, 0xFDBE, 0xFDBE, 0xFDBE, 0xFDBE, 0xFDBE, 
    0xFDBE, 0xFDBE, 0xFDBE, 0xFDBE, 0xFDBE, 0xFDBE, 0xFDBE, 0xFDBE, 0xFDBE, 0xFDBE, 0xFDBE, 0xFDBE, 
    0xFDBE, 0xFDBE, 0xFDBE, 0xFDBE, 0xFDBE, 0xFDBE, 0xFDBE, 0xFDBE, 0xFDBE, 0xFDBE, 0xFDBE, 0xFDBE, 
    0xFDBE, 0xFDBE, 0xFDBE, 0xFDBE, 0xFDBE, 0xFDBE, 0xFDBE, 0xFDBE, 0xFDBE, 0xFDBE, 0xFDBE, 0xFDBE, 
    0xFDBE, 0xFDBE, 0xFDBE, 0xFDBE, 0xFDBE, 0xFDBE, 0xFDBE, 0xFDBE, 0xFDBE, 0xFDBE, 0xFDBE, 0xFDBE, 
    0xFDBE, 0xFDBE, 0xFDBE, 0xFDBE, 0xFDBE, 0xFDBE, 0xFDBE, 0xFDBE, 0x1DBF, 0x7BAE, 0xD574, 0x7BA6, 
    0x1EBF, 0xFDBE, 0xFDBE, 0xFDBE, 0xFDBE, 0xFDBE, 0xFDBE, 0xFDBE, 0xFDBE, 0xFDBE, 0xFDBE, 0xFDBE, 
    0xFDBE, 0xFDBE, 0xFDBE, 0xFDBE, 0xFDBE, 0xFDBE, 0xFDBE, 0xFDBE, 0xFDBE, 0xFDBE, 0xFDBE, 0xFDBE, 
    0xFDBE, 0xFDBE, 0xFDBE, 0xFDBE, 0xFDBE, 0xFDBE, 0xFDBE, 0xFDBE, 0xFDBE, 0xFDBE, 0xFDBE, 0xFDBE, 
    0xFDBE, 0xFDBE, 0xFDBE, 0xFDBE, 0xFDBE, 0xFDBE, 0xFDBE, 0xFDBE, 0xFDBE, 0xFDBE, 0xFDBE, 0xFDBE, 
    0xFDBE, 0xFDBE, 0xFDBE, 0xFDBE, 0xFDBE, 0xFDBE, 0xFDBE, 0xFDBE, 0xFDBE, 0xFDBE, 0xFDBE, 0xFDBE, 
    0xFDBE, 0xFDBE, 0xFDBE, 0xFDBE, 0xFDBE, 0x1DBF, 0x5785, 0x7785, 0x1EBF, 0xFDBE, 0xFDBE, 0xFDBE, 
    0xFDBE, 0xFDBE, 0xFDBE, 0xFDBE, 0xFDBE, 0xFDBE, 0xFDBE, 0xFDBE, 0xFDBE, 0xFDBE, 0xFDBE, 0xFDBE, 
    0xFDBE, 0xFDBE, 0xFDBE, 0xFDBE, 0xFDBE, 0xFDBE, 0xFDBE, 0xFDBE, 0xFDBE, 0xFDBE, 0xFDBE, 0xFDBE, 
    0xFDBE, 0xFDBE, 0xFDBE, 0xFDBE, 0xFDBE, 0xFDBE, 0xFDBE, 0xFDBE, 0xFDBE, 0xFDBE, 0xFDBE, 0xFDBE, 
    0xFDBE, 0xFDBE, 0xFDBE, 0xFDBE, 0xFDBE, 0xFDBE, 0xFDBE, 0xFDBE, 0xFDBE, 0xFDBE, 0xFDBE, 0xFDBE, 
    0xFDBE, 0xFDBE, 0xFDBE, 0xFDBE, 0xFDBE, 0xFDBE, 0xFDBE, 0xFDBE, 0xFDBE, 0xFDBE, 0xFDBE, 0xFDBE, 
    0xFDBE, 0xFDBE, 0xFDBE, 0xFDBE, 0xFDBE, 0xFDBE, 0xFDBE, 0xFDBE, 0x1DBF, 0x7785, 0x367D, 0x1EBF, 
    0xFDBE, 0xFDBE, 0xFDBE, 0xFDBE, 0xFDBE, 0x1DBF, 0xFDBE, 0xFDBE, 0xFDBE, 0xFDBE, 0xFDBE, 0xFDBE, 
    0xFDBE, 0xFDBE, 0xFDBE, 0xFDBE, 0xFDBE, 0xFDBE, 0xFDBE, 0xFDBE, 0xFDBE, 0xFDBE, 0xFDBE, 0xFDBE, 
    0xFDBE, 0xFDBE, 0x1DBF, 0x9BAE, 
    0xA631, 0x5AAE, 0x3EBF, 0xFDBE, 0xFDBE, 0x1DBF, 0x1DB7, 0xFEBE, 
    0xFDBE, 0x1DB7, 0xFDBE, 0xFDBE, 0xFDBE, 0xFDBE, 0xFDBE, 0xFDBE, 0xFDBE, 0xFDBE, 0xFDBE, 0xFDBE, 
    0xFDBE, 0xFDBE, 0xFDBE, 0xFDBE, 0xFDBE, 0xFDBE, 0xFDBE, 0xFDBE, 0xFDBE, 0xFDBE, 0x1EB7, 0xFDBE, 
    0xFDBE, 0x1EBF, 0x9CAE, 0xD66C, 0x79C6, 0xBBFF, 0x9CFF, 0x9CFF, 0x9CFF, 0x9CFF, 0x7BFF, 0xDDFF, 
    0xD7AD, 0x167D, 0xFEB6, 0x1DBF, 0xFDBE, 0xFDBE, 0xFDBE, 0xFDBE, 0xFDBE, 0xFDBE, 0xFDBE, 0xFDBE, 
    0xFDBE, 0xFDBE, 0xFDBE, 0xFDBE, 0xFDBE, 0xFDBE, 0xFDBE, 0xFDBE, 0xFDBE, 0xFDBE, 0xFDBE, 0xFDBE, 
    0xFDBE, 0xFDBE, 0xFDBE, 0xFDBE, 0xFDBE, 0xFDBE, 0xFDBE, 0xFDBE, 0xFDBE, 0xFDBE, 0xFDBE, 0xFDBE, 
    0xFDBE, 0xFDBE, 0xFDBE, 0xFDBE, 0xFDBE, 0xFDBE, 0xFDBE, 0xFDBE, 0xFDBE, 0xFDBE, 0xFDBE, 0xFDBE, 
    0xFDBE, 0xFDBE, 0xFDBE, 0xFDBE, 0xFDBE, 0xFDBE, 0xFDBE, 0xFDBE, 0xFDBE, 0xFDBE, 0xFDBE, 0xFDBE, 
    0xFDBE, 0xFDBE, 0xFDBE, 0xFDBE, 0x1DBF, 0x7BAE, 0xD574, 0x7BA6, 0x1EBF, 0xFDBE, 0xFDBE, 0xFDBE, 
    0xFDBE, 0xFDBE, 0xFDBE, 0xFDBE, 0xFDBE, 0xFDBE, 0xFDBE, 0xFDBE, 0xFDBE, 0xFDBE, 0xFDBE, 0xFDBE, 
    0xFDBE, 0xFDBE, 0xFDBE, 0xFDBE, 0xFDBE, 0xFDBE, 0xFDBE, 0xFDBE, 0xFDBE, 0xFDBE, 0xFDBE, 0xFDBE, 
    0xFDBE, 0xFDBE, 0xFDBE, 0xFDBE, 0xFDBE, 0xFDBE, 0xFDBE, 0xFDBE, 0xFDBE, 0xFDBE, 0xFDBE, 0xFDBE, 
    0xFDBE, 0xFDBE, 0xFDBE, 0xFDBE, 0xFDBE, 0xFDBE, 0xFDBE, 0xFDBE, 0xFDBE, 0xFDBE, 0xFDBE, 0xFDBE, 
    0xFDBE, 0xFDBE, 0xFDBE, 0xFDBE, 0xFDBE, 0xFDBE, 0xFDBE, 0xFDBE, 0xFDBE, 0xFDBE, 0xFDBE, 0xFDBE, 
    0xFDBE, 0x1DBF, 0x5785, 0x7785, 0x1EBF, 0xFDBE, 0xFDBE, 0xFDBE, 0xFDBE, 0xFDBE, 0xFDBE, 0xFDBE, 
    0xFDBE, 0xFDBE, 0xFDBE, 0xFDBE, 0xFDBE, 0xFDBE, 0xFDBE, 0xFDBE, 0xFDBE, 0xFDBE, 0xFDBE, 0xFDBE, 
    0xFDBE, 0xFDBE, 0xFDBE, 0xFDBE, 0xFDBE, 0xFDBE, 0xFDBE, 0xFDBE, 0xFDBE, 0xFDBE, 0xFDBE, 0xFDBE, 
    0xFDBE, 0xFDBE, 0xFDBE, 0xFDBE, 0xFDBE, 0xFDBE, 0xFDBE, 0xFDBE, 0xFDBE, 0xFDBE, 0xFDBE, 0xFDBE, 
    0xFDBE, 0xFDBE, 0xFDBE, 0xFDBE, 0xFDBE, 0xFDBE, 0xFDBE, 0xFDBE, 0xFDBE, 0xFDBE, 0xFDBE, 0xFDBE, 
    0xFDBE, 0xFDBE, 0xFDBE, 0xFDBE, 0xFDBE, 0xFDBE, 0xFDBE, 0xFDBE, 0xFDBE, 0xFDBE, 0xFDBE, 0xFDBE, 
    0xFDBE, 0xFDBE, 0xFDBE, 0xFDBE, 0x1DBF, 0x7785, 0x367D, 0x1EBF, 0xFDBE, 0xFDBE, 0xFDBE, 0xFDBE, 
    0xFDBE, 0x1DBF, 0xFDBE, 0xFDBE, 0xFDBE, 0xFDBE, 0xFDBE, 0xFDBE, 0xFDBE, 0xFDBE, 0xFDBE, 0xFDBE, 
    0xFDBE, 0xFDBE, 0xFDBE, 0xFDBE, 0xFDBE, 0xFDBE, 0xFDBE, 0xFDBE, 0xFDBE, 0xFDBE, 0x1DBF, 0x9BAE, 
    
    0xA631, 0x5AAE, 0x3EBF, 0xFDBE, 0xFDBE, 0x1DBF, 0x1DB7, 0xFEBE, 0xFDBE, 0x1DB7, 0xFDBE, 0xFDBE, 
    0xFDBE, 0xFDBE, 0xFDBE, 0xFDBE, 0xFDBE, 0xFDBE, 0xFDBE, 0xFDBE, 0xFDBE, 0xFDBE, 0xFDBE, 0xFDBE, 
    0xFDBE, 0xFDBE, 0xFDBE, 0xFDBE, 0xFDBE, 0xFDBE, 0x1EB7, 0xFDBE, 0xFDBE, 0x1EBF, 0x9CAE, 0xD56C, 
    0x79C6, 0xBBFF, 0x9CFF, 0x9CFF, 0x9CFF, 0x9CFF, 0x7BFF, 0xDDFF, 0xD7AD, 0x167D, 0xFEB6, 0x1DBF, 
    0xFDBE, 0xFDBE, 0xFDBE, 0xFDBE, 0xFDBE, 0xFDBE, 0xFDBE, 0xFDBE, 0xFDBE, 0xFDBE, 0xFDBE, 0xFDBE, 
    0xFDBE, 0xFDBE, 0xFDBE, 0xFDBE, 0xFDBE, 0xFDBE, 0xFDBE, 0xFDBE, 0xFDBE, 0xFDBE, 0xFDBE, 0xFDBE, 
    0xFDBE, 0xFDBE, 0xFDBE, 0xFDBE, 0xFDBE, 0xFDBE, 0xFDBE, 0xFDBE, 0xFDBE, 0xFDBE, 0xFDBE, 0xFDBE, 
    0xFDBE, 0xFDBE, 0xFDBE, 0xFDBE, 0xFDBE, 0xFDBE, 0xFDBE, 0xFDBE, 0xFDBE, 0xFDBE, 0xFDBE, 0xFDBE, 
    0xFDBE, 0xFDBE, 0xFDBE, 0xFDBE, 0xFDBE, 0xFDBE, 0xFDBE, 0xFDBE, 0xFDBE, 0xFDBE, 0xFDBE, 0xFDBE, 
    0x1DBF, 0x7BAE, 0xD574, 0x7BA6, 0x1EBF, 0xFDBE, 0xFDBE, 0xFDBE, 0xFDBE, 0xFDBE, 0xFDBE, 0xFDBE, 
    0xFDBE, 0xFDBE, 0xFDBE, 0xFDBE, 0xFDBE, 0xFDBE, 0xFDBE, 0xFDBE, 0xFDBE, 0xFDBE, 0xFDBE, 0xFDBE, 
    0xFDBE, 0xFDBE, 0xFDBE, 0xFDBE, 0xFDBE, 0xFDBE, 0xFDBE, 0xFDBE, 0xFDBE, 0xFDBE, 0xFDBE, 0xFDBE, 
    0xFDBE, 0xFDBE, 0xFDBE, 0xFDBE, 0xFDBE, 0xFDBE, 0xFDBE, 0xFDBE, 0xFDBE, 0xFDBE, 0xFDBE, 0xFDBE, 
    0xFDBE, 0xFDBE, 0xFDBE, 0xFDBE, 0xFDBE, 0xFDBE, 0xFDBE, 0xFDBE, 0xFDBE, 0xFDBE, 0xFDBE, 0xFDBE, 
    0xFDBE, 0xFDBE, 0xFDBE, 0xFDBE, 0xFDBE, 0xFDBE, 0xFDBE, 0xFDBE, 0xFDBE, 0x1DBF, 0x5785, 0x7785, 
    0x1EBF, 0xFDBE, 0xFDBE, 0xFDBE, 0xFDBE, 0xFDBE, 0xFDBE, 0xFDBE, 0xFDBE, 0xFDBE, 0xFDBE, 0xFDBE, 
    0xFDBE, 0xFDBE, 0xFDBE, 0xFDBE, 0xFDBE, 0xFDBE, 0xFDBE, 0xFDBE, 0xFDBE, 0xFDBE, 0xFDBE, 0xFDBE, 
    0xFDBE, 0xFDBE, 0xFDBE, 0xFDBE, 0xFDBE, 0xFDBE, 0xFDBE, 0xFDBE, 0xFDBE, 0xFDBE, 0xFDBE, 0xFDBE, 
    0xFDBE, 0xFDBE, 0xFDBE, 0xFDBE, 0xFDBE, 0xFDBE, 0xFDBE, 0xFDBE, 0xFDBE, 0xFDBE, 0xFDBE, 0xFDBE, 
    0xFDBE, 0xFDBE, 0xFDBE, 0xFDBE, 0xFDBE, 0xFDBE, 0xFDBE, 0xFDBE, 0xFDBE, 0xFDBE, 0xFDBE, 0xFDBE, 
    0xFDBE, 0xFDBE, 0xFDBE, 0xFDBE, 0xFDBE, 0xFDBE, 0xFDBE, 0xFDBE, 0xFDBE, 0xFDBE, 0xFDBE, 0xFDBE, 
    0x1DBF, 0x7785, 0x367D, 0x1EBF, 0xFDBE, 0xFDBE, 0xFDBE, 0xFDBE, 0xFDBE, 0x1DBF, 0xFDBE, 0xFDBE, 
    0xFDBE, 0xFDBE, 0xFDBE, 0xFDBE, 0xFDBE, 0xFDBE, 0xFDBE, 0xFDBE, 0xFDBE, 0xFDBE, 0xFDBE, 0xFDBE, 
    0xFDBE, 0xFDBE, 0xFDBE, 0xFDBE, 0xFDBE, 0xFDBE, 0x1DBF, 0x9BAE, 
    0xA631, 0x5AAE, 0x3EBF, 0xFDBE, 
    0xFDBE, 0x1DBF, 0x1DB7, 0xFEBE, 0xFDBE, 0x1DB7, 0xFDBE, 0xFDBE, 0xFDBE, 0xFDBE, 0xFDBE, 0xFDBE, 
    0xFDBE, 0xFDBE, 0xFDBE, 0xFDBE, 0xFDBE, 0xFDBE, 0xFDBE, 0xFDBE, 0xFDBE, 0xFDBE, 0xFDBE, 0xFDBE, 
    0xFDBE, 0xFDBE, 0x1EB7, 0xFDBE, 0xFDBE, 0x1EBF, 0x9CAE, 0xD66C, 0x99C6, 0xBBFF, 0x9CFF, 0x9CFF, 
    0x9CFF, 0x9CFF, 0x7BFF, 0xDDFF, 0xD7AD, 0x167D, 0xFEB6, 0xFDBE, 0xFDBE, 0xFDBE, 0xFDBE, 0xFDBE, 
    0xFDBE, 0xFDBE, 0xFDBE, 0xFDBE, 0xFDBE, 0xFDBE, 0xFDBE, 0xFDBE, 0xFDBE, 0xFDBE, 0xFDBE, 0xFDBE, 
    0xFDBE, 0xFDBE, 0xFDBE, 0xFDBE, 0xFDBE, 0xFDBE, 0xFDBE, 0xFDBE, 0xFDBE, 0xFDBE, 0xFDBE, 0xFDBE, 
    0xFDBE, 0xFDBE, 0xFDBE, 0xFDBE, 0xFDBE, 0xFDBE, 0xFDBE, 0xFDBE, 0xFDBE, 0xFDBE, 0xFDBE, 0xFDBE, 
    0xFDBE, 0xFDBE, 0xFDBE, 0xFDBE, 0xFDBE, 0xFDBE, 0xFDBE, 0xFDBE, 0xFDBE, 0xFDBE, 0xFDBE, 0xFDBE, 
    0xFDBE, 0xFDBE, 0xFDBE, 0xFDBE, 0xFDBE, 0xFDBE, 0xFDBE, 0xFDBE, 0x1DBF, 0x7BAE, 0xD574, 0x7BA6, 
    0x1EBF, 0xFDBE, 0xFDBE, 0xFDBE, 0xFDBE, 0xFDBE, 0xFDBE, 0xFDBE, 0xFDBE, 0xFDBE, 0xFDBE, 0xFDBE, 
    0xFDBE, 0xFDBE, 0xFDBE, 0xFDBE, 0xFDBE, 0xFDBE, 0xFDBE, 0xFDBE, 0xFDBE, 0xFDBE, 0xFDBE, 0xFDBE, 
    0xFDBE, 0xFDBE, 0xFDBE, 0xFDBE, 0xFDBE, 0xFDBE, 0xFDBE, 0xFDBE, 0xFDBE, 0xFDBE, 0xFDBE, 0xFDBE, 
    0xFDBE, 0xFDBE, 0xFDBE, 0xFDBE, 0xFDBE, 0xFDBE, 0xFDBE, 0xFDBE, 0xFDBE, 0xFDBE, 0xFDBE, 0xFDBE, 
    0xFDBE, 0xFDBE, 0xFDBE, 0xFDBE, 0xFDBE, 0xFDBE, 0xFDBE, 0xFDBE, 0xFDBE, 0xFDBE, 0xFDBE, 0xFDBE, 
    0xFDBE, 0xFDBE, 0xFDBE, 0xFDBE, 0xFDBE, 0x1DBF, 0x5785, 0x7785, 0x1EBF, 0xFDBE, 0xFDBE, 0xFDBE, 
    0xFDBE, 0xFDBE, 0xFDBE, 0xFDBE, 0xFDBE, 0xFDBE, 0xFDBE, 0xFDBE, 0xFDBE, 0xFDBE, 0xFDBE, 0xFDBE, 
    0xFDBE, 0xFDBE, 0xFDBE, 0xFDBE, 0xFDBE, 0xFDBE, 0xFDBE, 0xFDBE, 0xFDBE, 0xFDBE, 0xFDBE, 0xFDBE, 
    0xFDBE, 0xFDBE, 0xFDBE, 0xFDBE, 0xFDBE, 0xFDBE, 0xFDBE, 0xFDBE, 0xFDBE, 0xFDBE, 0xFDBE, 0xFDBE, 
    0xFDBE, 0xFDBE, 0xFDBE, 0xFDBE, 0xFDBE, 0xFDBE, 0xFDBE, 0xFDBE, 0xFDBE, 0xFDBE, 0xFDBE, 0xFDBE, 
    0xFDBE, 0xFDBE, 0xFDBE, 0xFDBE, 0xFDBE, 0xFDBE, 0xFDBE, 0xFDBE, 0xFDBE, 0xFDBE, 0xFDBE, 0xFDBE, 
    0xFDBE, 0xFDBE, 0xFDBE, 0xFDBE, 0xFDBE, 0xFDBE, 0xFDBE, 0xFDBE, 0x1DBF, 0x7785, 0x367D, 0x1EBF, 
    0xFDBE, 0xFDBE, 0xFDBE, 0xFDBE, 0xFDBE, 0x1DBF, 0xFDBE, 0xFDBE, 0xFDBE, 0xFDBE, 0xFDBE, 0xFDBE, 
    0xFDBE, 0xFDBE, 0xFDBE, 0xFDBE, 0xFDBE, 0xFDBE, 0xFDBE, 0xFDBE, 0xFDBE, 0xFDBE, 0xFDBE, 0xFDBE, 
    0xFDBE, 0xFDBE, 0x1DBF, 0x9BAE, 
    0xA631, 0x5AAE, 0x3EBF, 0xFDBE, 0xFDBE, 0x1DBF, 0x1DB7, 0xFEBE, 
    0xFDBE, 0x1DB7, 0xFDBE, 0xFDBE, 0xFDBE, 0xFDBE, 0xFDBE, 0xFDBE, 0xFDBE, 0xFDBE, 0xFDBE, 0xFDBE, 
    0xFDBE, 0xFDBE, 0xFDBE, 0xFDBE, 0xFDBE, 0xFDBE, 0xFDBE, 0xFDBE, 0xFDBE, 0xFDBE, 0x1EB7, 0xFDBE, 
    0xFDBE, 0x1EBF, 0x9CAE, 0xD66C, 0x79C6, 0xBBFF, 0x9CFF, 0x9CFF, 0x9CFF, 0x9CFF, 0x7BFF, 0xDDFF, 
    0xD7AD, 0x367D, 0xFEB6, 0xFDBE, 0xFDBE, 0xFDBE, 0xFDBE, 0xFDBE, 0xFDBE, 0xFDBE, 0xFDBE, 0xFDBE, 
    0xFDBE, 0xFDBE, 0xFDBE, 0xFDBE, 0xFDBE, 0xFDBE, 0xFDBE, 0xFDBE, 0xFDBE, 0xFDBE, 0xFDBE, 0xFDBE, 
    0xFDBE, 0xFDBE, 0xFDBE, 0xFDBE, 0xFDBE, 0xFDBE, 0xFDBE, 0xFDBE, 0xFDBE, 0xFDBE, 0xFDBE, 0xFDBE, 
    0xFDBE, 0xFDBE, 0xFDBE, 0xFDBE, 0xFDBE, 0xFDBE, 0xFDBE, 0xFDBE, 0xFDBE, 0xFDBE, 0xFDBE, 0xFDBE, 
    0xFDBE, 0xFDBE, 0xFDBE, 0xFDBE, 0xFDBE, 0xFDBE, 0xFDBE, 0xFDBE, 0xFDBE, 0xFDBE, 0xFDBE, 0xFDBE, 
    0xFDBE, 0xFDBE, 0xFDBE, 0xFDBE, 0x1DBF, 0x7BAE, 0xD574, 0x7BA6, 0x1EBF, 0xFDBE, 0xFDBE, 0xFDBE, 
    0xFDBE, 0xFDBE, 0xFDBE, 0xFDBE, 0xFDBE, 0xFDBE, 0xFDBE, 0xFDBE, 0xFDBE, 0xFDBE, 0xFDBE, 0xFDBE, 
    0xFDBE, 0xFDBE, 0xFDBE, 0xFDBE, 0xFDBE, 0xFDBE, 0xFDBE, 0xFDBE, 0xFDBE, 0xFDBE, 0xFDBE, 0xFDBE, 
    0xFDBE, 0xFDBE, 0xFDBE, 0xFDBE, 0xFDBE, 0xFDBE, 0xFDBE, 0xFDBE, 0xFDBE, 0xFDBE, 0xFDBE, 0xFDBE, 
    0xFDBE, 0xFDBE, 0xFDBE, 0xFDBE, 0xFDBE, 0xFDBE, 0xFDBE, 0xFDBE, 0xFDBE, 0xFDBE, 0xFDBE, 0xFDBE, 
    0xFDBE, 0xFDBE, 0xFDBE, 0xFDBE, 0xFDBE, 0xFDBE, 0xFDBE, 0xFDBE, 0xFDBE, 0xFDBE, 0xFDBE, 0xFDBE, 
    0xFDBE, 0x1DBF, 0x5785, 0x7785, 0x1EBF, 0xFDBE, 0xFDBE, 0xFDBE, 0xFDBE, 0xFDBE, 0xFDBE, 0xFDBE, 
    0xFDBE, 0xFDBE, 0xFDBE, 0xFDBE, 0xFDBE, 0xFDBE, 0xFDBE, 0xFDBE, 0xFDBE, 0xFDBE, 0xFDBE, 0xFDBE, 
    0xFDBE, 0xFDBE, 0xFDBE, 0xFDBE, 0xFDBE, 0xFDBE, 0xFDBE, 0xFDBE, 0xFDBE, 0xFDBE, 0xFDBE, 0xFDBE, 
    0xFDBE, 0xFDBE, 0xFDBE, 0xFDBE, 0xFDBE, 0xFDBE, 0xFDBE, 0xFDBE, 0xFDBE, 0xFDBE, 0xFDBE, 0xFDBE, 
    0xFDBE, 0xFDBE, 0xFDBE, 0xFDBE, 0xFDBE, 0xFDBE, 0xFDBE, 0xFDBE, 0xFDBE, 0xFDBE, 0xFDBE, 0xFDBE, 
    0xFDBE, 0xFDBE, 0xFDBE, 0xFDBE, 0xFDBE, 0xFDBE, 0xFDBE, 0xFDBE, 0xFDBE, 0xFDBE, 0xFDBE, 0xFDBE, 
    0xFDBE, 0xFDBE, 0xFDBE, 0xFDBE, 0x1DBF, 0x7785, 0x367D, 0x1EBF, 0xFDBE, 0xFDBE, 0xFDBE, 0xFDBE, 
    0xFDBE, 0x1DBF, 0xFDBE, 0xFDBE, 0xFDBE, 0xFDBE, 0xFDBE, 0xFDBE, 0xFDBE, 0xFDBE, 0xFDBE, 0xFDBE, 
    0xFDBE, 0xFDBE, 0xFDBE, 0xFDBE, 0xFDBE, 0xFDBE, 0xFDBE, 0xFDBE, 0xFDBE, 0xFDBE, 0x1DBF, 0x9BAE, 
    
    0xA631, 0x5AAE, 0x3EBF, 0xFDBE, 0xFDBE, 0x1DBF, 0x1DB7, 0xFEBE, 0xFDBE, 0x1DB7, 0xFDBE, 0xFDBE, 
    0xFDBE, 0xFDBE, 0xFDBE, 0xFDBE, 0xFDBE, 0xFDBE, 0xFDBE, 0xFDBE, 0xFDBE, 0xFDBE, 0xFDBE, 0xFDBE, 
    0xFDBE, 0xFDBE, 0xFDBE, 0xFDBE, 0xFDBE, 0xFDBE, 0x1EB7, 0xFDBE, 0xFDBE, 0x1EBF, 0x9CAE, 0xD66C, 
    0x79C6, 0xBBFF, 0x9CFF, 0x9CFF, 0x9CFF, 0x9CFF, 0x7BFF, 0xDDFF, 0xD7AD, 0x367D, 0xFEB6, 0xFDBE, 
    0xFDBE, 0xFDBE, 0xFDBE, 0xFDBE, 0xFDBE, 0xFDBE, 0xFDBE, 0xFDBE, 0xFDBE, 0xFDBE, 0xFDBE, 0xFDBE, 
    0xFDBE, 0xFDBE, 0xFDBE, 0xFDBE, 0xFDBE, 0xFDBE, 0xFDBE, 0xFDBE, 0xFDBE, 0xFDBE, 0xFDBE, 0xFDBE, 
    0xFDBE, 0xFDBE, 0xFDBE, 0xFDBE, 0xFDBE, 0xFDBE, 0xFDBE, 0xFDBE, 0xFDBE, 0xFDBE, 0xFDBE, 0xFDBE, 
    0xFDBE, 0xFDBE, 0xFDBE, 0xFDBE, 0xFDBE, 0xFDBE, 0xFDBE, 0xFDBE, 0xFDBE, 0xFDBE, 0xFDBE, 0xFDBE, 
    0xFDBE, 0xFDBE, 0xFDBE, 0xFDBE, 0xFDBE, 0xFDBE, 0xFDBE, 0xFDBE, 0xFDBE, 0xFDBE, 0xFDBE, 0xFDBE, 
    0x1DBF, 0x7BAE, 0xD574, 0x7BA6, 0x1EBF, 0xFDBE, 0xFDBE, 0xFDBE, 0xFDBE, 0xFDBE, 0xFDBE, 0xFDBE, 
    0xFDBE, 0xFDBE, 0xFDBE, 0xFDBE, 0xFDBE, 0xFDBE, 0xFDBE, 0xFDBE, 0xFDBE, 0xFDBE, 0xFDBE, 0xFDBE, 
    0xFDBE, 0xFDBE, 0xFDBE, 0xFDBE, 0xFDBE, 0xFDBE, 0xFDBE, 0xFDBE, 0xFDBE, 0xFDBE, 0xFDBE, 0xFDBE, 
    0xFDBE, 0xFDBE, 0xFDBE, 0xFDBE, 0xFDBE, 0xFDBE, 0xFDBE, 0xFDBE, 0xFDBE, 0xFDBE, 0xFDBE, 0xFDBE, 
    0xFDBE, 0xFDBE, 0xFDBE, 0xFDBE, 0xFDBE, 0xFDBE, 0xFDBE, 0xFDBE, 0xFDBE, 0xFDBE, 0xFDBE, 0xFDBE, 
    0xFDBE, 0xFDBE, 0xFDBE, 0xFDBE, 0xFDBE, 0xFDBE, 0xFDBE, 0xFDBE, 0xFDBE, 0x1DBF, 0x5785, 0x7785, 
    0x1EBF, 0xFDBE, 0xFDBE, 0xFDBE, 0xFDBE, 0xFDBE, 0xFDBE, 0xFDBE, 0xFDBE, 0xFDBE, 0xFDBE, 0xFDBE, 
    0xFDBE, 0xFDBE, 0xFDBE, 0xFDBE, 0xFDBE, 0xFDBE, 0xFDBE, 0xFDBE, 0xFDBE, 0xFDBE, 0xFDBE, 0xFDBE, 
    0xFDBE, 0xFDBE, 0xFDBE, 0xFDBE, 0xFDBE, 0xFDBE, 0xFDBE, 0xFDBE, 0xFDBE, 0xFDBE, 0xFDBE, 0xFDBE, 
    0xFDBE, 0xFDBE, 0xFDBE, 0xFDBE, 0xFDBE, 0xFDBE, 0xFDBE, 0xFDBE, 0xFDBE, 0xFDBE, 0xFDBE, 0xFDBE, 
    0xFDBE, 0xFDBE, 0xFDBE, 0xFDBE, 0xFDBE, 0xFDBE, 0xFDBE, 0xFDBE, 0xFDBE, 0xFDBE, 0xFDBE, 0xFDBE, 
    0xFDBE, 0xFDBE, 0xFDBE, 0xFDBE, 0xFDBE, 0xFDBE, 0xFDBE, 0xFDBE, 0xFDBE, 0xFDBE, 0xFDBE, 0xFDBE, 
    0x1DBF, 0x7785, 0x367D, 0x1EBF, 0xFDBE, 0xFDBE, 0xFDBE, 0xFDBE, 0xFDBE, 0x1DBF, 0xFDBE, 0xFDBE, 
    0xFDBE, 0xFDBE, 0xFDBE, 0xFDBE, 0xFDBE, 0xFDBE, 0xFDBE, 0xFDBE, 0xFDBE, 0xFDBE, 0xFDBE, 0xFDBE, 
    0xFDBE, 0xFDBE, 0xFDBE, 0xFDBE, 0xFDBE, 0xFDBE, 0x1DBF, 0x9BAE, 
    0xA631, 0x5AAE, 0x3EBF, 0xFDBE, 
    0xFDBE, 0x1DBF, 0x1DB7, 0xFEBE, 0xFDBE, 0x1DB7, 0xFDBE, 0xFDBE, 0xFDBE, 0xFDBE, 0xFDBE, 0xFDBE, 
    0xFDBE, 0xFDBE, 0xFDBE, 0xFDBE, 0xFDBE, 0xFDBE, 0xFDBE, 0xFDBE, 0xFDBE, 0xFDBE, 0xFDBE, 0xFDBE, 
    0xFDBE, 0xFDBE, 0x1EB7, 0xFDBE, 0xFDBE, 0x1EBF, 0x9CAE, 0xD66C, 0x79C6, 0xBBFF, 0x9CFF, 0x9CFF, 
    0x9CFF, 0x9CFF, 0x7BFF, 0xDDFF, 0xD7AD, 0x367D, 0xFEB6, 0xFDBE, 0xFDBE, 0xFDBE, 0xFDBE, 0xFDBE, 
    0xFDBE, 0xFDBE, 0xFDBE, 0xFDBE, 0xFDBE, 0xFDBE, 0xFDBE, 0xFDBE, 0xFDBE, 0xFDBE, 0xFDBE, 0xFDBE, 
    0xFDBE, 0xFDBE, 0xFDBE, 0xFDBE, 0xFDBE, 0xFDBE, 0xFDBE, 0xFDBE, 0xFDBE, 0xFDBE, 0xFDBE, 0xFDBE, 
    0xFDBE, 0xFDBE, 0xFDBE, 0xFDBE, 0xFDBE, 0xFDBE, 0xFDBE, 0xFDBE, 0xFDBE, 0xFDBE, 0xFDBE, 0xFDBE, 
    0xFDBE, 0xFDBE, 0xFDBE, 0xFDBE, 0xFDBE, 0xFDBE, 0xFDBE, 0xFDBE, 0xFDBE, 0xFDBE, 0xFDBE, 0xFDBE, 
    0xFDBE, 0xFDBE, 0xFDBE, 0xFDBE, 0xFDBE, 0xFDBE, 0xFDBE, 0xFDBE, 0x1DBF, 0x7BAE, 0xD574, 0x7BA6, 
    0x1EBF, 0xFDBE, 0xFDBE, 0xFDBE, 0xFDBE, 0xFDBE, 0xFDBE, 0xFDBE, 0xFDBE, 0xFDBE, 0xFDBE, 0xFDBE, 
    0xFDBE, 0xFDBE, 0xFDBE, 0xFDBE, 0xFDBE, 0xFDBE, 0xFDBE, 0xFDBE, 0xFDBE, 0xFDBE, 0xFDBE, 0xFDBE, 
    0xFDBE, 0xFDBE, 0xFDBE, 0xFDBE, 0xFDBE, 0xFDBE, 0xFDBE, 0xFDBE, 0xFDBE, 0xFDBE, 0xFDBE, 0xFDBE, 
    0xFDBE, 0xFDBE, 0xFDBE, 0xFDBE, 0xFDBE, 0xFDBE, 0xFDBE, 0xFDBE, 0xFDBE, 0xFDBE, 0xFDBE, 0xFDBE, 
    0xFDBE, 0xFDBE, 0xFDBE, 0xFDBE, 0xFDBE, 0xFDBE, 0xFDBE, 0xFDBE, 0xFDBE, 0xFDBE, 0xFDBE, 0xFDBE, 
    0xFDBE, 0xFDBE, 0xFDBE, 0xFDBE, 0xFDBE, 0x1DBF, 0x5785, 0x7785, 0x1EBF, 0xFDBE, 0xFDBE, 0xFDBE, 
    0xFDBE, 0xFDBE, 0xFDBE, 0xFDBE, 0xFDBE, 0xFDBE, 0xFDBE, 0xFDBE, 0xFDBE, 0xFDBE, 0xFDBE, 0xFDBE, 
    0xFDBE, 0xFDBE, 0xFDBE, 0xFDBE, 0xFDBE, 0xFDBE, 0xFDBE, 0xFDBE, 0xFDBE, 0xFDBE, 0xFDBE, 0xFDBE, 
    0xFDBE, 0xFDBE, 0xFDBE, 0xFDBE, 0xFDBE, 0xFDBE, 0xFDBE, 0xFDBE, 0xFDBE, 0xFDBE, 0xFDBE, 0xFDBE, 
    0xFDBE, 0xFDBE, 0xFDBE, 0xFDBE, 0xFDBE, 0xFDBE, 0xFDBE, 0xFDBE, 0xFDBE, 0xFDBE, 0xFDBE, 0xFDBE, 
    0xFDBE, 0xFDBE, 0xFDBE, 0xFDBE, 0xFDBE, 0xFDBE, 0xFDBE, 0xFDBE, 0xFDBE, 0xFDBE, 0xFDBE, 0xFDBE, 
    0xFDBE, 0xFDBE, 0xFDBE, 0xFDBE, 0xFDBE, 0xFDBE, 0xFDBE, 0xFDBE, 0x1DBF, 0x7785, 0x367D, 0x1EBF, 
    0xFDBE, 0xFDBE, 0xFDBE, 0xFDBE, 0xFDBE, 0x1DBF, 0xFDBE, 0xFDBE, 0xFDBE, 0xFDBE, 0xFDBE, 0xFDBE, 
    0xFDBE, 0xFDBE, 0xFDBE, 0xFDBE, 0xFDBE, 0xFDBE, 0xFDBE, 0xFDBE, 0xFDBE, 0xFDBE, 0xFDBE, 0xFDBE, 
    0xFDBE, 0xFDBE, 0x1DBF, 0x9BAE, 
    0xA631, 0x5AAE, 0x3EBF, 0xFDBE, 0xFDBE, 0x1DBF, 0x1DB7, 0xFEBE, 
    0xFDBE, 0x1DB7, 0xFDBE, 0xFDBE, 0xFDBE, 0xFDBE, 0xFDBE, 0xFDBE, 0xFDBE, 0xFDBE, 0xFDBE, 0xFDBE, 
    0xFDBE, 0xFDBE, 0xFDBE, 0xFDBE, 0xFDBE, 0xFDBE, 0xFDBE, 0xFDBE, 0xFDBE, 0xFDBE, 0x1EB7, 0xFDBE, 
    0xFDBE, 0x1EBF, 0x9CAE, 0xD66C, 0x79C6, 0xBBFF, 0x9CFF, 0x9CFF, 0x9CFF, 0x9CFF, 0x7BFF, 0xDDFF, 
    0xD7AD, 0x367D, 0xFEB6, 0xFDBE, 0xFDBE, 0xFDBE, 0xFDBE, 0xFDBE, 0xFDBE, 0xFDBE, 0xFDBE, 0xFDBE, 
    0xFDBE, 0xFDBE, 0xFDBE, 0xFDBE, 0xFDBE, 0xFDBE, 0xFDBE, 0xFDBE, 0xFDBE, 0xFDBE, 0xFDBE, 0xFDBE, 
    0xFDBE, 0xFDBE, 0xFDBE, 0xFDBE, 0xFDBE, 0xFDBE, 0xFDBE, 0xFDBE, 0xFDBE, 0xFDBE, 0xFDBE, 0xFDBE, 
    0xFDBE, 0xFDBE, 0xFDBE, 0xFDBE, 0xFDBE, 0xFDBE, 0xFDBE, 0xFDBE, 0xFDBE, 0xFDBE, 0xFDBE, 0xFDBE, 
    0xFDBE, 0xFDBE, 0xFDBE, 0xFDBE, 0xFDBE, 0xFDBE, 0xFDBE, 0xFDBE, 0xFDBE, 0xFDBE, 0xFDBE, 0xFDBE, 
    0xFDBE, 0xFDBE, 0xFDBE, 0xFDBE, 0x1DBF, 0x7BAE, 0xD574, 0x7BA6, 0x1EBF, 0xFDBE, 0xFDBE, 0xFDBE, 
    0xFDBE, 0xFDBE, 0xFDBE, 0xFDBE, 0xFDBE, 0xFDBE, 0xFDBE, 0xFDBE, 0xFDBE, 0xFDBE, 0xFDBE, 0xFDBE, 
    0xFDBE, 0xFDBE, 0xFDBE, 0xFDBE, 0xFDBE, 0xFDBE, 0xFDBE, 0xFDBE, 0xFDBE, 0xFDBE, 0xFDBE, 0xFDBE, 
    0xFDBE, 0xFDBE, 0xFDBE, 0xFDBE, 0xFDBE, 0xFDBE, 0xFDBE, 0xFDBE, 0xFDBE, 0xFDBE, 0xFDBE, 0xFDBE, 
    0xFDBE, 0xFDBE, 0xFDBE, 0xFDBE, 0xFDBE, 0xFDBE, 0xFDBE, 0xFDBE, 0xFDBE, 0xFDBE, 0xFDBE, 0xFDBE, 
    0xFDBE, 0xFDBE, 0xFDBE, 0xFDBE, 0xFDBE, 0xFDBE, 0xFDBE, 0xFDBE, 0xFDBE, 0xFDBE, 0xFDBE, 0xFDBE, 
    0xFDBE, 0x1DBF, 0x5785, 0x7785, 0x1EBF, 0xFDBE, 0xFDBE, 0xFDBE, 0xFDBE, 0xFDBE, 0xFDBE, 0xFDBE, 
    0xFDBE, 0xFDBE, 0xFDBE, 0xFDBE, 0xFDBE, 0xFDBE, 0xFDBE, 0xFDBE, 0xFDBE, 0xFDBE, 0xFDBE, 0xFDBE, 
    0xFDBE, 0xFDBE, 0xFDBE, 0xFDBE, 0xFDBE, 0xFDBE, 0xFDBE, 0xFDBE, 0xFDBE, 0xFDBE, 0xFDBE, 0xFDBE, 
    0xFDBE, 0xFDBE, 0xFDBE, 0xFDBE, 0xFDBE, 0xFDBE, 0xFDBE, 0xFDBE, 0xFDBE, 0xFDBE, 0xFDBE, 0xFDBE, 
    0xFDBE, 0xFDBE, 0xFDBE, 0xFDBE, 0xFDBE, 0xFDBE, 0xFDBE, 0xFDBE, 0xFDBE, 0xFDBE, 0xFDBE, 0xFDBE, 
    0xFDBE, 0xFDBE, 0xFDBE, 0xFDBE, 0xFDBE, 0xFDBE, 0xFDBE, 0xFDBE, 0xFDBE, 0xFDBE, 0xFDBE, 0xFDBE, 
    0xFDBE, 0xFDBE, 0xFDBE, 0xFDBE, 0x1DBF, 0x7785, 0x367D, 0x1EBF, 0xFDBE, 0xFDBE, 0xFDBE, 0xFDBE, 
    0xFDBE, 0x1DBF, 0xFDBE, 0xFDBE, 0xFDBE, 0xFDBE, 0xFDBE, 0xFDBE, 0xFDBE, 0xFDBE, 0xFDBE, 0xFDBE, 
    0xFDBE, 0xFDBE, 0xFDBE, 0xFDBE, 0xFDBE, 0xFDBE, 0xFDBE, 0xFDBE, 0xFDBE, 0xFDBE, 0x1DBF, 0x9BAE, 
    
    0xA631, 0x5AAE, 0x3EBF, 0xFDBE, 0xFDBE, 0x1DBF, 0x1DB7, 0xFEBE, 0xFDBE, 0x1DB7, 0xFDBE, 0xFDBE, 
    0xFDBE, 0xFDBE, 0xFDBE, 0xFDBE, 0xFDBE, 0xFDBE, 0xFDBE, 0xFDBE, 0xFDBE, 0xFDBE, 0xFDBE, 0xFDBE, 
    0xFDBE, 0xFDBE, 0xFDBE, 0xFDBE, 0xFDBE, 0xFDBE, 0x1EB7, 0xFDBE, 0xFDBE, 0x1EBF, 0x9CAE, 0xD66C, 
    0x79C6, 0xBBFF, 0x9CFF, 0x9CFF, 0x9CFF, 0x9CFF, 0x7BFF, 0xDDFF, 0xD7AD, 0x167D, 0xFEB6, 0xFDBE, 
    0xFDBE, 0xFDBE, 0xFDBE, 0xFDBE, 0xFDBE, 0xFDBE, 0xFDBE, 0xFDBE, 0xFDBE, 0xFDBE, 0xFDBE, 0xFDBE, 
    0xFDBE, 0xFDBE, 0xFDBE, 0xFDBE, 0xFDBE, 0xFDBE, 0xFDBE, 0xFDBE, 0xFDBE, 0xFDBE, 0xFDBE, 0xFDBE, 
    0xFDBE, 0xFDBE, 0xFDBE, 0xFDBE, 0xFDBE, 0xFDBE, 0xFDBE, 0xFDBE, 0xFDBE, 0xFDBE, 0xFDBE, 0xFDBE, 
    0xFDBE, 0xFDBE, 0xFDBE, 0xFDBE, 0xFDBE, 0xFDBE, 0xFDBE, 0xFDBE, 0xFDBE, 0xFDBE, 0xFDBE, 0xFDBE, 
    0xFDBE, 0xFDBE, 0xFDBE, 0xFDBE, 0xFDBE, 0xFDBE, 0xFDBE, 0xFDBE, 0xFDBE, 0xFDBE, 0xFDBE, 0xFDBE, 
    0x1DBF, 0x7BAE, 0xD574, 0x7BA6, 0x1EBF, 0xFDBE, 0xFDBE, 0xFDBE, 0xFDBE, 0xFDBE, 0xFDBE, 0xFDBE, 
    0xFDBE, 0xFDBE, 0xFDBE, 0xFDBE, 0xFDBE, 0xFDBE, 0xFDBE, 0xFDBE, 0xFDBE, 0xFDBE, 0xFDBE, 0xFDBE, 
    0xFDBE, 0xFDBE, 0xFDBE, 0xFDBE, 0xFDBE, 0xFDBE, 0xFDBE, 0xFDBE, 0xFDBE, 0xFDBE, 0xFDBE, 0xFDBE, 
    0xFDBE, 0xFDBE, 0xFDBE, 0xFDBE, 0xFDBE, 0xFDBE, 0xFDBE, 0xFDBE, 0xFDBE, 0xFDBE, 0xFDBE, 0xFDBE, 
    0xFDBE, 0xFDBE, 0xFDBE, 0xFDBE, 0xFDBE, 0xFDBE, 0xFDBE, 0xFDBE, 0xFDBE, 0xFDBE, 0xFDBE, 0xFDBE, 
    0xFDBE, 0xFDBE, 0xFDBE, 0xFDBE, 0xFDBE, 0xFDBE, 0xFDBE, 0xFDBE, 0xFDBE, 0x1DBF, 0x5785, 0x7785, 
    0x1EBF, 0xFDBE, 0xFDBE, 0xFDBE, 0xFDBE, 0xFDBE, 0xFDBE, 0xFDBE, 0xFDBE, 0xFDBE, 0xFDBE, 0xFDBE, 
    0xFDBE, 0xFDBE, 0xFDBE, 0xFDBE, 0xFDBE, 0xFDBE, 0xFDBE, 0xFDBE, 0xFDBE, 0xFDBE, 0xFDBE, 0xFDBE, 
    0xFDBE, 0xFDBE, 0xFDBE, 0xFDBE, 0xFDBE, 0xFDBE, 0xFDBE, 0xFDBE, 0xFDBE, 0xFDBE, 0xFDBE, 0xFDBE, 
    0xFDBE, 0xFDBE, 0xFDBE, 0xFDBE, 0xFDBE, 0xFDBE, 0xFDBE, 0xFDBE, 0xFDBE, 0xFDBE, 0xFDBE, 0xFDBE, 
    0xFDBE, 0xFDBE, 0xFDBE, 0xFDBE, 0xFDBE, 0xFDBE, 0xFDBE, 0xFDBE, 0xFDBE, 0xFDBE, 0xFDBE, 0xFDBE, 
    0xFDBE, 0xFDBE, 0xFDBE, 0xFDBE, 0xFDBE, 0xFDBE, 0xFDBE, 0xFDBE, 0xFDBE, 0xFDBE, 0xFDBE, 0xFDBE, 
    0x1DBF, 0x7785, 0x367D, 0x1EBF, 0xFDB6, 0xFDBE, 0xFDBE, 0xFDBE, 0xFDBE, 0xFDBE, 0xFDBE, 0xFDBE, 
    0xFDBE, 0xFDBE, 0xFDBE, 0xFDBE, 0xFDBE, 0xFDBE, 0xFDBE, 0xFDBE, 0xFDBE, 0xFDBE, 0xFDBE, 0xFDBE, 
    0xFDBE, 0xFDBE, 0xFDBE, 0xFDBE, 0xFDBE, 0xFDBE, 0x1DBF, 0x9BAE, 
    0xA631, 0x5AAE, 0x3EBF, 0xFDBE, 
    0xFDBE, 0x1DBF, 0x1DB7, 0xFEBE, 0xFDBE, 0x1DB7, 0xFDBE, 0xFDBE, 0xFDBE, 0xFDBE, 0xFDBE, 0xFDBE, 
    0xFDBE, 0xFDBE, 0xFDBE, 0xFDBE, 0xFDBE, 0xFDBE, 0xFDBE, 0xFDBE, 0xFDBE, 0xFDBE, 0xFDBE, 0xFDBE, 
    0xFDBE, 0xFDBE, 0x1EB7, 0xFDBE, 0xFDBE, 0x1EBF, 0x9CAE, 0xD66C, 0x79C6, 0xBBFF, 0x9CFF, 0x9CFF, 
    0x9CFF, 0x9CFF, 0x7BFF, 0xDDFF, 0xD7AD, 0x167D, 0xFEB6, 0xFDBE, 0xFDBE, 0xFDBE, 0xFDBE, 0xFDBE, 
    0xFDBE, 0xFDBE, 0xFDBE, 0xFDBE, 0xFDBE, 0xFDBE, 0xFDBE, 0xFDBE, 0xFDBE, 0xFDBE, 0xFDBE, 0xFDBE, 
    0xFDBE, 0xFDBE, 0xFDBE, 0xFDBE, 0xFDBE, 0xFDBE, 0xFDBE, 0xFDBE, 0xFDBE, 0xFDBE, 0xFDBE, 0xFDBE, 
    0xFDBE, 0xFDBE, 0xFDBE, 0xFDBE, 0xFDBE, 0xFDBE, 0xFDBE, 0xFDBE, 0xFDBE, 0xFDBE, 0xFDBE, 0xFDBE, 
    0xFDBE, 0xFDBE, 0xFDBE, 0xFDBE, 0xFDBE, 0xFDBE, 0xFDBE, 0xFDBE, 0xFDBE, 0xFDBE, 0xFDBE, 0xFDBE, 
    0xFDBE, 0xFDBE, 0xFDBE, 0xFDBE, 0xFDBE, 0xFDBE, 0xFDBE, 0xFDBE, 0x1DBF, 0x7BAE, 0xD574, 0x7BA6, 
    0x1EBF, 0xFDBE, 0xFDBE, 0xFDBE, 0xFDBE, 0xFDBE, 0xFDBE, 0xFDBE, 0xFDBE, 0xFDBE, 0xFDBE, 0xFDBE, 
    0xFDBE, 0xFDBE, 0xFDBE, 0xFDBE, 0xFDBE, 0xFDBE, 0xFDBE, 0xFDBE, 0xFDBE, 0xFDBE, 0xFDBE, 0xFDBE, 
    0xFDBE, 0xFDBE, 0xFDBE, 0xFDBE, 0xFDBE, 0xFDBE, 0xFDBE, 0xFDBE, 0xFDBE, 0xFDBE, 0xFDBE, 0xFDBE, 
    0xFDBE, 0xFDBE, 0xFDBE, 0xFDBE, 0xFDBE, 0xFDBE, 0xFDBE, 0xFDBE, 0xFDBE, 0xFDBE, 0xFDBE, 0xFDBE, 
    0xFDBE, 0xFDBE, 0xFDBE, 0xFDBE, 0xFDBE, 0xFDBE, 0xFDBE, 0xFDBE, 0xFDBE, 0xFDBE, 0xFDBE, 0xFDBE, 
    0xFDBE, 0xFDBE, 0xFDBE, 0xFDBE, 0xFDBE, 0x1DBF, 0x5785, 0x7785, 0x1EBF, 0xFDBE, 0xFDBE, 0xFDBE, 
    0xFDBE, 0xFDBE, 0xFDBE, 0xFDBE, 0xFDBE, 0xFDBE, 0xFDBE, 0xFDBE, 0xFDBE, 0xFDBE, 0xFDBE, 0xFDBE, 
    0xFDBE, 0xFDBE, 0xFDBE, 0xFDBE, 0xFDBE, 0xFDBE, 0xFDBE, 0xFDBE, 0xFDBE, 0xFDBE, 0xFDBE, 0xFDBE, 
    0xFDBE, 0xFDBE, 0xFDBE, 0xFDBE, 0xFDBE, 0xFDBE, 0xFDBE, 0xFDBE, 0xFDBE, 0xFDBE, 0xFDBE, 0xFDBE, 
    0xFDBE, 0xFDBE, 0xFDBE, 0xFDBE, 0xFDBE, 0xFDBE, 0xFDBE, 0xFDBE, 0xFDBE, 0xFDBE, 0xFDBE, 0xFDBE, 
    0xFDBE, 0xFDBE, 0xFDBE, 0xFDBE, 0xFDBE, 0xFDBE, 0xFDBE, 0xFDBE, 0xFDBE, 0xFDBE, 0xFDBE, 0xFDBE, 
    0xFDBE, 0xFDBE, 0xFDBE, 0xFDBE, 0xFDBE, 0xFDBE, 0xFDBE, 0xFDBE, 0x1EBF, 0x7785, 0x367D, 0x1EBF, 
    0xFDB6, 0xFDBE, 0xFDBE, 0xFDBE, 0xFDBE, 0xFDBE, 0xFDBE, 0xFDBE, 0xFDBE, 0xFDBE, 0xFDBE, 0xFDBE, 
    0xFDBE, 0xFDBE, 0xFDBE, 0xFDBE, 0xFDBE, 0xFDBE, 0xFDBE, 0xFDBE, 0xFDBE, 0xFDBE, 0xFDBE, 0xFDBE, 
    0xFDBE, 0xFDBE, 0x1DBF, 0x9BAE, 
    0xA631, 0x5AAE, 0x3EBF, 0xFDBE, 0xFDBE, 0x1DBF, 0x1DB7, 0xFEBE, 
    0xFDBE, 0x1DB7, 0xFDBE, 0xFDBE, 0xFDBE, 0xFDBE, 0xFDBE, 0xFDBE, 0xFDBE, 0xFDBE, 0xFDBE, 0xFDBE, 
    0xFDBE, 0xFDBE, 0xFDBE, 0xFDBE, 0xFDBE, 0xFDBE, 0xFDBE, 0xFDBE, 0xFDBE, 0xFDBE, 0x1EB7, 0xFDBE, 
    0xFDBE, 0x1EBF, 0x9CAE, 0xD66C, 0x79C6, 0xBBFF, 0x9CFF, 0x9CFF, 0x9CFF, 0x9CFF, 0x7BFF, 0xDDFF, 
    0xD7AD, 0x167D, 0xFEB6, 0xFDBE, 0xFDBE, 0xFDBE, 0xFDBE, 0xFDBE, 0xFDBE, 0xFDBE, 0xFDBE, 0xFDBE, 
    0xFDBE, 0xFDBE, 0xFDBE, 0xFDBE, 0xFDBE, 0xFDBE, 0xFDBE, 0xFDBE, 0xFDBE, 0xFDBE, 0xFDBE, 0xFDBE, 
    0xFDBE, 0xFDBE, 0xFDBE, 0xFDBE, 0xFDBE, 0xFDBE, 0xFDBE, 0xFDBE, 0xFDBE, 0xFDBE, 0xFDBE, 0xFDBE, 
    0xFDBE, 0xFDBE, 0xFDBE, 0xFDBE, 0xFDBE, 0xFDBE, 0xFDBE, 0xFDBE, 0xFDBE, 0xFDBE, 0xFDBE, 0xFDBE, 
    0xFDBE, 0xFDBE, 0xFDBE, 0xFDBE, 0xFDBE, 0xFDBE, 0xFDBE, 0xFDBE, 0xFDBE, 0xFDBE, 0xFDBE, 0xFDBE, 
    0xFDBE, 0xFDBE, 0xFDBE, 0xFDBE, 0x1DBF, 0x7BAE, 0xD574, 0x7BA6, 0x1EBF, 0xFDBE, 0xFDBE, 0xFDBE, 
    0xFDBE, 0xFDBE, 0xFDBE, 0xFDBE, 0xFDBE, 0xFDBE, 0xFDBE, 0xFDBE, 0xFDBE, 0xFDBE, 0xFDBE, 0xFDBE, 
    0xFDBE, 0xFDBE, 0xFDBE, 0xFDBE, 0xFDBE, 0xFDBE, 0xFDBE, 0xFDBE, 0xFDBE, 0xFDBE, 0xFDBE, 0xFDBE, 
    0xFDBE, 0xFDBE, 0xFDBE, 0xFDBE, 0xFDBE, 0xFDBE, 0xFDBE, 0xFDBE, 0xFDBE, 0xFDBE, 0xFDBE, 0xFDBE, 
    0xFDBE, 0xFDBE, 0xFDBE, 0xFDBE, 0xFDBE, 0xFDBE, 0xFDBE, 0xFDBE, 0xFDBE, 0xFDBE, 0xFDBE, 0xFDBE, 
    0xFDBE, 0xFDBE, 0xFDBE, 0xFDBE, 0xFDBE, 0xFDBE, 0xFDBE, 0xFDBE, 0xFDBE, 0xFDBE, 0xFDBE, 0xFDBE, 
    0xFDBE, 0x1DBF, 0x5785, 0x7785, 0x1EBF, 0xFDBE, 0xFDBE, 0xFDBE, 0xFDBE, 0xFDBE, 0xFDBE, 0xFDBE, 
    0xFDBE, 0xFDBE, 0xFDBE, 0xFDBE, 0xFDBE, 0xFDBE, 0xFDBE, 0xFDBE, 0xFDBE, 0xFDBE, 0xFDBE, 0xFDBE, 
    0xFDBE, 0xFDBE, 0xFDBE, 0xFDBE, 0xFDBE, 0xFDBE, 0xFDBE, 0xFDBE, 0xFDBE, 0xFDBE, 0xFDBE, 0xFDBE, 
    0xFDBE, 0xFDBE, 0xFDBE, 0xFDBE, 0xFDBE, 0xFDBE, 0xFDBE, 0xFDBE, 0xFDBE, 0xFDBE, 0xFDBE, 0xFDBE, 
    0xFDBE, 0xFDBE, 0xFDBE, 0xFDBE, 0xFDBE, 0xFDBE, 0xFDBE, 0xFDBE, 0xFDBE, 0xFDBE, 0xFDBE, 0xFDBE, 
    0xFDBE, 0xFDBE, 0xFDBE, 0xFDBE, 0xFDBE, 0xFDBE, 0xFDBE, 0xFDBE, 0xFDBE, 0xFDBE, 0xFDBE, 0xFDBE, 
    0xFDBE, 0xFDBE, 0xFDBE, 0xFDBE, 0x1DBF, 0x7785, 0x367D, 0x1EBF, 0xFDBE, 0xFDBE, 0xFDBE, 0xFDBE, 
    0xFDBE, 0xFDBE, 0xFDBE, 0xFDBE, 0xFDBE, 0xFDBE, 0xFDBE, 0xFDBE, 0xFDBE, 0xFDBE, 0xFDBE, 0xFDBE, 
    0xFDBE, 0xFDBE, 0xFDBE, 0xFDBE, 0xFDBE, 0xFDBE, 0xFDBE, 0xFDBE, 0xFDBE, 0xFDBE, 0x1DBF, 0x9BAE, 
    
    0xA631, 0x5AAE, 0x3EBF, 0xFDBE, 0xFDBE, 0x1DBF, 0x1DB7, 0xFEBE, 0xFDBE, 0x1DB7, 0xFDBE, 0xFDBE, 
    0xFDBE, 0xFDBE, 0xFDBE, 0xFDBE, 0xFDBE, 0xFDBE, 0xFDBE, 0xFDBE, 0xFDBE, 0xFDBE, 0xFDBE, 0xFDBE, 
    0xFDBE, 0xFDBE, 0xFDBE, 0xFDBE, 0xFDBE, 0xFDBE, 0x1EB7, 0xFDBE, 0xFDBE, 0x1EBF, 0x9CAE, 0xD66C, 
    0x79C6, 0xBBFF, 0x9CFF, 0x9CFF, 0x9CFF, 0x9CFF, 0x7BFF, 0xDDFF, 0xD7AD, 0x167D, 0xFEB6, 0xFDBE, 
    0xFDBE, 0xFDBE, 0xFDBE, 0xFDBE, 0xFDBE, 0xFDBE, 0xFDBE, 0xFDBE, 0xFDBE, 0xFDBE, 0xFDBE, 0xFDBE, 
    0xFDBE, 0xFDBE, 0xFDBE, 0xFDBE, 0xFDBE, 0xFDBE, 0xFDBE, 0xFDBE, 0xFDBE, 0xFDBE, 0xFDBE, 0xFDBE, 
    0xFDBE, 0xFDBE, 0xFDBE, 0xFDBE, 0xFDBE, 0xFDBE, 0xFDBE, 0xFDBE, 0xFDBE, 0xFDBE, 0xFDBE, 0xFDBE, 
    0xFDBE, 0xFDBE, 0xFDBE, 0xFDBE, 0xFDBE, 0xFDBE, 0xFDBE, 0xFDBE, 0xFDBE, 0xFDBE, 0xFDBE, 0xFDBE, 
    0xFDBE, 0xFDBE, 0xFDBE, 0xFDBE, 0xFDBE, 0xFDBE, 0xFDBE, 0xFDBE, 0xFDBE, 0xFDBE, 0xFDBE, 0xFDBE, 
    0x1DBF, 0x7BAE, 0xD574, 0x7BA6, 0x1EBF, 0xFDBE, 0xFDBE, 0xFDBE, 0xFDBE, 0xFDBE, 0xFDBE, 0xFDBE, 
    0xFDBE, 0xFDBE, 0xFDBE, 0xFDBE, 0xFDBE, 0xFDBE, 0xFDBE, 0xFDBE, 0xFDBE, 0xFDBE, 0xFDBE, 0xFDBE, 
    0xFDBE, 0xFDBE, 0xFDBE, 0xFDBE, 0xFDBE, 0xFDBE, 0xFDBE, 0xFDBE, 0xFDBE, 0xFDBE, 0xFDBE, 0xFDBE, 
    0xFDBE, 0xFDBE, 0xFDBE, 0xFDBE, 0xFDBE, 0xFDBE, 0xFDBE, 0xFDBE, 0xFDBE, 0xFDBE, 0xFDBE, 0xFDBE, 
    0xFDBE, 0xFDBE, 0xFDBE, 0xFDBE, 0xFDBE, 0xFDBE, 0xFDBE, 0xFDBE, 0xFDBE, 0xFDBE, 0xFDBE, 0xFDBE, 
    0xFDBE, 0xFDBE, 0xFDBE, 0xFDBE, 0xFDBE, 0xFDBE, 0xFDBE, 0xFDBE, 0xFDBE, 0x1DBF, 0x5785, 0x7785, 
    0x1EBF, 0xFDBE, 0xFDBE, 0xFDBE, 0xFDBE, 0xFDBE, 0xFDBE, 0xFDBE, 0xFDBE, 0xFDBE, 0xFDBE, 0xFDBE, 
    0xFDBE, 0xFDBE, 0xFDBE, 0xFDBE, 0xFDBE, 0xFDBE, 0xFDBE, 0xFDBE, 0xFDBE, 0xFDBE, 0xFDBE, 0xFDBE, 
    0xFDBE, 0xFDBE, 0xFDBE, 0xFDBE, 0xFDBE, 0xFDBE, 0xFDBE, 0xFDBE, 0xFDBE, 0xFDBE, 0xFDBE, 0xFDBE, 
    0xFDBE, 0xFDBE, 0xFDBE, 0xFDBE, 0xFDBE, 0xFDBE, 0xFDBE, 0xFDBE, 0xFDBE, 0xFDBE, 0xFDBE, 0xFDBE, 
    0xFDBE, 0xFDBE, 0xFDBE, 0xFDBE, 0xFDBE, 0xFDBE, 0xFDBE, 0xFDBE, 0xFDBE, 0xFDBE, 0xFDBE, 0xFDBE, 
    0xFDBE, 0xFDBE, 0xFDBE, 0xFDBE, 0xFDBE, 0xFDBE, 0xFDBE, 0xFDBE, 0xFDBE, 0xFDBE, 0xFDBE, 0xFDBE, 
    0x1DBF, 0x7785, 0x367D, 0x1EBF, 0x1DBF, 0x1DBF, 0xFDBE, 0xFDBE, 0xFDBE, 0xFDBE, 0xFDBE, 0xFDBE, 
    0xFDBE, 0xFDBE, 0xFDBE, 0xFDBE, 0xFDBE, 0xFDBE, 0xFDBE, 0xFDBE, 0xFDBE, 0xFDBE, 0xFDBE, 0xFDBE, 
    0xFDBE, 0xFDBE, 0xFDBE, 0xFDBE, 0xFDBE, 0xFDBE, 0x1DBF, 0x9BAE, 
    0xA631, 0x5AAE, 0x3EBF, 0xFDBE, 
    0xFDBE, 0x1DBF, 0x1DB7, 0xFEBE, 0xFDBE, 0x1DB7, 0xFDBE, 0xFDBE, 0xFDBE, 0xFDBE, 0xFDBE, 0xFDBE, 
    0xFDBE, 0xFDBE, 0xFDBE, 0xFDBE, 0xFDBE, 0xFDBE, 0xFDBE, 0xFDBE, 0xFDBE, 0xFDBE, 0xFDBE, 0xFDBE, 
    0xFDBE, 0xFDBE, 0x1EB7, 0xFDBE, 0xFDBE, 0x1EBF, 0x9CAE, 0xD66C, 0x79C6, 0xBBFF, 0x9CFF, 0x9CFF, 
    0x9CFF, 0x9CFF, 0x7BFF, 0xDDFF, 0xD7AD, 0x167D, 0xFEB6, 0xFDBE, 0xFDBE, 0xFDBE, 0xFDBE, 0xFDBE, 
    0xFDBE, 0xFDBE, 0xFDBE, 0xFDBE, 0xFDBE, 0xFDBE, 0xFDBE, 0xFDBE, 0xFDBE, 0xFDBE, 0xFDBE, 0xFDBE, 
    0xFDBE, 0xFDBE, 0xFDBE, 0xFDBE, 0xFDBE, 0xFDBE, 0xFDBE, 0xFDBE, 0xFDBE, 0xFDBE, 0xFDBE, 0xFDBE, 
    0xFDBE, 0xFDBE, 0xFDBE, 0xFDBE, 0xFDBE, 0xFDBE, 0xFDBE, 0xFDBE, 0xFDBE, 0xFDBE, 0xFDBE, 0xFDBE, 
    0xFDBE, 0xFDBE, 0xFDBE, 0xFDBE, 0xFDBE, 0xFDBE, 0xFDBE, 0xFDBE, 0xFDBE, 0xFDBE, 0xFDBE, 0xFDBE, 
    0xFDBE, 0xFDBE, 0xFDBE, 0xFDBE, 0xFDBE, 0xFDBE, 0xFDBE, 0xFDBE, 0x1DBF, 0x7BAE, 0xD574, 0x7BA6, 
    0x1EBF, 0xFDBE, 0xFDBE, 0xFDBE, 0xFDBE, 0xFDBE, 0xFDBE, 0xFDBE, 0xFDBE, 0xFDBE, 0xFDBE, 0xFDBE, 
    0xFDBE, 0xFDBE, 0xFDBE, 0xFDBE, 0xFDBE, 0xFDBE, 0xFDBE, 0xFDBE, 0xFDBE, 0xFDBE, 0xFDBE, 0xFDBE, 
    0xFDBE, 0xFDBE, 0xFDBE, 0xFDBE, 0xFDBE, 0xFDBE, 0xFDBE, 0xFDBE, 0xFDBE, 0xFDBE, 0xFDBE, 0xFDBE, 
    0xFDBE, 0xFDBE, 0xFDBE, 0xFDBE, 0xFDBE, 0xFDBE, 0xFDBE, 0xFDBE, 0xFDBE, 0xFDBE, 0xFDBE, 0xFDBE, 
    0xFDBE, 0xFDBE, 0xFDBE, 0xFDBE, 0xFDBE, 0xFDBE, 0xFDBE, 0xFDBE, 0xFDBE, 0xFDBE, 0xFDBE, 0xFDBE, 
    0xFDBE, 0xFDBE, 0xFDBE, 0xFDBE, 0xFDBE, 0x1DBF, 0x5785, 0x7785, 0x1EBF, 0xFDBE, 0xFDBE, 0xFDBE, 
    0xFDBE, 0xFDBE, 0xFDBE, 0xFDBE, 0xFDBE, 0xFDBE, 0xFDBE, 0xFDBE, 0xFDBE, 0xFDBE, 0xFDBE, 0xFDBE, 
    0xFDBE, 0xFDBE, 0xFDBE, 0xFDBE, 0xFDBE, 0xFDBE, 0xFDBE, 0xFDBE, 0xFDBE, 0xFDBE, 0xFDBE, 0xFDBE, 
    0xFDBE, 0xFDBE, 0xFDBE, 0xFDBE, 0xFDBE, 0xFDBE, 0xFDBE, 0xFDBE, 0xFDBE, 0xFDBE, 0xFDBE, 0xFDBE, 
    0xFDBE, 0xFDBE, 0xFDBE, 0xFDBE, 0xFDBE, 0xFDBE, 0xFDBE, 0xFDBE, 0xFDBE, 0xFDBE, 0xFDBE, 0xFDBE, 
    0xFDBE, 0xFDBE, 0xFDBE, 0xFDBE, 0xFDBE, 0xFDBE, 0xFDBE, 0xFDBE, 0xFDBE, 0xFDBE, 0xFDBE, 0xFDBE, 
    0xFDBE, 0xFDBE, 0xFDBE, 0xFDBE, 0xFDBE, 0xFDBE, 0xFDBE, 0xFDBE, 0x1DBF, 0x7785, 0x367D, 0x1DBF, 
    0xFDBE, 0xFDBE, 0xFDBE, 0xFDBE, 0xFDBE, 0xFDBE, 0xFDBE, 0xFDBE, 0xFDBE, 0xFDBE, 0xFDBE, 0xFDBE, 
    0xFDBE, 0xFDBE, 0xFDBE, 0xFDBE, 0xFDBE, 0xFDBE, 0xFDBE, 0xFDBE, 0xFDBE, 0xFDBE, 0xFDBE, 0xFDBE, 
    0xFDBE, 0xFDBE, 0x1DBF, 0x9BAE, 
    0xA631, 0x5AAE, 0x3EBF, 0xFDBE, 0xFDBE, 0x1DBF, 0x1DB7, 0xFEBE, 
    0xFDBE, 0x1DB7, 0xFDBE, 0xFDBE, 0xFDBE, 0xFDBE, 0xFDBE, 0xFDBE, 0xFDBE, 0xFDBE, 0xFDBE, 0xFDBE, 
    0xFDBE, 0xFDBE, 0xFDBE, 0xFDBE, 0xFDBE, 0xFDBE, 0xFDBE, 0xFDBE, 0xFDBE, 0xFDBE, 0x1EB7, 0xFDBE, 
    0xFDBE, 0x1EBF, 0x9CAE, 0xD66C, 0x79C6, 0xBBFF, 0x9CFF, 0x9CFF, 0x9CFF, 0x9CFF, 0x7BFF, 0xDDFF, 
    0xD7AD, 0x167D, 0xFEB6, 0xFDBE, 0xFDBE, 0xFDBE, 0xFDBE, 0xFDBE, 0xFDBE, 0xFDBE, 0xFDBE, 0xFDBE, 
    0xFDBE, 0xFDBE, 0xFDBE, 0xFDBE, 0xFDBE, 0xFDBE, 0xFDBE, 0xFDBE, 0xFDBE, 0xFDBE, 0xFDBE, 0xFDBE, 
    0xFDBE, 0xFDBE, 0xFDBE, 0xFDBE, 0xFDBE, 0xFDBE, 0xFDBE, 0xFDBE, 0xFDBE, 0xFDBE, 0xFDBE, 0xFDBE, 
    0xFDBE, 0xFDBE, 0xFDBE, 0xFDBE, 0xFDBE, 0xFDBE, 0xFDBE, 0xFDBE, 0xFDBE, 0xFDBE, 0xFDBE, 0xFDBE, 
    0xFDBE, 0xFDBE, 0xFDBE, 0xFDBE, 0xFDBE, 0xFDBE, 0xFDBE, 0xFDBE, 0xFDBE, 0xFDBE, 0xFDBE, 0xFDBE, 
    0xFDBE, 0xFDBE, 0xFDBE, 0xFDBE, 0x1DBF, 0x7BAE, 0xD574, 0x7BA6, 0x1EBF, 0xFDBE, 0xFDBE, 0xFDBE, 
    0xFDBE, 0xFDBE, 0xFDBE, 0xFDBE, 0xFDBE, 0xFDBE, 0xFDBE, 0xFDBE, 0xFDBE, 0xFDBE, 0xFDBE, 0xFDBE, 
    0xFDBE, 0xFDBE, 0xFDBE, 0xFDBE, 0xFDBE, 0xFDBE, 0xFDBE, 0xFDBE, 0xFDBE, 0xFDBE, 0xFDBE, 0xFDBE, 
    0xFDBE, 0xFDBE, 0xFDBE, 0xFDBE, 0xFDBE, 0xFDBE, 0xFDBE, 0xFDBE, 0xFDBE, 0xFDBE, 0xFDBE, 0xFDBE, 
    0xFDBE, 0xFDBE, 0xFDBE, 0xFDBE, 0xFDBE, 0xFDBE, 0xFDBE, 0xFDBE, 0xFDBE, 0xFDBE, 0xFDBE, 0xFDBE, 
    0xFDBE, 0xFDBE, 0xFDBE, 0xFDBE, 0xFDBE, 0xFDBE, 0xFDBE, 0xFDBE, 0xFDBE, 0xFDBE, 0xFDBE, 0xFDBE, 
    0xFDBE, 0x1DBF, 0x5785, 0x7785, 0x1EBF, 0xFDBE, 0xFDBE, 0xFDBE, 0xFDBE, 0xFDBE, 0xFDBE, 0xFDBE, 
    0xFDBE, 0xFDBE, 0xFDBE, 0xFDBE, 0xFDBE, 0xFDBE, 0xFDBE, 0xFDBE, 0xFDBE, 0xFDBE, 0xFDBE, 0xFDBE, 
    0xFDBE, 0xFDBE, 0xFDBE, 0xFDBE, 0xFDBE, 0xFDBE, 0xFDBE, 0xFDBE, 0xFDBE, 0xFDBE, 0xFDBE, 0xFDBE, 
    0xFDBE, 0xFDBE, 0xFDBE, 0xFDBE, 0xFDBE, 0xFDBE, 0xFDBE, 0xFDBE, 0xFDBE, 0xFDBE, 0xFDBE, 0xFDBE, 
    0xFDBE, 0xFDBE, 0xFDBE, 0xFDBE, 0xFDBE, 0xFDBE, 0xFDBE, 0xFDBE, 0xFDBE, 0xFDBE, 0xFDBE, 0xFDBE, 
    0xFDBE, 0xFDBE, 0xFDBE, 0xFDBE, 0xFDBE, 0xFDBE, 0xFDBE, 0xFDBE, 0xFDBE, 0xFDBE, 0xFDBE, 0xFDBE, 
    0xFDBE, 0xFDBE, 0xFDBE, 0xFDBE, 0x1DBF, 0x7785, 0x367D, 0x1DBF, 0xFDBE, 0xFDBE, 0xFDBE, 0xFDBE, 
    0xFDBE, 0xFDBE, 0xFDBE, 0xFDBE, 0xFDBE, 0xFDBE, 0xFDBE, 0xFDBE, 0xFDBE, 0xFDBE, 0xFDBE, 0xFDBE, 
    0xFDBE, 0xFDBE, 0xFDBE, 0xFDBE, 0xFDBE, 0xFDBE, 0xFDBE, 0xFDBE, 0xFDBE, 0xFDBE, 0x1DBF, 0x9BAE, 
    
    0xA631, 0x5AAE, 0x3EBF, 0xFDBE, 0xFDBE, 0x1DBF, 0x1DB7, 0xFEBE, 0xFDBE, 0x1DB7, 0xFDBE, 0xFDBE, 
    0xFDBE, 0xFDBE, 0xFDBE, 0xFDBE, 0xFDBE, 0xFDBE, 0xFDBE, 0xFDBE, 0xFDBE, 0xFDBE, 0xFDBE, 0xFDBE, 
    0xFDBE, 0xFDBE, 0xFDBE, 0xFDBE, 0xFDBE, 0xFDBE, 0x1EB7, 0xFDBE, 0xFDBE, 0x1EBF, 0x9CAE, 0xD66C, 
    0x79C6, 0xBBFF, 0x9CFF, 0x9CFF, 0x9CFF, 0x9CFF, 0x7BFF, 0xDDFF, 0xD7AD, 0x167D, 0xFEB6, 0xFDBE, 
    0xFDBE, 0xFDBE, 0xFDBE, 0xFDBE, 0xFDBE, 0xFDBE, 0xFDBE, 0xFDBE, 0xFDBE, 0xFDBE, 0xFDBE, 0xFDBE, 
    0xFDBE, 0xFDBE, 0xFDBE, 0xFDBE, 0xFDBE, 0xFDBE, 0xFDBE, 0xFDBE, 0xFDBE, 0xFDBE, 0xFDBE, 0xFDBE, 
    0xFDBE, 0xFDBE, 0xFDBE, 0xFDBE, 0xFDBE, 0xFDBE, 0xFDBE, 0xFDBE, 0xFDBE, 0xFDBE, 0xFDBE, 0xFDBE, 
    0xFDBE, 0xFDBE, 0xFDBE, 0xFDBE, 0xFDBE, 0xFDBE, 0xFDBE, 0xFDBE, 0xFDBE, 0xFDBE, 0xFDBE, 0xFDBE, 
    0xFDBE, 0xFDBE, 0xFDBE, 0xFDBE, 0xFDBE, 0xFDBE, 0xFDBE, 0xFDBE, 0xFDBE, 0xFDBE, 0xFDBE, 0xFDBE, 
    0x1DBF, 0x7BAE, 0xD574, 0x7BA6, 0x1EBF, 0xFDBE, 0xFDBE, 0xFDBE, 0xFDBE, 0xFDBE, 0xFDBE, 0xFDBE, 
    0xFDBE, 0xFDBE, 0xFDBE, 0xFDBE, 0xFDBE, 0xFDBE, 0xFDBE, 0xFDBE, 0xFDBE, 0xFDBE, 0xFDBE, 0xFDBE, 
    0xFDBE, 0xFDBE, 0xFDBE, 0xFDBE, 0xFDBE, 0xFDBE, 0xFDBE, 0xFDBE, 0xFDBE, 0xFDBE, 0xFDBE, 0xFDBE, 
    0xFDBE, 0xFDBE, 0xFDBE, 0xFDBE, 0xFDBE, 0xFDBE, 0xFDBE, 0xFDBE, 0xFDBE, 0xFDBE, 0xFDBE, 0xFDBE, 
    0xFDBE, 0xFDBE, 0xFDBE, 0xFDBE, 0xFDBE, 0xFDBE, 0xFDBE, 0xFDBE, 0xFDBE, 0xFDBE, 0xFDBE, 0xFDBE, 
    0xFDBE, 0xFDBE, 0xFDBE, 0xFDBE, 0xFDBE, 0xFDBE, 0xFDBE, 0xFDBE, 0xFDBE, 0x1DBF, 0x5785, 0x7785, 
    0x1EBF, 0xFDBE, 0xFDBE, 0xFDBE, 0xFDBE, 0xFDBE, 0xFDBE, 0xFDBE, 0xFDBE, 0xFDBE, 0xFDBE, 0xFDBE, 
    0xFDBE, 0xFDBE, 0xFDBE, 0xFDBE, 0xFDBE, 0xFDBE, 0xFDBE, 0xFDBE, 0xFDBE, 0xFDBE, 0xFDBE, 0xFDBE, 
    0xFDBE, 0xFDBE, 0xFDBE, 0xFDBE, 0xFDBE, 0xFDBE, 0xFDBE, 0xFDBE, 0xFDBE, 0xFDBE, 0xFDBE, 0xFDBE, 
    0xFDBE, 0xFDBE, 0xFDBE, 0xFDBE, 0xFDBE, 0xFDBE, 0xFDBE, 0xFDBE, 0xFDBE, 0xFDBE, 0xFDBE, 0xFDBE, 
    0xFDBE, 0xFDBE, 0xFDBE, 0xFDBE, 0xFDBE, 0xFDBE, 0xFDBE, 0xFDBE, 0xFDBE, 0xFDBE, 0xFDBE, 0xFDBE, 
    0xFDBE, 0xFDBE, 0xFDBE, 0xFDBE, 0xFDBE, 0xFDBE, 0xFDBE, 0xFDBE, 0xFDBE, 0xFDBE, 0xFDBE, 0xFDBE, 
    0xFDBE, 0x978D, 0x157D, 0x3EBF, 0x1DBF, 0x1DBF, 0x1DBF, 0xFDBE, 0x1DBF, 0x1DBF, 0x1EBF, 0xFDBE, 
    0xFDBE, 0x1DBF, 0x1DBF, 0x1DBF, 0xFDBE, 0xFDBE, 0xFDBE, 0xFDBE, 0xFDBE, 0xFDBE, 0xFDBE, 0xFDBE, 
    0xFDBE, 0xFDBE, 0xFDBE, 0xFDBE, 0xFDBE, 0xFDBE, 0x1DBF, 0x9BAE, 
    0xA631, 0x5AAE, 0x3EBF, 0xFDBE, 
    0xFDBE, 0x1DBF, 0x1DB7, 0xFEBE, 0xFDBE, 0x1DB7, 0xFDBE, 0xFDBE, 0xFDBE, 0xFDBE, 0xFDBE, 0xFDBE, 
    0xFDBE, 0xFDBE, 0xFDBE, 0xFDBE, 0xFDBE, 0xFDBE, 0xFDBE, 0xFDBE, 0xFDBE, 0xFDBE, 0xFDBE, 0xFDBE, 
    0xFDBE, 0xFDBE, 0x1EB7, 0xFDBE, 0xFDBE, 0x1EBF, 0x9CAE, 0xD66C, 0x79C6, 0xBBFF, 0x9CFF, 0x9CFF, 
    0x9CFF, 0x9CFF, 0x7BFF, 0xDDFF, 0xD7AD, 0x167D, 0xFEB6, 0xFDBE, 0xFDBE, 0xFDBE, 0xFDBE, 0xFDBE, 
    0xFDBE, 0xFDBE, 0xFDBE, 0xFDBE, 0xFDBE, 0xFDBE, 0xFDBE, 0xFDBE, 0xFDBE, 0xFDBE, 0xFDBE, 0xFDBE, 
    0xFDBE, 0xFDBE, 0xFDBE, 0xFDBE, 0xFDBE, 0xFDBE, 0xFDBE, 0xFDBE, 0xFDBE, 0xFDBE, 0xFDBE, 0xFDBE, 
    0xFDBE, 0xFDBE, 0xFDBE, 0xFDBE, 0xFDBE, 0xFDBE, 0xFDBE, 0xFDBE, 0xFDBE, 0xFDBE, 0xFDBE, 0xFDBE, 
    0xFDBE, 0xFDBE, 0xFDBE, 0xFDBE, 0xFDBE, 0xFDBE, 0xFDBE, 0xFDBE, 0xFDBE, 0xFDBE, 0xFDBE, 0xFDBE, 
    0xFDBE, 0xFDBE, 0xFDBE, 0xFDBE, 0xFDBE, 0xFDBE, 0xFDBE, 0xFDBE, 0x1DBF, 0x7BAE, 0xD574, 0x7BA6, 
    0x1EBF, 0xFDBE, 0xFDBE, 0xFDBE, 0xFDBE, 0xFDBE, 0xFDBE, 0xFDBE, 0xFDBE, 0xFDBE, 0xFDBE, 0xFDBE, 
    0xFDBE, 0xFDBE, 0xFDBE, 0xFDBE, 0xFDBE, 0xFDBE, 0xFDBE, 0xFDBE, 0xFDBE, 0xFDBE, 0xFDBE, 0xFDBE, 
    0xFDBE, 0xFDBE, 0xFDBE, 0xFDBE, 0xFDBE, 0xFDBE, 0xFDBE, 0xFDBE, 0xFDBE, 0xFDBE, 0xFDBE, 0xFDBE, 
    0xFDBE, 0xFDBE, 0xFDBE, 0xFDBE, 0xFDBE, 0xFDBE, 0xFDBE, 0xFDBE, 0xFDBE, 0xFDBE, 0xFDBE, 0xFDBE, 
    0xFDBE, 0xFDBE, 0xFDBE, 0xFDBE, 0xFDBE, 0xFDBE, 0xFDBE, 0xFDBE, 0xFDBE, 0xFDBE, 0xFDBE, 0xFDBE, 
    0xFDBE, 0xFDBE, 0xFDBE, 0xFDBE, 0xFDBE, 0x1DBF, 0x5785, 0x7785, 0x1EBF, 0xFDBE, 0xFDBE, 0xFDBE, 
    0xFDBE, 0xFDBE, 0xFDBE, 0xFDBE, 0xFDBE, 0xFDBE, 0xFDBE, 0xFDBE, 0xFDBE, 0xFDBE, 0xFDBE, 0xFDBE, 
    0xFDBE, 0xFDBE, 0xFDBE, 0xFDBE, 0xFDBE, 0xFDBE, 0xFDBE, 0xFDBE, 0xFDBE, 0xFDBE, 0xFDBE, 0xFDBE, 
    0xFDBE, 0xFDBE, 0xFDBE, 0xFDBE, 0xFDBE, 0xFDBE, 0xFDBE, 0xFDBE, 0xFDBE, 0xFDBE, 0xFDBE, 0xFDBE, 
    0xFDBE, 0xFDBE, 0xFDBE, 0xFDBE, 0xFDBE, 0xFDBE, 0xFDBE, 0xFDBE, 0xFDBE, 0xFDBE, 0xFDBE, 0xFDBE, 
    0xFDBE, 0xFDBE, 0xFDBE, 0xFDBE, 0xFDBE, 0xFDBE, 0xFDBE, 0xFDBE, 0xFDBE, 0xFDBE, 0xFDBE, 0xFDBE, 
    0xFDBE, 0xFDBE, 0xFDBE, 0xFDBE, 0xFDBE, 0xFDBE, 0xFDBE, 0xFDBE, 0x1DBF, 0x7785, 0x367D, 0xFDB6, 
    0xFDB6, 0xFDB6, 0xFDB6, 0xFDB6, 0xFDB6, 0xFDB6, 0xFDB6, 0xFDB6, 0xFDB6, 0xDDB6, 0xBCB6, 0xFDB6, 
    0x1DBF, 0xFDBE, 0xFDBE, 0xFDBE, 0xFDBE, 0xFDBE, 0xFDBE, 0xFDBE, 0xFDBE, 0xFDBE, 0xFDBE, 0xFDBE, 
    0xFDBE, 0xFDBE, 0x1DBF, 0x9BAE, 
    0xA631, 0x5AAE, 0x3EBF, 0xFDBE, 0xFDBE, 0x1DBF, 0x1DB7, 0xFEBE, 
    0xFDBE, 0x1DB7, 0xFDBE, 0xFDBE, 0xFDBE, 0xFDBE, 0xFDBE, 0xFDBE, 0xFDBE, 0xFDBE, 0xFDBE, 0xFDBE, 
    0xFDBE, 0xFDBE, 0xFDBE, 0xFDBE, 0xFDBE, 0xFDBE, 0xFDBE, 0xFDBE, 0xFDBE, 0xFDBE, 0x1EB7, 0xFDBE, 
    0xFDBE, 0x1EBF, 0x9CAE, 0xD66C, 0x79C6, 0xBBFF, 0x9CFF, 0x9CFF, 0x9CFF, 0x9CFF, 0x7BFF, 0xDDFF, 
    0xD7AD, 0x167D, 0xFEB6, 0xFDBE, 0xFDBE, 0xFDBE, 0xFDBE, 0xFDBE, 0xFDBE, 0xFDBE, 0xFDBE, 0xFDBE, 
    0xFDBE, 0xFDBE, 0xFDBE, 0xFDBE, 0xFDBE, 0xFDBE, 0xFDBE, 0xFDBE, 0xFDBE, 0xFDBE, 0xFDBE, 0xFDBE, 
    0xFDBE, 0xFDBE, 0xFDBE, 0xFDBE, 0xFDBE, 0xFDBE, 0xFDBE, 0xFDBE, 0xFDBE, 0xFDBE, 0xFDBE, 0xFDBE, 
    0xFDBE, 0xFDBE, 0xFDBE, 0xFDBE, 0xFDBE, 0xFDBE, 0xFDBE, 0xFDBE, 0xFDBE, 0xFDBE, 0xFDBE, 0xFDBE, 
    0xFDBE, 0xFDBE, 0xFDBE, 0xFDBE, 0xFDBE, 0xFDBE, 0xFDBE, 0xFDBE, 0xFDBE, 0xFDBE, 0xFDBE, 0xFDBE, 
    0xFDBE, 0xFDBE, 0xFDBE, 0xFDBE, 0x1DBF, 0x7BAE, 0xD574, 0x7BA6, 0x1EBF, 0xFDBE, 0xFDBE, 0xFDBE, 
    0xFDBE, 0xFDBE, 0xFDBE, 0xFDBE, 0xFDBE, 0xFDBE, 0xFDBE, 0xFDBE, 0xFDBE, 0xFDBE, 0xFDBE, 0xFDBE, 
    0xFDBE, 0xFDBE, 0xFDBE, 0xFDBE, 0xFDBE, 0xFDBE, 0xFDBE, 0xFDBE, 0xFDBE, 0xFDBE, 0xFDBE, 0xFDBE, 
    0xFDBE, 0xFDBE, 0xFDBE, 0xFDBE, 0xFDBE, 0xFDBE, 0xFDBE, 0xFDBE, 0xFDBE, 0xFDBE, 0xFDBE, 0xFDBE, 
    0xFDBE, 0xFDBE, 0xFDBE, 0xFDBE, 0xFDBE, 0xFDBE, 0xFDBE, 0xFDBE, 0xFDBE, 0xFDBE, 0xFDBE, 0xFDBE, 
    0xFDBE, 0xFDBE, 0xFDBE, 0xFDBE, 0xFDBE, 0xFDBE, 0xFDBE, 0xFDBE, 0xFDBE, 0xFDBE, 0xFDBE, 0xFDBE, 
    0xFDBE, 0x1DBF, 0x5785, 0x7785, 0x1EBF, 0xFDBE, 0xFDBE, 0xFDBE, 0xFDBE, 0xFDBE, 0xFDBE, 0xFDBE, 
    0xFDBE, 0xFDBE, 0xFDBE, 0xFDBE, 0xFDBE, 0xFDBE, 0xFDBE, 0xFDBE, 0xFDBE, 0xFDBE, 0xFDBE, 0xFDBE, 
    0xFDBE, 0xFDBE, 0xFDBE, 0xFDBE, 0xFDBE, 0xFDBE, 0xFDBE, 0xFDBE, 0xFDBE, 0xFDBE, 0xFDBE, 0xFDBE, 
    0xFDBE, 0xFDBE, 0xFDBE, 0xFDBE, 0xFDBE, 0xFDBE, 0xFDBE, 0xFDBE, 0xFDBE, 0xFDBE, 0xFDBE, 0xFDBE, 
    0xFDBE, 0xFDBE, 0xFDBE, 0xFDBE, 0xFDBE, 0xFDBE, 0xFDBE, 0xFDBE, 0xFDBE, 0xFDBE, 0xFDBE, 0xFDBE, 
    0xFDBE, 0xFDBE, 0xFDBE, 0xFDBE, 0xFDBE, 0xFDBE, 0xFDBE, 0xFDBE, 0xFDBE, 0xFDBE, 0xFDBE, 0xFDBE, 
    0xFDBE, 0xFDBE, 0xFDBE, 0xFDBE, 0x1DBF, 0x7785, 0xF574, 0x5785, 0x5785, 0x5785, 0x5785, 0x5785, 
    0x5785, 0x5785, 0x5785, 0x5785, 0x5785, 0x367D, 0x167D, 0xBCAE, 0x1DBF, 0xFDBE, 0xFDBE, 0xFDBE, 
    0xFDBE, 0xFDBE, 0xFDBE, 0xFDBE, 0xFDBE, 0xFDBE, 0xFDBE, 0xFDBE, 0xFDBE, 0xFDBE, 0x1DBF, 0x9BAE, 
    
    0xA631, 0x5AAE, 0x3EBF, 0xFDBE, 0xFDBE, 0x1DBF, 0x1DB7, 0xFEBE, 0xFDBE, 0x1DB7, 0xFDBE, 0xFDBE, 
    0xFDBE, 0xFDBE, 0xFDBE, 0xFDBE, 0xFDBE, 0xFDBE, 0xFDBE, 0xFDBE, 0xFDBE, 0xFDBE, 0xFDBE, 0xFDBE, 
    0xFDBE, 0xFDBE, 0xFDBE, 0xFDBE, 0xFDBE, 0xFDBE, 0x1EB7, 0xFDBE, 0xFDBE, 0x1EBF, 0x9CAE, 0xD66C, 
    0x79C6, 0xBBFF, 0x9CFF, 0x9CFF, 0x9CFF, 0x9CFF, 0x7BFF, 0xDDFF, 0xD7AD, 0x167D, 0xFEB6, 0xFDBE, 
    0xFDBE, 0xFDBE, 0xFDBE, 0xFDBE, 0xFDBE, 0xFDBE, 0xFDBE, 0xFDBE, 0xFDBE, 0xFDBE, 0xFDBE, 0xFDBE, 
    0xFDBE, 0xFDBE, 0xFDBE, 0xFDBE, 0xFDBE, 0xFDBE, 0xFDBE, 0xFDBE, 0xFDBE, 0xFDBE, 0xFDBE, 0xFDBE, 
    0xFDBE, 0xFDBE, 0xFDBE, 0xFDBE, 0xFDBE, 0xFDBE, 0xFDBE, 0xFDBE, 0xFDBE, 0xFDBE, 0xFDBE, 0xFDBE, 
    0xFDBE, 0xFDBE, 0xFDBE, 0xFDBE, 0xFDBE, 0xFDBE, 0xFDBE, 0xFDBE, 0xFDBE, 0xFDBE, 0xFDBE, 0xFDBE, 
    0xFDBE, 0xFDBE, 0xFDBE, 0xFDBE, 0xFDBE, 0xFDBE, 0xFDBE, 0xFDBE, 0xFDBE, 0xFDBE, 0xFDBE, 0xFDBE, 
    0x1DBF, 0x7BAE, 0xD574, 0x7BA6, 0x1EBF, 0xFDBE, 0xFDBE, 0xFDBE, 0xFDBE, 0xFDBE, 0xFDBE, 0xFDBE, 
    0xFDBE, 0xFDBE, 0xFDBE, 0xFDBE, 0xFDBE, 0xFDBE, 0xFDBE, 0xFDBE, 0xFDBE, 0xFDBE, 0xFDBE, 0xFDBE, 
    0xFDBE, 0xFDBE, 0xFDBE, 0xFDBE, 0xFDBE, 0xFDBE, 0xFDBE, 0xFDBE, 0xFDBE, 0xFDBE, 0xFDBE, 0xFDBE, 
    0xFDBE, 0xFDBE, 0xFDBE, 0xFDBE, 0xFDBE, 0xFDBE, 0xFDBE, 0xFDBE, 0xFDBE, 0xFDBE, 0xFDBE, 0xFDBE, 
    0xFDBE, 0xFDBE, 0xFDBE, 0xFDBE, 0xFDBE, 0xFDBE, 0xFDBE, 0xFDBE, 0xFDBE, 0xFDBE, 0xFDBE, 0xFDBE, 
    0xFDBE, 0xFDBE, 0xFDBE, 0xFDBE, 0xFDBE, 0xFDBE, 0xFDBE, 0xFDBE, 0xFDBE, 0x1DBF, 0x5785, 0x7785, 
    0x1EBF, 0xFDBE, 0xFDBE, 0xFDBE, 0xFDBE, 0xFDBE, 0xFDBE, 0xFDBE, 0xFDBE, 0xFDBE, 0xFDBE, 0xFDBE, 
    0xFDBE, 0xFDBE, 0xFDBE, 0xFDBE, 0xFDBE, 0xFDBE, 0xFDBE, 0xFDBE, 0xFDBE, 0xFDBE, 0xFDBE, 0xFDBE, 
    0xFDBE, 0xFDBE, 0xFDBE, 0xFDBE, 0xFDBE, 0xFDBE, 0xFDBE, 0xFDBE, 0xFDBE, 0xFDBE, 0xFDBE, 0xFDBE, 
    0xFDBE, 0xFDBE, 0xFDBE, 0xFDBE, 0xFDBE, 0xFDBE, 0xFDBE, 0xFDBE, 0xFDBE, 0xFDBE, 0xFDBE, 0xFDBE, 
    0xFDBE, 0xFDBE, 0xFDBE, 0xFDBE, 0xFDBE, 0xFDBE, 0xFDBE, 0xFDBE, 0xFDBE, 0xFDBE, 0xFDBE, 0xFDBE, 
    0xFDBE, 0xFDBE, 0xFDBE, 0xFDBE, 0xFDBE, 0xFDBE, 0xFDBE, 0xFDBE, 0xFDBE, 0xFDBE, 0xFDBE, 0xFDBE, 
    0xFDB6, 0xF995, 0xF574, 0xB46C, 0xD56C, 0xB56C, 0xB56C, 0xB56C, 0xB56C, 0xB56C, 0xD56C, 0xB56C, 
    0xD56C, 0xD56C, 0xF574, 0xBCAE, 0x1EBF, 0xFDBE, 0xFDBE, 0xFDBE, 0xFDBE, 0xFDBE, 0xFDBE, 0xFDBE, 
    0xFDBE, 0xFDBE, 0xFDBE, 0xFDBE, 0xFDBE, 0xFDBE, 0x1DBF, 0x9BAE, 
    0xA631, 0x5AAE, 0x3EBF, 0xFDBE, 
    0xFDBE, 0x1DBF, 0x1DB7, 0xFEBE, 0xFDBE, 0x1DB7, 0xFDBE, 0xFDBE, 0xFDBE, 0xFDBE, 0xFDBE, 0xFDBE, 
    0xFDBE, 0xFDBE, 0xFDBE, 0xFDBE, 0xFDBE, 0xFDBE, 0x1DB7, 0x1DB7, 0x1EB7, 0xFEB6, 0xFEBE, 0xFDBE, 
    0x1DB7, 0x1EB7, 0x1EB7, 0x1EB7, 0xFDB6, 0x1EBF, 0x9BAE, 0xD56C, 0x99C6, 0xBCFF, 0x9DF7, 0x9BFF, 
    0x9CFF, 0x9CFF, 0x9BFF, 0xDDFF, 0xD7AD, 0x167D, 0xFEB6, 0xFEBE, 0xFDBE, 0x1DB7, 0x1DB7, 0x1DB7, 
    0x1DB7, 0x1DBF, 0xFDBE, 0xFDBE, 0xFDBE, 0xFDBE, 0xFDBE, 0xFDBE, 0xFDBE, 0xFDBE, 0xFDBE, 0xFDBE, 
    0xFDBE, 0xFDBE, 0xFDBE, 0xFDBE, 0xFDBE, 0xFDBE, 0xFDBE, 0xFDBE, 0xFDBE, 0xFDBE, 0xFDBE, 0xFDBE, 
    0xFDBE, 0xFDBE, 0xFDBE, 0xFDBE, 0xFDBE, 0xFDBE, 0xFDBE, 0xFDBE, 0xFDBE, 0xFDBE, 0xFDBE, 0xFDBE, 
    0xFDBE, 0xFDBE, 0xFDBE, 0xFDBE, 0xFDBE, 0xFDBE, 0xFDBE, 0xFDBE, 0xFDBE, 0xFDBE, 0xFDBE, 0xFDBE, 
    0xFDBE, 0xFDBE, 0xFDBE, 0xFDBE, 0xFDBE, 0xFDBE, 0xFDBE, 0xFDBE, 0x1DBF, 0x7BAE, 0xD574, 0x7BA6, 
    0x1EBF, 0xFDBE, 0xFDBE, 0xFDBE, 0xFDBE, 0xFDBE, 0xFDBE, 0xFDBE, 0xFDBE, 0xFDBE, 0xFDBE, 0xFDBE, 
    0xFDBE, 0xFDBE, 0xFDBE, 0xFDBE, 0xFDBE, 0xFDBE, 0xFDBE, 0xFDBE, 0xFDBE, 0xFDBE, 0xFDBE, 0xFDBE, 
    0xFDBE, 0xFDBE, 0xFDBE, 0xFDBE, 0xFDBE, 0xFDBE, 0xFDBE, 0xFDBE, 0xFDBE, 0xFDBE, 0xFDBE, 0xFDBE, 
    0xFDBE, 0xFDBE, 0xFDBE, 0xFDBE, 0xFDBE, 0xFDBE, 0xFDBE, 0xFDBE, 0xFDBE, 0xFDBE, 0xFDBE, 0xFDBE, 
    0xFDBE, 0xFDBE, 0xFDBE, 0xFDBE, 0xFDBE, 0xFDBE, 0xFDBE, 0xFDBE, 0xFDBE, 0xFDBE, 0xFDBE, 0xFDBE, 
    0xFDBE, 0xFDBE, 0xFDBE, 0xFDBE, 0xFDBE, 0x1DBF, 0x5785, 0x7785, 0x1EBF, 0xFDBE, 0xFDBE, 0xFDBE, 
    0xFDBE, 0xFDBE, 0xFDBE, 0xFDBE, 0xFDBE, 0xFDBE, 0xFDBE, 0xFDBE, 0xFDBE, 0xFDBE, 0xFDBE, 0xFDBE, 
    0xFDBE, 0xFDBE, 0xFDBE, 0xFDBE, 0xFDBE, 0xFDBE, 0xFDBE, 0xFDBE, 0xFDBE, 0xFDBE, 0xFDBE, 0xFDBE, 
    0xFDBE, 0xFDBE, 0xFDBE, 0xFDBE, 0xFDBE, 0xFDBE, 0xFDBE, 0xFDBE, 0xFDBE, 0xFDBE, 0xFDBE, 0xFDBE, 
    0xFDBE, 0xFDBE, 0xFDBE, 0xFDBE, 0xFDBE, 0xFDBE, 0xFDBE, 0xFDBE, 0xFDBE, 0xFDBE, 0xFDBE, 0xFDBE, 
    0xFDBE, 0xFDBE, 0xFDBE, 0xFDBE, 0xFDBE, 0xFDBE, 0xFDBE, 0xFDBE, 0xFDBE, 0xFDBE, 0xFDBE, 0xFDBE, 
    0xFDBE, 0xFDBE, 0xFDBE, 0xFDBE, 0xFDBE, 0xFDBE, 0xFDBE, 0xFDBE, 0x1DBF, 0xDDB6, 0x3AA6, 0x199E, 
    0x1A9E, 0x1A9E, 0x1A9E, 0x1A9E, 0x1A9E, 0x1A9E, 0x3A9E, 0x199E, 0x1A9E, 0xB88D, 0xD574, 0xBCAE, 
    0x1EBF, 0xFDBE, 0xFDBE, 0xFDBE, 0xFDBE, 0xFDBE, 0xFDBE, 0xFDBE, 0xFDBE, 0xFDBE, 0xFDBE, 0xFDBE, 
    0xFDBE, 0xFDBE, 0x1DBF, 0x9BAE, 
    0xA631, 0x5AAE, 0x3EBF, 0xFDBE, 0xFDBE, 0x1DBF, 0x1DB7, 0xFEBE, 
    0xFDBE, 0x1DB7, 0xFDBE, 0xFDBE, 0xFDBE, 0xFDBE, 0xFDBE, 0xFDBE, 0xFDBE, 0xFDBE, 0xFDBE, 0xFDBE, 
    0xFDBE, 0xFDBE, 0x1DB7, 0x1DB7, 0xFEB6, 0xFDBE, 0xFDBE, 0xFDBE, 0xFDBE, 0xFDBE, 0xFDB6, 0xFDBE, 
    0xFDBE, 0x1DBF, 0x9BAE, 0xD56C, 0x99C6, 0xBBFF, 0x7CFF, 0x9BFF, 0x9CFF, 0x9CFF, 0x7BFF, 0xDDFF, 
    0xD7A5, 0x367D, 0x1EAF, 0x1DB7, 0xFDBE, 0x1DB7, 0x1DBF, 0x1DBF, 0xFDBE, 0xFDBE, 0xFDBE, 0xFDBE, 
    0xFDBE, 0x1DBF, 0xFDBE, 0xFDBE, 0xFDBE, 0xFDBE, 0xFDBE, 0xFDBE, 0xFDBE, 0xFDBE, 0xFDBE, 0xFDBE, 
    0xFDBE, 0xFDBE, 0xFDBE, 0xFDBE, 0xFDBE, 0xFDBE, 0xFDBE, 0xFDBE, 0xFDBE, 0xFDBE, 0xFDBE, 0xFDBE, 
    0xFDBE, 0xFDBE, 0xFDBE, 0xFDBE, 0xFDBE, 0xFDBE, 0xFDBE, 0xFDBE, 0xFDBE, 0xFDBE, 0xFDBE, 0xFDBE, 
    0xFDBE, 0xFDBE, 0xFDBE, 0xFDBE, 0xFDBE, 0xFDBE, 0xFDBE, 0xFDBE, 0xFDBE, 0xFDBE, 0xFDBE, 0xFDBE, 
    0xFDBE, 0xFDBE, 0xFDBE, 0xFDBE, 0x1DBF, 0x7BAE, 0xD574, 0x7BA6, 0x1EBF, 0xFDBE, 0xFDBE, 0xFDBE, 
    0xFDBE, 0xFDBE, 0xFDBE, 0xFDBE, 0xFDBE, 0xFDBE, 0xFDBE, 0xFDBE, 0xFDBE, 0xFDBE, 0xFDBE, 0xFDBE, 
    0xFDBE, 0xFDBE, 0xFDBE, 0xFDBE, 0xFDBE, 0xFDBE, 0xFDBE, 0xFDBE, 0xFDBE, 0xFDBE, 0xFDBE, 0xFDBE, 
    0xFDBE, 0xFDBE, 0xFDBE, 0xFDBE, 0xFDBE, 0xFDBE, 0xFDBE, 0xFDBE, 0xFDBE, 0xFDBE, 0xFDBE, 0xFDBE, 
    0xFDBE, 0xFDBE, 0xFDBE, 0xFDBE, 0xFDBE, 0xFDBE, 0xFDBE, 0xFDBE, 0xFDBE, 0xFDBE, 0xFDBE, 0xFDBE, 
    0xFDBE, 0xFDBE, 0xFDBE, 0xFDBE, 0xFDBE, 0xFDBE, 0xFDBE, 0xFDBE, 0xFDBE, 0xFDBE, 0xFDBE, 0xFDBE, 
    0xFDBE, 0x1DBF, 0x5785, 0x7785, 0x1EBF, 0xFDBE, 0xFDBE, 0xFDBE, 0xFDBE, 0xFDBE, 0xFDBE, 0xFDBE, 
    0xFDBE, 0xFDBE, 0xFDBE, 0xFDBE, 0xFDBE, 0xFDBE, 0xFDBE, 0xFDBE, 0xFDBE, 0xFDBE, 0xFDBE, 0xFDBE, 
    0xFDBE, 0xFDBE, 0xFDBE, 0xFDBE, 0xFDBE, 0xFDBE, 0xFDBE, 0xFDBE, 0xFDBE, 0xFDBE, 0xFDBE, 0xFDBE, 
    0xFDBE, 0xFDBE, 0xFDBE, 0xFDBE, 0xFDBE, 0xFDBE, 0xFDBE, 0xFDBE, 0xFDBE, 0xFDBE, 0xFDBE, 0xFDBE, 
    0xFDBE, 0xFDBE, 0xFDBE, 0xFDBE, 0xFDBE, 0xFDBE, 0xFDBE, 0xFDBE, 0xFDBE, 0xFDBE, 0xFDBE, 0xFDBE, 
    0xFDBE, 0xFDBE, 0xFDBE, 0xFDBE, 0xFDBE, 0xFDBE, 0xFDBE, 0xFDBE, 0xFDBE, 0xFDBE, 0xFDBE, 0xFDBE, 
    0xFDBE, 0xFDBE, 0xFDBE, 0xFDBE, 0xFDBE, 0xFDBE, 0x1DBF, 0x1EBF, 0x1DBF, 0x1DBF, 0x1DBF, 0x1DBF, 
    0x1DBF, 0x1DBF, 0x1DBF, 0x1DBF, 0x3EBF, 0x3AA6, 0xD574, 0xBCAE, 0x1EBF, 0xFDBE, 0xFDBE, 0xFDBE, 
    0xFDBE, 0xFDBE, 0xFDBE, 0xFDBE, 0xFDBE, 0xFDBE, 0xFDBE, 0xFDBE, 0xFDBE, 0xFDBE, 0x1DBF, 0x9BAE, 
    
    0xA631, 0x5AAE, 0x3EBF, 0xFDBE, 0xFDBE, 0x1DBF, 0x1DB7, 0xFEBE, 0xFDBE, 0x1DB7, 0xFDBE, 0xFDBE, 
    0xFDBE, 0xFDBE, 0xFDBE, 0xFDBE, 0xFDBE, 0xFDBE, 0xFDBE, 0xFDBE, 0xFDBE, 0xFDBE, 0xFDBE, 0xFDBE, 
    0xFDBE, 0xFDBE, 0xFDBE, 0xFDBE, 0xFCBE, 0xFCBE, 0xFDBE, 0xFCBE, 0xFDBE, 0x1DBF, 0x9BAE, 0xD56C, 
    0x99C6, 0xBBFF, 0x7CFF, 0x7CFF, 0x7CFF, 0x7CFF, 0x7BFF, 0xDDFF, 0xD6A5, 0x357D, 0x1DAF, 0x1DB7, 
    0xFCBE, 0xFDBE, 0xFDBE, 0xFDBE, 0xFDBE, 0xFDBE, 0xFDBE, 0x1DBF, 0x1DBF, 0x1DB7, 0xFDBE, 0xFDBE, 
    0xFDBE, 0xFDBE, 0xFDBE, 0xFDBE, 0xFDBE, 0xFDBE, 0xFDBE, 0xFDBE, 0xFDBE, 0xFDBE, 0xFDBE, 0xFDBE, 
    0xFDBE, 0xFDBE, 0xFDBE, 0xFDBE, 0xFDBE, 0xFDBE, 0xFDBE, 0xFDBE, 0xFDBE, 0xFDBE, 0xFDBE, 0xFDBE, 
    0xFDBE, 0xFDBE, 0xFDBE, 0xFDBE, 0xFDBE, 0xFDBE, 0xFDBE, 0xFDBE, 0xFDBE, 0xFDBE, 0xFDBE, 0xFDBE, 
    0xFDBE, 0xFDBE, 0xFDBE, 0xFDBE, 0xFDBE, 0xFDBE, 0xFDBE, 0xFDBE, 0xFDBE, 0xFDBE, 0xFDBE, 0xFDBE, 
    0x1DBF, 0x7BAE, 0xD574, 0x7BA6, 0x1EBF, 0xFDBE, 0xFDBE, 0xFDBE, 0xFDBE, 0xFDBE, 0xFDBE, 0xFDBE, 
    0xFDBE, 0xFDBE, 0xFDBE, 0xFDBE, 0xFDBE, 0xFDBE, 0xFDBE, 0xFDBE, 0xFDBE, 0xFDBE, 0xFDBE, 0xFDBE, 
    0xFDBE, 0xFDBE, 0xFDBE, 0xFDBE, 0xFDBE, 0xFDBE, 0xFDBE, 0xFDBE, 0xFDBE, 0xFDBE, 0xFDBE, 0xFDBE, 
    0xFDBE, 0xFDBE, 0xFDBE, 0xFDBE, 0xFDBE, 0xFDBE, 0xFDBE, 0xFDBE, 0xFDBE, 0xFDBE, 0xFDBE, 0xFDBE, 
    0xFDBE, 0xFDBE, 0xFDBE, 0xFDBE, 0xFDBE, 0xFDBE, 0xFDBE, 0xFDBE, 0xFDBE, 0xFDBE, 0xFDBE, 0xFDBE, 
    0xFDBE, 0xFDBE, 0xFDBE, 0xFDBE, 0xFDBE, 0xFDBE, 0xFDBE, 0xFDBE, 0xFDBE, 0x1DBF, 0x5785, 0x7785, 
    0x1EBF, 0xFDBE, 0xFDBE, 0xFDBE, 0xFDBE, 0xFDBE, 0xFDBE, 0xFDBE, 0xFDBE, 0xFDBE, 0xFDBE, 0xFDBE, 
    0xFDBE, 0xFDBE, 0xFDBE, 0xFDBE, 0xFDBE, 0xFDBE, 0xFDBE, 0xFDBE, 0xFDBE, 0xFDBE, 0xFDBE, 0xFDBE, 
    0xFDBE, 0xFDBE, 0xFDBE, 0xFDBE, 0xFDBE, 0xFDBE, 0xFDBE, 0xFDBE, 0xFDBE, 0xFDBE, 0xFDBE, 0xFDBE, 
    0xFDBE, 0xFDBE, 0xFDBE, 0xFDBE, 0xFDBE, 0xFDBE, 0xFDBE, 0xFDBE, 0xFDBE, 0xFDBE, 0xFDBE, 0xFDBE, 
    0xFDBE, 0xFDBE, 0xFDBE, 0xFDBE, 0xFDBE, 0xFDBE, 0xFDBE, 0xFDBE, 0xFDBE, 0xFDBE, 0xFDBE, 0xFDBE, 
    0xFDBE, 0xFDBE, 0xFDBE, 0xFDBE, 0xFDBE, 0xFDBE, 0xFDBE, 0xFDBE, 0xFDBE, 0xFDBE, 0xFDBE, 0xFDBE, 
    0xFDBE, 0xFDBE, 0xFDB6, 0xFDB6, 0xFDBE, 0xFDBE, 0xFDBE, 0xFDBE, 0xFDBE, 0xFDBE, 0xFDBE, 0xFDBE, 
    0x1EBF, 0x3A9E, 0xD574, 0xBCAE, 0x1EBF, 0xFDBE, 0xFDBE, 0xFDBE, 0xFDBE, 0xFDBE, 0xFDBE, 0xFDBE, 
    0xFDBE, 0xFDBE, 0xFDBE, 0xFDBE, 0xFDBE, 0xFDBE, 0x1DBF, 0x9BAE, 
    0xA631, 0x5AAE, 0x3EBF, 0xFDBE, 
    0xFDBE, 0x1DBF, 0x1DB7, 0xFEBE, 0xFDBE, 0x1DB7, 0xFDBE, 0xFDBE, 0xFDBE, 0xFDBE, 0xFDBE, 0xFDBE, 
    0xFDBE, 0xFDBE, 0xFDBE, 0xFDB6, 0xFEB6, 0xFDBE, 0xFDBE, 0xFDBE, 0xFDBE, 0xFCBE, 0xFCBE, 0xFCBE, 
    0xFCBE, 0xFCBE, 0x1DB7, 0xFDBE, 0xFDB6, 0x1EB7, 0x9CA6, 0xF66C, 0x9AC6, 0xBCFF, 0x9DFF, 0x9CFF, 
    0x9CFF, 0x7CFF, 0x7BFF, 0xDDFF, 0xD6AD, 0x357D, 0xFDB6, 0x1DBF, 0xFCBE, 0xFDBE, 0xFDBE, 0xFDBE, 
    0xFDBE, 0xFDBE, 0xFDBE, 0x1DBF, 0x1DBF, 0x1DB7, 0x1DBF, 0xFDBE, 0xFDBE, 0xFDBE, 0xFDBE, 0xFDBE, 
    0xFDBE, 0xFDBE, 0xFDBE, 0xFDBE, 0xFDBE, 0xFDBE, 0xFDBE, 0xFDBE, 0xFDBE, 0xFDBE, 0xFDBE, 0xFDBE, 
    0xFDBE, 0xFDBE, 0xFDBE, 0xFDBE, 0xFDBE, 0xFDBE, 0xFDBE, 0xFDBE, 0xFDBE, 0xFDBE, 0xFDBE, 0xFDBE, 
    0xFDBE, 0xFDBE, 0xFDBE, 0xFDBE, 0xFDBE, 0xFDBE, 0xFDBE, 0xFDBE, 0xFDBE, 0xFDBE, 0xFDBE, 0xFDBE, 
    0xFDBE, 0xFDBE, 0xFDBE, 0xFDBE, 0xFDBE, 0xFDBE, 0xFDBE, 0xFDBE, 0x1DBF, 0x7BAE, 0xD574, 0x7BA6, 
    0x1EBF, 0xFDBE, 0xFDBE, 0xFDBE, 0xFDBE, 0xFDBE, 0xFDBE, 0xFDBE, 0xFDBE, 0xFDBE, 0xFDBE, 0xFDBE, 
    0xFDBE, 0xFDBE, 0xFDBE, 0xFDBE, 0xFDBE, 0xFDBE, 0xFDBE, 0xFDBE, 0xFDBE, 0xFDBE, 0xFDBE, 0xFDBE, 
    0xFDBE, 0xFDBE, 0xFDBE, 0xFDBE, 0xFDBE, 0xFDBE, 0xFDBE, 0xFDBE, 0xFDBE, 0xFDBE, 0xFDBE, 0xFDBE, 
    0xFDBE, 0xFDBE, 0xFDBE, 0xFDBE, 0xFDBE, 0xFDBE, 0xFDBE, 0xFDBE, 0xFDBE, 0xFDBE, 0xFDBE, 0xFDBE, 
    0xFDBE, 0xFDBE, 0xFDBE, 0xFDBE, 0xFDBE, 0xFDBE, 0xFDBE, 0xFDBE, 0xFDBE, 0xFDBE, 0xFDBE, 0xFDBE, 
    0xFDBE, 0xFDBE, 0xFDBE, 0xFDBE, 0xFDBE, 0x1DBF, 0x5785, 0x7785, 0x1EBF, 0xFDBE, 0xFDBE, 0xFDBE, 
    0xFDBE, 0xFDBE, 0xFDBE, 0xFDBE, 0xFDBE, 0xFDBE, 0xFDBE, 0xFDBE, 0xFDBE, 0xFDBE, 0xFDBE, 0xFDBE, 
    0xFDBE, 0xFDBE, 0xFDBE, 0xFDBE, 0xFDBE, 0xFDBE, 0xFDBE, 0xFDBE, 0xFDBE, 0xFDBE, 0xFDBE, 0xFDBE, 
    0xFDBE, 0xFDBE, 0xFDBE, 0xFDBE, 0xFDBE, 0xFDBE, 0xFDBE, 0xFDBE, 0xFDBE, 0xFDBE, 0xFDBE, 0xFDBE, 
    0xFDBE, 0xFDBE, 0xFDBE, 0xFDBE, 0xFDBE, 0xFDBE, 0xFDBE, 0xFDBE, 0xFDBE, 0xFDBE, 0xFDBE, 0xFDBE, 
    0xFDBE, 0xFDBE, 0xFDBE, 0xFDBE, 0xFDBE, 0xFDBE, 0xFDBE, 0xFDBE, 0xFDBE, 0xFDBE, 0xFDBE, 0xFDBE, 
    0xFDBE, 0xFDBE, 0xFDBE, 0xFDBE, 0xFDBE, 0xFDBE, 0xFDBE, 0xFDBE, 0xFDBE, 0xFDBE, 0xFDBE, 0xFDBE, 
    0x1DBF, 0xFDBE, 0xFDBE, 0xFDBE, 0xFDBE, 0xFDBE, 0xFDBE, 0xFDBE, 0x1EBF, 0x5AA6, 0xD574, 0xBCAE, 
    0x1EBF, 0xFDBE, 0xFDBE, 0xFDBE, 0xFDBE, 0xFDBE, 0xFDBE, 0xFDBE, 0xFDBE, 0xFDBE, 0xFDBE, 0xFDBE, 
    0xFDBE, 0xFDBE, 0x1DBF, 0x9BAE, 
    0xA631, 0x5AAE, 0x3EBF, 0xFDBE, 0xFDBE, 0x1DBF, 0x1DB7, 0xFEBE, 
    0xFDBE, 0x1DB7, 0xFDBE, 0xFDBE, 0xFDBE, 0xFDBE, 0xFDBE, 0xFDBE, 0xFDBE, 0xFDBE, 0xFDBE, 0x1DB7, 
    0xFEB6, 0xFDBE, 0xFDBE, 0xFDBE, 0xFDBE, 0xFDBE, 0x1DBF, 0x1DBF, 0x1DBF, 0x1CBF, 0x1DB7, 0x1DBF, 
    0xFDB6, 0x1EB7, 0x9CA6, 0xD66C, 0x99C6, 0x9BFF, 0x9CFF, 0xBCFF, 0xBCFF, 0x9CFF, 0x9CFF, 0xDDFF, 
    0xD7AD, 0x167D, 0xFEB6, 0xFDBE, 0xDDBE, 0xFDBE, 0xFDBE, 0xFDBE, 0xFDBE, 0xFDBE, 0xFDBE, 0x1DBF, 
    0xFDBE, 0xFDBE, 0xFDBE, 0xFDBE, 0xFDBE, 0xFDBE, 0xFDBE, 0xFDBE, 0xFDBE, 0xFDBE, 0xFDBE, 0xFDBE, 
    0xFDBE, 0xFDBE, 0xFDBE, 0xFDBE, 0xFDBE, 0xFDBE, 0xFDBE, 0xFDBE, 0xFDBE, 0xFDBE, 0xFDBE, 0xFDBE, 
    0xFDBE, 0xFDBE, 0xFDBE, 0xFDBE, 0xFDBE, 0xFDBE, 0xFDBE, 0xFDBE, 0xFDBE, 0xFDBE, 0xFDBE, 0xFDBE, 
    0xFDBE, 0xFDBE, 0xFDBE, 0xFDBE, 0xFDBE, 0xFDBE, 0xFDBE, 0xFDBE, 0xFDBE, 0xFDBE, 0xFDBE, 0xFDBE, 
    0xFDBE, 0xFDBE, 0xFDBE, 0xFDBE, 0x1DBF, 0x7BAE, 0xD574, 0x7BA6, 0x1EBF, 0xFDBE, 0xFDBE, 0xFDBE, 
    0xFDBE, 0xFDBE, 0xFDBE, 0xFDBE, 0xFDBE, 0xFDBE, 0xFDBE, 0xFDBE, 0xFDBE, 0xFDBE, 0xFDBE, 0xFDBE, 
    0xFDBE, 0xFDBE, 0xFDBE, 0xFDBE, 0xFDBE, 0xFDBE, 0xFDBE, 0xFDBE, 0xFDBE, 0xFDBE, 0xFDBE, 0xFDBE, 
    0xFDBE, 0xFDBE, 0xFDBE, 0xFDBE, 0xFDBE, 0xFDBE, 0xFDBE, 0xFDBE, 0xFDBE, 0xFDBE, 0xFDBE, 0xFDBE, 
    0xFDBE, 0xFDBE, 0xFDBE, 0xFDBE, 0xFDBE, 0xFDBE, 0xFDBE, 0xFDBE, 0xFDBE, 0xFDBE, 0xFDBE, 0xFDBE, 
    0xFDBE, 0xFDBE, 0xFDBE, 0xFDBE, 0xFDBE, 0xFDBE, 0xFDBE, 0xFDBE, 0xFDBE, 0xFDBE, 0xFDBE, 0xFDBE, 
    0xFDBE, 0x1DBF, 0x5785, 0x7785, 0x1EBF, 0xFDBE, 0xFDBE, 0xFDBE, 0xFDBE, 0xFDBE, 0xFDBE, 0xFDBE, 
    0xFDBE, 0xFDBE, 0xFDBE, 0xFDBE, 0xFDBE, 0xFDBE, 0xFDBE, 0xFDBE, 0xFDBE, 0xFDBE, 0xFDBE, 0xFDBE, 
    0xFDBE, 0xFDBE, 0xFDBE, 0xFDBE, 0xFDBE, 0xFDBE, 0xFDBE, 0xFDBE, 0xFDBE, 0xFDBE, 0xFDBE, 0xFDBE, 
    0xFDBE, 0xFDBE, 0xFDBE, 0xFDBE, 0xFDBE, 0xFDBE, 0xFDBE, 0xFDBE, 0xFDBE, 0xFDBE, 0xFDBE, 0xFDBE, 
    0xFDBE, 0xFDBE, 0xFDBE, 0xFDBE, 0xFDBE, 0xFDBE, 0xFDBE, 0xFDBE, 0xFDBE, 0xFDBE, 0xFDBE, 0xFDBE, 
    0xFDBE, 0xFDBE, 0xFDBE, 0xFDBE, 0xFDBE, 0xFDBE, 0xFDBE, 0xFDBE, 0xFDBE, 0xFDBE, 0xFDBE, 0xFDBE, 
    0xFDBE, 0xFDBE, 0xFDBE, 0xFDBE, 0x1DBF, 0xFDBE, 0x1DBF, 0xFDBE, 0xFDB6, 0xFDBE, 0xFDBE, 0xFDBE, 
    0xFDBE, 0xFDBE, 0xFDBE, 0xFDBE, 0x1EBF, 0x5AA6, 0xD574, 0xBCAE, 0x1EBF, 0xFDBE, 0xFDBE, 0xFDBE, 
    0xFDBE, 0xFDBE, 0xFDBE, 0xFDBE, 0xFDBE, 0xFDBE, 0xFDBE, 0xFDBE, 0xFDBE, 0xFDBE, 0x1DBF, 0x9BAE, 
    
    0xA631, 0x5AAE, 0x3EBF, 0xFDBE, 0xFDBE, 0x1DBF, 0x1DB7, 0xFEBE, 0xFDBE, 0x1DB7, 0xFDBE, 0xFDBE, 
    0xFDBE, 0xFDBE, 0xFDBE, 0xFDBE, 0xFDBE, 0xFDBE, 0xFDBE, 0x1DB7, 0xFDBE, 0xFDBE, 0xFDBE, 0xFDBE, 
    0xFDBE, 0x1DB7, 0xFDAE, 0xFDAE, 0xFDB6, 0xFCB6, 0xFDB6, 0xFDBE, 0xFDB6, 0x1EBF, 0x9BAE, 0xD574, 
    0x79CE, 0x9AFF, 0x7BFF, 0xBBFF, 0x9CFF, 0x9CFF, 0x9CFF, 0xFEFF, 0xD7A5, 0x367D, 0x1FB7, 0xFEBE, 
    0x1EBF, 0x1DB7, 0x1EBF, 0x1EBF, 0x1EB7, 0x1DB7, 0x1DB7, 0xFDBE, 0xFDBE, 0xFDBE, 0xFDBE, 0xFDBE, 
    0xFDBE, 0xFDBE, 0xFDBE, 0xFDBE, 0xFDBE, 0xFDBE, 0xFDBE, 0xFDBE, 0xFDBE, 0xFDBE, 0xFDBE, 0xFDBE, 
    0xFDBE, 0xFDBE, 0xFDBE, 0xFDBE, 0xFDBE, 0xFDBE, 0xFDBE, 0xFDBE, 0xFDBE, 0xFDBE, 0xFDBE, 0xFDBE, 
    0xFDBE, 0xFDBE, 0xFDBE, 0xFDBE, 0xFDBE, 0xFDBE, 0xFDBE, 0xFDBE, 0xFDBE, 0xFDBE, 0xFDBE, 0xFDBE, 
    0xFDBE, 0xFDBE, 0xFDBE, 0xFDBE, 0xFDBE, 0xFDBE, 0xFDBE, 0xFDBE, 0xFDBE, 0xFDBE, 0xFDBE, 0xFDBE, 
    0x1DBF, 0x7BAE, 0xD574, 0x7BA6, 0x1EBF, 0xFDBE, 0xFDBE, 0xFDBE, 0xFDBE, 0xFDBE, 0xFDBE, 0xFDBE, 
    0xFDBE, 0xFDBE, 0xFDBE, 0xFDBE, 0xFDBE, 0xFDBE, 0xFDBE, 0xFDBE, 0xFDBE, 0xFDBE, 0xFDBE, 0xFDBE, 
    0xFDBE, 0xFDBE, 0xFDBE, 0xFDBE, 0xFDBE, 0xFDBE, 0xFDBE, 0xFDBE, 0xFDBE, 0xFDBE, 0xFDBE, 0xFDBE, 
    0xFDBE, 0xFDBE, 0xFDBE, 0xFDBE, 0xFDBE, 0xFDBE, 0xFDBE, 0xFDBE, 0xFDBE, 0xFDBE, 0xFDBE, 0xFDBE, 
    0xFDBE, 0xFDBE, 0xFDBE, 0xFDBE, 0xFDBE, 0xFDBE, 0xFDBE, 0xFDBE, 0xFDBE, 0xFDBE, 0xFDBE, 0xFDBE, 
    0xFDBE, 0xFDBE, 0xFDBE, 0xFDBE, 0xFDBE, 0xFDBE, 0xFDBE, 0xFDBE, 0xFDBE, 0x1DBF, 0x5785, 0x7785, 
    0x1EBF, 0xFDBE, 0xFDBE, 0xFDBE, 0xFDBE, 0xFDBE, 0xFDBE, 0xFDBE, 0xFDBE, 0xFDBE, 0xFDBE, 0xFDBE, 
    0xFDBE, 0xFDBE, 0xFDBE, 0xFDBE, 0xFDBE, 0xFDBE, 0xFDBE, 0xFDBE, 0xFDBE, 0xFDBE, 0xFDBE, 0xFDBE, 
    0xFDBE, 0xFDBE, 0xFDBE, 0xFDBE, 0xFDBE, 0xFDBE, 0xFDBE, 0xFDBE, 0xFDBE, 0xFDBE, 0xFDBE, 0xFDBE, 
    0xFDBE, 0xFDBE, 0xFDBE, 0xFDBE, 0xFDBE, 0xFDBE, 0xFDBE, 0xFDBE, 0xFDBE, 0xFDBE, 0xFDBE, 0xFDBE, 
    0xFDBE, 0xFDBE, 0xFDBE, 0xFDBE, 0xFDBE, 0xFDBE, 0xFDBE, 0xFDBE, 0xFDBE, 0xFDBE, 0xFDBE, 0xFDBE, 
    0xFDBE, 0xFDBE, 0xFDBE, 0xFDBE, 0xFDBE, 0xFDBE, 0xFDBE, 0xFDBE, 0xFDBE, 0xFDBE, 0xFDBE, 0xFDBE, 
    0xFDBE, 0xFDBE, 0xFDBE, 0xFDBE, 0xFDBE, 0xFDBE, 0xFDBE, 0xFDBE, 0xFDBE, 0xFDBE, 0xFDBE, 0xFDBE, 
    0x1EBF, 0x5AA6, 0xD574, 0xBCAE, 0x1EBF, 0xFDBE, 0xFDBE, 0xFDBE, 0xFDBE, 0xFDBE, 0xFDBE, 0xFDBE, 
    0xFDBE, 0xFDBE, 0xFDBE, 0xFDBE, 0xFDBE, 0xFDBE, 0x1DBF, 0x9BAE, 
    0xA631, 0x5AAE, 0x3EBF, 0xFDBE, 
    0xFDBE, 0x1DBF, 0x1DB7, 0xFEBE, 0xFDBE, 0x1DB7, 0xFDBE, 0xFDBE, 0xFDBE, 0xFDBE, 0xFDBE, 0xFDBE, 
    0xFDBE, 0xFDBE, 0xFDBE, 0x1DBF, 0xFDBE, 0xFDBE, 0xFDBE, 0xFDBE, 0x1EBF, 0x1DB7, 0x777D, 0x377D, 
    0x377D, 0x577D, 0x787D, 0x7785, 0x7885, 0x788D, 0x7785, 0xD66C, 0x99C6, 0xBBFF, 0x7CFF, 0x7BFF, 
    0x7CFF, 0x7CFF, 0x7CFF, 0xDEFF, 0xD7A5, 0x1675, 0x7C9E, 0x7CA6, 0x7BA6, 0x9BA6, 0x9BA6, 0x9BA6, 
    0x1DB7, 0xFEB6, 0x1DB7, 0xFDBE, 0xFDBE, 0xFDBE, 0xFDBE, 0xFDBE, 0xFDBE, 0xFDBE, 0xFDBE, 0xFDBE, 
    0xFDBE, 0xFDBE, 0xFDBE, 0xFDBE, 0xFDBE, 0xFDBE, 0xFDBE, 0xFDBE, 0xFDBE, 0xFDBE, 0xFDBE, 0xFDBE, 
    0xFDBE, 0xFDBE, 0xFDBE, 0xFDBE, 0xFDBE, 0xFDBE, 0xFDBE, 0xFDBE, 0xFDBE, 0xFDBE, 0xFDBE, 0xFDBE, 
    0xFDBE, 0xFDBE, 0xFDBE, 0xFDBE, 0xFDBE, 0xFDBE, 0xFDBE, 0xFDBE, 0xFDBE, 0xFDBE, 0xFDBE, 0xFDBE, 
    0xFDBE, 0xFDBE, 0xFDBE, 0xFDBE, 0xFDBE, 0xFDBE, 0xFDBE, 0xFDBE, 0x1DBF, 0x7BAE, 0xD574, 0x7BA6, 
    0x1EBF, 0xFDBE, 0xFDBE, 0xFDBE, 0xFDBE, 0xFDBE, 0xFDBE, 0xFDBE, 0xFDBE, 0xFDBE, 0xFDBE, 0xFDBE, 
    0xFDBE, 0xFDBE, 0xFDBE, 0xFDBE, 0xFDBE, 0xFDBE, 0xFDBE, 0xFDBE, 0xFDBE, 0xFDBE, 0xFDBE, 0xFDBE, 
    0xFDBE, 0xFDBE, 0xFDBE, 0xFDBE, 0xFDBE, 0xFDBE, 0xFDBE, 0xFDBE, 0xFDBE, 0xFDBE, 0xFDBE, 0xFDBE, 
    0xFDBE, 0xFDBE, 0xFDBE, 0xFDBE, 0xFDBE, 0xFDBE, 0xFDBE, 0xFDBE, 0xFDBE, 0xFDBE, 0xFDBE, 0xFDBE, 
    0xFDBE, 0xFDBE, 0xFDBE, 0xFDBE, 0xFDBE, 0xFDBE, 0xFDBE, 0xFDBE, 0xFDBE, 0xFDBE, 0xFDBE, 0xFDBE, 
    0xFDBE, 0xFDBE, 0xFDBE, 0xFDBE, 0xFDBE, 0x1DBF, 0x5785, 0x7785, 0x1EBF, 0xFDBE, 0xFDBE, 0xFDBE, 
    0xFDBE, 0xFDBE, 0xFDBE, 0xFDBE, 0xFDBE, 0xFDBE, 0xFDBE, 0xFDBE, 0xFDBE, 0xFDBE, 0xFDBE, 0xFDBE, 
    0xFDBE, 0xFDBE, 0xFDBE, 0xFDBE, 0xFDBE, 0xFDBE, 0xFDBE, 0xFDBE, 0xFDBE, 0xFDBE, 0xFDBE, 0xFDBE, 
    0xFDBE, 0xFDBE, 0xFDBE, 0xFDBE, 0xFDBE, 0xFDBE, 0xFDBE, 0xFDBE, 0xFDBE, 0xFDBE, 0xFDBE, 0xFDBE, 
    0xFDBE, 0xFDBE, 0xFDBE, 0xFDBE, 0xFDBE, 0xFDBE, 0xFDBE, 0xFDBE, 0xFDBE, 0xFDBE, 0xFDBE, 0xFDBE, 
    0xFDBE, 0xFDBE, 0xFDBE, 0xFDBE, 0xFDBE, 0xFDBE, 0xFDBE, 0xFDBE, 0xFDBE, 0xFDBE, 0xFDBE, 0xFDBE, 
    0xFDBE, 0xFDBE, 0xFDBE, 0xFDBE, 0xFDBE, 0xFDBE, 0xFDBE, 0xFDBE, 0xFDBE, 0xFDBE, 0xFDBE, 0xFDBE, 
    0xFDBE, 0xFDBE, 0xFDBE, 0xFDBE, 0xFDBE, 0xFDBE, 0xFDBE, 0xFDBE, 0x1EBF, 0x5AA6, 0xD574, 0xBCAE, 
    0x1EBF, 0xFDBE, 0xFDBE, 0xFDBE, 0xFDBE, 0xFDBE, 0xFDBE, 0xFDBE, 0xFDBE, 0xFDBE, 0xFDBE, 0xFDBE, 
    0xFDBE, 0xFDBE, 0x1DBF, 0x9BAE, 
    0xA631, 0x5AAE, 0x3EBF, 0xFDBE, 0xFDBE, 0x1DBF, 0x1DB7, 0xFEBE, 
    0xFDBE, 0x1DB7, 0xFDBE, 0xFDBE, 0xFDBE, 0xFDBE, 0xFDBE, 0xFDBE, 0xFDBE, 0xFDBE, 0xFDBE, 0x1DB7, 
    0x1DBF, 0xFDBE, 0xFDBE, 0xFEBE, 0x1EB7, 0xFDAE, 0x1575, 0xB474, 0xB47C, 0xB46C, 0xD56C, 0xB56C, 
    0xB56C, 0xB46C, 0xB474, 0x9564, 0x9ABE, 0xDDFF, 0x9DF7, 0x7BFF, 0x7CFF, 0x7CFF, 0x7BFF, 0xDDFF, 
    0x17B6, 0xB46C, 0xF56C, 0xF474, 0xD474, 0xF474, 0xF474, 0xF574, 0x9BA6, 0x1EBF, 0xFDB6, 0xFDBE, 
    0xFDBE, 0xFDBE, 0xFDBE, 0xFDBE, 0xFDBE, 0xFDBE, 0xFDBE, 0xFDBE, 0xFDBE, 0xFDBE, 0xFDBE, 0xFDBE, 
    0xFDBE, 0xFDBE, 0xFDBE, 0xFDBE, 0xFDBE, 0xFDBE, 0xFDBE, 0xFDBE, 0xFDBE, 0xFDBE, 0xFDBE, 0xFDBE, 
    0xFDBE, 0xFDBE, 0xFDBE, 0xFDBE, 0xFDBE, 0xFDBE, 0xFDBE, 0xFDBE, 0xFDBE, 0xFDBE, 0xFDBE, 0xFDBE, 
    0xFDBE, 0xFDBE, 0xFDBE, 0xFDBE, 0xFDBE, 0xFDBE, 0xFDBE, 0xFDBE, 0xFDBE, 0xFDBE, 0xFDBE, 0xFDBE, 
    0xFDBE, 0xFDBE, 0xFDBE, 0xFDBE, 0x1DBF, 0x7BAE, 0xD574, 0x7BA6, 0x1EBF, 0xFDBE, 0xFDBE, 0xFDBE, 
    0xFDBE, 0xFDBE, 0xFDBE, 0xFDBE, 0xFDBE, 0xFDBE, 0xFDBE, 0xFDBE, 0xFDBE, 0xFDBE, 0xFDBE, 0xFDBE, 
    0xFDBE, 0xFDBE, 0xFDBE, 0xFDBE, 0xFDBE, 0xFDBE, 0xFDBE, 0xFDBE, 0xFDBE, 0xFDBE, 0xFDBE, 0xFDBE, 
    0xFDBE, 0xFDBE, 0xFDBE, 0xFDBE, 0xFDBE, 0xFDBE, 0xFDBE, 0xFDBE, 0xFDBE, 0xFDBE, 0xFDBE, 0xFDBE, 
    0xFDBE, 0xFDBE, 0xFDBE, 0xFDBE, 0xFDBE, 0xFDBE, 0xFDBE, 0xFDBE, 0xFDBE, 0xFDBE, 0xFDBE, 0xFDBE, 
    0xFDBE, 0xFDBE, 0xFDBE, 0xFDBE, 0xFDBE, 0xFDBE, 0xFDBE, 0xFDBE, 0xFDBE, 0xFDBE, 0xFDBE, 0xFDBE, 
    0xFDBE, 0x1DBF, 0x5785, 0x7785, 0x1EBF, 0xFDBE, 0xFDBE, 0xFDBE, 0xFDBE, 0xFDBE, 0xFDBE, 0xFDBE, 
    0xFDBE, 0xFDBE, 0xFDBE, 0xFDBE, 0xFDBE, 0xFDBE, 0xFDBE, 0xFDBE, 0xFDBE, 0xFDBE, 0xFDBE, 0xFDBE, 
    0xFDBE, 0xFDBE, 0xFDBE, 0xFDBE, 0xFDBE, 0xFDBE, 0xFDBE, 0xFDBE, 0xFDBE, 0xFDBE, 0xFDBE, 0xFDBE, 
    0xFDBE, 0xFDBE, 0xFDBE, 0xFDBE, 0xFDBE, 0xFDBE, 0xFDBE, 0xFDBE, 0xFDBE, 0xFDBE, 0xFDBE, 0xFDBE, 
    0xFDBE, 0xFDBE, 0xFDBE, 0xFDBE, 0xFDBE, 0xFDBE, 0xFDBE, 0xFDBE, 0xFDBE, 0xFDBE, 0xFDBE, 0xFDBE, 
    0xFDBE, 0xFDBE, 0xFDBE, 0xFDBE, 0xFDBE, 0xFDBE, 0xFDBE, 0xFDBE, 0xFDBE, 0xFDBE, 0xFDBE, 0xFDBE, 
    0xFDBE, 0xFDBE, 0xFDBE, 0xFDBE, 0xFDBE, 0xFDBE, 0xFDBE, 0xFDBE, 0xFDBE, 0xFDBE, 0xFDBE, 0xFDBE, 
    0xFDBE, 0xFDBE, 0xFDBE, 0xFDBE, 0x1EBF, 0x5AA6, 0xD574, 0xBCAE, 0x1EBF, 0xFDBE, 0xFDBE, 0xFDBE, 
    0xFDBE, 0xFDBE, 0xFDBE, 0xFDBE, 0xFDBE, 0xFDBE, 0xFDBE, 0xFDBE, 0xFDBE, 0xFDBE, 0x1DBF, 0x9BAE, 
    
    0xA631, 0x5AAE, 0x3EBF, 0xFDBE, 0xFDBE, 0x1DBF, 0x1DB7, 0xFEBE, 0xFDBE, 0x1DB7, 0xFDBE, 0xFDBE, 
    0xFDBE, 0xFDBE, 0xFDBE, 0xFDBE, 0xFDBE, 0xFDBE, 0xFDBE, 0x1DB7, 0x1DB7, 0xFDBE, 0xFDBE, 0xFEBE, 
    0x1EB7, 0xFCB6, 0xF47C, 0xB79D, 0x9BC6, 0x79C6, 0x7ABE, 0x59C6, 0x38BE, 0x38BE, 0x18B6, 0x19A6, 
    0x1BDF, 0x9BFF, 0x9DF7, 0x9CFF, 0x9CFF, 0x9CFF, 0x7BFF, 0xBCFF, 0x58C6, 0xF484, 0x3585, 0xF48C, 
    0x148D, 0xF584, 0xF584, 0xB474, 0x3AA6, 0x1EBF, 0xFDBE, 0xFDBE, 0xFDBE, 0xFDBE, 0xFDBE, 0xFDBE, 
    0xFDBE, 0xFDBE, 0xFDBE, 0xFDBE, 0xFDBE, 0xFDBE, 0xFDBE, 0xFDBE, 0xFDBE, 0xFDBE, 0xFDBE, 0xFDBE, 
    0xFDBE, 0xFDBE, 0xFDBE, 0xFDBE, 0xFDBE, 0xFDBE, 0xFDBE, 0xFDBE, 0xFDBE, 0xFDBE, 0xFDBE, 0xFDBE, 
    0xFDBE, 0xFDBE, 0xFDBE, 0xFDBE, 0xFDBE, 0xFDBE, 0xFDBE, 0xFDBE, 0xFDBE, 0xFDBE, 0xFDBE, 0xFDBE, 
    0xFDBE, 0xFDBE, 0xFDBE, 0xFDBE, 0xFDBE, 0xFDBE, 0xFDBE, 0xFDBE, 0xFDBE, 0xFDBE, 0xFDBE, 0xFDBE, 
    0x1DBF, 0x7BAE, 0xD574, 0x7BA6, 0x1EBF, 0xFDBE, 0xFDBE, 0xFDBE, 0xFDBE, 0xFDBE, 0xFDBE, 0xFDBE, 
    0xFDBE, 0xFDBE, 0xFDBE, 0xFDBE, 0xFDBE, 0xFDBE, 0xFDBE, 0xFDBE, 0xFDBE, 0xFDBE, 0xFDBE, 0xFDBE, 
    0xFDBE, 0xFDBE, 0xFDBE, 0xFDBE, 0xFDBE, 0xFDBE, 0xFDBE, 0xFDBE, 0xFDBE, 0xFDBE, 0xFDBE, 0xFDBE, 
    0xFDBE, 0xFDBE, 0xFDBE, 0xFDBE, 0xFDBE, 0xFDBE, 0xFDBE, 0xFDBE, 0xFDBE, 0xFDBE, 0xFDBE, 0xFDBE, 
    0xFDBE, 0xFDBE, 0xFDBE, 0xFDBE, 0xFDBE, 0xFDBE, 0xFDBE, 0xFDBE, 0xFDBE, 0xFDBE, 0xFDBE, 0xFDBE, 
    0xFDBE, 0xFDBE, 0xFDBE, 0xFDBE, 0xFDBE, 0xFDBE, 0xFDBE, 0xFDBE, 0xFDBE, 0x1DBF, 0x5785, 0x7785, 
    0x1EBF, 0xFDBE, 0xFDBE, 0xFDBE, 0xFDBE, 0xFDBE, 0xFDBE, 0xFDBE, 0xFDBE, 0xFDBE, 0xFDBE, 0xFDBE, 
    0xFDBE, 0xFDBE, 0xFDBE, 0xFDBE, 0xFDBE, 0xFDBE, 0xFDBE, 0xFDBE, 0xFDBE, 0xFDBE, 0xFDBE, 0xFDBE, 
    0xFDBE, 0xFDBE, 0xFDBE, 0xFDBE, 0xFDBE, 0xFDBE, 0xFDBE, 0xFDBE, 0xFDBE, 0xFDBE, 0xFDBE, 0xFDBE, 
    0xFDBE, 0xFDBE, 0xFDBE, 0xFDBE, 0xFDBE, 0xFDBE, 0xFDBE, 0xFDBE, 0xFDBE, 0xFDBE, 0xFDBE, 0xFDBE, 
    0xFDBE, 0xFDBE, 0xFDBE, 0xFDBE, 0xFDBE, 0xFDBE, 0xFDBE, 0xFDBE, 0xFDBE, 0xFDBE, 0xFDBE, 0xFDBE, 
    0xFDBE, 0xFDBE, 0xFDBE, 0xFDBE, 0xFDBE, 0xFDBE, 0xFDBE, 0xFDBE, 0xFDBE, 0xFDBE, 0xFDBE, 0xFDBE, 
    0xFDBE, 0xFDBE, 0xFDBE, 0xFDBE, 0xFDBE, 0xFDBE, 0xFDBE, 0xFDBE, 0xFDBE, 0xFDBE, 0xFDBE, 0xFDBE, 
    0x1EBF, 0x5AA6, 0xD574, 0xBCAE, 0x1EBF, 0xFDBE, 0xFDBE, 0xFDBE, 0xFDBE, 0xFDBE, 0xFDBE, 0xFDBE, 
    0xFDBE, 0xFDBE, 0xFDBE, 0xFDBE, 0xFDBE, 0xFDBE, 0x1DBF, 0x9BAE, 
    0xA631, 0x5AAE, 0x3EBF, 0xFDBE, 
    0xFDBE, 0x1DBF, 0x1DB7, 0xFEBE, 0xFDBE, 0x1DB7, 0xFDBE, 0xFDBE, 0xFDBE, 0xFDBE, 0xFDBE, 0xFDBE, 
    0xFDBE, 0xFDBE, 0xFDBE, 0x1DB7, 0x1DB7, 0xFDBE, 0xFDBE, 0xFEBE, 0x1DB7, 0xFCB6, 0xD47C, 0x39BE, 
    0xFFFF, 0xBCFF, 0xBCFF, 0xBCFF, 0xBCFF, 0xBCFF, 0xBCFF, 0xFEFF, 0x9BFF, 0x79FF, 0x9BFF, 0xBCF7, 
    0xBCF7, 0x9CFF, 0x9BFF, 0x9BFF, 0x7CF7, 0x5DE7, 0x5DE7, 0x3CEF, 0x1CE7, 0x5DDF, 0xBCC6, 0xD47C, 
    0x3AA6, 0x1EBF, 0xFDB6, 0xFDBE, 0x1DBF, 0x1DBF, 0xFDBE, 0xFDBE, 0xFDBE, 0xFDBE, 0xFDBE, 0xFDBE, 
    0xFDBE, 0xFDBE, 0xFDBE, 0xFDBE, 0xFDBE, 0xFDBE, 0xFDBE, 0xFDBE, 0xFDBE, 0xFDBE, 0xFDBE, 0xFDBE, 
    0xFDBE, 0xFDBE, 0xFDBE, 0xFDBE, 0xFDBE, 0xFDBE, 0xFDBE, 0xFDBE, 0xFDBE, 0xFDBE, 0xFDBE, 0xFDBE, 
    0xFDBE, 0xFDBE, 0xFDBE, 0xFDBE, 0xFDBE, 0xFDBE, 0xFDBE, 0xFDBE, 0xFDBE, 0xFDBE, 0xFDBE, 0xFDBE, 
    0xFDBE, 0xFDBE, 0xFDBE, 0xFDBE, 0xFDBE, 0xFDBE, 0xFDBE, 0xFDBE, 0x1DBF, 0x7BAE, 0xD574, 0x7BA6, 
    0x1EBF, 0xFDBE, 0xFDBE, 0xFDBE, 0xFDBE, 0xFDBE, 0xFDBE, 0xFDBE, 0xFDBE, 0xFDBE, 0xFDBE, 0xFDBE, 
    0xFDBE, 0xFDBE, 0xFDBE, 0xFDBE, 0xFDBE, 0xFDBE, 0xFDBE, 0xFDBE, 0xFDBE, 0xFDBE, 0xFDBE, 0xFDBE, 
    0xFDBE, 0xFDBE, 0xFDBE, 0xFDBE, 0xFDBE, 0xFDBE, 0xFDBE, 0xFDBE, 0xFDBE, 0xFDBE, 0xFDBE, 0xFDBE, 
    0xFDBE, 0xFDBE, 0xFDBE, 0xFDBE, 0xFDBE, 0xFDBE, 0xFDBE, 0xFDBE, 0xFDBE, 0xFDBE, 0xFDBE, 0xFDBE, 
    0xFDBE, 0xFDBE, 0xFDBE, 0xFDBE, 0xFDBE, 0xFDBE, 0xFDBE, 0xFDBE, 0xFDBE, 0xFDBE, 0xFDBE, 0xFDBE, 
    0xFDBE, 0xFDBE, 0xFDBE, 0xFDBE, 0xFDBE, 0x1DBF, 0x5785, 0x7785, 0x1EBF, 0xFDBE, 0xFDBE, 0xFDBE, 
    0xFDBE, 0xFDBE, 0xFDBE, 0xFDBE, 0xFDBE, 0xFDBE, 0xFDBE, 0xFDBE, 0xFDBE, 0xFDBE, 0xFDBE, 0xFDBE, 
    0xFDBE, 0xFDBE, 0xFDBE, 0xFDBE, 0xFDBE, 0xFDBE, 0xFDBE, 0xFDBE, 0xFDBE, 0xFDBE, 0xFDBE, 0xFDBE, 
    0xFDBE, 0xFDBE, 0xFDBE, 0xFDBE, 0xFDBE, 0xFDBE, 0xFDBE, 0xFDBE, 0xFDBE, 0xFDBE, 0xFDBE, 0xFDBE, 
    0xFDBE, 0xFDBE, 0xFDBE, 0xFDBE, 0xFDBE, 0xFDBE, 0xFDBE, 0xFDBE, 0xFDBE, 0xFDBE, 0xFDBE, 0xFDBE, 
    0xFDBE, 0xFDBE, 0xFDBE, 0xFDBE, 0xFDBE, 0xFDBE, 0xFDBE, 0xFDBE, 0xFDBE, 0xFDBE, 0xFDBE, 0xFDBE, 
    0xFDBE, 0xFDBE, 0xFDBE, 0xFDBE, 0xFDBE, 0xFDBE, 0xFDBE, 0xFDBE, 0xFDBE, 0xFDBE, 0xFDBE, 0xFDBE, 
    0xFDBE, 0xFDBE, 0xFDBE, 0xFDBE, 0xFDBE, 0xFDBE, 0xFDBE, 0xFDBE, 0x1EBF, 0x5AA6, 0xD574, 0xBCAE, 
    0x1EBF, 0xFDBE, 0xFDBE, 0xFDBE, 0xFDBE, 0xFDBE, 0xFDBE, 0xFDBE, 0xFDBE, 0xFDBE, 0xFDBE, 0xFDBE, 
    0xFDBE, 0xFDBE, 0x1DBF, 0x9BAE, 
    0xA631, 0x5AAE, 0x3EBF, 0xFDBE, 0xFDBE, 0x1DBF, 0x1DB7, 0xFEBE, 
    0xFDBE, 0x1DB7, 0xFDBE, 0xFDBE, 0xFDBE, 0xFDBE, 0xFDBE, 0xFDBE, 0xFDBE, 0xFDBE, 0xFDBE, 0x1DB7, 
    0xFDBE, 0xFDBE, 0xFDBE, 0xFDBE, 0xFDBE, 0xDDB6, 0xF574, 0x39B6, 0xBCFF, 0x7BFF, 0x9CFF, 0x9BFF, 
    0x7BFF, 0x9BFF, 0x7BFF, 0x9BFF, 0x9CFF, 0x9CFF, 0x9CFF, 0x9CFF, 0x9CFF, 0x9CFF, 0x9CFF, 0x9CFF, 
    0x9CFF, 0xBCFF, 0x9CFF, 0xBCFF, 0xBCFF, 0xBCFF, 0x3BEF, 0xF574, 0x3B9E, 0x1DBF, 0x1DB7, 0xFDBE, 
    0x1DB7, 0xFDBE, 0xFDBE, 0xFDBE, 0xFDBE, 0xFDBE, 0xFDBE, 0xFDBE, 0xFDBE, 0xFDBE, 0xFDBE, 0xFDBE, 
    0xFDBE, 0xFDBE, 0xFDBE, 0xFDBE, 0xFDBE, 0xFDBE, 0xFDBE, 0xFDBE, 0xFDBE, 0xFDBE, 0xFDBE, 0xFDBE, 
    0xFDBE, 0xFDBE, 0xFDBE, 0xFDBE, 0xFDBE, 0xFDBE, 0xFDBE, 0xFDBE, 0xFDBE, 0xFDBE, 0xFDBE, 0xFDBE, 
    0xFDBE, 0xFDBE, 0xFDBE, 0xFDBE, 0xFDBE, 0xFDBE, 0xFDBE, 0xFDBE, 0xFDBE, 0xFDBE, 0xFDBE, 0xFDBE, 
    0xFDBE, 0xFDBE, 0xFDBE, 0x1DBF, 0x1EBF, 0x7BA6, 0xD574, 0x7BA6, 0x1EBF, 0xFDB6, 0xFDBE, 0x1DBF, 
    0xFDBE, 0xFDBE, 0xFDBE, 0xFDBE, 0xFDBE, 0xFDBE, 0xFDBE, 0xFDBE, 0xFDBE, 0xFDBE, 0xFDBE, 0xFDBE, 
    0xFDBE, 0xFDBE, 0xFDBE, 0xFDBE, 0xFDBE, 0xFDBE, 0xFDBE, 0xFDBE, 0xFDBE, 0xFDBE, 0xFDBE, 0xFDBE, 
    0xFDBE, 0xFDBE, 0xFDBE, 0xFDBE, 0xFDBE, 0xFDBE, 0xFDBE, 0xFDBE, 0xFDBE, 0xFDBE, 0xFDBE, 0xFDBE, 
    0xFDBE, 0xFDBE, 0xFDBE, 0xFDBE, 0xFDBE, 0xFDBE, 0xFDBE, 0xFDBE, 0xFDBE, 0xFDBE, 0xFDBE, 0xFDBE, 
    0xFDBE, 0xFDBE, 0xFDBE, 0xFDBE, 0xFDBE, 0xFDBE, 0xFDBE, 0xFDBE, 0xFDBE, 0xFDBE, 0xFDBE, 0xFDBE, 
    0xFDBE, 0x1DBF, 0x7785, 0x7785, 0x1EBF, 0x1DB7, 0xFDB6, 0x1DBF, 0xFDBE, 0xFDBE, 0xFDBE, 0xFDBE, 
    0xFDBE, 0xFDBE, 0xFDBE, 0xFDBE, 0xFDBE, 0xFDBE, 0xFDBE, 0xFDBE, 0xFDBE, 0xFDBE, 0xFDBE, 0xFDBE, 
    0xFDBE, 0xFDBE, 0xFDBE, 0xFDBE, 0xFDBE, 0xFDBE, 0xFDBE, 0xFDBE, 0xFDBE, 0xFDBE, 0xFDBE, 0xFDBE, 
    0xFDBE, 0xFDBE, 0xFDBE, 0xFDBE, 0xFDBE, 0xFDBE, 0xFDBE, 0xFDBE, 0xFDBE, 0xFDBE, 0xFDBE, 0xFDBE, 
    0xFDBE, 0xFDBE, 0xFDBE, 0xFDBE, 0xFDBE, 0xFDBE, 0xFDBE, 0xFDBE, 0xFDBE, 0xFDBE, 0xFDBE, 0xFDBE, 
    0xFDBE, 0xFDBE, 0xFDBE, 0xFDBE, 0xFDBE, 0xFDBE, 0xFDBE, 0xFDBE, 0xFDBE, 0xFDBE, 0xFDBE, 0xFDBE, 
    0xFDBE, 0xFDBE, 0xFDBE, 0xFDBE, 0xFDBE, 0xFDBE, 0xFDBE, 0xFDBE, 0xFDBE, 0xFDBE, 0xFDBE, 0xFDBE, 
    0xFDBE, 0xFDBE, 0xFDBE, 0xFDBE, 0x1DBF, 0x5AA6, 0xD574, 0x9CAE, 0x1DBF, 0xFDBE, 0xFDBE, 0xFDBE, 
    0xFDBE, 0xFDBE, 0xFDBE, 0xFDBE, 0xFDBE, 0xFDBE, 0xFDBE, 0xFDBE, 0xFDBE, 0xFDBE, 0x1DBF, 0x9BAE, 
    
    0xA631, 0x5AAE, 0x3EBF, 0xFDBE, 0xFDBE, 0x1DBF, 0x1DB7, 0xFEBE, 0xFDBE, 0x1DB7, 0xFDBE, 0xFDBE, 
    0xFDBE, 0xFDBE, 0xFDBE, 0xFDBE, 0xFDBE, 0xFDBE, 0xFDBE, 0x1DB7, 0xFDBE, 0xFDBE, 0xFDBE, 0xFDBE, 
    0xFDBE, 0xDDB6, 0xF574, 0x39B6, 0xBCFF, 0x9BFF, 0x9CFF, 0x9CFF, 0x9CFF, 0x9CFF, 0x9CFF, 0x9CFF, 
    0x9CFF, 0x9CFF, 0x9CFF, 0x9CFF, 0x9CFF, 0x9CFF, 0x9CFF, 0x9CFF, 0x9CFF, 0x9CFF, 0x9CFF, 0x9CFF, 
    0x9CF7, 0x9CFF, 0x1AE7, 0xF574, 0x3B9E, 0x1DBF, 0x1DBF, 0xFDBE, 0x1DB7, 0xFDBE, 0xFDBE, 0xFDBE, 
    0xFDBE, 0xFDBE, 0xFDBE, 0xFDBE, 0xFDBE, 0xFDBE, 0xFDBE, 0xFDBE, 0xFDBE, 0xFDBE, 0xFDBE, 0xFDBE, 
    0xFDBE, 0xFDBE, 0xFDBE, 0xFDBE, 0xFDBE, 0xFDBE, 0xFDBE, 0xFDBE, 0xFDBE, 0xFDBE, 0xFDBE, 0xFDBE, 
    0xFDBE, 0xFDBE, 0xFDBE, 0xFDBE, 0xFDBE, 0xFDBE, 0xFDBE, 0xFDBE, 0xFDBE, 0xFDBE, 0xFDBE, 0xFDBE, 
    0xFDBE, 0xFDBE, 0xFDBE, 0xFDBE, 0xFDBE, 0xFDBE, 0xFDBE, 0xFDBE, 0xFDBE, 0xFDBE, 0xFDBE, 0x1DBF, 
    0x1EBF, 0x7BA6, 0xD574, 0x7BA6, 0x1EBF, 0xFDB6, 0xFDBE, 0x1DBF, 0xFDBE, 0xFDBE, 0xFDBE, 0xFDBE, 
    0xFDBE, 0xFDBE, 0xFDBE, 0xFDBE, 0xFDBE, 0xFDBE, 0xFDBE, 0xFDBE, 0xFDBE, 0xFDBE, 0xFDBE, 0xFDBE, 
    0xFDBE, 0xFDBE, 0xFDBE, 0xFDBE, 0xFDBE, 0xFDBE, 0xFDBE, 0xFDBE, 0xFDBE, 0xFDBE, 0xFDBE, 0xFDBE, 
    0xFDBE, 0xFDBE, 0xFDBE, 0xFDBE, 0xFDBE, 0xFDBE, 0xFDBE, 0xFDBE, 0xFDBE, 0xFDBE, 0xFDBE, 0xFDBE, 
    0xFDBE, 0xFDBE, 0xFDBE, 0xFDBE, 0xFDBE, 0xFDBE, 0xFDBE, 0xFDBE, 0xFDBE, 0xFDBE, 0xFDBE, 0xFDBE, 
    0xFDBE, 0xFDBE, 0xFDBE, 0xFDBE, 0xFDBE, 0xFDBE, 0xFDBE, 0xFDBE, 0xFDBE, 0x1DBF, 0x5785, 0x7785, 
    0x1EBF, 0xFDBE, 0xFDBE, 0xFDBE, 0xFDBE, 0xFDBE, 0xFDBE, 0xFDBE, 0xFDBE, 0xFDBE, 0xFDBE, 0xFDBE, 
    0xFDBE, 0xFDBE, 0xFDBE, 0xFDBE, 0xFDBE, 0xFDBE, 0xFDBE, 0xFDBE, 0xFDBE, 0xFDBE, 0xFDBE, 0xFDBE, 
    0xFDBE, 0xFDBE, 0xFDBE, 0xFDBE, 0xFDBE, 0xFDBE, 0xFDBE, 0xFDBE, 0xFDBE, 0xFDBE, 0xFDBE, 0xFDBE, 
    0xFDBE, 0xFDBE, 0xFDBE, 0xFDBE, 0xFDBE, 0xFDBE, 0xFDBE, 0xFDBE, 0xFDBE, 0xFDBE, 0xFDBE, 0xFDBE, 
    0xFDBE, 0xFDBE, 0xFDBE, 0xFDBE, 0xFDBE, 0xFDBE, 0xFDBE, 0xFDBE, 0xFDBE, 0xFDBE, 0xFDBE, 0xFDBE, 
    0xFDBE, 0xFDBE, 0xFDBE, 0xFDBE, 0xFDBE, 0xFDBE, 0xFDBE, 0xFDBE, 0xFDBE, 0xFDBE, 0xFDBE, 0xFDBE, 
    0xFDBE, 0xFDBE, 0xFDBE, 0xFDBE, 0xFDBE, 0xFDBE, 0xFDBE, 0xFDBE, 0xFDBE, 0xFDBE, 0xFDBE, 0xFDBE, 
    0x1DBF, 0x5AA6, 0xD574, 0x9CAE, 0x1DBF, 0xFDBE, 0xFDBE, 0xFDBE, 0xFDBE, 0xFDBE, 0xFDBE, 0xFDBE, 
    0xFDBE, 0xFDBE, 0xFDBE, 0xFDBE, 0xFDBE, 0xFDBE, 0x1DBF, 0x9BAE, 
    0xA631, 0x5AAE, 0x3EBF, 0xFDBE, 
    0xFDBE, 0x1DBF, 0x1DB7, 0xFEBE, 0xFDBE, 0x1DB7, 0xFDBE, 0xFDBE, 0xFDBE, 0xFDBE, 0xFDBE, 0xFDBE, 
    0xFDBE, 0xFDBE, 0xFDBE, 0x1DB7, 0xFDBE, 0xFDBE, 0xFDBE, 0xFDBE, 0xFDBE, 0xDDB6, 0xF574, 0x39B6, 
    0xBCFF, 0x9BFF, 0x9CFF, 0x9CFF, 0x9CFF, 0x9CFF, 0x9CFF, 0x9CFF, 0x9CFF, 0x9CFF, 0x9CFF, 0x9CFF, 
    0x9CFF, 0x9CFF, 0x9CFF, 0x9CFF, 0x9CFF, 0x9CFF, 0x9CFF, 0x9CFF, 0x9CFF, 0x9CFF, 0x1AE7, 0xF574, 
    0x3B9E, 0x1DBF, 0xFDBE, 0xFDBE, 0x1DB7, 0xFDBE, 0xFDBE, 0xFDBE, 0xFDBE, 0xFDBE, 0xFDBE, 0xFDBE, 
    0xFDBE, 0xFDBE, 0xFDBE, 0xFDBE, 0xFDBE, 0xFDBE, 0xFDBE, 0xFDBE, 0xFDBE, 0xFDBE, 0xFDBE, 0xFDBE, 
    0xFDBE, 0xFDBE, 0xFDBE, 0xFDBE, 0xFDBE, 0xFDBE, 0xFDBE, 0xFDBE, 0xFDBE, 0xFDBE, 0xFDBE, 0xFDBE, 
    0xFDBE, 0xFDBE, 0xFDBE, 0xFDBE, 0xFDBE, 0xFDBE, 0xFDBE, 0xFDBE, 0xFDBE, 0xFDBE, 0xFDBE, 0xFDBE, 
    0xFDBE, 0xFDBE, 0xFDBE, 0xFDBE, 0xFDBE, 0xFDBE, 0xFDBE, 0xFDBE, 0x1DBF, 0x7BAE, 0xD574, 0x7BA6, 
    0x1EBF, 0xFDBE, 0xFDBE, 0xFDBE, 0xFDBE, 0xFDBE, 0xFDBE, 0xFDBE, 0xFDBE, 0xFDBE, 0xFDBE, 0xFDBE, 
    0xFDBE, 0xFDBE, 0xFDBE, 0xFDBE, 0xFDBE, 0xFDBE, 0xFDBE, 0xFDBE, 0xFDBE, 0xFDBE, 0xFDBE, 0xFDBE, 
    0xFDBE, 0xFDBE, 0xFDBE, 0xFDBE, 0xFDBE, 0xFDBE, 0xFDBE, 0xFDBE, 0xFDBE, 0xFDBE, 0xFDBE, 0xFDBE, 
    0xFDBE, 0xFDBE, 0xFDBE, 0xFDBE, 0xFDBE, 0xFDBE, 0xFDBE, 0xFDBE, 0xFDBE, 0xFDBE, 0xFDBE, 0xFDBE, 
    0xFDBE, 0xFDBE, 0xFDBE, 0xFDBE, 0xFDBE, 0xFDBE, 0xFDBE, 0xFDBE, 0xFDBE, 0xFDBE, 0xFDBE, 0xFDBE, 
    0xFDBE, 0xFDBE, 0xFDBE, 0xFDBE, 0xFDBE, 0x1DBF, 0x5785, 0x7785, 0x1EBF, 0xFDBE, 0xFDBE, 0xFDBE, 
    0xFDBE, 0xFDBE, 0xFDBE, 0xFDBE, 0xFDBE, 0xFDBE, 0xFDBE, 0xFDBE, 0xFDBE, 0xFDBE, 0xFDBE, 0xFDBE, 
    0xFDBE, 0xFDBE, 0xFDBE, 0xFDBE, 0xFDBE, 0xFDBE, 0xFDBE, 0xFDBE, 0xFDBE, 0xFDBE, 0xFDBE, 0xFDBE, 
    0xFDBE, 0xFDBE, 0xFDBE, 0xFDBE, 0xFDBE, 0xFDBE, 0xFDBE, 0xFDBE, 0xFDBE, 0xFDBE, 0xFDBE, 0xFDBE, 
    0xFDBE, 0xFDBE, 0xFDBE, 0xFDBE, 0xFDBE, 0xFDBE, 0xFDBE, 0xFDBE, 0xFDBE, 0xFDBE, 0xFDBE, 0xFDBE, 
    0xFDBE, 0xFDBE, 0xFDBE, 0xFDBE, 0xFDBE, 0xFDBE, 0xFDBE, 0xFDBE, 0xFDBE, 0xFDBE, 0xFDBE, 0xFDBE, 
    0xFDBE, 0xFDBE, 0xFDBE, 0xFDBE, 0xFDBE, 0xFDBE, 0xFDBE, 0xFDBE, 0xFDBE, 0xFDBE, 0xFDBE, 0xFDBE, 
    0xFDBE, 0xFDBE, 0xFDBE, 0xFDBE, 0xFDBE, 0xFDBE, 0xFDBE, 0xFDBE, 0x1DBF, 0x5AA6, 0xD574, 0x9CAE, 
    0x1DBF, 0xFDBE, 0xFDBE, 0xFDBE, 0xFDBE, 0xFDBE, 0xFDBE, 0xFDBE, 0xFDBE, 0xFDBE, 0xFDBE, 0xFDBE, 
    0xFDBE, 0xFDBE, 0x1DBF, 0x9BAE, 
    0xA631, 0x5AAE, 0x3EBF, 0xFDBE, 0xFDBE, 0x1DBF, 0x1DB7, 0xFEBE, 
    0xFDBE, 0x1DB7, 0xFDBE, 0xFDBE, 0xFDBE, 0xFDBE, 0xFDBE, 0xFDBE, 0xFDBE, 0xFDBE, 0xFDBE, 0x1DB7, 
    0xFDBE, 0xFDBE, 0xFDBE, 0xFDBE, 0xFDBE, 0xDDB6, 0xF574, 0x39B6, 0xBCFF, 0x9BFF, 0x9CFF, 0x9CFF, 
    0x9CFF, 0x9CFF, 0x9CFF, 0x9CFF, 0x9CFF, 0x9CFF, 0x9CFF, 0x9CFF, 0x9CFF, 0x9CFF, 0x9CFF, 0x9CFF, 
    0x9CFF, 0x9CFF, 0x9CFF, 0x9CFF, 0x9CFF, 0x9CFF, 0x1AE7, 0xF574, 0x3B9E, 0x1DBF, 0xFDBE, 0xFDBE, 
    0x1DB7, 0xFDBE, 0xFDBE, 0xFDBE, 0xFDBE, 0xFDBE, 0xFDBE, 0xFDBE, 0xFDBE, 0xFDBE, 0xFDBE, 0xFDBE, 
    0xFDBE, 0xFDBE, 0xFDBE, 0xFDBE, 0xFDBE, 0xFDBE, 0xFDBE, 0xFDBE, 0xFDBE, 0xFDBE, 0xFDBE, 0xFDBE, 
    0xFDBE, 0xFDBE, 0xFDBE, 0xFDBE, 0xFDBE, 0xFDBE, 0xFDBE, 0xFDBE, 0xFDBE, 0xFDBE, 0xFDBE, 0xFDBE, 
    0xFDBE, 0xFDBE, 0xFDBE, 0xFDBE, 0xFDBE, 0xFDBE, 0xFDBE, 0xFDBE, 0xFDBE, 0xFDBE, 0xFDBE, 0xFDBE, 
    0xFDBE, 0xFDBE, 0xFDBE, 0xFDBE, 0x1DBF, 0x7BAE, 0xD574, 0x7BA6, 0x1EBF, 0xFDBE, 0xFDBE, 0xFDBE, 
    0xFDBE, 0xFDBE, 0xFDBE, 0xFDBE, 0xFDBE, 0xFDBE, 0xFDBE, 0xFDBE, 0xFDBE, 0xFDBE, 0xFDBE, 0xFDBE, 
    0xFDBE, 0xFDBE, 0xFDBE, 0xFDBE, 0xFDBE, 0xFDBE, 0xFDBE, 0xFDBE, 0xFDBE, 0xFDBE, 0xFDBE, 0xFDBE, 
    0xFDBE, 0xFDBE, 0xFDBE, 0xFDBE, 0xFDBE, 0xFDBE, 0xFDBE, 0xFDBE, 0xFDBE, 0xFDBE, 0xFDBE, 0xFDBE, 
    0xFDBE, 0xFDBE, 0xFDBE, 0xFDBE, 0xFDBE, 0xFDBE, 0xFDBE, 0xFDBE, 0xFDBE, 0xFDBE, 0xFDBE, 0xFDBE, 
    0xFDBE, 0xFDBE, 0xFDBE, 0xFDBE, 0xFDBE, 0xFDBE, 0xFDBE, 0xFDBE, 0xFDBE, 0xFDBE, 0xFDBE, 0xFDBE, 
    0xFDBE, 0x1DBF, 0x5785, 0x7785, 0x1EBF, 0x1DBF, 0xFDBE, 0xFDBE, 0xFDBE, 0xFDBE, 0xFDBE, 0xFDBE, 
    0xFDBE, 0xFDBE, 0xFDBE, 0xFDBE, 0xFDBE, 0xFDBE, 0xFDBE, 0xFDBE, 0xFDBE, 0xFDBE, 0xFDBE, 0xFDBE, 
    0xFDBE, 0xFDBE, 0xFDBE, 0xFDBE, 0xFDBE, 0xFDBE, 0xFDBE, 0xFDBE, 0xFDBE, 0xFDBE, 0xFDBE, 0xFDBE, 
    0xFDBE, 0xFDBE, 0xFDBE, 0xFDBE, 0xFDBE, 0xFDBE, 0xFDBE, 0xFDBE, 0xFDBE, 0xFDBE, 0xFDBE, 0xFDBE, 
    0xFDBE, 0xFDBE, 0xFDBE, 0xFDBE, 0xFDBE, 0xFDBE, 0xFDBE, 0xFDBE, 0xFDBE, 0xFDBE, 0xFDBE, 0xFDBE, 
    0xFDBE, 0xFDBE, 0xFDBE, 0xFDBE, 0xFDBE, 0xFDBE, 0xFDBE, 0xFDBE, 0xFDBE, 0xFDBE, 0xFDBE, 0xFDBE, 
    0xFDBE, 0xFDBE, 0xFDBE, 0xFDBE, 0xFDBE, 0xFDBE, 0xFDBE, 0xFDBE, 0xFDBE, 0xFDBE, 0xFDBE, 0xFDBE, 
    0xFDBE, 0xFDBE, 0xFDBE, 0xFDBE, 0x1DBF, 0x5AA6, 0xD574, 0x9CAE, 0x1DBF, 0xFDBE, 0xFDBE, 0xFDBE, 
    0xFDBE, 0xFDBE, 0xFDBE, 0xFDBE, 0xFDBE, 0xFDBE, 0xFDBE, 0xFDBE, 0xFDBE, 0xFDBE, 0x1DBF, 0x9BAE, 
    
    0xA631, 0x5AAE, 0x3EBF, 0xFDBE, 0xFDBE, 0x1DBF, 0x1DB7, 0xFEBE, 0xFDBE, 0x1DB7, 0xFDBE, 0xFDBE, 
    0xFDBE, 0xFDBE, 0xFDBE, 0xFDBE, 0xFDBE, 0xFDBE, 0xFDBE, 0x1DB7, 0xFDBE, 0xFDBE, 0xFDBE, 0xFDBE, 
    0xFDBE, 0xDDB6, 0xF574, 0x39B6, 0xBCFF, 0x9BFF, 0x9CFF, 0x9CFF, 0x9CFF, 0x9CFF, 0x9CFF, 0x9CFF, 
    0x9CFF, 0x9CFF, 0x9CFF, 0x9CFF, 0x9CFF, 0x9CFF, 0x9CFF, 0x9CFF, 0x9CFF, 0x9CFF, 0x9CFF, 0x9CFF, 
    0x9CFF, 0x9CFF, 0x1AE7, 0xD574, 0x3B9E, 0x1DBF, 0xFDBE, 0xFEBE, 0x1DB7, 0xFDBE, 0xFDBE, 0xFDBE, 
    0xFDBE, 0xFDBE, 0xFDBE, 0xFDBE, 0xFDBE, 0xFDBE, 0xFDBE, 0xFDBE, 0xFDBE, 0xFDBE, 0xFDBE, 0xFDBE, 
    0xFDBE, 0xFDBE, 0xFDBE, 0xFDBE, 0xFDBE, 0xFDBE, 0xFDBE, 0xFDBE, 0xFDBE, 0xFDBE, 0xFDBE, 0xFDBE, 
    0xFDBE, 0xFDBE, 0xFDBE, 0xFDBE, 0xFDBE, 0xFDBE, 0xFDBE, 0xFDBE, 0xFDBE, 0xFDBE, 0xFDBE, 0xFDBE, 
    0xFDBE, 0xFDBE, 0xFDBE, 0xFDBE, 0xFDBE, 0xFDBE, 0xFDBE, 0xFDBE, 0xFDBE, 0xFDBE, 0xFDBE, 0xFDBE, 
    0x1DBF, 0x7BAE, 0xB474, 0x7BAE, 0x1EBF, 0xFDBE, 0xFDBE, 0xFDBE, 0xFDBE, 0xFDBE, 0xFDBE, 0xFDBE, 
    0xFDBE, 0xFDBE, 0xFDBE, 0xFDBE, 0xFDBE, 0xFDBE, 0xFDBE, 0xFDBE, 0xFDBE, 0xFDBE, 0xFDBE, 0xFDBE, 
    0xFDBE, 0xFDBE, 0xFDBE, 0xFDBE, 0xFDBE, 0xFDBE, 0xFDBE, 0xFDBE, 0xFDBE, 0xFDBE, 0xFDBE, 0xFDBE, 
    0xFDBE, 0xFDBE, 0xFDBE, 0xFDBE, 0xFDBE, 0xFDBE, 0xFDBE, 0xFDBE, 0xFDBE, 0xFDBE, 0xFDBE, 0xFDBE, 
    0xFDBE, 0xFDBE, 0xFDBE, 0xFDBE, 0xFDBE, 0xFDBE, 0xFDBE, 0xFDBE, 0xFDBE, 0xFDBE, 0xFDBE, 0xFDBE, 
    0xFDBE, 0xFDBE, 0xFDBE, 0xFDBE, 0xFDBE, 0xFDBE, 0xFDBE, 0xFDBE, 0xFDBE, 0x1DBF, 0x5785, 0x7785, 
    0x1EBF, 0x1DBF, 0xFDBE, 0xFDBE, 0xFDBE, 0xFDBE, 0xFDBE, 0xFDBE, 0xFDBE, 0xFDBE, 0xFDBE, 0xFDBE, 
    0xFDBE, 0xFDBE, 0xFDBE, 0xFDBE, 0xFDBE, 0xFDBE, 0xFDBE, 0xFDBE, 0xFDBE, 0xFDBE, 0xFDBE, 0xFDBE, 
    0xFDBE, 0xFDBE, 0xFDBE, 0xFDBE, 0xFDBE, 0xFDBE, 0xFDBE, 0xFDBE, 0xFDBE, 0xFDBE, 0xFDBE, 0xFDBE, 
    0xFDBE, 0xFDBE, 0xFDBE, 0xFDBE, 0xFDBE, 0xFDBE, 0xFDBE, 0xFDBE, 0xFDBE, 0xFDBE, 0xFDBE, 0xFDBE, 
    0xFDBE, 0xFDBE, 0xFDBE, 0xFDBE, 0xFDBE, 0xFDBE, 0xFDBE, 0xFDBE, 0xFDBE, 0xFDBE, 0xFDBE, 0xFDBE, 
    0xFDBE, 0xFDBE, 0xFDBE, 0xFDBE, 0xFDBE, 0xFDBE, 0xFDBE, 0xFDBE, 0xFDBE, 0xFDBE, 0xFDBE, 0xFDBE, 
    0xFDBE, 0xFDBE, 0xFDBE, 0xFDBE, 0xFDBE, 0xFDBE, 0xFDBE, 0xFDBE, 0xFDBE, 0xFDBE, 0xFDBE, 0xFDB6, 
    0x1EBF, 0x5AA6, 0xD574, 0x9CAE, 0x1DBF, 0xFDBE, 0xFDBE, 0xFDBE, 0xFDBE, 0xFDBE, 0xFDBE, 0xFDBE, 
    0xFDBE, 0xFDBE, 0xFDBE, 0xFDBE, 0xFDBE, 0xFDBE, 0x1DBF, 0x9BAE, 
    0xA631, 0x5AAE, 0x3EBF, 0xFDBE, 
    0xFDBE, 0x1DBF, 0x1DB7, 0xFEBE, 0xFDBE, 0x1DB7, 0xFDBE, 0xFDBE, 0xFDBE, 0xFDBE, 0xFDBE, 0xFDBE, 
    0xFDBE, 0xFDBE, 0xFDBE, 0x1DB7, 0xFDBE, 0xFDBE, 0xFDBE, 0xFDBE, 0xFDBE, 0xDDB6, 0xF574, 0x39B6, 
    0xBCFF, 0x9BFF, 0x9CFF, 0x9CFF, 0x9CFF, 0x9CFF, 0x9CFF, 0x9CFF, 0x9CFF, 0x9CFF, 0x9CFF, 0x9CFF, 
    0x9CFF, 0x9CFF, 0x9CFF, 0x9CFF, 0x9CFF, 0x9CFF, 0x9CFF, 0x9CFF, 0x9CFF, 0x9CFF, 0x1AE7, 0xF574, 
    0x3B9E, 0x1DBF, 0xFDB6, 0xFDBE, 0xFDB6, 0xFDB6, 0xFDBE, 0xFDBE, 0xFDBE, 0xFDBE, 0xFDBE, 0xFDBE, 
    0xFDBE, 0xFDBE, 0xFDBE, 0xFDBE, 0xFDBE, 0xFDBE, 0xFDBE, 0xFDBE, 0xFDBE, 0xFDBE, 0xFDBE, 0xFDBE, 
    0xFDBE, 0xFDBE, 0xFDBE, 0xFDBE, 0xFDBE, 0xFDBE, 0xFDBE, 0xFDBE, 0xFDBE, 0xFDBE, 0xFDBE, 0xFDBE, 
    0xFDBE, 0xFDBE, 0xFDBE, 0xFDBE, 0xFDBE, 0xFDBE, 0xFDBE, 0xFDBE, 0xFDBE, 0xFDBE, 0xFDBE, 0xFDBE, 
    0xFDBE, 0xFDBE, 0xFDBE, 0xFDBE, 0xFDBE, 0xFDBE, 0xFDBE, 0xFDB6, 0x1DBF, 0x7BA6, 0xD574, 0x5BA6, 
    0x1EBF, 0xFDB6, 0xFDBE, 0xFDBE, 0xFDBE, 0xFDBE, 0xFDBE, 0xFDBE, 0xFDBE, 0xFDBE, 0xFDBE, 0xFDBE, 
    0xFDBE, 0xFDBE, 0xFDBE, 0xFDBE, 0xFDBE, 0xFDBE, 0xFDBE, 0xFDBE, 0xFDBE, 0xFDBE, 0xFDBE, 0xFDBE, 
    0xFDBE, 0xFDBE, 0xFDBE, 0xFDBE, 0xFDBE, 0xFDBE, 0xFDBE, 0xFDBE, 0xFDBE, 0xFDBE, 0xFDBE, 0xFDBE, 
    0xFDBE, 0xFDBE, 0xFDBE, 0xFDBE, 0xFDBE, 0xFDBE, 0xFDBE, 0xFDBE, 0xFDBE, 0xFDBE, 0xFDBE, 0xFDBE, 
    0xFDBE, 0xFDBE, 0xFDBE, 0xFDBE, 0xFDBE, 0xFDBE, 0xFDBE, 0xFDBE, 0xFDBE, 0xFDBE, 0xFDBE, 0xFDBE, 
    0xFDBE, 0xFDBE, 0xFDBE, 0xFDBE, 0xFDBE, 0xFDBE, 0x7785, 0x7785, 0x1DBF, 0xFDB6, 0xFDB6, 0xFDBE, 
    0xFDBE, 0xFDBE, 0xFDBE, 0xFDBE, 0xFDBE, 0xFDBE, 0xFDBE, 0xFDBE, 0xFDBE, 0xFDBE, 0xFDBE, 0xFDBE, 
    0xFDBE, 0xFDBE, 0xFDBE, 0xFDBE, 0xFDBE, 0xFDBE, 0xFDBE, 0xFDBE, 0xFDBE, 0xFDBE, 0xFDBE, 0xFDBE, 
    0xFDBE, 0xFDBE, 0xFDBE, 0xFDBE, 0xFDBE, 0xFDBE, 0xFDBE, 0xFDBE, 0xFDBE, 0xFDBE, 0xFDBE, 0xFDBE, 
    0xFDBE, 0xFDBE, 0xFDBE, 0xFDBE, 0xFDBE, 0xFDBE, 0xFDBE, 0xFDBE, 0xFDBE, 0xFDBE, 0xFDBE, 0xFDBE, 
    0xFDBE, 0xFDBE, 0xFDBE, 0xFDBE, 0xFDBE, 0xFDBE, 0xFDBE, 0xFDBE, 0xFDBE, 0xFDBE, 0xFDBE, 0xFDBE, 
    0xFDBE, 0xFDBE, 0xFDBE, 0xFDBE, 0xFDBE, 0xFDBE, 0xFDBE, 0xFDBE, 0xFDBE, 0xFDBE, 0xFDBE, 0xFDBE, 
    0xFDBE, 0xFDBE, 0xFDBE, 0xFDBE, 0xFDBE, 0xFDBE, 0x1DBF, 0xFDB6, 0x1EBF, 0x5B9E, 0xD574, 0x9CAE, 
    0x1EBF, 0xFDBE, 0xFDBE, 0xFDBE, 0xFDBE, 0xFDBE, 0xFDBE, 0xFDBE, 0xFDBE, 0xFDBE, 0xFDBE, 0xFDBE, 
    0xFDBE, 0xFDBE, 0x1DBF, 0x9BAE, 
    0xA631, 0x5AAE, 0x3EBF, 0xFDBE, 0xFDBE, 0x1DBF, 0x1DB7, 0xFEBE, 
    0xFDBE, 0x1DB7, 0xFDBE, 0xFDBE, 0xFDBE, 0xFDBE, 0xFDBE, 0xFDBE, 0xFDBE, 0xFDBE, 0xFDBE, 0x1DB7, 
    0xFDBE, 0xFDBE, 0xFDBE, 0xFDBE, 0xFDBE, 0xDDB6, 0xF574, 0x39B6, 0xBCFF, 0x9BFF, 0x9CFF, 0x9CFF, 
    0x9CFF, 0x9CFF, 0x9CFF, 0x9CFF, 0x9CFF, 0x9CFF, 0x9CFF, 0x9CFF, 0x9CFF, 0x9CFF, 0x9CFF, 0x9CFF, 
    0x9CFF, 0x9CFF, 0x9CFF, 0x9CFF, 0x9CFF, 0xBCFF, 0x1AE7, 0xF574, 0x5C9E, 0x3EBF, 0x1DBF, 0x1EBF, 
    0x1DBF, 0x1EBF, 0x1EBF, 0x1EBF, 0x1EBF, 0x1EBF, 0x1EBF, 0x1EBF, 0x1EBF, 0x1EBF, 0x1EBF, 0x1EBF, 
    0x1EBF, 0x1EBF, 0x1EBF, 0x1EBF, 0x1EBF, 0x1EBF, 0x1EBF, 0x1EBF, 0x1EBF, 0x1EBF, 0x1EBF, 0x1EBF, 
    0x1EBF, 0x1EBF, 0x1EBF, 0x1EBF, 0x1EBF, 0x1EBF, 0x1EBF, 0x1EBF, 0x1EBF, 0x1EBF, 0x1EBF, 0x1EBF, 
    0x1EBF, 0x1EBF, 0x1EBF, 0x1EBF, 0x1EBF, 0x1EBF, 0x1EBF, 0x1EBF, 0x1EBF, 0x1EBF, 0x1EBF, 0x1EBF, 
    0x1EBF, 0x1EBF, 0x1DBF, 0x1DBF, 0x3EBF, 0x9CAE, 0xD574, 0x7CAE, 0x3EBF, 0x1EBF, 0x1EBF, 0x1DBF, 
    0x1DBF, 0x1EBF, 0x1EBF, 0x1EBF, 0x1EBF, 0x1EBF, 0x1EBF, 0x1EBF, 0x1EBF, 0x1EBF, 0x1EBF, 0x1EBF, 
    0x1EBF, 0x1EBF, 0x1EBF, 0x1EBF, 0x1EBF, 0x1EBF, 0x1EBF, 0x1EBF, 0x1EBF, 0x1EBF, 0x1EBF, 0x1EBF, 
    0x1EBF, 0x1EBF, 0x1EBF, 0x1EBF, 0x1EBF, 0x1EBF, 0x1EBF, 0x1EBF, 0x1EBF, 0x1EBF, 0x1EBF, 0x1EBF, 
    0x1EBF, 0x1EBF, 0x1EBF, 0x1EBF, 0x1EBF, 0x1EBF, 0x1EBF, 0x1EBF, 0x1EBF, 0x1EBF, 0x1EBF, 0x1EBF, 
    0x1EBF, 0x1EBF, 0x1EBF, 0x1EBF, 0x1EBF, 0x1EBF, 0x1EBF, 0x1EBF, 0x1EBF, 0x1EBF, 0x1DBF, 0x1DBF, 
    0x1EBF, 0x1EBF, 0x7785, 0x7785, 0x3EBF, 0x1EBF, 0x1EBF, 0x1DBF, 0x1EBF, 0x1EBF, 0x1EBF, 0x1EBF, 
    0x1EBF, 0x1EBF, 0x1EBF, 0x1EBF, 0x1EBF, 0x1EBF, 0x1EBF, 0x1EBF, 0x1EBF, 0x1EBF, 0x1EBF, 0x1EBF, 
    0x1EBF, 0x1EBF, 0x1EBF, 0x1EBF, 0x1EBF, 0x1EBF, 0x1EBF, 0x1EBF, 0x1EBF, 0x1EBF, 0x1EBF, 0x1EBF, 
    0x1EBF, 0x1EBF, 0x1EBF, 0x1EBF, 0x1EBF, 0x1EBF, 0x1EBF, 0x1EBF, 0x1EBF, 0x1EBF, 0x1EBF, 0x1EBF, 
    0x1EBF, 0x1EBF, 0x1EBF, 0x1EBF, 0x1EBF, 0x1EBF, 0x1EBF, 0x1EBF, 0x1EBF, 0x1EBF, 0x1EBF, 0x1EBF, 
    0x1EBF, 0x1EBF, 0x1EBF, 0x1EBF, 0x1EBF, 0x1EBF, 0x1EBF, 0x1EBF, 0x1EBF, 0x1EBF, 0x1EBF, 0x1EBF, 
    0x1EBF, 0x1EBF, 0x1EBF, 0x1EBF, 0x1EBF, 0x1EBF, 0x1EBF, 0x1EBF, 0x1EBF, 0x1EBF, 0x1EBF, 0x1EBF, 
    0x1EBF, 0x1EBF, 0x1EBF, 0x1EBF, 0x3EBF, 0x7BA6, 0xD574, 0x9CAE, 0x1EBF, 0x1DBF, 0xFDBE, 0xFDBE, 
    0xFDBE, 0xFDBE, 0xFDBE, 0xFDBE, 0xFDBE, 0xFDBE, 0xFDBE, 0xFDBE, 0xFDBE, 0xFDBE, 0x1DBF, 0x9BAE, 
    
    0xA631, 0x5AAE, 0x3EBF, 0xFDBE, 0xFDBE, 0x1DBF, 0x1DB7, 0xFEBE, 0xFDBE, 0x1DB7, 0xFDBE, 0xFDBE, 
    0xFDBE, 0xFDBE, 0xFDBE, 0xFDBE, 0xFDBE, 0xFDBE, 0xFDBE, 0x1DB7, 0xFDBE, 0xFDBE, 0xFDBE, 0xFDBE, 
    0xFDBE, 0xDDB6, 0xF574, 0x39B6, 0xBCFF, 0x9BFF, 0x9CFF, 0x9CFF, 0x9CFF, 0x9CFF, 0x9CFF, 0x9CFF, 
    0x9CFF, 0x9CFF, 0x9CFF, 0x9CFF, 0x9CFF, 0x9CFF, 0x9CFF, 0x9CFF, 0x9CFF, 0x9CFF, 0x9CFF, 0x9CFF, 
    0x9CFF, 0x9CFF, 0x1AE7, 0xF574, 0xFA95, 0xBCAE, 0x9BA6, 0x9CAE, 0xBCA6, 0x9CAE, 0x9CAE, 0x9CAE, 
    0x9CAE, 0x9CAE, 0x9CAE, 0x9CAE, 0x9CAE, 0x9CAE, 0x9CAE, 0x9CAE, 0x9CAE, 0x9CAE, 0x9CAE, 0x9CAE, 
    0x9CAE, 0x9CAE, 0x9CAE, 0x9CAE, 0x9CAE, 0x9CAE, 0x9CAE, 0x9CAE, 0x9CAE, 0x9CAE, 0x9CAE, 0x9CAE, 
    0x9CAE, 0x9CAE, 0x9CAE, 0x9CAE, 0x9CAE, 0x9CAE, 0x9CAE, 0x9CAE, 0x9CAE, 0x9CAE, 0x9CAE, 0x9CAE, 
    0x9CAE, 0x9CAE, 0x9CAE, 0x9CAE, 0x9CAE, 0x9CAE, 0x9CAE, 0x9CAE, 0x9CAE, 0x9CAE, 0x9CAE, 0x9CAE, 
    0xBCAE, 0x3A9E, 0xD574, 0x3A9E, 0xBCAE, 0x9CAE, 0x9CAE, 0x9CAE, 0x9CAE, 0x9CAE, 0x9CAE, 0x9CAE, 
    0x9CAE, 0x9CAE, 0x9CAE, 0x9CAE, 0x9CAE, 0x9CAE, 0x9CAE, 0x9CAE, 0x9CAE, 0x9CAE, 0x9CAE, 0x9CAE, 
    0x9CAE, 0x9CAE, 0x9CAE, 0x9CAE, 0x9CAE, 0x9CAE, 0x9CAE, 0x9CAE, 0x9CAE, 0x9CAE, 0x9CAE, 0x9CAE, 
    0x9CAE, 0x9CAE, 0x9CAE, 0x9CAE, 0x9CAE, 0x9CAE, 0x9CAE, 0x9CAE, 0x9CAE, 0x9CAE, 0x9CAE, 0x9CAE, 
    0x9CAE, 0x9CAE, 0x9CAE, 0x9CAE, 0x9CAE, 0x9CAE, 0x9CAE, 0x9CAE, 0x9CAE, 0x9CAE, 0x9CAE, 0x9CAE, 
    0x9CAE, 0x9CAE, 0x9CAE, 0x9CAE, 0x9CAE, 0x9CAE, 0x9CAE, 0x9CAE, 0x9CAE, 0x9CAE, 0x577D, 0x577D, 
    0xBCAE, 0xBCAE, 0x9CAE, 0x9CAE, 0x9CAE, 0x9CAE, 0x9CAE, 0x9CAE, 0x9CAE, 0x9CAE, 0x9CAE, 0x9CAE, 
    0x9CAE, 0x9CAE, 0x9CAE, 0x9CAE, 0x9CAE, 0x9CAE, 0x9CAE, 0x9CAE, 0x9CAE, 0x9CAE, 0x9CAE, 0x9CAE, 
    0x9CAE, 0x9CAE, 0x9CAE, 0x9CAE, 0x9CAE, 0x9CAE, 0x9CAE, 0x9CAE, 0x9CAE, 0x9CAE, 0x9CAE, 0x9CAE, 
    0x9CAE, 0x9CAE, 0x9CAE, 0x9CAE, 0x9CAE, 0x9CAE, 0x9CAE, 0x9CAE, 0x9CAE, 0x9CAE, 0x9CAE, 0x9CAE, 
    0x9CAE, 0x9CAE, 0x9CAE, 0x9CAE, 0x9CAE, 0x9CAE, 0x9CAE, 0x9CAE, 0x9CAE, 0x9CAE, 0x9CAE, 0x9CAE, 
    0x9CAE, 0x9CAE, 0x9CAE, 0x9CAE, 0x9CAE, 0x9CAE, 0x9CAE, 0x9CAE, 0x9CAE, 0x9CAE, 0x9CAE, 0x9CAE, 
    0x9CAE, 0x9CAE, 0x9CAE, 0x9CAE, 0x9CAE, 0x9CAE, 0x9CAE, 0x9CAE, 0x9CAE, 0x9CAE, 0x9CAE, 0x9CAE, 
    0xBCAE, 0x1A96, 0xF574, 0x9CAE, 0x1DBF, 0xFDBE, 0xFDBE, 0xFDBE, 0xFDBE, 0xFDBE, 0xFDBE, 0xFDBE, 
    0xFDBE, 0xFDBE, 0xFDBE, 0xFDBE, 0xFDBE, 0xFDBE, 0x1DBF, 0x9BAE, 
    0xA631, 0x5AAE, 0x3EBF, 0xFDBE, 
    0xFDBE, 0x1DBF, 0x1DB7, 0xFEBE, 0xFDBE, 0x1DB7, 0xFDBE, 0xFDBE, 0xFDBE, 0xFDBE, 0xFDBE, 0xFDBE, 
    0xFDBE, 0xFDBE, 0xFDBE, 0x1DB7, 0xFDBE, 0xFDBE, 0xFDBE, 0xFDBE, 0xFDBE, 0xDDB6, 0xF574, 0x39B6, 
    0xBCFF, 0x9BFF, 0x9CFF, 0x9CFF, 0x9CFF, 0x9CFF, 0x9CFF, 0x9CFF, 0x9CFF, 0x9CFF, 0x9CFF, 0x9CFF, 
    0x9CFF, 0x9CFF, 0x9CFF, 0x9CFF, 0x9CFF, 0x9CFF, 0x9CFF, 0x9CFF, 0xBCFF, 0x9CFF, 0x1AE7, 0x1675, 
    0xF76C, 0x1575, 0x1575, 0xF57C, 0x1575, 0xF574, 0xF574, 0xF574, 0xF574, 0xF574, 0xF574, 0xF574, 
    0xF574, 0xF574, 0xF574, 0xF574, 0xF574, 0xF574, 0xF574, 0xF574, 0xF574, 0xF574, 0xF574, 0xF574, 
    0xF574, 0xF574, 0xF574, 0xF574, 0xF574, 0xF574, 0xF574, 0xF574, 0xF574, 0xF574, 0xF574, 0xF574, 
    0xF574, 0xF574, 0xF574, 0xF574, 0xF574, 0xF574, 0xF574, 0xF574, 0xF574, 0xF574, 0xF574, 0xF574, 
    0xF574, 0xF574, 0xF574, 0xF574, 0xF574, 0xF574, 0xF574, 0xF574, 0xF574, 0xF574, 0xF574, 0x1675, 
    0xF674, 0x1675, 0x1675, 0x1675, 0x1675, 0x1675, 0x1675, 0x1675, 0x1675, 0x1675, 0x1675, 0x1675, 
    0x1675, 0x1675, 0x1675, 0x1675, 0x1675, 0x1675, 0x1675, 0x1675, 0x1675, 0x1675, 0x1675, 0x1675, 
    0x1675, 0x1675, 0x1675, 0x1675, 0x1675, 0x1675, 0x1675, 0x1675, 0x1675, 0x1675, 0x1675, 0x1675, 
    0x1675, 0x1675, 0x1675, 0x1675, 0x1675, 0x1675, 0x1675, 0x1675, 0x1675, 0x1675, 0x1675, 0x1675, 
    0x1675, 0x1675, 0x1675, 0x1675, 0x1675, 0x1675, 0x1675, 0x1675, 0x1675, 0x1675, 0x1675, 0xF674, 
    0xF574, 0xF574, 0xF574, 0xF57C, 0xF574, 0xF574, 0xF574, 0xF574, 0xF574, 0xF574, 0x157D, 0xF574, 
    0xF574, 0xF574, 0xF574, 0xF574, 0xF574, 0xF574, 0xF574, 0xF574, 0xF574, 0xF574, 0xF574, 0xF574, 
    0xF574, 0xF574, 0xF574, 0xF574, 0xF574, 0xF574, 0xF574, 0xF574, 0xF574, 0xF574, 0xF574, 0xF574, 
    0xF574, 0xF574, 0xF574, 0xF574, 0xF574, 0xF574, 0xF574, 0xF574, 0xF574, 0xF574, 0xF574, 0xF574, 
    0xF574, 0xF574, 0xF574, 0xF574, 0xF574, 0xF574, 0xF574, 0xF574, 0x1675, 0x1675, 0x1675, 0x1675, 
    0x1675, 0x1675, 0x1675, 0x1675, 0x1675, 0x1675, 0x1675, 0x1675, 0x1675, 0x1675, 0x1675, 0x1675, 
    0x1675, 0x1675, 0x1675, 0x1675, 0x1675, 0x1675, 0x1675, 0x1675, 0x1675, 0x1675, 0x1675, 0x1675, 
    0x1675, 0x1675, 0xF674, 0xF574, 0x1575, 0xF674, 0x1675, 0xF574, 0xF574, 0xF574, 0xF574, 0xBCAE, 
    0x1DBF, 0xFDBE, 0xFDBE, 0xFDBE, 0xFDBE, 0xFDBE, 0xFDBE, 0xFDBE, 0xFDBE, 0xFDBE, 0xFDBE, 0xFDBE, 
    0xFDBE, 0xFDBE, 0x1DBF, 0x9BAE, 
    0xA631, 0x5AAE, 0x3EBF, 0xFDBE, 0xFDBE, 0x1DBF, 0x1DB7, 0xFEBE, 
    0xFDBE, 0x1DB7, 0xFDBE, 0xFDBE, 0xFDBE, 0xFDBE, 0xFDBE, 0xFDBE, 0xFDBE, 0xFDBE, 0xFDBE, 0x1DB7, 
    0xFDBE, 0xFDBE, 0xFDBE, 0xFDBE, 0xFDBE, 0xDDB6, 0xF574, 0x39B6, 0xBCFF, 0x9BFF, 0x9CFF, 0x9CFF, 
    0x9CFF, 0x9CFF, 0x9CFF, 0x9CFF, 0x9CFF, 0x9CFF, 0x9CFF, 0x9CFF, 0x9CFF, 0x9CFF, 0x9CFF, 0x9CFF, 
    0x9CFF, 0x9CFF, 0x9CFF, 0x9CFF, 0x9CFF, 0x9CFF, 0x3BEF, 0x148D, 0xB47C, 0xD47C, 0xF56C, 0x176D, 
    0x166D, 0x166D, 0xF66C, 0x166D, 0x166D, 0x166D, 0x166D, 0x166D, 0x166D, 0x166D, 0x166D, 0x166D, 
    0x166D, 0x166D, 0x166D, 0x166D, 0x166D, 0x166D, 0x166D, 0x166D, 0x166D, 0x166D, 0x166D, 0x166D, 
    0x166D, 0x166D, 0x166D, 0x166D, 0x166D, 0x166D, 0x166D, 0x166D, 0x166D, 0x166D, 0x166D, 0x166D, 
    0x166D, 0x166D, 0x166D, 0x166D, 0x166D, 0x166D, 0x166D, 0x166D, 0x166D, 0x166D, 0x166D, 0x166D, 
    0x166D, 0x166D, 0xF66C, 0x1675, 0x166D, 0x176D, 0xD574, 0xD484, 0xD47C, 0xD47C, 0xD47C, 0xD47C, 
    0xD47C, 0xF47C, 0xD47C, 0xD47C, 0xD47C, 0xD47C, 0xD47C, 0xD47C, 0xD47C, 0xD47C, 0xD47C, 0xD47C, 
    0xD47C, 0xD47C, 0xD47C, 0xD47C, 0xD47C, 0xD47C, 0xD47C, 0xD47C, 0xD47C, 0xD47C, 0xD47C, 0xD47C, 
    0xD47C, 0xD47C, 0xD47C, 0xD47C, 0xD47C, 0xD47C, 0xD47C, 0xD47C, 0xD47C, 0xD47C, 0xD47C, 0xD47C, 
    0xD47C, 0xD47C, 0xD47C, 0xD47C, 0xD47C, 0xD47C, 0xD47C, 0xD47C, 0xD47C, 0xD47C, 0xD47C, 0xD47C, 
    0xD47C, 0xD47C, 0xD47C, 0xD47C, 0xD47C, 0xD484, 0xD37C, 0xF57C, 0x166D, 0x166D, 0x166D, 0xF66C, 
    0x166D, 0xF66C, 0x166D, 0x166D, 0x166D, 0xF66C, 0x166D, 0x166D, 0xF66C, 0x166D, 0x166D, 0x166D, 
    0x166D, 0x166D, 0x166D, 0x166D, 0x166D, 0x166D, 0x166D, 0x166D, 0x166D, 0x166D, 0x166D, 0x166D, 
    0x166D, 0x166D, 0x166D, 0x166D, 0x166D, 0x166D, 0x166D, 0x166D, 0x166D, 0x166D, 0x166D, 0x166D, 
    0x166D, 0x166D, 0x166D, 0x166D, 0x166D, 0x166D, 0x166D, 0x166D, 0x166D, 0x166D, 0x166D, 0x166D, 
    0x166D, 0x166D, 0x176D, 0xF574, 0xD47C, 0xD384, 0xD47C, 0xD47C, 0xD47C, 0xD47C, 0xD47C, 0xD47C, 
    0xD47C, 0xD47C, 0xD47C, 0xD47C, 0xD47C, 0xD47C, 0xD47C, 0xD47C, 0xD47C, 0xD47C, 0xD47C, 0xD47C, 
    0xD47C, 0xD47C, 0xD47C, 0xD47C, 0xD47C, 0xD47C, 0xD47C, 0xD47C, 0xD484, 0xD47C, 0xF574, 0xF674, 
    0xD674, 0xF574, 0xF574, 0xF574, 0xF574, 0xD574, 0xF574, 0xBCAE, 0x1DBF, 0xFDBE, 0xFDBE, 0xFDBE, 
    0xFDBE, 0xFDBE, 0xFDBE, 0xFDBE, 0xFDBE, 0xFDBE, 0xFDBE, 0xFDBE, 0xFDBE, 0xFDBE, 0x1DBF, 0x9BAE, 
    
    0xA631, 0x5AAE, 0x3EBF, 0xFDBE, 0xFDBE, 0x1DBF, 0x1DB7, 0xFEBE, 0xFDBE, 0x1DB7, 0xFDBE, 0xFDBE, 
    0xFDBE, 0xFDBE, 0xFDBE, 0xFDBE, 0xFDBE, 0xFDBE, 0xFDBE, 0x1DB7, 0xFDBE, 0xFDBE, 0xFDBE, 0xFDBE, 
    0xFDBE, 0xDDB6, 0xF574, 0x39B6, 0xBCFF, 0x9BFF, 0x9CFF, 0x9CFF, 0x9CFF, 0x9CFF, 0x9CFF, 0x9CFF, 
    0x9CFF, 0x9CFF, 0x9CFF, 0x9CFF, 0x9CFF, 0x9CFF, 0x9CFF, 0x9CFF, 0x9CFF, 0x9CFF, 0x9CFF, 0x9CFF, 
    0x9CFF, 0x9CFF, 0x9BFF, 0x3AE7, 0x3BEF, 0x3CE7, 0x5354, 0x5113, 0x7123, 0x302B, 0x502B, 0x5023, 
    0x5023, 0x5023, 0x5023, 0x5023, 0x5023, 0x5023, 0x5023, 0x5023, 0x5023, 0x5023, 0x5023, 0x5023, 
    0x5023, 0x5023, 0x5023, 0x5023, 0x5023, 0x5023, 0x5023, 0x5023, 0x5023, 0x5023, 0x5023, 0x5023, 
    0x5023, 0x5023, 0x5023, 0x5023, 0x5023, 0x5023, 0x5023, 0x5023, 0x5023, 0x5023, 0x5023, 0x5023, 
    0x5023, 0x5023, 0x5023, 0x5023, 0x5023, 0x5023, 0x5023, 0x5023, 0x5023, 0x5023, 0x5123, 0x502B, 
    0x3023, 0xD32B, 0x1585, 0x99DE, 0x5DDF, 0x3CDF, 0x3BE7, 0x1CE7, 0x1CE7, 0x3CDF, 0x3CDF, 0x3CDF, 
    0x3CDF, 0x3CDF, 0x3CDF, 0x3CDF, 0x3CDF, 0x3CDF, 0x3CDF, 0x3CDF, 0x3CDF, 0x3CDF, 0x3CDF, 0x3CDF, 
    0x3CDF, 0x3CDF, 0x3CDF, 0x3CDF, 0x3CDF, 0x3CDF, 0x3CDF, 0x3CDF, 0x3CDF, 0x3CDF, 0x3CDF, 0x3CDF, 
    0x3CDF, 0x3CDF, 0x3CDF, 0x3CDF, 0x3CDF, 0x3CDF, 0x3CDF, 0x3CDF, 0x3CDF, 0x3CDF, 0x3CDF, 0x3CDF, 
    0x3CDF, 0x3CDF, 0x3CDF, 0x3CDF, 0x3CDF, 0x3CDF, 0x3CDF, 0x3CDF, 0x3CDF, 0x3CDF, 0x1CE7, 0x3BE7, 
    0x3CE7, 0x1BE7, 0x5BEF, 0xB89D, 0x1023, 0x7023, 0x5023, 0x5023, 0x5023, 0x5023, 0x5023, 0x5023, 
    0x5023, 0x5023, 0x5023, 0x5023, 0x5023, 0x5023, 0x5023, 0x5023, 0x5023, 0x5023, 0x5023, 0x5023, 
    0x5023, 0x5023, 0x5023, 0x5023, 0x5023, 0x5023, 0x5023, 0x5023, 0x5023, 0x5023, 0x5023, 0x5023, 
    0x5023, 0x5023, 0x5023, 0x5023, 0x5023, 0x5023, 0x5023, 0x5023, 0x5023, 0x5023, 0x5023, 0x5023, 
    0x5023, 0x5023, 0x5023, 0x5023, 0x5023, 0x5023, 0x5023, 0x5023, 0x5023, 0x7123, 0x101B, 0xB46C, 
    0x3CE7, 0x1AEF, 0x1CE7, 0x3CDF, 0x3BE7, 0x3CE7, 0x3CDF, 0x3CDF, 0x3CDF, 0x3CDF, 0x3CDF, 0x3CDF, 
    0x3CDF, 0x3CDF, 0x3CDF, 0x3CDF, 0x3CDF, 0x3CDF, 0x3CDF, 0x3CDF, 0x3CDF, 0x3CDF, 0x3CDF, 0x3CDF, 
    0x3CE7, 0x3CDF, 0x5CDF, 0x1BE7, 0x3BEF, 0xFBD6, 0xD474, 0xFB95, 0xBDB6, 0x9BAE, 0xBCB6, 0xBCAE, 
    0xBCAE, 0xBCAE, 0xBCAE, 0xFDB6, 0xFDBE, 0x1DBF, 0xFDBE, 0xFDBE, 0xFDBE, 0xFDBE, 0xFDBE, 0xFDBE, 
    0xFDBE, 0xFDBE, 0xFDBE, 0xFDBE, 0xFDBE, 0xFDBE, 0x1DBF, 0x9BAE, 
    0xA631, 0x5AAE, 0x3EBF, 0xFDBE, 
    0xFDBE, 0x1DBF, 0x1DB7, 0xFEBE, 0xFDBE, 0x1DB7, 0xFDBE, 0xFDBE, 0xFDBE, 0xFDBE, 0xFDBE, 0xFDBE, 
    0xFDBE, 0xFDBE, 0xFDBE, 0x1DB7, 0xFDBE, 0xFDBE, 0xFDBE, 0xFDBE, 0xFDBE, 0xDDB6, 0xF574, 0x39B6, 
    0xBCFF, 0x9BFF, 0x9CFF, 0x9CFF, 0x9CFF, 0x9CFF, 0x9CFF, 0x9CFF, 0x9CFF, 0x9CFF, 0x9CFF, 0x9CFF, 
    0x9CFF, 0x9CFF, 0x9CFF, 0x9CFF, 0x9CFF, 0x9CFF, 0x9CFF, 0x9CFF, 0x9CFF, 0x9CFF, 0xBCFF, 0xBDF7, 
    0xBDFF, 0xDEF7, 0x1254, 0xAE02, 0xEF12, 0xCF1A, 0xCF12, 0xEF12, 0xCF12, 0xCF12, 0xCF12, 0xCF12, 
    0xCF12, 0xCF12, 0xCF12, 0xCF12, 0xCF12, 0xCF12, 0xCF12, 0xCF12, 0xCF12, 0xCF12, 0xCF12, 0xCF12, 
    0xCF12, 0xCF12, 0xCF12, 0xCF12, 0xCF12, 0xCF12, 0xCF12, 0xCF12, 0xCF12, 0xCF12, 0xCF12, 0xCF12, 
    0xCF12, 0xCF12, 0xCF12, 0xCF12, 0xCF12, 0xCF12, 0xCF12, 0xCF12, 0xCF12, 0xCF12, 0xCF12, 0xCF12, 
    0xCF12, 0xCF12, 0xCF12, 0xCF12, 0xCF12, 0xCF12, 0xEF12, 0xCF1A, 0xCF12, 0x1013, 0x39AE, 0xDDFF, 
    0xBEF7, 0xDDF7, 0xBCFF, 0xBDFF, 0xBDFF, 0x9CFF, 0x9CFF, 0x9CFF, 0x9CFF, 0x9CFF, 0x9CFF, 0x9CFF, 
    0x9CFF, 0x9CFF, 0x9CFF, 0x9CFF, 0x9CFF, 0x9CFF, 0x9CFF, 0x9CFF, 0x9CFF, 0x9CFF, 0x9CFF, 0x9CFF, 
    0x9CFF, 0x9CFF, 0x9CFF, 0x9CFF, 0x9CFF, 0x9CFF, 0x9CFF, 0x9CFF, 0x9CFF, 0x9CFF, 0x9CFF, 0x9CFF, 
    0x9CFF, 0x9CFF, 0x9CFF, 0x9CFF, 0x9CFF, 0x9CFF, 0x9CFF, 0x9CFF, 0x9CFF, 0x9CFF, 0x9CFF, 0x9CFF, 
    0x9CFF, 0x9CFF, 0x9CFF, 0x9CFF, 0x9CFF, 0xDDFF, 0xBEFF, 0xDDFF, 0xBDFF, 0xBDFF, 0xFEFF, 0xF9A5, 
    0xAF1A, 0xEF12, 0xEF1A, 0xCF12, 0xCF12, 0xCF12, 0xCF12, 0xCF12, 0xCF12, 0xCF12, 0xCF12, 0xCF12, 
    0xCF12, 0xCF12, 0xCF12, 0xCF12, 0xCF12, 0xCF12, 0xCF12, 0xCF12, 0xCF12, 0xCF12, 0xCF12, 0xCF12, 
    0xCF12, 0xCF12, 0xCF12, 0xCF12, 0xCF12, 0xCF12, 0xCF12, 0xCF12, 0xCF12, 0xCF12, 0xCF12, 0xCF12, 
    0xCF12, 0xCF12, 0xCF12, 0xCF12, 0xCF12, 0xCF12, 0xCF12, 0xCF12, 0xCF12, 0xCF12, 0xCF12, 0xCF12, 
    0xCF12, 0xCF12, 0xCF12, 0xCF12, 0xEF1A, 0xEF12, 0xAE0A, 0x9464, 0xDEF7, 0xBCFF, 0xBDFF, 0xDEFF, 
    0xBDFF, 0x9CFF, 0x9CFF, 0x9CFF, 0x9CFF, 0x9CFF, 0x9CFF, 0x9CFF, 0x9CFF, 0x9CFF, 0x9CFF, 0x9CFF, 
    0x9CFF, 0x9CFF, 0x9CFF, 0x9CFF, 0x9CFF, 0x9CFF, 0x9CFF, 0x9CFF, 0x9DFF, 0xBEFF, 0xDEF7, 0xBDFF, 
    0xDEFF, 0x7DE7, 0xB474, 0x5B9E, 0x3FBF, 0x3DBF, 0x1DBF, 0x1DBF, 0x1DBF, 0x1DBF, 0x1DBF, 0xFDBE, 
    0xFDBE, 0xFDBE, 0xFDBE, 0xFDBE, 0xFDBE, 0xFDBE, 0xFDBE, 0xFDBE, 0xFDBE, 0xFDBE, 0xFDBE, 0xFDBE, 
    0xFDBE, 0xFDBE, 0x1DBF, 0x9BAE, 
    0xA631, 0x5AAE, 0x3EBF, 0xFDBE, 0xFDBE, 0x1DBF, 0x1DB7, 0xFEBE, 
    0xFDBE, 0x1DB7, 0xFDBE, 0xFDBE, 0xFDBE, 0xFDBE, 0xFDBE, 0xFDBE, 0xFDBE, 0xFDBE, 0xFDBE, 0x1DB7, 
    0xFDBE, 0xFDBE, 0xFDBE, 0xFDBE, 0xFDBE, 0xDDB6, 0xF574, 0x39B6, 0xBCFF, 0x9BFF, 0x9CFF, 0x9CFF, 
    0x9CFF, 0x9CFF, 0x9CFF, 0x9CFF, 0x9CFF, 0x9CFF, 0x9CFF, 0x9CFF, 0x9CFF, 0x9CFF, 0x9CFF, 0x9CFF, 
    0x9CFF, 0x9CFF, 0x9CFF, 0x9CFF, 0x9CFF, 0x9CFF, 0x9BFF, 0x9DFF, 0x7CFF, 0x9DF7, 0x1254, 0xEF0A, 
    0x1013, 0xF01A, 0xF012, 0x1013, 0x1013, 0x1013, 0x1013, 0x1013, 0x1013, 0x1013, 0x1013, 0x1013, 
    0x1013, 0x1013, 0x1013, 0x1013, 0x1013, 0x1013, 0x1013, 0x1013, 0x1013, 0x1013, 0x1013, 0x1013, 
    0x1013, 0x1013, 0x1013, 0x1013, 0x1013, 0x1013, 0x1013, 0x1013, 0x1013, 0x1013, 0x1013, 0x1013, 
    0x1013, 0x1013, 0x1013, 0x1013, 0x1013, 0x1013, 0x1013, 0x1013, 0x1013, 0x1013, 0x1013, 0x1013, 
    0x1013, 0x1013, 0x1013, 0x1013, 0x0F13, 0x1013, 0x59B6, 0xBCFF, 0x7CF7, 0x9BFF, 0x9AFF, 0x7BFF, 
    0x7BFF, 0x7BFF, 0x7BFF, 0x7BFF, 0x7BFF, 0x7BFF, 0x7BFF, 0x7BFF, 0x7BFF, 0x7BFF, 0x7BFF, 0x7BFF, 
    0x7BFF, 0x7BFF, 0x7BFF, 0x7BFF, 0x7BFF, 0x7BFF, 0x7BFF, 0x7BFF, 0x7BFF, 0x7BFF, 0x7BFF, 0x7BFF, 
    0x7BFF, 0x7BFF, 0x7BFF, 0x7BFF, 0x7BFF, 0x7BFF, 0x7BFF, 0x7BFF, 0x7BFF, 0x7BFF, 0x7BFF, 0x7BFF, 
    0x7BFF, 0x7BFF, 0x7BFF, 0x7BFF, 0x7BFF, 0x7BFF, 0x7BFF, 0x7BFF, 0x7BFF, 0x7BFF, 0x7BFF, 0x7BFF, 
    0x7BFF, 0x9BFF, 0x7CFF, 0x9BFF, 0x9CFF, 0x7CFF, 0xDDFF, 0xD8A5, 0xCF1A, 0x3013, 0x1013, 0x1013, 
    0x1013, 0x1013, 0x1013, 0x1013, 0x1013, 0x1013, 0x1013, 0x1013, 0x1013, 0x1013, 0x1013, 0x1013, 
    0x1013, 0x1013, 0x1013, 0x1013, 0x1013, 0x1013, 0x1013, 0x1013, 0x1013, 0x1013, 0x1013, 0x1013, 
    0x1013, 0x1013, 0x1013, 0x1013, 0x1013, 0x1013, 0x1013, 0x1013, 0x1013, 0x1013, 0x1013, 0x1013, 
    0x1013, 0x1013, 0x1013, 0x1013, 0x1013, 0x1013, 0x1013, 0x1013, 0x1013, 0x1013, 0x1013, 0x1013, 
    0xEF12, 0x311B, 0xCF12, 0x946C, 0xBDF7, 0x7BFF, 0x7CFF, 0x9CFF, 0x9BFF, 0x7BFF, 0x7BFF, 0x7BFF, 
    0x7BFF, 0x7BFF, 0x7BFF, 0x7BFF, 0x7BFF, 0x7BFF, 0x7BFF, 0x7BFF, 0x7BFF, 0x7BFF, 0x7BFF, 0x7BFF, 
    0x7BFF, 0x7BFF, 0x7BFF, 0x7BFF, 0x7BFF, 0x7CFF, 0x9CFF, 0x7CFF, 0x9CFF, 0x5CE7, 0xD374, 0x3A9E, 
    0x1EBF, 0x1CB7, 0xFDBE, 0xFDBE, 0xFDBE, 0xFDBE, 0xFDBE, 0xFDBE, 0xFDBE, 0xFDBE, 0xFDBE, 0xFDBE, 
    0xFDBE, 0xFDBE, 0xFDBE, 0xFDBE, 0xFDBE, 0xFDBE, 0xFDBE, 0xFDBE, 0xFDBE, 0xFDBE, 0x1DBF, 0x9BAE, 
    
    0xA631, 0x5AAE, 0x3EBF, 0xFDBE, 0xFDBE, 0x1DBF, 0x1DB7, 0xFEBE, 0xFDBE, 0x1DB7, 0xFDBE, 0xFDBE, 
    0xFDBE, 0xFDBE, 0xFDBE, 0xFDBE, 0xFDBE, 0xFDBE, 0xFDBE, 0x1DB7, 0xFDBE, 0xFDBE, 0xFDBE, 0xFDBE, 
    0xFDBE, 0xDDB6, 0xF574, 0x39B6, 0xBCFF, 0x9BFF, 0x9CFF, 0x9CFF, 0x9CFF, 0x9CFF, 0x9CFF, 0x9CFF, 
    0x9CFF, 0x9CFF, 0x9CFF, 0x9CFF, 0x9CFF, 0x9CFF, 0x9CFF, 0x9CFF, 0x9CFF, 0x9CFF, 0x9CFF, 0x9CFF, 
    0x9CFF, 0x9CFF, 0x9BFF, 0x9CFF, 0x9CFF, 0x9DFF, 0x1254, 0xCF0A, 0x1013, 0xF01A, 0xF012, 0xF012, 
    0x1013, 0x1013, 0x1013, 0x1013, 0x1013, 0x1013, 0x1013, 0x1013, 0x1013, 0x1013, 0x1013, 0x1013, 
    0x1013, 0x1013, 0x1013, 0x1013, 0x1013, 0x1013, 0x1013, 0x1013, 0x1013, 0x1013, 0x1013, 0x1013, 
    0x1013, 0x1013, 0x1013, 0x1013, 0x1013, 0x1013, 0x1013, 0x1013, 0x1013, 0x1013, 0x1013, 0x1013, 
    0x1013, 0x1013, 0x1013, 0x1013, 0x1013, 0x1013, 0x1013, 0x1013, 0x1013, 0x1013, 0x1113, 0xF112, 
    0x1013, 0x1013, 0x59BE, 0x9BFF, 0x7CFF, 0x9BFF, 0x9AFF, 0x7BFF, 0x9CFF, 0x9BFF, 0x9BFF, 0x9BFF, 
    0x9BFF, 0x9BFF, 0x9BFF, 0x9BFF, 0x9BFF, 0x9BFF, 0x9BFF, 0x9BFF, 0x9BFF, 0x9BFF, 0x9BFF, 0x9BFF, 
    0x9BFF, 0x9BFF, 0x9BFF, 0x9BFF, 0x9BFF, 0x9BFF, 0x9BFF, 0x9BFF, 0x9BFF, 0x9BFF, 0x9BFF, 0x9BFF, 
    0x9BFF, 0x9BFF, 0x9BFF, 0x9BFF, 0x9BFF, 0x9BFF, 0x9BFF, 0x9BFF, 0x9BFF, 0x9BFF, 0x9BFF, 0x9BFF, 
    0x9BFF, 0x9BFF, 0x9BFF, 0x9BFF, 0x9BFF, 0x9BFF, 0x9BFF, 0x9BFF, 0x9BFF, 0x9BFF, 0x7BFF, 0x9AFF, 
    0x9CFF, 0x7CFF, 0xDDFF, 0xD89D, 0xCF1A, 0x1013, 0xF012, 0x1013, 0x1013, 0x1013, 0x1013, 0x1013, 
    0x1013, 0x1013, 0x1013, 0x1013, 0x1013, 0x1013, 0x1013, 0x1013, 0x1013, 0x1013, 0x1013, 0x1013, 
    0x1013, 0x1013, 0x1013, 0x1013, 0x1013, 0x1013, 0x1013, 0x1013, 0x1013, 0x1013, 0x1013, 0x1013, 
    0x1013, 0x1013, 0x1013, 0x1013, 0x1013, 0x1013, 0x1013, 0x1013, 0x1013, 0x1013, 0x1013, 0x1013, 
    0x1013, 0x1013, 0x1013, 0x1013, 0x1013, 0x1013, 0x1013, 0x1013, 0x1013, 0xF012, 0xCF12, 0x946C, 
    0xBDF7, 0x7BFF, 0x7BFF, 0x9CFF, 0x7AFF, 0x9BFF, 0x9BFF, 0x9BFF, 0x9BFF, 0x9BFF, 0x9BFF, 0x9BFF, 
    0x9BFF, 0x9BFF, 0x9BFF, 0x9BFF, 0x9BFF, 0x9BFF, 0x9BFF, 0x9BFF, 0x9BFF, 0x9BFF, 0x9BFF, 0xBBFF, 
    0x7BFF, 0x7CFF, 0x9CFF, 0x7BFF, 0x9CFF, 0x5BE7, 0xD374, 0x3A9E, 0x3EBF, 0x1CB7, 0xFDBE, 0xFDBE, 
    0xFDBE, 0xFDBE, 0xFDBE, 0xFDBE, 0xFDBE, 0xFDBE, 0xFDBE, 0xFDBE, 0xFDBE, 0xFDBE, 0xFDBE, 0xFDBE, 
    0xFDBE, 0xFDBE, 0xFDBE, 0xFDBE, 0xFDBE, 0xFDBE, 0x1DBF, 0x9BAE, 
    0xA631, 0x5AAE, 0x3EBF, 0xFDBE, 
    0xFDBE, 0x1DBF, 0x1DB7, 0xFEBE, 0xFDBE, 0x1DB7, 0xFDBE, 0xFDBE, 0xFDBE, 0xFDBE, 0xFDBE, 0xFDBE, 
    0xFDBE, 0xFDBE, 0xFDBE, 0x1DB7, 0xFDBE, 0xFDBE, 0xFDBE, 0xFDBE, 0xFDBE, 0xDDB6, 0xF574, 0x39B6, 
    0xBCFF, 0x9BFF, 0x9CFF, 0x9CFF, 0x9CFF, 0x9CFF, 0x9CFF, 0x9CFF, 0x9CFF, 0x9CFF, 0x9CFF, 0x9CFF, 
    0x9CFF, 0x9CFF, 0x9CFF, 0x9CFF, 0x9CFF, 0x9CFF, 0x9CFF, 0x9CFF, 0x9CFF, 0x9CFF, 0x9BFF, 0x9CFF, 
    0x7CFF, 0x9DFF, 0x125C, 0xCF0A, 0x1013, 0xF112, 0xF012, 0xF012, 0xF012, 0xF012, 0xF012, 0xF012, 
    0xF012, 0xF012, 0xF012, 0xF012, 0xF012, 0xF012, 0xF012, 0xF012, 0xF012, 0xF012, 0xF012, 0xF012, 
    0xF012, 0xF012, 0xF012, 0xF012, 0xF012, 0xF012, 0xF012, 0xF012, 0xF012, 0xF012, 0xF012, 0xF012, 
    0xF012, 0xF012, 0xF012, 0xF012, 0xF012, 0xF012, 0xF012, 0xF012, 0xF012, 0xF012, 0xF012, 0xF012, 
    0xF012, 0xF012, 0xF012, 0xF012, 0xF012, 0xF012, 0xF012, 0x1113, 0xEF12, 0x101B, 0x38BE, 0xBBFF, 
    0x7CFF, 0x9BFF, 0x9AFF, 0x9CFF, 0x9CFF, 0x9CFF, 0x9CFF, 0x9CFF, 0x9CFF, 0x9CFF, 0x9CFF, 0x9CFF, 
    0x9CFF, 0x9CFF, 0x9CFF, 0x9CFF, 0x9CFF, 0x9CFF, 0x9CFF, 0x9CFF, 0x9CFF, 0x9CFF, 0x9CFF, 0x9CFF, 
    0x9CFF, 0x9CFF, 0x9CFF, 0x9CFF, 0x9CFF, 0x9CFF, 0x9CFF, 0x9CFF, 0x9CFF, 0x9CFF, 0x9CFF, 0x9CFF, 
    0x9CFF, 0x9CFF, 0x9CFF, 0x9CFF, 0x9CFF, 0x9CFF, 0x9CFF, 0x9CFF, 0x9CFF, 0x9CFF, 0x9CFF, 0x9CFF, 
    0x9CFF, 0x9CFF, 0x9CFF, 0x9CFF, 0x9CFF, 0x9BFF, 0x7CFF, 0x9BFF, 0x9CFF, 0x7CFF, 0xDCFF, 0xD8A5, 
    0xAF1A, 0x1013, 0xF012, 0xF012, 0xF012, 0xF012, 0xF012, 0xF012, 0xF012, 0xF012, 0xF012, 0xF012, 
    0xF012, 0xF012, 0xF012, 0xF012, 0xF012, 0xF012, 0xF012, 0xF012, 0xF012, 0xF012, 0xF012, 0xF012, 
    0xF012, 0xF012, 0xF012, 0xF012, 0xF012, 0xF012, 0xF012, 0xF012, 0xF012, 0xF012, 0xF012, 0xF012, 
    0xF012, 0xF012, 0xF012, 0xF012, 0xF012, 0xF012, 0xF012, 0xF012, 0xF012, 0xF012, 0xF012, 0xF012, 
    0xF012, 0xF012, 0xF012, 0xF012, 0x1013, 0x1013, 0xCF12, 0x946C, 0xBDF7, 0x7BFF, 0x9CFF, 0x9CFF, 
    0x9BFF, 0x9CFF, 0x9CFF, 0x9CFF, 0x9CFF, 0x9CFF, 0x9CFF, 0x9CFF, 0x9CFF, 0x9CFF, 0x9CFF, 0x9CFF, 
    0x9CFF, 0x9CFF, 0x9CFF, 0x9CFF, 0x9CFF, 0x9CFF, 0x9CFF, 0x9CFF, 0x7CFF, 0x7BFF, 0x9CFF, 0x7BFF, 
    0x9CFF, 0x5CE7, 0xB374, 0x3B9E, 0x1EBF, 0x1CBF, 0x1DBF, 0x1DBF, 0xFDBE, 0xFDBE, 0xFDBE, 0xFDBE, 
    0xFDBE, 0xFDBE, 0xFDBE, 0xFDBE, 0xFDBE, 0xFDBE, 0xFDBE, 0xFDBE, 0xFDBE, 0xFDBE, 0xFDBE, 0xFDBE, 
    0xFDBE, 0xFDBE, 0x1DBF, 0x9BAE, 
    0xA631, 0x5AAE, 0x3EBF, 0xFDBE, 0xFDBE, 0x1DBF, 0x1DB7, 0xFEBE, 
    0xFDBE, 0x1DB7, 0xFDBE, 0xFDBE, 0xFDBE, 0xFDBE, 0xFDBE, 0xFDBE, 0xFDBE, 0xFDBE, 0xFDBE, 0x1DB7, 
    0xFDBE, 0xFDBE, 0xFDBE, 0xFDBE, 0xFDBE, 0xDDB6, 0xF574, 0x39B6, 0xBCFF, 0x9BFF, 0x9CFF, 0x9CFF, 
    0x9CFF, 0x9CFF, 0x9CFF, 0x9CFF, 0x9CFF, 0x9CFF, 0x9CFF, 0x9CFF, 0x9CFF, 0x9CFF, 0x9CFF, 0x9CFF, 
    0x9CFF, 0x9CFF, 0x9CFF, 0x9CFF, 0x9CFF, 0x9CFF, 0x9BFF, 0x9CFF, 0x7CFF, 0x9DFF, 0x125C, 0xCF0A, 
    0x1013, 0xF112, 0xF012, 0xF012, 0xF012, 0xF012, 0xF012, 0xF012, 0xF012, 0xF012, 0xF012, 0xF012, 
    0xF012, 0xF012, 0xF012, 0xF012, 0xF012, 0xF012, 0xF012, 0xF012, 0xF012, 0xF012, 0xF012, 0xF012, 
    0xF012, 0xF012, 0xF012, 0xF012, 0xF012, 0xF012, 0xF012, 0xF012, 0xF012, 0xF012, 0xF012, 0xF012, 
    0xF012, 0xF012, 0xF012, 0xF012, 0xF012, 0xF012, 0xF012, 0xF012, 0xF012, 0xF012, 0xF012, 0xF012, 
    0xF012, 0xF012, 0xF012, 0x1013, 0xEF12, 0x101B, 0x38BE, 0xBCFF, 0x7CFF, 0x9CFF, 0x9BFF, 0x9DFF, 
    0x9DFF, 0x7CFF, 0x7CFF, 0x7CFF, 0x7CFF, 0x7CFF, 0x7CFF, 0x7CFF, 0x7CFF, 0x7CFF, 0x7CFF, 0x7CFF, 
    0x7CFF, 0x7CFF, 0x7CFF, 0x7CFF, 0x7CFF, 0x7CFF, 0x7CFF, 0x7CFF, 0x7CFF, 0x7CFF, 0x7CFF, 0x7CFF, 
    0x7CFF, 0x7CFF, 0x7CFF, 0x7CFF, 0x7CFF, 0x7CFF, 0x7CFF, 0x7CFF, 0x7CFF, 0x7CFF, 0x7CFF, 0x7CFF, 
    0x7CFF, 0x7CFF, 0x7CFF, 0x7CFF, 0x7CFF, 0x7CFF, 0x7CFF, 0x7CFF, 0x7CFF, 0x7CFF, 0x7CFF, 0x7CFF, 
    0x7CFF, 0x9CFF, 0x9CFF, 0x9BFF, 0x9CFF, 0x7CFF, 0xDCFF, 0xD8A5, 0xAF1A, 0x1013, 0xF012, 0xF012, 
    0xF012, 0xF012, 0xF012, 0xF012, 0xF012, 0xF012, 0xF012, 0xF012, 0xF012, 0xF012, 0xF012, 0xF012, 
    0xF012, 0xF012, 0xF012, 0xF012, 0xF012, 0xF012, 0xF012, 0xF012, 0xF012, 0xF012, 0xF012, 0xF012, 
    0xF012, 0xF012, 0xF012, 0xF012, 0xF012, 0xF012, 0xF012, 0xF012, 0xF012, 0xF012, 0xF012, 0xF012, 
    0xF012, 0xF012, 0xF012, 0xF012, 0xF012, 0xF012, 0xF012, 0xF012, 0xF012, 0xF012, 0xF012, 0x1013, 
    0x0F13, 0x1013, 0xAF12, 0x946C, 0xBDF7, 0x9BFF, 0x9DFF, 0x9DFF, 0x9CFF, 0x7CFF, 0x7CFF, 0x7CFF, 
    0x7CFF, 0x7CFF, 0x7CFF, 0x7CFF, 0x7CFF, 0x7CFF, 0x7CFF, 0x7CFF, 0x7CFF, 0x7CFF, 0x7CFF, 0x7CFF, 
    0x7CFF, 0x7CFF, 0x7CFF, 0x7CFF, 0x7CFF, 0x9CFF, 0xBCF7, 0x9CFF, 0x9CFF, 0x5CE7, 0xB374, 0x3B9E, 
    0x1EBF, 0xFCBE, 0xFDBE, 0xFDBE, 0xFDBE, 0xFDBE, 0xFDBE, 0xFDBE, 0xFDBE, 0xFDBE, 0xFDBE, 0xFDBE, 
    0xFDBE, 0xFDBE, 0xFDBE, 0xFDBE, 0xFDBE, 0xFDBE, 0xFDBE, 0xFDBE, 0xFDBE, 0xFDBE, 0x1DBF, 0x9BAE, 
    
    0xA631, 0x5AAE, 0x3EBF, 0xFDBE, 0xFDBE, 0x1DBF, 0x1DB7, 0xFEBE, 0xFDBE, 0x1DB7, 0xFDBE, 0xFDBE, 
    0xFDBE, 0xFDBE, 0xFDBE, 0xFDBE, 0xFDBE, 0xFDBE, 0xFDBE, 0x1DB7, 0xFDBE, 0xFDBE, 0xFDBE, 0xFDBE, 
    0xFDBE, 0xDDB6, 0xF574, 0x39B6, 0xBCFF, 0x9BFF, 0x9CFF, 0x9CFF, 0x9CFF, 0x9CFF, 0x9CFF, 0x9CFF, 
    0x9CFF, 0x9CFF, 0x9CFF, 0x9CFF, 0x9CFF, 0x9CFF, 0x9CFF, 0x9CFF, 0x9CFF, 0x9CFF, 0x9CFF, 0x9CFF, 
    0x9CFF, 0x9CFF, 0x9BFF, 0x9CFF, 0x7CFF, 0x9DFF, 0x125C, 0xCF0A, 0x1013, 0xF012, 0xF012, 0xEF12, 
    0xF012, 0xF012, 0xF012, 0xF012, 0xF012, 0xF012, 0xF012, 0xF012, 0xF012, 0xF012, 0xF012, 0xF012, 
    0xF012, 0xF012, 0xF012, 0xF012, 0xF012, 0xF012, 0xF012, 0xF012, 0xF012, 0xF012, 0xF012, 0xF012, 
    0xF012, 0xF012, 0xF012, 0xF012, 0xF012, 0xF012, 0xF012, 0xF012, 0xF012, 0xF012, 0xF012, 0xF012, 
    0xF012, 0xF012, 0xF012, 0xF012, 0xF012, 0xF012, 0xF012, 0xF012, 0xF012, 0xEF12, 0xF012, 0xF012, 
    0xEF12, 0x101B, 0x39B6, 0xBCFF, 0x7DFF, 0x9CFF, 0x9BFF, 0x9DFF, 0x9CFF, 0x9BFF, 0x9BFF, 0x9BFF, 
    0x9BFF, 0x9BFF, 0x9BFF, 0x9BFF, 0x9BFF, 0x9BFF, 0x9BFF, 0x9BFF, 0x9BFF, 0x9BFF, 0x9BFF, 0x9BFF, 
    0x9BFF, 0x9BFF, 0x9BFF, 0x9BFF, 0x9BFF, 0x9BFF, 0x9BFF, 0x9BFF, 0x9BFF, 0x9BFF, 0x9BFF, 0x9BFF, 
    0x9BFF, 0x9BFF, 0x9BFF, 0x9BFF, 0x9BFF, 0x9BFF, 0x9BFF, 0x9BFF, 0x9BFF, 0x9BFF, 0x9BFF, 0x9BFF, 
    0x9BFF, 0x9BFF, 0x9BFF, 0x9BFF, 0x9BFF, 0x9BFF, 0x9BFF, 0x9BFF, 0x9BFF, 0x9CFF, 0x9DFF, 0x9CFF, 
    0x9CFF, 0x7CFF, 0xDDFF, 0xD8A5, 0xAF1A, 0x1013, 0xF012, 0xF012, 0xF012, 0xF012, 0xF012, 0xF012, 
    0xF012, 0xF012, 0xF012, 0xF012, 0xF012, 0xF012, 0xF012, 0xF012, 0xF012, 0xF012, 0xF012, 0xF012, 
    0xF012, 0xF012, 0xF012, 0xF012, 0xF012, 0xF012, 0xF012, 0xF012, 0xF012, 0xF012, 0xF012, 0xF012, 
    0xF012, 0xF012, 0xF012, 0xF012, 0xF012, 0xF012, 0xF012, 0xF012, 0xF012, 0xF012, 0xF012, 0xF012, 
    0xF012, 0xF012, 0xF012, 0xF012, 0xF012, 0xF012, 0xF012, 0xF012, 0xEF12, 0x1013, 0xAF12, 0x946C, 
    0xBDF7, 0x7CFF, 0x9DFF, 0x9DF7, 0x9CFF, 0x9CFF, 0x9BFF, 0x9BFF, 0x9BFF, 0x9BFF, 0x9BFF, 0x9BFF, 
    0x9BFF, 0x9BFF, 0x9BFF, 0x9BFF, 0x9BFF, 0x9BFF, 0x9BFF, 0x9BFF, 0x9BFF, 0x9BFF, 0x9BFF, 0x9BFF, 
    0x9CFF, 0x9CFF, 0xBCF7, 0x9CFF, 0x9CFF, 0x5CE7, 0xB374, 0x3B9E, 0x1EBF, 0xFDBE, 0xFDBE, 0xFDBE, 
    0xFDBE, 0xFDBE, 0xFDBE, 0xFDBE, 0xFDBE, 0xFDBE, 0xFDBE, 0xFDBE, 0xFDBE, 0xFDBE, 0xFDBE, 0xFDBE, 
    0xFDBE, 0xFDBE, 0xFDBE, 0xFDBE, 0xFDBE, 0xFDBE, 0x1DBF, 0x9BAE, 
    0xA631, 0x5AAE, 0x3EBF, 0xFDBE, 
    0xFDBE, 0x1DBF, 0x1DB7, 0xFEBE, 0xFDBE, 0x1DB7, 0xFDBE, 0xFDBE, 0xFDBE, 0xFDBE, 0xFDBE, 0xFDBE, 
    0xFDBE, 0xFDBE, 0xFDBE, 0x1DB7, 0xFDBE, 0xFDBE, 0xFDBE, 0xFDBE, 0xFDBE, 0xDDB6, 0xF574, 0x39B6, 
    0xBCFF, 0x9BFF, 0x9CFF, 0x9CFF, 0x9CFF, 0x9CFF, 0x9CFF, 0x9CFF, 0x9CFF, 0x9CFF, 0x9CFF, 0x9CFF, 
    0x9CFF, 0x9CFF, 0x9CFF, 0x9CFF, 0x9CFF, 0x9CFF, 0x9CFF, 0x9CFF, 0x9CFF, 0x9CFF, 0x9BFF, 0x9CFF, 
    0x7CFF, 0x9DFF, 0x1254, 0xCF0A, 0x3013, 0xF012, 0xF012, 0xF012, 0xF012, 0xF012, 0xF012, 0xF012, 
    0xF012, 0xF012, 0xF012, 0xF012, 0xF012, 0xF012, 0xF012, 0xF012, 0xF012, 0xF012, 0xF012, 0xF012, 
    0xF012, 0xF012, 0xF012, 0xF012, 0xF012, 0xF012, 0xF012, 0xF012, 0xF012, 0xF012, 0xF012, 0xF012, 
    0xF012, 0xF012, 0xF012, 0xF012, 0xF012, 0xF012, 0xF012, 0xF012, 0xF012, 0xF012, 0xF012, 0xF012, 
    0xF012, 0xF012, 0xF012, 0xF012, 0xF012, 0xF012, 0xF012, 0xF012, 0xEF12, 0x101B, 0x39B6, 0xBDFF, 
    0x7DFF, 0x9CFF, 0x9BFF, 0x9CFF, 0x9CFF, 0x9BFF, 0x9BFF, 0x9BFF, 0x9BFF, 0x9BFF, 0x9BFF, 0x9BFF, 
    0x9BFF, 0x9BFF, 0x9BFF, 0x9BFF, 0x9BFF, 0x9BFF, 0x9BFF, 0x9BFF, 0x9BFF, 0x9BFF, 0x9BFF, 0x9BFF, 
    0x9BFF, 0x9BFF, 0x9BFF, 0x9BFF, 0x9BFF, 0x9BFF, 0x9BFF, 0x9BFF, 0x9BFF, 0x9BFF, 0x9BFF, 0x9BFF, 
    0x9BFF, 0x9BFF, 0x9BFF, 0x9BFF, 0x9BFF, 0x9BFF, 0x9BFF, 0x9BFF, 0x9BFF, 0x9BFF, 0x9BFF, 0x9BFF, 
    0x9BFF, 0x9BFF, 0x9BFF, 0x9BFF, 0x9BFF, 0x9CFF, 0x7CFF, 0x9BFF, 0x9CFF, 0x7CFF, 0xDDFF, 0xD8A5, 
    0xAF1A, 0x1013, 0xF012, 0xF012, 0xF012, 0xF012, 0xF012, 0xF012, 0xF012, 0xF012, 0xF012, 0xF012, 
    0xF012, 0xF012, 0xF012, 0xF012, 0xF012, 0xF012, 0xF012, 0xF012, 0xF012, 0xF012, 0xF012, 0xF012, 
    0xF012, 0xF012, 0xF012, 0xF012, 0xF012, 0xF012, 0xF012, 0xF012, 0xF012, 0xF012, 0xF012, 0xF012, 
    0xF012, 0xF012, 0xF012, 0xF012, 0xF012, 0xF012, 0xF012, 0xF012, 0xF012, 0xF012, 0xF012, 0xF012, 
    0xF012, 0xF012, 0xF012, 0xF012, 0x1013, 0x1013, 0xAF12, 0x946C, 0xBDF7, 0x7BFF, 0x9CFF, 0x9CFF, 
    0x9BFF, 0x9BFF, 0x9BFF, 0x9BFF, 0x9BFF, 0x9BFF, 0x9BFF, 0x9BFF, 0x9BFF, 0x9BFF, 0x9BFF, 0x9BFF, 
    0x9BFF, 0x9BFF, 0x9BFF, 0x9BFF, 0x9BFF, 0x9BFF, 0x9BFF, 0x9BFF, 0x9BFF, 0x9CFF, 0xBCFF, 0x9CFF, 
    0x9CFF, 0x5CE7, 0xB374, 0x3B9E, 0x1EBF, 0xFCBE, 0xFDBE, 0xFDBE, 0xFDBE, 0xFDBE, 0xFDBE, 0xFDBE, 
    0xFDBE, 0xFDBE, 0xFDBE, 0xFDBE, 0xFDBE, 0xFDBE, 0xFDBE, 0xFDBE, 0xFDBE, 0xFDBE, 0xFDBE, 0xFDBE, 
    0xFDBE, 0xFDBE, 0x1DBF, 0x9BAE, 
    0xA631, 0x5AAE, 0x3EBF, 0xFDBE, 0xFDBE, 0x1DBF, 0x1DB7, 0xFEBE, 
    0xFDBE, 0x1DB7, 0xFDBE, 0xFDBE, 0xFDBE, 0xFDBE, 0xFDBE, 0xFDBE, 0xFDBE, 0xFDBE, 0xFDBE, 0x1DB7, 
    0xFDBE, 0xFDBE, 0xFDBE, 0xFDBE, 0xFDBE, 0xDDB6, 0xF574, 0x39B6, 0xBCFF, 0x9BFF, 0x9CFF, 0x9CFF, 
    0x9CFF, 0x9CFF, 0x9CFF, 0x9CFF, 0x9CFF, 0x9CFF, 0x9CFF, 0x9CFF, 0x9CFF, 0x9CFF, 0x9CFF, 0x9CFF, 
    0x9CFF, 0x9CFF, 0x9CFF, 0x9CFF, 0x9CFF, 0x9BFF, 0x9BFF, 0x9DFF, 0x9CFF, 0x9DF7, 0x1254, 0xCF0A, 
    0x1013, 0xEF1A, 0xF012, 0xF012, 0xF012, 0xF012, 0xF012, 0xF012, 0xF012, 0xF012, 0xF012, 0xF012, 
    0xF012, 0xF012, 0xF012, 0xF012, 0xF012, 0xF012, 0xF012, 0xF012, 0xF012, 0xF012, 0xF012, 0xF012, 
    0xF012, 0xF012, 0xF012, 0xF012, 0xF012, 0xF012, 0xF012, 0xF012, 0xF012, 0xF012, 0xF012, 0xF012, 
    0xF012, 0xF012, 0xF012, 0xF012, 0xF012, 0xF012, 0xF012, 0xF012, 0xF012, 0xF012, 0xF012, 0xF012, 
    0xF012, 0xF012, 0xF012, 0xF012, 0xEF12, 0x1013, 0x39B6, 0xBDFF, 0x7DFF, 0x9CFF, 0x9AFF, 0x7BFF, 
    0x7CFF, 0x9CFF, 0x9CFF, 0x9CFF, 0x9CFF, 0x9CFF, 0x9CFF, 0x9CFF, 0x9CFF, 0x9CFF, 0x9CFF, 0x9CFF, 
    0x9CFF, 0x9CFF, 0x9CFF, 0x9CFF, 0x9CFF, 0x9CFF, 0x9CFF, 0x9CFF, 0x9CFF, 0x9CFF, 0x9CFF, 0x9CFF, 
    0x9CFF, 0x9CFF, 0x9CFF, 0x9CFF, 0x9CFF, 0x9CFF, 0x9CFF, 0x9CFF, 0x9CFF, 0x9CFF, 0x9CFF, 0x9CFF, 
    0x9CFF, 0x9CFF, 0x9CFF, 0x9CFF, 0x9CFF, 0x9CFF, 0x9CFF, 0x9CFF, 0x9CFF, 0x9CFF, 0x9CFF, 0x9CFF, 
    0x9CFF, 0x9BFF, 0x7CFF, 0x9BFF, 0x9CFF, 0x7CFF, 0xDCFF, 0xD8A5, 0xCF12, 0x1013, 0xF012, 0x1013, 
    0xF012, 0xF012, 0xF012, 0xF012, 0xF012, 0xF012, 0xF012, 0xF012, 0xF012, 0xF012, 0xF012, 0xF012, 
    0xF012, 0xF012, 0xF012, 0xF012, 0xF012, 0xF012, 0xF012, 0xF012, 0xF012, 0xF012, 0xF012, 0xF012, 
    0xF012, 0xF012, 0xF012, 0xF012, 0xF012, 0xF012, 0xF012, 0xF012, 0xF012, 0xF012, 0xF012, 0xF012, 
    0xF012, 0xF012, 0xF012, 0xF012, 0xF012, 0xF012, 0xF012, 0xF012, 0xF012, 0xF012, 0xF012, 0x1013, 
    0x1013, 0x1113, 0xAF12, 0x946C, 0xBDFF, 0x7BFF, 0x7CFF, 0x9CFF, 0x7AFF, 0x9CFF, 0x9CFF, 0x9CFF, 
    0x9CFF, 0x9CFF, 0x9CFF, 0x9CFF, 0x9CFF, 0x9CFF, 0x9CFF, 0x9CFF, 0x9CFF, 0x9CFF, 0x9CFF, 0x9CFF, 
    0x9CFF, 0x9CFF, 0x9CFF, 0x9CFF, 0x7CFF, 0x9CFF, 0x9CFF, 0x7CFF, 0x9CFF, 0x5CE7, 0xB374, 0x3B9E, 
    0x1EBF, 0x1CB7, 0xFDBE, 0xFDBE, 0xFDBE, 0xFDBE, 0xFDBE, 0xFDBE, 0xFDBE, 0xFDBE, 0xFDBE, 0xFDBE, 
    0xFDBE, 0xFDBE, 0xFDBE, 0xFDBE, 0xFDBE, 0xFDBE, 0xFDBE, 0xFDBE, 0xFDBE, 0xFDBE, 0x1DBF, 0x9BAE, 
    
    0xA631, 0x5AAE, 0x3EBF, 0xFDBE, 0xFDBE, 0x1DBF, 0x1DB7, 0xFEBE, 0xFDBE, 0x1DB7, 0xFDBE, 0xFDBE, 
    0xFDBE, 0xFDBE, 0xFDBE, 0xFDBE, 0xFDBE, 0xFDBE, 0xFDBE, 0x1DB7, 0xFDBE, 0xFDBE, 0xFDBE, 0x1DBF, 
    0xFDBE, 0xDDB6, 0xF574, 0x38B6, 0xBCFF, 0x9BFF, 0x9CFF, 0x9CFF, 0x9CFF, 0x9CFF, 0x9CFF, 0x9CFF, 
    0x9CFF, 0x9CFF, 0x9CFF, 0x9CFF, 0x9CFF, 0x9CFF, 0x9CFF, 0x9CFF, 0x9CFF, 0x9CFF, 0x9CFF, 0x9CFF, 
    0x7CFF, 0x7CFF, 0xBBFF, 0x9BFF, 0x7CFF, 0x9EFF, 0x115C, 0xCE0A, 0x3013, 0xF012, 0xF012, 0xF012, 
    0xF012, 0xF012, 0xF012, 0xF012, 0xF012, 0xF012, 0xF012, 0xF012, 0x1013, 0x1113, 0x1013, 0xF012, 
    0x1113, 0x1013, 0xEF1A, 0x1013, 0x1013, 0xEF12, 0xEF1A, 0x1013, 0x1013, 0x1013, 0x1013, 0x1013, 
    0x1013, 0x1013, 0x1013, 0x1013, 0x1013, 0x1013, 0x0F13, 0x0F13, 0x0F13, 0x0F13, 0x0F13, 0x0F13, 
    0x1013, 0x1013, 0x1013, 0x1013, 0x1013, 0x1013, 0x1013, 0x1013, 0x1013, 0x1013, 0x1013, 0x1013, 
    0x1113, 0xEF1A, 0x59B6, 0xBDFF, 0x7CFF, 0x9BFF, 0x7BFF, 0x9CFF, 0x9CFF, 0x9CFF, 0x9CFF, 0x9CFF, 
    0x9CFF, 0x9CFF, 0x9CFF, 0x9CFF, 0x9CFF, 0x9CFF, 0x9CFF, 0x9CFF, 0x9CFF, 0x9CFF, 0x9CFF, 0x9CFF, 
    0x9CFF, 0x9CFF, 0x9CFF, 0x9CFF, 0x9CFF, 0x9CFF, 0x9CFF, 0x9CFF, 0x9CFF, 0x9CFF, 0x9CFF, 0x9CFF, 
    0x9CFF, 0x9CFF, 0x9CFF, 0x9CFF, 0x9CFF, 0x9CFF, 0x9CFF, 0x9CFF, 0x9CFF, 0x9CFF, 0x9CFF, 0x9CFF, 
    0x9CFF, 0x9CFF, 0x9CFF, 0x9CFF, 0x9CFF, 0x9CFF, 0x9CFF, 0x9CFF, 0x9CFF, 0x9CFF, 0x9CFF, 0x9BFF, 
    0x9BFF, 0x9CFF, 0xFEFF, 0xF89D, 0xAE1A, 0x1113, 0x1113, 0xCF1A, 0xEF12, 0xF012, 0xF012, 0xF01A, 
    0xEF1A, 0xEF12, 0xEF12, 0xEF1A, 0xEF12, 0x0F0B, 0x0F13, 0x100B, 0x0F0B, 0x0F13, 0x0F13, 0x0F13, 
    0xEF12, 0xF012, 0xF012, 0xF012, 0xEF12, 0x0F13, 0x100B, 0x1013, 0xF012, 0xF012, 0x100B, 0x100B, 
    0xEF12, 0xEF12, 0xEF12, 0xEF12, 0xEF12, 0xEF12, 0xEF12, 0xEF12, 0xF012, 0xEF1A, 0x0E13, 0x0F13, 
    0xEE1A, 0x2E13, 0x2F0B, 0x0F1B, 0x0F13, 0x1013, 0x0F13, 0x0F13, 0x101B, 0x3013, 0xCE12, 0x946C, 
    0xBEF7, 0x7CFF, 0x7BFF, 0x7CFF, 0x9CFF, 0x9CFF, 0x9CFF, 0x9CFF, 0x9CFF, 0x9CFF, 0x9CFF, 0x9CFF, 
    0x9CFF, 0x9CFF, 0x9CFF, 0x9CFF, 0x9CFF, 0x9CFF, 0x9CFF, 0x9CFF, 0x9CFF, 0x9CFF, 0x9CFF, 0x9CFF, 
    0x7CFF, 0x9CFF, 0x9CFF, 0x7CFF, 0x9CFF, 0x5CE7, 0xB374, 0x3B9E, 0x1EBF, 0x1CB7, 0xFDBE, 0xFDBE, 
    0xFDBE, 0xFDBE, 0xFDBE, 0xFDBE, 0xFDBE, 0xFDBE, 0xFDBE, 0xFDBE, 0xFDBE, 0xFDBE, 0xFDBE, 0xFDBE, 
    0xFDBE, 0xFDBE, 0xFDBE, 0xFDBE, 0xFDBE, 0xFDBE, 0x1DBF, 0x9BAE, 
    0xA631, 0x5AAE, 0x3EBF, 0xFDBE, 
    0xFDBE, 0x1DBF, 0x1DB7, 0xFEBE, 0xFDBE, 0x1DB7, 0xFDBE, 0xFDBE, 0xFDBE, 0xFDBE, 0xFDBE, 0xFDBE, 
    0xFDBE, 0xFDBE, 0xFDBE, 0x1DB7, 0xFDBE, 0xFDBE, 0xFDBE, 0x1DBF, 0xFDBE, 0xDDB6, 0xF574, 0x38B6, 
    0xBDFF, 0x9CFF, 0x9CFF, 0x9CFF, 0x9CFF, 0x9CFF, 0x9CFF, 0x9CFF, 0x9CFF, 0x9CFF, 0x9CFF, 0x9CFF, 
    0x9CFF, 0x9CFF, 0x9CFF, 0x9CFF, 0x9CFF, 0x9CFF, 0x9CFF, 0x9CFF, 0x7CFF, 0x7CFF, 0xBBFF, 0x9BFF, 
    0x7CFF, 0x9EFF, 0x125C, 0xCE0A, 0x310B, 0xF112, 0xF012, 0x1013, 0x1013, 0x1013, 0x1013, 0x1013, 
    0x1013, 0x1013, 0x1013, 0x1013, 0x1013, 0x1013, 0xF012, 0xCF12, 0xF10A, 0xEF12, 0xCE1A, 0xF012, 
    0xF00A, 0xEF12, 0xEF12, 0xEF12, 0xF012, 0xF012, 0xF012, 0xF012, 0xF012, 0xF012, 0xF012, 0xF012, 
    0xEF12, 0x0F0B, 0x0F0B, 0x0F0B, 0x0F0B, 0xEF12, 0xF012, 0x100B, 0x100B, 0xEF12, 0xEF12, 0xEF12, 
    0xEF12, 0xEF12, 0xEF12, 0xEF12, 0xEF12, 0xEF12, 0xEF12, 0xF012, 0xF10A, 0xEF22, 0x59B6, 0xDDFF, 
    0x7BFF, 0x7BFF, 0x7BFF, 0x9CFF, 0x9CFF, 0x9CFF, 0x9CFF, 0x9CFF, 0x9CFF, 0x9CFF, 0x9CFF, 0x9CFF, 
    0x9CFF, 0x9CFF, 0x9CFF, 0x9CFF, 0x9CFF, 0x9CFF, 0x9CFF, 0x9CFF, 0x9CFF, 0x9CFF, 0x9CFF, 0x9CFF, 
    0x9CFF, 0x9CFF, 0x9CFF, 0x9CFF, 0x9CFF, 0x9CFF, 0x9CFF, 0x9CFF, 0x9CFF, 0x9CFF, 0x9CFF, 0x9CFF, 
    0x9CFF, 0x9CFF, 0x9CFF, 0x9CFF, 0x9CFF, 0x9CFF, 0x9CFF, 0x9CFF, 0x9CFF, 0x9CFF, 0x9CFF, 0x9CFF, 
    0x9CFF, 0x9CFF, 0x9CFF, 0x9CFF, 0x9CFF, 0x9CFF, 0x9CFF, 0x9BFF, 0x9BFF, 0x9CFF, 0xFEFF, 0xB79D, 
    0x8C22, 0xCF1A, 0xCF1A, 0x0F23, 0x301B, 0x511B, 0x311B, 0x1123, 0x3123, 0x501B, 0x301B, 0x3023, 
    0x3023, 0x3023, 0x3023, 0x3023, 0x3023, 0x3023, 0x3023, 0x3023, 0x1123, 0x1123, 0x1123, 0x1023, 
    0x1023, 0x3023, 0x3023, 0x3123, 0x1123, 0x1123, 0x3123, 0x311B, 0x3023, 0x3023, 0x3023, 0x3023, 
    0x3023, 0x3023, 0x3023, 0x3023, 0x3023, 0x311B, 0x5213, 0x1213, 0xCF22, 0x0F0B, 0x100B, 0xD01A, 
    0xD01A, 0xD112, 0xF012, 0xCF12, 0xF012, 0x1013, 0xAE12, 0x7364, 0xDFEF, 0x9CFF, 0x7BFF, 0x7BFF, 
    0x9CFF, 0x9CFF, 0x9CFF, 0x9CFF, 0x9CFF, 0x9CFF, 0x9CFF, 0x9CFF, 0x9CFF, 0x9CFF, 0x9CFF, 0x9CFF, 
    0x9CFF, 0x9CFF, 0x9CFF, 0x9CFF, 0x9CFF, 0x9CFF, 0x9CFF, 0x9CFF, 0x7CFF, 0x9CFF, 0xBCFF, 0x7CFF, 
    0x9CFF, 0x5CE7, 0xB374, 0x3B9E, 0x1EBF, 0xFCBE, 0xFDBE, 0xFDBE, 0xFDBE, 0xFDBE, 0xFDBE, 0xFDBE, 
    0xFDBE, 0xFDBE, 0xFDBE, 0xFDBE, 0xFDBE, 0xFDBE, 0xFDBE, 0xFDBE, 0xFDBE, 0xFDBE, 0xFDBE, 0xFDBE, 
    0xFDBE, 0xFDBE, 0x1DBF, 0x9BAE, 
    0xA631, 0x5AAE, 0x3EBF, 0xFDBE, 0xFDBE, 0x1DBF, 0x1DB7, 0xFEBE, 
    0xFDBE, 0x1DB7, 0xFDBE, 0xFDBE, 0xFDBE, 0xFDBE, 0xFDBE, 0xFDBE, 0xFDBE, 0xFDBE, 0xFDBE, 0x1DB7, 
    0xFDBE, 0xFDBE, 0xFDBE, 0x1DBF, 0xFDBE, 0xDDB6, 0xF574, 0x38B6, 0xBDFF, 0x9CFF, 0x9CFF, 0x9CFF, 
    0x9CFF, 0x9CFF, 0x9CFF, 0x9CFF, 0x9CFF, 0x9CFF, 0x9CFF, 0x9CFF, 0x9CFF, 0x9CFF, 0x9CFF, 0x9CFF, 
    0x9CFF, 0x9CFF, 0x9CFF, 0x9CFF, 0x7CFF, 0x7CFF, 0xBBFF, 0x9BFF, 0x9CFF, 0x9EF7, 0xD15B, 0xCE12, 
    0x1013, 0xD01A, 0xF012, 0xEF12, 0xEF12, 0xEF12, 0xEF12, 0xEF12, 0xEF12, 0xEF12, 0x1013, 0xEF12, 
    0xCE22, 0x1023, 0x3023, 0x1023, 0x521B, 0x311B, 0x3023, 0x311B, 0x311B, 0x3123, 0x511B, 0x511B, 
    0x311B, 0x3123, 0x3123, 0x3023, 0x3023, 0x3023, 0x3023, 0x3123, 0x112B, 0x3123, 0x3123, 0x3123, 
    0x3123, 0x1123, 0x1123, 0x3123, 0x3123, 0x3123, 0x3123, 0x3123, 0x3123, 0x3123, 0x3123, 0x3123, 
    0x3123, 0x3123, 0x3123, 0x3123, 0x311B, 0x0F2B, 0x38B6, 0xDDFF, 0x7BFF, 0x7BFF, 0x7BFF, 0x9CFF, 
    0x9CFF, 0x9CFF, 0x9CFF, 0x9CFF, 0x9CFF, 0x9CFF, 0x9CFF, 0x9CFF, 0x9CFF, 0x9CFF, 0x9CFF, 0x9CFF, 
    0x9CFF, 0x9CFF, 0x9CFF, 0x9CFF, 0x9CFF, 0x9CFF, 0x9CFF, 0x9CFF, 0x9CFF, 0x9CFF, 0x9CFF, 0x9CFF, 
    0x9CFF, 0x9CFF, 0x9CFF, 0x9CFF, 0x9CFF, 0x9CFF, 0x9CFF, 0x9CFF, 0x9CFF, 0x9CFF, 0x9CFF, 0x9CFF, 
    0x9CFF, 0x9CFF, 0x9CFF, 0x9CFF, 0x9CFF, 0x9CFF, 0x9CFF, 0x9CFF, 0x9CFF, 0x9CFF, 0x9CFF, 0x9CFF, 
    0x9CFF, 0x9CFF, 0x9CFF, 0x7CFF, 0x7BFF, 0x7BFF, 0xBDFF, 0x99CE, 0x3595, 0x7795, 0x5785, 0x1344, 
    0x922B, 0xD32B, 0xB32B, 0x9333, 0xB233, 0xB22B, 0xB22B, 0xB233, 0x9233, 0x9233, 0x9233, 0x9233, 
    0x9233, 0x9233, 0x9233, 0x9233, 0x9333, 0x9333, 0x9333, 0x9233, 0x9233, 0xB233, 0x9233, 0x9233, 
    0x9233, 0x9233, 0x9233, 0x9233, 0xB22B, 0xB22B, 0xB22B, 0xB22B, 0xB22B, 0xB22B, 0xB22B, 0xB22B, 
    0xB22B, 0x9233, 0x7233, 0x1554, 0x389D, 0x5795, 0x788D, 0x579D, 0x579D, 0x389D, 0x579D, 0x7795, 
    0x778D, 0x778D, 0x578D, 0x18AE, 0xBDF7, 0x9CFF, 0x9BFF, 0x9CFF, 0x9CFF, 0x9CFF, 0x9CFF, 0x9CFF, 
    0x9CFF, 0x9CFF, 0x9CFF, 0x9CFF, 0x9CFF, 0x9CFF, 0x9CFF, 0x9CFF, 0x9CFF, 0x9CFF, 0x9CFF, 0x9CFF, 
    0x9CFF, 0x9CFF, 0x9CFF, 0x9CFF, 0x7CFF, 0x9CFF, 0xBCFF, 0x7CFF, 0x9CFF, 0x5CE7, 0xB374, 0x3B9E, 
    0x1EBF, 0xFCBE, 0xFDBE, 0xFDBE, 0xFDBE, 0xFDBE, 0xFDBE, 0xFDBE, 0xFDBE, 0xFDBE, 0xFDBE, 0xFDBE, 
    0xFDBE, 0xFDBE, 0xFDBE, 0xFDBE, 0xFDBE, 0xFDBE, 0xFDBE, 0xFDBE, 0xFDBE, 0xFDBE, 0x1DBF, 0x9BAE, 
    
    0xA631, 0x5AAE, 0x3EBF, 0xFDBE, 0xFDBE, 0x1DBF, 0x1DB7, 0xFEBE, 0xFDBE, 0x1DB7, 0xFDBE, 0xFDBE, 
    0xFDBE, 0xFDBE, 0xFDBE, 0xFDBE, 0xFDBE, 0xFDBE, 0xFDBE, 0x1DB7, 0xFDBE, 0xFDBE, 0xFDBE, 0x1DBF, 
    0xFDBE, 0xDDB6, 0xF574, 0x38B6, 0xBDFF, 0x9CFF, 0x9CFF, 0x9CFF, 0x9CFF, 0x9CFF, 0x9CFF, 0x9CFF, 
    0x9CFF, 0x9CFF, 0x9CFF, 0x9CFF, 0x9CFF, 0x9CFF, 0x9CFF, 0x9CFF, 0x9CFF, 0x9CFF, 0x9CFF, 0x9CFF, 
    0x7CFF, 0x7CFF, 0xBBFF, 0x9BFF, 0x9CFF, 0x7DFF, 0xB7AD, 0x7685, 0x9785, 0x7895, 0x7795, 0x978D, 
    0x978D, 0x978D, 0x978D, 0x978D, 0x978D, 0x978D, 0x978D, 0x778D, 0x978D, 0x134C, 0x7233, 0x9233, 
    0xB32B, 0x932B, 0x9233, 0x922B, 0x932B, 0x922B, 0xB32B, 0xB32B, 0x922B, 0x9233, 0x9233, 0x9233, 
    0x9233, 0x9233, 0x9233, 0x7233, 0x723B, 0x7233, 0x9233, 0x9333, 0x7333, 0x7333, 0x7333, 0x9233, 
    0x9233, 0x922B, 0x922B, 0x922B, 0x922B, 0x922B, 0x922B, 0x922B, 0x922B, 0x922B, 0x9233, 0x922B, 
    0x9223, 0x134C, 0xFBD6, 0xBCFF, 0x7BFF, 0x9BFF, 0x7BFF, 0x9CFF, 0x9CFF, 0x9CFF, 0x9CFF, 0x9CFF, 
    0x9CFF, 0x9CFF, 0x9CFF, 0x9CFF, 0x9CFF, 0x9CFF, 0x9CFF, 0x9CFF, 0x9CFF, 0x9CFF, 0x9CFF, 0x9CFF, 
    0x9CFF, 0x9CFF, 0x9CFF, 0x9CFF, 0x9CFF, 0x9CFF, 0x9CFF, 0x9CFF, 0x9CFF, 0x9CFF, 0x9CFF, 0x9CFF, 
    0x9CFF, 0x9CFF, 0x9CFF, 0x9CFF, 0x9CFF, 0x9CFF, 0x9CFF, 0x9CFF, 0x9CFF, 0x9CFF, 0x9CFF, 0x9CFF, 
    0x9CFF, 0x9CFF, 0x9CFF, 0x9CFF, 0x9CFF, 0x9CFF, 0x9CFF, 0x9CFF, 0x9CFF, 0x9CFF, 0x9CFF, 0x9CFF, 
    0x7BFF, 0x7BFF, 0x7BFF, 0xBDFF, 0xFEFF, 0xFEFF, 0xDFEF, 0xF343, 0x8E0A, 0x1013, 0xD012, 0xD01A, 
    0xCF12, 0xEF12, 0xEF12, 0xD012, 0xEF12, 0xEF12, 0xEF12, 0xEF12, 0xEF12, 0xEF12, 0xEF0A, 0xF00A, 
    0xF00A, 0xF012, 0xF012, 0xF00A, 0xF00A, 0xEF0A, 0xEF12, 0xEF12, 0xF012, 0xF012, 0xEF12, 0xEE12, 
    0xEF12, 0xEF12, 0xEF12, 0xEF12, 0xEF12, 0xEF12, 0xEF12, 0xEF12, 0xEF12, 0xEF1A, 0x8C12, 0x9374, 
    0xDFFF, 0xDDFF, 0xDDFF, 0xDCFF, 0xDCFF, 0xDDFF, 0xDCFF, 0xDCFF, 0xDCFF, 0xDDFF, 0xDDFF, 0xBCFF, 
    0x9BFF, 0x9BFF, 0x9BFF, 0x9CFF, 0x9DFF, 0x9CFF, 0x9CFF, 0x9CFF, 0x9CFF, 0x9CFF, 0x9CFF, 0x9CFF, 
    0x9CFF, 0x9CFF, 0x9CFF, 0x9CFF, 0x9CFF, 0x9CFF, 0x9CFF, 0x9CFF, 0x9CFF, 0x9CFF, 0x9CFF, 0x9CFF, 
    0x7CFF, 0x9CFF, 0xBCFF, 0x7CFF, 0x9CFF, 0x5CE7, 0xB374, 0x3B9E, 0x1EBF, 0xFCBE, 0xFDBE, 0xFDBE, 
    0xFDBE, 0xFDBE, 0xFDBE, 0xFDBE, 0xFDBE, 0xFDBE, 0xFDBE, 0xFDBE, 0xFDBE, 0xFDBE, 0xFDBE, 0xFDBE, 
    0xFDBE, 0xFDBE, 0xFDBE, 0xFDBE, 0xFDBE, 0xFDBE, 0x1DBF, 0x9BAE, 
    0xA631, 0x5AAE, 0x3EBF, 0xFDBE, 
    0xFDBE, 0x1DBF, 0x1DB7, 0xFEBE, 0xFDBE, 0x1DB7, 0xFDBE, 0xFDBE, 0xFDBE, 0xFDBE, 0xFDBE, 0xFDBE, 
    0xFDBE, 0xFDBE, 0xFDBE, 0x1DB7, 0xFDBE, 0xFDBE, 0xFDBE, 0x1DBF, 0xFDBE, 0xDDB6, 0xF574, 0x38B6, 
    0xBDFF, 0x9CFF, 0x9CFF, 0x9CFF, 0x9CFF, 0x9CFF, 0x9CFF, 0x9CFF, 0x9CFF, 0x9CFF, 0x9CFF, 0x9CFF, 
    0x9CFF, 0x9CFF, 0x9CFF, 0x9CFF, 0x9CFF, 0x9CFF, 0x9CFF, 0x9CFF, 0x9CFF, 0x9CFF, 0x9CFF, 0x9BFF, 
    0x7BFF, 0x7CFF, 0xBDFF, 0xFEFF, 0xDDFF, 0xBDFF, 0xBCFF, 0xBCFF, 0xBCFF, 0xBCFF, 0xBCFF, 0xBCFF, 
    0xBCFF, 0xBCFF, 0xBCFF, 0xBCFF, 0xFFF7, 0x3354, 0xAE12, 0xEF1A, 0xF012, 0xF012, 0xEF1A, 0xEF12, 
    0xF012, 0xEF1A, 0xF012, 0xF012, 0xEF1A, 0xEF1A, 0xEF1A, 0xEF1A, 0xF01A, 0xF012, 0xEF1A, 0xEF12, 
    0x0F13, 0x0F13, 0x0F0B, 0x0F13, 0xF012, 0xEF12, 0xEF12, 0x0F13, 0x0F13, 0xF012, 0xF01A, 0xF01A, 
    0xF01A, 0xF01A, 0xF01A, 0xF01A, 0xF01A, 0xF01A, 0xEF1A, 0x0F1B, 0xAF0A, 0x3354, 0xFFF7, 0x7BFF, 
    0x9CFF, 0x9CFF, 0x7BFF, 0x9CFF, 0x9CFF, 0x9CFF, 0x9CFF, 0x9CFF, 0x9CFF, 0x9CFF, 0x9CFF, 0x9CFF, 
    0x9CFF, 0x9CFF, 0x9CFF, 0x9CFF, 0x9CFF, 0x9CFF, 0x9CFF, 0x9CFF, 0x9CFF, 0x9CFF, 0x9CFF, 0x9CFF, 
    0x9CFF, 0x9CFF, 0x9CFF, 0x9CFF, 0x9CFF, 0x9CFF, 0x9CFF, 0x9CFF, 0x9CFF, 0x9CFF, 0x9CFF, 0x9CFF, 
    0x9CFF, 0x9CFF, 0x9CFF, 0x9CFF, 0x9CFF, 0x9CFF, 0x9CFF, 0x9CFF, 0x9CFF, 0x9CFF, 0x9CFF, 0x9CFF, 
    0x9CFF, 0x9CFF, 0x9CFF, 0x9CFF, 0x9CFF, 0x9CFF, 0x9CFF, 0x9CFF, 0x9BFF, 0x9BFF, 0x7BFF, 0x7BFF, 
    0x7BFF, 0x7BFF, 0x7CEF, 0xF343, 0xAE12, 0x1013, 0xF012, 0xF01A, 0xF01A, 0x1013, 0x1013, 0xF01A, 
    0xF012, 0x1013, 0x1013, 0xF01A, 0x1013, 0x1013, 0x1013, 0x1013, 0x1013, 0x101B, 0x1013, 0x1113, 
    0x1113, 0x1113, 0x1013, 0x1013, 0x1113, 0x1113, 0xF012, 0xF01A, 0x1013, 0x1013, 0x1013, 0x1013, 
    0x1013, 0x1013, 0x1013, 0x1013, 0xF012, 0x3013, 0xEE02, 0xB464, 0x9EFF, 0x7BF7, 0xBCF7, 0x9BFF, 
    0xBBF7, 0x9CFF, 0x7BFF, 0x9BFF, 0x7CFF, 0x7CFF, 0x5CFF, 0x7CFF, 0x9BFF, 0x9BFF, 0x9BFF, 0x9CFF, 
    0x7CFF, 0x9CFF, 0x9CFF, 0x9CFF, 0x9CFF, 0x9CFF, 0x9CFF, 0x9CFF, 0x9CFF, 0x9CFF, 0x9CFF, 0x9CFF, 
    0x9CFF, 0x9CFF, 0x9CFF, 0x9CFF, 0x9CFF, 0x9CFF, 0x9CFF, 0x9CFF, 0x7CFF, 0x9CFF, 0xBCFF, 0x7CFF, 
    0x9CFF, 0x5CE7, 0xB374, 0x3B9E, 0x1EBF, 0xFCBE, 0xFDBE, 0xFDBE, 0xFDBE, 0xFDBE, 0xFDBE, 0xFDBE, 
    0xFDBE, 0xFDBE, 0xFDBE, 0xFDBE, 0xFDBE, 0xFDBE, 0xFDBE, 0xFDBE, 0xFDBE, 0xFDBE, 0xFDBE, 0xFDBE, 
    0xFDBE, 0xFDBE, 0x1DBF, 0x9BAE, 
    0xA631, 0x5AAE, 0x3EBF, 0xFDBE, 0xFDBE, 0x1DBF, 0x1DB7, 0xFEBE, 
    0xFDBE, 0x1DB7, 0xFDBE, 0xFDBE, 0xFDBE, 0xFDBE, 0xFDBE, 0xFDBE, 0xFDBE, 0xFDBE, 0xFDBE, 0x1DB7, 
    0xFDBE, 0xFDBE, 0xFDBE, 0x1DBF, 0xFDBE, 0xDDB6, 0xF574, 0x38B6, 0xBDFF, 0x9CFF, 0x9CFF, 0x9CFF, 
    0x9CFF, 0x9CFF, 0x9CFF, 0x9CFF, 0x9CFF, 0x9CFF, 0x9CFF, 0x9CFF, 0x9CFF, 0x9CFF, 0x9CFF, 0x9CFF, 
    0x9CFF, 0x9CFF, 0x9CFF, 0x9CFF, 0x9CFF, 0x9CFF, 0x9CFF, 0x9BFF, 0x7BFF, 0x7BFF, 0x7BFF, 0x7BFF, 
    0x7AFF, 0x59FF, 0x7BFF, 0x7CFF, 0x7CFF, 0x7CFF, 0x7CFF, 0x7CFF, 0x7CFF, 0x7CFF, 0x7CFF, 0x7CFF, 
    0xBDF7, 0x3354, 0xCF12, 0x0F1B, 0x1013, 0x1113, 0xF01A, 0xF012, 0xEF12, 0xEF12, 0x1013, 0x0F13, 
    0xEF1A, 0xEF1A, 0xF012, 0xF012, 0xF012, 0xF012, 0xF012, 0x1013, 0x1013, 0x1013, 0x1013, 0x1013, 
    0xF012, 0xF01A, 0xF01A, 0xEF12, 0xEF12, 0xF012, 0xF012, 0xF012, 0xF012, 0xF012, 0xF012, 0xF012, 
    0xF012, 0xF012, 0xF012, 0x101B, 0xAF0A, 0x1254, 0xFEF7, 0x7BFF, 0x9CFF, 0x9CFF, 0x9BFF, 0x9CFF, 
    0x9CFF, 0x9CFF, 0x9CFF, 0x9CFF, 0x9CFF, 0x9CFF, 0x9CFF, 0x9CFF, 0x9CFF, 0x9CFF, 0x9CFF, 0x9CFF, 
    0x9CFF, 0x9CFF, 0x9CFF, 0x9CFF, 0x9CFF, 0x9CFF, 0x9CFF, 0x9CFF, 0x9CFF, 0x9CFF, 0x9CFF, 0x9CFF, 
    0x9CFF, 0x9CFF, 0x9CFF, 0x9CFF, 0x9CFF, 0x9CFF, 0x9CFF, 0x9CFF, 0x9CFF, 0x9CFF, 0x9CFF, 0x9CFF, 
    0x9CFF, 0x9CFF, 0x9CFF, 0x9CFF, 0x9CFF, 0x9CFF, 0x9CFF, 0x9CFF, 0x9CFF, 0x9CFF, 0x9CFF, 0x9CFF, 
    0x9CFF, 0x9BFF, 0x9BFF, 0x9CFF, 0x9CFF, 0x9CFF, 0x9CFF, 0x9BFF, 0x7BFF, 0x9BFF, 0x7CF7, 0xF343, 
    0xAD12, 0x1013, 0xF012, 0xF01A, 0xF012, 0x1013, 0x1013, 0xF012, 0xF012, 0x1013, 0xF01A, 0xF01A, 
    0xF012, 0xF012, 0x100B, 0x1013, 0xCF12, 0xAE1A, 0xCE1A, 0xCF12, 0xD012, 0xCF12, 0xCE1A, 0xAF12, 
    0xF112, 0x120B, 0xF112, 0xF01A, 0xF012, 0xF012, 0xF012, 0xF012, 0xF012, 0xF012, 0xF012, 0xF012, 
    0xF012, 0x3013, 0xEE02, 0x9464, 0x9EFF, 0x7BFF, 0x9CFF, 0x9BFF, 0xBBFF, 0x9DFF, 0x9BFF, 0xBCF7, 
    0xBDF7, 0x9DFF, 0x7DFF, 0x7CFF, 0x9CFF, 0x9CFF, 0x9CFF, 0x7CFF, 0x7CFF, 0x9CFF, 0x9CFF, 0x9CFF, 
    0x9CFF, 0x9CFF, 0x9CFF, 0x9CFF, 0x9CFF, 0x9CFF, 0x9CFF, 0x9CFF, 0x9CFF, 0x9CFF, 0x9CFF, 0x9CFF, 
    0x9CFF, 0x9CFF, 0x9CFF, 0x9CFF, 0x7CFF, 0x9CFF, 0xBCFF, 0x7CFF, 0x9CFF, 0x5CE7, 0xB374, 0x3B9E, 
    0x1EBF, 0xFCBE, 0xFDBE, 0xFDBE, 0xFDBE, 0xFDBE, 0xFDBE, 0xFDBE, 0xFDBE, 0xFDBE, 0xFDBE, 0xFDBE, 
    0xFDBE, 0xFDBE, 0xFDBE, 0xFDBE, 0xFDBE, 0xFDBE, 0xFDBE, 0xFDBE, 0xFDBE, 0xFDBE, 0x1DBF, 0x9BAE, 
    
    0xA631, 0x5AAE, 0x3EBF, 0xFDBE, 0xFDBE, 0x1DBF, 0x1DB7, 0xFEBE, 0xFDBE, 0x1DB7, 0xFDBE, 0xFDBE, 
    0xFDBE, 0xFDBE, 0xFDBE, 0xFDBE, 0xFDBE, 0xFDBE, 0xFDBE, 0x1DB7, 0xFDBE, 0xFDBE, 0xFDBE, 0x1DBF, 
    0xFDBE, 0xDDB6, 0xF574, 0x38B6, 0xBDFF, 0x9CFF, 0x9CFF, 0x9CFF, 0x9CFF, 0x9CFF, 0x9CFF, 0x9CFF, 
    0x9CFF, 0x9CFF, 0x9CFF, 0x9CFF, 0x9CFF, 0x9CFF, 0x9CFF, 0x9CFF, 0x9CFF, 0x9CFF, 0x9CFF, 0x9CFF, 
    0x9CFF, 0x9BFF, 0x9CFF, 0x9CFF, 0x9CFF, 0x7CFF, 0x9CFF, 0x9CFF, 0x9BFF, 0x7BFF, 0x9CFF, 0x9CFF, 
    0x9CFF, 0x9CFF, 0x9CFF, 0x9CFF, 0x9CFF, 0x9CFF, 0x9CFF, 0x9CFF, 0xBCFF, 0x3354, 0xCF0A, 0x0F1B, 
    0x1013, 0x110B, 0xF012, 0xF012, 0x1013, 0x0F13, 0x1013, 0x0F13, 0xEF12, 0x0F13, 0x1013, 0x110B, 
    0x110B, 0x1013, 0xF012, 0x1013, 0x1113, 0x1013, 0x1013, 0x1013, 0xF012, 0xF01A, 0xF012, 0x1013, 
    0x100B, 0x1013, 0x1013, 0x1013, 0x1013, 0x1013, 0x1013, 0x1013, 0x1013, 0x1013, 0x1013, 0x101B, 
    0xAF0A, 0x1254, 0xFEFF, 0x7BFF, 0x9CFF, 0x9CFF, 0x9BFF, 0x9CFF, 0x9CFF, 0x9CFF, 0x9CFF, 0x9CFF, 
    0x9CFF, 0x9CFF, 0x9CFF, 0x9CFF, 0x9CFF, 0x9CFF, 0x9CFF, 0x9CFF, 0x9CFF, 0x9CFF, 0x9CFF, 0x9CFF, 
    0x9CFF, 0x9CFF, 0x9CFF, 0x9CFF, 0x9CFF, 0x9CFF, 0x9CFF, 0x9CFF, 0x9CFF, 0x9CFF, 0x9CFF, 0x9CFF, 
    0x9CFF, 0x9CFF, 0x9CFF, 0x9CFF, 0x9CFF, 0x9CFF, 0x9CFF, 0x9CFF, 0x9CFF, 0x9CFF, 0x9CFF, 0x9CFF, 
    0x9CFF, 0x9CFF, 0x9CFF, 0x9CFF, 0x9CFF, 0x9CFF, 0x9CFF, 0x9CFF, 0x9CFF, 0x9BFF, 0x9BFF, 0x9CFF, 
    0x9CFF, 0x9CFF, 0x9CFF, 0x9CFF, 0x9CFF, 0x9BFF, 0x7CEF, 0xF343, 0xAE12, 0x1013, 0xF012, 0xF01A, 
    0xF012, 0x1013, 0x1013, 0xF012, 0x1013, 0x1013, 0x1013, 0x1013, 0x1013, 0x100B, 0x100B, 0x0F13, 
    0x9133, 0x9043, 0xAF43, 0xB03B, 0xB13B, 0xB043, 0x8F43, 0xD043, 0x501B, 0x100B, 0x100B, 0xEF12, 
    0x1013, 0x1013, 0x1013, 0x1013, 0x1013, 0x1013, 0x1013, 0x1013, 0x1013, 0x1013, 0xCE0A, 0x746C, 
    0x7DFF, 0x7BFF, 0x7CFF, 0x7BFF, 0x9CFF, 0x7DFF, 0x7CFF, 0x9AFF, 0x9AFF, 0x7AFF, 0x7BFF, 0x7BFF, 
    0x7BFF, 0x9CFF, 0x9CFF, 0x7CFF, 0x7CFF, 0x9CFF, 0x9CFF, 0x9CFF, 0x9CFF, 0x9CFF, 0x9CFF, 0x9CFF, 
    0x9CFF, 0x9CFF, 0x9CFF, 0x9CFF, 0x9CFF, 0x9CFF, 0x9CFF, 0x9CFF, 0x9CFF, 0x9CFF, 0x9CFF, 0x9CFF, 
    0x7CFF, 0x9CFF, 0xBCFF, 0x7CFF, 0x9CFF, 0x5CE7, 0xB374, 0x3B9E, 0x1EBF, 0xFCBE, 0xFDBE, 0xFDBE, 
    0xFDBE, 0xFDBE, 0xFDBE, 0xFDBE, 0xFDBE, 0xFDBE, 0xFDBE, 0xFDBE, 0xFDBE, 0xFDBE, 0xFDBE, 0xFDBE, 
    0xFDBE, 0xFDBE, 0xFDBE, 0xFDBE, 0xFDBE, 0xFDBE, 0x1DBF, 0x9BAE, 
    0xA631, 0x5AAE, 0x3EBF, 0xFDBE, 
    0xFDBE, 0x1DBF, 0x1DB7, 0xFEBE, 0xFDBE, 0x1DB7, 0xFDBE, 0xFDBE, 0xFDBE, 0xFDBE, 0xFDBE, 0xFDBE, 
    0xFDBE, 0xFDBE, 0xFDBE, 0x1DB7, 0xFDBE, 0xFDBE, 0xFDBE, 0x1DBF, 0xFDBE, 0xDDB6, 0xF574, 0x38B6, 
    0xBDFF, 0x9CFF, 0x9CFF, 0x9CFF, 0x9CFF, 0x9CFF, 0x9CFF, 0x9CFF, 0x9CFF, 0x9CFF, 0x9CFF, 0x9CFF, 
    0x9CFF, 0x9CFF, 0x9CFF, 0x9CFF, 0x9CFF, 0x9CFF, 0x9CFF, 0x9CFF, 0x9BFF, 0x9BFF, 0x9BFF, 0x9CFF, 
    0x9CFF, 0x9DFF, 0x9DFF, 0x9DFF, 0x9DF7, 0x9DF7, 0x9CFF, 0x9BFF, 0x9BFF, 0x9BFF, 0x9BFF, 0x9BFF, 
    0x9BFF, 0x9BFF, 0x9BFF, 0x9BFF, 0x9BFF, 0x3354, 0xD002, 0x0F13, 0x0F13, 0x1113, 0xF012, 0xF012, 
    0x1013, 0x1013, 0x1013, 0x0F13, 0x0F13, 0x0F13, 0x1013, 0x110B, 0x1113, 0xEF1A, 0xCE22, 0xCE1A, 
    0xCF1A, 0xCE1A, 0xCE22, 0xCE22, 0xCE22, 0xCF1A, 0xF01A, 0x100B, 0x310B, 0x1013, 0x1013, 0x1013, 
    0x1013, 0x1013, 0x1013, 0x1013, 0x1013, 0x1013, 0x1013, 0x1013, 0xAF0A, 0x1254, 0xDEFF, 0x7BFF, 
    0x9CFF, 0x9CFF, 0x9BFF, 0x9BFF, 0x9CFF, 0x9CFF, 0x9CFF, 0x9CFF, 0x9CFF, 0x9CFF, 0x9CFF, 0x9CFF, 
    0x9CFF, 0x9CFF, 0x9CFF, 0x9CFF, 0x9CFF, 0x9CFF, 0x9CFF, 0x9CFF, 0x9CFF, 0x9CFF, 0x9CFF, 0x9CFF, 
    0x9CFF, 0x9CFF, 0x9CFF, 0x9CFF, 0x9CFF, 0x9CFF, 0x9CFF, 0x9CFF, 0x9CFF, 0x9CFF, 0x9CFF, 0x9CFF, 
    0x9CFF, 0x9CFF, 0x9CFF, 0x9CFF, 0x9CFF, 0x9CFF, 0x9CFF, 0x9CFF, 0x9CFF, 0x9CFF, 0x9CFF, 0x9CFF, 
    0x9CFF, 0x9CFF, 0x9CFF, 0x9CFF, 0x9CFF, 0x9BFF, 0x9BFF, 0x9CFF, 0x9CFF, 0x9CFF, 0x9CFF, 0x9CFF, 
    0x9CFF, 0x9BFF, 0x7DEF, 0xF343, 0xAE12, 0x1013, 0xF012, 0xF012, 0xF012, 0x1013, 0x1013, 0xF012, 
    0xF01A, 0xF012, 0xF01A, 0xF01A, 0xF01A, 0xF012, 0xF012, 0x0F2B, 0xBCBE, 0xDFEF, 0x9DE7, 0xBEDF, 
    0xBFDF, 0x9EE7, 0x9DEF, 0xDEE7, 0x7354, 0xCF0A, 0x1013, 0xEF1A, 0xF012, 0xF012, 0xF012, 0xF012, 
    0xF012, 0xF012, 0xF012, 0xF012, 0xF012, 0x1013, 0xCF0A, 0x9464, 0x9DFF, 0x9BFF, 0x9CFF, 0x9CFF, 
    0x9CFF, 0x7DFF, 0x9CFF, 0x9CFF, 0x9CFF, 0x9CFF, 0x9CFF, 0x9CFF, 0x9CFF, 0x9CFF, 0x9CFF, 0x7CFF, 
    0x7CFF, 0x9CFF, 0x9CFF, 0x9CFF, 0x9CFF, 0x9CFF, 0x9CFF, 0x9CFF, 0x9CFF, 0x9CFF, 0x9CFF, 0x9CFF, 
    0x9CFF, 0x9CFF, 0x9CFF, 0x9CFF, 0x9CFF, 0x9CFF, 0x9CFF, 0x9CFF, 0x7CFF, 0x9CFF, 0xBCFF, 0x7CFF, 
    0x9CFF, 0x5CE7, 0xB374, 0x3B9E, 0x1EBF, 0xFCBE, 0xFDBE, 0xFDBE, 0xFDBE, 0xFDBE, 0xFDBE, 0xFDBE, 
    0xFDBE, 0xFDBE, 0xFDBE, 0xFDBE, 0xFDBE, 0xFDBE, 0xFDBE, 0xFDBE, 0xFDBE, 0xFDBE, 0xFDBE, 0xFDBE, 
    0xFDBE, 0xFDBE, 0x1DBF, 0x9BAE, 
    0xA631, 0x5AAE, 0x3EBF, 0xFDBE, 0xFDBE, 0x1DBF, 0x1DB7, 0xFEBE, 
    0xFDBE, 0x1DB7, 0xFDBE, 0xFDBE, 0xFDBE, 0xFDBE, 0xFDBE, 0xFDBE, 0xFDBE, 0xFDBE, 0xFDBE, 0x1DB7, 
    0xFDBE, 0xFDBE, 0xFDBE, 0x1DBF, 0xFDBE, 0xDDB6, 0xF574, 0x38B6, 0xBDFF, 0x9CFF, 0x9CFF, 0x9CFF, 
    0x9CFF, 0x9CFF, 0x9CFF, 0x9CFF, 0x9CFF, 0x9CFF, 0x9CFF, 0x9CFF, 0x9CFF, 0x9CFF, 0x9CFF, 0x9CFF, 
    0x9CFF, 0x9CFF, 0x9CFF, 0x9CFF, 0x9CFF, 0x9BFF, 0x9CFF, 0x9CFF, 0x9CFF, 0x9CFF, 0x9CFF, 0x9CFF, 
    0x9CFF, 0x9DF7, 0x9CFF, 0x9CFF, 0x9CFF, 0x9CFF, 0x9CFF, 0x9CFF, 0x9CFF, 0x9CFF, 0x9CFF, 0x9CFF, 
    0x9BFF, 0x3454, 0xD002, 0x0F1B, 0xEF12, 0xF112, 0xF01A, 0xF01A, 0x1013, 0x1013, 0xF012, 0xEF12, 
    0xEF1A, 0xF012, 0x1013, 0x1013, 0xEF12, 0xEE2A, 0x3A9E, 0xFDCE, 0xBBCE, 0xDBCE, 0xBBCE, 0xBBCE, 
    0xDCCE, 0xFDC6, 0x5464, 0xAF1A, 0xF012, 0xF012, 0xF012, 0xF012, 0xF012, 0xF012, 0xF012, 0xF012, 
    0xF012, 0xF012, 0xF012, 0x1013, 0xAF0A, 0x1254, 0xDEFF, 0x7BFF, 0x9CFF, 0x9CFF, 0x9BFF, 0x9BFF, 
    0x9CFF, 0x9CFF, 0x9CFF, 0x9CFF, 0x9CFF, 0x9CFF, 0x9CFF, 0x9CFF, 0x9CFF, 0x9CFF, 0x9CFF, 0x9CFF, 
    0x9CFF, 0x9CFF, 0x9CFF, 0x9CFF, 0x9CFF, 0x9CFF, 0x9CFF, 0x9CFF, 0x9CFF, 0x9CFF, 0x9CFF, 0x9CFF, 
    0x9CFF, 0x9CFF, 0x9CFF, 0x9CFF, 0x9CFF, 0x9CFF, 0x9CFF, 0x9CFF, 0x9CFF, 0x9CFF, 0x9CFF, 0x9CFF, 
    0x9CFF, 0x9CFF, 0x9CFF, 0x9CFF, 0x9CFF, 0x9CFF, 0x9CFF, 0x9CFF, 0x9CFF, 0x9CFF, 0x9CFF, 0x9CFF, 
    0x9CFF, 0x9CFF, 0x9CFF, 0x9CFF, 0x9CFF, 0x9CFF, 0x9CFF, 0x9CFF, 0x9CFF, 0x9BFF, 0x7DEF, 0xF343, 
    0xAE12, 0x1013, 0xF012, 0xF012, 0xF012, 0x1013, 0x1013, 0xF012, 0xF01A, 0xF01A, 0xF01A, 0xF01A, 
    0xF01A, 0xF11A, 0xCF1A, 0x0F33, 0xDBCE, 0xBEFF, 0x9CFF, 0xBDFF, 0x9EF7, 0x9DFF, 0x7CFF, 0xDEFF, 
    0x535C, 0xAF0A, 0x111B, 0xCF22, 0xF012, 0xF012, 0xF012, 0xF012, 0xF012, 0xF012, 0xF012, 0xF012, 
    0xF012, 0x101B, 0xAE0A, 0x946C, 0xBDFF, 0xBBFF, 0x9BFF, 0x7BFF, 0x9CFF, 0x7CFF, 0x9BFF, 0xBCF7, 
    0x9EF7, 0xBDF7, 0xBDF7, 0xBCF7, 0x9DFF, 0x9CFF, 0x9CFF, 0x9BFF, 0x9BFF, 0x9CFF, 0x9CFF, 0x9CFF, 
    0x9CFF, 0x9CFF, 0x9CFF, 0x9CFF, 0x9CFF, 0x9CFF, 0x9CFF, 0x9CFF, 0x9CFF, 0x9CFF, 0x9CFF, 0x9CFF, 
    0x9CFF, 0x9CFF, 0x9CFF, 0x9CFF, 0x7CFF, 0x9CFF, 0xBCFF, 0x7CFF, 0x9CFF, 0x5CE7, 0xB374, 0x3B9E, 
    0x1EBF, 0xFCBE, 0xFDBE, 0xFDBE, 0xFDBE, 0xFDBE, 0xFDBE, 0xFDBE, 0xFDBE, 0xFDBE, 0xFDBE, 0xFDBE, 
    0xFDBE, 0xFDBE, 0xFDBE, 0xFDBE, 0xFDBE, 0xFDBE, 0xFDBE, 0xFDBE, 0xFDBE, 0xFDBE, 0x1DBF, 0x9BAE, 
    
    0xA631, 0x5AAE, 0x3EBF, 0xFDBE, 0xFDBE, 0x1DBF, 0x1DB7, 0xFEBE, 0xFDBE, 0x1DB7, 0xFDBE, 0xFDBE, 
    0xFDBE, 0xFDBE, 0xFDBE, 0xFDBE, 0xFDBE, 0xFDBE, 0xFDBE, 0x1DB7, 0xFDBE, 0xFDBE, 0xFDBE, 0x1DBF, 
    0xFDBE, 0xDDB6, 0xF574, 0x38B6, 0xBDFF, 0x9CFF, 0x9CFF, 0x9CFF, 0x9CFF, 0x9CFF, 0x9CFF, 0x9CFF, 
    0x9CFF, 0x9CFF, 0x9CFF, 0x9CFF, 0x9CFF, 0x9CFF, 0x9CFF, 0x9CFF, 0x9CFF, 0x9CFF, 0x9CFF, 0x9CFF, 
    0x9CFF, 0x9CFF, 0x9CFF, 0x9CFF, 0x9CFF, 0x9BFF, 0x7BFF, 0x7BFF, 0x9BFF, 0x9BFF, 0x9CFF, 0x9CFF, 
    0x9CFF, 0x9CFF, 0x9CFF, 0x9CFF, 0x9CFF, 0x9CFF, 0x9CFF, 0x7BFF, 0x9BFF, 0x3454, 0xD102, 0x0F1B, 
    0xEF1A, 0xF012, 0xF01A, 0xF01A, 0x1013, 0x1013, 0xF012, 0xF012, 0xF01A, 0xF012, 0x1013, 0xF012, 
    0xEF1A, 0xCD2A, 0x1CC7, 0xFFFF, 0xDDFF, 0xDDFF, 0xDDFF, 0xDDFF, 0xDEF7, 0xFFF7, 0xD474, 0xAD12, 
    0x1013, 0xF012, 0xF012, 0xF012, 0xF012, 0xF012, 0xF012, 0xF012, 0xF012, 0xF012, 0xF012, 0x1113, 
    0xAF0A, 0x1254, 0xDEFF, 0x7BFF, 0x9CFF, 0x9CFF, 0x9BFF, 0x9BFF, 0x9CFF, 0x9CFF, 0x9CFF, 0x9CFF, 
    0x9CFF, 0x9CFF, 0x9CFF, 0x9CFF, 0x9CFF, 0x9CFF, 0x9CFF, 0x9CFF, 0x9CFF, 0x9CFF, 0x9CFF, 0x9CFF, 
    0x9CFF, 0x9CFF, 0x9CFF, 0x9CFF, 0x9CFF, 0x9CFF, 0x9CFF, 0x9CFF, 0x9CFF, 0x9CFF, 0x9CFF, 0x9CFF, 
    0x9CFF, 0x9CFF, 0x9CFF, 0x9CFF, 0x9CFF, 0x9CFF, 0x9CFF, 0x9CFF, 0x9CFF, 0x9CFF, 0x9CFF, 0x9CFF, 
    0x9CFF, 0x9CFF, 0x9CFF, 0x9CFF, 0x9CFF, 0x9CFF, 0x9CFF, 0x9CFF, 0x9CFF, 0x9CFF, 0x9CFF, 0x9CFF, 
    0x9CFF, 0x7CFF, 0x7CFF, 0x9CFF, 0x7CFF, 0x9BFF, 0x7DF7, 0xF343, 0xAE12, 0x1013, 0xF012, 0xF012, 
    0xF012, 0x1013, 0x0F13, 0xEF1A, 0x1013, 0x300B, 0x0F13, 0x100B, 0x100B, 0x300B, 0xEF0A, 0x2E2B, 
    0xFBC6, 0xDDFF, 0x9BFF, 0x9DF7, 0x9EF7, 0x9DFF, 0x7BFF, 0xDEF7, 0x7354, 0xD002, 0x1213, 0xF012, 
    0xF012, 0xF012, 0xF012, 0xF012, 0xF012, 0xF012, 0xF012, 0xF012, 0xF012, 0x101B, 0xAF0A, 0x9464, 
    0xBDFF, 0xBBF7, 0xBCF7, 0x7CFF, 0x7CFF, 0x7DFF, 0x9BFF, 0x7BFF, 0x7BFF, 0x9BFF, 0x9BFF, 0x9BFF, 
    0x9BFF, 0x7CFF, 0x9CFF, 0x9CFF, 0xBBFF, 0x9CFF, 0x9CFF, 0x9CFF, 0x9CFF, 0x9CFF, 0x9CFF, 0x9CFF, 
    0x9CFF, 0x9CFF, 0x9CFF, 0x9CFF, 0x9CFF, 0x9CFF, 0x9CFF, 0x9CFF, 0x9CFF, 0x9CFF, 0x9CFF, 0x9CFF, 
    0x7CFF, 0x9CFF, 0xBCFF, 0x7CFF, 0x9CFF, 0x5CE7, 0xB374, 0x3B9E, 0x1EBF, 0xFCBE, 0xFDBE, 0xFDBE, 
    0xFDBE, 0xFDBE, 0xFDBE, 0xFDBE, 0xFDBE, 0xFDBE, 0xFDBE, 0xFDBE, 0xFDBE, 0xFDBE, 0xFDBE, 0xFDBE, 
    0xFDBE, 0xFDBE, 0xFDBE, 0xFDBE, 0xFDBE, 0xFDBE, 0x1DBF, 0x9BAE, 
    0xA631, 0x5AAE, 0x3EBF, 0xFDBE, 
    0xFDBE, 0x1DBF, 0x1DB7, 0xFEBE, 0xFDBE, 0x1DB7, 0xFDBE, 0xFDBE, 0xFDBE, 0xFDBE, 0xFDBE, 0xFDBE, 
    0xFDBE, 0xFDBE, 0xFDBE, 0x1DB7, 0x1DBF, 0xFDBE, 0xFDBE, 0xFDBE, 0xFDBE, 0xDDB6, 0xF574, 0x39B6, 
    0xBCFF, 0x9BFF, 0x9CFF, 0x9CFF, 0x9CFF, 0x9CFF, 0x9CFF, 0x9CFF, 0x9CFF, 0x9CFF, 0x9CFF, 0x9CFF, 
    0x9CFF, 0x9CFF, 0x9CFF, 0x9CFF, 0x9CFF, 0x9CFF, 0x9CFF, 0x9CFF, 0x9CFF, 0x9CFF, 0x9CFF, 0x9CFF, 
    0x9CFF, 0x9CFF, 0x9CFF, 0x9CFF, 0x9CFF, 0x9CFF, 0x9CFF, 0x9CFF, 0x9CFF, 0x9CFF, 0x9CFF, 0x9CFF, 
    0x9CFF, 0x9CFF, 0x9CFF, 0x9BFF, 0xBCFF, 0x3354, 0xD00A, 0xF01A, 0xF012, 0x1013, 0xEF12, 0xF01A, 
    0xF012, 0x0F13, 0xF012, 0xF01A, 0x1013, 0x1013, 0xF012, 0xEF1A, 0xF012, 0x1013, 0xDAC6, 0xBCFF, 
    0x7DF7, 0xBCF7, 0xBCF7, 0x7DFF, 0x9DF7, 0xBDFF, 0xB474, 0xCF02, 0x1013, 0xF012, 0xF012, 0xF012, 
    0xF012, 0xF012, 0xF012, 0xF012, 0xF012, 0xF012, 0xF012, 0x1013, 0xAF0A, 0x1254, 0xFEFF, 0x7BFF, 
    0x9CFF, 0x9CFF, 0x9CFF, 0x9CFF, 0x9CFF, 0x9CFF, 0x9CFF, 0x9CFF, 0x9CFF, 0x9CFF, 0x9CFF, 0x9CFF, 
    0x9CFF, 0x9CFF, 0x9CFF, 0x9CFF, 0x9CFF, 0x9CFF, 0x9CFF, 0x9CFF, 0x9CFF, 0x9CFF, 0x9CFF, 0x9CFF, 
    0x9CFF, 0x9CFF, 0x9CFF, 0x9CFF, 0x9CFF, 0x9CFF, 0x9CFF, 0x9CFF, 0x9CFF, 0x9CFF, 0x9CFF, 0x9CFF, 
    0x9CFF, 0x9CFF, 0x9CFF, 0x9CFF, 0x9CFF, 0x9CFF, 0x9CFF, 0x9CFF, 0x9CFF, 0x9CFF, 0x9CFF, 0x9CFF, 
    0x9CFF, 0x9CFF, 0x9CFF, 0x9CFF, 0x9CFF, 0x9CFF, 0x9CFF, 0x9CFF, 0x9CFF, 0x9CFF, 0x9CFF, 0x9CFF, 
    0x9CFF, 0x9CFF, 0x7CF7, 0xF24B, 0xAF0A, 0x1113, 0xEF12, 0xEF1A, 0x1013, 0x1013, 0xF012, 0xF012, 
    0xF012, 0x1013, 0xF012, 0xF012, 0x1013, 0x0F1B, 0x1013, 0x3123, 0xDBCE, 0xDDFF, 0x9CF7, 0x9CF7, 
    0x9CFF, 0xBDF7, 0x9CF7, 0xDDFF, 0x545C, 0xD002, 0x1013, 0xEF12, 0xF012, 0xF012, 0xF012, 0xF012, 
    0xF012, 0xF012, 0xF012, 0xF012, 0xF012, 0x101B, 0xAF0A, 0xB464, 0xBCFF, 0x7CFF, 0x9CFF, 0x9BFF, 
    0x9CFF, 0x7CFF, 0x9CFF, 0x9CFF, 0x9BFF, 0x9CFF, 0x9CFF, 0x9CFF, 0x9CFF, 0x9CFF, 0x9CFF, 0x9CFF, 
    0x9CFF, 0x9CFF, 0x9CFF, 0x9CFF, 0x9CFF, 0x9CFF, 0x9CFF, 0x9CFF, 0x9CFF, 0x9CFF, 0x9CFF, 0x9CFF, 
    0x9CFF, 0x9CFF, 0x9CFF, 0x9CFF, 0x9CFF, 0x9CFF, 0x9CFF, 0x9CFF, 0x7CFF, 0x9CFF, 0xBCFF, 0x7CFF, 
    0x9CFF, 0x5CE7, 0xD374, 0x3B9E, 0x1EBF, 0xFCBE, 0xFDBE, 0xFDBE, 0xFDBE, 0xFDBE, 0xFDBE, 0xFDBE, 
    0xFDBE, 0xFDBE, 0xFDBE, 0xFDBE, 0xFDBE, 0xFDBE, 0xFDBE, 0xFDBE, 0xFDBE, 0xFDBE, 0xFDBE, 0xFDBE, 
    0xFDBE, 0xFDBE, 0x1DBF, 0x9BAE, 
    0xA631, 0x5AAE, 0x3EBF, 0xFDBE, 0xFDBE, 0x1DBF, 0x1DB7, 0xFEBE, 
    0xFDBE, 0x1DB7, 0xFDBE, 0xFDBE, 0xFDBE, 0xFDBE, 0xFDBE, 0xFDBE, 0xFDBE, 0xFDBE, 0xFDBE, 0x1DB7, 
    0x1DBF, 0xFDBE, 0xFDBE, 0xFDBE, 0xFDBE, 0xDDB6, 0xF574, 0x39B6, 0xBCFF, 0x9BFF, 0x9CFF, 0x9CFF, 
    0x9CFF, 0x9CFF, 0x9CFF, 0x9CFF, 0x9CFF, 0x9CFF, 0x9CFF, 0x9CFF, 0x9CFF, 0x9CFF, 0x9CFF, 0x9CFF, 
    0x9CFF, 0x9CFF, 0x9CFF, 0x9CFF, 0x9CFF, 0x9CFF, 0x9CFF, 0x9CFF, 0x9CFF, 0x9CFF, 0x9CFF, 0x9CFF, 
    0x9CFF, 0x9CFF, 0x9CFF, 0x9CFF, 0x9CFF, 0x9CFF, 0x9CFF, 0x9CFF, 0x9CFF, 0x9CFF, 0x9CFF, 0x9BFF, 
    0xBCFF, 0x3354, 0xD00A, 0xF01A, 0xF012, 0x1013, 0xEF12, 0xF01A, 0xF012, 0x0F13, 0xF012, 0xF01A, 
    0x1013, 0x1013, 0xF012, 0xEF1A, 0xF012, 0x1013, 0xDACE, 0xBDFF, 0x9DFF, 0xBCF7, 0xBCF7, 0x7DFF, 
    0x9DF7, 0xDDFF, 0xB474, 0xCF02, 0x1013, 0xF012, 0xF012, 0xF012, 0xF012, 0xF012, 0xF012, 0xF012, 
    0xF012, 0xF012, 0xF012, 0x1013, 0xAF0A, 0x1254, 0xFEFF, 0x7BFF, 0x9CFF, 0x9CFF, 0x9CFF, 0x9CFF, 
    0x9CFF, 0x9CFF, 0x9CFF, 0x9CFF, 0x9CFF, 0x9CFF, 0x9CFF, 0x9CFF, 0x9CFF, 0x9CFF, 0x9CFF, 0x9CFF, 
    0x9CFF, 0x9CFF, 0x9CFF, 0x9CFF, 0x9CFF, 0x9CFF, 0x9CFF, 0x9CFF, 0x9CFF, 0x9CFF, 0x9CFF, 0x9CFF, 
    0x9CFF, 0x9CFF, 0x9CFF, 0x9CFF, 0x9CFF, 0x9CFF, 0x9CFF, 0x9CFF, 0x9CFF, 0x9CFF, 0x9CFF, 0x9CFF, 
    0x9CFF, 0x9CFF, 0x9CFF, 0x9CFF, 0x9CFF, 0x9CFF, 0x9CFF, 0x9CFF, 0x9CFF, 0x9CFF, 0x9CFF, 0x9CFF, 
    0x9CFF, 0x9CFF, 0x9CFF, 0x9CFF, 0x9CFF, 0x9CFF, 0x9CFF, 0x9CFF, 0x9CFF, 0x9CFF, 0x7CF7, 0xF24B, 
    0xAF0A, 0x1113, 0xEF12, 0xEF1A, 0x1013, 0x1013, 0xF012, 0xF012, 0xF012, 0x1013, 0xF012, 0xF012, 
    0x1013, 0xEF1A, 0xF012, 0x3123, 0xDBCE, 0xDDFF, 0x9CF7, 0x9CFF, 0x9CFF, 0xBDF7, 0x9CF7, 0xDDFF, 
    0x545C, 0xD002, 0x101B, 0xEF12, 0xF012, 0xF012, 0xF012, 0xF012, 0xF012, 0xF012, 0xF012, 0xF012, 
    0xF012, 0x101B, 0xAF0A, 0xB464, 0xBCFF, 0x7CFF, 0x9CFF, 0x9BFF, 0x9CFF, 0x7CFF, 0x9CFF, 0x9CFF, 
    0x9CFF, 0x9CFF, 0x9CFF, 0x9CFF, 0x9CFF, 0x9CFF, 0x9CFF, 0x9CFF, 0x9CFF, 0x9CFF, 0x9CFF, 0x9CFF, 
    0x9CFF, 0x9CFF, 0x9CFF, 0x9CFF, 0x9CFF, 0x9CFF, 0x9CFF, 0x9CFF, 0x9CFF, 0x9CFF, 0x9CFF, 0x9CFF, 
    0x9CFF, 0x9CFF, 0x9CFF, 0x9CFF, 0x7CFF, 0x9CFF, 0xBCFF, 0x7CFF, 0x9CFF, 0x5CE7, 0xD374, 0x3B9E, 
    0x1EBF, 0xFCBE, 0xFDBE, 0xFDBE, 0xFDBE, 0xFDBE, 0xFDBE, 0xFDBE, 0xFDBE, 0xFDBE, 0xFDBE, 0xFDBE, 
    0xFDBE, 0xFDBE, 0xFDBE, 0xFDBE, 0xFDBE, 0xFDBE, 0xFDBE, 0xFDBE, 0xFDBE, 0xFDBE, 0x1DBF, 0x9BAE, 
    
    0xA631, 0x5AAE, 0x3EBF, 0xFDBE, 0xFDBE, 0x1DBF, 0x1DB7, 0xFEBE, 0xFDBE, 0x1DB7, 0xFDBE, 0xFDBE, 
    0xFDBE, 0xFDBE, 0xFDBE, 0xFDBE, 0xFDBE, 0xFDBE, 0xFDBE, 0x1DB7, 0x1DBF, 0xFDBE, 0xFDBE, 0xFDBE, 
    0xFDBE, 0xDDB6, 0xF574, 0x39B6, 0xBCFF, 0x9BFF, 0x9CFF, 0x9CFF, 0x9CFF, 0x9CFF, 0x9CFF, 0x9CFF, 
    0x9CFF, 0x9CFF, 0x9CFF, 0x9CFF, 0x9CFF, 0x9CFF, 0x9CFF, 0x9CFF, 0x9CFF, 0x9CFF, 0x9CFF, 0x9CFF, 
    0x9CFF, 0x9CFF, 0x9CFF, 0x9CFF, 0x9CFF, 0x9CFF, 0x9CFF, 0x9CFF, 0x9CFF, 0x9CFF, 0x9CFF, 0x9CFF, 
    0x9CFF, 0x9CFF, 0x9CFF, 0x9CFF, 0x9CFF, 0x9CFF, 0x9CFF, 0x9BFF, 0xBCFF, 0x3354, 0xD00A, 0xF01A, 
    0xF012, 0x1013, 0xEF12, 0xF01A, 0xF012, 0x0F13, 0xF012, 0xF01A, 0x1013, 0x1013, 0xF012, 0xEF1A, 
    0xF012, 0x1013, 0xDACE, 0xBDFF, 0x9DFF, 0xBCF7, 0xBCF7, 0x7DFF, 0x9DF7, 0xDDFF, 0xB474, 0xCF02, 
    0x1013, 0xF012, 0xF012, 0xF012, 0xF012, 0xF012, 0xF012, 0xF012, 0xF012, 0xF012, 0xF012, 0x1013, 
    0xAF0A, 0x1254, 0xFEFF, 0x7BFF, 0x9CFF, 0x9CFF, 0x9CFF, 0x9CFF, 0x9CFF, 0x9CFF, 0x9CFF, 0x9CFF, 
    0x9CFF, 0x9CFF, 0x9CFF, 0x9CFF, 0x9CFF, 0x9CFF, 0x9CFF, 0x9CFF, 0x9CFF, 0x9CFF, 0x9CFF, 0x9CFF, 
    0x9CFF, 0x9CFF, 0x9CFF, 0x9CFF, 0x9CFF, 0x9CFF, 0x9CFF, 0x9CFF, 0x9CFF, 0x9CFF, 0x9CFF, 0x9CFF, 
    0x9CFF, 0x9CFF, 0x9CFF, 0x9CFF, 0x9CFF, 0x9CFF, 0x9CFF, 0x9CFF, 0x9CFF, 0x9CFF, 0x9CFF, 0x9CFF, 
    0x9CFF, 0x9CFF, 0x9CFF, 0x9CFF, 0x9CFF, 0x9CFF, 0x9CFF, 0x9CFF, 0x9CFF, 0x9CFF, 0x9CFF, 0x9CFF, 
    0x9CFF, 0x9CFF, 0x9CFF, 0x9CFF, 0x9CFF, 0x9CFF, 0x7CF7, 0xF24B, 0xAF0A, 0x1113, 0xEF12, 0xEF1A, 
    0x1013, 0x1013, 0xF012, 0xF012, 0xF012, 0x1013, 0xF012, 0xF012, 0x1013, 0xEF1A, 0xF012, 0x3123, 
    0xDBCE, 0xDDFF, 0x9CF7, 0x9CFF, 0x9CFF, 0xBDF7, 0x9CF7, 0xDDFF, 0x545C, 0xD002, 0x101B, 0xEF12, 
    0xF012, 0xF012, 0xF012, 0xF012, 0xF012, 0xF012, 0xF012, 0xF012, 0xF012, 0x101B, 0xAF0A, 0xB464, 
    0xBCFF, 0x7CFF, 0x9CFF, 0x9BFF, 0x9CFF, 0x7CFF, 0x9CFF, 0x9CFF, 0x9CFF, 0x9CFF, 0x9CFF, 0x9CFF, 
    0x9CFF, 0x9CFF, 0x9CFF, 0x9CFF, 0x9CFF, 0x9CFF, 0x9CFF, 0x9CFF, 0x9CFF, 0x9CFF, 0x9CFF, 0x9CFF, 
    0x9CFF, 0x9CFF, 0x9CFF, 0x9CFF, 0x9CFF, 0x9CFF, 0x9CFF, 0x9CFF, 0x9CFF, 0x9CFF, 0x9CFF, 0x9CFF, 
    0x7CFF, 0x9CFF, 0xBCFF, 0x7CFF, 0x9CFF, 0x5CE7, 0xD374, 0x3B9E, 0x1EBF, 0xFCBE, 0xFDBE, 0xFDBE, 
    0xFDBE, 0xFDBE, 0xFDBE, 0xFDBE, 0xFDBE, 0xFDBE, 0xFDBE, 0xFDBE, 0xFDBE, 0xFDBE, 0xFDBE, 0xFDBE, 
    0xFDBE, 0xFDBE, 0xFDBE, 0xFDBE, 0xFDBE, 0xFDBE, 0x1DBF, 0x9BAE, 
    0xA631, 0x5AAE, 0x3EBF, 0xFDBE, 
    0xFDBE, 0x1DBF, 0x1DB7, 0xFEBE, 0xFDBE, 0x1DB7, 0xFDBE, 0xFDBE, 0xFDBE, 0xFDBE, 0xFDBE, 0xFDBE, 
    0xFDBE, 0xFDBE, 0xFDBE, 0x1DB7, 0x1DBF, 0xFDBE, 0xFDBE, 0xFDBE, 0xFDBE, 0xDDB6, 0xF574, 0x39B6, 
    0xBCFF, 0x9BFF, 0x9CFF, 0x9CFF, 0x9CFF, 0x9CFF, 0x9CFF, 0x9CFF, 0x9CFF, 0x9CFF, 0x9CFF, 0x9CFF, 
    0x9CFF, 0x9CFF, 0x9CFF, 0x9CFF, 0x9CFF, 0x9CFF, 0x9CFF, 0x9CFF, 0x9CFF, 0x9CFF, 0x9CFF, 0x9CFF, 
    0x9CFF, 0x9CFF, 0x9CFF, 0x9CFF, 0x9CFF, 0x9CFF, 0x9CFF, 0x9CFF, 0x9CFF, 0x9CFF, 0x9CFF, 0x9CFF, 
    0x9CFF, 0x9CFF, 0x9CFF, 0x9BFF, 0xBCFF, 0x3354, 0xD00A, 0xF01A, 0xF012, 0x1013, 0xEF12, 0xF01A, 
    0xF012, 0x0F13, 0xF012, 0xF01A, 0x1013, 0x1013, 0xF012, 0xEF1A, 0xF012, 0x1013, 0xDACE, 0xBDFF, 
    0x9DFF, 0xBCF7, 0xBCF7, 0x7DFF, 0x9DF7, 0xDDFF, 0xB474, 0xCF02, 0x1013, 0xF012, 0xF012, 0xF012, 
    0xF012, 0xF012, 0xF012, 0xF012, 0xF012, 0xF012, 0xF012, 0x1013, 0xAF0A, 0x1254, 0xFEFF, 0x7BFF, 
    0x9CFF, 0x9CFF, 0x9CFF, 0x9CFF, 0x9CFF, 0x9CFF, 0x9CFF, 0x9CFF, 0x9CFF, 0x9CFF, 0x9CFF, 0x9CFF, 
    0x9CFF, 0x9CFF, 0x9CFF, 0x9CFF, 0x9CFF, 0x9CFF, 0x9CFF, 0x9CFF, 0x9CFF, 0x9CFF, 0x9CFF, 0x9CFF, 
    0x9CFF, 0x9CFF, 0x9CFF, 0x9CFF, 0x9CFF, 0x9CFF, 0x9CFF, 0x9CFF, 0x9CFF, 0x9CFF, 0x9CFF, 0x9CFF, 
    0x9CFF, 0x9CFF, 0x9CFF, 0x9CFF, 0x9CFF, 0x9CFF, 0x9CFF, 0x9CFF, 0x9CFF, 0x9CFF, 0x9CFF, 0x9CFF, 
    0x9CFF, 0x9CFF, 0x9CFF, 0x9CFF, 0x9CFF, 0x9CFF, 0x9CFF, 0x9CFF, 0x9CFF, 0x9CFF, 0x9CFF, 0x9CFF, 
    0x9CFF, 0x9CFF, 0x7CF7, 0xF24B, 0xAF0A, 0x1113, 0xEF12, 0xEF1A, 0x1013, 0x1013, 0xF012, 0xF012, 
    0xF012, 0x1013, 0xF012, 0xF012, 0x1013, 0xEF1A, 0xF012, 0x3123, 0xDBCE, 0xDDFF, 0x9CF7, 0x9CFF, 
    0x9CFF, 0xBDF7, 0x9CF7, 0xDDFF, 0x545C, 0xD002, 0x101B, 0xEF12, 0xF012, 0xF012, 0xF012, 0xF012, 
    0xF012, 0xF012, 0xF012, 0xF012, 0xF012, 0x101B, 0xAF0A, 0xB464, 0xBCFF, 0x7CFF, 0x9CFF, 0x9BFF, 
    0x9CFF, 0x7CFF, 0x9CFF, 0x9CFF, 0x9CFF, 0x9CFF, 0x9CFF, 0x9CFF, 0x9CFF, 0x9CFF, 0x9CFF, 0x9CFF, 
    0x9CFF, 0x9CFF, 0x9CFF, 0x9CFF, 0x9CFF, 0x9CFF, 0x9CFF, 0x9CFF, 0x9CFF, 0x9CFF, 0x9CFF, 0x9CFF, 
    0x9CFF, 0x9CFF, 0x9CFF, 0x9CFF, 0x9CFF, 0x9CFF, 0x9CFF, 0x9CFF, 0x7CFF, 0x9CFF, 0xBCFF, 0x7CFF, 
    0x9CFF, 0x5CE7, 0xD374, 0x3B9E, 0x1EBF, 0xFCBE, 0xFDBE, 0xFDBE, 0xFDBE, 0xFDBE, 0xFDBE, 0xFDBE, 
    0xFDBE, 0xFDBE, 0xFDBE, 0xFDBE, 0xFDBE, 0xFDBE, 0xFDBE, 0xFDBE, 0xFDBE, 0xFDBE, 0xFDBE, 0xFDBE, 
    0xFDBE, 0xFDBE, 0x1DBF, 0x9BAE, 
    0xA631, 0x5AAE, 0x3EBF, 0xFDBE, 0xFDBE, 0x1DBF, 0x1DB7, 0xFEBE, 
    0xFDBE, 0x1DB7, 0xFDBE, 0xFDBE, 0xFDBE, 0xFDBE, 0xFDBE, 0xFDBE, 0xFDBE, 0xFDBE, 0xFDBE, 0x1DB7, 
    0x1DBF, 0xFDBE, 0xFDBE, 0xFDBE, 0xFDBE, 0xDDB6, 0xF574, 0x39B6, 0xBCFF, 0x9BFF, 0x9CFF, 0x9CFF, 
    0x9CFF, 0x9CFF, 0x9CFF, 0x9CFF, 0x9CFF, 0x9CFF, 0x9CFF, 0x9CFF, 0x9CFF, 0x9CFF, 0x9CFF, 0x9CFF, 
    0x9CFF, 0x9CFF, 0x9CFF, 0x9CFF, 0x9CFF, 0x9CFF, 0x9CFF, 0x9CFF, 0x9CFF, 0x9CFF, 0x9CFF, 0x9CFF, 
    0x9CFF, 0x9CFF, 0x9CFF, 0x9CFF, 0x9CFF, 0x9CFF, 0x9CFF, 0x9CFF, 0x9CFF, 0x9CFF, 0x9CFF, 0x9BFF, 
    0xBCFF, 0x3354, 0xD00A, 0xF01A, 0xF012, 0x1013, 0xEF12, 0xF01A, 0xF012, 0x0F13, 0xF012, 0xF01A, 
    0x1013, 0x1013, 0xF012, 0xEF1A, 0xF012, 0x1013, 0xDACE, 0xBDFF, 0x9DFF, 0xBCF7, 0xBCF7, 0x7DFF, 
    0x9DF7, 0xDDFF, 0xB474, 0xCF02, 0x1013, 0xF012, 0xF012, 0xF012, 0xF012, 0xF012, 0xF012, 0xF012, 
    0xF012, 0xF012, 0xF012, 0x1013, 0xAF0A, 0x1254, 0xFEFF, 0x7BFF, 0x9CFF, 0x9CFF, 0x9CFF, 0x9CFF, 
    0x9CFF, 0x9CFF, 0x9CFF, 0x9CFF, 0x9CFF, 0x9CFF, 0x9CFF, 0x9CFF, 0x9CFF, 0x9CFF, 0x9CFF, 0x9CFF, 
    0x9CFF, 0x9CFF, 0x9CFF, 0x9CFF, 0x9CFF, 0x9CFF, 0x9CFF, 0x9CFF, 0x9CFF, 0x9CFF, 0x9CFF, 0x9CFF, 
    0x9CFF, 0x9CFF, 0x9CFF, 0x9CFF, 0x9CFF, 0x9CFF, 0x9CFF, 0x9CFF, 0x9CFF, 0x9CFF, 0x9CFF, 0x9CFF, 
    0x9CFF, 0x9CFF, 0x9CFF, 0x9CFF, 0x9CFF, 0x9CFF, 0x9CFF, 0x9CFF, 0x9CFF, 0x9CFF, 0x9CFF, 0x9CFF, 
    0x9CFF, 0x9CFF, 0x9CFF, 0x9CFF, 0x9CFF, 0x9CFF, 0x9CFF, 0x9CFF, 0x9CFF, 0x9CFF, 0x7CF7, 0xF24B, 
    0xAF0A, 0x1113, 0xEF12, 0xEF1A, 0x1013, 0x1013, 0xF012, 0xF012, 0xF012, 0x1013, 0xF012, 0xF012, 
    0x1013, 0xEF1A, 0xF012, 0x3123, 0xDBCE, 0xDDFF, 0x9CF7, 0x9CFF, 0x9CFF, 0xBDF7, 0x9CF7, 0xDDFF, 
    0x545C, 0xD002, 0x101B, 0xEF12, 0xF012, 0xF012, 0xF012, 0xF012, 0xF012, 0xF012, 0xF012, 0xF012, 
    0xF012, 0x101B, 0xAF0A, 0xB464, 0xBCFF, 0x7CFF, 0x9CFF, 0x9BFF, 0x9CFF, 0x7CFF, 0x9CFF, 0x9CFF, 
    0x9CFF, 0x9CFF, 0x9CFF, 0x9CFF, 0x9CFF, 0x9CFF, 0x9CFF, 0x9CFF, 0x9CFF, 0x9CFF, 0x9CFF, 0x9CFF, 
    0x9CFF, 0x9CFF, 0x9CFF, 0x9CFF, 0x9CFF, 0x9CFF, 0x9CFF, 0x9CFF, 0x9CFF, 0x9CFF, 0x9CFF, 0x9CFF, 
    0x9CFF, 0x9CFF, 0x9CFF, 0x9CFF, 0x7CFF, 0x9CFF, 0xBCFF, 0x7CFF, 0x9CFF, 0x5CE7, 0xD374, 0x3B9E, 
    0x1EBF, 0xFCBE, 0xFDBE, 0xFDBE, 0xFDBE, 0xFDBE, 0xFDBE, 0xFDBE, 0xFDBE, 0xFDBE, 0xFDBE, 0xFDBE, 
    0xFDBE, 0xFDBE, 0xFDBE, 0xFDBE, 0xFDBE, 0xFDBE, 0xFDBE, 0xFDBE, 0xFDBE, 0xFDBE, 0x1DBF, 0x9BAE, 
    
    0xA631, 0x5AAE, 0x3EBF, 0xFDBE, 0xFDBE, 0x1DBF, 0x1DB7, 0xFEBE, 0xFDBE, 0x1DB7, 0xFDBE, 0xFDBE, 
    0xFDBE, 0xFDBE, 0xFDBE, 0xFDBE, 0xFDBE, 0xFDBE, 0xFDBE, 0x1DB7, 0x1DBF, 0xFDBE, 0xFDBE, 0xFDBE, 
    0xFDBE, 0xDDB6, 0xF574, 0x39B6, 0xBCFF, 0x9BFF, 0x9CFF, 0x9CFF, 0x9CFF, 0x9CFF, 0x9CFF, 0x9CFF, 
    0x9CFF, 0x9CFF, 0x9CFF, 0x9CFF, 0x9CFF, 0x9CFF, 0x9CFF, 0x9CFF, 0x9CFF, 0x9CFF, 0x9CFF, 0x9CFF, 
    0x9CFF, 0x9CFF, 0x9CFF, 0x9CFF, 0x9CFF, 0x9CFF, 0x9CFF, 0x9CFF, 0x9CFF, 0x9CFF, 0x9CFF, 0x9CFF, 
    0x9CFF, 0x9CFF, 0x9CFF, 0x9CFF, 0x9CFF, 0x9CFF, 0x9CFF, 0x9BFF, 0xBCFF, 0x3354, 0xD00A, 0xF01A, 
    0xF012, 0x1013, 0xEF12, 0xF01A, 0xF012, 0x0F13, 0xF012, 0xF01A, 0x1013, 0x1013, 0xF012, 0xEF1A, 
    0xF012, 0x1013, 0xDACE, 0xBDFF, 0x9DFF, 0xBCF7, 0xBCF7, 0x7DFF, 0x9DF7, 0xDDFF, 0xB474, 0xCF02, 
    0x1013, 0xF012, 0xF012, 0xF012, 0xF012, 0xF012, 0xF012, 0xF012, 0xF012, 0xF012, 0xF012, 0x1013, 
    0xAF0A, 0x1254, 0xFEFF, 0x7BFF, 0x9CFF, 0x9CFF, 0x9CFF, 0x9CFF, 0x9CFF, 0x9CFF, 0x9CFF, 0x9CFF, 
    0x9CFF, 0x9CFF, 0x9CFF, 0x9CFF, 0x9CFF, 0x9CFF, 0x9CFF, 0x9CFF, 0x9CFF, 0x9CFF, 0x9CFF, 0x9CFF, 
    0x9CFF, 0x9CFF, 0x9CFF, 0x9CFF, 0x9CFF, 0x9CFF, 0x9CFF, 0x9CFF, 0x9CFF, 0x9CFF, 0x9CFF, 0x9CFF, 
    0x9CFF, 0x9CFF, 0x9CFF, 0x9CFF, 0x9CFF, 0x9CFF, 0x9CFF, 0x9CFF, 0x9CFF, 0x9CFF, 0x9CFF, 0x9CFF, 
    0x9CFF, 0x9CFF, 0x9CFF, 0x9CFF, 0x9CFF, 0x9CFF, 0x9CFF, 0x9CFF, 0x9CFF, 0x9CFF, 0x9CFF, 0x9CFF, 
    0x9CFF, 0x9CFF, 0x9CFF, 0x9CFF, 0x9CFF, 0x9CFF, 0x7CF7, 0xF24B, 0xAF0A, 0x1113, 0xEF12, 0xEF1A, 
    0x1013, 0x1013, 0xF012, 0xF012, 0xF012, 0x1013, 0xF012, 0xF012, 0x1013, 0xEF1A, 0xF012, 0x3123, 
    0xDBCE, 0xDDFF, 0x9CF7, 0x9CFF, 0x9CFF, 0xBDF7, 0x9CF7, 0xDDFF, 0x545C, 0xD002, 0x101B, 0xEF12, 
    0xF012, 0xF012, 0xF012, 0xF012, 0xF012, 0xF012, 0xF012, 0xF012, 0xF012, 0x101B, 0xAF0A, 0xB464, 
    0xBCFF, 0x7CFF, 0x9CFF, 0x9BFF, 0x9CFF, 0x7CFF, 0x9CFF, 0x9CFF, 0x9CFF, 0x9CFF, 0x9CFF, 0x9CFF, 
    0x9CFF, 0x9CFF, 0x9CFF, 0x9CFF, 0x9CFF, 0x9CFF, 0x9CFF, 0x9CFF, 0x9CFF, 0x9CFF, 0x9CFF, 0x9CFF, 
    0x9CFF, 0x9CFF, 0x9CFF, 0x9CFF, 0x9CFF, 0x9CFF, 0x9CFF, 0x9CFF, 0x9CFF, 0x9CFF, 0x9CFF, 0x9CFF, 
    0x7CFF, 0x9CFF, 0xBCFF, 0x7CFF, 0x9CFF, 0x5CE7, 0xD374, 0x3B9E, 0x1EBF, 0xFCBE, 0xFDBE, 0xFDBE, 
    0xFDBE, 0xFDBE, 0xFDBE, 0xFDBE, 0xFDBE, 0xFDBE, 0xFDBE, 0xFDBE, 0xFDBE, 0xFDBE, 0xFDBE, 0xFDBE, 
    0xFDBE, 0xFDBE, 0xFDBE, 0xFDBE, 0xFDBE, 0xFDBE, 0x1DBF, 0x9BAE, 
    0xA631, 0x5AAE, 0x3EBF, 0xFDBE, 
    0xFDBE, 0x1DBF, 0x1DB7, 0xFEBE, 0xFDBE, 0x1DB7, 0xFDBE, 0xFDBE, 0xFDBE, 0xFDBE, 0xFDBE, 0xFDBE, 
    0xFDBE, 0xFDBE, 0xFDBE, 0x1DB7, 0x1DBF, 0xFDBE, 0xFDBE, 0xFDBE, 0xFDBE, 0xDDB6, 0xF574, 0x39B6, 
    0xBCFF, 0x9BFF, 0x9CFF, 0x9CFF, 0x9CFF, 0x9CFF, 0x9CFF, 0x9CFF, 0x9CFF, 0x9CFF, 0x9CFF, 0x9CFF, 
    0x9CFF, 0x9CFF, 0x9CFF, 0x9CFF, 0x9CFF, 0x9CFF, 0x9CFF, 0x9CFF, 0x9CFF, 0x9CFF, 0x9CFF, 0x9CFF, 
    0x9CFF, 0x9CFF, 0x9CFF, 0x9CFF, 0x9CFF, 0x9CFF, 0x9CFF, 0x9CFF, 0x9CFF, 0x9CFF, 0x9CFF, 0x9CFF, 
    0x9CFF, 0x9CFF, 0x9CFF, 0x9BFF, 0xBCFF, 0x3354, 0xD00A, 0xF01A, 0xF012, 0x1013, 0xEF12, 0xF01A, 
    0xF012, 0x0F13, 0xF012, 0xF01A, 0x1013, 0x1013, 0xF012, 0xEF1A, 0xF012, 0x1013, 0xDACE, 0xBDFF, 
    0x9DFF, 0xBCF7, 0xBCF7, 0x7DFF, 0x9DF7, 0xDDFF, 0xB474, 0xCF02, 0x1013, 0xF012, 0xF012, 0xF012, 
    0xF012, 0xF012, 0xF012, 0xF012, 0xF012, 0xF012, 0xF012, 0x1013, 0xAF0A, 0x1254, 0xFEFF, 0x7BFF, 
    0x9CFF, 0x9CFF, 0x9CFF, 0x9CFF, 0x9CFF, 0x9CFF, 0x9CFF, 0x9CFF, 0x9CFF, 0x9CFF, 0x9CFF, 0x9CFF, 
    0x9CFF, 0x9CFF, 0x9CFF, 0x9CFF, 0x9CFF, 0x9CFF, 0x9CFF, 0x9CFF, 0x9CFF, 0x9CFF, 0x9CFF, 0x9CFF, 
    0x9CFF, 0x9CFF, 0x9CFF, 0x9CFF, 0x9CFF, 0x9CFF, 0x9CFF, 0x9CFF, 0x9CFF, 0x9CFF, 0x9CFF, 0x9CFF, 
    0x9CFF, 0x9CFF, 0x9CFF, 0x9CFF, 0x9CFF, 0x9CFF, 0x9CFF, 0x9CFF, 0x9CFF, 0x9CFF, 0x9CFF, 0x9CFF, 
    0x9CFF, 0x9CFF, 0x9CFF, 0x9CFF, 0x9CFF, 0x9CFF, 0x9CFF, 0x9CFF, 0x9CFF, 0x9CFF, 0x9CFF, 0x9CFF, 
    0x9CFF, 0x9CFF, 0x7CF7, 0xF24B, 0xAF0A, 0x1113, 0xEF12, 0xEF1A, 0x1013, 0x1013, 0xF012, 0xF012, 
    0xF012, 0x1013, 0xF012, 0xF012, 0x1013, 0xEF1A, 0xF012, 0x3123, 0xDBCE, 0xDDFF, 0x9CF7, 0x9CFF, 
    0x9CFF, 0xBDF7, 0x9CF7, 0xDDFF, 0x545C, 0xD002, 0x101B, 0xEF12, 0xF012, 0xF012, 0xF012, 0xF012, 
    0xF012, 0xF012, 0xF012, 0xF012, 0xF012, 0x101B, 0xAF0A, 0xB464, 0xBCFF, 0x7CFF, 0x9CFF, 0x9BFF, 
    0x9CFF, 0x7CFF, 0x9CFF, 0x9CFF, 0x9CFF, 0x9CFF, 0x9CFF, 0x9CFF, 0x9CFF, 0x9CFF, 0x9CFF, 0x9CFF, 
    0x9CFF, 0x9CFF, 0x9CFF, 0x9CFF, 0x9CFF, 0x9CFF, 0x9CFF, 0x9CFF, 0x9CFF, 0x9CFF, 0x9CFF, 0x9CFF, 
    0x9CFF, 0x9CFF, 0x9CFF, 0x9CFF, 0x9CFF, 0x9CFF, 0x9CFF, 0x9CFF, 0x7CFF, 0x9CFF, 0xBCFF, 0x7CFF, 
    0x9CFF, 0x5CE7, 0xD374, 0x3B9E, 0x1EBF, 0xFCBE, 0xFDBE, 0xFDBE, 0xFDBE, 0xFDBE, 0xFDBE, 0xFDBE, 
    0xFDBE, 0xFDBE, 0xFDBE, 0xFDBE, 0xFDBE, 0xFDBE, 0xFDBE, 0xFDBE, 0xFDBE, 0xFDBE, 0xFDBE, 0xFDBE, 
    0xFDBE, 0xFDBE, 0x1DBF, 0x9BAE, 
    0xA631, 0x5AAE, 0x3EBF, 0xFDBE, 0xFDBE, 0x1DBF, 0x1DB7, 0xFEBE, 
    0xFDBE, 0x1DB7, 0xFDBE, 0xFDBE, 0xFDBE, 0xFDBE, 0xFDBE, 0xFDBE, 0xFDBE, 0xFDBE, 0xFDBE, 0x1DB7, 
    0x1DBF, 0xFDBE, 0xFDBE, 0xFDBE, 0xFDBE, 0xDDB6, 0xF574, 0x39B6, 0xBCFF, 0x9BFF, 0x9CFF, 0x9CFF, 
    0x9CFF, 0x9CFF, 0x9CFF, 0x9CFF, 0x9CFF, 0x9CFF, 0x9CFF, 0x9CFF, 0x9CFF, 0x9CFF, 0x9CFF, 0x9CFF, 
    0x9CFF, 0x9CFF, 0x9CFF, 0x9CFF, 0x9CFF, 0x9CFF, 0x9CFF, 0x9CFF, 0x9CFF, 0x9CFF, 0x9CFF, 0x9CFF, 
    0x9CFF, 0x9CFF, 0x9CFF, 0x9CFF, 0x9CFF, 0x9CFF, 0x9CFF, 0x9CFF, 0x9CFF, 0x9CFF, 0x9CFF, 0x9BFF, 
    0xBCFF, 0x3354, 0xD00A, 0xF01A, 0xF012, 0x1013, 0xEF12, 0xF01A, 0xF012, 0x0F13, 0xF012, 0xF01A, 
    0x1013, 0x1013, 0xF012, 0xEF1A, 0xF012, 0x1013, 0xDACE, 0xBDFF, 0x9DFF, 0xBCF7, 0xBCF7, 0x7DFF, 
    0x9DF7, 0xDDFF, 0xB474, 0xCF02, 0x1013, 0xF012, 0xF012, 0xF012, 0xF012, 0xF012, 0xF012, 0xF012, 
    0xF012, 0xF012, 0xF012, 0x1013, 0xAF0A, 0x1254, 0xFEFF, 0x7BFF, 0x9CFF, 0x9CFF, 0x9CFF, 0x9CFF, 
    0x9CFF, 0x9CFF, 0x9CFF, 0x9CFF, 0x9CFF, 0x9CFF, 0x9CFF, 0x9CFF, 0x9CFF, 0x9CFF, 0x9CFF, 0x9CFF, 
    0x9CFF, 0x9CFF, 0x9CFF, 0x9CFF, 0x9CFF, 0x9CFF, 0x9CFF, 0x9CFF, 0x9CFF, 0x9CFF, 0x9CFF, 0x9CFF, 
    0x9CFF, 0x9CFF, 0x9CFF, 0x9CFF, 0x9CFF, 0x9CFF, 0x9CFF, 0x9CFF, 0x9CFF, 0x9CFF, 0x9CFF, 0x9CFF, 
    0x9CFF, 0x9CFF, 0x9CFF, 0x9CFF, 0x9CFF, 0x9CFF, 0x9CFF, 0x9CFF, 0x9CFF, 0x9CFF, 0x9CFF, 0x9CFF, 
    0x9CFF, 0x9CFF, 0x9CFF, 0x9CFF, 0x9CFF, 0x9CFF, 0x9CFF, 0x9CFF, 0x9CFF, 0x9CFF, 0x7CF7, 0xF24B, 
    0xAF0A, 0x1113, 0xEF12, 0xEF1A, 0x1013, 0x1013, 0xF012, 0xF012, 0xF012, 0x1013, 0xF012, 0xF012, 
    0x1013, 0xEF1A, 0xF012, 0x3123, 0xDBCE, 0xDDFF, 0x9CF7, 0x9CFF, 0x9CFF, 0xBDF7, 0x9CF7, 0xDDFF, 
    0x545C, 0xD002, 0x101B, 0xEF12, 0xF012, 0xF012, 0xF012, 0xF012, 0xF012, 0xF012, 0xF012, 0xF012, 
    0xF012, 0x101B, 0xAF0A, 0xB464, 0xBCFF, 0x7CFF, 0x9CFF, 0x9BFF, 0x9CFF, 0x7CFF, 0x9CFF, 0x9CFF, 
    0x9CFF, 0x9CFF, 0x9CFF, 0x9CFF, 0x9CFF, 0x9CFF, 0x9CFF, 0x9CFF, 0x9CFF, 0x9CFF, 0x9CFF, 0x9CFF, 
    0x9CFF, 0x9CFF, 0x9CFF, 0x9CFF, 0x9CFF, 0x9CFF, 0x9CFF, 0x9CFF, 0x9CFF, 0x9CFF, 0x9CFF, 0x9CFF, 
    0x9CFF, 0x9CFF, 0x9CFF, 0x9CFF, 0x7CFF, 0x9CFF, 0xBCFF, 0x7CFF, 0x9CFF, 0x5CE7, 0xD374, 0x3B9E, 
    0x1EBF, 0xFCBE, 0xFDBE, 0xFDBE, 0xFDBE, 0xFDBE, 0xFDBE, 0xFDBE, 0xFDBE, 0xFDBE, 0xFDBE, 0xFDBE, 
    0xFDBE, 0xFDBE, 0xFDBE, 0xFDBE, 0xFDBE, 0xFDBE, 0xFDBE, 0xFDBE, 0xFDBE, 0xFDBE, 0x1DBF, 0x9BAE, 
    
    0xA631, 0x5AAE, 0x3EBF, 0xFDBE, 0xFDBE, 0x1DBF, 0x1DB7, 0xFEBE, 0xFDBE, 0x1DB7, 0xFDBE, 0xFDBE, 
    0xFDBE, 0xFDBE, 0xFDBE, 0xFDBE, 0xFDBE, 0xFDBE, 0xFDBE, 0x1DB7, 0x1DBF, 0xFDBE, 0xFDBE, 0xFDBE, 
    0xFDBE, 0xDDB6, 0xF574, 0x39B6, 0xBCFF, 0x9BFF, 0x9CFF, 0x9CFF, 0x9CFF, 0x9CFF, 0x9CFF, 0x9CFF, 
    0x9CFF, 0x9CFF, 0x9CFF, 0x9CFF, 0x9CFF, 0x9CFF, 0x9CFF, 0x9CFF, 0x9CFF, 0x9CFF, 0x9CFF, 0x9CFF, 
    0x9CFF, 0x9CFF, 0x9CFF, 0x9CFF, 0x9CFF, 0x9CFF, 0x9CFF, 0x9CFF, 0x9CFF, 0x9CFF, 0x9CFF, 0x9CFF, 
    0x9CFF, 0x9CFF, 0x9CFF, 0x9CFF, 0x9CFF, 0x9CFF, 0x9CFF, 0x9BFF, 0xBCFF, 0x3354, 0xD00A, 0xF01A, 
    0xF012, 0x1013, 0xEF12, 0xF01A, 0xF012, 0x0F13, 0xF012, 0xF01A, 0x1013, 0x1013, 0xF012, 0xEF1A, 
    0xF012, 0x1013, 0xDACE, 0xBDFF, 0x9DFF, 0xBCF7, 0xBCF7, 0x7DFF, 0x9DF7, 0xDDFF, 0xB474, 0xCF02, 
    0x1013, 0xF012, 0xF012, 0xF012, 0xF012, 0xF012, 0xF012, 0xF012, 0xF012, 0xF012, 0xF012, 0x1013, 
    0xAF0A, 0x1254, 0xFEFF, 0x7BFF, 0x9CFF, 0x9CFF, 0x9CFF, 0x9CFF, 0x9CFF, 0x9CFF, 0x9CFF, 0x9CFF, 
    0x9CFF, 0x9CFF, 0x9CFF, 0x9CFF, 0x9CFF, 0x9CFF, 0x9CFF, 0x9CFF, 0x9CFF, 0x9CFF, 0x9CFF, 0x9CFF, 
    0x9CFF, 0x9CFF, 0x9CFF, 0x9CFF, 0x9CFF, 0x9CFF, 0x9CFF, 0x9CFF, 0x9CFF, 0x9CFF, 0x9CFF, 0x9CFF, 
    0x9CFF, 0x9CFF, 0x9CFF, 0x9CFF, 0x9CFF, 0x9CFF, 0x9CFF, 0x9CFF, 0x9CFF, 0x9CFF, 0x9CFF, 0x9CFF, 
    0x9CFF, 0x9CFF, 0x9CFF, 0x9CFF, 0x9CFF, 0x9CFF, 0x9CFF, 0x9CFF, 0x9CFF, 0x9CFF, 0x9CFF, 0x9CFF, 
    0x9CFF, 0x9CFF, 0x9CFF, 0x9CFF, 0x9CFF, 0x9CFF, 0x7CF7, 0xF24B, 0xAF0A, 0x1113, 0xEF12, 0xEF1A, 
    0x1013, 0x1013, 0xF012, 0xF012, 0xF012, 0x1013, 0xF012, 0xF012, 0x1013, 0xEF1A, 0xF012, 0x3123, 
    0xDBCE, 0xDDFF, 0x9CF7, 0x9CFF, 0x9CFF, 0xBDF7, 0x9CF7, 0xDDFF, 0x545C, 0xD002, 0x101B, 0xEF12, 
    0xF012, 0xF012, 0xF012, 0xF012, 0xF012, 0xF012, 0xF012, 0xF012, 0xF012, 0x101B, 0xAF0A, 0xB464, 
    0xBCFF, 0x7CFF, 0x9CFF, 0x9BFF, 0x9CFF, 0x7CFF, 0x9CFF, 0x9CFF, 0x9CFF, 0x9CFF, 0x9CFF, 0x9CFF, 
    0x9CFF, 0x9CFF, 0x9CFF, 0x9CFF, 0x9CFF, 0x9CFF, 0x9CFF, 0x9CFF, 0x9CFF, 0x9CFF, 0x9CFF, 0x9CFF, 
    0x9CFF, 0x9CFF, 0x9CFF, 0x9CFF, 0x9CFF, 0x9CFF, 0x9CFF, 0x9CFF, 0x9CFF, 0x9CFF, 0x9CFF, 0x9CFF, 
    0x7CFF, 0x9CFF, 0xBCFF, 0x7CFF, 0x9CFF, 0x5CE7, 0xD374, 0x3B9E, 0x1EBF, 0xFCBE, 0xFDBE, 0xFDBE, 
    0xFDBE, 0xFDBE, 0xFDBE, 0xFDBE, 0xFDBE, 0xFDBE, 0xFDBE, 0xFDBE, 0xFDBE, 0xFDBE, 0xFDBE, 0xFDBE, 
    0xFDBE, 0xFDBE, 0xFDBE, 0xFDBE, 0xFDBE, 0xFDBE, 0x1DBF, 0x9BAE, 
    0xA631, 0x5AAE, 0x3EBF, 0xFDBE, 
    0xFDBE, 0x1DBF, 0x1DB7, 0xFEBE, 0xFDBE, 0x1DB7, 0xFDBE, 0xFDBE, 0xFDBE, 0xFDBE, 0xFDBE, 0xFDBE, 
    0xFDBE, 0xFDBE, 0xFDBE, 0x1DB7, 0x1DBF, 0xFDBE, 0xFDBE, 0xFDBE, 0xFDBE, 0xDDB6, 0xF574, 0x39B6, 
    0xBCFF, 0x9BFF, 0x9CFF, 0x9CFF, 0x9CFF, 0x9CFF, 0x9CFF, 0x9CFF, 0x9CFF, 0x9CFF, 0x9CFF, 0x9CFF, 
    0x9CFF, 0x9CFF, 0x9CFF, 0x9CFF, 0x9CFF, 0x9CFF, 0x9CFF, 0x9CFF, 0x9CFF, 0x9CFF, 0x9CFF, 0x9CFF, 
    0x9CFF, 0x9CFF, 0x9CFF, 0x9CFF, 0x9CFF, 0x9CFF, 0x9CFF, 0x9CFF, 0x9CFF, 0x9CFF, 0x9CFF, 0x9CFF, 
    0x9CFF, 0x9CFF, 0x9CFF, 0x9BFF, 0xBCFF, 0x3354, 0xD00A, 0x101B, 0xF012, 0x1013, 0xF012, 0xF012, 
    0xF012, 0x0F13, 0xF012, 0xF112, 0x1013, 0x1013, 0xF012, 0xEF1A, 0xF012, 0x101B, 0xDBCE, 0xBDFF, 
    0x9DF7, 0xBCF7, 0xBCF7, 0x9DFF, 0x9DF7, 0xDDFF, 0xB474, 0xCF02, 0x1013, 0xF012, 0xF012, 0xF012, 
    0xF012, 0xF012, 0xF012, 0xF012, 0xF012, 0xF012, 0xF012, 0x1013, 0xAF0A, 0x1254, 0xFEFF, 0x7BFF, 
    0x9CFF, 0x9CFF, 0x9CFF, 0x9CFF, 0x9CFF, 0x9CFF, 0x9CFF, 0x9CFF, 0x9CFF, 0x9CFF, 0x9CFF, 0x9CFF, 
    0x9CFF, 0x9CFF, 0x9CFF, 0x9CFF, 0x9CFF, 0x9CFF, 0x9CFF, 0x9CFF, 0x9CFF, 0x9CFF, 0x9CFF, 0x9CFF, 
    0x9CFF, 0x9CFF, 0x9CFF, 0x9CFF, 0x9CFF, 0x9CFF, 0x9CFF, 0x9CFF, 0x9CFF, 0x9CFF, 0x9CFF, 0x9CFF, 
    0x9CFF, 0x9CFF, 0x9CFF, 0x9CFF, 0x9CFF, 0x9CFF, 0x9CFF, 0x9CFF, 0x9CFF, 0x9CFF, 0x9CFF, 0x9CFF, 
    0x9CFF, 0x9CFF, 0x9CFF, 0x9CFF, 0x9CFF, 0x9CFF, 0x9CFF, 0x9CFF, 0x9CFF, 0x9CFF, 0x9CFF, 0x9CFF, 
    0x9CFF, 0x9CFF, 0x7CF7, 0xF24B, 0xAF0A, 0x3113, 0xF012, 0xEF1A, 0x1013, 0x1013, 0xF012, 0xF012, 
    0xF012, 0x1013, 0xEF12, 0xF012, 0x1013, 0xEF1A, 0xF012, 0x3023, 0xDBCE, 0xDDFF, 0x9CF7, 0x9CFF, 
    0x9CFF, 0xBDF7, 0x9CF7, 0xDDFF, 0x545C, 0xD002, 0x101B, 0x0F13, 0xF012, 0xF012, 0xF012, 0xF012, 
    0xF012, 0xF012, 0xF012, 0xF012, 0xF012, 0x101B, 0xAF0A, 0x9464, 0xBCFF, 0x7CFF, 0x9CFF, 0x9BFF, 
    0x9CFF, 0x7CFF, 0x9CFF, 0x9CFF, 0x9CFF, 0x9CFF, 0x9CFF, 0x9CFF, 0x9CFF, 0x9CFF, 0x9CFF, 0x9CFF, 
    0x9CFF, 0x9CFF, 0x9CFF, 0x9CFF, 0x9CFF, 0x9CFF, 0x9CFF, 0x9CFF, 0x9CFF, 0x9CFF, 0x9CFF, 0x9CFF, 
    0x9CFF, 0x9CFF, 0x9CFF, 0x9CFF, 0x9CFF, 0x9CFF, 0x9CFF, 0x9CFF, 0x7CFF, 0x9CFF, 0xBCFF, 0x7CFF, 
    0x9CFF, 0x5CE7, 0xD374, 0x3B9E, 0x1EBF, 0xFCBE, 0xFDBE, 0xFDBE, 0xFDBE, 0xFDBE, 0xFDBE, 0xFDBE, 
    0xFDBE, 0xFDBE, 0xFDBE, 0xFDBE, 0xFDBE, 0xFDBE, 0xFDBE, 0xFDBE, 0xFDBE, 0xFDBE, 0xFDBE, 0xFDBE, 
    0xFDBE, 0xFDBE, 0x1DBF, 0x9BAE, 
    0xA631, 0x5AAE, 0x3EBF, 0xFDBE, 0xFDBE, 0x1DBF, 0x1DB7, 0xFEBE, 
    0xFDBE, 0x1DB7, 0xFDBE, 0xFDBE, 0xFDBE, 0xFDBE, 0xFDBE, 0xFDBE, 0xFDBE, 0xFDBE, 0xFDBE, 0x1DB7, 
    0xFDBE, 0xFDBE, 0xFDBE, 0xFDBE, 0xFDBE, 0xDDB6, 0xF574, 0x39B6, 0xBCFF, 0x9BFF, 0x9CFF, 0x9CFF, 
    0x9CFF, 0x9CFF, 0x9CFF, 0x9CFF, 0x9CFF, 0x9CFF, 0x9CFF, 0x9CFF, 0x9CFF, 0x9CFF, 0x9CFF, 0x9CFF, 
    0x9CFF, 0x9CFF, 0x9CFF, 0x9CFF, 0x9CFF, 0x9CFF, 0x9CFF, 0x9CFF, 0x9CFF, 0x9CFF, 0x9CFF, 0x9CFF, 
    0x9CFF, 0x9CFF, 0x9CFF, 0x9CFF, 0x9CFF, 0x9CFF, 0x9CFF, 0x9CFF, 0x9CFF, 0x9CFF, 0x9CFF, 0x9BFF, 
    0xBCFF, 0x1354, 0xD00A, 0x1013, 0x1013, 0xF012, 0xF01A, 0xF012, 0xF112, 0xEF1A, 0xF012, 0xF112, 
    0xF012, 0xF012, 0x1013, 0xEF12, 0x1013, 0xF01A, 0xDBCE, 0xDDFF, 0x9DF7, 0x9CFF, 0x9CFF, 0x9DF7, 
    0x9DF7, 0xDDFF, 0xB474, 0xAF0A, 0x3013, 0xF012, 0xF012, 0xF012, 0xF012, 0xF012, 0xF012, 0xF012, 
    0xF012, 0xF012, 0xF012, 0x1013, 0xAF0A, 0x1254, 0xFEFF, 0x7BFF, 0x9CFF, 0x9CFF, 0x9CFF, 0x9CFF, 
    0x9CFF, 0x9CFF, 0x9CFF, 0x9CFF, 0x9CFF, 0x9CFF, 0x9CFF, 0x9CFF, 0x9CFF, 0x9CFF, 0x9CFF, 0x9CFF, 
    0x9CFF, 0x9CFF, 0x9CFF, 0x9CFF, 0x9CFF, 0x9CFF, 0x9CFF, 0x9CFF, 0x9CFF, 0x9CFF, 0x9CFF, 0x9CFF, 
    0x9CFF, 0x9CFF, 0x9CFF, 0x9CFF, 0x9CFF, 0x9CFF, 0x9CFF, 0x9CFF, 0x9CFF, 0x9CFF, 0x9CFF, 0x9CFF, 
    0x9CFF, 0x9CFF, 0x9CFF, 0x9CFF, 0x9CFF, 0x9CFF, 0x9CFF, 0x9CFF, 0x9CFF, 0x9CFF, 0x9CFF, 0x9CFF, 
    0x9CFF, 0x9CFF, 0x9CFF, 0x9CFF, 0x9CFF, 0x9CFF, 0x9CFF, 0x9CFF, 0x9CFF, 0x9CFF, 0x7CF7, 0xF24B, 
    0xCE0A, 0x110B, 0xF012, 0xF01A, 0x0F13, 0x1013, 0xF012, 0xF012, 0xF012, 0xF012, 0x0F13, 0xF012, 
    0x100B, 0xF01A, 0xF012, 0x4F23, 0xDBCE, 0xDEFF, 0x9DF7, 0x9CFF, 0x9CFF, 0xBDF7, 0x9CF7, 0xDDFF, 
    0x545C, 0xD002, 0x0F13, 0x0F13, 0xF012, 0xF012, 0xF012, 0xF012, 0xF012, 0xF012, 0xF012, 0xF012, 
    0xF012, 0x1013, 0xAF0A, 0x946C, 0xBCFF, 0x9CFF, 0x9DFF, 0x7BFF, 0x9CFF, 0x9CFF, 0x9CFF, 0x9CFF, 
    0x9CFF, 0x9CFF, 0x9CFF, 0x9CFF, 0x9CFF, 0x9CFF, 0x9CFF, 0x9CFF, 0x9CFF, 0x9CFF, 0x9CFF, 0x9CFF, 
    0x9CFF, 0x9CFF, 0x9CFF, 0x9CFF, 0x9CFF, 0x9CFF, 0x9CFF, 0x9CFF, 0x9CFF, 0x9CFF, 0x9CFF, 0x9CFF, 
    0x9CFF, 0x9CFF, 0x9CFF, 0x9CFF, 0x7CFF, 0x9CFF, 0xBCFF, 0x7CFF, 0x9CFF, 0x5CE7, 0xD374, 0x3B9E, 
    0x1EBF, 0xFCBE, 0xFDBE, 0xFDBE, 0xFDBE, 0xFDBE, 0xFDBE, 0xFDBE, 0xFDBE, 0xFDBE, 0xFDBE, 0xFDBE, 
    0xFDBE, 0xFDBE, 0xFDBE, 0xFDBE, 0xFDBE, 0xFDBE, 0xFDBE, 0xFDBE, 0xFDBE, 0xFDBE, 0x1DBF, 0x9BAE, 
    
    0xA631, 0x5AAE, 0x3EBF, 0xFDBE, 0xFDBE, 0x1DBF, 0x1DB7, 0xFEBE, 0xFDBE, 0x1DB7, 0xFDBE, 0xFDBE, 
    0xFDBE, 0xFDBE, 0xFDBE, 0xFDBE, 0xFDBE, 0xFDBE, 0xFDBE, 0x1DB7, 0xFDBE, 0xFDBE, 0xFDBE, 0xFDBE, 
    0xFDBE, 0xDDB6, 0xF574, 0x39B6, 0xBCFF, 0x9BFF, 0x9CFF, 0x9CFF, 0x9CFF, 0x9CFF, 0x9CFF, 0x9CFF, 
    0x9CFF, 0x9CFF, 0x9CFF, 0x9CFF, 0x9CFF, 0x9CFF, 0x9CFF, 0x9CFF, 0x9CFF, 0x9CFF, 0x9CFF, 0x9CFF, 
    0x9CFF, 0x9CFF, 0x9CFF, 0x9CFF, 0x9CFF, 0x9CFF, 0x9CFF, 0x9CFF, 0x9CFF, 0x9CFF, 0x9CFF, 0x9CFF, 
    0x9CFF, 0x9CFF, 0x9CFF, 0x9CFF, 0x9CFF, 0x9CFF, 0x9CFF, 0x9BFF, 0xBCFF, 0x1354, 0xD00A, 0x1013, 
    0x1013, 0x1013, 0xEF12, 0x1013, 0x1013, 0xEF1A, 0x1013, 0x1113, 0xF012, 0x1013, 0x1013, 0xEF12, 
    0x1013, 0x101B, 0xDBCE, 0xDDFF, 0x9DF7, 0x9CFF, 0x9CFF, 0x9DF7, 0x9DF7, 0xDDFF, 0xB474, 0xAF0A, 
    0x1013, 0x1013, 0x1013, 0x1013, 0x1013, 0x1013, 0x1013, 0x1013, 0x1013, 0x1013, 0x1013, 0x1013, 
    0xAF0A, 0x1254, 0xFEFF, 0x7BFF, 0x9CFF, 0x9CFF, 0x9CFF, 0x9CFF, 0x9CFF, 0x9CFF, 0x9CFF, 0x9CFF, 
    0x9CFF, 0x9CFF, 0x9CFF, 0x9CFF, 0x9CFF, 0x9CFF, 0x9CFF, 0x9CFF, 0x9CFF, 0x9CFF, 0x9CFF, 0x9CFF, 
    0x9CFF, 0x9CFF, 0x9CFF, 0x9CFF, 0x9CFF, 0x9CFF, 0x9CFF, 0x9CFF, 0x9CFF, 0x9CFF, 0x9CFF, 0x9CFF, 
    0x9CFF, 0x9CFF, 0x9CFF, 0x9CFF, 0x9CFF, 0x9CFF, 0x9CFF, 0x9CFF, 0x9CFF, 0x9CFF, 0x9CFF, 0x9CFF, 
    0x9CFF, 0x9CFF, 0x9CFF, 0x9CFF, 0x9CFF, 0x9CFF, 0x9CFF, 0x9CFF, 0x9CFF, 0x9CFF, 0x9CFF, 0x9CFF, 
    0x9CFF, 0x9CFF, 0x9CFF, 0x9CFF, 0x9CFF, 0x9CFF, 0x7CF7, 0xF24B, 0xCF12, 0x1113, 0xF01A, 0x101B, 
    0x1013, 0x1013, 0xF01A, 0x1013, 0x101B, 0x101B, 0x0F1B, 0x1013, 0x1013, 0xF01A, 0xF012, 0x5023, 
    0xDBCE, 0xDDFF, 0x9CF7, 0x9CFF, 0x9CFF, 0xBDF7, 0x9CF7, 0xDDFF, 0x535C, 0xD002, 0x101B, 0x1013, 
    0x1013, 0x1013, 0x1013, 0x1013, 0x1013, 0x1013, 0x1013, 0x1013, 0x101B, 0x101B, 0xCF0A, 0x946C, 
    0x9CFF, 0x7CFF, 0x9CFF, 0x7BFF, 0x9CFF, 0x9CFF, 0x9CFF, 0x9CFF, 0x9CFF, 0x9CFF, 0x9CFF, 0x9CFF, 
    0x9CFF, 0x9CFF, 0x9CFF, 0x9CFF, 0x9CFF, 0x9CFF, 0x9CFF, 0x9CFF, 0x9CFF, 0x9CFF, 0x9CFF, 0x9CFF, 
    0x9CFF, 0x9CFF, 0x9CFF, 0x9CFF, 0x9CFF, 0x9CFF, 0x9CFF, 0x9CFF, 0x9CFF, 0x9CFF, 0x9CFF, 0x9CFF, 
    0x7CFF, 0x9CFF, 0xBCFF, 0x7CFF, 0x9CFF, 0x5CE7, 0xD374, 0x3B9E, 0x1EBF, 0xFCBE, 0xFDBE, 0xFDBE, 
    0xFDBE, 0xFDBE, 0xFDBE, 0xFDBE, 0xFDBE, 0xFDBE, 0xFDBE, 0xFDBE, 0xFDBE, 0xFDBE, 0xFDBE, 0xFDBE, 
    0xFDBE, 0xFDBE, 0xFDBE, 0xFDBE, 0xFDBE, 0xFDBE, 0x1DBF, 0x9BAE, 
    0xA631, 0x5AAE, 0x3EBF, 0xFDBE, 
    0xFDBE, 0x1DBF, 0x1DB7, 0xFEBE, 0xFDBE, 0x1DB7, 0xFDBE, 0xFDBE, 0xFDBE, 0xFDBE, 0xFDBE, 0xFDBE, 
    0xFDBE, 0xFDBE, 0xFDBE, 0x1DB7, 0xFDBE, 0xFDBE, 0xFDBE, 0xFDBE, 0xFDBE, 0xDDB6, 0xF574, 0x39B6, 
    0xBCFF, 0x9BFF, 0x9CFF, 0x9CFF, 0x9CFF, 0x9CFF, 0x9CFF, 0x9CFF, 0x9CFF, 0x9CFF, 0x9CFF, 0x9CFF, 
    0x9CFF, 0x9CFF, 0x9CFF, 0x9CFF, 0x9CFF, 0x9CFF, 0x9CFF, 0x9CFF, 0x9CFF, 0x9CFF, 0x9CFF, 0x9CFF, 
    0x9CFF, 0x9CFF, 0x9CFF, 0x9CFF, 0x9CFF, 0x9CFF, 0x9CFF, 0x9CFF, 0x9CFF, 0x9CFF, 0x9CFF, 0x9CFF, 
    0x9CFF, 0x9CFF, 0x9CFF, 0x9BFF, 0xBCFF, 0x3354, 0xF00A, 0x3013, 0x1013, 0x1013, 0x101B, 0x1013, 
    0x1013, 0x0F1B, 0x1013, 0x1113, 0x1013, 0x1013, 0x1013, 0x0F13, 0x1013, 0x101B, 0xDACE, 0xDDFF, 
    0x9DF7, 0x9CFF, 0x9CFF, 0x9DF7, 0x9DF7, 0xDDFF, 0xB474, 0xCF0A, 0x3013, 0x1013, 0x1013, 0x1013, 
    0x1013, 0x1013, 0x1013, 0x1013, 0x1013, 0x1013, 0x1013, 0x101B, 0xCF12, 0x125C, 0xFEFF, 0x7BFF, 
    0x9CFF, 0x9CFF, 0x9CFF, 0x9CFF, 0x9CFF, 0x9CFF, 0x9CFF, 0x9CFF, 0x9CFF, 0x9CFF, 0x9CFF, 0x9CFF, 
    0x9CFF, 0x9CFF, 0x9CFF, 0x9CFF, 0x9CFF, 0x9CFF, 0x9CFF, 0x9CFF, 0x9CFF, 0x9CFF, 0x9CFF, 0x9CFF, 
    0x9CFF, 0x9CFF, 0x9CFF, 0x9CFF, 0x9CFF, 0x9CFF, 0x9CFF, 0x9CFF, 0x9CFF, 0x9CFF, 0x9CFF, 0x9CFF, 
    0x9CFF, 0x9CFF, 0x9CFF, 0x9CFF, 0x9CFF, 0x9CFF, 0x9CFF, 0x9CFF, 0x9CFF, 0x9CFF, 0x9CFF, 0x9CFF, 
    0x9CFF, 0x9CFF, 0x9CFF, 0x9CFF, 0x9CFF, 0x9CFF, 0x9CFF, 0x9CFF, 0x9CFF, 0x9CFF, 0x9CFF, 0x9CFF, 
    0x9CFF, 0x9CFF, 0x7CF7, 0xD24B, 0x8D0A, 0xF012, 0xAF12, 0xAE12, 0xCE0A, 0xCF0A, 0xAF12, 0xCF12, 
    0xAF12, 0xCF12, 0xCE12, 0xCF12, 0xCF0A, 0xAF1A, 0xAF0A, 0x0E23, 0xDBCE, 0xDDFF, 0x9CF7, 0x9DFF, 
    0x9CFF, 0xBDF7, 0x9CF7, 0xDDFF, 0x3354, 0x8F02, 0xCF12, 0xCF12, 0xCF12, 0xCF12, 0xCF12, 0xCF12, 
    0xCF12, 0xCF12, 0xCF12, 0xCF12, 0xCF12, 0xEF12, 0x6E02, 0x7364, 0xBCFF, 0x9CFF, 0x9CFF, 0x7BFF, 
    0x9CFF, 0x9CFF, 0x9CFF, 0x9CFF, 0x9CFF, 0x9CFF, 0x9CFF, 0x9CFF, 0x9CFF, 0x9CFF, 0x9CFF, 0x9CFF, 
    0x9CFF, 0x9CFF, 0x9CFF, 0x9CFF, 0x9CFF, 0x9CFF, 0x9CFF, 0x9CFF, 0x9CFF, 0x9CFF, 0x9CFF, 0x9CFF, 
    0x9CFF, 0x9CFF, 0x9CFF, 0x9CFF, 0x9CFF, 0x9CFF, 0x9CFF, 0x9CFF, 0x7CFF, 0x9CFF, 0xBCFF, 0x7CFF, 
    0x9CFF, 0x5CE7, 0xD374, 0x3B9E, 0x1EBF, 0xFCBE, 0xFDBE, 0xFDBE, 0xFDBE, 0xFDBE, 0xFDBE, 0xFDBE, 
    0xFDBE, 0xFDBE, 0xFDBE, 0xFDBE, 0xFDBE, 0xFDBE, 0xFDBE, 0xFDBE, 0xFDBE, 0xFDBE, 0xFDBE, 0xFDBE, 
    0xFDBE, 0xFDBE, 0x1DBF, 0x9BAE, 
    0xA631, 0x5AAE, 0x3EBF, 0xFDBE, 0xFDBE, 0x1DBF, 0x1DB7, 0xFEBE, 
    0xFDBE, 0x1DB7, 0xFDBE, 0xFDBE, 0xFDBE, 0xFDBE, 0xFDBE, 0xFDBE, 0xFDBE, 0xFDBE, 0xFDBE, 0x1DB7, 
    0xFDBE, 0xFDBE, 0xFDBE, 0xFDBE, 0xFDBE, 0xDDB6, 0xF574, 0x39B6, 0xBCFF, 0x9BFF, 0x9CFF, 0x9CFF, 
    0x9CFF, 0x9CFF, 0x9CFF, 0x9CFF, 0x9CFF, 0x9CFF, 0x9CFF, 0x9CFF, 0x9CFF, 0x9CFF, 0x9CFF, 0x9CFF, 
    0x9CFF, 0x9CFF, 0x9CFF, 0x9CFF, 0x9CFF, 0x9CFF, 0x9CFF, 0x9CFF, 0x9CFF, 0x9CFF, 0x9CFF, 0x9CFF, 
    0x9CFF, 0x9CFF, 0x9CFF, 0x9CFF, 0x9CFF, 0x9CFF, 0x9CFF, 0x9CFF, 0x9CFF, 0x9CFF, 0x9CFF, 0x9BFF, 
    0xBCFF, 0xF24B, 0x8F02, 0xCF12, 0xCF0A, 0xCF0A, 0xAE12, 0xCF0A, 0xCF0A, 0xCE12, 0xCE0A, 0xD00A, 
    0xCF0A, 0xCF12, 0xCF0A, 0xCE12, 0xCF0A, 0xCF12, 0xDACE, 0xDDFF, 0x9DF7, 0x9CFF, 0x9CFF, 0x9DF7, 
    0x9DF7, 0xDDFF, 0x9374, 0x6E02, 0xEF0A, 0xCF0A, 0xCF0A, 0xCF0A, 0xCF0A, 0xCF0A, 0xCF0A, 0xCF0A, 
    0xCF0A, 0xCF0A, 0xCF12, 0xCF12, 0x6E0A, 0xF153, 0xFEFF, 0x7BFF, 0x9CFF, 0x9CFF, 0x9CFF, 0x9CFF, 
    0x9CFF, 0x9CFF, 0x9CFF, 0x9CFF, 0x9CFF, 0x9CFF, 0x9CFF, 0x9CFF, 0x9CFF, 0x9CFF, 0x9CFF, 0x9CFF, 
    0x9CFF, 0x9CFF, 0x9CFF, 0x9CFF, 0x9CFF, 0x9CFF, 0x9CFF, 0x9CFF, 0x9CFF, 0x9CFF, 0x9CFF, 0x9CFF, 
    0x9CFF, 0x9CFF, 0x9CFF, 0x9CFF, 0x9CFF, 0x9CFF, 0x9CFF, 0x9CFF, 0x9CFF, 0x9CFF, 0x9CFF, 0x9CFF, 
    0x9CFF, 0x9CFF, 0x9CFF, 0x9CFF, 0x9CFF, 0x9CFF, 0x9CFF, 0x9CFF, 0x9CFF, 0x9CFF, 0x9CFF, 0x9CFF, 
    0x9CFF, 0x9CFF, 0x9CFF, 0x9CFF, 0x9CFF, 0x9CFF, 0x9CFF, 0x9CFF, 0x9CFF, 0x9CFF, 0x7CF7, 0xF66C, 
    0x133C, 0x553C, 0x3544, 0x3444, 0x543C, 0x343C, 0x1544, 0x3444, 0x3544, 0x3444, 0x3344, 0x343C, 
    0x343C, 0x144C, 0x153C, 0x734C, 0xFBD6, 0xBDFF, 0x9CF7, 0x9DFF, 0x9CFF, 0xBDF7, 0x9CFF, 0xBCFF, 
    0x377D, 0x1534, 0x3444, 0x3444, 0x3444, 0x3444, 0x3444, 0x3444, 0x3444, 0x3444, 0x3444, 0x3444, 
    0x3444, 0x3444, 0xF433, 0x5785, 0xBCFF, 0x9CFF, 0x9DFF, 0x9BFF, 0x9CFF, 0x9CFF, 0x9CFF, 0x9CFF, 
    0x9CFF, 0x9CFF, 0x9CFF, 0x9CFF, 0x9CFF, 0x9CFF, 0x9CFF, 0x9CFF, 0x9CFF, 0x9CFF, 0x9CFF, 0x9CFF, 
    0x9CFF, 0x9CFF, 0x9CFF, 0x9CFF, 0x9CFF, 0x9CFF, 0x9CFF, 0x9CFF, 0x9CFF, 0x9CFF, 0x9CFF, 0x9CFF, 
    0x9CFF, 0x9CFF, 0x9CFF, 0x9CFF, 0x7CFF, 0x9CFF, 0xBCFF, 0x7CFF, 0x9CFF, 0x5CE7, 0xD374, 0x3B9E, 
    0x1EBF, 0xFCBE, 0xFDBE, 0xFDBE, 0xFDBE, 0xFDBE, 0xFDBE, 0xFDBE, 0xFDBE, 0xFDBE, 0xFDBE, 0xFDBE, 
    0xFDBE, 0xFDBE, 0xFDBE, 0xFDBE, 0xFDBE, 0xFDBE, 0xFDBE, 0xFDBE, 0xFDBE, 0xFDBE, 0x1DBF, 0x9BAE, 
    
    0xA631, 0x5AAE, 0x3EBF, 0xFDBE, 0xFDBE, 0x1DBF, 0x1DB7, 0xFEBE, 0xFDBE, 0x1DB7, 0xFDBE, 0xFDBE, 
    0xFDBE, 0xFDBE, 0xFDBE, 0xFDBE, 0xFDBE, 0xFDBE, 0xFDBE, 0x1DB7, 0xFDBE, 0xFDBE, 0xFDBE, 0xFDBE, 
    0xFDBE, 0xFDB6, 0xF574, 0x39B6, 0xBCFF, 0x9BFF, 0x9CFF, 0x9CFF, 0x9CFF, 0x9CFF, 0x9CFF, 0x9CFF, 
    0x9CFF, 0x9CFF, 0x9CFF, 0x9CFF, 0x9CFF, 0x9CFF, 0x9CFF, 0x9CFF, 0x9CFF, 0x9CFF, 0x9CFF, 0x9CFF, 
    0x9CFF, 0x9CFF, 0x9CFF, 0x9CFF, 0x9CFF, 0x9CFF, 0x9CFF, 0x9CFF, 0x9CFF, 0x9CFF, 0x9CFF, 0x9CFF, 
    0x9CFF, 0x9CFF, 0x9CFF, 0x9CFF, 0x9CFF, 0x9CFF, 0x9CFF, 0x9BFF, 0x9CFF, 0x1675, 0x1434, 0x343C, 
    0x343C, 0x3444, 0x1444, 0x353C, 0x353C, 0x3344, 0x3444, 0x353C, 0x3444, 0x3444, 0x3444, 0x1444, 
    0x353C, 0x3444, 0xFBD6, 0xBDFF, 0x9DF7, 0x9CFF, 0x9CFF, 0xBDF7, 0x9DF7, 0xBDFF, 0x778D, 0xF43B, 
    0x553C, 0x3444, 0x3444, 0x3444, 0x3444, 0x3444, 0x3444, 0x3444, 0x3444, 0x3444, 0x3444, 0x3444, 
    0xF43B, 0xF674, 0xDEFF, 0x9BFF, 0x9CFF, 0x9CFF, 0x9BFF, 0x9CFF, 0x9CFF, 0x9CFF, 0x9CFF, 0x9CFF, 
    0x9CFF, 0x9CFF, 0x9CFF, 0x9CFF, 0x9CFF, 0x9CFF, 0x9CFF, 0x9CFF, 0x9CFF, 0x9CFF, 0x9CFF, 0x9CFF, 
    0x9CFF, 0x9CFF, 0x9CFF, 0x9CFF, 0x9CFF, 0x9CFF, 0x9CFF, 0x9CFF, 0x9CFF, 0x9CFF, 0x9CFF, 0x9CFF, 
    0x9CFF, 0x9CFF, 0x9CFF, 0x9CFF, 0x9CFF, 0x9CFF, 0x9CFF, 0x9CFF, 0x9CFF, 0x9CFF, 0x9CFF, 0x9CFF, 
    0x9CFF, 0x9CFF, 0x9CFF, 0x9CFF, 0x9CFF, 0x9CFF, 0x9CFF, 0x9CFF, 0x9CFF, 0x9CFF, 0x9CFF, 0x9CFF, 
    0x9CFF, 0x9CFF, 0x9CFF, 0x9CFF, 0x9CFF, 0x9BFF, 0x9DF7, 0x5B9E, 0xFB7D, 0x1C7E, 0xFC85, 0xFB85, 
    0x1B7E, 0x1C7E, 0xFC7D, 0x1B7E, 0xFC7D, 0x1C7E, 0x1B86, 0x1C7E, 0x1C7E, 0xFB85, 0xFC7D, 0x1A86, 
    0x5DE7, 0x9DFF, 0x9DF7, 0x9DFF, 0x9CFF, 0xBDF7, 0x9CFF, 0xBCFF, 0x7CA6, 0xFD75, 0x1B86, 0x1B86, 
    0x1C7E, 0x1C7E, 0x1C7E, 0x1C7E, 0x1C7E, 0x1C7E, 0x1C7E, 0x1C7E, 0x1C7E, 0x1C7E, 0xFC75, 0x9CAE, 
    0xBCFF, 0x9CFF, 0x9DFF, 0x9BFF, 0x9CFF, 0x9CFF, 0x9CFF, 0x9CFF, 0x9CFF, 0x9CFF, 0x9CFF, 0x9CFF, 
    0x9CFF, 0x9CFF, 0x9CFF, 0x9CFF, 0x9CFF, 0x9CFF, 0x9CFF, 0x9CFF, 0x9CFF, 0x9CFF, 0x9CFF, 0x9CFF, 
    0x9CFF, 0x9CFF, 0x9CFF, 0x9CFF, 0x9CFF, 0x9CFF, 0x9CFF, 0x9CFF, 0x9CFF, 0x9CFF, 0x9CFF, 0x9CFF, 
    0x7CFF, 0x9CFF, 0xBCFF, 0x7CFF, 0x9CFF, 0x5CE7, 0xD374, 0x3B9E, 0x1EBF, 0xFCBE, 0xFDBE, 0xFDBE, 
    0xFDBE, 0xFDBE, 0xFDBE, 0xFDBE, 0xFDBE, 0xFDBE, 0xFDBE, 0xFDBE, 0xFDBE, 0xFDBE, 0xFDBE, 0xFDBE, 
    0xFDBE, 0xFDBE, 0xFDBE, 0xFDBE, 0xFDBE, 0xFDBE, 0x1DBF, 0x9BAE, 
    0xA631, 0x5AAE, 0x3EBF, 0xFDBE, 
    0xFDBE, 0x1DBF, 0x1DB7, 0xFEBE, 0xFDBE, 0x1DB7, 0xFDBE, 0xFDBE, 0xFDBE, 0xFDBE, 0xFDBE, 0xFDBE, 
    0xFDBE, 0xFDBE, 0xFDBE, 0x1DB7, 0xFDBE, 0xFDBE, 0xFDBE, 0xFDBE, 0xFDBE, 0xFDB6, 0xF574, 0x39B6, 
    0xBCFF, 0x9BFF, 0x9CFF, 0x9CFF, 0x9CFF, 0x9CFF, 0x9CFF, 0x9CFF, 0x9CFF, 0x9CFF, 0x9CFF, 0x9CFF, 
    0x9CFF, 0x9CFF, 0x9CFF, 0x9CFF, 0x9CFF, 0x9CFF, 0x9CFF, 0x9CFF, 0x9CFF, 0x9CFF, 0x9CFF, 0x9CFF, 
    0x9CFF, 0x9CFF, 0x9CFF, 0x9CFF, 0x9CFF, 0x9CFF, 0x9CFF, 0x9CFF, 0x9CFF, 0x9CFF, 0x9CFF, 0x9CFF, 
    0x9CFF, 0x9CFF, 0x9CFF, 0x9BFF, 0x9CFF, 0x7CA6, 0xFC7D, 0x1C86, 0x1C86, 0x1C86, 0x1B86, 0x1C7E, 
    0x1C7E, 0x1B86, 0x1B86, 0x1C7E, 0x1C86, 0xFC85, 0x1C86, 0x1B86, 0x1D7E, 0xFC85, 0x5DE7, 0xBCFF, 
    0x9DF7, 0x9CFF, 0x9CFF, 0xBDF7, 0x9DF7, 0xBDFF, 0x9BB6, 0xFC7D, 0x3C7E, 0x1B86, 0x1B86, 0x1B86, 
    0x1B86, 0x1B86, 0x1B86, 0x1B86, 0x1B86, 0x1B86, 0x1B86, 0x1C86, 0xFC7D, 0x5BA6, 0xBDF7, 0x7BFF, 
    0x9CFF, 0x9CFF, 0x9BFF, 0x9BFF, 0x9CFF, 0x9CFF, 0x9CFF, 0x9CFF, 0x9CFF, 0x9CFF, 0x9CFF, 0x9CFF, 
    0x9CFF, 0x9CFF, 0x9CFF, 0x9CFF, 0x9CFF, 0x9CFF, 0x9CFF, 0x9CFF, 0x9CFF, 0x9CFF, 0x9CFF, 0x9CFF, 
    0x9CFF, 0x9CFF, 0x9CFF, 0x9CFF, 0x9CFF, 0x9CFF, 0x9CFF, 0x9CFF, 0x9CFF, 0x9CFF, 0x9CFF, 0x9CFF, 
    0x9CFF, 0x9CFF, 0x9CFF, 0x9CFF, 0x9CFF, 0x9CFF, 0x9CFF, 0x9CFF, 0x9CFF, 0x9CFF, 0x9CFF, 0x9CFF, 
    0x9CFF, 0x9CFF, 0x9CFF, 0x9CFF, 0x9CFF, 0x9CFF, 0x9CFF, 0x9CFF, 0x9CFF, 0x9CFF, 0x9CFF, 0x9CFF, 
    0x9CFF, 0x9CFF, 0x9CF7, 0x3B9E, 0xDA7D, 0xFC75, 0xDB7D, 0xDA7D, 0xFA7D, 0xDB7D, 0xDB7D, 0xDB7D, 
    0xDB7D, 0xDB7D, 0xFA7D, 0xFB7D, 0xFB7D, 0xDB85, 0xDB7D, 0xFA85, 0x5CDF, 0xBDFF, 0x9DF7, 0x9DFF, 
    0x9CFF, 0xBDF7, 0x9CFF, 0xBCFF, 0x7CA6, 0xDC75, 0xDB7D, 0xDB7D, 0xDB7D, 0xDB7D, 0xDB7D, 0xDB7D, 
    0xDB7D, 0xDB7D, 0xDB7D, 0xDB7D, 0xDB7D, 0xFB7D, 0xBB75, 0x7BAE, 0x9CFF, 0x9CFF, 0x9CFF, 0x9BFF, 
    0x9CFF, 0x9CFF, 0x9CFF, 0x9CFF, 0x9CFF, 0x9CFF, 0x9CFF, 0x9CFF, 0x9CFF, 0x9CFF, 0x9CFF, 0x9CFF, 
    0x9CFF, 0x9CFF, 0x9CFF, 0x9CFF, 0x9CFF, 0x9CFF, 0x9CFF, 0x9CFF, 0x9CFF, 0x9CFF, 0x9CFF, 0x9CFF, 
    0x9CFF, 0x9CFF, 0x9CFF, 0x9CFF, 0x9CFF, 0x9CFF, 0x9CFF, 0x9CFF, 0x7CFF, 0x9CFF, 0xBCFF, 0x7CFF, 
    0x9CFF, 0x5CE7, 0xD374, 0x3B9E, 0x1EBF, 0xFCBE, 0xFDBE, 0xFDBE, 0xFDBE, 0xFDBE, 0xFDBE, 0xFDBE, 
    0xFDBE, 0xFDBE, 0xFDBE, 0xFDBE, 0xFDBE, 0xFDBE, 0xFDBE, 0xFDBE, 0xFDBE, 0xFDBE, 0xFDBE, 0xFDBE, 
    0xFDBE, 0xFDBE, 0x1DBF, 0x9BAE, 
    0xA631, 0x5AAE, 0x3EBF, 0xFDBE, 0xFDBE, 0x1DBF, 0x1DB7, 0xFEBE, 
    0xFDBE, 0x1DB7, 0xFDBE, 0xFDBE, 0xFDBE, 0xFDBE, 0xFDBE, 0xFDBE, 0xFDBE, 0xFDBE, 0xFDBE, 0x1DB7, 
    0xFDBE, 0xFDBE, 0xFDBE, 0xFDBE, 0xFDBE, 0xFDB6, 0xF574, 0x39B6, 0xBCFF, 0x9BFF, 0x9CFF, 0x9CFF, 
    0x9CFF, 0x9CFF, 0x9CFF, 0x9CFF, 0x9CFF, 0x9CFF, 0x9CFF, 0x9CFF, 0x9CFF, 0x9CFF, 0x9CFF, 0x9CFF, 
    0x9CFF, 0x9CFF, 0x9CFF, 0x9CFF, 0x9CFF, 0x9CFF, 0x9CFF, 0x9CFF, 0x9CFF, 0x9CFF, 0x9CFF, 0x9CFF, 
    0x9CFF, 0x9CFF, 0x9CFF, 0x9CFF, 0x9CFF, 0x9CFF, 0x9CFF, 0x9CFF, 0x9CFF, 0x9CFF, 0x9CFF, 0x9BFF, 
    0x9CFF, 0x3BA6, 0xDC75, 0xDB7D, 0xDB7D, 0xDB7D, 0xDA85, 0xDB7D, 0xDB7D, 0xDA85, 0xDB7D, 0xDB7D, 
    0xDB7D, 0xDB7D, 0xDB7D, 0xDA7D, 0xDC7D, 0xDB7D, 0x5CE7, 0xBCFF, 0x9DF7, 0x9CFF, 0x9CFF, 0xBDF7, 
    0x9DF7, 0xBDFF, 0x7BB6, 0xBB75, 0xFB75, 0xDA7D, 0xDA7D, 0xDA7D, 0xDA7D, 0xDA7D, 0xDA7D, 0xDA7D, 
    0xDA7D, 0xDA7D, 0xDA7D, 0xDB7D, 0xDB7D, 0x3AA6, 0xDDFF, 0x7BFF, 0x9CFF, 0x9CFF, 0x9BFF, 0x9BFF, 
    0x9CFF, 0x9CFF, 0x9CFF, 0x9CFF, 0x9CFF, 0x9CFF, 0x9CFF, 0x9CFF, 0x9CFF, 0x9CFF, 0x9CFF, 0x9CFF, 
    0x9CFF, 0x9CFF, 0x9CFF, 0x9CFF, 0x9CFF, 0x9CFF, 0x9CFF, 0x9CFF, 0x9CFF, 0x9CFF, 0x9CFF, 0x9CFF, 
    0x9CFF, 0x9CFF, 0x9CFF, 0x9CFF, 0x9CFF, 0x9CFF, 0x9CFF, 0x9CFF, 0x9CFF, 0x9CFF, 0x9CFF, 0x9CFF, 
    0x9CFF, 0x9CFF, 0x9CFF, 0x9CFF, 0x9CFF, 0x9CFF, 0x9CFF, 0x9CFF, 0x9CFF, 0x9CFF, 0x9CFF, 0x9CFF, 
    0x9CFF, 0x9CFF, 0x9CFF, 0x9CFF, 0x9CFF, 0x9CFF, 0x9CFF, 0x9CFF, 0x9CFF, 0x9CFF, 0x9CF7, 0x3B9E, 
    0xDA7D, 0xFC7D, 0xDB7D, 0xDA7D, 0xFA7D, 0xFB7D, 0xDB7D, 0xDB7D, 0xDB7D, 0xFB7D, 0xFA7D, 0xDB7D, 
    0xFB7D, 0xDB85, 0xDB7D, 0x1A86, 0x5CDF, 0xBDFF, 0x9DF7, 0x9DFF, 0x9CFF, 0xBDF7, 0x9CF7, 0xBCFF, 
    0x7CA6, 0xDC75, 0xFB85, 0xDB7D, 0xDB7D, 0xDB7D, 0xDB7D, 0xDB7D, 0xDB7D, 0xDB7D, 0xDB7D, 0xDB7D, 
    0xDB7D, 0xFB7D, 0xDB75, 0x7BAE, 0x9BFF, 0x9CFF, 0x9DFF, 0x9BFF, 0x9CFF, 0x9CFF, 0x9CFF, 0x9CFF, 
    0x9CFF, 0x9CFF, 0x9CFF, 0x9CFF, 0x9CFF, 0x9CFF, 0x9CFF, 0x9CFF, 0x9CFF, 0x9CFF, 0x9CFF, 0x9CFF, 
    0x9CFF, 0x9CFF, 0x9CFF, 0x9CFF, 0x9CFF, 0x9CFF, 0x9CFF, 0x9CFF, 0x9CFF, 0x9CFF, 0x9CFF, 0x9CFF, 
    0x9CFF, 0x9CFF, 0x9CFF, 0x9CFF, 0x7CFF, 0x9CFF, 0xBCFF, 0x7CFF, 0x9CFF, 0x5CE7, 0xD374, 0x3B9E, 
    0x1EBF, 0xFCBE, 0xFDBE, 0xFDBE, 0xFDBE, 0xFDBE, 0xFDBE, 0xFDBE, 0xFDBE, 0xFDBE, 0xFDBE, 0xFDBE, 
    0xFDBE, 0xFDBE, 0xFDBE, 0xFDBE, 0xFDBE, 0xFDBE, 0xFDBE, 0xFDBE, 0xFDBE, 0xFDBE, 0x1DBF, 0x9BAE, 
    
    0xA631, 0x5AAE, 0x3EBF, 0xFDBE, 0xFDBE, 0x1DBF, 0x1DB7, 0xFEBE, 0xFDBE, 0x1DB7, 0xFDBE, 0xFDBE, 
    0xFDBE, 0xFDBE, 0xFDBE, 0xFDBE, 0xFDBE, 0xFDBE, 0xFDBE, 0x1DB7, 0xFDBE, 0xFDBE, 0xFDBE, 0xFDBE, 
    0xFDBE, 0xFDB6, 0xF574, 0x39B6, 0xBCFF, 0x9BFF, 0x9CFF, 0x9CFF, 0x9CFF, 0x9CFF, 0x9CFF, 0x9CFF, 
    0x9CFF, 0x9CFF, 0x9CFF, 0x9CFF, 0x9CFF, 0x9CFF, 0x9CFF, 0x9CFF, 0x9CFF, 0x9CFF, 0x9CFF, 0x9CFF, 
    0x9CFF, 0x9CFF, 0x9CFF, 0x9CFF, 0x9CFF, 0x9CFF, 0x9CFF, 0x9CFF, 0x9CFF, 0x9CFF, 0x9CFF, 0x9CFF, 
    0x9CFF, 0x9CFF, 0x9CFF, 0x9CFF, 0x9CFF, 0x9CFF, 0x9CFF, 0x9BFF, 0x9CFF, 0x5BA6, 0xDB75, 0xFB7D, 
    0xFB7D, 0xDB7D, 0xDA85, 0xDB7D, 0xDB7D, 0xDA85, 0xDA7D, 0xFB7D, 0xDB7D, 0xDB7D, 0xDB7D, 0xDA85, 
    0xFC7D, 0xDB7D, 0x5CE7, 0xBCFF, 0x9DF7, 0x9CFF, 0x9CFF, 0xBDF7, 0x9DF7, 0xBDFF, 0x7BB6, 0xDB7D, 
    0xFB7D, 0xDB7D, 0xDB7D, 0xDB7D, 0xDB7D, 0xDB7D, 0xDB7D, 0xDB7D, 0xDB7D, 0xDB7D, 0xDB7D, 0xFB7D, 
    0xDB7D, 0x3AA6, 0xBDFF, 0x7BFF, 0x9CFF, 0x9CFF, 0x9BFF, 0x9BFF, 0x9CFF, 0x9CFF, 0x9CFF, 0x9CFF, 
    0x9CFF, 0x9CFF, 0x9CFF, 0x9CFF, 0x9CFF, 0x9CFF, 0x9CFF, 0x9CFF, 0x9CFF, 0x9CFF, 0x9CFF, 0x9CFF, 
    0x9CFF, 0x9CFF, 0x9CFF, 0x9CFF, 0x9CFF, 0x9CFF, 0x9CFF, 0x9CFF, 0x9CFF, 0x9CFF, 0x9CFF, 0x9CFF, 
    0x9CFF, 0x9CFF, 0x9CFF, 0x9CFF, 0x9CFF, 0x9CFF, 0x9CFF, 0x9CFF, 0x9CFF, 0x9CFF, 0x9CFF, 0x9CFF, 
    0x9CFF, 0x9CFF, 0x9CFF, 0x9CFF, 0x9CFF, 0x9CFF, 0x9CFF, 0x9CFF, 0x9CFF, 0x9CFF, 0x9CFF, 0x9CFF, 
    0x9CFF, 0x9CFF, 0x9CFF, 0x9CFF, 0x9CFF, 0x9CFF, 0x9CF7, 0x3B9E, 0xDA7D, 0xFC7D, 0xDB7D, 0xDA7D, 
    0xFA7D, 0xFB7D, 0xDB7D, 0xDB7D, 0xDB7D, 0xFB7D, 0xFA7D, 0xDB7D, 0xFB7D, 0xDB85, 0xDB7D, 0x1A86, 
    0x5CDF, 0xBDFF, 0x9DF7, 0x9DFF, 0x9CFF, 0xBDF7, 0x9CF7, 0xBCFF, 0x7BA6, 0xDC75, 0xFB85, 0xDB7D, 
    0xDB7D, 0xDB7D, 0xDB7D, 0xDB7D, 0xDB7D, 0xDB7D, 0xDB7D, 0xDB7D, 0xDB7D, 0xFB7D, 0xDB75, 0x7BAE, 
    0x9BFF, 0x9CFF, 0x9DFF, 0x9BFF, 0x9CFF, 0x9CFF, 0x9CFF, 0x9CFF, 0x9CFF, 0x9CFF, 0x9CFF, 0x9CFF, 
    0x9CFF, 0x9CFF, 0x9CFF, 0x9CFF, 0x9CFF, 0x9CFF, 0x9CFF, 0x9CFF, 0x9CFF, 0x9CFF, 0x9CFF, 0x9CFF, 
    0x9CFF, 0x9CFF, 0x9CFF, 0x9CFF, 0x9CFF, 0x9CFF, 0x9CFF, 0x9CFF, 0x9CFF, 0x9CFF, 0x9CFF, 0x9CFF, 
    0x7CFF, 0x9CFF, 0xBCFF, 0x7CFF, 0x9CFF, 0x5CE7, 0xD374, 0x3B9E, 0x1EBF, 0xFCBE, 0xFDBE, 0xFDBE, 
    0xFDBE, 0xFDBE, 0xFDBE, 0xFDBE, 0xFDBE, 0xFDBE, 0xFDBE, 0xFDBE, 0xFDBE, 0xFDBE, 0xFDBE, 0xFDBE, 
    0xFDBE, 0xFDBE, 0xFDBE, 0xFDBE, 0xFDBE, 0xFDBE, 0x1DBF, 0x9BAE, 
    0xA631, 0x5AAE, 0x3EBF, 0xFDBE, 
    0xFDBE, 0x1DBF, 0x1DB7, 0xFEBE, 0xFDBE, 0x1DB7, 0xFDBE, 0xFDBE, 0xFDBE, 0xFDBE, 0xFDBE, 0xFDBE, 
    0xFDBE, 0xFDBE, 0xFDBE, 0x1DB7, 0xFDBE, 0xFDBE, 0xFDBE, 0xFDBE, 0xFDBE, 0xFDB6, 0xF574, 0x39B6, 
    0xBCFF, 0x9BFF, 0x9CFF, 0x9CFF, 0x9CFF, 0x9CFF, 0x9CFF, 0x9CFF, 0x9CFF, 0x9CFF, 0x9CFF, 0x9CFF, 
    0x9CFF, 0x9CFF, 0x9CFF, 0x9CFF, 0x9CFF, 0x9CFF, 0x9CFF, 0x9CFF, 0x9CFF, 0x9CFF, 0x9CFF, 0x9CFF, 
    0x9CFF, 0x9CFF, 0x9CFF, 0x9CFF, 0x9CFF, 0x9CFF, 0x9CFF, 0x9CFF, 0x9CFF, 0x9CFF, 0x9CFF, 0x9CFF, 
    0x9CFF, 0x9CFF, 0x9CFF, 0x9BFF, 0xBCFF, 0x5B9E, 0xDB75, 0xFB7D, 0xFB7D, 0xDB7D, 0xDA85, 0xFB7D, 
    0xFB7D, 0xFA7D, 0xFA7D, 0xFC7D, 0xDB7D, 0xDB7D, 0xFB7D, 0xDA7D, 0xFC7D, 0xDB7D, 0x5CDF, 0xBCFF, 
    0x9DF7, 0x9CFF, 0x9CFF, 0xBDF7, 0xBDF7, 0xBDFF, 0x7BB6, 0xDB7D, 0xFB7D, 0xFB7D, 0xFB7D, 0xFB7D, 
    0xFB7D, 0xFB7D, 0xFB7D, 0xFB7D, 0xFB7D, 0xFB7D, 0xFB7D, 0xFB7D, 0xDB7D, 0x3AA6, 0xDDFF, 0x9BFF, 
    0x9CFF, 0x9CFF, 0x9BFF, 0x9BFF, 0x9CFF, 0x9CFF, 0x9CFF, 0x9CFF, 0x9CFF, 0x9CFF, 0x9CFF, 0x9CFF, 
    0x9CFF, 0x9CFF, 0x9CFF, 0x9CFF, 0x9CFF, 0x9CFF, 0x9CFF, 0x9CFF, 0x9CFF, 0x9CFF, 0x9CFF, 0x9CFF, 
    0x9CFF, 0x9CFF, 0x9CFF, 0x9CFF, 0x9CFF, 0x9CFF, 0x9CFF, 0x9CFF, 0x9CFF, 0x9CFF, 0x9CFF, 0x9CFF, 
    0x9CFF, 0x9CFF, 0x9CFF, 0x9CFF, 0x9CFF, 0x9CFF, 0x9CFF, 0x9CFF, 0x9CFF, 0x9CFF, 0x9CFF, 0x9CFF, 
    0x9CFF, 0x9CFF, 0x9CFF, 0x9CFF, 0x9CFF, 0x9CFF, 0x9CFF, 0x9CFF, 0x9CFF, 0x9CFF, 0x9CFF, 0x9CFF, 
    0x9CFF, 0x9CFF, 0x9CF7, 0x3B9E, 0xDA7D, 0xFC7D, 0xDB7D, 0xDA7D, 0xFA7D, 0xFB7D, 0xDB7D, 0xDB7D, 
    0xDB7D, 0xFB7D, 0xFA7D, 0xDB7D, 0xFA7D, 0xDB85, 0xDB7D, 0x1A86, 0x5DDF, 0xBDFF, 0x9DF7, 0x9DFF, 
    0x9CFF, 0xBDF7, 0x9CF7, 0xBCFF, 0x7BA6, 0xDC6D, 0xFB7D, 0xFA7D, 0xDB7D, 0xDB7D, 0xDB7D, 0xDB7D, 
    0xDB7D, 0xDB7D, 0xDB7D, 0xDB7D, 0xDB7D, 0xFB7D, 0xDA75, 0x7BAE, 0x9BFF, 0x9CFF, 0x9DFF, 0x9BFF, 
    0x9CFF, 0x9CFF, 0x9CFF, 0x9CFF, 0x9CFF, 0x9CFF, 0x9CFF, 0x9CFF, 0x9CFF, 0x9CFF, 0x9CFF, 0x9CFF, 
    0x9CFF, 0x9CFF, 0x9CFF, 0x9CFF, 0x9CFF, 0x9CFF, 0x9CFF, 0x9CFF, 0x9CFF, 0x9CFF, 0x9CFF, 0x9CFF, 
    0x9CFF, 0x9CFF, 0x9CFF, 0x9CFF, 0x9CFF, 0x9CFF, 0x9CFF, 0x9CFF, 0x7CFF, 0x9CFF, 0xBCFF, 0x7CFF, 
    0x9CFF, 0x5CE7, 0xD374, 0x3B9E, 0x1EBF, 0xFCBE, 0xFDBE, 0xFDBE, 0xFDBE, 0xFDBE, 0xFDBE, 0xFDBE, 
    0xFDBE, 0xFDBE, 0xFDBE, 0xFDBE, 0xFDBE, 0xFDBE, 0xFDBE, 0xFDBE, 0xFDBE, 0xFDBE, 0xFDBE, 0xFDBE, 
    0xFDBE, 0xFDBE, 0x1DBF, 0x9BAE, 
    0xA631, 0x5AAE, 0x3EBF, 0xFDBE, 0xFDBE, 0x1DBF, 0x1DB7, 0xFEBE, 
    0xFDBE, 0x1DB7, 0xFDBE, 0xFDBE, 0xFDBE, 0xFDBE, 0xFDBE, 0xFDBE, 0xFDBE, 0xFDBE, 0xFDBE, 0x1DB7, 
    0xFDBE, 0xFDBE, 0xFDBE, 0xFDBE, 0xFDBE, 0xFDB6, 0xF574, 0x39B6, 0xBCFF, 0x9BFF, 0x9CFF, 0x9CFF, 
    0x9CFF, 0x9CFF, 0x9CFF, 0x9CFF, 0x9CFF, 0x9CFF, 0x9CFF, 0x9CFF, 0x9CFF, 0x9CFF, 0x9CFF, 0x9CFF, 
    0x9CFF, 0x9CFF, 0x9CFF, 0x9CFF, 0x9CFF, 0x9CFF, 0x9CFF, 0x9CFF, 0x9CFF, 0x9CFF, 0x9CFF, 0x9CFF, 
    0x9CFF, 0x9CFF, 0x9CFF, 0x9CFF, 0x9CFF, 0x9CFF, 0x9CFF, 0x9CFF, 0x9CFF, 0x9CFF, 0x9CFF, 0x9BFF, 
    0x9CFF, 0x5B9E, 0xDB75, 0xFB7D, 0xFB7D, 0xDB7D, 0xDB7D, 0xFB7D, 0xFB7D, 0xDA85, 0xFB7D, 0xFB7D, 
    0xFA7D, 0xDB7D, 0xDB7D, 0xDA7D, 0xFB75, 0xDB7D, 0x5CDF, 0xBCFF, 0x9DF7, 0x9CFF, 0x9CFF, 0x9DF7, 
    0x9DF7, 0xBDFF, 0x7BB6, 0xDB75, 0xFB7D, 0xDB7D, 0xDB7D, 0xDB7D, 0xDB7D, 0xDB7D, 0xDB7D, 0xDB7D, 
    0xDB7D, 0xDB7D, 0xDB7D, 0xFB7D, 0xDB7D, 0x3AA6, 0xBDFF, 0x9BFF, 0x9CFF, 0x9CFF, 0x9CFF, 0x9CFF, 
    0x9CFF, 0x9CFF, 0x9CFF, 0x9CFF, 0x9CFF, 0x9CFF, 0x9CFF, 0x9CFF, 0x9CFF, 0x9CFF, 0x9CFF, 0x9CFF, 
    0x9CFF, 0x9CFF, 0x9CFF, 0x9CFF, 0x9CFF, 0x9CFF, 0x9CFF, 0x9CFF, 0x9CFF, 0x9CFF, 0x9CFF, 0x9CFF, 
    0x9CFF, 0x9CFF, 0x9CFF, 0x9CFF, 0x9CFF, 0x9CFF, 0x9CFF, 0x9CFF, 0x9CFF, 0x9CFF, 0x9CFF, 0x9CFF, 
    0x9CFF, 0x9CFF, 0x9CFF, 0x9CFF, 0x9CFF, 0x9CFF, 0x9CFF, 0x9CFF, 0x9CFF, 0x9CFF, 0x9CFF, 0x9CFF, 
    0x9CFF, 0x9CFF, 0x9CFF, 0x9CFF, 0x9CFF, 0x9CFF, 0x9CFF, 0x9CFF, 0x9CFF, 0x9CFF, 0x9CF7, 0x3B9E, 
    0xDA7D, 0xFC7D, 0xDB7D, 0xDA85, 0xFA7D, 0xFB7D, 0xDB7D, 0xDB7D, 0xDB7D, 0xDB7D, 0xFA7D, 0xDB7D, 
    0xFB7D, 0xDB85, 0xDB7D, 0x1A86, 0x5CDF, 0x9DFF, 0x9DF7, 0x9DFF, 0x9CFF, 0xBDF7, 0x9CFF, 0x9DFF, 
    0x7CA6, 0xFB75, 0xFA85, 0xDB7D, 0xDB7D, 0xDB7D, 0xDB7D, 0xDB7D, 0xDB7D, 0xDB7D, 0xDB7D, 0xDB7D, 
    0xDB7D, 0xFB7D, 0xBB75, 0x7BAE, 0x9BFF, 0x9CFF, 0x9DFF, 0x9BFF, 0x9CFF, 0x9CFF, 0x9CFF, 0x9CFF, 
    0x9CFF, 0x9CFF, 0x9CFF, 0x9CFF, 0x9CFF, 0x9CFF, 0x9CFF, 0x9CFF, 0x9CFF, 0x9CFF, 0x9CFF, 0x9CFF, 
    0x9CFF, 0x9CFF, 0x9CFF, 0x9CFF, 0x9CFF, 0x9CFF, 0x9CFF, 0x9CFF, 0x9CFF, 0x9CFF, 0x9CFF, 0x9CFF, 
    0x9CFF, 0x9CFF, 0x9CFF, 0x9CFF, 0x7CFF, 0x9CFF, 0xBCFF, 0x7CFF, 0x9CFF, 0x5CE7, 0xD374, 0x3B9E, 
    0x1EBF, 0xFCBE, 0xFDBE, 0xFDBE, 0xFDBE, 0xFDBE, 0xFDBE, 0xFDBE, 0xFDBE, 0xFDBE, 0xFDBE, 0xFDBE, 
    0xFDBE, 0xFDBE, 0xFDBE, 0xFDBE, 0xFDBE, 0xFDBE, 0xFDBE, 0xFDBE, 0xFDBE, 0xFDBE, 0x1DBF, 0x9BAE, 
    
    0xA631, 0x5AAE, 0x3EBF, 0xFDBE, 0xFDBE, 0x1DBF, 0x1DB7, 0xFEBE, 0xFDBE, 0x1DB7, 0xFDBE, 0xFDBE, 
    0xFDBE, 0xFDBE, 0xFDBE, 0xFDBE, 0xFDBE, 0xFDBE, 0xFDBE, 0x1DB7, 0xFDBE, 0xFDBE, 0xFDBE, 0xFDBE, 
    0xFDBE, 0xFDB6, 0xF574, 0x39B6, 0xBCFF, 0x9BFF, 0x9CFF, 0x9CFF, 0x9CFF, 0x9CFF, 0x9CFF, 0x9CFF, 
    0x9CFF, 0x9CFF, 0x9CFF, 0x9CFF, 0x9CFF, 0x9CFF, 0x9CFF, 0x9CFF, 0x9CFF, 0x9CFF, 0x9CFF, 0x9CFF, 
    0x9CFF, 0x9CFF, 0x9CFF, 0x9CFF, 0x9CFF, 0x9CFF, 0x9CFF, 0x9CFF, 0x9CFF, 0x9CFF, 0x9CFF, 0x9CFF, 
    0x9CFF, 0x9CFF, 0x9CFF, 0x9CFF, 0x9CFF, 0x9CFF, 0x9CFF, 0x9BFF, 0x9CFF, 0x5BA6, 0xDB75, 0xFA7D, 
    0xFA7D, 0xDB7D, 0xDB7D, 0xFB7D, 0xFB7D, 0xDA85, 0xDB7D, 0xFB7D, 0xFA7D, 0xDB7D, 0xDB7D, 0xDB7D, 
    0xFB75, 0xDA7D, 0x3DDF, 0xBDFF, 0x9DF7, 0x9CFF, 0x9CFF, 0x9DF7, 0x9DF7, 0xBDFF, 0x9BB6, 0xDB75, 
    0xFB7D, 0xDB7D, 0xDB7D, 0xDB7D, 0xDB7D, 0xDB7D, 0xDB7D, 0xDB7D, 0xDB7D, 0xDB7D, 0xDB7D, 0xFB7D, 
    0xDB7D, 0x3AA6, 0xBDF7, 0x9BFF, 0x9CFF, 0x9CFF, 0x9CFF, 0x9CFF, 0x9CFF, 0x9CFF, 0x9CFF, 0x9CFF, 
    0x9CFF, 0x9CFF, 0x9CFF, 0x9CFF, 0x9CFF, 0x9CFF, 0x9CFF, 0x9CFF, 0x9CFF, 0x9CFF, 0x9CFF, 0x9CFF, 
    0x9CFF, 0x9CFF, 0x9CFF, 0x9CFF, 0x9CFF, 0x9CFF, 0x9CFF, 0x9CFF, 0x9CFF, 0x9CFF, 0x9CFF, 0x9CFF, 
    0x9CFF, 0x9CFF, 0x9CFF, 0x9CFF, 0x9CFF, 0x9CFF, 0x9CFF, 0x9CFF, 0x9CFF, 0x9CFF, 0x9CFF, 0x9CFF, 
    0x9CFF, 0x9CFF, 0x9CFF, 0x9CFF, 0x9CFF, 0x9CFF, 0x9CFF, 0x9CFF, 0x9CFF, 0x9CFF, 0x9CFF, 0x9CFF, 
    0x9CFF, 0x9CFF, 0x9CFF, 0x9CFF, 0x9CFF, 0x9CFF, 0x9CF7, 0x3A9E, 0xDA7D, 0xFC7D, 0xDB85, 0xDA85, 
    0xFA7D, 0xFB7D, 0xDB7D, 0xDB7D, 0xDB7D, 0xDB7D, 0xFA7D, 0xDB7D, 0xFB7D, 0xDB85, 0xDB7D, 0x1A86, 
    0x5CDF, 0x9DFF, 0x9DF7, 0x9DF7, 0x9CFF, 0xBDF7, 0x9CFF, 0x9DFF, 0x5CA6, 0xFB75, 0xFA85, 0xDC7D, 
    0xDB7D, 0xDB7D, 0xDB7D, 0xDB7D, 0xDB7D, 0xDB7D, 0xDB7D, 0xDB7D, 0xDB7D, 0xFB7D, 0xBB75, 0x7BAE, 
    0x9BFF, 0x9CFF, 0x9DFF, 0x9BFF, 0x9CFF, 0x9CFF, 0x9CFF, 0x9CFF, 0x9CFF, 0x9CFF, 0x9CFF, 0x9CFF, 
    0x9CFF, 0x9CFF, 0x9CFF, 0x9CFF, 0x9CFF, 0x9CFF, 0x9CFF, 0x9CFF, 0x9CFF, 0x9CFF, 0x9CFF, 0x9CFF, 
    0x9CFF, 0x9CFF, 0x9CFF, 0x9CFF, 0x9CFF, 0x9CFF, 0x9CFF, 0x9CFF, 0x9CFF, 0x9CFF, 0x9CFF, 0x9CFF, 
    0x7CFF, 0x9CFF, 0xBCFF, 0x7CFF, 0x9CFF, 0x5CE7, 0xD374, 0x3B9E, 0x1EBF, 0xFCBE, 0xFDBE, 0xFDBE, 
    0xFDBE, 0xFDBE, 0xFDBE, 0xFDBE, 0xFDBE, 0xFDBE, 0xFDBE, 0xFDBE, 0xFDBE, 0xFDBE, 0xFDBE, 0xFDBE, 
    0xFDBE, 0xFDBE, 0xFDBE, 0xFDBE, 0xFDBE, 0xFDBE, 0x1DBF, 0x9BAE, 
    0xA631, 0x5AAE, 0x3EBF, 0xFDBE, 
    0xFDBE, 0x1DBF, 0x1DB7, 0xFEBE, 0xFDBE, 0x1DB7, 0xFDBE, 0xFDBE, 0xFDBE, 0xFDBE, 0xFDBE, 0xFDBE, 
    0xFDBE, 0xFDBE, 0xFDBE, 0x1DB7, 0xFDBE, 0xFDBE, 0xFDBE, 0xFDBE, 0xFDBE, 0xFDB6, 0xF574, 0x39B6, 
    0xBCFF, 0x9BFF, 0x9CFF, 0x9CFF, 0x9CFF, 0x9CFF, 0x9CFF, 0x9CFF, 0x9CFF, 0x9CFF, 0x9CFF, 0x9CFF, 
    0x9CFF, 0x9CFF, 0x9CFF, 0x9CFF, 0x9CFF, 0x9CFF, 0x9CFF, 0x9CFF, 0x9CFF, 0x9CFF, 0x9CFF, 0x9CFF, 
    0x9CFF, 0x9CFF, 0x9CFF, 0x9CFF, 0x9CFF, 0x9CFF, 0x9CFF, 0x9CFF, 0x9CFF, 0x9CFF, 0x9CFF, 0x9CFF, 
    0x9CFF, 0x9CFF, 0x9CFF, 0x9BFF, 0x9CFF, 0x5BA6, 0xDB75, 0xFA7D, 0xFA7D, 0xDB7D, 0xDB7D, 0xFB7D, 
    0xFB7D, 0xDA85, 0xDB7D, 0xFB7D, 0xFA7D, 0xDB7D, 0xDB7D, 0xDB7D, 0xFB75, 0xDA7D, 0x3DDF, 0xBDFF, 
    0x9DF7, 0x9CFF, 0x9CFF, 0x9DF7, 0x9DF7, 0xBDFF, 0x9BB6, 0xDB75, 0xFB7D, 0xDB7D, 0xDB7D, 0xDB7D, 
    0xDB7D, 0xDB7D, 0xDB7D, 0xDB7D, 0xDB7D, 0xDB7D, 0xDB7D, 0xFB7D, 0xDB7D, 0x3AA6, 0xBDF7, 0x9BFF, 
    0x9CFF, 0x9CFF, 0x9CFF, 0x9CFF, 0x9CFF, 0x9CFF, 0x9CFF, 0x9CFF, 0x9CFF, 0x9CFF, 0x9CFF, 0x9CFF, 
    0x9CFF, 0x9CFF, 0x9CFF, 0x9CFF, 0x9CFF, 0x9CFF, 0x9CFF, 0x9CFF, 0x9CFF, 0x9CFF, 0x9CFF, 0x9CFF, 
    0x9CFF, 0x9CFF, 0x9CFF, 0x9CFF, 0x9CFF, 0x9CFF, 0x9CFF, 0x9CFF, 0x9CFF, 0x9CFF, 0x9CFF, 0x9CFF, 
    0x9CFF, 0x9CFF, 0x9CFF, 0x9CFF, 0x9CFF, 0x9CFF, 0x9CFF, 0x9CFF, 0x9CFF, 0x9CFF, 0x9CFF, 0x9CFF, 
    0x9CFF, 0x9CFF, 0x9CFF, 0x9CFF, 0x9CFF, 0x9CFF, 0x9CFF, 0x9CFF, 0x9CFF, 0x9CFF, 0x9CFF, 0x9CFF, 
    0x9CFF, 0x9CFF, 0x9CF7, 0x3A9E, 0xDA7D, 0xFC7D, 0xDB85, 0xDA85, 0xFA7D, 0xFB7D, 0xDB7D, 0xDB7D, 
    0xDB7D, 0xDB7D, 0xFA7D, 0xDB7D, 0xFB7D, 0xDB85, 0xDB7D, 0x1A86, 0x5CDF, 0x9DFF, 0x9DF7, 0x9DF7, 
    0x9CFF, 0xBDF7, 0x9CFF, 0x9DFF, 0x5CA6, 0xFB75, 0xFA85, 0xDB7D, 0xDB7D, 0xDB7D, 0xDB7D, 0xDB7D, 
    0xDB7D, 0xDB7D, 0xDB7D, 0xDB7D, 0xDB7D, 0xFB7D, 0xBB75, 0x7BAE, 0x9BFF, 0x9CFF, 0x9DFF, 0x9BFF, 
    0x9CFF, 0x9CFF, 0x9CFF, 0x9CFF, 0x9CFF, 0x9CFF, 0x9CFF, 0x9CFF, 0x9CFF, 0x9CFF, 0x9CFF, 0x9CFF, 
    0x9CFF, 0x9CFF, 0x9CFF, 0x9CFF, 0x9CFF, 0x9CFF, 0x9CFF, 0x9CFF, 0x9CFF, 0x9CFF, 0x9CFF, 0x9CFF, 
    0x9CFF, 0x9CFF, 0x9CFF, 0x9CFF, 0x9CFF, 0x9CFF, 0x9CFF, 0x9CFF, 0x7CFF, 0x9CFF, 0xBCFF, 0x7CFF, 
    0x9CFF, 0x5CE7, 0xD374, 0x3B9E, 0x1EBF, 0xFCBE, 0xFDBE, 0xFDBE, 0xFDBE, 0xFDBE, 0xFDBE, 0xFDBE, 
    0xFDBE, 0xFDBE, 0xFDBE, 0xFDBE, 0xFDBE, 0xFDBE, 0xFDBE, 0xFDBE, 0xFDBE, 0xFDBE, 0xFDBE, 0xFDBE, 
    0xFDBE, 0xFDBE, 0x1DBF, 0x9BAE, 
    0xA631, 0x5AAE, 0x3EBF, 0xFDBE, 0xFDBE, 0x1DBF, 0x1DB7, 0xFEBE, 
    0xFDBE, 0x1DB7, 0xFDBE, 0xFDBE, 0xFDBE, 0xFDBE, 0xFDBE, 0xFDBE, 0xFDBE, 0xFDBE, 0xFDBE, 0x1DB7, 
    0xFDBE, 0xFDBE, 0xFDBE, 0xFDBE, 0xFDBE, 0xFDB6, 0xF574, 0x39B6, 0xBCFF, 0x9BFF, 0x9CFF, 0x9CFF, 
    0x9CFF, 0x9CFF, 0x9CFF, 0x9CFF, 0x9CFF, 0x9CFF, 0x9CFF, 0x9CFF, 0x9CFF, 0x9CFF, 0x9CFF, 0x9CFF, 
    0x9CFF, 0x9CFF, 0x9CFF, 0x9CFF, 0x9CFF, 0x9CFF, 0x9CFF, 0x9CFF, 0x9CFF, 0x9CFF, 0x9CFF, 0x9CFF, 
    0x9CFF, 0x9CFF, 0x9CFF, 0x9CFF, 0x9CFF, 0x9CFF, 0x9CFF, 0x9CFF, 0x9CFF, 0x9CFF, 0x9CFF, 0x9BFF, 
    0x9CFF, 0x5BA6, 0xDB75, 0xFA7D, 0xFA7D, 0xDB7D, 0xDB7D, 0xFB7D, 0xFB7D, 0xDA85, 0xDB7D, 0xFB7D, 
    0xFA7D, 0xDB7D, 0xDB7D, 0xDB7D, 0xFB75, 0xDA7D, 0x3DDF, 0xBDFF, 0x9DF7, 0x9CFF, 0x9CFF, 0x9DF7, 
    0x9DF7, 0xBDFF, 0x9BB6, 0xDB75, 0xFB7D, 0xDB7D, 0xDB7D, 0xDB7D, 0xDB7D, 0xDB7D, 0xDB7D, 0xDB7D, 
    0xDB7D, 0xDB7D, 0xDB7D, 0xFB7D, 0xDB7D, 0x3AA6, 0xBDF7, 0x9BFF, 0x9CFF, 0x9CFF, 0x9CFF, 0x9CFF, 
    0x9CFF, 0x9CFF, 0x9CFF, 0x9CFF, 0x9CFF, 0x9CFF, 0x9CFF, 0x9CFF, 0x9CFF, 0x9CFF, 0x9CFF, 0x9CFF, 
    0x9CFF, 0x9CFF, 0x9CFF, 0x9CFF, 0x9CFF, 0x9CFF, 0x9CFF, 0x9CFF, 0x9CFF, 0x9CFF, 0x9CFF, 0x9CFF, 
    0x9CFF, 0x9CFF, 0x9CFF, 0x9CFF, 0x9CFF, 0x9CFF, 0x9CFF, 0x9CFF, 0x9CFF, 0x9CFF, 0x9CFF, 0x9CFF, 
    0x9CFF, 0x9CFF, 0x9CFF, 0x9CFF, 0x9CFF, 0x9CFF, 0x9CFF, 0x9CFF, 0x9CFF, 0x9CFF, 0x9CFF, 0x9CFF, 
    0x9CFF, 0x9CFF, 0x9CFF, 0x9CFF, 0x9CFF, 0x9CFF, 0x9CFF, 0x9CFF, 0x9CFF, 0x9CFF, 0x9CF7, 0x3A9E, 
    0xDA7D, 0xFC7D, 0xDB85, 0xDA85, 0xFA7D, 0xFB7D, 0xDB7D, 0xDB7D, 0xDB7D, 0xDB7D, 0xFA7D, 0xDB7D, 
    0xFB7D, 0xDB85, 0xDB7D, 0x1A86, 0x5CDF, 0x9DFF, 0x9DF7, 0x9DF7, 0x9CFF, 0xBDF7, 0x9CFF, 0x9DFF, 
    0x5CA6, 0xFB75, 0xFA85, 0xDB7D, 0xDB7D, 0xDB7D, 0xDB7D, 0xDB7D, 0xDB7D, 0xDB7D, 0xDB7D, 0xDB7D, 
    0xDB7D, 0xFB7D, 0xBB75, 0x7BAE, 0x9BFF, 0x9CFF, 0x9DFF, 0x9BFF, 0x9CFF, 0x9CFF, 0x9CFF, 0x9CFF, 
    0x9CFF, 0x9CFF, 0x9CFF, 0x9CFF, 0x9CFF, 0x9CFF, 0x9CFF, 0x9CFF, 0x9CFF, 0x9CFF, 0x9CFF, 0x9CFF, 
    0x9CFF, 0x9CFF, 0x9CFF, 0x9CFF, 0x9CFF, 0x9CFF, 0x9CFF, 0x9CFF, 0x9CFF, 0x9CFF, 0x9CFF, 0x9CFF, 
    0x9CFF, 0x9CFF, 0x9CFF, 0x9CFF, 0x7CFF, 0x9CFF, 0xBCFF, 0x7CFF, 0x9CFF, 0x5CE7, 0xD374, 0x3B9E, 
    0x1EBF, 0xFCBE, 0xFDBE, 0xFDBE, 0xFDBE, 0xFDBE, 0xFDBE, 0xFDBE, 0xFDBE, 0xFDBE, 0xFDBE, 0xFDBE, 
    0xFDBE, 0xFDBE, 0xFDBE, 0xFDBE, 0xFDBE, 0xFDBE, 0xFDBE, 0xFDBE, 0xFDBE, 0xFDBE, 0x1DBF, 0x9BAE, 
    
    0xA631, 0x5AAE, 0x3EBF, 0xFDBE, 0xFDBE, 0x1DBF, 0x1DB7, 0xFEBE, 0xFDBE, 0x1DB7, 0xFDBE, 0xFDBE, 
    0xFDBE, 0xFDBE, 0xFDBE, 0xFDBE, 0xFDBE, 0xFDBE, 0xFDBE, 0x1DB7, 0xFDBE, 0xFDBE, 0xFDBE, 0xFDBE, 
    0xFDBE, 0xFDB6, 0xF574, 0x39B6, 0xBCFF, 0x9BFF, 0x9CFF, 0x9CFF, 0x9CFF, 0x9CFF, 0x9CFF, 0x9CFF, 
    0x9CFF, 0x9CFF, 0x9CFF, 0x9CFF, 0x9CFF, 0x9CFF, 0x9CFF, 0x9CFF, 0x9CFF, 0x9CFF, 0x9CFF, 0x9CFF, 
    0x9CFF, 0x9CFF, 0x9CFF, 0x9CFF, 0x9CFF, 0x9CFF, 0x9CFF, 0x9CFF, 0x9CFF, 0x9CFF, 0x9CFF, 0x9CFF, 
    0x9CFF, 0x9CFF, 0x9CFF, 0x9CFF, 0x9CFF, 0x9CFF, 0x9CFF, 0x9BFF, 0x9CFF, 0x5BA6, 0xDB75, 0xFA7D, 
    0xFA7D, 0xDB7D, 0xDB7D, 0xFB7D, 0xFB7D, 0xDA85, 0xDB7D, 0xFB7D, 0xFA7D, 0xDB7D, 0xDB7D, 0xDB7D, 
    0xFB75, 0xDA7D, 0x3DDF, 0xBDFF, 0x9DF7, 0x9CFF, 0x9CFF, 0x9DF7, 0x9DF7, 0xBDFF, 0x9BB6, 0xDB75, 
    0xFB7D, 0xDB7D, 0xDB7D, 0xDB7D, 0xDB7D, 0xDB7D, 0xDB7D, 0xDB7D, 0xDB7D, 0xDB7D, 0xDB7D, 0xFB7D, 
    0xDB7D, 0x3AA6, 0xBDF7, 0x9BFF, 0x9CFF, 0x9CFF, 0x9CFF, 0x9CFF, 0x9CFF, 0x9CFF, 0x9CFF, 0x9CFF, 
    0x9CFF, 0x9CFF, 0x9CFF, 0x9CFF, 0x9CFF, 0x9CFF, 0x9CFF, 0x9CFF, 0x9CFF, 0x9CFF, 0x9CFF, 0x9CFF, 
    0x9CFF, 0x9CFF, 0x9CFF, 0x9CFF, 0x9CFF, 0x9CFF, 0x9CFF, 0x9CFF, 0x9CFF, 0x9CFF, 0x9CFF, 0x9CFF, 
    0x9CFF, 0x9CFF, 0x9CFF, 0x9CFF, 0x9CFF, 0x9CFF, 0x9CFF, 0x9CFF, 0x9CFF, 0x9CFF, 0x9CFF, 0x9CFF, 
    0x9CFF, 0x9CFF, 0x9CFF, 0x9CFF, 0x9CFF, 0x9CFF, 0x9CFF, 0x9CFF, 0x9CFF, 0x9CFF, 0x9CFF, 0x9CFF, 
    0x9CFF, 0x9CFF, 0x9CFF, 0x9CFF, 0x9CFF, 0x9CFF, 0x9CF7, 0x3A9E, 0xDA7D, 0xFC7D, 0xDB85, 0xDA85, 
    0xFA7D, 0xFB7D, 0xDB7D, 0xDB7D, 0xDB7D, 0xDB7D, 0xFA7D, 0xDB7D, 0xFB7D, 0xDB85, 0xDB7D, 0x1A86, 
    0x5CDF, 0x9DFF, 0x9DF7, 0x9DF7, 0x9CFF, 0xBDF7, 0x9CFF, 0x9DFF, 0x5CA6, 0xFB75, 0xFA85, 0xDB7D, 
    0xDB7D, 0xDB7D, 0xDB7D, 0xDB7D, 0xDB7D, 0xDB7D, 0xDB7D, 0xDB7D, 0xDB7D, 0xFB7D, 0xBB75, 0x7BAE, 
    0x9BFF, 0x9CFF, 0x9DFF, 0x9BFF, 0x9CFF, 0x9CFF, 0x9CFF, 0x9CFF, 0x9CFF, 0x9CFF, 0x9CFF, 0x9CFF, 
    0x9CFF, 0x9CFF, 0x9CFF, 0x9CFF, 0x9CFF, 0x9CFF, 0x9CFF, 0x9CFF, 0x9CFF, 0x9CFF, 0x9CFF, 0x9CFF, 
    0x9CFF, 0x9CFF, 0x9CFF, 0x9CFF, 0x9CFF, 0x9CFF, 0x9CFF, 0x9CFF, 0x9CFF, 0x9CFF, 0x9CFF, 0x9CFF, 
    0x7CFF, 0x9CFF, 0xBCFF, 0x7CFF, 0x9CFF, 0x5CE7, 0xD374, 0x3B9E, 0x1EBF, 0xFCBE, 0xFDBE, 0xFDBE, 
    0xFDBE, 0xFDBE, 0xFDBE, 0xFDBE, 0xFDBE, 0xFDBE, 0xFDBE, 0xFDBE, 0xFDBE, 0xFDBE, 0xFDBE, 0xFDBE, 
    0xFDBE, 0xFDBE, 0xFDBE, 0xFDBE, 0xFDBE, 0xFDBE, 0x1DBF, 0x9BAE, 
    0xA631, 0x5AAE, 0x3EBF, 0xFDBE, 
    0xFDBE, 0x1DBF, 0x1DB7, 0xFEBE, 0xFDBE, 0x1DB7, 0xFDBE, 0xFDBE, 0xFDBE, 0xFDBE, 0xFDBE, 0xFDBE, 
    0xFDBE, 0xFDBE, 0xFDBE, 0x1DB7, 0xFDBE, 0xFDBE, 0xFDBE, 0xFDBE, 0xFDBE, 0xFDB6, 0xF574, 0x39B6, 
    0xBCFF, 0x9BFF, 0x9CFF, 0x9CFF, 0x9CFF, 0x9CFF, 0x9CFF, 0x9CFF, 0x9CFF, 0x9CFF, 0x9CFF, 0x9CFF, 
    0x9CFF, 0x9CFF, 0x9CFF, 0x9CFF, 0x9CFF, 0x9CFF, 0x9CFF, 0x9CFF, 0x9CFF, 0x9CFF, 0x9CFF, 0x9CFF, 
    0x9CFF, 0x9CFF, 0x9CFF, 0x9CFF, 0x9CFF, 0x9CFF, 0x9CFF, 0x9CFF, 0x9CFF, 0x9CFF, 0x9CFF, 0x9CFF, 
    0x9CFF, 0x9CFF, 0x9CFF, 0x9BFF, 0x9CFF, 0x5BA6, 0xDB75, 0xFA7D, 0xFA7D, 0xDB7D, 0xDB7D, 0xFB7D, 
    0xFB7D, 0xDA85, 0xDB7D, 0xFB7D, 0xFA7D, 0xDB7D, 0xDB7D, 0xDB7D, 0xFB75, 0xDA7D, 0x3DDF, 0xBDFF, 
    0x9DF7, 0x9CFF, 0x9CFF, 0x9DF7, 0x9DF7, 0xBDFF, 0x9BB6, 0xDB75, 0xFB7D, 0xDB7D, 0xDB7D, 0xDB7D, 
    0xDB7D, 0xDB7D, 0xDB7D, 0xDB7D, 0xDB7D, 0xDB7D, 0xDB7D, 0xFB7D, 0xDB7D, 0x3AA6, 0xBDF7, 0x9BFF, 
    0x9CFF, 0x9CFF, 0x9CFF, 0x9CFF, 0x9CFF, 0x9CFF, 0x9CFF, 0x9CFF, 0x9CFF, 0x9CFF, 0x9CFF, 0x9CFF, 
    0x9CFF, 0x9CFF, 0x9CFF, 0x9CFF, 0x9CFF, 0x9CFF, 0x9CFF, 0x9CFF, 0x9CFF, 0x9CFF, 0x9CFF, 0x9CFF, 
    0x9CFF, 0x9CFF, 0x9CFF, 0x9CFF, 0x9CFF, 0x9CFF, 0x9CFF, 0x9CFF, 0x9CFF, 0x9CFF, 0x9CFF, 0x9CFF, 
    0x9CFF, 0x9CFF, 0x9CFF, 0x9CFF, 0x9CFF, 0x9CFF, 0x9CFF, 0x9CFF, 0x9CFF, 0x9CFF, 0x9CFF, 0x9CFF, 
    0x9CFF, 0x9CFF, 0x9CFF, 0x9CFF, 0x9CFF, 0x9CFF, 0x9CFF, 0x9CFF, 0x9CFF, 0x9CFF, 0x9CFF, 0x9CFF, 
    0x9CFF, 0x9CFF, 0x9CF7, 0x3A9E, 0xDA7D, 0xFC7D, 0xDB85, 0xDA85, 0xFA7D, 0xFB7D, 0xDB7D, 0xDB7D, 
    0xDB7D, 0xDB7D, 0xFA7D, 0xDB7D, 0xFB7D, 0xDB85, 0xDB7D, 0x1A86, 0x5CDF, 0x9DFF, 0x9DF7, 0x9DF7, 
    0x9CFF, 0xBDF7, 0x9CFF, 0x9DFF, 0x5CA6, 0xFB75, 0xFA85, 0xDB7D, 0xDB7D, 0xDB7D, 0xDB7D, 0xDB7D, 
    0xDB7D, 0xDB7D, 0xDB7D, 0xDB7D, 0xDB7D, 0xFB7D, 0xBB75, 0x7BAE, 0x9BFF, 0x9CFF, 0x9DFF, 0x9BFF, 
    0x9CFF, 0x9CFF, 0x9CFF, 0x9CFF, 0x9CFF, 0x9CFF, 0x9CFF, 0x9CFF, 0x9CFF, 0x9CFF, 0x9CFF, 0x9CFF, 
    0x9CFF, 0x9CFF, 0x9CFF, 0x9CFF, 0x9CFF, 0x9CFF, 0x9CFF, 0x9CFF, 0x9CFF, 0x9CFF, 0x9CFF, 0x9CFF, 
    0x9CFF, 0x9CFF, 0x9CFF, 0x9CFF, 0x9CFF, 0x9CFF, 0x9CFF, 0x9CFF, 0x7CFF, 0x9CFF, 0xBCFF, 0x7CFF, 
    0x9CFF, 0x5CE7, 0xD374, 0x3B9E, 0x1EBF, 0xFCBE, 0xFDBE, 0xFDBE, 0xFDBE, 0xFDBE, 0xFDBE, 0xFDBE, 
    0xFDBE, 0xFDBE, 0xFDBE, 0xFDBE, 0xFDBE, 0xFDBE, 0xFDBE, 0xFDBE, 0xFDBE, 0xFDBE, 0xFDBE, 0xFDBE, 
    0xFDBE, 0xFDBE, 0x1DBF, 0x9BAE, 
    0xA631, 0x5AAE, 0x3EBF, 0xFDBE, 0xFDBE, 0x1DBF, 0x1DB7, 0xFEBE, 
    0xFDBE, 0x1DB7, 0xFDBE, 0xFDBE, 0xFDBE, 0xFDBE, 0xFDBE, 0xFDBE, 0xFDBE, 0xFDBE, 0xFDBE, 0x1DB7, 
    0xFDBE, 0xFDBE, 0xFDBE, 0xFDBE, 0xFDBE, 0xFDB6, 0xF574, 0x39B6, 0xBCFF, 0x9BFF, 0x9CFF, 0x9CFF, 
    0x9CFF, 0x9CFF, 0x9CFF, 0x9CFF, 0x9CFF, 0x9CFF, 0x9CFF, 0x9CFF, 0x9CFF, 0x9CFF, 0x9CFF, 0x9CFF, 
    0x9CFF, 0x9CFF, 0x9CFF, 0x9CFF, 0x9CFF, 0x9CFF, 0x9CFF, 0x9CFF, 0x9CFF, 0x9CFF, 0x9CFF, 0x9CFF, 
    0x9CFF, 0x9CFF, 0x9CFF, 0x9CFF, 0x9CFF, 0x9CFF, 0x9CFF, 0x9CFF, 0x9CFF, 0x9CFF, 0x9CFF, 0x9BFF, 
    0x9CFF, 0x5BA6, 0xDB75, 0xFA7D, 0xFA7D, 0xDB7D, 0xDB7D, 0xFB7D, 0xFB7D, 0xDA85, 0xDB7D, 0xFB7D, 
    0xFA7D, 0xDB7D, 0xDB7D, 0xDB7D, 0xFB75, 0xDA7D, 0x3DDF, 0xBDFF, 0x9DF7, 0x9CFF, 0x9CFF, 0x9DF7, 
    0x9DF7, 0xBDFF, 0x9BB6, 0xDB75, 0xFB7D, 0xDB7D, 0xDB7D, 0xDB7D, 0xDB7D, 0xDB7D, 0xDB7D, 0xDB7D, 
    0xDB7D, 0xDB7D, 0xDB7D, 0xFB7D, 0xDB7D, 0x3AA6, 0xBDF7, 0x9BFF, 0x9CFF, 0x9CFF, 0x9CFF, 0x9CFF, 
    0x9CFF, 0x9CFF, 0x9CFF, 0x9CFF, 0x9CFF, 0x9CFF, 0x9CFF, 0x9CFF, 0x9CFF, 0x9CFF, 0x9CFF, 0x9CFF, 
    0x9CFF, 0x9CFF, 0x9CFF, 0x9CFF, 0x9CFF, 0x9CFF, 0x9CFF, 0x9CFF, 0x9CFF, 0x9CFF, 0x9CFF, 0x9CFF, 
    0x9CFF, 0x9CFF, 0x9CFF, 0x9CFF, 0x9CFF, 0x9CFF, 0x9CFF, 0x9CFF, 0x9CFF, 0x9CFF, 0x9CFF, 0x9CFF, 
    0x9CFF, 0x9CFF, 0x9CFF, 0x9CFF, 0x9CFF, 0x9CFF, 0x9CFF, 0x9CFF, 0x9CFF, 0x9CFF, 0x9CFF, 0x9CFF, 
    0x9CFF, 0x9CFF, 0x9CFF, 0x9CFF, 0x9CFF, 0x9CFF, 0x9CFF, 0x9CFF, 0x9CFF, 0x9CFF, 0x9CF7, 0x3A9E, 
    0xDA7D, 0xFC7D, 0xDB85, 0xDA85, 0xFA7D, 0xFB7D, 0xDB7D, 0xDB7D, 0xDB7D, 0xDB7D, 0xFA7D, 0xDB7D, 
    0xFB7D, 0xDB85, 0xDB7D, 0x1A86, 0x5CDF, 0x9DFF, 0x9DF7, 0x9DF7, 0x9CFF, 0xBDF7, 0x9CFF, 0x9DFF, 
    0x5CA6, 0xFB75, 0xFA85, 0xDB7D, 0xDB7D, 0xDB7D, 0xDB7D, 0xDB7D, 0xDB7D, 0xDB7D, 0xDB7D, 0xDB7D, 
    0xDB7D, 0xFB7D, 0xBB75, 0x7BAE, 0x9BFF, 0x9CFF, 0x9DFF, 0x9BFF, 0x9CFF, 0x9CFF, 0x9CFF, 0x9CFF, 
    0x9CFF, 0x9CFF, 0x9CFF, 0x9CFF, 0x9CFF, 0x9CFF, 0x9CFF, 0x9CFF, 0x9CFF, 0x9CFF, 0x9CFF, 0x9CFF, 
    0x9CFF, 0x9CFF, 0x9CFF, 0x9CFF, 0x9CFF, 0x9CFF, 0x9CFF, 0x9CFF, 0x9CFF, 0x9CFF, 0x9CFF, 0x9CFF, 
    0x9CFF, 0x9CFF, 0x9CFF, 0x9CFF, 0x7CFF, 0x9CFF, 0xBCFF, 0x7CFF, 0x9CFF, 0x5CE7, 0xD374, 0x3B9E, 
    0x1EBF, 0xFCBE, 0xFDBE, 0xFDBE, 0xFDBE, 0xFDBE, 0xFDBE, 0xFDBE, 0xFDBE, 0xFDBE, 0xFDBE, 0xFDBE, 
    0xFDBE, 0xFDBE, 0xFDBE, 0xFDBE, 0xFDBE, 0xFDBE, 0xFDBE, 0xFDBE, 0xFDBE, 0xFDBE, 0x1DBF, 0x9BAE, 
    
    0xA631, 0x5AAE, 0x3EBF, 0xFDBE, 0xFDBE, 0x1DBF, 0x1DB7, 0xFEBE, 0xFDBE, 0x1DB7, 0xFDBE, 0xFDBE, 
    0xFDBE, 0xFDBE, 0xFDBE, 0xFDBE, 0xFDBE, 0xFDBE, 0xFDBE, 0x1DB7, 0xFDBE, 0xFDBE, 0xFDBE, 0xFDBE, 
    0xFDBE, 0xFDB6, 0xF574, 0x39B6, 0xBCFF, 0x9BFF, 0x9CFF, 0x9CFF, 0x9CFF, 0x9CFF, 0x9CFF, 0x9CFF, 
    0x9CFF, 0x9CFF, 0x9CFF, 0x9CFF, 0x9CFF, 0x9CFF, 0x9CFF, 0x9CFF, 0x9CFF, 0x9CFF, 0x9CFF, 0x9CFF, 
    0x9CFF, 0x9CFF, 0x9CFF, 0x9CFF, 0x9CFF, 0x9CFF, 0x9CFF, 0x9CFF, 0x9CFF, 0x9CFF, 0x9CFF, 0x9CFF, 
    0x9CFF, 0x9CFF, 0x9CFF, 0x9CFF, 0x9CFF, 0x9CFF, 0x9CFF, 0x9BFF, 0x9CFF, 0x5BA6, 0xDB75, 0xFA7D, 
    0xFA7D, 0xDB7D, 0xDB7D, 0xFB7D, 0xFB7D, 0xDA85, 0xDB7D, 0xFB7D, 0xFA7D, 0xDB7D, 0xDB7D, 0xDB7D, 
    0xFB75, 0xDA7D, 0x3DDF, 0xBDFF, 0x9DF7, 0x9CFF, 0x9CFF, 0x9DF7, 0x9DF7, 0xBDFF, 0x9BB6, 0xDB75, 
    0xFB7D, 0xDB7D, 0xDB7D, 0xDB7D, 0xDB7D, 0xDB7D, 0xDB7D, 0xDB7D, 0xDB7D, 0xDB7D, 0xDB7D, 0xFB7D, 
    0xDB7D, 0x3AA6, 0xBDF7, 0x9BFF, 0x9CFF, 0x9CFF, 0x9CFF, 0x9CFF, 0x9CFF, 0x9CFF, 0x9CFF, 0x9CFF, 
    0x9CFF, 0x9CFF, 0x9CFF, 0x9CFF, 0x9CFF, 0x9CFF, 0x9CFF, 0x9CFF, 0x9CFF, 0x9CFF, 0x9CFF, 0x9CFF, 
    0x9CFF, 0x9CFF, 0x9CFF, 0x9CFF, 0x9CFF, 0x9CFF, 0x9CFF, 0x9CFF, 0x9CFF, 0x9CFF, 0x9CFF, 0x9CFF, 
    0x9CFF, 0x9CFF, 0x9CFF, 0x9CFF, 0x9CFF, 0x9CFF, 0x9CFF, 0x9CFF, 0x9CFF, 0x9CFF, 0x9CFF, 0x9CFF, 
    0x9CFF, 0x9CFF, 0x9CFF, 0x9CFF, 0x9CFF, 0x9CFF, 0x9CFF, 0x9CFF, 0x9CFF, 0x9CFF, 0x9CFF, 0x9CFF, 
    0x9CFF, 0x9CFF, 0x9CFF, 0x9CFF, 0x9CFF, 0x9CFF, 0x9CF7, 0x3A9E, 0xDA7D, 0xFC7D, 0xDB85, 0xDA85, 
    0xFA7D, 0xFB7D, 0xDB7D, 0xDB7D, 0xDB7D, 0xDB7D, 0xFA7D, 0xDB7D, 0xFB7D, 0xDB85, 0xDB7D, 0x1A86, 
    0x5CDF, 0x9DFF, 0x9DF7, 0x9DF7, 0x9CFF, 0xBDF7, 0x9CFF, 0x9DFF, 0x5CA6, 0xFB75, 0xFA85, 0xDB7D, 
    0xDB7D, 0xDB7D, 0xDB7D, 0xDB7D, 0xDB7D, 0xDB7D, 0xDB7D, 0xDB7D, 0xDB7D, 0xFB7D, 0xBB75, 0x7BAE, 
    0x9BFF, 0x9CFF, 0x9DFF, 0x9BFF, 0x9CFF, 0x9CFF, 0x9CFF, 0x9CFF, 0x9CFF, 0x9CFF, 0x9CFF, 0x9CFF, 
    0x9CFF, 0x9CFF, 0x9CFF, 0x9CFF, 0x9CFF, 0x9CFF, 0x9CFF, 0x9CFF, 0x9CFF, 0x9CFF, 0x9CFF, 0x9CFF, 
    0x9CFF, 0x9CFF, 0x9CFF, 0x9CFF, 0x9CFF, 0x9CFF, 0x9CFF, 0x9CFF, 0x9CFF, 0x9CFF, 0x9CFF, 0x9CFF, 
    0x7CFF, 0x9CFF, 0xBCFF, 0x7CFF, 0x9CFF, 0x5CE7, 0xD374, 0x3B9E, 0x1EBF, 0xFCBE, 0xFDBE, 0xFDBE, 
    0xFDBE, 0xFDBE, 0xFDBE, 0xFDBE, 0xFDBE, 0xFDBE, 0xFDBE, 0xFDBE, 0xFDBE, 0xFDBE, 0xFDBE, 0xFDBE, 
    0xFDBE, 0xFDBE, 0xFDBE, 0xFDBE, 0xFDBE, 0xFDBE, 0x1DBF, 0x9BAE, 
    0xA631, 0x5AAE, 0x3EBF, 0xFDBE, 
    0xFDBE, 0x1DBF, 0x1DB7, 0xFEBE, 0xFDBE, 0x1DB7, 0xFDBE, 0xFDBE, 0xFDBE, 0xFDBE, 0xFDBE, 0xFDBE, 
    0xFDBE, 0xFDBE, 0xFDBE, 0x1DB7, 0xFDBE, 0xFDBE, 0xFDBE, 0xFDBE, 0xFDBE, 0xFDB6, 0xF574, 0x39B6, 
    0xBCFF, 0x9BFF, 0x9CFF, 0x9CFF, 0x9CFF, 0x9CFF, 0x9CFF, 0x9CFF, 0x9CFF, 0x9CFF, 0x9CFF, 0x9CFF, 
    0x9CFF, 0x9CFF, 0x9CFF, 0x9CFF, 0x9CFF, 0x9CFF, 0x9CFF, 0x9CFF, 0x9CFF, 0x9CFF, 0x9CFF, 0x9CFF, 
    0x9CFF, 0x9CFF, 0x9CFF, 0x9CFF, 0x9CFF, 0x9CFF, 0x9CFF, 0x9CFF, 0x9CFF, 0x9CFF, 0x9CFF, 0x9CFF, 
    0x9CFF, 0x9CFF, 0x9CFF, 0x9BFF, 0x9CFF, 0x5BA6, 0xDB75, 0xFA7D, 0xFA7D, 0xDB7D, 0xDB7D, 0xFB7D, 
    0xFB7D, 0xDA85, 0xDB7D, 0xFB7D, 0xFA7D, 0xDB7D, 0xDB7D, 0xDB7D, 0xFB75, 0xDA7D, 0x3DDF, 0xBDFF, 
    0x9DF7, 0x9CFF, 0x9CFF, 0x9DF7, 0x9DF7, 0xBDFF, 0x9BB6, 0xDB75, 0xFB7D, 0xDB7D, 0xDB7D, 0xDB7D, 
    0xDB7D, 0xDB7D, 0xDB7D, 0xDB7D, 0xDB7D, 0xDB7D, 0xDB7D, 0xFB7D, 0xDB7D, 0x3AA6, 0xBDF7, 0x9BFF, 
    0x9CFF, 0x9CFF, 0x9CFF, 0x9CFF, 0x9CFF, 0x9CFF, 0x9CFF, 0x9CFF, 0x9CFF, 0x9CFF, 0x9CFF, 0x9CFF, 
    0x9CFF, 0x9CFF, 0x9CFF, 0x9CFF, 0x9CFF, 0x9CFF, 0x9CFF, 0x9CFF, 0x9CFF, 0x9CFF, 0x9CFF, 0x9CFF, 
    0x9CFF, 0x9CFF, 0x9CFF, 0x9CFF, 0x9CFF, 0x9CFF, 0x9CFF, 0x9CFF, 0x9CFF, 0x9CFF, 0x9CFF, 0x9CFF, 
    0x9CFF, 0x9CFF, 0x9CFF, 0x9CFF, 0x9CFF, 0x9CFF, 0x9CFF, 0x9CFF, 0x9CFF, 0x9CFF, 0x9CFF, 0x9CFF, 
    0x9CFF, 0x9CFF, 0x9CFF, 0x9CFF, 0x9CFF, 0x9CFF, 0x9CFF, 0x9CFF, 0x9CFF, 0x9CFF, 0x9CFF, 0x9CFF, 
    0x9CFF, 0x9CFF, 0x9CF7, 0x3A9E, 0xDA7D, 0xFC7D, 0xDB85, 0xDA85, 0xFA7D, 0xFB7D, 0xDB7D, 0xDB7D, 
    0xDB7D, 0xDB7D, 0xFA7D, 0xDB7D, 0xFB7D, 0xDB85, 0xDB7D, 0x1A86, 0x5CDF, 0x9DFF, 0x9DF7, 0x9DF7, 
    0x9CFF, 0xBDF7, 0x9CFF, 0x9DFF, 0x5CA6, 0xFB75, 0xFA85, 0xDB7D, 0xDB7D, 0xDB7D, 0xDB7D, 0xDB7D, 
    0xDB7D, 0xDB7D, 0xDB7D, 0xDB7D, 0xDB7D, 0xFB7D, 0xBB75, 0x7BAE, 0x9BFF, 0x9CFF, 0x9DFF, 0x9BFF, 
    0x9CFF, 0x9CFF, 0x9CFF, 0x9CFF, 0x9CFF, 0x9CFF, 0x9CFF, 0x9CFF, 0x9CFF, 0x9CFF, 0x9CFF, 0x9CFF, 
    0x9CFF, 0x9CFF, 0x9CFF, 0x9CFF, 0x9CFF, 0x9CFF, 0x9CFF, 0x9CFF, 0x9CFF, 0x9CFF, 0x9CFF, 0x9CFF, 
    0x9CFF, 0x9CFF, 0x9CFF, 0x9CFF, 0x9CFF, 0x9CFF, 0x9CFF, 0x9CFF, 0x7CFF, 0x9CFF, 0xBCFF, 0x7CFF, 
    0x9CFF, 0x5CE7, 0xD374, 0x3B9E, 0x1EBF, 0xFCBE, 0xFDBE, 0xFDBE, 0xFDBE, 0xFDBE, 0xFDBE, 0xFDBE, 
    0xFDBE, 0xFDBE, 0xFDBE, 0xFDBE, 0xFDBE, 0xFDBE, 0xFDBE, 0xFDBE, 0xFDBE, 0xFDBE, 0xFDBE, 0xFDBE, 
    0xFDBE, 0xFDBE, 0x1DBF, 0x9BAE, 
    0xA631, 0x5AAE, 0x3EBF, 0xFDBE, 0xFDBE, 0x1DBF, 0x1DB7, 0xFEBE, 
    0xFDBE, 0x1DB7, 0xFDBE, 0xFDBE, 0xFDBE, 0xFDBE, 0xFDBE, 0xFDBE, 0xFDBE, 0xFDBE, 0xFDBE, 0x1DB7, 
    0xFDBE, 0xFDBE, 0xFDBE, 0xFDBE, 0xFDBE, 0xFDB6, 0xF574, 0x39B6, 0xBCFF, 0x9BFF, 0x9CFF, 0x9CFF, 
    0x9CFF, 0x9CFF, 0x9CFF, 0x9CFF, 0x9CFF, 0x9CFF, 0x9CFF, 0x9CFF, 0x9CFF, 0x9CFF, 0x9CFF, 0x9CFF, 
    0x9CFF, 0x9CFF, 0x9CFF, 0x9CFF, 0x9CFF, 0x9CFF, 0x9CFF, 0x9CFF, 0x9CFF, 0x9CFF, 0x9CFF, 0x9CFF, 
    0x9CFF, 0x9CFF, 0x9CFF, 0x9CFF, 0x9CFF, 0x9CFF, 0x9CFF, 0x9CFF, 0x9CFF, 0x9CFF, 0x9CFF, 0x9BFF, 
    0x9CFF, 0x5BA6, 0xDB75, 0xFA7D, 0xFA7D, 0xDB7D, 0xDB7D, 0xFB7D, 0xFB7D, 0xDA85, 0xDB7D, 0xFB7D, 
    0xFA7D, 0xDB7D, 0xDB7D, 0xDB7D, 0xFB75, 0xDA7D, 0x3DDF, 0xBDFF, 0x9DF7, 0x9CFF, 0x9CFF, 0x9DF7, 
    0x9DF7, 0xBDFF, 0x9BB6, 0xDB75, 0xFB7D, 0xDB7D, 0xDB7D, 0xDB7D, 0xDB7D, 0xDB7D, 0xDB7D, 0xDB7D, 
    0xDB7D, 0xDB7D, 0xDB7D, 0xFB7D, 0xDB7D, 0x3AA6, 0xBDF7, 0x9BFF, 0x9CFF, 0x9CFF, 0x9CFF, 0x9CFF, 
    0x9CFF, 0x9CFF, 0x9CFF, 0x9CFF, 0x9CFF, 0x9CFF, 0x9CFF, 0x9CFF, 0x9CFF, 0x9CFF, 0x9CFF, 0x9CFF, 
    0x9CFF, 0x9CFF, 0x9CFF, 0x9CFF, 0x9CFF, 0x9CFF, 0x9CFF, 0x9CFF, 0x9CFF, 0x9CFF, 0x9CFF, 0x9CFF, 
    0x9CFF, 0x9CFF, 0x9CFF, 0x9CFF, 0x9CFF, 0x9CFF, 0x9CFF, 0x9CFF, 0x9CFF, 0x9CFF, 0x9CFF, 0x9CFF, 
    0x9CFF, 0x9CFF, 0x9CFF, 0x9CFF, 0x9CFF, 0x9CFF, 0x9CFF, 0x9CFF, 0x9CFF, 0x9CFF, 0x9CFF, 0x9CFF, 
    0x9CFF, 0x9CFF, 0x9CFF, 0x9CFF, 0x9CFF, 0x9CFF, 0x9CFF, 0x9CFF, 0x9CFF, 0x9CFF, 0x9CF7, 0x3A9E, 
    0xDA7D, 0xFC7D, 0xDB85, 0xDA85, 0xFA7D, 0xFB7D, 0xDB7D, 0xDB7D, 0xDB7D, 0xDB7D, 0xFA7D, 0xDB7D, 
    0xFB7D, 0xDB85, 0xDB7D, 0x1A86, 0x5CDF, 0x9DFF, 0x9DF7, 0x9DF7, 0x9CFF, 0xBDF7, 0x9CFF, 0x9DFF, 
    0x5CA6, 0xFB75, 0xFA85, 0xDB7D, 0xDB7D, 0xDB7D, 0xDB7D, 0xDB7D, 0xDB7D, 0xDB7D, 0xDB7D, 0xDB7D, 
    0xDB7D, 0xFB7D, 0xBB75, 0x7BAE, 0x9BFF, 0x9CFF, 0x9DFF, 0x9BFF, 0x9CFF, 0x9CFF, 0x9CFF, 0x9CFF, 
    0x9CFF, 0x9CFF, 0x9CFF, 0x9CFF, 0x9CFF, 0x9CFF, 0x9CFF, 0x9CFF, 0x9CFF, 0x9CFF, 0x9CFF, 0x9CFF, 
    0x9CFF, 0x9CFF, 0x9CFF, 0x9CFF, 0x9CFF, 0x9CFF, 0x9CFF, 0x9CFF, 0x9CFF, 0x9CFF, 0x9CFF, 0x9CFF, 
    0x9CFF, 0x9CFF, 0x9CFF, 0x9CFF, 0x7CFF, 0x9CFF, 0xBCFF, 0x7CFF, 0x9CFF, 0x5CE7, 0xD374, 0x3B9E, 
    0x1EBF, 0xFCBE, 0xFDBE, 0xFDBE, 0xFDBE, 0xFDBE, 0xFDBE, 0xFDBE, 0xFDBE, 0xFDBE, 0xFDBE, 0xFDBE, 
    0xFDBE, 0xFDBE, 0xFDBE, 0xFDBE, 0xFDBE, 0xFDBE, 0xFDBE, 0xFDBE, 0xFDBE, 0xFDBE, 0x1DBF, 0x9BAE, 
    
    0xA631, 0x5AAE, 0x3EBF, 0xFDBE, 0xFDBE, 0x1DBF, 0x1DB7, 0xFEBE, 0xFDBE, 0x1DB7, 0xFDBE, 0xFDBE, 
    0xFDBE, 0xFDBE, 0xFDBE, 0xFDBE, 0xFDBE, 0xFDBE, 0xFDBE, 0x1DB7, 0xFDBE, 0xFDBE, 0xFDBE, 0xFDBE, 
    0xFDBE, 0xFDB6, 0xF574, 0x39B6, 0xBCFF, 0x9BFF, 0x9CFF, 0x9CFF, 0x9CFF, 0x9CFF, 0x9CFF, 0x9CFF, 
    0x9CFF, 0x9CFF, 0x9CFF, 0x9CFF, 0x9CFF, 0x9CFF, 0x9CFF, 0x9CFF, 0x9CFF, 0x9CFF, 0x9CFF, 0x9CFF, 
    0x9CFF, 0x9CFF, 0x9CFF, 0x9CFF, 0x9CFF, 0x9CFF, 0x9CFF, 0x9CFF, 0x9CFF, 0x9CFF, 0x9CFF, 0x9CFF, 
    0x9CFF, 0x9CFF, 0x9CFF, 0x9CFF, 0x9CFF, 0x9CFF, 0x9CFF, 0x9BFF, 0x9CFF, 0x5BA6, 0xDB75, 0xFA7D, 
    0xFA7D, 0xDB7D, 0xDB7D, 0xFB7D, 0xFB7D, 0xDA85, 0xDB7D, 0xFB7D, 0xFA7D, 0xDB7D, 0xDB7D, 0xDB7D, 
    0xFB75, 0xDA7D, 0x3DDF, 0xBDFF, 0x9DF7, 0x9CFF, 0x9CFF, 0x9DF7, 0x9DF7, 0xBDFF, 0x9BB6, 0xDB75, 
    0xFB7D, 0xDB7D, 0xDB7D, 0xDB7D, 0xDB7D, 0xDB7D, 0xDB7D, 0xDB7D, 0xDB7D, 0xDB7D, 0xDB7D, 0xFB7D, 
    0xDB7D, 0x3AA6, 0xBDF7, 0x9BFF, 0x9CFF, 0x9CFF, 0x9CFF, 0x9CFF, 0x9CFF, 0x9CFF, 0x9CFF, 0x9CFF, 
    0x9CFF, 0x9CFF, 0x9CFF, 0x9CFF, 0x9CFF, 0x9CFF, 0x9CFF, 0x9CFF, 0x9CFF, 0x9CFF, 0x9CFF, 0x9CFF, 
    0x9CFF, 0x9CFF, 0x9CFF, 0x9CFF, 0x9CFF, 0x9CFF, 0x9CFF, 0x9CFF, 0x9CFF, 0x9CFF, 0x9CFF, 0x9CFF, 
    0x9CFF, 0x9CFF, 0x9CFF, 0x9CFF, 0x9CFF, 0x9CFF, 0x9CFF, 0x9CFF, 0x9CFF, 0x9CFF, 0x9CFF, 0x9CFF, 
    0x9CFF, 0x9CFF, 0x9CFF, 0x9CFF, 0x9CFF, 0x9CFF, 0x9CFF, 0x9CFF, 0x9CFF, 0x9CFF, 0x9CFF, 0x9CFF, 
    0x9CFF, 0x9CFF, 0x9CFF, 0x9CFF, 0x9CFF, 0x9CFF, 0x9CF7, 0x3A9E, 0xDA7D, 0xFC7D, 0xDB85, 0xDA85, 
    0xFA7D, 0xFB7D, 0xDB7D, 0xDB7D, 0xFB7D, 0xFB7D, 0xDA85, 0xDB7D, 0xFB75, 0xDB7D, 0xDB7D, 0xFA85, 
    0x5DE7, 0xBDFF, 0xBDF7, 0x9DF7, 0x9CFF, 0xBDF7, 0x9CF7, 0x9DFF, 0x5BA6, 0xFA75, 0xFA85, 0xDC85, 
    0xDB7D, 0xDB7D, 0xDB7D, 0xDB7D, 0xDB7D, 0xDB7D, 0xDB7D, 0xDB7D, 0xDB7D, 0xFB7D, 0xDB75, 0x7BAE, 
    0x9BFF, 0x9CFF, 0x9DFF, 0x9BFF, 0x9CFF, 0x9CFF, 0x9CFF, 0x9CFF, 0x9CFF, 0x9CFF, 0x9CFF, 0x9CFF, 
    0x9CFF, 0x9CFF, 0x9CFF, 0x9CFF, 0x9CFF, 0x9CFF, 0x9CFF, 0x9CFF, 0x9CFF, 0x9CFF, 0x9CFF, 0x9CFF, 
    0x9CFF, 0x9CFF, 0x9CFF, 0x9CFF, 0x9CFF, 0x9CFF, 0x9CFF, 0x9CFF, 0x9CFF, 0x9CFF, 0x9CFF, 0x9CFF, 
    0x7CFF, 0x9CFF, 0x9CFF, 0x7CFF, 0x9CFF, 0x5CE7, 0xD474, 0x1B9E, 0x1EBF, 0xFCBE, 0xFDBE, 0xFDBE, 
    0xFDBE, 0xFDBE, 0xFDBE, 0xFDBE, 0xFDBE, 0xFDBE, 0xFDBE, 0xFDBE, 0xFDBE, 0xFDBE, 0xFDBE, 0xFDBE, 
    0xFDBE, 0xFDBE, 0xFDBE, 0xFDBE, 0xFDBE, 0xFDBE, 0x1DBF, 0x9BAE, 
    0xA631, 0x5AAE, 0x3EBF, 0xFDBE, 
    0xFDBE, 0x1DBF, 0x1DB7, 0xFEBE, 0xFDBE, 0x1DB7, 0xFDBE, 0xFDBE, 0xFDBE, 0xFDBE, 0xFDBE, 0xFDBE, 
    0xFDBE, 0xFDBE, 0xFDBE, 0x1DB7, 0xFDBE, 0xFDBE, 0xFDBE, 0xFDBE, 0xFDBE, 0xFDB6, 0xF574, 0x39B6, 
    0xBCFF, 0x9BFF, 0x9CFF, 0x9CFF, 0x9CFF, 0x9CFF, 0x9CFF, 0x9CFF, 0x9CFF, 0x9CFF, 0x9CFF, 0x9CFF, 
    0x9CFF, 0x9CFF, 0x9CFF, 0x9CFF, 0x9CFF, 0x9CFF, 0x9CFF, 0x9CFF, 0x9CFF, 0x9CFF, 0x9CFF, 0x9CFF, 
    0x9CFF, 0x9CFF, 0x9CFF, 0x9CFF, 0x9CFF, 0x9CFF, 0x9CFF, 0x9CFF, 0x9CFF, 0x9CFF, 0x9CFF, 0x9CFF, 
    0x9CFF, 0x9CFF, 0x9CFF, 0x9BFF, 0x9CFF, 0x5BA6, 0xDB75, 0xFA7D, 0xFA7D, 0xDB7D, 0xDB7D, 0xFB7D, 
    0xFB7D, 0xDA85, 0xDB7D, 0xFB7D, 0xFA7D, 0xDB7D, 0xDB7D, 0xDB7D, 0xFB75, 0xDA7D, 0x3DDF, 0xBDFF, 
    0x9DF7, 0x9CFF, 0x9CFF, 0x9DF7, 0x9DF7, 0xBDFF, 0x9BB6, 0xDB75, 0xFB7D, 0xDB7D, 0xDB7D, 0xDB7D, 
    0xDB7D, 0xDB7D, 0xDB7D, 0xDB7D, 0xDB7D, 0xDB7D, 0xDB7D, 0xFB7D, 0xDB7D, 0x3AA6, 0xBDF7, 0x9BFF, 
    0x9CFF, 0x9CFF, 0x9CFF, 0x9CFF, 0x9CFF, 0x9CFF, 0x9CFF, 0x9CFF, 0x9CFF, 0x9CFF, 0x9CFF, 0x9CFF, 
    0x9CFF, 0x9CFF, 0x9CFF, 0x9CFF, 0x9CFF, 0x9CFF, 0x9CFF, 0x9CFF, 0x9CFF, 0x9CFF, 0x9CFF, 0x9CFF, 
    0x9CFF, 0x9CFF, 0x9CFF, 0x9CFF, 0x9CFF, 0x9CFF, 0x9CFF, 0x9CFF, 0x9CFF, 0x9CFF, 0x9CFF, 0x9CFF, 
    0x9CFF, 0x9CFF, 0x9CFF, 0x9CFF, 0x9CFF, 0x9CFF, 0x9CFF, 0x9CFF, 0x9CFF, 0x9CFF, 0x9CFF, 0x9CFF, 
    0x9CFF, 0x9CFF, 0x9CFF, 0x9CFF, 0x9CFF, 0x9CFF, 0x9CFF, 0x9CFF, 0x9CFF, 0x9CFF, 0x9CFF, 0x9CFF, 
    0x9CFF, 0x9CFF, 0x9CF7, 0x3A9E, 0xDA7D, 0xFC7D, 0xDB85, 0xDA85, 0xFA7D, 0xFB7D, 0xDB7D, 0xDB7D, 
    0xFB7D, 0xFB7D, 0xDA85, 0xDB7D, 0xFB75, 0xFB7D, 0xDB7D, 0xFA85, 0x3DE7, 0xBDFF, 0x9DF7, 0x9DF7, 
    0x9CFF, 0xBDF7, 0x9DF7, 0xBDFF, 0x7CA6, 0xFA75, 0xFA85, 0xDC85, 0xDB7D, 0xDB7D, 0xDB7D, 0xDB7D, 
    0xDB7D, 0xDB7D, 0xDB7D, 0xDB7D, 0xDB7D, 0xFB7D, 0xDB75, 0x7BAE, 0x9BFF, 0x9CFF, 0x9DFF, 0x9BFF, 
    0x9CFF, 0x9CFF, 0x9CFF, 0x9CFF, 0x9CFF, 0x9CFF, 0x9CFF, 0x9CFF, 0x9CFF, 0x9CFF, 0x9CFF, 0x9CFF, 
    0x9CFF, 0x9CFF, 0x9CFF, 0x9CFF, 0x9CFF, 0x9CFF, 0x9CFF, 0x9CFF, 0x9CFF, 0x9CFF, 0x9CFF, 0x9CFF, 
    0x9CFF, 0x9CFF, 0x9CFF, 0x9CFF, 0x9CFF, 0x9CFF, 0x9CFF, 0x9CFF, 0x7CFF, 0x9CFF, 0x9CFF, 0x7CFF, 
    0x9CFF, 0x5CE7, 0xD474, 0x1B9E, 0x1EBF, 0xFCBE, 0xFDBE, 0xFDBE, 0xFDBE, 0xFDBE, 0xFDBE, 0xFDBE, 
    0xFDBE, 0xFDBE, 0xFDBE, 0xFDBE, 0xFDBE, 0xFDBE, 0xFDBE, 0xFDBE, 0xFDBE, 0xFDBE, 0xFDBE, 0xFDBE, 
    0xFDBE, 0xFDBE, 0x1DBF, 0x9BAE, 
    0xA631, 0x5AAE, 0x3EBF, 0xFDBE, 0xFDBE, 0x1DBF, 0x1DB7, 0xFEBE, 
    0xFDBE, 0x1DB7, 0xFDBE, 0xFDBE, 0xFDBE, 0xFDBE, 0xFDBE, 0xFDBE, 0xFDBE, 0xFDBE, 0xFDBE, 0x1DB7, 
    0xFDBE, 0xFDBE, 0xFDBE, 0xFDBE, 0xFDBE, 0xFDB6, 0xF574, 0x39B6, 0xBCFF, 0x9BFF, 0x9CFF, 0x9CFF, 
    0x9CFF, 0x9CFF, 0x9CFF, 0x9CFF, 0x9CFF, 0x9CFF, 0x9CFF, 0x9CFF, 0x9CFF, 0x9CFF, 0x9CFF, 0x9CFF, 
    0x9CFF, 0x9CFF, 0x9CFF, 0x9CFF, 0x9CFF, 0x9CFF, 0x9CFF, 0x9CFF, 0x9CFF, 0x9CFF, 0x9CFF, 0x9CFF, 
    0x9CFF, 0x9CFF, 0x9CFF, 0x9CFF, 0x9CFF, 0x9CFF, 0x9CFF, 0x9CFF, 0x9CFF, 0x9CFF, 0x9CFF, 0x9BFF, 
    0x9CFF, 0x5BA6, 0xDB75, 0xFA7D, 0xFA7D, 0xDB7D, 0xDB7D, 0xFB7D, 0xFB7D, 0xDA85, 0xDB7D, 0xFB7D, 
    0xFA7D, 0xDB7D, 0xDB7D, 0xDB7D, 0xFB75, 0xDA7D, 0x3DDF, 0xBDFF, 0x9DF7, 0x9CFF, 0x9CFF, 0x9DF7, 
    0x9DF7, 0xBDFF, 0x9BB6, 0xDB75, 0xFB7D, 0xDB7D, 0xDB7D, 0xDB7D, 0xDB7D, 0xDB7D, 0xDB7D, 0xDB7D, 
    0xDB7D, 0xDB7D, 0xDB7D, 0xFB7D, 0xDB7D, 0x3AA6, 0xBDF7, 0x9BFF, 0x9CFF, 0x9CFF, 0x9CFF, 0x9CFF, 
    0x9CFF, 0x9CFF, 0x9CFF, 0x9CFF, 0x9CFF, 0x9CFF, 0x9CFF, 0x9CFF, 0x9CFF, 0x9CFF, 0x9CFF, 0x9CFF, 
    0x9CFF, 0x9CFF, 0x9CFF, 0x9CFF, 0x9CFF, 0x9CFF, 0x9CFF, 0x9CFF, 0x9CFF, 0x9CFF, 0x9CFF, 0x9CFF, 
    0x9CFF, 0x9CFF, 0x9CFF, 0x9CFF, 0x9CFF, 0x9CFF, 0x9CFF, 0x9CFF, 0x9CFF, 0x9CFF, 0x9CFF, 0x9CFF, 
    0x9CFF, 0x9CFF, 0x9CFF, 0x9CFF, 0x9CFF, 0x9CFF, 0x9CFF, 0x9CFF, 0x9CFF, 0x9CFF, 0x9CFF, 0x9CFF, 
    0x9CFF, 0x9CFF, 0x9CFF, 0x9CFF, 0x9CFF, 0x9CFF, 0x9CFF, 0x9CFF, 0x9CFF, 0x9CFF, 0x9CF7, 0x3A9E, 
    0xDA7D, 0xFC7D, 0xDB85, 0xDA85, 0xFA7D, 0xFB7D, 0xDB7D, 0xDB7D, 0xFB7D, 0xFB7D, 0xDA85, 0xDB7D, 
    0xFB75, 0xDB7D, 0xDB7D, 0xFA8D, 0x3CE7, 0xBDFF, 0x9DF7, 0x9DF7, 0x9DFF, 0xBDF7, 0x9DF7, 0x9DFF, 
    0x7CA6, 0xFB75, 0xFA85, 0xDC7D, 0xDB7D, 0xDB7D, 0xDB7D, 0xDB7D, 0xDB7D, 0xDB7D, 0xDB7D, 0xDB7D, 
    0xDB7D, 0xFB7D, 0xDB75, 0x7BAE, 0x9BFF, 0x9CFF, 0x9DFF, 0x9BFF, 0x9CFF, 0x9CFF, 0x9CFF, 0x9CFF, 
    0x9CFF, 0x9CFF, 0x9CFF, 0x9CFF, 0x9CFF, 0x9CFF, 0x9CFF, 0x9CFF, 0x9CFF, 0x9CFF, 0x9CFF, 0x9CFF, 
    0x9CFF, 0x9CFF, 0x9CFF, 0x9CFF, 0x9CFF, 0x9CFF, 0x9CFF, 0x9CFF, 0x9CFF, 0x9CFF, 0x9CFF, 0x9CFF, 
    0x9CFF, 0x9CFF, 0x9CFF, 0x9CFF, 0x7CFF, 0x9CFF, 0x9CFF, 0x7CFF, 0x9CFF, 0x5CE7, 0xD474, 0x1B9E, 
    0x1EBF, 0xFCBE, 0xFDBE, 0xFDBE, 0xFDBE, 0xFDBE, 0xFDBE, 0xFDBE, 0xFDBE, 0xFDBE, 0xFDBE, 0xFDBE, 
    0xFDBE, 0xFDBE, 0xFDBE, 0xFDBE, 0xFDBE, 0xFDBE, 0xFDBE, 0xFDBE, 0xFDBE, 0xFDBE, 0x1DBF, 0x9BAE, 
    
    0xA631, 0x5AAE, 0x3EBF, 0xFDBE, 0xFDBE, 0x1DBF, 0x1DB7, 0xFEBE, 0xFDBE, 0x1DB7, 0xFDBE, 0xFDBE, 
    0xFDBE, 0xFDBE, 0xFDBE, 0xFDBE, 0xFDBE, 0xFDBE, 0xFDBE, 0x1DB7, 0xFDBE, 0xFDBE, 0xFDBE, 0xFDBE, 
    0xFDBE, 0xFDB6, 0xF574, 0x39B6, 0xBCFF, 0x9BFF, 0x9CFF, 0x9CFF, 0x9CFF, 0x9CFF, 0x9CFF, 0x9CFF, 
    0x9CFF, 0x9CFF, 0x9CFF, 0x9CFF, 0x9CFF, 0x9CFF, 0x9CFF, 0x9CFF, 0x9CFF, 0x9CFF, 0x9CFF, 0x9CFF, 
    0x9CFF, 0x9CFF, 0x9CFF, 0x9CFF, 0x9CFF, 0x9CFF, 0x9CFF, 0x9CFF, 0x9CFF, 0x9CFF, 0x9CFF, 0x9CFF, 
    0x9CFF, 0x9CFF, 0x9CFF, 0x9CFF, 0x9CFF, 0x9CFF, 0x9CFF, 0x9BFF, 0x9CFF, 0x5BA6, 0xDB75, 0xFA7D, 
    0xFA7D, 0xDB7D, 0xDB7D, 0xFB7D, 0xFB7D, 0xDA85, 0xDB7D, 0xFB7D, 0xFA7D, 0xDB7D, 0xDB7D, 0xDB7D, 
    0xFB75, 0xDA7D, 0x3DDF, 0xBDFF, 0x9DF7, 0x9CFF, 0x9CFF, 0x9DF7, 0x9DF7, 0xBDFF, 0x9BB6, 0xDB75, 
    0xFB7D, 0xDB7D, 0xDB7D, 0xDB7D, 0xDB7D, 0xDB7D, 0xDB7D, 0xDB7D, 0xDB7D, 0xDB7D, 0xDB7D, 0xFB7D, 
    0xDB7D, 0x3AA6, 0xBDF7, 0x9BFF, 0x9CFF, 0x9CFF, 0x9CFF, 0x9CFF, 0x9CFF, 0x9CFF, 0x9CFF, 0x9CFF, 
    0x9CFF, 0x9CFF, 0x9CFF, 0x9CFF, 0x9CFF, 0x9CFF, 0x9CFF, 0x9CFF, 0x9CFF, 0x9CFF, 0x9CFF, 0x9CFF, 
    0x9CFF, 0x9CFF, 0x9CFF, 0x9CFF, 0x9CFF, 0x9CFF, 0x9CFF, 0x9CFF, 0x9CFF, 0x9CFF, 0x9CFF, 0x9CFF, 
    0x9CFF, 0x9CFF, 0x9CFF, 0x9CFF, 0x9CFF, 0x9CFF, 0x9CFF, 0x9CFF, 0x9CFF, 0x9CFF, 0x9CFF, 0x9CFF, 
    0x9CFF, 0x9CFF, 0x9CFF, 0x9CFF, 0x9CFF, 0x9CFF, 0x9CFF, 0x9CFF, 0x9CFF, 0x9CFF, 0x9CFF, 0x9CFF, 
    0x9CFF, 0x9CFF, 0x9CFF, 0x9CFF, 0x9CFF, 0x9CFF, 0x9CF7, 0x3A9E, 0xDA7D, 0xFC7D, 0xDB85, 0xDA85, 
    0xFA7D, 0xFB7D, 0xDB7D, 0xDB7D, 0xFB7D, 0xFB7D, 0xDA85, 0xDB7D, 0xFB7D, 0xDB7D, 0xDB7D, 0xF98D, 
    0x3CE7, 0xBDFF, 0xBDF7, 0x9DF7, 0x9CFF, 0xBDF7, 0x9DF7, 0xBDFF, 0x7CA6, 0xFB75, 0xFA85, 0xDC7D, 
    0xDB7D, 0xDB7D, 0xDB7D, 0xDB7D, 0xDB7D, 0xDB7D, 0xDB7D, 0xDB7D, 0xDB7D, 0xFB7D, 0xDB75, 0x7BAE, 
    0x9BFF, 0x9CFF, 0x9DFF, 0x9BFF, 0x9CFF, 0x9CFF, 0x9CFF, 0x9CFF, 0x9CFF, 0x9CFF, 0x9CFF, 0x9CFF, 
    0x9CFF, 0x9CFF, 0x9CFF, 0x9CFF, 0x9CFF, 0x9CFF, 0x9CFF, 0x9CFF, 0x9CFF, 0x9CFF, 0x9CFF, 0x9CFF, 
    0x9CFF, 0x9CFF, 0x9CFF, 0x9CFF, 0x9CFF, 0x9CFF, 0x9CFF, 0x9CFF, 0x9CFF, 0x9CFF, 0x9CFF, 0x9CFF, 
    0x7CFF, 0x9CFF, 0x9CFF, 0x7CFF, 0x9CFF, 0x5CE7, 0xD474, 0x1B9E, 0x1EBF, 0xFCBE, 0xFDBE, 0xFDBE, 
    0xFDBE, 0xFDBE, 0xFDBE, 0xFDBE, 0xFDBE, 0xFDBE, 0xFDBE, 0xFDBE, 0xFDBE, 0xFDBE, 0xFDBE, 0xFDBE, 
    0xFDBE, 0xFDBE, 0xFDBE, 0xFDBE, 0xFDBE, 0xFDBE, 0x1DBF, 0x9BAE, 
    0xA631, 0x5AAE, 0x3EBF, 0xFDBE, 
    0xFDBE, 0x1DBF, 0x1DB7, 0xFEBE, 0xFDBE, 0x1DB7, 0xFDBE, 0xFDBE, 0xFDBE, 0xFDBE, 0xFDBE, 0xFDBE, 
    0xFDBE, 0xFDBE, 0xFDBE, 0x1DB7, 0xFDBE, 0xFDBE, 0xFDBE, 0xFDBE, 0xFDBE, 0xFDB6, 0xF574, 0x39B6, 
    0xBCFF, 0x9BFF, 0x9CFF, 0x9CFF, 0x9CFF, 0x9CFF, 0x9CFF, 0x9CFF, 0x9CFF, 0x9CFF, 0x9CFF, 0x9CFF, 
    0x9CFF, 0x9CFF, 0x9CFF, 0x9CFF, 0x9CFF, 0x9CFF, 0x9CFF, 0x9CFF, 0x9CFF, 0x9CFF, 0x9CFF, 0x9CFF, 
    0x9CFF, 0x9CFF, 0x9CFF, 0x9CFF, 0x9CFF, 0x9CFF, 0x9CFF, 0x9CFF, 0x9CFF, 0x9CFF, 0x9CFF, 0x9CFF, 
    0x9CFF, 0x9CFF, 0x9CFF, 0x9BFF, 0x9CFF, 0x5BA6, 0xDB75, 0xFA7D, 0xFA7D, 0xDB7D, 0xDB7D, 0xFB7D, 
    0xFB7D, 0xDA85, 0xDB7D, 0xFB7D, 0xFA7D, 0xDB7D, 0xDB7D, 0xDB7D, 0xFB75, 0xDA7D, 0x3DDF, 0xBDFF, 
    0x9DF7, 0x9CFF, 0x9CFF, 0x9DF7, 0x9DF7, 0xBDFF, 0x9BB6, 0xDB75, 0xFB7D, 0xDB7D, 0xDB7D, 0xDB7D, 
    0xDB7D, 0xDB7D, 0xDB7D, 0xDB7D, 0xDB7D, 0xDB7D, 0xDB7D, 0xFB7D, 0xDB7D, 0x3AA6, 0xBDF7, 0x9BFF, 
    0x9CFF, 0x9CFF, 0x9CFF, 0x9CFF, 0x9CFF, 0x9CFF, 0x9CFF, 0x9CFF, 0x9CFF, 0x9CFF, 0x9CFF, 0x9CFF, 
    0x9CFF, 0x9CFF, 0x9CFF, 0x9CFF, 0x9CFF, 0x9CFF, 0x9CFF, 0x9CFF, 0x9CFF, 0x9CFF, 0x9CFF, 0x9CFF, 
    0x9CFF, 0x9CFF, 0x9CFF, 0x9CFF, 0x9CFF, 0x9CFF, 0x9CFF, 0x9CFF, 0x9CFF, 0x9CFF, 0x9CFF, 0x9CFF, 
    0x9CFF, 0x9CFF, 0x9CFF, 0x9CFF, 0x9CFF, 0x9CFF, 0x9CFF, 0x9CFF, 0x9CFF, 0x9CFF, 0x9CFF, 0x9CFF, 
    0x9CFF, 0x9CFF, 0x9CFF, 0x9CFF, 0x9CFF, 0x9CFF, 0x9CFF, 0x9CFF, 0x9CFF, 0x9CFF, 0x9CFF, 0x9CFF, 
    0x9CFF, 0x9CFF, 0x9CF7, 0x3A9E, 0xDA7D, 0xFC7D, 0xDB85, 0xDA85, 0xFA7D, 0xFB7D, 0xDB7D, 0xDB7D, 
    0xFB7D, 0xFB7D, 0xDA85, 0xDB7D, 0xFB75, 0xDA85, 0xDB7D, 0xF98D, 0x3CE7, 0xBDFF, 0x9CF7, 0x9CFF, 
    0x9CFF, 0xBDF7, 0x9CFF, 0x9DFF, 0x5BA6, 0xDA75, 0xFA85, 0xDC85, 0xDB7D, 0xDB7D, 0xDB7D, 0xDB7D, 
    0xDB7D, 0xDB7D, 0xDB7D, 0xDB7D, 0xDB7D, 0xFB7D, 0xDB75, 0x7BAE, 0x9BFF, 0x9CFF, 0x9DFF, 0x9BFF, 
    0x9CFF, 0x9CFF, 0x9CFF, 0x9CFF, 0x9CFF, 0x9CFF, 0x9CFF, 0x9CFF, 0x9CFF, 0x9CFF, 0x9CFF, 0x9CFF, 
    0x9CFF, 0x9CFF, 0x9CFF, 0x9CFF, 0x9CFF, 0x9CFF, 0x9CFF, 0x9CFF, 0x9CFF, 0x9CFF, 0x9CFF, 0x9CFF, 
    0x9CFF, 0x9CFF, 0x9CFF, 0x9CFF, 0x9CFF, 0x9CFF, 0x9CFF, 0x9CFF, 0x7CFF, 0x9CFF, 0x9CFF, 0x7CFF, 
    0x9CFF, 0x5CE7, 0xD474, 0x1B9E, 0x1EBF, 0xFCBE, 0xFDBE, 0xFDBE, 0xFDBE, 0xFDBE, 0xFDBE, 0xFDBE, 
    0xFDBE, 0xFDBE, 0xFDBE, 0xFDBE, 0xFDBE, 0xFDBE, 0xFDBE, 0xFDBE, 0xFDBE, 0xFDBE, 0xFDBE, 0xFDBE, 
    0xFDBE, 0xFDBE, 0x1DBF, 0x9BAE, 
    0xA631, 0x5AAE, 0x3EBF, 0xFDBE, 0xFDBE, 0x1DBF, 0x1DB7, 0xFEBE, 
    0xFDBE, 0x1DB7, 0xFDBE, 0xFDBE, 0xFDBE, 0xFDBE, 0xFDBE, 0xFDBE, 0xFDBE, 0xFDBE, 0xFDBE, 0x1DB7, 
    0xFDBE, 0xFDBE, 0xFDBE, 0xFDBE, 0xFDBE, 0xFDB6, 0xF574, 0x39B6, 0xBCFF, 0x9BFF, 0x9CFF, 0x9CFF, 
    0x9CFF, 0x9CFF, 0x9CFF, 0x9CFF, 0x9CFF, 0x9CFF, 0x9CFF, 0x9CFF, 0x9CFF, 0x9CFF, 0x9CFF, 0x9CFF, 
    0x9CFF, 0x9CFF, 0x9CFF, 0x9CFF, 0x9CFF, 0x9CFF, 0x9CFF, 0x9CFF, 0x9CFF, 0x9CFF, 0x9CFF, 0x9CFF, 
    0x9CFF, 0x9CFF, 0x9CFF, 0x9CFF, 0x9CFF, 0x9CFF, 0x9CFF, 0x9CFF, 0x9CFF, 0x9CFF, 0x9CFF, 0x9BFF, 
    0x9CFF, 0x5B9E, 0xDB75, 0xFA7D, 0xFB7D, 0xDB7D, 0xDB7D, 0xFB7D, 0xFB7D, 0xDA85, 0xDB7D, 0xFB7D, 
    0xFA7D, 0xDB7D, 0xDB7D, 0xDB7D, 0xFB75, 0xDA7D, 0x3DDF, 0xBDFF, 0x9DF7, 0x9CFF, 0x9CFF, 0x9DF7, 
    0x9DF7, 0xBDFF, 0x9BB6, 0xDB75, 0xFB7D, 0xDB7D, 0xDB7D, 0xDB7D, 0xDB7D, 0xDB7D, 0xDB7D, 0xDB7D, 
    0xDB7D, 0xDB7D, 0xDB7D, 0xFB7D, 0xDB7D, 0x3AA6, 0xBDF7, 0x9BFF, 0x9CFF, 0x9CFF, 0x9CFF, 0x9CFF, 
    0x9CFF, 0x9CFF, 0x9CFF, 0x9CFF, 0x9CFF, 0x9CFF, 0x9CFF, 0x9CFF, 0x9CFF, 0x9CFF, 0x9CFF, 0x9CFF, 
    0x9CFF, 0x9CFF, 0x9CFF, 0x9CFF, 0x9CFF, 0x9CFF, 0x9CFF, 0x9CFF, 0x9CFF, 0x9CFF, 0x9CFF, 0x9CFF, 
    0x9CFF, 0x9CFF, 0x9CFF, 0x9CFF, 0x9CFF, 0x9CFF, 0x9CFF, 0x9CFF, 0x9CFF, 0x9CFF, 0x9CFF, 0x9CFF, 
    0x9CFF, 0x9CFF, 0x9CFF, 0x9CFF, 0x9CFF, 0x9CFF, 0x9CFF, 0x9CFF, 0x9CFF, 0x9CFF, 0x9CFF, 0x9CFF, 
    0x9CFF, 0x9CFF, 0x9CFF, 0x9CFF, 0x9CFF, 0x9CFF, 0x9CFF, 0x9CFF, 0x9CFF, 0x9CFF, 0x9CF7, 0x3A9E, 
    0xDA7D, 0xFC7D, 0xDB85, 0xDA85, 0xFA7D, 0xFB7D, 0xDB7D, 0xDB7D, 0xFB7D, 0xFB7D, 0xDA85, 0xDB7D, 
    0xFB7D, 0xDA85, 0xDB7D, 0xF98D, 0x3CE7, 0xBDFF, 0x9CF7, 0x9CFF, 0x9CFF, 0xBCF7, 0x9CFF, 0x9DFF, 
    0x5BA6, 0xDA75, 0xFA85, 0xBB85, 0xDB7D, 0xDB7D, 0xDB7D, 0xDB7D, 0xDB7D, 0xDB7D, 0xDB7D, 0xDB7D, 
    0xDB7D, 0xFB7D, 0xDB75, 0x7BAE, 0x9BFF, 0x9CFF, 0x9DFF, 0x9BFF, 0x9CFF, 0x9CFF, 0x9CFF, 0x9CFF, 
    0x9CFF, 0x9CFF, 0x9CFF, 0x9CFF, 0x9CFF, 0x9CFF, 0x9CFF, 0x9CFF, 0x9CFF, 0x9CFF, 0x9CFF, 0x9CFF, 
    0x9CFF, 0x9CFF, 0x9CFF, 0x9CFF, 0x9CFF, 0x9CFF, 0x9CFF, 0x9CFF, 0x9CFF, 0x9CFF, 0x9CFF, 0x9CFF, 
    0x9CFF, 0x9CFF, 0x9CFF, 0x9CFF, 0x7CFF, 0x9CFF, 0x9CFF, 0x7CFF, 0x9CFF, 0x5CE7, 0xD474, 0x1B9E, 
    0x1EBF, 0xFCBE, 0xFDBE, 0xFDBE, 0xFDBE, 0xFDBE, 0xFDBE, 0xFDBE, 0xFDBE, 0xFDBE, 0xFDBE, 0xFDBE, 
    0xFDBE, 0xFDBE, 0xFDBE, 0xFDBE, 0xFDBE, 0xFDBE, 0xFDBE, 0xFDBE, 0xFDBE, 0xFDBE, 0x1DBF, 0x9BAE, 
    
    0xA631, 0x5AAE, 0x3EBF, 0xFDBE, 0xFDBE, 0x1DBF, 0x1DB7, 0xFEBE, 0xFDBE, 0x1DB7, 0xFDBE, 0xFDBE, 
    0xFDBE, 0xFDBE, 0xFDBE, 0xFDBE, 0xFDBE, 0xFDBE, 0xFDBE, 0x1DB7, 0xFDBE, 0xFDBE, 0xFDBE, 0xFDBE, 
    0xFDBE, 0xFDBE, 0xF574, 0x19B6, 0xBCFF, 0x9BFF, 0x9CFF, 0x9CFF, 0x9CFF, 0x9CFF, 0x9CFF, 0x9CFF, 
    0x9CFF, 0x9CFF, 0x9CFF, 0x9CFF, 0x9CFF, 0x9CFF, 0x9CFF, 0x9CFF, 0x9CFF, 0x9CFF, 0x9CFF, 0x9CFF, 
    0x9CFF, 0x9CFF, 0x9CFF, 0x9CFF, 0x9CFF, 0x9CFF, 0x9CFF, 0x9CFF, 0x9CFF, 0x9CFF, 0x9CFF, 0x9CFF, 
    0x9CFF, 0x9CFF, 0x9CFF, 0x9CFF, 0x9CFF, 0x9CFF, 0x9CFF, 0x9BFF, 0x9CFF, 0x5BA6, 0xDB75, 0xFA7D, 
    0xFB7D, 0xDB7D, 0xDB7D, 0xFB7D, 0xFB7D, 0xDA85, 0xDB7D, 0xFB7D, 0xFA7D, 0xDB7D, 0xDB7D, 0xDB7D, 
    0xFB75, 0xDA7D, 0x3DDF, 0xBDFF, 0x9DF7, 0x9CFF, 0x9CFF, 0x9DF7, 0x9DF7, 0xBDFF, 0x9BB6, 0xDB75, 
    0xFB7D, 0xDB7D, 0xDB7D, 0xDB7D, 0xDB7D, 0xDB7D, 0xDB7D, 0xDB7D, 0xDB7D, 0xDB7D, 0xDB7D, 0xFB7D, 
    0xDB7D, 0x3AA6, 0xBDF7, 0x9BFF, 0x9CFF, 0x9CFF, 0x9CFF, 0x9CFF, 0x9CFF, 0x9CFF, 0x9CFF, 0x9CFF, 
    0x9CFF, 0x9CFF, 0x9CFF, 0x9CFF, 0x9CFF, 0x9CFF, 0x9CFF, 0x9CFF, 0x9CFF, 0x9CFF, 0x9CFF, 0x9CFF, 
    0x9CFF, 0x9CFF, 0x9CFF, 0x9CFF, 0x9CFF, 0x9CFF, 0x9CFF, 0x9CFF, 0x9CFF, 0x9CFF, 0x9CFF, 0x9CFF, 
    0x9CFF, 0x9CFF, 0x9CFF, 0x9CFF, 0x9CFF, 0x9CFF, 0x9CFF, 0x9CFF, 0x9CFF, 0x9CFF, 0x9CFF, 0x9CFF, 
    0x9CFF, 0x9CFF, 0x9CFF, 0x9CFF, 0x9CFF, 0x9CFF, 0x9CFF, 0x9CFF, 0x9CFF, 0x9CFF, 0x9CFF, 0x9CFF, 
    0x9CFF, 0x9CFF, 0x9CFF, 0x9CFF, 0x9CFF, 0x9CFF, 0x9CF7, 0x3A9E, 0xDA7D, 0xFC7D, 0xDB85, 0xDA85, 
    0xFA7D, 0xFB7D, 0xDB7D, 0xDB7D, 0xFB7D, 0xFB7D, 0xDA85, 0xDB7D, 0xFB7D, 0xDA85, 0xDB7D, 0xFA85, 
    0x3DE7, 0xBEFF, 0x9CF7, 0x9DFF, 0x9CFF, 0xBDF7, 0x9CFF, 0x9DFF, 0x7BA6, 0xFA75, 0xDA85, 0xDB85, 
    0xDB7D, 0xDB7D, 0xDB7D, 0xDB7D, 0xDB7D, 0xDB7D, 0xDB7D, 0xDB7D, 0xDB7D, 0xFB7D, 0xDB75, 0x7BAE, 
    0x9BFF, 0x9CFF, 0x9DFF, 0x9BFF, 0x9CFF, 0x9CFF, 0x9CFF, 0x9CFF, 0x9CFF, 0x9CFF, 0x9CFF, 0x9CFF, 
    0x9CFF, 0x9CFF, 0x9CFF, 0x9CFF, 0x9CFF, 0x9CFF, 0x9CFF, 0x9CFF, 0x9CFF, 0x9CFF, 0x9CFF, 0x9CFF, 
    0x9CFF, 0x9CFF, 0x9CFF, 0x9CFF, 0x9CFF, 0x9CFF, 0x9CFF, 0x9CFF, 0x9CFF, 0x9CFF, 0x9CFF, 0x9CFF, 
    0x7CFF, 0x9CFF, 0x9CFF, 0x7CFF, 0x9CFF, 0x5CE7, 0xD474, 0x1B9E, 0x1EBF, 0xFCBE, 0xFDBE, 0xFDBE, 
    0xFDBE, 0xFDBE, 0xFDBE, 0xFDBE, 0xFDBE, 0xFDBE, 0xFDBE, 0xFDBE, 0xFDBE, 0xFDBE, 0xFDBE, 0xFDBE, 
    0xFDBE, 0xFDBE, 0xFDBE, 0xFDBE, 0xFDBE, 0xFDBE, 0x1DBF, 0x9BAE, 
    0xA631, 0x5AAE, 0x3EBF, 0xFDBE, 
    0xFDBE, 0x1DBF, 0x1DB7, 0xFEBE, 0xFDBE, 0x1DB7, 0xFDBE, 0xFDBE, 0xFDBE, 0xFDBE, 0xFDBE, 0xFDBE, 
    0xFDBE, 0xFDBE, 0xFDBE, 0x1DB7, 0xFDBE, 0xFDBE, 0xFDBE, 0xFDBE, 0xFDBE, 0xFDBE, 0xF574, 0x19B6, 
    0xBCFF, 0x7BFF, 0x9CFF, 0x9CFF, 0x9CFF, 0x9CFF, 0x9CFF, 0x9CFF, 0x9CFF, 0x9CFF, 0x9CFF, 0x9CFF, 
    0x9CFF, 0x9CFF, 0x9CFF, 0x9CFF, 0x9CFF, 0x9CFF, 0x9CFF, 0x9CFF, 0x9CFF, 0x9CFF, 0x9CFF, 0x9CFF, 
    0x9CFF, 0x9CFF, 0x9CFF, 0x9CFF, 0x9CFF, 0x9CFF, 0x9CFF, 0x9CFF, 0x9CFF, 0x9CFF, 0x9CFF, 0x9CFF, 
    0x9CFF, 0x9CFF, 0x9CFF, 0x7BFF, 0x9CFF, 0x5BA6, 0xDB75, 0xFA7D, 0xFA7D, 0xDB7D, 0xDB7D, 0xFB7D, 
    0xFB7D, 0xDA85, 0xDB7D, 0xFB7D, 0xFA7D, 0xDB7D, 0xDB7D, 0xDB7D, 0xFB75, 0xDA7D, 0x3DDF, 0xBDFF, 
    0x9DF7, 0x9CFF, 0x9CFF, 0x9DF7, 0x9DF7, 0xBDFF, 0x9BB6, 0xDB75, 0xFB7D, 0xDB7D, 0xDB7D, 0xDB7D, 
    0xDB7D, 0xDB7D, 0xDB7D, 0xDB7D, 0xDB7D, 0xDB7D, 0xDB7D, 0xFB7D, 0xDB7D, 0x3AA6, 0xBDF7, 0x9BFF, 
    0x9CFF, 0x9CFF, 0x9CFF, 0x9CFF, 0x9CFF, 0x9CFF, 0x9CFF, 0x9CFF, 0x9CFF, 0x9CFF, 0x9CFF, 0x9CFF, 
    0x9CFF, 0x9CFF, 0x9CFF, 0x9CFF, 0x9CFF, 0x9CFF, 0x9CFF, 0x9CFF, 0x9CFF, 0x9CFF, 0x9CFF, 0x9CFF, 
    0x9CFF, 0x9CFF, 0x9CFF, 0x9CFF, 0x9CFF, 0x9CFF, 0x9CFF, 0x9CFF, 0x9CFF, 0x9CFF, 0x9CFF, 0x9CFF, 
    0x9CFF, 0x9CFF, 0x9CFF, 0x9CFF, 0x9CFF, 0x9CFF, 0x9CFF, 0x9CFF, 0x9CFF, 0x9CFF, 0x9CFF, 0x9CFF, 
    0x9CFF, 0x9CFF, 0x9CFF, 0x9CFF, 0x9CFF, 0x9CFF, 0x9CFF, 0x9CFF, 0x9CFF, 0x9CFF, 0x9CFF, 0x9CFF, 
    0x9CFF, 0x9CFF, 0x9CF7, 0x3A9E, 0xDA7D, 0xFC7D, 0xDB85, 0xDA85, 0xFA7D, 0xFB7D, 0xDB7D, 0xDB7D, 
    0xFB7D, 0xFB7D, 0xDA85, 0xDB7D, 0xFB7D, 0xFB85, 0xDB7D, 0xFA85, 0x5DDF, 0xBEF7, 0x9DEF, 0x9DF7, 
    0x9DF7, 0xBDEF, 0x9DF7, 0xBDFF, 0x5BA6, 0xDA75, 0xFA85, 0xBC85, 0xDB7D, 0xDB7D, 0xDB7D, 0xDB7D, 
    0xDB7D, 0xDB7D, 0xDB7D, 0xDB7D, 0xDB7D, 0xFB7D, 0xDB75, 0x7BAE, 0x9BFF, 0x7CFF, 0x9CF7, 0x7BFF, 
    0x9CFF, 0x9CFF, 0x7CFF, 0x9CFF, 0x9CFF, 0x9CFF, 0x9CFF, 0x9CFF, 0x9CFF, 0x9CFF, 0x9CFF, 0x9CFF, 
    0x9CFF, 0x9CFF, 0x9CFF, 0x9CFF, 0x9CFF, 0x9CFF, 0x9CFF, 0x9CFF, 0x9CFF, 0x9CFF, 0x9CFF, 0x9CFF, 
    0x9CFF, 0x9CFF, 0x9CFF, 0x9CFF, 0x9CFF, 0x9CFF, 0x9CFF, 0x9CFF, 0x7BFF, 0x9CFF, 0x9CFF, 0x7BFF, 
    0x9CFF, 0x5CE7, 0xD474, 0x1B9E, 0x1EBF, 0xFCBE, 0xFDBE, 0xFDBE, 0xFDBE, 0xFDBE, 0xFDBE, 0xFDBE, 
    0xFDBE, 0xFDBE, 0xFDBE, 0xFDBE, 0xFDBE, 0xFDBE, 0xFDBE, 0xFDBE, 0xFDBE, 0xFDBE, 0xFDBE, 0xFDBE, 
    0xFDBE, 0xFDBE, 0x1DBF, 0x9BAE, 
    0xA631, 0x5AAE, 0x3EBF, 0xFDBE, 0xFDBE, 0x1DBF, 0x1DB7, 0xFEBE, 
    0xFDBE, 0x1DB7, 0xFDBE, 0xFDBE, 0xFDBE, 0xFDBE, 0xFDBE, 0xFDBE, 0xFDBE, 0xFDBE, 0xFDBE, 0x1DB7, 
    0xFDBE, 0xFCBE, 0xFDBE, 0xFDBE, 0xFDBE, 0xFDB6, 0xF574, 0x39B6, 0xFDFF, 0xBCFF, 0xBDFF, 0xBCFF, 
    0xBCFF, 0xBCFF, 0xBCFF, 0xBCFF, 0xBCFF, 0xBCFF, 0xBCFF, 0xBCFF, 0xBCFF, 0xBCFF, 0xBCFF, 0xBCFF, 
    0xBCFF, 0xBCFF, 0xBCFF, 0xBCFF, 0xBCFF, 0xBCFF, 0xBCFF, 0xBCFF, 0xBCFF, 0xBCFF, 0xBCFF, 0xBCFF, 
    0xBCFF, 0xBCFF, 0xBCFF, 0xBCFF, 0xBCFF, 0xBCFF, 0xBCFF, 0xBCFF, 0xBCFF, 0xBCFF, 0xBCFF, 0xBCFF, 
    0xDDFF, 0x5BA6, 0xDB75, 0xFA7D, 0xFA7D, 0xDB7D, 0xDB7D, 0xFB7D, 0xFB7D, 0xDA85, 0xDB7D, 0xFB7D, 
    0xFA7D, 0xDB7D, 0xDB7D, 0xDB7D, 0xFB75, 0xDA7D, 0x3CE7, 0x9CFF, 0x9DF7, 0x9CFF, 0x7CFF, 0x9DF7, 
    0x9DF7, 0xBDFF, 0x7BB6, 0xDB75, 0xFB7D, 0xDB7D, 0xDB7D, 0xDB7D, 0xDB7D, 0xDB7D, 0xDB7D, 0xDB7D, 
    0xDB7D, 0xDB7D, 0xDB7D, 0xFB7D, 0xDB7D, 0x3AA6, 0xBDF7, 0x9BFF, 0x9CFF, 0x9CFF, 0x9CFF, 0x9CFF, 
    0x9CFF, 0x9CFF, 0x9CFF, 0x9CFF, 0x9CFF, 0x9CFF, 0x9CFF, 0x9CFF, 0x9CFF, 0x9CFF, 0x9CFF, 0x9CFF, 
    0x9CFF, 0x9CFF, 0x9CFF, 0x9CFF, 0x9CFF, 0x9CFF, 0x9CFF, 0x9CFF, 0x9CFF, 0x9CFF, 0x9CFF, 0x9CFF, 
    0x9CFF, 0x9CFF, 0x9CFF, 0x9CFF, 0x9CFF, 0x9CFF, 0x9CFF, 0x9CFF, 0x9CFF, 0x9CFF, 0x9CFF, 0x9CFF, 
    0x9CFF, 0x9CFF, 0x9CFF, 0x9CFF, 0x9CFF, 0x9CFF, 0x9CFF, 0x9CFF, 0x9CFF, 0x9CFF, 0x9CFF, 0x9CFF, 
    0x9CFF, 0x9CFF, 0x9CFF, 0x9CFF, 0x9CFF, 0x9CFF, 0x9CFF, 0x9CFF, 0x9CFF, 0x9CFF, 0x9CF7, 0x3A9E, 
    0xD97D, 0xFC75, 0xDB85, 0xDA85, 0xFA7D, 0xFB7D, 0xDB7D, 0xDB7D, 0xFB7D, 0xFB7D, 0xDA85, 0xDB7D, 
    0xFB75, 0xDB7D, 0xDB75, 0x1A86, 0x5DDF, 0xDFFF, 0xDEF7, 0xDEF7, 0xBEF7, 0xDEF7, 0xBEF7, 0xBEFF, 
    0x7CA6, 0xFB6D, 0xFA7D, 0xDC7D, 0xDB7D, 0xDB7D, 0xDB7D, 0xDB7D, 0xDB7D, 0xDB7D, 0xDB7D, 0xDB7D, 
    0xDB7D, 0xFB7D, 0xDB75, 0x9BAE, 0xBCFF, 0xBDFF, 0xBDFF, 0xBCFF, 0xDDFF, 0xBDFF, 0xBDFF, 0xBDFF, 
    0xBCFF, 0xBCFF, 0xBCFF, 0xBCFF, 0xBCFF, 0xBCFF, 0xBCFF, 0xBCFF, 0xBCFF, 0xBCFF, 0xBCFF, 0xBCFF, 
    0xBCFF, 0xBCFF, 0xBCFF, 0xBCFF, 0xBCFF, 0xBCFF, 0xBCFF, 0xBCFF, 0xBCFF, 0xBCFF, 0xBCFF, 0xBCFF, 
    0xBCFF, 0xBCFF, 0xBCFF, 0xBCFF, 0xBCFF, 0xBCFF, 0xDDFF, 0xBCFF, 0xDDFF, 0x7DEF, 0xD474, 0x1B9E, 
    0x1EBF, 0xFCBE, 0xFDBE, 0xFDBE, 0xFDBE, 0xFDBE, 0xFDBE, 0xFDBE, 0xFDBE, 0xFDBE, 0xFDBE, 0xFDBE, 
    0xFDBE, 0xFDBE, 0xFDBE, 0xFDBE, 0xFDBE, 0xFDBE, 0xFDBE, 0xFDBE, 0xFDBE, 0xFDBE, 0x1DBF, 0x9BAE, 
    
    0xA631, 0x5AAE, 0x3EBF, 0xFDBE, 0xFDBE, 0x1DBF, 0x1DB7, 0xFEBE, 0xFDBE, 0x1DB7, 0xFDBE, 0xFDBE, 
    0xFDBE, 0xFDBE, 0xFDBE, 0xFDBE, 0xFDBE, 0xFDBE, 0xFDBE, 0x1DB7, 0xFDBE, 0xFDBE, 0xFDBE, 0xFDBE, 
    0xFDBE, 0xDDB6, 0xF574, 0xD7AD, 0xF9EE, 0xF9EE, 0xF9EE, 0xF9EE, 0xF9EE, 0xF9EE, 0xF9EE, 0xF9EE, 
    0xF9EE, 0xF9EE, 0xF9EE, 0xF9EE, 0xF9EE, 0xF9EE, 0xF9EE, 0xF9EE, 0xF9EE, 0xF9EE, 0xF9EE, 0xF9EE, 
    0xF9EE, 0xF9EE, 0xF9EE, 0xF9EE, 0xF9EE, 0xF9EE, 0xF9EE, 0xF9EE, 0xF9EE, 0xF9EE, 0xF9EE, 0xF9EE, 
    0xF9EE, 0xF9EE, 0xF9EE, 0xF9EE, 0xF9EE, 0xF9EE, 0xF9EE, 0xD9EE, 0xD9EE, 0x1A9E, 0xDB75, 0xFA7D, 
    0xFB7D, 0xDB7D, 0xDB7D, 0xFB7D, 0xFB7D, 0xDA7D, 0xDB7D, 0xFB7D, 0xFA7D, 0xDB7D, 0xFB7D, 0xDB7D, 
    0xFA7D, 0xDA85, 0x7EDF, 0xFEFF, 0xDEF7, 0xDEFF, 0xDEFF, 0xDEF7, 0xDEF7, 0xFEF7, 0x9BB6, 0xBA7D, 
    0xFB7D, 0xDB7D, 0xDB7D, 0xDB7D, 0xDB7D, 0xDB7D, 0xDB7D, 0xDB7D, 0xDB7D, 0xDB7D, 0xDB7D, 0xFB7D, 
    0xDB7D, 0x3AA6, 0xBDF7, 0x9BFF, 0x9CFF, 0x9CFF, 0x9CFF, 0x9CFF, 0x9CFF, 0x9CFF, 0x9CFF, 0x9CFF, 
    0x9CFF, 0x9CFF, 0x9CFF, 0x9CFF, 0x9CFF, 0x9CFF, 0x9CFF, 0x9CFF, 0x9CFF, 0x9CFF, 0x9CFF, 0x9CFF, 
    0x9CFF, 0x9CFF, 0x9CFF, 0x9CFF, 0x9CFF, 0x9CFF, 0x9CFF, 0x9CFF, 0x9CFF, 0x9CFF, 0x9CFF, 0x9CFF, 
    0x9CFF, 0x9CFF, 0x9CFF, 0x9CFF, 0x9CFF, 0x9CFF, 0x9CFF, 0x9CFF, 0x9CFF, 0x9CFF, 0x9CFF, 0x9CFF, 
    0x9CFF, 0x9CFF, 0x9CFF, 0x9CFF, 0x9CFF, 0x9CFF, 0x9CFF, 0x9CFF, 0x9CFF, 0x9CFF, 0x9CFF, 0x9CFF, 
    0x9CFF, 0x9CFF, 0x9CFF, 0x9CFF, 0x9CFF, 0x9CFF, 0x9DF7, 0x3B9E, 0xBA7D, 0xFC7D, 0xDB85, 0xDB85, 
    0xDB7D, 0xDB7D, 0xDC7D, 0xDB7D, 0xDB7D, 0xDB7D, 0xDB85, 0xDB85, 0xFB7D, 0xDB7D, 0xDC7D, 0xDA85, 
    0x5BB6, 0x7BBE, 0x7BBE, 0x7BBE, 0x7ABE, 0x7BBE, 0x7ABE, 0x7AC6, 0xFB8D, 0xFB75, 0xDB7D, 0xBC7D, 
    0xDB7D, 0xDB7D, 0xDB7D, 0xDB7D, 0xDB7D, 0xDB7D, 0xDB7D, 0xDB7D, 0xDB7D, 0xDB7D, 0xDB75, 0x3AA6, 
    0xF9EE, 0xF9EE, 0xF9EE, 0xD8EE, 0xF9EE, 0xF9EE, 0xF8EE, 0xF9EE, 0xF9EE, 0xF9EE, 0xF9EE, 0xF9EE, 
    0xF9EE, 0xF9EE, 0xF9EE, 0xF9EE, 0xF9EE, 0xF9EE, 0xF9EE, 0xF9EE, 0xF9EE, 0xF9EE, 0xF9EE, 0xF9EE, 
    0xF9EE, 0xF9EE, 0xF9EE, 0xF9EE, 0xF9EE, 0xF9EE, 0xF9EE, 0xF9EE, 0xF9EE, 0xF9EE, 0xF9EE, 0xF9EE, 
    0xD9EE, 0xF9EE, 0xF9EE, 0xD9EE, 0xFAEE, 0xBAD6, 0xD47C, 0x1A9E, 0x1EBF, 0x1CBF, 0x1DBF, 0xFDBE, 
    0xFDBE, 0xFDBE, 0xFDBE, 0xFDBE, 0xFDBE, 0xFDBE, 0xFDBE, 0xFDBE, 0xFDBE, 0xFDBE, 0xFDBE, 0xFDBE, 
    0xFDBE, 0xFDBE, 0xFDBE, 0xFDBE, 0xFDBE, 0xFDBE, 0x1DBF, 0x9BAE, 
    0xA631, 0x5AAE, 0x3EBF, 0xFDBE, 
    0xFDBE, 0x1DBF, 0x1DB7, 0xFEBE, 0xFDBE, 0x1DB7, 0xFDBE, 0xFDBE, 0xFDBE, 0xFDBE, 0xFDBE, 0xFDBE, 
    0xFDBE, 0xFDBE, 0xFDBE, 0xFDBE, 0xFDBE, 0xFEBE, 0x1DB7, 0xFDBE, 0xFDBE, 0xDDB6, 0x367D, 0x7184, 
    0xCE9B, 0xCDA3, 0xCDA3, 0xCDA3, 0xCDA3, 0xCDA3, 0xCDA3, 0xCDA3, 0xCDA3, 0xCDA3, 0xCDA3, 0xCDA3, 
    0xCDA3, 0xCDA3, 0xCDA3, 0xCDA3, 0xCDA3, 0xCDA3, 0xCDA3, 0xCDA3, 0xCDA3, 0xCDA3, 0xCDA3, 0xCDA3, 
    0xCDA3, 0xCDA3, 0xCDA3, 0xCDA3, 0xCDA3, 0xCDA3, 0xCDA3, 0xCDA3, 0xCDA3, 0xCDA3, 0xCDA3, 0xCDA3, 
    0xCDA3, 0xCDA3, 0xCDA3, 0xCCA3, 0xAE9B, 0x7785, 0xFB7D, 0xDA7D, 0xFB7D, 0xDB7D, 0xFA7D, 0xDB7D, 
    0xDB7D, 0xFB7D, 0xDB7D, 0xDB7D, 0xDB7D, 0xFB7D, 0xFB7D, 0xDA7D, 0xDA85, 0xDA85, 0x9C9E, 0x7BAE, 
    0x7AB6, 0x7BAE, 0x7BAE, 0x7BAE, 0x7BAE, 0x9CA6, 0xFA8D, 0xBA85, 0xDB85, 0xDB7D, 0xDB7D, 0xDB7D, 
    0xDB7D, 0xDB7D, 0xDB7D, 0xDB7D, 0xDB7D, 0xDB7D, 0xDB7D, 0xFB7D, 0xDB7D, 0x3AA6, 0xBDF7, 0x9BFF, 
    0x9CFF, 0x9CFF, 0x9CFF, 0x9CFF, 0x9CFF, 0x9CFF, 0x9CFF, 0x9CFF, 0x9CFF, 0x9CFF, 0x9CFF, 0x9CFF, 
    0x9CFF, 0x9CFF, 0x9CFF, 0x9CFF, 0x9CFF, 0x9CFF, 0x9CFF, 0x9CFF, 0x9CFF, 0x9CFF, 0x9CFF, 0x9CFF, 
    0x9CFF, 0x9CFF, 0x9CFF, 0x9CFF, 0x9CFF, 0x9CFF, 0x9CFF, 0x9CFF, 0x9CFF, 0x9CFF, 0x9CFF, 0x9CFF, 
    0x9CFF, 0x9CFF, 0x9CFF, 0x9CFF, 0x9CFF, 0x9CFF, 0x9CFF, 0x9CFF, 0x9CFF, 0x9CFF, 0x9CFF, 0x9CFF, 
    0x9CFF, 0x9CFF, 0x9CFF, 0x9CFF, 0x9CFF, 0x9CFF, 0x9CFF, 0x9CFF, 0x9CFF, 0x9CFF, 0x9CFF, 0x9CFF, 
    0x9CFF, 0x9CFF, 0x9DF7, 0x3B9E, 0xBA85, 0xFC7D, 0xDB7D, 0xDB85, 0xDB85, 0xDC7D, 0xDC7D, 0xDB7D, 
    0xDB85, 0xDB85, 0xDB7D, 0xDB85, 0xDB85, 0xDB85, 0xDB85, 0xDB7D, 0xBB7D, 0xBB7D, 0xBB7D, 0xBB7D, 
    0xBB7D, 0xBB7D, 0xBB7D, 0xBB7D, 0xDB7D, 0xDB85, 0xDB85, 0xDB85, 0xDB85, 0xDB85, 0xDB85, 0xDB85, 
    0xDB85, 0xDB85, 0xDB85, 0xDB85, 0xDB85, 0xDB7D, 0xFB7D, 0x168D, 0xEE9B, 0xEB9B, 0xED9B, 0xACA3, 
    0xCDA3, 0xCEA3, 0xCCA3, 0xCCA3, 0xCDA3, 0xCDA3, 0xCDA3, 0xCDA3, 0xCDA3, 0xCDA3, 0xCDA3, 0xCDA3, 
    0xCDA3, 0xCDA3, 0xCDA3, 0xCDA3, 0xCDA3, 0xCDA3, 0xCDA3, 0xCDA3, 0xCDA3, 0xCDA3, 0xCDA3, 0xCDA3, 
    0xCDA3, 0xCDA3, 0xCDA3, 0xCDA3, 0xCDA3, 0xCDA3, 0xCDA3, 0xCDA3, 0xCC9B, 0xCDA3, 0xCD9B, 0xCD9B, 
    0xAEA3, 0x0F94, 0xD37C, 0x3A9E, 0xFEC6, 0x1CB7, 0x1DB7, 0xFDBE, 0xFDBE, 0xFDBE, 0xFDBE, 0xFDBE, 
    0xFDBE, 0xFDBE, 0xFDBE, 0xFDBE, 0xFDBE, 0xFDBE, 0xFDBE, 0xFDBE, 0xFDBE, 0xFDBE, 0xFDBE, 0xFDBE, 
    0xFDBE, 0xFDBE, 0x1DBF, 0x9BAE, 
    0xA631, 0x5AAE, 0x3EBF, 0xFDBE, 0xFDBE, 0x1DBF, 0x1DB7, 0xFEBE, 
    0xFDBE, 0x1DB7, 0xFDBE, 0xFDBE, 0xFDBE, 0xFDBE, 0xFDBE, 0xFDBE, 0xFDBE, 0xFDBE, 0xFDBE, 0xFDBE, 
    0xFDBE, 0xFEBE, 0x1DB7, 0xFDBE, 0xFDC6, 0xDDB6, 0x1575, 0xD7AD, 0xBAFE, 0x9AFE, 0x9AFE, 0x9AFE, 
    0x9AFE, 0x9AFE, 0x9AFE, 0x9AFE, 0x9AFE, 0x9AFE, 0x9AFE, 0x9AFE, 0x9AFE, 0x9AFE, 0x9AFE, 0x9AFE, 
    0x9AFE, 0x9AFE, 0x9AFE, 0x9AFE, 0x9AFE, 0x9AFE, 0x9AFE, 0x9AFE, 0x9AFE, 0x9AFE, 0x9AFE, 0x9AFE, 
    0x9AFE, 0x9AFE, 0x9AFE, 0x9AFE, 0x9AFE, 0x9AFE, 0x9AFE, 0x9AFE, 0x9AFE, 0x9AFE, 0x9AFE, 0x9AFE, 
    0x9AF6, 0x1A9E, 0xFB7D, 0xFA85, 0xDB7D, 0xDB7D, 0xFA7D, 0xDB7D, 0xDB7D, 0xFB7D, 0xDB7D, 0xDB7D, 
    0xDB7D, 0xFB7D, 0xFB7D, 0xDB7D, 0xDA7D, 0xDA85, 0xB985, 0xB97D, 0xB97D, 0xB97D, 0xB97D, 0xB97D, 
    0xB97D, 0xB975, 0xFB7D, 0x1B76, 0xFB75, 0xFB7D, 0xDB7D, 0xDB7D, 0xDB7D, 0xDB7D, 0xDB7D, 0xDB7D, 
    0xDB7D, 0xDB7D, 0xDB7D, 0xFB7D, 0xDB7D, 0x3AA6, 0xBDF7, 0x9BFF, 0x9CFF, 0x9CFF, 0x9CFF, 0x9CFF, 
    0x9CFF, 0x9CFF, 0x9CFF, 0x9CFF, 0x9CFF, 0x9CFF, 0x9CFF, 0x9CFF, 0x9CFF, 0x9CFF, 0x9CFF, 0x9CFF, 
    0x9CFF, 0x9CFF, 0x9CFF, 0x9CFF, 0x9CFF, 0x9CFF, 0x9CFF, 0x9CFF, 0x9CFF, 0x9CFF, 0x9CFF, 0x9CFF, 
    0x9CFF, 0x9CFF, 0x9CFF, 0x9CFF, 0x9CFF, 0x9CFF, 0x9CFF, 0x9CFF, 0x9CFF, 0x9CFF, 0x9CFF, 0x9CFF, 
    0x9CFF, 0x9CFF, 0x9CFF, 0x9CFF, 0x9CFF, 0x9CFF, 0x9CFF, 0x9CFF, 0x9CFF, 0x9CFF, 0x9CFF, 0x9CFF, 
    0x9CFF, 0x9CFF, 0x9CFF, 0x9CFF, 0x9CFF, 0x9CFF, 0x9CFF, 0x9CFF, 0x9CFF, 0x9CFF, 0x9CF7, 0x5A96, 
    0xD97D, 0x1B76, 0x1A76, 0xFA7D, 0xFA7D, 0xFB75, 0x1B76, 0xFA75, 0xFA7D, 0xFA7D, 0xFA7D, 0xFA7D, 
    0xFA7D, 0xFA7D, 0xFA7D, 0xFA7D, 0xFA7D, 0xFA7D, 0xFA7D, 0xFA7D, 0xFA7D, 0xFA7D, 0xFA7D, 0xFA7D, 
    0xFA7D, 0xFA7D, 0xFA7D, 0xFA7D, 0xFA7D, 0xFA7D, 0xFA7D, 0xFA7D, 0xFA7D, 0xFA7D, 0xFA7D, 0xFA7D, 
    0xFA7D, 0xFA7D, 0xDA7D, 0x1AAE, 0x9AF6, 0x99F6, 0x9BF6, 0x7BFE, 0x9CFE, 0x7CFE, 0x9BFE, 0x9AFE, 
    0x9AFE, 0x9AFE, 0x9AFE, 0x9AFE, 0x9AFE, 0x9AFE, 0x9AFE, 0x9AFE, 0x9AFE, 0x9AFE, 0x9AFE, 0x9AFE, 
    0x9AFE, 0x9AFE, 0x9AFE, 0x9AFE, 0x9AFE, 0x9AFE, 0x9AFE, 0x9AFE, 0x9AFE, 0x9AFE, 0x9AFE, 0x9AFE, 
    0x9AFE, 0x9AFE, 0x9AFE, 0x9AFE, 0xB9FE, 0xB9FE, 0xBAF6, 0xB9F6, 0xBAFE, 0x79DE, 0xB374, 0x3A9E, 
    0x1EC7, 0xFCB6, 0x1DBF, 0xFDBE, 0xFDBE, 0xFDBE, 0xFDBE, 0xFDBE, 0xFDBE, 0xFDBE, 0xFDBE, 0xFDBE, 
    0xFDBE, 0xFDBE, 0xFDBE, 0xFDBE, 0xFDBE, 0xFDBE, 0xFDBE, 0xFDBE, 0xFDBE, 0xFDBE, 0x1DBF, 0x9BAE, 
    
    0xA631, 0x5AAE, 0x3EBF, 0xFDBE, 0xFDBE, 0x1DBF, 0x1DB7, 0xFEBE, 0xFDBE, 0x1DB7, 0xFDBE, 0xFDBE, 
    0xFDBE, 0xFDBE, 0xFDBE, 0xFDBE, 0xFDBE, 0xFDBE, 0xFDBE, 0xFDBE, 0xFDBE, 0xFEBE, 0x1DB7, 0xFDBE, 
    0xFDBE, 0xFEB6, 0xF574, 0xD7AD, 0xDBFE, 0x9BFE, 0xBBFE, 0xBBFE, 0xBBFE, 0xBBFE, 0xBBFE, 0xBBFE, 
    0xBBFE, 0xBBFE, 0xBBFE, 0xBBFE, 0xBBFE, 0xBBFE, 0xBBFE, 0xBBFE, 0xBBFE, 0xBBFE, 0xBBFE, 0xBBFE, 
    0xBBFE, 0xBBFE, 0xBBFE, 0xBBFE, 0xBBFE, 0xBBFE, 0xBBFE, 0xBBFE, 0xBBFE, 0xBBFE, 0xBBFE, 0xBBFE, 
    0xBBFE, 0xBBFE, 0xBBFE, 0xBBFE, 0xBBFE, 0xBBFE, 0xBBFE, 0x9BFE, 0xBBFE, 0x1A9E, 0xDB7D, 0xDA7D, 
    0xFC7D, 0xDB7D, 0xFA7D, 0xDB7D, 0xDB7D, 0xFB7D, 0xDB7D, 0xDB7D, 0xDB7D, 0xFB7D, 0xDB7D, 0xDB7D, 
    0xDB7D, 0xDA7D, 0xDA85, 0xFC7D, 0xFC75, 0xFC75, 0xFC7D, 0xFB7D, 0xFB7D, 0xFC7D, 0xFB7D, 0xDB75, 
    0xFC75, 0xFB7D, 0xDB7D, 0xDB7D, 0xDB7D, 0xDB7D, 0xDB7D, 0xDB7D, 0xDB7D, 0xDB7D, 0xDB7D, 0xFB7D, 
    0xDB7D, 0x3AA6, 0xBDF7, 0x9BFF, 0x9CFF, 0x9CFF, 0x9CFF, 0x9CFF, 0x9CFF, 0x9CFF, 0x9CFF, 0x9CFF, 
    0x9CFF, 0x9CFF, 0x9CFF, 0x9CFF, 0x9CFF, 0x9CFF, 0x9CFF, 0x9CFF, 0x9CFF, 0x9CFF, 0x9CFF, 0x9CFF, 
    0x9CFF, 0x9CFF, 0x9CFF, 0x9CFF, 0x9CFF, 0x9CFF, 0x9CFF, 0x9CFF, 0x9CFF, 0x9CFF, 0x9CFF, 0x9CFF, 
    0x9CFF, 0x9CFF, 0x9CFF, 0x9CFF, 0x9CFF, 0x9CFF, 0x9CFF, 0x9CFF, 0x9CFF, 0x9CFF, 0x9CFF, 0x9CFF, 
    0x9CFF, 0x9CFF, 0x9CFF, 0x9CFF, 0x9CFF, 0x9CFF, 0x9CFF, 0x9CFF, 0x9CFF, 0x9CFF, 0x9CFF, 0x9CFF, 
    0x9CFF, 0x9CFF, 0x9CFF, 0x9CFF, 0x9CFF, 0x9BFF, 0x9DF7, 0x3B9E, 0xBA7D, 0xFC7D, 0xFB7D, 0xDB7D, 
    0xDB7D, 0xDC7D, 0xFC7D, 0xFB7D, 0xDB7D, 0xDB7D, 0xDB7D, 0xDB7D, 0xDB7D, 0xDB7D, 0xDB7D, 0xDB7D, 
    0xDB7D, 0xDB7D, 0xDB7D, 0xDB7D, 0xDB7D, 0xDB7D, 0xDB7D, 0xDB7D, 0xDB7D, 0xDB7D, 0xDB7D, 0xDB7D, 
    0xDB7D, 0xDB7D, 0xDB7D, 0xDB7D, 0xDB7D, 0xDB7D, 0xDB7D, 0xDB7D, 0xDB7D, 0xFB7D, 0xB97D, 0x1BAE, 
    0xBBFE, 0x9AFE, 0xBBFE, 0x9BFE, 0xBBFE, 0xBCFE, 0xDAFE, 0xBAFE, 0xBBFE, 0xBBFE, 0xBBFE, 0xBBFE, 
    0xBBFE, 0xBBFE, 0xBBFE, 0xBBFE, 0xBBFE, 0xBBFE, 0xBBFE, 0xBBFE, 0xBBFE, 0xBBFE, 0xBBFE, 0xBBFE, 
    0xBBFE, 0xBBFE, 0xBBFE, 0xBBFE, 0xBBFE, 0xBBFE, 0xBBFE, 0xBBFE, 0xBBFE, 0xBBFE, 0xBBFE, 0xBBFE, 
    0xBBFE, 0xBAFE, 0xBBFE, 0xBBFE, 0xBBFE, 0x7AE6, 0xB474, 0x1B9E, 0xFEC6, 0x1DB7, 0x1DBF, 0xFDBE, 
    0xFDBE, 0xFDBE, 0xFDBE, 0xFDBE, 0xFDBE, 0xFDBE, 0xFDBE, 0xFDBE, 0xFDBE, 0xFDBE, 0xFDBE, 0xFDBE, 
    0xFDBE, 0xFDBE, 0xFDBE, 0xFDBE, 0xFDBE, 0xFDBE, 0x1DBF, 0x9BAE, 
    0xA631, 0x5AAE, 0x3EBF, 0xFDBE, 
    0xFDBE, 0x1DBF, 0x1DB7, 0xFEBE, 0xFDBE, 0x1DB7, 0xFDBE, 0xFDBE, 0xFDBE, 0xFDBE, 0xFDBE, 0xFDBE, 
    0xFDBE, 0xFDBE, 0xFDBE, 0xFDBE, 0xFDBE, 0xFDBE, 0x1DB7, 0xFDBE, 0xFDC6, 0xFEB6, 0xF574, 0xD7AD, 
    0xDBFE, 0x9AFE, 0xBBFE, 0xBBFE, 0xBBFE, 0xBBFE, 0xBBFE, 0xBBFE, 0xBBFE, 0xBBFE, 0xBBFE, 0xBBFE, 
    0xBBFE, 0xBBFE, 0xBBFE, 0xBBFE, 0xBBFE, 0xBBFE, 0xBBFE, 0xBBFE, 0xBBFE, 0xBBFE, 0xBBFE, 0xBBFE, 
    0xBBFE, 0xBBFE, 0xBBFE, 0xBBFE, 0xBBFE, 0xBBFE, 0xBBFE, 0xBBFE, 0xBBFE, 0xBBFE, 0xBBFE, 0xBBFE, 
    0xBBFE, 0xBBFE, 0xBBFE, 0x9AFE, 0xBBF6, 0x1B9E, 0xDB7D, 0xFB7D, 0xFB7D, 0xDC7D, 0xFA7D, 0xDB7D, 
    0xDB7D, 0xFB7D, 0xDB7D, 0xDB7D, 0xDB7D, 0xFB7D, 0xFB7D, 0xFB7D, 0xDB7D, 0xFB7D, 0xDA7D, 0xDB7D, 
    0xDC7D, 0xDC7D, 0xDC7D, 0xDB85, 0xDB85, 0xDB85, 0xBB85, 0xDB85, 0xDB85, 0xDB7D, 0xDB7D, 0xDB7D, 
    0xDB7D, 0xDB7D, 0xDB7D, 0xDB7D, 0xDB7D, 0xDB7D, 0xDB7D, 0xFB7D, 0xDB7D, 0x3AA6, 0xBDF7, 0x9BFF, 
    0x9CFF, 0x9CFF, 0x9CFF, 0x9CFF, 0x9CFF, 0x9CFF, 0x9CFF, 0x9CFF, 0x9CFF, 0x9CFF, 0x9CFF, 0x9CFF, 
    0x9CFF, 0x9CFF, 0x9CFF, 0x9CFF, 0x9CFF, 0x9CFF, 0x9CFF, 0x9CFF, 0x9CFF, 0x9CFF, 0x9CFF, 0x9CFF, 
    0x9CFF, 0x9CFF, 0x9CFF, 0x9CFF, 0x9CFF, 0x9CFF, 0x9CFF, 0x9CFF, 0x9CFF, 0x9CFF, 0x9CFF, 0x9CFF, 
    0x9CFF, 0x9CFF, 0x9CFF, 0x9CFF, 0x9CFF, 0x9CFF, 0x9CFF, 0x9CFF, 0x9CFF, 0x9CFF, 0x9CFF, 0x9CFF, 
    0x9CFF, 0x9CFF, 0x9CFF, 0x9CFF, 0x9CFF, 0x9CFF, 0x9CFF, 0x9CFF, 0x9CFF, 0x9CFF, 0x9CFF, 0x9CFF, 
    0x9CFF, 0x9CFF, 0x9CF7, 0x3B9E, 0xBA7D, 0xFB7D, 0xDB7D, 0xDA85, 0xDB85, 0xDB7D, 0xFB7D, 0xDB7D, 
    0xDB7D, 0xDB7D, 0xDB7D, 0xDB7D, 0xDB7D, 0xDB7D, 0xDB7D, 0xDB7D, 0xDB7D, 0xDB7D, 0xDB7D, 0xDB7D, 
    0xDB7D, 0xDB7D, 0xDB7D, 0xDB7D, 0xDB7D, 0xDB7D, 0xDB7D, 0xDB7D, 0xDB7D, 0xDB7D, 0xDB7D, 0xDB7D, 
    0xDB7D, 0xDB7D, 0xDB7D, 0xDB7D, 0xDB7D, 0xDB7D, 0xBB7D, 0x1BAE, 0xBCFE, 0x9AFE, 0x9BFE, 0x9AFE, 
    0xBAFE, 0xBAFE, 0xD8F6, 0xBAFE, 0x9BFE, 0xBBFE, 0xBBFE, 0xBBFE, 0xBBFE, 0xBBFE, 0xBBFE, 0xBBFE, 
    0xBBFE, 0xBBFE, 0xBBFE, 0xBBFE, 0xBBFE, 0xBBFE, 0xBBFE, 0xBBFE, 0xBBFE, 0xBBFE, 0xBBFE, 0xBBFE, 
    0xBBFE, 0xBBFE, 0xBBFE, 0xBBFE, 0xBBFE, 0xBBFE, 0xBBFE, 0xBBFE, 0xBAFE, 0x9BFE, 0xBBFE, 0xBBFE, 
    0xBBFE, 0x7AE6, 0x9374, 0x3B9E, 0xFEC6, 0xFDB6, 0x1DB7, 0xFDBE, 0xFDBE, 0xFDBE, 0xFDBE, 0xFDBE, 
    0xFDBE, 0xFDBE, 0xFDBE, 0xFDBE, 0xFDBE, 0xFDBE, 0xFDBE, 0xFDBE, 0xFDBE, 0xFDBE, 0xFDBE, 0xFDBE, 
    0xFDBE, 0xFDBE, 0x1DBF, 0x9BAE, 
    0xA631, 0x5AAE, 0x3EBF, 0xFDBE, 0xFDBE, 0x1DBF, 0x1DB7, 0xFEBE, 
    0xFDBE, 0x1DB7, 0xFDBE, 0xFDBE, 0xFDBE, 0xFDBE, 0xFDBE, 0xFDBE, 0xFDBE, 0xFDBE, 0xFDBE, 0xFDBE, 
    0xFDBE, 0xFDBE, 0x1DB7, 0xFCBE, 0xFDBE, 0xDEB6, 0x1675, 0xD8AD, 0xBBFE, 0xBAFE, 0xBAFE, 0xBAFE, 
    0xBAFE, 0xBAFE, 0xBAFE, 0xBAFE, 0xBAFE, 0xBAFE, 0xBAFE, 0xBAFE, 0xBAFE, 0xBAFE, 0xBAFE, 0xBAFE, 
    0xBAFE, 0xBAFE, 0xBAFE, 0xBAFE, 0xBAFE, 0xBAFE, 0xBAFE, 0xBAFE, 0xBAFE, 0xBAFE, 0xBAFE, 0xBAFE, 
    0xBAFE, 0xBAFE, 0xBAFE, 0xBAFE, 0xBAFE, 0xBAFE, 0xBAFE, 0xBAFE, 0xBAFE, 0xBAFE, 0xBAFE, 0xBAFE, 
    0x9BF6, 0x1B9E, 0xDB7D, 0xDB7D, 0xDC7D, 0xDC7D, 0xFA7D, 0xDB7D, 0xDB7D, 0xFB7D, 0xDB7D, 0xDB7D, 
    0xDB7D, 0xFB7D, 0xDB7D, 0xFB7D, 0xFB7D, 0xDB7D, 0xDB7D, 0xDB7D, 0xDB7D, 0xDB7D, 0xDB85, 0xDA85, 
    0xDA85, 0xDA85, 0xDA85, 0xDA85, 0xDA85, 0xDB7D, 0xDB7D, 0xDB7D, 0xDB7D, 0xDB7D, 0xDB7D, 0xDB7D, 
    0xDB7D, 0xDB7D, 0xDB7D, 0xFB7D, 0xDB7D, 0x3AA6, 0xBDF7, 0x9BFF, 0x9CFF, 0x9CFF, 0x9CFF, 0x9CFF, 
    0x9CFF, 0x9CFF, 0x9CFF, 0x9CFF, 0x9CFF, 0x9CFF, 0x9CFF, 0x9CFF, 0x9CFF, 0x9CFF, 0x9CFF, 0x9CFF, 
    0x9CFF, 0x9CFF, 0x9CFF, 0x9CFF, 0x9CFF, 0x9CFF, 0x9CFF, 0x9CFF, 0x9CFF, 0x9CFF, 0x9CFF, 0x9CFF, 
    0x9CFF, 0x9CFF, 0x9CFF, 0x9CFF, 0x9CFF, 0x9CFF, 0x9CFF, 0x9CFF, 0x9CFF, 0x9CFF, 0x9CFF, 0x9CFF, 
    0x9CFF, 0x9CFF, 0x9CFF, 0x9CFF, 0x9CFF, 0x9CFF, 0x9CFF, 0x9CFF, 0x9CFF, 0x9CFF, 0x9CFF, 0x9CFF, 
    0x9CFF, 0x9CFF, 0x9CFF, 0x9CFF, 0x9CFF, 0x9CFF, 0x9CFF, 0x9CFF, 0x9CFF, 0x9BFF, 0x9DF7, 0x3B9E, 
    0xBA7D, 0xFC7D, 0xFB7D, 0xDA85, 0xDB85, 0xDB7D, 0xFC7D, 0xDB7D, 0xDB7D, 0xFB7D, 0xFB7D, 0xFB7D, 
    0xFB7D, 0xFB7D, 0xFB7D, 0xFB7D, 0xFB7D, 0xFB7D, 0xFB7D, 0xFB7D, 0xFB7D, 0xFB7D, 0xFB7D, 0xFB7D, 
    0xFB7D, 0xFB7D, 0xFB7D, 0xFB7D, 0xFB7D, 0xFB7D, 0xFB7D, 0xFB7D, 0xFB7D, 0xFB7D, 0xFB7D, 0xFB7D, 
    0xFB7D, 0xFB7D, 0xDC75, 0x1CAE, 0xBCFE, 0xBBFE, 0xBBFE, 0x9AFE, 0xBAFE, 0x9BFE, 0xBAF6, 0xBAFE, 
    0xBAFE, 0xBAFE, 0xBAFE, 0xBAFE, 0xBAFE, 0xBAFE, 0xBAFE, 0xBAFE, 0xBAFE, 0xBAFE, 0xBAFE, 0xBAFE, 
    0xBAFE, 0xBAFE, 0xBAFE, 0xBAFE, 0xBAFE, 0xBAFE, 0xBAFE, 0xBAFE, 0xBAFE, 0xBAFE, 0xBAFE, 0xBAFE, 
    0xBAFE, 0xBAFE, 0xBAFE, 0xBAFE, 0xBAFE, 0x9BFE, 0xBBFE, 0xBBFE, 0xBBFE, 0x7ADE, 0x9374, 0x3B9E, 
    0xFEC6, 0x1DB7, 0x1DB7, 0xFDBE, 0xFDBE, 0xFDBE, 0xFDBE, 0xFDBE, 0xFDBE, 0xFDBE, 0xFDBE, 0xFDBE, 
    0xFDBE, 0xFDBE, 0xFDBE, 0xFDBE, 0xFDBE, 0xFDBE, 0xFDBE, 0xFDBE, 0xFDBE, 0xFDBE, 0x1DBF, 0x9BAE, 
    
    0xA631, 0x5AAE, 0x3EBF, 0xFDBE, 0xFDBE, 0x1DBF, 0x1DB7, 0xFEBE, 0xFDBE, 0x1DB7, 0xFDBE, 0xFDBE, 
    0xFDBE, 0xFDBE, 0xFDBE, 0xFDBE, 0xFDBE, 0xFDBE, 0xFDBE, 0xFDBE, 0xFDBE, 0xFDBE, 0x1DB7, 0xFCBE, 
    0xFDBE, 0xFEB6, 0x1675, 0xB8AD, 0xBBFE, 0x9AFE, 0xBAFE, 0xBAFE, 0xBAFE, 0xBAFE, 0xBAFE, 0xBAFE, 
    0xBAFE, 0xBAFE, 0xBAFE, 0xBAFE, 0xBAFE, 0xBAFE, 0xBAFE, 0xBAFE, 0xBAFE, 0xBAFE, 0xBAFE, 0xBAFE, 
    0xBAFE, 0xBAFE, 0xBAFE, 0xBAFE, 0xBAFE, 0xBAFE, 0xBAFE, 0xBAFE, 0xBAFE, 0xBAFE, 0xBAFE, 0xBAFE, 
    0xBAFE, 0xBAFE, 0xBAFE, 0xBAFE, 0xBAFE, 0xBAFE, 0xBAFE, 0x9AFE, 0xBBFE, 0x1B9E, 0xDB7D, 0xDB7D, 
    0xDB7D, 0xDC7D, 0xFA7D, 0xDB7D, 0xDB7D, 0xFB7D, 0xDB7D, 0xDB7D, 0xDB7D, 0xFB7D, 0xFB7D, 0xFB7D, 
    0xFB7D, 0xFB7D, 0xFB7D, 0xFB7D, 0xFA7D, 0xFA7D, 0xFA7D, 0xFA7D, 0xFA7D, 0xFA7D, 0xFA7D, 0xFA7D, 
    0xFB7D, 0xDB7D, 0xDB7D, 0xDB7D, 0xDB7D, 0xDB7D, 0xDB7D, 0xDB7D, 0xDB7D, 0xDB7D, 0xDB7D, 0xFB7D, 
    0xDB7D, 0x3AA6, 0xBDF7, 0x9BFF, 0x9CFF, 0x9CFF, 0x9CFF, 0x9CFF, 0x9CFF, 0x9CFF, 0x9CFF, 0x9CFF, 
    0x9CFF, 0x9CFF, 0x9CFF, 0x9CFF, 0x9CFF, 0x9CFF, 0x9CFF, 0x9CFF, 0x9CFF, 0x9CFF, 0x9CFF, 0x9CFF, 
    0x9CFF, 0x9CFF, 0x9CFF, 0x9CFF, 0x9CFF, 0x9CFF, 0x9CFF, 0x9CFF, 0x9CFF, 0x9CFF, 0x9CFF, 0x9CFF, 
    0x9CFF, 0x9CFF, 0x9CFF, 0x9CFF, 0x9CFF, 0x9CFF, 0x9CFF, 0x9CFF, 0x9CFF, 0x9CFF, 0x9CFF, 0x9CFF, 
    0x9CFF, 0x9CFF, 0x9CFF, 0x9CFF, 0x9CFF, 0x9CFF, 0x9CFF, 0x9CFF, 0x9CFF, 0x9CFF, 0x9CFF, 0x9CFF, 
    0x9CFF, 0x9CFF, 0x9CFF, 0x9CFF, 0x9CFF, 0x9BFF, 0x9DF7, 0x3B9E, 0xBA85, 0xFB7D, 0xFB7D, 0xDA85, 
    0xDA85, 0xDB7D, 0xDB7D, 0xDA85, 0xDA85, 0xDB7D, 0xDB7D, 0xDB7D, 0xDB7D, 0xDB7D, 0xDB7D, 0xDB7D, 
    0xDB7D, 0xDB7D, 0xDB7D, 0xDB7D, 0xDB7D, 0xDB7D, 0xDB7D, 0xDB7D, 0xDB7D, 0xDB7D, 0xDB7D, 0xDB7D, 
    0xDB7D, 0xDB7D, 0xDB7D, 0xDB7D, 0xDB7D, 0xDB7D, 0xDB7D, 0xDB7D, 0xDB85, 0xFB7D, 0xFA75, 0x3BA6, 
    0xDBF6, 0xB9F6, 0xBAF6, 0x99FE, 0xBAFE, 0x9CFE, 0x9CFE, 0xBAFE, 0xBAFE, 0xBAFE, 0xBAFE, 0xBAFE, 
    0xBAFE, 0xBAFE, 0xBAFE, 0xBAFE, 0xBAFE, 0xBAFE, 0xBAFE, 0xBAFE, 0xBAFE, 0xBAFE, 0xBAFE, 0xBAFE, 
    0xBAFE, 0xBAFE, 0xBAFE, 0xBAFE, 0xBAFE, 0xBAFE, 0xBAFE, 0xBAFE, 0xBAFE, 0xBAFE, 0xBAFE, 0xBAFE, 
    0xBAFE, 0x9BFE, 0xBBFE, 0xBBFE, 0xBBFE, 0x7ADE, 0xB374, 0x3A9E, 0x1EC7, 0x1CB7, 0x1DBF, 0xFDBE, 
    0xFDBE, 0xFDBE, 0xFDBE, 0xFDBE, 0xFDBE, 0xFDBE, 0xFDBE, 0xFDBE, 0xFDBE, 0xFDBE, 0xFDBE, 0xFDBE, 
    0xFDBE, 0xFDBE, 0xFDBE, 0xFDBE, 0xFDBE, 0xFDBE, 0x1DBF, 0x9BAE, 
    0xA631, 0x5AAE, 0x3EBF, 0xFDBE, 
    0xFDBE, 0x1DBF, 0x1DB7, 0xFEBE, 0xFDBE, 0x1DB7, 0xFDBE, 0xFDBE, 0xFDBE, 0xFDBE, 0xFDBE, 0xFDBE, 
    0xFDBE, 0xFDBE, 0xFDBE, 0xFDBE, 0xFDBE, 0xFEBE, 0x1DB7, 0xFCBE, 0xFDBE, 0xFEB6, 0x1675, 0xB8AD, 
    0xBBFE, 0x9BFE, 0x9BFE, 0x9BFE, 0x9BFE, 0x9BFE, 0x9BFE, 0x9BFE, 0x9BFE, 0x9BFE, 0x9BFE, 0x9BFE, 
    0x9BFE, 0x9BFE, 0x9BFE, 0x9BFE, 0x9BFE, 0x9BFE, 0x9BFE, 0x9BFE, 0x9BFE, 0x9BFE, 0x9BFE, 0x9BFE, 
    0x9BFE, 0x9BFE, 0x9BFE, 0x9BFE, 0x9BFE, 0x9BFE, 0x9BFE, 0x9BFE, 0x9BFE, 0x9BFE, 0x9BFE, 0x9BFE, 
    0x9BFE, 0x9BFE, 0x9BFE, 0x9BFE, 0xBBFE, 0x1A9E, 0xDB7D, 0xFB7D, 0xFB7D, 0xDB7D, 0xFA7D, 0xDB7D, 
    0xDB7D, 0xFB7D, 0xDB7D, 0xDB7D, 0xDB7D, 0xDB7D, 0xDB7D, 0xDB7D, 0xFB7D, 0xDB7D, 0xDB7D, 0xDB7D, 
    0xDB7D, 0xDB7D, 0xFB7D, 0xDB7D, 0xFB7D, 0xFB7D, 0xFB7D, 0xFB7D, 0xFB75, 0xDB7D, 0xDB7D, 0xDB7D, 
    0xDB7D, 0xDB7D, 0xDB7D, 0xDB7D, 0xDB7D, 0xDB7D, 0xDB7D, 0xFB7D, 0xDB7D, 0x3AA6, 0xBDF7, 0x9BFF, 
    0x9CFF, 0x9CFF, 0x9CFF, 0x9CFF, 0x9CFF, 0x9CFF, 0x9CFF, 0x9CFF, 0x9CFF, 0x9CFF, 0x9CFF, 0x9CFF, 
    0x9CFF, 0x9CFF, 0x9CFF, 0x9CFF, 0x9CFF, 0x9CFF, 0x9CFF, 0x9CFF, 0x9CFF, 0x9CFF, 0x9CFF, 0x9CFF, 
    0x9CFF, 0x9CFF, 0x9CFF, 0x9CFF, 0x9CFF, 0x9CFF, 0x9CFF, 0x9CFF, 0x9CFF, 0x9CFF, 0x9CFF, 0x9CFF, 
    0x9CFF, 0x9CFF, 0x9CFF, 0x9CFF, 0x9CFF, 0x9CFF, 0x9CFF, 0x9CFF, 0x9CFF, 0x9CFF, 0x9CFF, 0x9CFF, 
    0x9CFF, 0x9CFF, 0x9CFF, 0x9CFF, 0x9CFF, 0x9CFF, 0x9CFF, 0x9CFF, 0x9CFF, 0x9CFF, 0x9CFF, 0x9CFF, 
    0x9CFF, 0x9BFF, 0x9DF7, 0x5B96, 0xFA7D, 0x1B76, 0x1B76, 0xFA7D, 0xFA7D, 0xFB7D, 0xFB7D, 0xFA7D, 
    0xFA7D, 0xFB7D, 0xFB7D, 0xFB7D, 0xFB7D, 0xFB7D, 0xFB7D, 0xFB7D, 0xFB7D, 0xFB7D, 0xFB7D, 0xFB7D, 
    0xFB7D, 0xFB7D, 0xFB7D, 0xFB7D, 0xFB7D, 0xFB7D, 0xFB7D, 0xFB7D, 0xFB7D, 0xFB7D, 0xFB7D, 0xFB7D, 
    0xFB7D, 0xFB7D, 0xFB7D, 0xFB7D, 0xFB7D, 0xFB7D, 0xDA7D, 0x1BAE, 0xBBFE, 0xBAFE, 0xDAF6, 0xB9FE, 
    0xB9FE, 0x9BFE, 0x9BFE, 0xBBFE, 0x9BFE, 0x9BFE, 0x9BFE, 0x9BFE, 0x9BFE, 0x9BFE, 0x9BFE, 0x9BFE, 
    0x9BFE, 0x9BFE, 0x9BFE, 0x9BFE, 0x9BFE, 0x9BFE, 0x9BFE, 0x9BFE, 0x9BFE, 0x9BFE, 0x9BFE, 0x9BFE, 
    0x9BFE, 0x9BFE, 0x9BFE, 0x9BFE, 0x9BFE, 0x9BFE, 0x9BFE, 0x9BFE, 0xBBFE, 0x9AFE, 0xBBFE, 0xBAFE, 
    0xBBFE, 0x7ADE, 0xB374, 0x3A9E, 0x1EC7, 0x1CB7, 0x1DBF, 0xFDBE, 0xFDBE, 0xFDBE, 0xFDBE, 0xFDBE, 
    0xFDBE, 0xFDBE, 0xFDBE, 0xFDBE, 0xFDBE, 0xFDBE, 0xFDBE, 0xFDBE, 0xFDBE, 0xFDBE, 0xFDBE, 0xFDBE, 
    0xFDBE, 0xFDBE, 0x1DBF, 0x9BAE, 
    0xA631, 0x5AAE, 0x3EBF, 0xFDBE, 0xFDBE, 0x1DBF, 0x1DB7, 0xFEBE, 
    0xFDBE, 0x1DB7, 0xFDBE, 0xFDBE, 0xFDBE, 0xFDBE, 0xFDBE, 0xFDBE, 0xFDBE, 0xFDBE, 0xFDBE, 0xFDBE, 
    0xFDBE, 0xFEBE, 0x1DB7, 0xFCBE, 0xFDBE, 0xFEB6, 0x1675, 0xB8AD, 0xBBFE, 0x9BFE, 0x9BFE, 0x9BFE, 
    0x9BFE, 0x9BFE, 0x9BFE, 0x9BFE, 0x9BFE, 0x9BFE, 0x9BFE, 0x9BFE, 0x9BFE, 0x9BFE, 0x9BFE, 0x9BFE, 
    0x9BFE, 0x9BFE, 0x9BFE, 0x9BFE, 0x9BFE, 0x9BFE, 0x9BFE, 0x9BFE, 0x9BFE, 0x9BFE, 0x9BFE, 0x9BFE, 
    0x9BFE, 0x9BFE, 0x9BFE, 0x9BFE, 0x9BFE, 0x9BFE, 0x9BFE, 0x9BFE, 0x9BFE, 0x9BFE, 0x9BFE, 0x9BFE, 
    0xBAFE, 0x1A9E, 0xDA7D, 0xFA85, 0xFB7D, 0xDB7D, 0xFA7D, 0xDB85, 0xDB85, 0xFB7D, 0xFB7D, 0xFB7D, 
    0xFB7D, 0xFB7D, 0xFB7D, 0xFB7D, 0xFB7D, 0xFB7D, 0xFB7D, 0xDB85, 0xDB85, 0xDB85, 0xDB85, 0xDB85, 
    0xDB85, 0xDB85, 0xDB7D, 0xDB7D, 0xDB7D, 0xFB7D, 0xFB7D, 0xFB7D, 0xFB7D, 0xFB7D, 0xFB7D, 0xFB7D, 
    0xFB7D, 0xFB7D, 0xFB7D, 0xFB7D, 0xDA7D, 0x5AA6, 0xBDF7, 0x9BFF, 0x9CFF, 0x9CFF, 0x9CFF, 0x9CFF, 
    0x9CFF, 0x9CFF, 0x9CFF, 0x9CFF, 0x9CFF, 0x9CFF, 0x9CFF, 0x9CFF, 0x9CFF, 0x9CFF, 0x9CFF, 0x9CFF, 
    0x9CFF, 0x9CFF, 0x9CFF, 0x9CFF, 0x9CFF, 0x9CFF, 0x9CFF, 0x9CFF, 0x9CFF, 0x9CFF, 0x9CFF, 0x9CFF, 
    0x9CFF, 0x9CFF, 0x9CFF, 0x9CFF, 0x9CFF, 0x9CFF, 0x9CFF, 0x9CFF, 0x9CFF, 0x9CFF, 0x9CFF, 0x9CFF, 
    0x9CFF, 0x9CFF, 0x9CFF, 0x9CFF, 0x9CFF, 0x9CFF, 0x9CFF, 0x9CFF, 0x9CFF, 0x9CFF, 0x9CFF, 0x9CFF, 
    0x9CFF, 0x9CFF, 0x9CFF, 0x9CFF, 0x9CFF, 0x9CFF, 0x9CFF, 0x9CFF, 0x9CFF, 0x9BFF, 0x9DF7, 0x3B96, 
    0xBA75, 0xDB75, 0xDB75, 0xDA7D, 0xDA7D, 0xDB75, 0xDB75, 0xDA7D, 0xDA7D, 0xDB7D, 0xDB7D, 0xDB7D, 
    0xDB7D, 0xDB7D, 0xDB7D, 0xDB7D, 0xDB7D, 0xDB7D, 0xDB7D, 0xDB7D, 0xDB7D, 0xDB7D, 0xDB7D, 0xDB7D, 
    0xDB7D, 0xDB7D, 0xDB7D, 0xDB7D, 0xDB7D, 0xDB7D, 0xDB7D, 0xDB7D, 0xDB7D, 0xDB7D, 0xDB7D, 0xDB7D, 
    0xDB75, 0xDA7D, 0x9985, 0xDBB5, 0x9DFE, 0xBBFE, 0xBCF6, 0x9AFE, 0xBAFE, 0x9BFE, 0x9AFE, 0xBBFE, 
    0x9BFE, 0x9BFE, 0x9BFE, 0x9BFE, 0x9BFE, 0x9BFE, 0x9BFE, 0x9BFE, 0x9BFE, 0x9BFE, 0x9BFE, 0x9BFE, 
    0x9BFE, 0x9BFE, 0x9BFE, 0x9BFE, 0x9BFE, 0x9BFE, 0x9BFE, 0x9BFE, 0x9BFE, 0x9BFE, 0x9BFE, 0x9BFE, 
    0x9BFE, 0x9BFE, 0x9BFE, 0x9BFE, 0xBAFE, 0xBAFE, 0xBBFE, 0xBAFE, 0xBBFE, 0x7ADE, 0xB374, 0x3A9E, 
    0x1EC7, 0x1CB7, 0x1DBF, 0xFDBE, 0xFDBE, 0xFDBE, 0xFDBE, 0xFDBE, 0xFDBE, 0xFDBE, 0xFDBE, 0xFDBE, 
    0xFDBE, 0xFDBE, 0xFDBE, 0xFDBE, 0xFDBE, 0xFDBE, 0xFDBE, 0xFDBE, 0xFDBE, 0xFDBE, 0x1DBF, 0x9BAE, 
    
    0xA631, 0x5AAE, 0x3EBF, 0xFDBE, 0xFDBE, 0x1DBF, 0x1DB7, 0xFEBE, 0xFDBE, 0x1DB7, 0xFDBE, 0xFDBE, 
    0xFDBE, 0xFDBE, 0xFDBE, 0xFDBE, 0xFDBE, 0xFDBE, 0xFDBE, 0xFDBE, 0xFEBE, 0xFEBE, 0x1DB7, 0xFDBE, 
    0xFDBE, 0xFEB6, 0x1575, 0xB7AD, 0xBBFE, 0x9AFE, 0xBAFE, 0xBAFE, 0xBAFE, 0xBAFE, 0xBAFE, 0xBAFE, 
    0xBAFE, 0xBAFE, 0xBAFE, 0xBAFE, 0xBAFE, 0xBAFE, 0xBAFE, 0xBAFE, 0xBAFE, 0xBAFE, 0xBAFE, 0xBAFE, 
    0xBAFE, 0xBAFE, 0xBAFE, 0xBAFE, 0xBAFE, 0xBAFE, 0xBAFE, 0xBAFE, 0xBAFE, 0xBAFE, 0xBAFE, 0xBAFE, 
    0xBAFE, 0xBAFE, 0xBAFE, 0xBAFE, 0xBAFE, 0xBAFE, 0xBAFE, 0xBAFE, 0xBAFE, 0x1B96, 0xBB6D, 0xDB75, 
    0xDC75, 0xBC75, 0xDB75, 0xBB75, 0xBC75, 0xDC6D, 0xDC75, 0xDC75, 0xDC75, 0xDC75, 0xDB75, 0xDB75, 
    0xDB75, 0xDB75, 0xDB75, 0xDB75, 0xDC75, 0xDC75, 0xDC75, 0xDC75, 0xDC75, 0xDB75, 0xDB75, 0xDB75, 
    0xDB75, 0xDC75, 0xDC75, 0xDC75, 0xDC75, 0xDC75, 0xDC75, 0xDC75, 0xDC75, 0xDC75, 0xDB75, 0xDC75, 
    0xBB75, 0x3B9E, 0xBDF7, 0x9BFF, 0x9CFF, 0x9CFF, 0x9CFF, 0x9CFF, 0x9CFF, 0x9CFF, 0x9CFF, 0x9CFF, 
    0x9CFF, 0x9CFF, 0x9CFF, 0x9CFF, 0x9CFF, 0x9CFF, 0x9CFF, 0x9CFF, 0x9CFF, 0x9CFF, 0x9CFF, 0x9CFF, 
    0x9CFF, 0x9CFF, 0x9CFF, 0x9CFF, 0x9CFF, 0x9CFF, 0x9CFF, 0x9CFF, 0x9CFF, 0x9CFF, 0x9CFF, 0x9CFF, 
    0x9CFF, 0x9CFF, 0x9CFF, 0x9CFF, 0x9CFF, 0x9CFF, 0x9CFF, 0x9CFF, 0x9CFF, 0x9CFF, 0x9CFF, 0x9CFF, 
    0x9CFF, 0x9CFF, 0x9CFF, 0x9CFF, 0x9CFF, 0x9CFF, 0x9CFF, 0x9CFF, 0x9CFF, 0x9CFF, 0x9CFF, 0x9CFF, 
    0x9CFF, 0x9CFF, 0x9CFF, 0x9CFF, 0x9CFF, 0x9CFF, 0x7BFF, 0x96CE, 0x56B6, 0x77AE, 0x77AE, 0x76B6, 
    0x56B6, 0x77B6, 0x77B6, 0x76B6, 0x76B6, 0x77B6, 0x77B6, 0x77B6, 0x77B6, 0x77B6, 0x77B6, 0x77B6, 
    0x77B6, 0x77B6, 0x77B6, 0x77B6, 0x77B6, 0x77B6, 0x77B6, 0x77B6, 0x77B6, 0x77B6, 0x77B6, 0x77B6, 
    0x77B6, 0x77B6, 0x77B6, 0x77B6, 0x77B6, 0x77B6, 0x77B6, 0x77B6, 0x77B6, 0x77AE, 0x97A6, 0x79CE, 
    0x99FE, 0xBAFE, 0xBBF6, 0x9AFE, 0xBAFE, 0xBBFE, 0xBAFE, 0xBAFE, 0xBAFE, 0xBAFE, 0xBAFE, 0xBAFE, 
    0xBAFE, 0xBAFE, 0xBAFE, 0xBAFE, 0xBAFE, 0xBAFE, 0xBAFE, 0xBAFE, 0xBAFE, 0xBAFE, 0xBAFE, 0xBAFE, 
    0xBAFE, 0xBAFE, 0xBAFE, 0xBAFE, 0xBAFE, 0xBAFE, 0xBAFE, 0xBAFE, 0xBAFE, 0xBAFE, 0xBAFE, 0xBAFE, 
    0xBAFE, 0x9AFE, 0xBBFE, 0xBBFE, 0xBBFE, 0x7ADE, 0xB374, 0x3A9E, 0x1EC7, 0x1CB7, 0x1DBF, 0xFDBE, 
    0xFDBE, 0xFDBE, 0xFDBE, 0xFDBE, 0xFDBE, 0xFDBE, 0xFDBE, 0xFDBE, 0xFDBE, 0xFDBE, 0xFDBE, 0xFDBE, 
    0xFDBE, 0xFDBE, 0xFDBE, 0xFDBE, 0xFDBE, 0xFDBE, 0x1DBF, 0x9BAE, 
    0xA631, 0x5AAE, 0x3EBF, 0xFDBE, 
    0xFDBE, 0x1DBF, 0x1DB7, 0xFEBE, 0xFDBE, 0x1DB7, 0xFDBE, 0xFDBE, 0xFDBE, 0xFDBE, 0xFDBE, 0xFDBE, 
    0xFDBE, 0xFDBE, 0xFDBE, 0xFDBE, 0xFDBE, 0xFEBE, 0x1DB7, 0xFCBE, 0xFDBE, 0xFEB6, 0x1575, 0xB7AD, 
    0xBBFE, 0x9AFE, 0xBAFE, 0xBAFE, 0xBAFE, 0xBAFE, 0xBAFE, 0xBAFE, 0xBAFE, 0xBAFE, 0xBAFE, 0xBAFE, 
    0xBAFE, 0xBAFE, 0xBAFE, 0xBAFE, 0xBAFE, 0xBAFE, 0xBAFE, 0xBAFE, 0xBAFE, 0xBAFE, 0xBAFE, 0xBAFE, 
    0xBAFE, 0xBAFE, 0xBAFE, 0xBAFE, 0xBAFE, 0xBAFE, 0xBAFE, 0xBAFE, 0xBAFE, 0xBAFE, 0xBAFE, 0xBAFE, 
    0xBAFE, 0xBAFE, 0xBAFE, 0xBAFE, 0xBAF6, 0x97C6, 0x75B6, 0x76B6, 0x77B6, 0x76B6, 0x76B6, 0x76B6, 
    0x76B6, 0x77B6, 0x76B6, 0x76B6, 0x76B6, 0x76B6, 0x76B6, 0x76B6, 0x76B6, 0x76B6, 0x76B6, 0x76B6, 
    0x76B6, 0x76B6, 0x96B6, 0x96B6, 0x76B6, 0x76B6, 0x76B6, 0x76B6, 0x76B6, 0x76B6, 0x76B6, 0x76B6, 
    0x76B6, 0x76B6, 0x76B6, 0x76B6, 0x76B6, 0x76B6, 0x76B6, 0x76B6, 0x76B6, 0xB7CE, 0xBCFF, 0x9CFF, 
    0x9CFF, 0x9CFF, 0x9CFF, 0x9CFF, 0x9CFF, 0x9CFF, 0x9CFF, 0x9CFF, 0x9CFF, 0x9CFF, 0x9CFF, 0x9CFF, 
    0x9CFF, 0x9CFF, 0x9CFF, 0x9CFF, 0x9CFF, 0x9CFF, 0x9CFF, 0x9CFF, 0x9CFF, 0x9CFF, 0x9CFF, 0x9CFF, 
    0x9CFF, 0x9CFF, 0x9CFF, 0x9CFF, 0x9CFF, 0x9CFF, 0x9CFF, 0x9CFF, 0x9CFF, 0x9CFF, 0x9CFF, 0x9CFF, 
    0x9CFF, 0x9CFF, 0x9CFF, 0x9CFF, 0x9CFF, 0x9CFF, 0x9CFF, 0x9CFF, 0x9CFF, 0x9CFF, 0x9CFF, 0x9CFF, 
    0x9CFF, 0x9CFF, 0x9CFF, 0x9CFF, 0x9CFF, 0x9CFF, 0x9CFF, 0x9CFF, 0x9CFF, 0x9CFF, 0x9CFF, 0x9CFF, 
    0x9CFF, 0x9CFF, 0x9AFF, 0x73FF, 0x74F7, 0x94F7, 0x94F7, 0x74F7, 0x74F7, 0x74F7, 0x74F7, 0x73F7, 
    0x73F7, 0x74F7, 0x74F7, 0x74F7, 0x74F7, 0x74F7, 0x74F7, 0x74F7, 0x74F7, 0x74F7, 0x74F7, 0x74F7, 
    0x74F7, 0x74F7, 0x74F7, 0x74F7, 0x74F7, 0x74F7, 0x74F7, 0x74F7, 0x74F7, 0x74F7, 0x74F7, 0x74F7, 
    0x74F7, 0x74F7, 0x74F7, 0x74F7, 0x74F7, 0x94F7, 0x96EF, 0x17F7, 0x99FE, 0x9AFE, 0xBBFE, 0xBAFE, 
    0xBAFE, 0xBAFE, 0xBAFE, 0xBAFE, 0xBAFE, 0xBAFE, 0xBAFE, 0xBAFE, 0xBAFE, 0xBAFE, 0xBAFE, 0xBAFE, 
    0xBAFE, 0xBAFE, 0xBAFE, 0xBAFE, 0xBAFE, 0xBAFE, 0xBAFE, 0xBAFE, 0xBAFE, 0xBAFE, 0xBAFE, 0xBAFE, 
    0xBAFE, 0xBAFE, 0xBAFE, 0xBAFE, 0xBAFE, 0xBAFE, 0xBAFE, 0xBAFE, 0xBAFE, 0xBAFE, 0xBBFE, 0xBBFE, 
    0xBBFE, 0x7ADE, 0xB374, 0x3A9E, 0x1EC7, 0xFDB6, 0x1DBF, 0xFDBE, 0xFDBE, 0xFDBE, 0xFDBE, 0xFDBE, 
    0xFDBE, 0xFDBE, 0xFDBE, 0xFDBE, 0xFDBE, 0xFDBE, 0xFDBE, 0xFDBE, 0xFDBE, 0xFDBE, 0xFDBE, 0xFDBE, 
    0xFDBE, 0xFDBE, 0x1DBF, 0x9BAE, 
    0xA631, 0x5AAE, 0x3EBF, 0xFDBE, 0xFDBE, 0x1DBF, 0x1DB7, 0xFEBE, 
    0xFDBE, 0x1DB7, 0xFDBE, 0xFDBE, 0xFDBE, 0xFDBE, 0xFDBE, 0xFDBE, 0xFDBE, 0xFDBE, 0xFDBE, 0xFDBE, 
    0xFDBE, 0xFDBE, 0x1DB7, 0xFCBE, 0xFDBE, 0xFEB6, 0x1575, 0xB8AD, 0xBBFE, 0x9AFE, 0xBAFE, 0xBAFE, 
    0xBAFE, 0xBAFE, 0xBAFE, 0xBAFE, 0xBAFE, 0xBAFE, 0xBAFE, 0xBAFE, 0xBAFE, 0xBAFE, 0xBAFE, 0xBAFE, 
    0xBAFE, 0xBAFE, 0xBAFE, 0xBAFE, 0xBAFE, 0xBAFE, 0xBAFE, 0xBAFE, 0xBAFE, 0xBAFE, 0xBAFE, 0xBAFE, 
    0xBAFE, 0xBAFE, 0xBAFE, 0xBAFE, 0xBAFE, 0xBAFE, 0xBAFE, 0xBAFE, 0xBAFE, 0xBAFE, 0xBAFE, 0xBBFE, 
    0xDAF6, 0x54FF, 0x72FF, 0x73F7, 0x93F7, 0x73F7, 0x73FF, 0x73FF, 0x73F7, 0x74F7, 0x73F7, 0x73F7, 
    0x73F7, 0x73F7, 0x73F7, 0x73F7, 0x73F7, 0x73F7, 0x73F7, 0x73F7, 0x73FF, 0x73FF, 0x73FF, 0x73FF, 
    0x73F7, 0x73F7, 0x73F7, 0x73F7, 0x73F7, 0x73F7, 0x73F7, 0x73F7, 0x73F7, 0x73F7, 0x73F7, 0x73F7, 
    0x73F7, 0x73F7, 0x73F7, 0x73FF, 0x72F7, 0x75F7, 0x9BFF, 0x7DFF, 0x9CFF, 0x9BFF, 0x9CFF, 0x9CFF, 
    0x9CFF, 0x9CFF, 0x9CFF, 0x9CFF, 0x9CFF, 0x9CFF, 0x9CFF, 0x9CFF, 0x9CFF, 0x9CFF, 0x9CFF, 0x9CFF, 
    0x9CFF, 0x9CFF, 0x9CFF, 0x9CFF, 0x9CFF, 0x9CFF, 0x9CFF, 0x9CFF, 0x9CFF, 0x9CFF, 0x9CFF, 0x9CFF, 
    0x9CFF, 0x9CFF, 0x9CFF, 0x9CFF, 0x9CFF, 0x9CFF, 0x9CFF, 0x9CFF, 0x9CFF, 0x9CFF, 0x9CFF, 0x9CFF, 
    0x9CFF, 0x9CFF, 0x9CFF, 0x9CFF, 0x9CFF, 0x9CFF, 0x9CFF, 0x9CFF, 0x9CFF, 0x9CFF, 0x9CFF, 0x9CFF, 
    0x9CFF, 0x9CFF, 0x9CFF, 0x9CFF, 0x9CFF, 0x9CFF, 0x9CFF, 0x9CFF, 0x9CFF, 0x9CFF, 0x9AFF, 0x53F7, 
    0x53F7, 0x52F7, 0x52F7, 0x52F7, 0x73F7, 0x73F7, 0x52F7, 0x72F7, 0x72F7, 0x52F7, 0x52F7, 0x52F7, 
    0x52F7, 0x52F7, 0x52F7, 0x52F7, 0x52F7, 0x52F7, 0x52F7, 0x52F7, 0x52F7, 0x52F7, 0x52F7, 0x52F7, 
    0x52F7, 0x52F7, 0x52F7, 0x52F7, 0x53F7, 0x53F7, 0x53F7, 0x53F7, 0x53F7, 0x53F7, 0x53F7, 0x53F7, 
    0x53F7, 0x52F7, 0x33FF, 0xF7FE, 0xBAFE, 0x9BFE, 0xBBFE, 0xBBFE, 0xBBFE, 0xBBFE, 0xBAFE, 0xBAFE, 
    0xBAFE, 0xBAFE, 0xBAFE, 0xBAFE, 0xBAFE, 0xBAFE, 0xBAFE, 0xBAFE, 0xBAFE, 0xBAFE, 0xBAFE, 0xBAFE, 
    0xBAFE, 0xBAFE, 0xBAFE, 0xBAFE, 0xBAFE, 0xBAFE, 0xBAFE, 0xBAFE, 0xBAFE, 0xBAFE, 0xBAFE, 0xBAFE, 
    0xBAFE, 0xBAFE, 0xBAFE, 0xBAFE, 0xBAFE, 0xBAFE, 0xBBFE, 0xBAFE, 0xBBFE, 0x7ADE, 0xB374, 0x3A9E, 
    0x1EC7, 0xFCB6, 0x1DBF, 0xFDBE, 0xFDBE, 0xFDBE, 0xFDBE, 0xFDBE, 0xFDBE, 0xFDBE, 0xFDBE, 0xFDBE, 
    0xFDBE, 0xFDBE, 0xFDBE, 0xFDBE, 0xFDBE, 0xFDBE, 0xFDBE, 0xFDBE, 0xFDBE, 0xFDBE, 0x1DBF, 0x9BAE, 
    
    0xA631, 0x5AAE, 0x3EBF, 0xFDBE, 0xFDBE, 0x1DBF, 0x1DB7, 0xFEBE, 0xFDBE, 0x1DB7, 0xFDBE, 0xFDBE, 
    0xFDBE, 0xFDBE, 0xFDBE, 0xFDBE, 0xFDBE, 0xFDBE, 0xFDBE, 0xFDBE, 0xFDBE, 0xFDBE, 0x1DB7, 0xFCBE, 
    0xFDBE, 0xFEB6, 0x1575, 0xB8AD, 0xBBFE, 0x9AFE, 0xBAFE, 0xBAFE, 0xBAFE, 0xBAFE, 0xBAFE, 0xBAFE, 
    0xBAFE, 0xBAFE, 0xBAFE, 0xBAFE, 0xBAFE, 0xBAFE, 0xBAFE, 0xBAFE, 0xBAFE, 0xBAFE, 0xBAFE, 0xBAFE, 
    0xBAFE, 0xBAFE, 0xBAFE, 0xBAFE, 0xBAFE, 0xBAFE, 0xBAFE, 0xBAFE, 0xBAFE, 0xBAFE, 0xBAFE, 0xBAFE, 
    0xBAFE, 0xBAFE, 0xBAFE, 0xBAFE, 0xBAFE, 0xBAFE, 0xBAFE, 0xBBFE, 0xDAF6, 0x34F7, 0x72F7, 0x74F7, 
    0x54EF, 0x74F7, 0x54F7, 0x73F7, 0x73F7, 0x74F7, 0x73F7, 0x73F7, 0x73F7, 0x73F7, 0x73F7, 0x73F7, 
    0x73F7, 0x73F7, 0x73F7, 0x73F7, 0x73F7, 0x73F7, 0x73F7, 0x73F7, 0x73F7, 0x73F7, 0x73F7, 0x73F7, 
    0x73F7, 0x73F7, 0x73F7, 0x73F7, 0x73F7, 0x73F7, 0x73F7, 0x73F7, 0x73F7, 0x73F7, 0x74F7, 0x54F7, 
    0x73F7, 0x76F7, 0xBBFF, 0x7CFF, 0x9CFF, 0x9BFF, 0x9CFF, 0x9CFF, 0x9CFF, 0x9CFF, 0x9CFF, 0x9CFF, 
    0x9CFF, 0x9CFF, 0x9CFF, 0x9CFF, 0x9CFF, 0x9CFF, 0x9CFF, 0x9CFF, 0x9CFF, 0x9CFF, 0x9CFF, 0x9CFF, 
    0x9CFF, 0x9CFF, 0x9CFF, 0x9CFF, 0x9CFF, 0x9CFF, 0x9CFF, 0x9CFF, 0x9CFF, 0x9CFF, 0x9CFF, 0x9CFF, 
    0x9CFF, 0x9CFF, 0x9CFF, 0x9CFF, 0x9CFF, 0x9CFF, 0x9CFF, 0x9CFF, 0x9CFF, 0x9CFF, 0x9CFF, 0x9CFF, 
    0x9CFF, 0x9CFF, 0x9CFF, 0x9CFF, 0x9CFF, 0x9CFF, 0x9CFF, 0x9CFF, 0x9CFF, 0x9CFF, 0x9CFF, 0x9CFF, 
    0x9CFF, 0x9CFF, 0x9CFF, 0x9CFF, 0x9CFF, 0x9CFF, 0x9AFF, 0x53F7, 0x53F7, 0x73F7, 0x53F7, 0x73F7, 
    0x73F7, 0x53F7, 0x73F7, 0x73F7, 0x73F7, 0x73F7, 0x73F7, 0x73F7, 0x73F7, 0x73F7, 0x73F7, 0x73F7, 
    0x73F7, 0x73F7, 0x73F7, 0x73F7, 0x73F7, 0x73F7, 0x73F7, 0x73F7, 0x73F7, 0x73F7, 0x73F7, 0x73F7, 
    0x73F7, 0x73F7, 0x73F7, 0x73F7, 0x73F7, 0x73F7, 0x73F7, 0x73F7, 0x73F7, 0x72F7, 0x53F7, 0xF7F6, 
    0xBAFE, 0xBBFE, 0xBBFE, 0xBAFE, 0xBBFE, 0xBBFE, 0xBAFE, 0xBAFE, 0xBAFE, 0xBAFE, 0xBAFE, 0xBAFE, 
    0xBAFE, 0xBAFE, 0xBAFE, 0xBAFE, 0xBAFE, 0xBAFE, 0xBAFE, 0xBAFE, 0xBAFE, 0xBAFE, 0xBAFE, 0xBAFE, 
    0xBAFE, 0xBAFE, 0xBAFE, 0xBAFE, 0xBAFE, 0xBAFE, 0xBAFE, 0xBAFE, 0xBAFE, 0xBAFE, 0xBAFE, 0xBAFE, 
    0xBAFE, 0xBAFE, 0xBBFE, 0xBAFE, 0xBBFE, 0x7ADE, 0xB374, 0x3A9E, 0x1EC7, 0xFCB6, 0x1DBF, 0xFDBE, 
    0xFDBE, 0xFDBE, 0xFDBE, 0xFDBE, 0xFDBE, 0xFDBE, 0xFDBE, 0xFDBE, 0xFDBE, 0xFDBE, 0xFDBE, 0xFDBE, 
    0xFDBE, 0xFDBE, 0xFDBE, 0xFDBE, 0xFDBE, 0xFDBE, 0x1DBF, 0x9BAE, 
    0xA631, 0x5AAE, 0x3EBF, 0xFDBE, 
    0xFDBE, 0x1DBF, 0x1DB7, 0xFEBE, 0xFDBE, 0x1DB7, 0xFDBE, 0xFDBE, 0xFDBE, 0xFDBE, 0xFDBE, 0xFDBE, 
    0xFDBE, 0xFDBE, 0xFDBE, 0xFDBE, 0xFDBE, 0xFDBE, 0x1DB7, 0xFCBE, 0xFDBE, 0xFEB6, 0x1575, 0xB8AD, 
    0xBBFE, 0x9AFE, 0xBAFE, 0xBAFE, 0xBAFE, 0xBAFE, 0xBAFE, 0xBAFE, 0xBAFE, 0xBAFE, 0xBAFE, 0xBAFE, 
    0xBAFE, 0xBAFE, 0xBAFE, 0xBAFE, 0xBAFE, 0xBAFE, 0xBAFE, 0xBAFE, 0xBAFE, 0xBAFE, 0xBAFE, 0xBAFE, 
    0xBAFE, 0xBAFE, 0xBAFE, 0xBAFE, 0xBAFE, 0xBAFE, 0xBAFE, 0xBAFE, 0xBAFE, 0xBAFE, 0xBAFE, 0xBAFE, 
    0xBAFE, 0xBAFE, 0xBAFE, 0xBBFE, 0xD9FE, 0x34FF, 0x72F7, 0x73F7, 0x73F7, 0x73F7, 0x53F7, 0x72F7, 
    0x72F7, 0x53F7, 0x73F7, 0x73F7, 0x73F7, 0x73F7, 0x73F7, 0x73F7, 0x73F7, 0x73F7, 0x73F7, 0x73F7, 
    0x73F7, 0x73F7, 0x73F7, 0x73F7, 0x73F7, 0x73F7, 0x73F7, 0x73F7, 0x73F7, 0x73F7, 0x73F7, 0x73F7, 
    0x73F7, 0x73F7, 0x73F7, 0x73F7, 0x73F7, 0x73F7, 0x53F7, 0x73F7, 0x73F7, 0x76F7, 0x9BFF, 0x9CFF, 
    0x9CFF, 0x9BFF, 0x9CFF, 0x9CFF, 0x9CFF, 0x9CFF, 0x9CFF, 0x9CFF, 0x9CFF, 0x9CFF, 0x9CFF, 0x9CFF, 
    0x9CFF, 0x9CFF, 0x9CFF, 0x9CFF, 0x9CFF, 0x9CFF, 0x9CFF, 0x9CFF, 0x9CFF, 0x9CFF, 0x9CFF, 0x9CFF, 
    0x9CFF, 0x9CFF, 0x9CFF, 0x9CFF, 0x9CFF, 0x9CFF, 0x9CFF, 0x9CFF, 0x9CFF, 0x9CFF, 0x9CFF, 0x9CFF, 
    0x9CFF, 0x9CFF, 0x9CFF, 0x9CFF, 0x9CFF, 0x9CFF, 0x9CFF, 0x9CFF, 0x9CFF, 0x9CFF, 0x9CFF, 0x9CFF, 
    0x9CFF, 0x9CFF, 0x9CFF, 0x9CFF, 0x9CFF, 0x9CFF, 0x9CFF, 0x9CFF, 0x9CFF, 0x9CFF, 0x9CFF, 0x9CFF, 
    0x9CFF, 0x9CFF, 0x9AFF, 0x53F7, 0x53F7, 0x73F7, 0x53F7, 0x73F7, 0x53F7, 0x53F7, 0x73F7, 0x73F7, 
    0x73F7, 0x73F7, 0x73F7, 0x73F7, 0x73F7, 0x73F7, 0x73F7, 0x73F7, 0x73F7, 0x73F7, 0x73F7, 0x73F7, 
    0x73F7, 0x73F7, 0x73F7, 0x73F7, 0x73F7, 0x73F7, 0x73F7, 0x73F7, 0x73F7, 0x73F7, 0x73F7, 0x73F7, 
    0x73F7, 0x73F7, 0x73F7, 0x73F7, 0x73F7, 0x72F7, 0x53FF, 0xF7F6, 0xBAFE, 0xBBFE, 0xBAFE, 0xBAFE, 
    0xBBFE, 0xBBFE, 0xBAFE, 0xBAFE, 0xBAFE, 0xBAFE, 0xBAFE, 0xBAFE, 0xBAFE, 0xBAFE, 0xBAFE, 0xBAFE, 
    0xBAFE, 0xBAFE, 0xBAFE, 0xBAFE, 0xBAFE, 0xBAFE, 0xBAFE, 0xBAFE, 0xBAFE, 0xBAFE, 0xBAFE, 0xBAFE, 
    0xBAFE, 0xBAFE, 0xBAFE, 0xBAFE, 0xBAFE, 0xBAFE, 0xBAFE, 0xBAFE, 0xBAFE, 0xBAFE, 0xBBFE, 0xBAFE, 
    0xBBFE, 0x7ADE, 0xB374, 0x3A9E, 0x1EC7, 0xFCB6, 0x1DBF, 0xFDBE, 0xFDBE, 0xFDBE, 0xFDBE, 0xFDBE, 
    0xFDBE, 0xFDBE, 0xFDBE, 0xFDBE, 0xFDBE, 0xFDBE, 0xFDBE, 0xFDBE, 0xFDBE, 0xFDBE, 0xFDBE, 0xFDBE, 
    0xFDBE, 0xFDBE, 0x1DBF, 0x9BAE, 
    0xA631, 0x5AAE, 0x3EBF, 0xFDBE, 0xFDBE, 0x1DBF, 0x1DB7, 0xFEBE, 
    0xFDBE, 0x1DB7, 0xFDBE, 0xFDBE, 0xFDBE, 0xFDBE, 0xFDBE, 0xFDBE, 0xFDBE, 0xFDBE, 0xFDBE, 0xFDBE, 
    0xFDBE, 0xFDBE, 0x1DB7, 0xFCBE, 0xFDBE, 0xFEB6, 0x1575, 0xB8AD, 0xBBFE, 0x9AFE, 0xBAFE, 0xBAFE, 
    0xBAFE, 0xBAFE, 0xBAFE, 0xBAFE, 0xBAFE, 0xBAFE, 0xBAFE, 0xBAFE, 0xBAFE, 0xBAFE, 0xBAFE, 0xBAFE, 
    0xBAFE, 0xBAFE, 0xBAFE, 0xBAFE, 0xBAFE, 0xBAFE, 0xBAFE, 0xBAFE, 0xBAFE, 0xBAFE, 0xBAFE, 0xBAFE, 
    0xBAFE, 0xBAFE, 0xBAFE, 0xBAFE, 0xBAFE, 0xBAFE, 0xBAFE, 0xBAFE, 0xBAFE, 0xBAFE, 0xBAFE, 0xBBFE, 
    0xD9FE, 0x34FF, 0x71FF, 0x73F7, 0x53F7, 0x73F7, 0x53F7, 0x72F7, 0x72F7, 0x53F7, 0x72F7, 0x72F7, 
    0x72F7, 0x72F7, 0x72F7, 0x72F7, 0x72F7, 0x72F7, 0x72F7, 0x72F7, 0x72F7, 0x72F7, 0x72F7, 0x72F7, 
    0x72F7, 0x72F7, 0x72F7, 0x72F7, 0x72F7, 0x72F7, 0x72F7, 0x72F7, 0x72F7, 0x72F7, 0x72F7, 0x72F7, 
    0x72F7, 0x72F7, 0x53F7, 0x53F7, 0x52F7, 0x75F7, 0x9BFF, 0x9CFF, 0x9CFF, 0x9BFF, 0x9CFF, 0x9CFF, 
    0x9CFF, 0x9CFF, 0x9CFF, 0x9CFF, 0x9CFF, 0x9CFF, 0x9CFF, 0x9CFF, 0x9CFF, 0x9CFF, 0x9CFF, 0x9CFF, 
    0x9CFF, 0x9CFF, 0x9CFF, 0x9CFF, 0x9CFF, 0x9CFF, 0x9CFF, 0x9CFF, 0x9CFF, 0x9CFF, 0x9CFF, 0x9CFF, 
    0x9CFF, 0x9CFF, 0x9CFF, 0x9CFF, 0x9CFF, 0x9CFF, 0x9CFF, 0x9CFF, 0x9CFF, 0x9CFF, 0x9CFF, 0x9CFF, 
    0x9CFF, 0x9CFF, 0x9CFF, 0x9CFF, 0x9CFF, 0x9CFF, 0x9CFF, 0x9CFF, 0x9CFF, 0x9CFF, 0x9CFF, 0x9CFF, 
    0x9CFF, 0x9CFF, 0x9CFF, 0x9CFF, 0x9CFF, 0x9CFF, 0x9CFF, 0x9CFF, 0x9CFF, 0x9CFF, 0x9AFF, 0x53F7, 
    0x53F7, 0x73F7, 0x52F7, 0x73F7, 0x73F7, 0x73F7, 0x73F7, 0x72F7, 0x73F7, 0x73F7, 0x73F7, 0x73F7, 
    0x73F7, 0x73F7, 0x73F7, 0x73F7, 0x73F7, 0x73F7, 0x73F7, 0x73F7, 0x73F7, 0x73F7, 0x73F7, 0x73F7, 
    0x73F7, 0x73F7, 0x73F7, 0x73F7, 0x73F7, 0x73F7, 0x73F7, 0x73F7, 0x73F7, 0x73F7, 0x73F7, 0x73F7, 
    0x73F7, 0x72F7, 0x53FF, 0xF6F6, 0xB9FE, 0xBBFE, 0xBAFE, 0xBAFE, 0xBBFE, 0xBBFE, 0xBAFE, 0xBAFE, 
    0xBAFE, 0xBAFE, 0xBAFE, 0xBAFE, 0xBAFE, 0xBAFE, 0xBAFE, 0xBAFE, 0xBAFE, 0xBAFE, 0xBAFE, 0xBAFE, 
    0xBAFE, 0xBAFE, 0xBAFE, 0xBAFE, 0xBAFE, 0xBAFE, 0xBAFE, 0xBAFE, 0xBAFE, 0xBAFE, 0xBAFE, 0xBAFE, 
    0xBAFE, 0xBAFE, 0xBAFE, 0xBAFE, 0xBAFE, 0xBAFE, 0xBBFE, 0xBAFE, 0xBBFE, 0x7ADE, 0xB374, 0x3A9E, 
    0x1EC7, 0xFCB6, 0x1DBF, 0xFDBE, 0xFDBE, 0xFDBE, 0xFDBE, 0xFDBE, 0xFDBE, 0xFDBE, 0xFDBE, 0xFDBE, 
    0xFDBE, 0xFDBE, 0xFDBE, 0xFDBE, 0xFDBE, 0xFDBE, 0xFDBE, 0xFDBE, 0xFDBE, 0xFDBE, 0x1DBF, 0x9BAE, 
    
    0xA631, 0x5AAE, 0x3EBF, 0xFDBE, 0xFDBE, 0x1DBF, 0x1DB7, 0xFEBE, 0xFDBE, 0x1DB7, 0xFDBE, 0xFDBE, 
    0xFDBE, 0xFDBE, 0xFDBE, 0xFDBE, 0xFDBE, 0xFDBE, 0xFDBE, 0xFDBE, 0xFDBE, 0xFDBE, 0x1DB7, 0xFCBE, 
    0xFDBE, 0xFEB6, 0x1575, 0xB8AD, 0xBBFE, 0x9AFE, 0xBAFE, 0xBAFE, 0xBAFE, 0xBAFE, 0xBAFE, 0xBAFE, 
    0xBAFE, 0xBAFE, 0xBAFE, 0xBAFE, 0xBAFE, 0xBAFE, 0xBAFE, 0xBAFE, 0xBAFE, 0xBAFE, 0xBAFE, 0xBAFE, 
    0xBAFE, 0xBAFE, 0xBAFE, 0xBAFE, 0xBAFE, 0xBAFE, 0xBAFE, 0xBAFE, 0xBAFE, 0xBAFE, 0xBAFE, 0xBAFE, 
    0xBAFE, 0xBAFE, 0xBAFE, 0xBAFE, 0xBAFE, 0xBAFE, 0xBAFE, 0xBBFE, 0xB9F6, 0x34FF, 0x72F7, 0x73F7, 
    0x73F7, 0x53F7, 0x53F7, 0x72F7, 0x72F7, 0x53F7, 0x73F7, 0x73F7, 0x73F7, 0x73F7, 0x73F7, 0x73F7, 
    0x73F7, 0x73F7, 0x73F7, 0x73F7, 0x73F7, 0x73F7, 0x73F7, 0x73F7, 0x73F7, 0x73F7, 0x73F7, 0x73F7, 
    0x73F7, 0x73F7, 0x73F7, 0x73F7, 0x73F7, 0x73F7, 0x73F7, 0x73F7, 0x73F7, 0x73F7, 0x73F7, 0x73F7, 
    0x72F7, 0x75F7, 0x9BFF, 0x7CFF, 0x9CFF, 0x9BFF, 0x9CFF, 0x9CFF, 0x9CFF, 0x9CFF, 0x9CFF, 0x9CFF, 
    0x9CFF, 0x9CFF, 0x9CFF, 0x9CFF, 0x9CFF, 0x9CFF, 0x9CFF, 0x9CFF, 0x9CFF, 0x9CFF, 0x9CFF, 0x9CFF, 
    0x9CFF, 0x9CFF, 0x9CFF, 0x9CFF, 0x9CFF, 0x9CFF, 0x9CFF, 0x9CFF, 0x9CFF, 0x9CFF, 0x9CFF, 0x9CFF, 
    0x9CFF, 0x9CFF, 0x9CFF, 0x9CFF, 0x9CFF, 0x9CFF, 0x9CFF, 0x9CFF, 0x9CFF, 0x9CFF, 0x9CFF, 0x9CFF, 
    0x9CFF, 0x9CFF, 0x9CFF, 0x9CFF, 0x9CFF, 0x9CFF, 0x9CFF, 0x9CFF, 0x9CFF, 0x9CFF, 0x9CFF, 0x9CFF, 
    0x9CFF, 0x9CFF, 0x9CFF, 0x9CFF, 0x9CFF, 0x9CFF, 0x9AFF, 0x73F7, 0x53F7, 0x72F7, 0x72F7, 0x72F7, 
    0x73F7, 0x73F7, 0x73F7, 0x72F7, 0x72F7, 0x73F7, 0x73F7, 0x73F7, 0x73F7, 0x73F7, 0x73F7, 0x73F7, 
    0x73F7, 0x73F7, 0x73F7, 0x73F7, 0x73F7, 0x73F7, 0x73F7, 0x73F7, 0x73F7, 0x73F7, 0x73F7, 0x73F7, 
    0x72F7, 0x72F7, 0x72F7, 0x72F7, 0x72F7, 0x52F7, 0x72F7, 0x72F7, 0x52F7, 0x72F7, 0x53FF, 0xF7FE, 
    0xB9FE, 0x9AFE, 0x9AFE, 0xBAFE, 0xBBFE, 0xBBFE, 0xBAFE, 0xBAFE, 0xBAFE, 0xBAFE, 0xBAFE, 0xBAFE, 
    0xBAFE, 0xBAFE, 0xBAFE, 0xBAFE, 0xBAFE, 0xBAFE, 0xBAFE, 0xBAFE, 0xBAFE, 0xBAFE, 0xBAFE, 0xBAFE, 
    0xBAFE, 0xBAFE, 0xBAFE, 0xBAFE, 0xBAFE, 0xBAFE, 0xBAFE, 0xBAFE, 0xBAFE, 0xBAFE, 0xBAFE, 0xBAFE, 
    0xBAFE, 0xBAFE, 0xBBFE, 0xBAFE, 0xBBFE, 0x7ADE, 0x9374, 0x3A9E, 0xFEC6, 0xFCB6, 0x1DBF, 0xFDBE, 
    0xFDBE, 0xFDBE, 0xFDBE, 0xFDBE, 0xFDBE, 0xFDBE, 0xFDBE, 0xFDBE, 0xFDBE, 0xFDBE, 0xFDBE, 0xFDBE, 
    0xFDBE, 0xFDBE, 0xFDBE, 0xFDBE, 0xFDBE, 0xFDBE, 0x1DBF, 0x9BAE, 
    0xA631, 0x5AAE, 0x3EBF, 0xFDBE, 
    0xFDBE, 0x1DBF, 0x1DB7, 0xFEBE, 0xFDBE, 0x1DB7, 0xFDBE, 0xFDBE, 0xFDBE, 0xFDBE, 0xFDBE, 0xFDBE, 
    0xFDBE, 0xFDBE, 0xFDBE, 0xFDBE, 0xFDBE, 0xFDBE, 0x1DB7, 0xFCBE, 0xFDBE, 0xFEB6, 0x1575, 0xB8AD, 
    0xBBFE, 0x9AFE, 0xBAFE, 0xBAFE, 0xBAFE, 0xBAFE, 0xBAFE, 0xBAFE, 0xBAFE, 0xBAFE, 0xBAFE, 0xBAFE, 
    0xBAFE, 0xBAFE, 0xBAFE, 0xBAFE, 0xBAFE, 0xBAFE, 0xBAFE, 0xBAFE, 0xBAFE, 0xBAFE, 0xBAFE, 0xBAFE, 
    0xBAFE, 0xBAFE, 0xBAFE, 0xBAFE, 0xBAFE, 0xBAFE, 0xBAFE, 0xBAFE, 0xBAFE, 0xBAFE, 0xBAFE, 0xBAFE, 
    0xBAFE, 0xBAFE, 0xBAFE, 0xBBFE, 0xDAF6, 0x34FF, 0x72F7, 0x73F7, 0x73F7, 0x73F7, 0x73F7, 0x72F7, 
    0x72F7, 0x73F7, 0x73F7, 0x73F7, 0x73F7, 0x73F7, 0x73F7, 0x73F7, 0x73F7, 0x73F7, 0x73F7, 0x73F7, 
    0x73F7, 0x73F7, 0x73F7, 0x73F7, 0x73F7, 0x73F7, 0x73F7, 0x73F7, 0x73F7, 0x73F7, 0x73F7, 0x73F7, 
    0x73F7, 0x73F7, 0x73F7, 0x73F7, 0x73F7, 0x73F7, 0x73F7, 0x73F7, 0x72F7, 0x75F7, 0x9BFF, 0x7CFF, 
    0x9CFF, 0x9BFF, 0x9CFF, 0x9CFF, 0x9CFF, 0x9CFF, 0x9CFF, 0x9CFF, 0x9CFF, 0x9CFF, 0x9CFF, 0x9CFF, 
    0x9CFF, 0x9CFF, 0x9CFF, 0x9CFF, 0x9CFF, 0x9CFF, 0x9CFF, 0x9CFF, 0x9CFF, 0x9CFF, 0x9CFF, 0x9CFF, 
    0x9CFF, 0x9CFF, 0x9CFF, 0x9CFF, 0x9CFF, 0x9CFF, 0x9CFF, 0x9CFF, 0x9CFF, 0x9CFF, 0x9CFF, 0x9CFF, 
    0x9CFF, 0x9CFF, 0x9CFF, 0x9CFF, 0x9CFF, 0x9CFF, 0x9CFF, 0x9CFF, 0x9CFF, 0x9CFF, 0x9CFF, 0x9CFF, 
    0x9CFF, 0x9CFF, 0x9CFF, 0x9CFF, 0x9CFF, 0x9CFF, 0x9CFF, 0x9CFF, 0x9CFF, 0x9CFF, 0x9CFF, 0x9CFF, 
    0x9CFF, 0x9CFF, 0x9AFF, 0x53F7, 0x53F7, 0x73F7, 0x72F7, 0x72F7, 0x73F7, 0x73F7, 0x73F7, 0x72F7, 
    0x72F7, 0x72F7, 0x72F7, 0x72F7, 0x72F7, 0x72F7, 0x72F7, 0x72F7, 0x72F7, 0x72F7, 0x72F7, 0x72F7, 
    0x72F7, 0x72F7, 0x72F7, 0x72F7, 0x72F7, 0x72F7, 0x72F7, 0x72F7, 0x72F7, 0x72F7, 0x72F7, 0x72F7, 
    0x72F7, 0x72F7, 0x73F7, 0x52F7, 0x72F7, 0x72F7, 0x54F7, 0xF7F6, 0xBAFE, 0x9BFE, 0x9AFE, 0xBAFE, 
    0xBBFE, 0xBBFE, 0xBAFE, 0xBAFE, 0xBAFE, 0xBAFE, 0xBAFE, 0xBAFE, 0xBAFE, 0xBAFE, 0xBAFE, 0xBAFE, 
    0xBAFE, 0xBAFE, 0xBAFE, 0xBAFE, 0xBAFE, 0xBAFE, 0xBAFE, 0xBAFE, 0xBAFE, 0xBAFE, 0xBAFE, 0xBAFE, 
    0xBAFE, 0xBAFE, 0xBAFE, 0xBAFE, 0xBAFE, 0xBAFE, 0xBAFE, 0xBAFE, 0xBAFE, 0xBAFE, 0xBBFE, 0xBAFE, 
    0xBBFE, 0x7ADE, 0x9374, 0x3A9E, 0xFEC6, 0xFCB6, 0x1DBF, 0xFDBE, 0xFDBE, 0xFDBE, 0xFDBE, 0xFDBE, 
    0xFDBE, 0xFDBE, 0xFDBE, 0xFDBE, 0xFDBE, 0xFDBE, 0xFDBE, 0xFDBE, 0xFDBE, 0xFDBE, 0xFDBE, 0xFDBE, 
    0xFDBE, 0xFDBE, 0x1DBF, 0x9BAE, 
    0xA631, 0x5AAE, 0x3EBF, 0xFDBE, 0xFDBE, 0x1DBF, 0x1DB7, 0xFEBE, 
    0xFDBE, 0x1DB7, 0xFDBE, 0xFDBE, 0xFDBE, 0xFDBE, 0xFDBE, 0xFDBE, 0xFDBE, 0xFDBE, 0xFDBE, 0xFDBE, 
    0xFDBE, 0xFDBE, 0x1DB7, 0xFCBE, 0xFDBE, 0xFEB6, 0x1575, 0xB8AD, 0xBBFE, 0x9AFE, 0xBAFE, 0xBAFE, 
    0xBAFE, 0xBAFE, 0xBAFE, 0xBAFE, 0xBAFE, 0xBAFE, 0xBAFE, 0xBAFE, 0xBAFE, 0xBAFE, 0xBAFE, 0xBAFE, 
    0xBAFE, 0xBAFE, 0xBAFE, 0xBAFE, 0xBAFE, 0xBAFE, 0xBAFE, 0xBAFE, 0xBAFE, 0xBAFE, 0xBAFE, 0xBAFE, 
    0xBAFE, 0xBAFE, 0xBAFE, 0xBAFE, 0xBAFE, 0xBAFE, 0xBAFE, 0xBAFE, 0xBAFE, 0xBAFE, 0xBAFE, 0xBBFE, 
    0xDAF6, 0x34FF, 0x72F7, 0x73F7, 0x73F7, 0x73F7, 0x53F7, 0x72F7, 0x72F7, 0x73F7, 0x73F7, 0x73F7, 
    0x73F7, 0x73F7, 0x73F7, 0x73F7, 0x73F7, 0x73F7, 0x73F7, 0x73F7, 0x73F7, 0x73F7, 0x73F7, 0x73F7, 
    0x73F7, 0x73F7, 0x73F7, 0x73F7, 0x73F7, 0x73F7, 0x73F7, 0x73F7, 0x73F7, 0x73F7, 0x73F7, 0x73F7, 
    0x73F7, 0x73F7, 0x73F7, 0x73F7, 0x52F7, 0x75F7, 0x9BFF, 0x7CFF, 0x9CFF, 0x9BFF, 0x9CFF, 0x9CFF, 
    0x9CFF, 0x9CFF, 0x9CFF, 0x9CFF, 0x9CFF, 0x9CFF, 0x9CFF, 0x9CFF, 0x9CFF, 0x9CFF, 0x9CFF, 0x9CFF, 
    0x9CFF, 0x9CFF, 0x9CFF, 0x9CFF, 0x9CFF, 0x9CFF, 0x9CFF, 0x9CFF, 0x9CFF, 0x9CFF, 0x9CFF, 0x9CFF, 
    0x9CFF, 0x9CFF, 0x9CFF, 0x9CFF, 0x9CFF, 0x9CFF, 0x9CFF, 0x9CFF, 0x9CFF, 0x9CFF, 0x9CFF, 0x9CFF, 
    0x9CFF, 0x9CFF, 0x9CFF, 0x9CFF, 0x9CFF, 0x9CFF, 0x9CFF, 0x9CFF, 0x9CFF, 0x9CFF, 0x9CFF, 0x9CFF, 
    0x9CFF, 0x9CFF, 0x9CFF, 0x9CFF, 0x9CFF, 0x9CFF, 0x9CFF, 0x9CFF, 0x9CFF, 0x9CFF, 0x9AFF, 0x53F7, 
    0x53F7, 0x73F7, 0x53F7, 0x73F7, 0x73F7, 0x53F7, 0x73F7, 0x73F7, 0x73F7, 0x73F7, 0x73F7, 0x73F7, 
    0x73F7, 0x73F7, 0x73F7, 0x73F7, 0x73F7, 0x73F7, 0x73F7, 0x73F7, 0x73F7, 0x73F7, 0x73F7, 0x73F7, 
    0x73F7, 0x73F7, 0x73F7, 0x73F7, 0x73F7, 0x73F7, 0x73F7, 0x73F7, 0x73F7, 0x73F7, 0x53F7, 0x73F7, 
    0x73F7, 0x73F7, 0x54F7, 0xF7FE, 0xBAFE, 0x9BFE, 0x9AFE, 0xBAFE, 0xBBFE, 0xBBFE, 0xBAFE, 0xBAFE, 
    0xBAFE, 0xBAFE, 0xBAFE, 0xBAFE, 0xBAFE, 0xBAFE, 0xBAFE, 0xBAFE, 0xBAFE, 0xBAFE, 0xBAFE, 0xBAFE, 
    0xBAFE, 0xBAFE, 0xBAFE, 0xBAFE, 0xBAFE, 0xBAFE, 0xBAFE, 0xBAFE, 0xBAFE, 0xBAFE, 0xBAFE, 0xBAFE, 
    0xBAFE, 0xBAFE, 0xBAFE, 0xBAFE, 0xBAFE, 0xBAFE, 0xBBFE, 0xBAFE, 0xBBFE, 0x7ADE, 0x9374, 0x3A9E, 
    0xFEC6, 0xFCB6, 0x1DBF, 0xFDBE, 0xFDBE, 0xFDBE, 0xFDBE, 0xFDBE, 0xFDBE, 0xFDBE, 0xFDBE, 0xFDBE, 
    0xFDBE, 0xFDBE, 0xFDBE, 0xFDBE, 0xFDBE, 0xFDBE, 0xFDBE, 0xFDBE, 0xFDBE, 0xFDBE, 0x1DBF, 0x9BAE, 
    
    0xA631, 0x5AAE, 0x3EBF, 0xFDBE, 0xFDBE, 0x1DBF, 0x1DB7, 0xFEBE, 0xFDBE, 0x1DB7, 0xFDBE, 0xFDBE, 
    0xFDBE, 0xFDBE, 0xFDBE, 0xFDBE, 0xFDBE, 0xFDBE, 0xFDBE, 0xFDBE, 0xFDBE, 0xFDBE, 0x1DB7, 0xFCBE, 
    0xFDBE, 0xFEB6, 0x1575, 0xB8AD, 0xBBFE, 0x9AFE, 0xBAFE, 0xBAFE, 0xBAFE, 0xBAFE, 0xBAFE, 0xBAFE, 
    0xBAFE, 0xBAFE, 0xBAFE, 0xBAFE, 0xBAFE, 0xBAFE, 0xBAFE, 0xBAFE, 0xBAFE, 0xBAFE, 0xBAFE, 0xBAFE, 
    0xBAFE, 0xBAFE, 0xBAFE, 0xBAFE, 0xBAFE, 0xBAFE, 0xBAFE, 0xBAFE, 0xBAFE, 0xBAFE, 0xBAFE, 0xBAFE, 
    0xBAFE, 0xBAFE, 0xBAFE, 0xBAFE, 0xBAFE, 0xBAFE, 0xBAFE, 0xBBFE, 0xBAFE, 0x34FF, 0x72F7, 0x73F7, 
    0x73F7, 0x73F7, 0x53F7, 0x72F7, 0x72F7, 0x73F7, 0x73F7, 0x73F7, 0x73F7, 0x73F7, 0x73F7, 0x73F7, 
    0x73F7, 0x73F7, 0x73F7, 0x73F7, 0x73F7, 0x73F7, 0x73F7, 0x73F7, 0x73F7, 0x73F7, 0x73F7, 0x73F7, 
    0x73F7, 0x73F7, 0x73F7, 0x73F7, 0x73F7, 0x73F7, 0x73F7, 0x73F7, 0x73F7, 0x73F7, 0x73F7, 0x73F7, 
    0x52F7, 0x76F7, 0x9BFF, 0x7DFF, 0x9CFF, 0x9BFF, 0x9CFF, 0x9CFF, 0x9CFF, 0x9CFF, 0x9CFF, 0x9CFF, 
    0x9CFF, 0x9CFF, 0x9CFF, 0x9CFF, 0x9CFF, 0x9CFF, 0x9CFF, 0x9CFF, 0x9CFF, 0x9CFF, 0x9CFF, 0x9CFF, 
    0x9CFF, 0x9CFF, 0x9CFF, 0x9CFF, 0x9CFF, 0x9CFF, 0x9CFF, 0x9CFF, 0x9CFF, 0x9CFF, 0x9CFF, 0x9CFF, 
    0x9CFF, 0x9CFF, 0x9CFF, 0x9CFF, 0x9CFF, 0x9CFF, 0x9CFF, 0x9CFF, 0x9CFF, 0x9CFF, 0x9CFF, 0x9CFF, 
    0x9CFF, 0x9CFF, 0x9CFF, 0x9CFF, 0x9CFF, 0x9CFF, 0x9CFF, 0x9CFF, 0x9CFF, 0x9CFF, 0x9CFF, 0x9CFF, 
    0x9CFF, 0x9CFF, 0x9CFF, 0x9CFF, 0x9CFF, 0x9CFF, 0x9AFF, 0x54F7, 0x54F7, 0x53F7, 0x53F7, 0x53F7, 
    0x53F7, 0x54F7, 0x53F7, 0x53F7, 0x53F7, 0x53F7, 0x53F7, 0x53F7, 0x53F7, 0x53F7, 0x53F7, 0x53F7, 
    0x53F7, 0x53F7, 0x53F7, 0x53F7, 0x53F7, 0x53F7, 0x53F7, 0x53F7, 0x53F7, 0x53F7, 0x53F7, 0x53F7, 
    0x54F7, 0x54F7, 0x54F7, 0x54F7, 0x54F7, 0x54F7, 0x54F7, 0x54F7, 0x74F7, 0x53F7, 0x54FF, 0xF8FE, 
    0xBAFE, 0x9BFE, 0x9AFE, 0xBAFE, 0xBBFE, 0xBBFE, 0xBAFE, 0xBAFE, 0xBAFE, 0xBAFE, 0xBAFE, 0xBAFE, 
    0xBAFE, 0xBAFE, 0xBAFE, 0xBAFE, 0xBAFE, 0xBAFE, 0xBAFE, 0xBAFE, 0xBAFE, 0xBAFE, 0xBAFE, 0xBAFE, 
    0xBAFE, 0xBAFE, 0xBAFE, 0xBAFE, 0xBAFE, 0xBAFE, 0xBAFE, 0xBAFE, 0xBAFE, 0xBAFE, 0xBAFE, 0xBAFE, 
    0xBAFE, 0xBAFE, 0xBBFE, 0xBAFE, 0xBBFE, 0x7ADE, 0x9374, 0x3A9E, 0xFEC6, 0xFCB6, 0x1DBF, 0xFDBE, 
    0xFDBE, 0xFDBE, 0xFDBE, 0xFDBE, 0xFDBE, 0xFDBE, 0xFDBE, 0xFDBE, 0xFDBE, 0xFDBE, 0xFDBE, 0xFDBE, 
    0xFDBE, 0xFDBE, 0xFDBE, 0xFDBE, 0xFDBE, 0xFDBE, 0x1DBF, 0x9BAE, 
    0xA631, 0x5AAE, 0x3EBF, 0xFDBE, 
    0xFDBE, 0x1DBF, 0x1DB7, 0xFEBE, 0xFDBE, 0x1DB7, 0xFDBE, 0xFDBE, 0xFDBE, 0xFDBE, 0xFDBE, 0xFDBE, 
    0xFDBE, 0xFDBE, 0xFDBE, 0xFDBE, 0xFDBE, 0xFDBE, 0x1DB7, 0xFCBE, 0xFDBE, 0xFEB6, 0x1575, 0xB8AD, 
    0xBBFE, 0x9AFE, 0xBAFE, 0xBAFE, 0xBAFE, 0xBAFE, 0xBAFE, 0xBAFE, 0xBAFE, 0xBAFE, 0xBAFE, 0xBAFE, 
    0xBAFE, 0xBAFE, 0xBAFE, 0xBAFE, 0xBAFE, 0xBAFE, 0xBAFE, 0xBAFE, 0xBAFE, 0xBAFE, 0xBAFE, 0xBAFE, 
    0xBAFE, 0xBAFE, 0xBAFE, 0xBAFE, 0xBAFE, 0xBAFE, 0xBAFE, 0xBAFE, 0xBAFE, 0xBAFE, 0xBAFE, 0xBAFE, 
    0xBAFE, 0xBAFE, 0xBAFE, 0xBBFE, 0xB9FE, 0x34FF, 0x72FF, 0x73F7, 0x73F7, 0x52F7, 0x52F7, 0x72F7, 
    0x72F7, 0x53F7, 0x52F7, 0x52F7, 0x52F7, 0x52F7, 0x52F7, 0x52F7, 0x52F7, 0x52F7, 0x52F7, 0x52F7, 
    0x52F7, 0x52F7, 0x52F7, 0x52F7, 0x52F7, 0x52F7, 0x52F7, 0x52F7, 0x52F7, 0x52F7, 0x52F7, 0x52F7, 
    0x52F7, 0x52F7, 0x52F7, 0x52F7, 0x52F7, 0x52F7, 0x52F7, 0x73F7, 0x52F7, 0x76F7, 0x9BFF, 0x7DFF, 
    0x9CFF, 0x9BFF, 0x9CFF, 0x9CFF, 0x9BFF, 0x9CFF, 0x9CFF, 0x9CFF, 0x9CFF, 0x9CFF, 0x9CFF, 0x9CFF, 
    0x9CFF, 0x9CFF, 0x9CFF, 0x9CFF, 0x9CFF, 0x9CFF, 0x9CFF, 0x9CFF, 0x9CFF, 0x9CFF, 0x9CFF, 0x9CFF, 
    0x9CFF, 0x9CFF, 0x9CFF, 0x9CFF, 0x9CFF, 0x9CFF, 0x9CFF, 0x9CFF, 0x9CFF, 0x9CFF, 0x9CFF, 0x9CFF, 
    0x9CFF, 0x9CFF, 0x9CFF, 0x9CFF, 0x9CFF, 0x9CFF, 0x9CFF, 0x9CFF, 0x9CFF, 0x9CFF, 0x9CFF, 0x9CFF, 
    0x9CFF, 0x9CFF, 0x9CFF, 0x9CFF, 0x9CFF, 0x9CFF, 0x9CFF, 0x9CFF, 0x9CFF, 0x9CFF, 0x9CFF, 0x9CFF, 
    0x9CFF, 0x9CFF, 0x9BFF, 0x75FF, 0x75F7, 0x74FF, 0x74FF, 0x74FF, 0x74FF, 0x75FF, 0x74FF, 0x74FF, 
    0x74FF, 0x74FF, 0x74FF, 0x74FF, 0x74FF, 0x74FF, 0x74FF, 0x74FF, 0x74FF, 0x74FF, 0x74FF, 0x74FF, 
    0x74FF, 0x74FF, 0x74FF, 0x74FF, 0x74FF, 0x74FF, 0x74FF, 0x74FF, 0x75FF, 0x75FF, 0x75FF, 0x75FF, 
    0x74F7, 0x75F7, 0x95FF, 0x13EF, 0xD2E6, 0x54F7, 0x34F7, 0xD8F6, 0xBAFE, 0x9BFE, 0xBBFE, 0xBAFE, 
    0xBBFE, 0xBBFE, 0xBAFE, 0xBAFE, 0xBAFE, 0xBAFE, 0xBAFE, 0xBAFE, 0xBAFE, 0xBAFE, 0xBAFE, 0xBAFE, 
    0xBAFE, 0xBAFE, 0xBAFE, 0xBAFE, 0xBAFE, 0xBAFE, 0xBAFE, 0xBAFE, 0xBAFE, 0xBAFE, 0xBAFE, 0xBAFE, 
    0xBAFE, 0xBAFE, 0xBAFE, 0xBAFE, 0xBAFE, 0xBAFE, 0xBAFE, 0xBAFE, 0xBAFE, 0xBAFE, 0xBBFE, 0xBAFE, 
    0xBBFE, 0x7ADE, 0x9374, 0x3A9E, 0xFEC6, 0xFCB6, 0x1DBF, 0xFDBE, 0xFDBE, 0xFDBE, 0xFDBE, 0xFDBE, 
    0xFDBE, 0xFDBE, 0xFDBE, 0xFDBE, 0xFDBE, 0xFDBE, 0xFDBE, 0xFDBE, 0xFDBE, 0xFDBE, 0xFDBE, 0xFDBE, 
    0xFDBE, 0xFDBE, 0x1DBF, 0x9BAE, 
    0xA631, 0x5AAE, 0x3EBF, 0xFDBE, 0xFDBE, 0x1DBF, 0x1DB7, 0xFEBE, 
    0xFDBE, 0x1DB7, 0xFDBE, 0xFDBE, 0xFDBE, 0xFDBE, 0xFDBE, 0xFDBE, 0xFDBE, 0xFDBE, 0xFDBE, 0xFDBE, 
    0xFDBE, 0xFDBE, 0x1DB7, 0xFCBE, 0xFDBE, 0xFEB6, 0x1575, 0xB8AD, 0xBBFE, 0x9AFE, 0xBAFE, 0xBAFE, 
    0xBAFE, 0xBAFE, 0xBAFE, 0xBAFE, 0xBAFE, 0xBAFE, 0xBAFE, 0xBAFE, 0xBAFE, 0xBAFE, 0xBAFE, 0xBAFE, 
    0xBAFE, 0xBAFE, 0xBAFE, 0xBAFE, 0xBAFE, 0xBAFE, 0xBAFE, 0xBAFE, 0xBAFE, 0xBAFE, 0xBAFE, 0xBAFE, 
    0xBAFE, 0xBAFE, 0xBAFE, 0xBAFE, 0xBAFE, 0xBAFE, 0xBAFE, 0xBAFE, 0xBAFE, 0xBAFE, 0xBBFE, 0xBAFE, 
    0xD7FE, 0x16FF, 0x34FF, 0x34F7, 0x53F7, 0x54F7, 0x74F7, 0x54F7, 0x54F7, 0x54F7, 0x54F7, 0x54F7, 
    0x54F7, 0x54F7, 0x54F7, 0x54F7, 0x54F7, 0x54F7, 0x54F7, 0x54F7, 0x54F7, 0x54F7, 0x54F7, 0x54F7, 
    0x54F7, 0x54F7, 0x54F7, 0x54F7, 0x54F7, 0x54F7, 0x54F7, 0x54F7, 0x54F7, 0x54F7, 0x54F7, 0x54F7, 
    0x54F7, 0x54F7, 0x54F7, 0x55F7, 0x55F7, 0x78F7, 0x9BFF, 0x9CFF, 0x9CFF, 0x9CFF, 0x9CFF, 0x9CFF, 
    0x9CFF, 0x9CFF, 0x9CFF, 0x9CFF, 0x9CFF, 0x9CFF, 0x9CFF, 0x9CFF, 0x9CFF, 0x9CFF, 0x9CFF, 0x9CFF, 
    0x9CFF, 0x9CFF, 0x9CFF, 0x9CFF, 0x9CFF, 0x9CFF, 0x9CFF, 0x9CFF, 0x9CFF, 0x9CFF, 0x9CFF, 0x9CFF, 
    0x9CFF, 0x9CFF, 0x9CFF, 0x9CFF, 0x9CFF, 0x9CFF, 0x9CFF, 0x9CFF, 0x9CFF, 0x9CFF, 0x9CFF, 0x9CFF, 
    0x9CFF, 0x9CFF, 0x9CFF, 0x9CFF, 0x9CFF, 0x9CFF, 0x9CFF, 0x9CFF, 0x9CFF, 0x9CFF, 0x9CFF, 0x9CFF, 
    0x9CFF, 0x9CFF, 0x9CFF, 0x9CFF, 0x9CFF, 0x9CFF, 0x9CFF, 0x9CFF, 0x9CFF, 0x9CFF, 0x9CFF, 0x9BFF, 
    0x9BFF, 0x9BFF, 0x9BFF, 0x9BFF, 0x9BFF, 0x9BFF, 0x9BFF, 0x9BFF, 0x9BFF, 0x9BFF, 0x9BFF, 0x9BFF, 
    0x9BFF, 0x9BFF, 0x9BFF, 0x9BFF, 0x9BFF, 0x9BFF, 0x9BFF, 0x9BFF, 0x9BFF, 0x9BFF, 0x9BFF, 0x9BFF, 
    0x9BFF, 0x9BFF, 0x9BFF, 0x9BFF, 0x9BFF, 0x9BFF, 0x9BFF, 0x9BFF, 0x9BFF, 0x9BFF, 0xDCFF, 0x77DE, 
    0xF2BC, 0xFAFE, 0xB9FE, 0xBAFE, 0xBAFE, 0xBBFE, 0xBAFE, 0xBAFE, 0xBAFE, 0xBAFE, 0xBAFE, 0xBAFE, 
    0xBAFE, 0xBAFE, 0xBAFE, 0xBAFE, 0xBAFE, 0xBAFE, 0xBAFE, 0xBAFE, 0xBAFE, 0xBAFE, 0xBAFE, 0xBAFE, 
    0xBAFE, 0xBAFE, 0xBAFE, 0xBAFE, 0xBAFE, 0xBAFE, 0xBAFE, 0xBAFE, 0xBAFE, 0xBAFE, 0xBAFE, 0xBAFE, 
    0xBAFE, 0xBAFE, 0xBAFE, 0xBAFE, 0xBAFE, 0xBAFE, 0xBBFE, 0xBAFE, 0xBBFE, 0x7ADE, 0x9374, 0x1A9E, 
    0x1EC7, 0xFCB6, 0x1DBF, 0xFDBE, 0xFDBE, 0xFDBE, 0xFDBE, 0xFDBE, 0xFDBE, 0xFDBE, 0xFDBE, 0xFDBE, 
    0xFDBE, 0xFDBE, 0xFDBE, 0xFDBE, 0xFDBE, 0xFDBE, 0xFDBE, 0xFDBE, 0xFDBE, 0xFDBE, 0x1DBF, 0x9BAE, 
    
    0xA631, 0x5AAE, 0x3EBF, 0xFDBE, 0xFDBE, 0x1DBF, 0x1DB7, 0xFEBE, 0xFDBE, 0x1DB7, 0xFDBE, 0xFDBE, 
    0xFDBE, 0xFDBE, 0xFDBE, 0xFDBE, 0xFDBE, 0xFDBE, 0xFDBE, 0xFDBE, 0xFDBE, 0xFDBE, 0x1DB7, 0xFCBE, 
    0xFDBE, 0xFEB6, 0x1575, 0xB8AD, 0xBBFE, 0x9AFE, 0xBAFE, 0xBAFE, 0xBAFE, 0xBAFE, 0xBAFE, 0xBAFE, 
    0xBAFE, 0xBAFE, 0xBAFE, 0xBAFE, 0xBAFE, 0xBAFE, 0xBAFE, 0xBAFE, 0xBAFE, 0xBAFE, 0xBAFE, 0xBAFE, 
    0xBAFE, 0xBAFE, 0xBAFE, 0xBAFE, 0xBAFE, 0xBAFE, 0xBAFE, 0xBAFE, 0xBAFE, 0xBAFE, 0xBAFE, 0xBAFE, 
    0xBAFE, 0xBAFE, 0xBAFE, 0xBAFE, 0xBAFE, 0xBAFE, 0xBAFE, 0xBAFE, 0xBAF6, 0xDAFE, 0xB8FE, 0x93CD, 
    0x18F7, 0xBAFF, 0x9AFF, 0x9AFF, 0x9AFF, 0x9AFF, 0x9AFF, 0x9AFF, 0x9AFF, 0x9AFF, 0x9AFF, 0x9AFF, 
    0x9AFF, 0x9AFF, 0x9AFF, 0x9AFF, 0x9AFF, 0x9AFF, 0x9AFF, 0x9AFF, 0x9AFF, 0x9AFF, 0x9AFF, 0x9AFF, 
    0x9AFF, 0x9AFF, 0x9AFF, 0x9AFF, 0x9AFF, 0x9AFF, 0x9AFF, 0x9AFF, 0x9AFF, 0x9AFF, 0x99FF, 0xB8FF, 
    0x99FF, 0x9AFF, 0x9BFF, 0x7CFF, 0x9CFF, 0x9CFF, 0x9CFF, 0x9BFF, 0x9BFF, 0x9CFF, 0x9CFF, 0x9CFF, 
    0x9CFF, 0x9CFF, 0x9CFF, 0x9CFF, 0x9CFF, 0x9CFF, 0x9CFF, 0x9CFF, 0x9CFF, 0x9CFF, 0x9CFF, 0x9CFF, 
    0x9CFF, 0x9CFF, 0x9CFF, 0x9CFF, 0x9CFF, 0x9CFF, 0x9CFF, 0x9CFF, 0x9CFF, 0x9CFF, 0x9CFF, 0x9CFF, 
    0x9CFF, 0x9CFF, 0x9CFF, 0x9CFF, 0x9CFF, 0x9CFF, 0x9CFF, 0x9CFF, 0x9CFF, 0x9CFF, 0x9CFF, 0x9CFF, 
    0x9CFF, 0x9CFF, 0x9CFF, 0x9CFF, 0x9CFF, 0x9CFF, 0x9CFF, 0x9CFF, 0x9CFF, 0x9CFF, 0x9CFF, 0x9CFF, 
    0x9CFF, 0x9CFF, 0x9CFF, 0x9CFF, 0x9CFF, 0x9CFF, 0x9CFF, 0x9CFF, 0x9CFF, 0x9CFF, 0x9CFF, 0x9CFF, 
    0x9CFF, 0x9CFF, 0x9CFF, 0x9CFF, 0x9CFF, 0x9CFF, 0x9CFF, 0x9CFF, 0x9CFF, 0x9CFF, 0x9CFF, 0x9CFF, 
    0x9CFF, 0x9CFF, 0x9CFF, 0x9CFF, 0x9CFF, 0x9CFF, 0x9CFF, 0x9CFF, 0x9CFF, 0x9CFF, 0x9CFF, 0x9CFF, 
    0x9CFF, 0x9CFF, 0x9CFF, 0x9CFF, 0x9CFF, 0x9CFF, 0xDDFF, 0x58DE, 0xD3BC, 0xFBFE, 0x9BFE, 0xBBFE, 
    0xBAFE, 0xBAFE, 0xBAFE, 0xBAFE, 0xBAFE, 0xBAFE, 0xBAFE, 0xBAFE, 0xBAFE, 0xBAFE, 0xBAFE, 0xBAFE, 
    0xBAFE, 0xBAFE, 0xBAFE, 0xBAFE, 0xBAFE, 0xBAFE, 0xBAFE, 0xBAFE, 0xBAFE, 0xBAFE, 0xBAFE, 0xBAFE, 
    0xBAFE, 0xBAFE, 0xBAFE, 0xBAFE, 0xBAFE, 0xBAFE, 0xBAFE, 0xBAFE, 0xBAFE, 0xBAFE, 0xBAFE, 0xBAFE, 
    0xBAFE, 0xBAFE, 0xBBFE, 0xBAFE, 0xBBFE, 0x7ADE, 0x9374, 0x1A9E, 0x1EC7, 0xFCB6, 0x1DBF, 0xFDBE, 
    0xFDBE, 0xFDBE, 0xFDBE, 0xFDBE, 0xFDBE, 0xFDBE, 0xFDBE, 0xFDBE, 0xFDBE, 0xFDBE, 0xFDBE, 0xFDBE, 
    0xFDBE, 0xFDBE, 0xFDBE, 0xFDBE, 0xFDBE, 0xFDBE, 0x1DBF, 0x9BAE, 
    0xA631, 0x5AAE, 0x3EBF, 0xFDBE, 
    0xFDBE, 0x1DBF, 0x1DB7, 0xFEBE, 0xFDBE, 0x1DB7, 0xFDBE, 0xFDBE, 0xFDBE, 0xFDBE, 0xFDBE, 0xFDBE, 
    0xFDBE, 0xFDBE, 0xFDBE, 0xFDBE, 0xFDBE, 0xFDBE, 0x1DB7, 0xFCBE, 0xFDBE, 0xFEB6, 0x1575, 0xB8AD, 
    0xBBFE, 0x9AFE, 0xBAFE, 0xBAFE, 0xBAFE, 0xBAFE, 0xBAFE, 0xBAFE, 0xBAFE, 0xBAFE, 0xBAFE, 0xBAFE, 
    0xBAFE, 0xBAFE, 0xBAFE, 0xBAFE, 0xBAFE, 0xBAFE, 0xBAFE, 0xBAFE, 0xBAFE, 0xBAFE, 0xBAFE, 0xBAFE, 
    0xBAFE, 0xBAFE, 0xBAFE, 0xBAFE, 0xBAFE, 0xBAFE, 0xBAFE, 0xBAFE, 0xBAFE, 0xBAFE, 0xBAFE, 0xBAFE, 
    0xBAFE, 0xBAFE, 0xBAFE, 0xBBFE, 0x9CFE, 0x9BFE, 0xBAFE, 0x33C5, 0xFAF6, 0xBCFF, 0x7CFF, 0x9CFF, 
    0x7CFF, 0x7CFF, 0x9CFF, 0x9CFF, 0x9CFF, 0x9CFF, 0x9CFF, 0x9CFF, 0x9CFF, 0x9CFF, 0x9CFF, 0x9CFF, 
    0x9CFF, 0x9CFF, 0x9CFF, 0x9CFF, 0x9CFF, 0x9CFF, 0x9CFF, 0x9CFF, 0x9CFF, 0x9CFF, 0x9CFF, 0x9CFF, 
    0x9CFF, 0x9CFF, 0x9CFF, 0x9CFF, 0x9CFF, 0x9CFF, 0x9CFF, 0x9AFF, 0x9BFF, 0x9BFF, 0x9CFF, 0x7CFF, 
    0x9CFF, 0x9CFF, 0x9CFF, 0x9BFF, 0x9BFF, 0x9CFF, 0x9CFF, 0x9CFF, 0x9CFF, 0x9CFF, 0x9CFF, 0x9CFF, 
    0x9CFF, 0x9CFF, 0x9CFF, 0x9CFF, 0x9CFF, 0x9CFF, 0x9CFF, 0x9CFF, 0x9CFF, 0x9CFF, 0x9CFF, 0x9CFF, 
    0x9CFF, 0x9CFF, 0x9CFF, 0x9CFF, 0x9CFF, 0x9CFF, 0x9CFF, 0x9CFF, 0x9CFF, 0x9CFF, 0x9CFF, 0x9CFF, 
    0x9CFF, 0x9CFF, 0x9CFF, 0x9CFF, 0x9CFF, 0x9CFF, 0x9CFF, 0x9CFF, 0x9CFF, 0x9CFF, 0x9CFF, 0x9CFF, 
    0x9CFF, 0x9CFF, 0x9CFF, 0x9CFF, 0x9CFF, 0x9CFF, 0x9CFF, 0x9CFF, 0x9CFF, 0x9CFF, 0x9CFF, 0x9CFF, 
    0x9CFF, 0x9CFF, 0x9CFF, 0x9CFF, 0x9CFF, 0x9CFF, 0x9CFF, 0x9CFF, 0x9CFF, 0x9CFF, 0x9CFF, 0x9CFF, 
    0x9CFF, 0x9CFF, 0x9CFF, 0x9CFF, 0x9CFF, 0x9CFF, 0x9CFF, 0x9CFF, 0x9CFF, 0x9CFF, 0x9CFF, 0x9CFF, 
    0x9CFF, 0x9CFF, 0x9CFF, 0x9CFF, 0x9CFF, 0x9CFF, 0x9CFF, 0x9CFF, 0x9CFF, 0x9CFF, 0x9CFF, 0x9CFF, 
    0x9CFF, 0x9BFF, 0xDDFF, 0x57DE, 0xD3BC, 0xFBFE, 0x9AFE, 0xBAFE, 0xBAFE, 0xBAFE, 0xBAFE, 0xBAFE, 
    0xBAFE, 0xBAFE, 0xBAFE, 0xBAFE, 0xBAFE, 0xBAFE, 0xBAFE, 0xBAFE, 0xBAFE, 0xBAFE, 0xBAFE, 0xBAFE, 
    0xBAFE, 0xBAFE, 0xBAFE, 0xBAFE, 0xBAFE, 0xBAFE, 0xBAFE, 0xBAFE, 0xBAFE, 0xBAFE, 0xBAFE, 0xBAFE, 
    0xBAFE, 0xBAFE, 0xBAFE, 0xBAFE, 0xBAFE, 0xBAFE, 0xBAFE, 0xBAFE, 0xBAFE, 0xBAFE, 0xBBFE, 0xBAFE, 
    0xBBFE, 0x7ADE, 0x9374, 0x1A9E, 0x1EC7, 0xFCB6, 0x1DBF, 0xFDBE, 0xFDBE, 0xFDBE, 0xFDBE, 0xFDBE, 
    0xFDBE, 0xFDBE, 0xFDBE, 0xFDBE, 0xFDBE, 0xFDBE, 0xFDBE, 0xFDBE, 0xFDBE, 0xFDBE, 0xFDBE, 0xFDBE, 
    0xFDBE, 0xFDBE, 0x1DBF, 0x9BAE, 
    0xA631, 0x5AAE, 0x3EBF, 0xFDBE, 0xFDBE, 0x1DBF, 0x1DB7, 0xFEBE, 
    0xFDBE, 0x1DB7, 0xFDBE, 0xFDBE, 0xFDBE, 0xFDBE, 0xFDBE, 0xFDBE, 0xFDBE, 0xFDBE, 0xFDBE, 0xFDBE, 
    0xFDBE, 0xFDBE, 0x1DB7, 0xFCBE, 0xFDBE, 0xFEB6, 0x1575, 0xB8AD, 0xBBFE, 0x9AFE, 0xBAFE, 0xBAFE, 
    0xBAFE, 0xBAFE, 0xBAFE, 0xBAFE, 0xBAFE, 0xBAFE, 0xBAFE, 0xBAFE, 0xBAFE, 0xBAFE, 0xBAFE, 0xBAFE, 
    0xBAFE, 0xBAFE, 0xBAFE, 0xBAFE, 0xBAFE, 0xBAFE, 0xBAFE, 0xBAFE, 0xBAFE, 0xBAFE, 0xBAFE, 0xBAFE, 
    0xBAFE, 0xBAFE, 0xBAFE, 0xBAFE, 0xBAFE, 0xBAFE, 0xBAFE, 0xBAFE, 0xBAFE, 0xBAFE, 0xBAFE, 0xBAFE, 
    0x9BFE, 0xBAFE, 0xB9F6, 0x53C5, 0x19F7, 0xBBFF, 0x9BFF, 0x9BFF, 0x9BFF, 0x9BFF, 0x9BFF, 0x9BFF, 
    0x9BFF, 0x9BFF, 0x9BFF, 0x9BFF, 0x9BFF, 0x9BFF, 0x9BFF, 0x9BFF, 0x9BFF, 0x9BFF, 0x9BFF, 0x9BFF, 
    0x9BFF, 0x9BFF, 0x9BFF, 0x9BFF, 0x9BFF, 0x9BFF, 0x9BFF, 0x9BFF, 0x9BFF, 0x9BFF, 0x9BFF, 0x9BFF, 
    0x9BFF, 0x9BFF, 0x9CFF, 0x9CFF, 0x7CFF, 0x9CFF, 0x7CFF, 0x9CFF, 0x9CFF, 0x9CFF, 0x9BFF, 0x9BFF, 
    0x9BFF, 0x9CFF, 0x9CFF, 0x9CFF, 0x9CFF, 0x9CFF, 0x9CFF, 0x9CFF, 0x9CFF, 0x9CFF, 0x9CFF, 0x9CFF, 
    0x9CFF, 0x9CFF, 0x9CFF, 0x9CFF, 0x9CFF, 0x9CFF, 0x9CFF, 0x9CFF, 0x9CFF, 0x9CFF, 0x9CFF, 0x9CFF, 
    0x9CFF, 0x9CFF, 0x9CFF, 0x9CFF, 0x9CFF, 0x9CFF, 0x9CFF, 0x9CFF, 0x9CFF, 0x9CFF, 0x9CFF, 0x9CFF, 
    0x9CFF, 0x9CFF, 0x9CFF, 0x9CFF, 0x9CFF, 0x9CFF, 0x9CFF, 0x9CFF, 0x9CFF, 0x9CFF, 0x9CFF, 0x9CFF, 
    0x9CFF, 0x9CFF, 0x9CFF, 0x9CFF, 0x9CFF, 0x9CFF, 0x9CFF, 0x9CFF, 0x9CFF, 0x9CFF, 0x9CFF, 0x9CFF, 
    0x9CFF, 0x9CFF, 0x9CFF, 0x9CFF, 0x9CFF, 0x9CFF, 0x9CFF, 0x9CFF, 0x9CFF, 0x9CFF, 0x9CFF, 0x9CFF, 
    0x9CFF, 0x9CFF, 0x9CFF, 0x9CFF, 0x9CFF, 0x9CFF, 0x9CFF, 0x9CFF, 0x9CFF, 0x9CFF, 0x9CFF, 0x9CFF, 
    0x9CFF, 0x9CFF, 0x9CFF, 0x9CFF, 0x9CFF, 0x9CFF, 0x9CFF, 0x9CFF, 0x9CFF, 0x9BFF, 0xDDFF, 0x57DE, 
    0xD3BC, 0xFBFE, 0x9AFE, 0xBAFE, 0xBAFE, 0xBAFE, 0xBAFE, 0xBAFE, 0xBAFE, 0xBAFE, 0xBAFE, 0xBAFE, 
    0xBAFE, 0xBAFE, 0xBAFE, 0xBAFE, 0xBAFE, 0xBAFE, 0xBAFE, 0xBAFE, 0xBAFE, 0xBAFE, 0xBAFE, 0xBAFE, 
    0xBAFE, 0xBAFE, 0xBAFE, 0xBAFE, 0xBAFE, 0xBAFE, 0xBAFE, 0xBAFE, 0xBAFE, 0xBAFE, 0xBAFE, 0xBAFE, 
    0xBAFE, 0xBAFE, 0xBAFE, 0xBAFE, 0xBAFE, 0xBAFE, 0xBBFE, 0xBAFE, 0xBBFE, 0x7ADE, 0x9374, 0x1A9E, 
    0x1EC7, 0xFCB6, 0x1DBF, 0xFDBE, 0xFDBE, 0xFDBE, 0xFDBE, 0xFDBE, 0xFDBE, 0xFDBE, 0xFDBE, 0xFDBE, 
    0xFDBE, 0xFDBE, 0xFDBE, 0xFDBE, 0xFDBE, 0xFDBE, 0xFDBE, 0xFDBE, 0xFDBE, 0xFDBE, 0x1DBF, 0x9BAE, 
    
    0xA631, 0x5AAE, 0x3EBF, 0xFDBE, 0xFDBE, 0x1DBF, 0x1DB7, 0xFEBE, 0xFDBE, 0x1DB7, 0xFDBE, 0xFDBE, 
    0xFDBE, 0xFDBE, 0xFDBE, 0xFDBE, 0xFDBE, 0xFDBE, 0xFDBE, 0xFDBE, 0xFDBE, 0xFDBE, 0x1DB7, 0xFCBE, 
    0xFDBE, 0xFEB6, 0x1575, 0xB8AD, 0xBBFE, 0x9AFE, 0xBAFE, 0xBAFE, 0xBAFE, 0xBAFE, 0xBAFE, 0xBAFE, 
    0xBAFE, 0xBAFE, 0xBAFE, 0xBAFE, 0xBAFE, 0xBAFE, 0xBAFE, 0xBAFE, 0xBAFE, 0xBAFE, 0xBAFE, 0xBAFE, 
    0xBAFE, 0xBAFE, 0xBAFE, 0xBAFE, 0xBAFE, 0xBAFE, 0xBAFE, 0xBAFE, 0xBAFE, 0xBAFE, 0xBAFE, 0xBAFE, 
    0xBAFE, 0xBAFE, 0xBAFE, 0xBAFE, 0xBAFE, 0xBAFE, 0xBAFE, 0x9AFE, 0x9BFE, 0x9AFE, 0xBAFE, 0x33C5, 
    0xF9F6, 0xBCFF, 0x9CFF, 0x9CFF, 0x9CFF, 0x9CFF, 0x9CFF, 0x9CFF, 0x9CFF, 0x9CFF, 0x9CFF, 0x9CFF, 
    0x9CFF, 0x9CFF, 0x9CFF, 0x9CFF, 0x9CFF, 0x9CFF, 0x9CFF, 0x9CFF, 0x9CFF, 0x9CFF, 0x9CFF, 0x9CFF, 
    0x9CFF, 0x9CFF, 0x9CFF, 0x9CFF, 0x9CFF, 0x9CFF, 0x9CFF, 0x9CFF, 0x9CFF, 0x9CFF, 0x9CFF, 0x7DFF, 
    0x7DFF, 0x9DFF, 0x7CFF, 0x9CFF, 0x9CFF, 0x9CFF, 0x9CFF, 0x9CFF, 0x9CFF, 0x9CFF, 0x9CFF, 0x9CFF, 
    0x9CFF, 0x9CFF, 0x9CFF, 0x9CFF, 0x9CFF, 0x9CFF, 0x9CFF, 0x9CFF, 0x9CFF, 0x9CFF, 0x9CFF, 0x9CFF, 
    0x9CFF, 0x9CFF, 0x9CFF, 0x9CFF, 0x9CFF, 0x9CFF, 0x9CFF, 0x9CFF, 0x9CFF, 0x9CFF, 0x9CFF, 0x9CFF, 
    0x9CFF, 0x9CFF, 0x9CFF, 0x9CFF, 0x9CFF, 0x9CFF, 0x9CFF, 0x9CFF, 0x9CFF, 0x9CFF, 0x9CFF, 0x9CFF, 
    0x9CFF, 0x9CFF, 0x9CFF, 0x9CFF, 0x9CFF, 0x9CFF, 0x9CFF, 0x9CFF, 0x9CFF, 0x9CFF, 0x9CFF, 0x9CFF, 
    0x9CFF, 0x9CFF, 0x9CFF, 0x9CFF, 0x9CFF, 0x9CFF, 0x9CFF, 0x9CFF, 0x9CFF, 0x9CFF, 0x9CFF, 0x9CFF, 
    0x9CFF, 0x9CFF, 0x9CFF, 0x9CFF, 0x9CFF, 0x9CFF, 0x9CFF, 0x9CFF, 0x9CFF, 0x9CFF, 0x9CFF, 0x9CFF, 
    0x9CFF, 0x9CFF, 0x9CFF, 0x9CFF, 0x9CFF, 0x9CFF, 0x9CFF, 0x9CFF, 0x9CFF, 0x9CFF, 0x9CFF, 0x9CFF, 
    0x9CFF, 0x9CFF, 0x9CFF, 0x9CFF, 0x9CFF, 0x9BFF, 0xDDFF, 0x57DE, 0xD3BC, 0xFBFE, 0x9AFE, 0xBAFE, 
    0xBAFE, 0xBAFE, 0xBAFE, 0xBAFE, 0xBAFE, 0xBAFE, 0xBAFE, 0xBAFE, 0xBAFE, 0xBAFE, 0xBAFE, 0xBAFE, 
    0xBAFE, 0xBAFE, 0xBAFE, 0xBAFE, 0xBAFE, 0xBAFE, 0xBAFE, 0xBAFE, 0xBAFE, 0xBAFE, 0xBAFE, 0xBAFE, 
    0xBAFE, 0xBAFE, 0xBAFE, 0xBAFE, 0xBAFE, 0xBAFE, 0xBAFE, 0xBAFE, 0xBAFE, 0xBAFE, 0xBAFE, 0xBAFE, 
    0xBAFE, 0xBAFE, 0xBBFE, 0xBAFE, 0xBBFE, 0x7ADE, 0x9374, 0x1A9E, 0x1EC7, 0xFCB6, 0x1DBF, 0xFDBE, 
    0xFDBE, 0xFDBE, 0xFDBE, 0xFDBE, 0xFDBE, 0xFDBE, 0xFDBE, 0xFDBE, 0xFDBE, 0xFDBE, 0xFDBE, 0xFDBE, 
    0xFDBE, 0xFDBE, 0xFDBE, 0xFDBE, 0xFDBE, 0xFDBE, 0x1DBF, 0x9BAE, 
    0xA631, 0x5AAE, 0x3EBF, 0xFDBE, 
    0xFDBE, 0x1DBF, 0x1DB7, 0xFEBE, 0xFDBE, 0x1DB7, 0xFDBE, 0xFDBE, 0xFDBE, 0xFDBE, 0xFDBE, 0xFDBE, 
    0xFDBE, 0xFDBE, 0xFDBE, 0xFDBE, 0xFDBE, 0xFDBE, 0x1DB7, 0xFCBE, 0xFDBE, 0xFEB6, 0x1575, 0xB8AD, 
    0xBBFE, 0x9AFE, 0xBAFE, 0xBAFE, 0xBAFE, 0xBAFE, 0xBAFE, 0xBAFE, 0xBAFE, 0xBAFE, 0xBAFE, 0xBAFE, 
    0xBAFE, 0xBAFE, 0xBAFE, 0xBAFE, 0xBAFE, 0xBAFE, 0xBAFE, 0xBAFE, 0xBAFE, 0xBAFE, 0xBAFE, 0xBAFE, 
    0xBAFE, 0xBAFE, 0xBAFE, 0xBAFE, 0xBAFE, 0xBAFE, 0xBAFE, 0xBAFE, 0xBAFE, 0xBAFE, 0xBAFE, 0xBAFE, 
    0xBAFE, 0xBAFE, 0xBAFE, 0xBBFE, 0x9BFE, 0x9BFE, 0xBAFE, 0x34C5, 0xFAF6, 0x9DFF, 0x9CFF, 0x9CFF, 
    0x7DFF, 0x7CFF, 0x9DFF, 0x9DFF, 0x9DFF, 0x9DFF, 0x9DFF, 0x9DFF, 0x9DFF, 0x9DFF, 0x9DFF, 0x9DFF, 
    0x9DFF, 0x9DFF, 0x9DFF, 0x9DFF, 0x9DFF, 0x9DFF, 0x9DFF, 0x9DFF, 0x9DFF, 0x9DFF, 0x9DFF, 0x9DFF, 
    0x9DFF, 0x9DFF, 0x9DFF, 0x9DFF, 0x9DFF, 0x9DFF, 0x9DFF, 0x7CFF, 0x9CFF, 0x9CFF, 0x9CFF, 0x9BFF, 
    0x9BFF, 0x9CFF, 0x9CFF, 0x9CFF, 0x9CFF, 0x9CFF, 0x9CFF, 0x9CFF, 0x9CFF, 0x9CFF, 0x9CFF, 0x9CFF, 
    0x9CFF, 0x9CFF, 0x9CFF, 0x9CFF, 0x9CFF, 0x9CFF, 0x9CFF, 0x9CFF, 0x9CFF, 0x9CFF, 0x9CFF, 0x9CFF, 
    0x9CFF, 0x9CFF, 0x9CFF, 0x9CFF, 0x9CFF, 0x9CFF, 0x9CFF, 0x9CFF, 0x9CFF, 0x9CFF, 0x9CFF, 0x9CFF, 
    0x9CFF, 0x9CFF, 0x9CFF, 0x9CFF, 0x9CFF, 0x9CFF, 0x9CFF, 0x9CFF, 0x9CFF, 0x9CFF, 0x9CFF, 0x9CFF, 
    0x9CFF, 0x9CFF, 0x9CFF, 0x9CFF, 0x9CFF, 0x9CFF, 0x9CFF, 0x9CFF, 0x9CFF, 0x9CFF, 0x9CFF, 0x9CFF, 
    0x9CFF, 0x9CFF, 0x9CFF, 0x9CFF, 0x9CFF, 0x9CFF, 0x9CFF, 0x9CFF, 0x9CFF, 0x9CFF, 0x9CFF, 0x9CFF, 
    0x9CFF, 0x9CFF, 0x9CFF, 0x9CFF, 0x9CFF, 0x9CFF, 0x9CFF, 0x9CFF, 0x9CFF, 0x9CFF, 0x9CFF, 0x9CFF, 
    0x9CFF, 0x9CFF, 0x9CFF, 0x9CFF, 0x9CFF, 0x9CFF, 0x9CFF, 0x9CFF, 0x9CFF, 0x9CFF, 0x9CFF, 0x9CFF, 
    0x9CFF, 0x9BFF, 0xDDFF, 0x57DE, 0xD3BC, 0xFBFE, 0x9AFE, 0xBAFE, 0xBAFE, 0xBAFE, 0xBAFE, 0xBAFE, 
    0xBAFE, 0xBAFE, 0xBAFE, 0xBAFE, 0xBAFE, 0xBAFE, 0xBAFE, 0xBAFE, 0xBAFE, 0xBAFE, 0xBAFE, 0xBAFE, 
    0xBAFE, 0xBAFE, 0xBAFE, 0xBAFE, 0xBAFE, 0xBAFE, 0xBAFE, 0xBAFE, 0xBAFE, 0xBAFE, 0xBAFE, 0xBAFE, 
    0xBAFE, 0xBAFE, 0xBAFE, 0xBAFE, 0xBAFE, 0xBAFE, 0xBAFE, 0xBAFE, 0xBAFE, 0xBAFE, 0xBBFE, 0xBAFE, 
    0xBBFE, 0x7ADE, 0x9374, 0x1A9E, 0x1EC7, 0xFCB6, 0x1DBF, 0xFDBE, 0xFDBE, 0xFDBE, 0xFDBE, 0xFDBE, 
    0xFDBE, 0xFDBE, 0xFDBE, 0xFDBE, 0xFDBE, 0xFDBE, 0xFDBE, 0xFDBE, 0xFDBE, 0xFDBE, 0xFDBE, 0xFDBE, 
    0xFDBE, 0xFDBE, 0x1DBF, 0x9BAE, 
    0xA631, 0x5AAE, 0x3EBF, 0xFDBE, 0xFDBE, 0x1DBF, 0x1DB7, 0xFEBE, 
    0xFDBE, 0x1DB7, 0xFDBE, 0xFDBE, 0xFDBE, 0xFDBE, 0xFDBE, 0xFDBE, 0xFDBE, 0xFDBE, 0xFDBE, 0xFDBE, 
    0xFDBE, 0xFDBE, 0x1DB7, 0xFCBE, 0xFDBE, 0xFEB6, 0x1575, 0xB8AD, 0xBBFE, 0x9AFE, 0xBAFE, 0xBAFE, 
    0xBAFE, 0xBAFE, 0xBAFE, 0xBAFE, 0xBAFE, 0xBAFE, 0xBAFE, 0xBAFE, 0xBAFE, 0xBAFE, 0xBAFE, 0xBAFE, 
    0xBAFE, 0xBAFE, 0xBAFE, 0xBAFE, 0xBAFE, 0xBAFE, 0xBAFE, 0xBAFE, 0xBAFE, 0xBAFE, 0xBAFE, 0xBAFE, 
    0xBAFE, 0xBAFE, 0xBAFE, 0xBAFE, 0xBAFE, 0xBAFE, 0xBAFE, 0xBAFE, 0xBAFE, 0xBAFE, 0xBAFE, 0xBAFE, 
    0x9AFE, 0xBAFE, 0xB9FE, 0x53C5, 0xF9F6, 0xBCFF, 0x9BFF, 0x9CFF, 0x9BFF, 0x9BFF, 0x9CFF, 0x9CFF, 
    0x9CFF, 0x9CFF, 0x9CFF, 0x9CFF, 0x9CFF, 0x9CFF, 0x9CFF, 0x9CFF, 0x9CFF, 0x9CFF, 0x9CFF, 0x9CFF, 
    0x9CFF, 0x9CFF, 0x9CFF, 0x9CFF, 0x9CFF, 0x9CFF, 0x9CFF, 0x9CFF, 0x9CFF, 0x9CFF, 0x9CFF, 0x9CFF, 
    0x9CFF, 0x9CFF, 0x9CFF, 0x9CFF, 0x9CFF, 0x9BFF, 0x9BFF, 0x9BFF, 0x9BFF, 0x9CFF, 0x9CFF, 0x9CFF, 
    0x9CFF, 0x9CFF, 0x9CFF, 0x9CFF, 0x9CFF, 0x9CFF, 0x9CFF, 0x9CFF, 0x9CFF, 0x9CFF, 0x9CFF, 0x9CFF, 
    0x9CFF, 0x9CFF, 0x9CFF, 0x9CFF, 0x9CFF, 0x9CFF, 0x9CFF, 0x9CFF, 0x9CFF, 0x9CFF, 0x9CFF, 0x9CFF, 
    0x9CFF, 0x9CFF, 0x9CFF, 0x9CFF, 0x9CFF, 0x9CFF, 0x9CFF, 0x9CFF, 0x9CFF, 0x9CFF, 0x9CFF, 0x9CFF, 
    0x9CFF, 0x9CFF, 0x9CFF, 0x9CFF, 0x9CFF, 0x9CFF, 0x9CFF, 0x9CFF, 0x9CFF, 0x9CFF, 0x9CFF, 0x9CFF, 
    0x9CFF, 0x9CFF, 0x9CFF, 0x9CFF, 0x9CFF, 0x9CFF, 0x9CFF, 0x9CFF, 0x9CFF, 0x9CFF, 0x9CFF, 0x9CFF, 
    0x9CFF, 0x9CFF, 0x9CFF, 0x9CFF, 0x9CFF, 0x9CFF, 0x9CFF, 0x9CFF, 0x9CFF, 0x9CFF, 0x9CFF, 0x9CFF, 
    0x9CFF, 0x9CFF, 0x9CFF, 0x9CFF, 0x9CFF, 0x9CFF, 0x9CFF, 0x9CFF, 0x9CFF, 0x9CFF, 0x9CFF, 0x9CFF, 
    0x9CFF, 0x9CFF, 0x9CFF, 0x9CFF, 0x9CFF, 0x9CFF, 0x9CFF, 0x9CFF, 0x9CFF, 0x9BFF, 0xDDFF, 0x57DE, 
    0xD3BC, 0xFBFE, 0x9AFE, 0xBAFE, 0xBAFE, 0xBAFE, 0xBAFE, 0xBAFE, 0xBAFE, 0xBAFE, 0xBAFE, 0xBAFE, 
    0xBAFE, 0xBAFE, 0xBAFE, 0xBAFE, 0xBAFE, 0xBAFE, 0xBAFE, 0xBAFE, 0xBAFE, 0xBAFE, 0xBAFE, 0xBAFE, 
    0xBAFE, 0xBAFE, 0xBAFE, 0xBAFE, 0xBAFE, 0xBAFE, 0xBAFE, 0xBAFE, 0xBAFE, 0xBAFE, 0xBAFE, 0xBAFE, 
    0xBAFE, 0xBAFE, 0xBAFE, 0xBAFE, 0xBAFE, 0xBAFE, 0xBBFE, 0xBAFE, 0xBBFE, 0x7ADE, 0x9374, 0x1A9E, 
    0x1EC7, 0xFCB6, 0x1DBF, 0xFDBE, 0xFDBE, 0xFDBE, 0xFDBE, 0xFDBE, 0xFDBE, 0xFDBE, 0xFDBE, 0xFDBE, 
    0xFDBE, 0xFDBE, 0xFDBE, 0xFDBE, 0xFDBE, 0xFDBE, 0xFDBE, 0xFDBE, 0xFDBE, 0xFDBE, 0x1DBF, 0x9BAE, 
    
    0xA631, 0x5AAE, 0x3EBF, 0xFDBE, 0xFDBE, 0x1DBF, 0x1DB7, 0xFEBE, 0xFDBE, 0x1DB7, 0xFDBE, 0xFDBE, 
    0xFDBE, 0xFDBE, 0xFDBE, 0xFDBE, 0xFDBE, 0xFDBE, 0xFDBE, 0xFDBE, 0xFDBE, 0xFDBE, 0x1DB7, 0xFCBE, 
    0xFDBE, 0xFEB6, 0x1575, 0xB8AD, 0xBBFE, 0x9AFE, 0xBAFE, 0xBAFE, 0xBAFE, 0xBAFE, 0xBAFE, 0xBAFE, 
    0xBAFE, 0xBAFE, 0xBAFE, 0xBAFE, 0xBAFE, 0xBAFE, 0xBAFE, 0xBAFE, 0xBAFE, 0xBAFE, 0xBAFE, 0xBAFE, 
    0xBAFE, 0xBAFE, 0xBAFE, 0xBAFE, 0xBAFE, 0xBAFE, 0xBAFE, 0xBAFE, 0xBAFE, 0xBAFE, 0xBAFE, 0xBAFE, 
    0xBAFE, 0xBAFE, 0xBAFE, 0xBAFE, 0xBAFE, 0xBAFE, 0xBAFE, 0xBBFE, 0xBBFE, 0xBAFE, 0xB9FE, 0x33C5, 
    0xF9F6, 0xBCFF, 0x9CFF, 0x9CFF, 0x9CFF, 0x9BFF, 0x9CFF, 0x9CFF, 0x9CFF, 0x9CFF, 0x9CFF, 0x9CFF, 
    0x9CFF, 0x9CFF, 0x9CFF, 0x9CFF, 0x9CFF, 0x9CFF, 0x9CFF, 0x9CFF, 0x9CFF, 0x9CFF, 0x9CFF, 0x9CFF, 
    0x9CFF, 0x9CFF, 0x9CFF, 0x9CFF, 0x9CFF, 0x9CFF, 0x9CFF, 0x9CFF, 0x9CFF, 0x9CFF, 0x9CFF, 0x9CFF, 
    0x9BFF, 0x9BFF, 0x9BFF, 0x9BFF, 0x9CFF, 0x9CFF, 0x9CFF, 0x9CFF, 0x9CFF, 0x9CFF, 0x9CFF, 0x9CFF, 
    0x9CFF, 0x9CFF, 0x9CFF, 0x9CFF, 0x9CFF, 0x9CFF, 0x9CFF, 0x9CFF, 0x9CFF, 0x9CFF, 0x9CFF, 0x9CFF, 
    0x9CFF, 0x9CFF, 0x9CFF, 0x9CFF, 0x9CFF, 0x9CFF, 0x9CFF, 0x9CFF, 0x9CFF, 0x9CFF, 0x9CFF, 0x9CFF, 
    0x9CFF, 0x9CFF, 0x9CFF, 0x9CFF, 0x9CFF, 0x9CFF, 0x9CFF, 0x9CFF, 0x9CFF, 0x9CFF, 0x9CFF, 0x9CFF, 
    0x9CFF, 0x9CFF, 0x9CFF, 0x9CFF, 0x9CFF, 0x9CFF, 0x9CFF, 0x9CFF, 0x9CFF, 0x9CFF, 0x9CFF, 0x9CFF, 
    0x9CFF, 0x9CFF, 0x9CFF, 0x9CFF, 0x9CFF, 0x9CFF, 0x9CFF, 0x9CFF, 0x9CFF, 0x9CFF, 0x9CFF, 0x9CFF, 
    0x9CFF, 0x9CFF, 0x9CFF, 0x9CFF, 0x9CFF, 0x9CFF, 0x9CFF, 0x9CFF, 0x9CFF, 0x9CFF, 0x9CFF, 0x9CFF, 
    0x9CFF, 0x9CFF, 0x9CFF, 0x9CFF, 0x9CFF, 0x9CFF, 0x9CFF, 0x9CFF, 0x9CFF, 0x9CFF, 0x9CFF, 0x9CFF, 
    0x9CFF, 0x9CFF, 0x9CFF, 0x9CFF, 0x9CFF, 0x9BFF, 0xDDFF, 0x57DE, 0xD3BC, 0xFBFE, 0x9AFE, 0xBAFE, 
    0xBAFE, 0xBAFE, 0xBAFE, 0xBAFE, 0xBAFE, 0xBAFE, 0xBAFE, 0xBAFE, 0xBAFE, 0xBAFE, 0xBAFE, 0xBAFE, 
    0xBAFE, 0xBAFE, 0xBAFE, 0xBAFE, 0xBAFE, 0xBAFE, 0xBAFE, 0xBAFE, 0xBAFE, 0xBAFE, 0xBAFE, 0xBAFE, 
    0xBAFE, 0xBAFE, 0xBAFE, 0xBAFE, 0xBAFE, 0xBAFE, 0xBAFE, 0xBAFE, 0xBAFE, 0xBAFE, 0xBAFE, 0xBAFE, 
    0xBAFE, 0xBAFE, 0xBBFE, 0xBAFE, 0xBBFE, 0x7ADE, 0x9374, 0x1A9E, 0x1EC7, 0xFCB6, 0x1DBF, 0xFDBE, 
    0xFDBE, 0xFDBE, 0xFDBE, 0xFDBE, 0xFDBE, 0xFDBE, 0xFDBE, 0xFDBE, 0xFDBE, 0xFDBE, 0xFDBE, 0xFDBE, 
    0xFDBE, 0xFDBE, 0xFDBE, 0xFDBE, 0xFDBE, 0xFDBE, 0x1DBF, 0x9BAE, 
    0xA631, 0x5AAE, 0x3EBF, 0xFDBE, 
    0xFDBE, 0x1DBF, 0x1DB7, 0xFEBE, 0xFDBE, 0x1DB7, 0xFDBE, 0xFDBE, 0xFDBE, 0xFDBE, 0xFDBE, 0xFDBE, 
    0xFDBE, 0xFDBE, 0xFDBE, 0xFDBE, 0xFDBE, 0xFDBE, 0x1DB7, 0xFCBE, 0xFDBE, 0xFEB6, 0x1575, 0xB8AD, 
    0xBBFE, 0x9AFE, 0xBAFE, 0xBAFE, 0xBAFE, 0xBAFE, 0xBAFE, 0xBAFE, 0xBAFE, 0xBAFE, 0xBAFE, 0xBAFE, 
    0xBAFE, 0xBAFE, 0xBAFE, 0xBAFE, 0xBAFE, 0xBAFE, 0xBAFE, 0xBAFE, 0xBAFE, 0xBAFE, 0xBAFE, 0xBAFE, 
    0xBAFE, 0xBAFE, 0xBAFE, 0xBAFE, 0xBAFE, 0xBAFE, 0xBAFE, 0xBAFE, 0xBAFE, 0xBAFE, 0xBAFE, 0xBAFE, 
    0xBAFE, 0xBAFE, 0xBAFE, 0xBBFE, 0x9BFE, 0xBBFE, 0xBAFE, 0x34C5, 0xFAF6, 0x9DFF, 0x9CFF, 0x9CFF, 
    0x9CFF, 0x9CFF, 0x9CFF, 0x9CFF, 0x9CFF, 0x9CFF, 0x9CFF, 0x9CFF, 0x9CFF, 0x9CFF, 0x9CFF, 0x9CFF, 
    0x9CFF, 0x9CFF, 0x9CFF, 0x9CFF, 0x9CFF, 0x9CFF, 0x9CFF, 0x9CFF, 0x9CFF, 0x9CFF, 0x9CFF, 0x9CFF, 
    0x9CFF, 0x9CFF, 0x9CFF, 0x9CFF, 0x9CFF, 0x9CFF, 0x9CFF, 0x9CFF, 0x9CFF, 0x9CFF, 0x9CFF, 0x9CFF, 
    0x9CFF, 0x9CFF, 0x9CFF, 0x9CFF, 0x9CFF, 0x9CFF, 0x9CFF, 0x9CFF, 0x9CFF, 0x9CFF, 0x9CFF, 0x9CFF, 
    0x9CFF, 0x9CFF, 0x9CFF, 0x9CFF, 0x9CFF, 0x9CFF, 0x9CFF, 0x9CFF, 0x9CFF, 0x9CFF, 0x9CFF, 0x9CFF, 
    0x9CFF, 0x9CFF, 0x9CFF, 0x9CFF, 0x9CFF, 0x9CFF, 0x9CFF, 0x9CFF, 0x9CFF, 0x9CFF, 0x9CFF, 0x9CFF, 
    0x9CFF, 0x9CFF, 0x9CFF, 0x9CFF, 0x9CFF, 0x9CFF, 0x9CFF, 0x9CFF, 0x9CFF, 0x9CFF, 0x9CFF, 0x9CFF, 
    0x9CFF, 0x9CFF, 0x9CFF, 0x9CFF, 0x9CFF, 0x9CFF, 0x9CFF, 0x9CFF, 0x9CFF, 0x9CFF, 0x9CFF, 0x9CFF, 
    0x9CFF, 0x9CFF, 0x9CFF, 0x9CFF, 0x9CFF, 0x9CFF, 0x9CFF, 0x9CFF, 0x9CFF, 0x9CFF, 0x9CFF, 0x9CFF, 
    0x9CFF, 0x9CFF, 0x9CFF, 0x9CFF, 0x9CFF, 0x9CFF, 0x9CFF, 0x9CFF, 0x9CFF, 0x9CFF, 0x9CFF, 0x9CFF, 
    0x9CFF, 0x9CFF, 0x9CFF, 0x9CFF, 0x9CFF, 0x9CFF, 0x9CFF, 0x9CFF, 0x9CFF, 0x9CFF, 0x9CFF, 0x9CFF, 
    0x9CFF, 0x9BFF, 0xDDFF, 0x57DE, 0xD3BC, 0xFBFE, 0x9AFE, 0xBAFE, 0xBAFE, 0xBAFE, 0xBAFE, 0xBAFE, 
    0xBAFE, 0xBAFE, 0xBAFE, 0xBAFE, 0xBAFE, 0xBAFE, 0xBAFE, 0xBAFE, 0xBAFE, 0xBAFE, 0xBAFE, 0xBAFE, 
    0xBAFE, 0xBAFE, 0xBAFE, 0xBAFE, 0xBAFE, 0xBAFE, 0xBAFE, 0xBAFE, 0xBAFE, 0xBAFE, 0xBAFE, 0xBAFE, 
    0xBAFE, 0xBAFE, 0xBAFE, 0xBAFE, 0xBAFE, 0xBAFE, 0xBAFE, 0xBAFE, 0xBAFE, 0xBAFE, 0xBBFE, 0xBAFE, 
    0xBBFE, 0x7ADE, 0x9374, 0x1A9E, 0x1EC7, 0xFCB6, 0x1DBF, 0xFDBE, 0xFDBE, 0xFDBE, 0xFDBE, 0xFDBE, 
    0xFDBE, 0xFDBE, 0xFDBE, 0xFDBE, 0xFDBE, 0xFDBE, 0xFDBE, 0xFDBE, 0xFDBE, 0xFDBE, 0xFDBE, 0xFDBE, 
    0xFDBE, 0xFDBE, 0x1DBF, 0x9BAE, 
    0xA631, 0x5AAE, 0x3EBF, 0xFDBE, 0xFDBE, 0x1DBF, 0x1DB7, 0xFEBE, 
    0xFDBE, 0x1DB7, 0xFDBE, 0xFDBE, 0xFDBE, 0xFDBE, 0xFDBE, 0xFDBE, 0xFDBE, 0xFDBE, 0xFDBE, 0xFDBE, 
    0xFDBE, 0xFDBE, 0x1DB7, 0xFCBE, 0xFDBE, 0xFEB6, 0x1575, 0xB8AD, 0xBBFE, 0x9AFE, 0xBAFE, 0xBAFE, 
    0xBAFE, 0xBAFE, 0xBAFE, 0xBAFE, 0xBAFE, 0xBAFE, 0xBAFE, 0xBAFE, 0xBAFE, 0xBAFE, 0xBAFE, 0xBAFE, 
    0xBAFE, 0xBAFE, 0xBAFE, 0xBAFE, 0xBAFE, 0xBAFE, 0xBAFE, 0xBAFE, 0xBAFE, 0xBAFE, 0xBAFE, 0xBAFE, 
    0xBAFE, 0xBAFE, 0xBAFE, 0xBAFE, 0xBAFE, 0xBAFE, 0xBAFE, 0xBAFE, 0xBAFE, 0xBAFE, 0xBAFE, 0xBAFE, 
    0xBBFE, 0xBAFE, 0xBAFE, 0x53C5, 0xFAF6, 0xBCFF, 0x9CFF, 0x9CFF, 0x9BFF, 0x9BFF, 0x9CFF, 0x9CFF, 
    0x9CFF, 0x9CFF, 0x9CFF, 0x9CFF, 0x9CFF, 0x9CFF, 0x9CFF, 0x9CFF, 0x9CFF, 0x9CFF, 0x9CFF, 0x9CFF, 
    0x9CFF, 0x9CFF, 0x9CFF, 0x9CFF, 0x9CFF, 0x9CFF, 0x9CFF, 0x9CFF, 0x9CFF, 0x9CFF, 0x9CFF, 0x9CFF, 
    0x9CFF, 0x9CFF, 0x9CFF, 0x9CFF, 0x9CFF, 0x9CFF, 0x9CFF, 0x9CFF, 0x9CFF, 0x9CFF, 0x9CFF, 0x9CFF, 
    0x9CFF, 0x9CFF, 0x9CFF, 0x9CFF, 0x9CFF, 0x9CFF, 0x9CFF, 0x9CFF, 0x9CFF, 0x9CFF, 0x9CFF, 0x9CFF, 
    0x9CFF, 0x9CFF, 0x9CFF, 0x9CFF, 0x9CFF, 0x9CFF, 0x9CFF, 0x9CFF, 0x9CFF, 0x9CFF, 0x9CFF, 0x9CFF, 
    0x9CFF, 0x9CFF, 0x9CFF, 0x9CFF, 0x9CFF, 0x9CFF, 0x9CFF, 0x9CFF, 0x9CFF, 0x9CFF, 0x9CFF, 0x9CFF, 
    0x9CFF, 0x9CFF, 0x9CFF, 0x9CFF, 0x9CFF, 0x9CFF, 0x9CFF, 0x9CFF, 0x9CFF, 0x9CFF, 0x9CFF, 0x9CFF, 
    0x9CFF, 0x9CFF, 0x9CFF, 0x9CFF, 0x9CFF, 0x9CFF, 0x9CFF, 0x9CFF, 0x9CFF, 0x9CFF, 0x9CFF, 0x9CFF, 
    0x9CFF, 0x9CFF, 0x9CFF, 0x9CFF, 0x9CFF, 0x9CFF, 0x9CFF, 0x9CFF, 0x9CFF, 0x9CFF, 0x9CFF, 0x9CFF, 
    0x9CFF, 0x9CFF, 0x9CFF, 0x9CFF, 0x9CFF, 0x9CFF, 0x9CFF, 0x9CFF, 0x9CFF, 0x9CFF, 0x9CFF, 0x9CFF, 
    0x9CFF, 0x9CFF, 0x9CFF, 0x9CFF, 0x9CFF, 0x9CFF, 0x9CFF, 0x9CFF, 0x9CFF, 0x9BFF, 0xDDFF, 0x57DE, 
    0xD3BC, 0xFBFE, 0x9AFE, 0xBAFE, 0xBAFE, 0xBAFE, 0xBAFE, 0xBAFE, 0xBAFE, 0xBAFE, 0xBAFE, 0xBAFE, 
    0xBAFE, 0xBAFE, 0xBAFE, 0xBAFE, 0xBAFE, 0xBAFE, 0xBAFE, 0xBAFE, 0xBAFE, 0xBAFE, 0xBAFE, 0xBAFE, 
    0xBAFE, 0xBAFE, 0xBAFE, 0xBAFE, 0xBAFE, 0xBAFE, 0xBAFE, 0xBAFE, 0xBAFE, 0xBAFE, 0xBAFE, 0xBAFE, 
    0xBAFE, 0xBAFE, 0xBAFE, 0xBAFE, 0xBAFE, 0xBAFE, 0xBBFE, 0xBAFE, 0xBBFE, 0x7ADE, 0x9374, 0x1A9E, 
    0x1EC7, 0xFCB6, 0x1DBF, 0xFDBE, 0xFDBE, 0xFDBE, 0xFDBE, 0xFDBE, 0xFDBE, 0xFDBE, 0xFDBE, 0xFDBE, 
    0xFDBE, 0xFDBE, 0xFDBE, 0xFDBE, 0xFDBE, 0xFDBE, 0xFDBE, 0xFDBE, 0xFDBE, 0xFDBE, 0x1DBF, 0x9BAE, 
    
    0xA631, 0x5AAE, 0x3EBF, 0xFDBE, 0xFDBE, 0x1DBF, 0x1DB7, 0xFEBE, 0xFDBE, 0x1DB7, 0xFDBE, 0xFDBE, 
    0xFDBE, 0xFDBE, 0xFDBE, 0xFDBE, 0xFDBE, 0xFDBE, 0xFDBE, 0xFDBE, 0xFDBE, 0xFDBE, 0x1DB7, 0xFCBE, 
    0xFDBE, 0xFEB6, 0x1575, 0xB8AD, 0xBBFE, 0x9AFE, 0xBAFE, 0xBAFE, 0xBAFE, 0xBAFE, 0xBAFE, 0xBAFE, 
    0xBAFE, 0xBAFE, 0xBAFE, 0xBAFE, 0xBAFE, 0xBAFE, 0xBAFE, 0xBAFE, 0xBAFE, 0xBAFE, 0xBAFE, 0xBAFE, 
    0xBAFE, 0xBAFE, 0xBAFE, 0xBAFE, 0xBAFE, 0xBAFE, 0xBAFE, 0xBAFE, 0xBAFE, 0xBAFE, 0xBAFE, 0xBAFE, 
    0xBAFE, 0xBAFE, 0xBAFE, 0xBAFE, 0xBAFE, 0xBAFE, 0xBAFE, 0xBAFE, 0x9AFE, 0xBAFE, 0xBAFE, 0x34C5, 
    0xFAF6, 0xBCFF, 0x9CFF, 0x9CFF, 0x9CFF, 0x9CFF, 0x9CFF, 0x9CFF, 0x9CFF, 0x9CFF, 0x9CFF, 0x9CFF, 
    0x9CFF, 0x9CFF, 0x9CFF, 0x9CFF, 0x9CFF, 0x9CFF, 0x9CFF, 0x9CFF, 0x9CFF, 0x9CFF, 0x9CFF, 0x9CFF, 
    0x9CFF, 0x9CFF, 0x9CFF, 0x9CFF, 0x9CFF, 0x9CFF, 0x9CFF, 0x9CFF, 0x9CFF, 0x9CFF, 0x9CFF, 0x9CFF, 
    0x9CFF, 0x9CFF, 0x9CFF, 0x9CFF, 0x9CFF, 0x9CFF, 0x9CFF, 0x9CFF, 0x9CFF, 0x9CFF, 0x9CFF, 0x9CFF, 
    0x9CFF, 0x9CFF, 0x9CFF, 0x9CFF, 0x9CFF, 0x9CFF, 0x9CFF, 0x9CFF, 0x9CFF, 0x9CFF, 0x9CFF, 0x9CFF, 
    0x9CFF, 0x9CFF, 0x9CFF, 0x9CFF, 0x9CFF, 0x9CFF, 0x9CFF, 0x9CFF, 0x9CFF, 0x9CFF, 0x9CFF, 0x9CFF, 
    0x9CFF, 0x9CFF, 0x9CFF, 0x9CFF, 0x9CFF, 0x9CFF, 0x9CFF, 0x9CFF, 0x9CFF, 0x9CFF, 0x9CFF, 0x9CFF, 
    0x9CFF, 0x9CFF, 0x9CFF, 0x9CFF, 0x9CFF, 0x9CFF, 0x9CFF, 0x9CFF, 0x9CFF, 0x9CFF, 0x9CFF, 0x9CFF, 
    0x9CFF, 0x9CFF, 0x9CFF, 0x9CFF, 0x9CFF, 0x9CFF, 0x9CFF, 0x9CFF, 0x9CFF, 0x9CFF, 0x9CFF, 0x9CFF, 
    0x9CFF, 0x9CFF, 0x9CFF, 0x9CFF, 0x9CFF, 0x9CFF, 0x9CFF, 0x9CFF, 0x9CFF, 0x9CFF, 0x9CFF, 0x9CFF, 
    0x9CFF, 0x9CFF, 0x9CFF, 0x9CFF, 0x9CFF, 0x9CFF, 0x9CFF, 0x9CFF, 0x9CFF, 0x9CFF, 0x9CFF, 0x9CFF, 
    0x9CFF, 0x9CFF, 0x9CFF, 0x9CFF, 0x9CFF, 0x9BFF, 0xDDFF, 0x57DE, 0xD3BC, 0xFBFE, 0x9AFE, 0xBAFE, 
    0xBAFE, 0xBAFE, 0xBAFE, 0xBAFE, 0xBAFE, 0xBAFE, 0xBAFE, 0xBAFE, 0xBAFE, 0xBAFE, 0xBAFE, 0xBAFE, 
    0xBAFE, 0xBAFE, 0xBAFE, 0xBAFE, 0xBAFE, 0xBAFE, 0xBAFE, 0xBAFE, 0xBAFE, 0xBAFE, 0xBAFE, 0xBAFE, 
    0xBAFE, 0xBAFE, 0xBAFE, 0xBAFE, 0xBAFE, 0xBAFE, 0xBAFE, 0xBAFE, 0xBAFE, 0xBAFE, 0xBAFE, 0xBAFE, 
    0xBAFE, 0xBAFE, 0xBBFE, 0xBAFE, 0xBBFE, 0x7ADE, 0x9374, 0x1A9E, 0x1EC7, 0xFCB6, 0x1DBF, 0xFDBE, 
    0xFDBE, 0xFDBE, 0xFDBE, 0xFDBE, 0xFDBE, 0xFDBE, 0xFDBE, 0xFDBE, 0xFDBE, 0xFDBE, 0xFDBE, 0xFDBE, 
    0xFDBE, 0xFDBE, 0xFDBE, 0xFDBE, 0xFDBE, 0xFDBE, 0x1DBF, 0x9BAE, 
    0xA631, 0x5AAE, 0x3EBF, 0xFDBE, 
    0xFDBE, 0x1DBF, 0x1DB7, 0xFEBE, 0xFDBE, 0x1DB7, 0xFDBE, 0xFDBE, 0xFDBE, 0xFDBE, 0xFDBE, 0xFDBE, 
    0xFDBE, 0xFDBE, 0xFDBE, 0xFDBE, 0xFDBE, 0xFDBE, 0x1DB7, 0xFCBE, 0xFDBE, 0xFEB6, 0x1575, 0xB8AD, 
    0xBBFE, 0x9AFE, 0xBAFE, 0xBAFE, 0xBAFE, 0xBAFE, 0xBAFE, 0xBAFE, 0xBAFE, 0xBAFE, 0xBAFE, 0xBAFE, 
    0xBAFE, 0xBAFE, 0xBAFE, 0xBAFE, 0xBAFE, 0xBAFE, 0xBAFE, 0xBAFE, 0xBAFE, 0xBAFE, 0xBAFE, 0xBAFE, 
    0xBAFE, 0xBAFE, 0xBAFE, 0xBAFE, 0xBAFE, 0xBAFE, 0xBAFE, 0xBAFE, 0xBAFE, 0xBAFE, 0xBAFE, 0xBAFE, 
    0xBAFE, 0xBAFE, 0xBAFE, 0xBAFE, 0x9AFE, 0xBAFE, 0xBAFE, 0x34C5, 0xFAF6, 0xBCFF, 0x9CFF, 0x9CFF, 
    0x9CFF, 0x9CFF, 0x9CFF, 0x9CFF, 0x9CFF, 0x9CFF, 0x9CFF, 0x9CFF, 0x9CFF, 0x9CFF, 0x9CFF, 0x9CFF, 
    0x9CFF, 0x9CFF, 0x9CFF, 0x9CFF, 0x9CFF, 0x9CFF, 0x9CFF, 0x9CFF, 0x9CFF, 0x9CFF, 0x9CFF, 0x9CFF, 
    0x9CFF, 0x9CFF, 0x9CFF, 0x9CFF, 0x9CFF, 0x9CFF, 0x9CFF, 0x9CFF, 0x9CFF, 0x9CFF, 0x9CFF, 0x9CFF, 
    0x9CFF, 0x9CFF, 0x9CFF, 0x9CFF, 0x9CFF, 0x9CFF, 0x9CFF, 0x9CFF, 0x9CFF, 0x9CFF, 0x9CFF, 0x9CFF, 
    0x9CFF, 0x9CFF, 0x9CFF, 0x9CFF, 0x9CFF, 0x9CFF, 0x9CFF, 0x9CFF, 0x9CFF, 0x9CFF, 0x9CFF, 0x9CFF, 
    0x9CFF, 0x9CFF, 0x9CFF, 0x9CFF, 0x9CFF, 0x9CFF, 0x9CFF, 0x9CFF, 0x9CFF, 0x9CFF, 0x9CFF, 0x9CFF, 
    0x9CFF, 0x9CFF, 0x9CFF, 0x9CFF, 0x9CFF, 0x9CFF, 0x9CFF, 0x9CFF, 0x9CFF, 0x9CFF, 0x9CFF, 0x9CFF, 
    0x9CFF, 0x9CFF, 0x9CFF, 0x9CFF, 0x9CFF, 0x9CFF, 0x9CFF, 0x9CFF, 0x9CFF, 0x9CFF, 0x9CFF, 0x9CFF, 
    0x9CFF, 0x9CFF, 0x9CFF, 0x9CFF, 0x9CFF, 0x9CFF, 0x9CFF, 0x9CFF, 0x9CFF, 0x9CFF, 0x9CFF, 0x9CFF, 
    0x9CFF, 0x9CFF, 0x9CFF, 0x9CFF, 0x9CFF, 0x9CFF, 0x9CFF, 0x9CFF, 0x9CFF, 0x9CFF, 0x9CFF, 0x9CFF, 
    0x9CFF, 0x9CFF, 0x9CFF, 0x9CFF, 0x9CFF, 0x9CFF, 0x9CFF, 0x9CFF, 0x9CFF, 0x9CFF, 0x9CFF, 0x9CFF, 
    0x9CFF, 0x9BFF, 0xDDFF, 0x57DE, 0xD3BC, 0xFBFE, 0x9AFE, 0xBAFE, 0xBAFE, 0xBAFE, 0xBAFE, 0xBAFE, 
    0xBAFE, 0xBAFE, 0xBAFE, 0xBAFE, 0xBAFE, 0xBAFE, 0xBAFE, 0xBAFE, 0xBAFE, 0xBAFE, 0xBAFE, 0xBAFE, 
    0xBAFE, 0xBAFE, 0xBAFE, 0xBAFE, 0xBAFE, 0xBAFE, 0xBAFE, 0xBAFE, 0xBAFE, 0xBAFE, 0xBAFE, 0xBAFE, 
    0xBAFE, 0xBAFE, 0xBAFE, 0xBAFE, 0xBAFE, 0xBAFE, 0xBAFE, 0xBAFE, 0xBAFE, 0xBAFE, 0xBBFE, 0xBAFE, 
    0xBBFE, 0x7ADE, 0x9374, 0x1A9E, 0x1EC7, 0xFCB6, 0x1DBF, 0xFDBE, 0xFDBE, 0xFDBE, 0xFDBE, 0xFDBE, 
    0xFDBE, 0xFDBE, 0xFDBE, 0xFDBE, 0xFDBE, 0xFDBE, 0xFDBE, 0xFDBE, 0xFDBE, 0xFDBE, 0xFDBE, 0xFDBE, 
    0xFDBE, 0xFDBE, 0x1DBF, 0x9BAE, 
    0xA631, 0x5AAE, 0x3EBF, 0xFDBE, 0xFDBE, 0x1DBF, 0x1DB7, 0xFEBE, 
    0xFDBE, 0x1DB7, 0xFDBE, 0xFDBE, 0xFDBE, 0xFDBE, 0xFDBE, 0xFDBE, 0xFDBE, 0xFDBE, 0xFDBE, 0xFDBE, 
    0xFDBE, 0xFDBE, 0x1DB7, 0xFCBE, 0xFDBE, 0xFEB6, 0x1575, 0xB8AD, 0xBBFE, 0x9AFE, 0xBAFE, 0xBAFE, 
    0xBAFE, 0xBAFE, 0xBAFE, 0xBAFE, 0xBAFE, 0xBAFE, 0xBAFE, 0xBAFE, 0xBAFE, 0xBAFE, 0xBAFE, 0xBAFE, 
    0xBAFE, 0xBAFE, 0xBAFE, 0xBAFE, 0xBAFE, 0xBAFE, 0xBAFE, 0xBAFE, 0xBAFE, 0xBAFE, 0xBAFE, 0xBAFE, 
    0xBAFE, 0xBAFE, 0xBAFE, 0xBAFE, 0xBAFE, 0xBAFE, 0xBAFE, 0xBAFE, 0xBAFE, 0xBAFE, 0xBAFE, 0xBAFE, 
    0x9AFE, 0xBAFE, 0xBAFE, 0x34C5, 0xFAF6, 0xBCFF, 0x9CFF, 0x9CFF, 0x9CFF, 0x9CFF, 0x9CFF, 0x9CFF, 
    0x9CFF, 0x9CFF, 0x9CFF, 0x9CFF, 0x9CFF, 0x9CFF, 0x9CFF, 0x9CFF, 0x9CFF, 0x9CFF, 0x9CFF, 0x9CFF, 
    0x9CFF, 0x9CFF, 0x9CFF, 0x9CFF, 0x9CFF, 0x9CFF, 0x9CFF, 0x9CFF, 0x9CFF, 0x9CFF, 0x9CFF, 0x9CFF, 
    0x9CFF, 0x9CFF, 0x9CFF, 0x9CFF, 0x9CFF, 0x9CFF, 0x9CFF, 0x9CFF, 0x9CFF, 0x9CFF, 0x9CFF, 0x9CFF, 
    0x9CFF, 0x9CFF, 0x9CFF, 0x9CFF, 0x9CFF, 0x9CFF, 0x9CFF, 0x9CFF, 0x9CFF, 0x9CFF, 0x9CFF, 0x9CFF, 
    0x9CFF, 0x9CFF, 0x9CFF, 0x9CFF, 0x9CFF, 0x9CFF, 0x9CFF, 0x9CFF, 0x9CFF, 0x9CFF, 0x9CFF, 0x9CFF, 
    0x9CFF, 0x9CFF, 0x9CFF, 0x9CFF, 0x9CFF, 0x9CFF, 0x9CFF, 0x9CFF, 0x9CFF, 0x9CFF, 0x9CFF, 0x9CFF, 
    0x9CFF, 0x9CFF, 0x9CFF, 0x9CFF, 0x9CFF, 0x9CFF, 0x9CFF, 0x9CFF, 0x9CFF, 0x9CFF, 0x9CFF, 0x9CFF, 
    0x9CFF, 0x9CFF, 0x9CFF, 0x9CFF, 0x9CFF, 0x9CFF, 0x9CFF, 0x9CFF, 0x9CFF, 0x9CFF, 0x9CFF, 0x9CFF, 
    0x9CFF, 0x9CFF, 0x9CFF, 0x9CFF, 0x9CFF, 0x9CFF, 0x9CFF, 0x9CFF, 0x9CFF, 0x9CFF, 0x9CFF, 0x9CFF, 
    0x9CFF, 0x9CFF, 0x9CFF, 0x9CFF, 0x9CFF, 0x9CFF, 0x9CFF, 0x9CFF, 0x9CFF, 0x9CFF, 0x9CFF, 0x9CFF, 
    0x9CFF, 0x9CFF, 0x9CFF, 0x9CFF, 0x9CFF, 0x9CFF, 0x9CFF, 0x9CFF, 0x9CFF, 0x9BFF, 0xDDFF, 0x57DE, 
    0xD3BC, 0xFBFE, 0x9AFE, 0xBAFE, 0xBAFE, 0xBAFE, 0xBAFE, 0xBAFE, 0xBAFE, 0xBAFE, 0xBAFE, 0xBAFE, 
    0xBAFE, 0xBAFE, 0xBAFE, 0xBAFE, 0xBAFE, 0xBAFE, 0xBAFE, 0xBAFE, 0xBAFE, 0xBAFE, 0xBAFE, 0xBAFE, 
    0xBAFE, 0xBAFE, 0xBAFE, 0xBAFE, 0xBAFE, 0xBAFE, 0xBAFE, 0xBAFE, 0xBAFE, 0xBAFE, 0xBAFE, 0xBAFE, 
    0xBAFE, 0xBAFE, 0xBAFE, 0xBAFE, 0xBAFE, 0xBAFE, 0xBBFE, 0xBAFE, 0xBBFE, 0x7ADE, 0x9374, 0x1A9E, 
    0x1EC7, 0xFCB6, 0x1DBF, 0xFDBE, 0xFDBE, 0xFDBE, 0xFDBE, 0xFDBE, 0xFDBE, 0xFDBE, 0xFDBE, 0xFDBE, 
    0xFDBE, 0xFDBE, 0xFDBE, 0xFDBE, 0xFDBE, 0xFDBE, 0xFDBE, 0xFDBE, 0xFDBE, 0xFDBE, 0x1DBF, 0x9BAE, 
    
    0xA631, 0x5AAE, 0x3EBF, 0xFDBE, 0xFDBE, 0x1DBF, 0x1DB7, 0xFEBE, 0xFDBE, 0x1DB7, 0xFDBE, 0xFDBE, 
    0xFDBE, 0xFDBE, 0xFDBE, 0xFDBE, 0xFDBE, 0xFDBE, 0xFDBE, 0xFDBE, 0xFDBE, 0xFDBE, 0x1DB7, 0xFCBE, 
    0xFDBE, 0xFEB6, 0x1575, 0xB8AD, 0xBBFE, 0x9AFE, 0xBAFE, 0xBAFE, 0xBAFE, 0xBAFE, 0xBAFE, 0xBAFE, 
    0xBAFE, 0xBAFE, 0xBAFE, 0xBAFE, 0xBAFE, 0xBAFE, 0xBAFE, 0xBAFE, 0xBAFE, 0xBAFE, 0xBAFE, 0xBAFE, 
    0xBAFE, 0xBAFE, 0xBAFE, 0xBAFE, 0xBAFE, 0xBAFE, 0xBAFE, 0xBAFE, 0xBAFE, 0xBAFE, 0xBAFE, 0xBAFE, 
    0xBAFE, 0xBAFE, 0xBAFE, 0xBAFE, 0xBAFE, 0xBAFE, 0xBAFE, 0xBAFE, 0x9AFE, 0xBAFE, 0xBAFE, 0x34C5, 
    0xFAF6, 0xBCFF, 0x9CFF, 0x9CFF, 0x9CFF, 0x9CFF, 0x9CFF, 0x9CFF, 0x9CFF, 0x9CFF, 0x9CFF, 0x9CFF, 
    0x9CFF, 0x9CFF, 0x9CFF, 0x9CFF, 0x9CFF, 0x9CFF, 0x9CFF, 0x9CFF, 0x9CFF, 0x9CFF, 0x9CFF, 0x9CFF, 
    0x9CFF, 0x9CFF, 0x9CFF, 0x9CFF, 0x9CFF, 0x9CFF, 0x9CFF, 0x9CFF, 0x9CFF, 0x9CFF, 0x9CFF, 0x9CFF, 
    0x9CFF, 0x9CFF, 0x9CFF, 0x9CFF, 0x9CFF, 0x9CFF, 0x9CFF, 0x9CFF, 0x9CFF, 0x9CFF, 0x9CFF, 0x9CFF, 
    0x9CFF, 0x9CFF, 0x9CFF, 0x9CFF, 0x9CFF, 0x9CFF, 0x9CFF, 0x9CFF, 0x9CFF, 0x9CFF, 0x9CFF, 0x9CFF, 
    0x9CFF, 0x9CFF, 0x9CFF, 0x9CFF, 0x9CFF, 0x9CFF, 0x9CFF, 0x9CFF, 0x9CFF, 0x9CFF, 0x9CFF, 0x9CFF, 
    0x9CFF, 0x9CFF, 0x9CFF, 0x9CFF, 0x9CFF, 0x9CFF, 0x9CFF, 0x9CFF, 0x9CFF, 0x9CFF, 0x9CFF, 0x9CFF, 
    0x9CFF, 0x9CFF, 0x9CFF, 0x9CFF, 0x9CFF, 0x9CFF, 0x9CFF, 0x9CFF, 0x9CFF, 0x9CFF, 0x9CFF, 0x9CFF, 
    0x9CFF, 0x9CFF, 0x9CFF, 0x9CFF, 0x9CFF, 0x9CFF, 0x9CFF, 0x9CFF, 0x9CFF, 0x9CFF, 0x9CFF, 0x9CFF, 
    0x9CFF, 0x9CFF, 0x9CFF, 0x9CFF, 0x9CFF, 0x9CFF, 0x9CFF, 0x9CFF, 0x9CFF, 0x9CFF, 0x9CFF, 0x9CFF, 
    0x9CFF, 0x9CFF, 0x9CFF, 0x9CFF, 0x9CFF, 0x9CFF, 0x9CFF, 0x9CFF, 0x9CFF, 0x9CFF, 0x9CFF, 0x9CFF, 
    0x9CFF, 0x9CFF, 0x9CFF, 0x9CFF, 0x9CFF, 0x9BFF, 0xDDFF, 0x57DE, 0xD3BC, 0xFBFE, 0x9AFE, 0xBAFE, 
    0xBAFE, 0xBAFE, 0xBAFE, 0xBAFE, 0xBAFE, 0xBAFE, 0xBAFE, 0xBAFE, 0xBAFE, 0xBAFE, 0xBAFE, 0xBAFE, 
    0xBAFE, 0xBAFE, 0xBAFE, 0xBAFE, 0xBAFE, 0xBAFE, 0xBAFE, 0xBAFE, 0xBAFE, 0xBAFE, 0xBAFE, 0xBAFE, 
    0xBAFE, 0xBAFE, 0xBAFE, 0xBAFE, 0xBAFE, 0xBAFE, 0xBAFE, 0xBAFE, 0xBAFE, 0xBAFE, 0xBAFE, 0xBAFE, 
    0xBAFE, 0xBAFE, 0xBBFE, 0xBAFE, 0xBBFE, 0x7ADE, 0x9374, 0x1A9E, 0x1EC7, 0xFCB6, 0x1DBF, 0xFDBE, 
    0xFDBE, 0xFDBE, 0xFDBE, 0xFDBE, 0xFDBE, 0xFDBE, 0xFDBE, 0xFDBE, 0xFDBE, 0xFDBE, 0xFDBE, 0xFDBE, 
    0xFDBE, 0xFDBE, 0xFDBE, 0xFDBE, 0xFDBE, 0xFDBE, 0x1DBF, 0x9BAE, 
    0xA631, 0x5AAE, 0x3EBF, 0xFDBE, 
    0xFDBE, 0x1DBF, 0x1DB7, 0xFEBE, 0xFDBE, 0x1DB7, 0xFDBE, 0xFDBE, 0xFDBE, 0xFDBE, 0xFDBE, 0xFDBE, 
    0xFDBE, 0xFDBE, 0xFDBE, 0xFDBE, 0xFDBE, 0xFDBE, 0x1DB7, 0xFCBE, 0xFDBE, 0xFEB6, 0x1575, 0xB8AD, 
    0xBBFE, 0x9AFE, 0xBAFE, 0xBAFE, 0xBAFE, 0xBAFE, 0xBAFE, 0xBAFE, 0xBAFE, 0xBAFE, 0xBAFE, 0xBAFE, 
    0xBAFE, 0xBAFE, 0xBAFE, 0xBAFE, 0xBAFE, 0xBAFE, 0xBAFE, 0xBAFE, 0xBAFE, 0xBAFE, 0xBAFE, 0xBAFE, 
    0xBAFE, 0xBAFE, 0xBAFE, 0xBAFE, 0xBAFE, 0xBAFE, 0xBAFE, 0xBAFE, 0xBAFE, 0xBAFE, 0xBAFE, 0xBAFE, 
    0xBAFE, 0xBAFE, 0xBAFE, 0xBAFE, 0x9AFE, 0xBAFE, 0xBAFE, 0x34C5, 0xFAF6, 0xBCFF, 0x9CFF, 0x9CFF, 
    0x9CFF, 0x9CFF, 0x9CFF, 0x9CFF, 0x9CFF, 0x9CFF, 0x9CFF, 0x9CFF, 0x9CFF, 0x9CFF, 0x9CFF, 0x9CFF, 
    0x9CFF, 0x9CFF, 0x9CFF, 0x9CFF, 0x9CFF, 0x9CFF, 0x9CFF, 0x9CFF, 0x9CFF, 0x9CFF, 0x9CFF, 0x9CFF, 
    0x9CFF, 0x9CFF, 0x9CFF, 0x9CFF, 0x9CFF, 0x9CFF, 0x9CFF, 0x9CFF, 0x9CFF, 0x9CFF, 0x9CFF, 0x9CFF, 
    0x9CFF, 0x9CFF, 0x9CFF, 0x9CFF, 0x9CFF, 0x9CFF, 0x9CFF, 0x9CFF, 0x9CFF, 0x9CFF, 0x9CFF, 0x9CFF, 
    0x9CFF, 0x9CFF, 0x9CFF, 0x9CFF, 0x9CFF, 0x9CFF, 0x9CFF, 0x9CFF, 0x9CFF, 0x9CFF, 0x9CFF, 0x9CFF, 
    0x9CFF, 0x9CFF, 0x9CFF, 0x9CFF, 0x9CFF, 0x9CFF, 0x9CFF, 0x9CFF, 0x9CFF, 0x9CFF, 0x9CFF, 0x9CFF, 
    0x9CFF, 0x9CFF, 0x9CFF, 0x9CFF, 0x9CFF, 0x9CFF, 0x9CFF, 0x9CFF, 0x9CFF, 0x9CFF, 0x9CFF, 0x9CFF, 
    0x9CFF, 0x9CFF, 0x9CFF, 0x9CFF, 0x9CFF, 0x9CFF, 0x9CFF, 0x9CFF, 0x9CFF, 0x9CFF, 0x9CFF, 0x9CFF, 
    0x9CFF, 0x9CFF, 0x9CFF, 0x9CFF, 0x9CFF, 0x9CFF, 0x9CFF, 0x9CFF, 0x9CFF, 0x9CFF, 0x9CFF, 0x9CFF, 
    0x9CFF, 0x9CFF, 0x9CFF, 0x9CFF, 0x9CFF, 0x9CFF, 0x9CFF, 0x9CFF, 0x9CFF, 0x9CFF, 0x9CFF, 0x9CFF, 
    0x9CFF, 0x9CFF, 0x9CFF, 0x9CFF, 0x9CFF, 0x9CFF, 0x9CFF, 0x9CFF, 0x9CFF, 0x9CFF, 0x9CFF, 0x9CFF, 
    0x9CFF, 0x9BFF, 0xDDFF, 0x57DE, 0xD3BC, 0xFBFE, 0x9AFE, 0xBAFE, 0xBAFE, 0xBAFE, 0xBAFE, 0xBAFE, 
    0xBAFE, 0xBAFE, 0xBAFE, 0xBAFE, 0xBAFE, 0xBAFE, 0xBAFE, 0xBAFE, 0xBAFE, 0xBAFE, 0xBAFE, 0xBAFE, 
    0xBAFE, 0xBAFE, 0xBAFE, 0xBAFE, 0xBAFE, 0xBAFE, 0xBAFE, 0xBAFE, 0xBAFE, 0xBAFE, 0xBAFE, 0xBAFE, 
    0xBAFE, 0xBAFE, 0xBAFE, 0xBAFE, 0xBAFE, 0xBAFE, 0xBAFE, 0xBAFE, 0xBAFE, 0xBAFE, 0xBBFE, 0xBAFE, 
    0xBBFE, 0x7ADE, 0x9374, 0x1A9E, 0x1EC7, 0xFCB6, 0x1DBF, 0xFDBE, 0xFDBE, 0xFDBE, 0xFDBE, 0xFDBE, 
    0xFDBE, 0xFDBE, 0xFDBE, 0xFDBE, 0xFDBE, 0xFDBE, 0xFDBE, 0xFDBE, 0xFDBE, 0xFDBE, 0xFDBE, 0xFDBE, 
    0xFDBE, 0xFDBE, 0x1DBF, 0x9BAE, 
    0xA631, 0x5AAE, 0x3EBF, 0xFDBE, 0xFDBE, 0x1DBF, 0x1DB7, 0xFEBE, 
    0xFDBE, 0x1DB7, 0xFDBE, 0xFDBE, 0xFDBE, 0xFDBE, 0xFDBE, 0xFDBE, 0xFDBE, 0xFDBE, 0xFDBE, 0xFDBE, 
    0xFDBE, 0xFDBE, 0x1DB7, 0xFCBE, 0xFDBE, 0xFEB6, 0x1575, 0xB8AD, 0xBBFE, 0x9AFE, 0xBAFE, 0xBAFE, 
    0xBAFE, 0xBAFE, 0xBAFE, 0xBAFE, 0xBAFE, 0xBAFE, 0xBAFE, 0xBAFE, 0xBAFE, 0xBAFE, 0xBAFE, 0xBAFE, 
    0xBAFE, 0xBAFE, 0xBAFE, 0xBAFE, 0xBAFE, 0xBAFE, 0xBAFE, 0xBAFE, 0xBAFE, 0xBAFE, 0xBAFE, 0xBAFE, 
    0xBAFE, 0xBAFE, 0xBAFE, 0xBAFE, 0xBAFE, 0xBAFE, 0xBAFE, 0xBAFE, 0xBAFE, 0xBAFE, 0xBAFE, 0xBAFE, 
    0x9AFE, 0xBAFE, 0xBAFE, 0x34C5, 0xFAF6, 0xBCFF, 0x9CFF, 0x9CFF, 0x9CFF, 0x9CFF, 0x9CFF, 0x9CFF, 
    0x9CFF, 0x9CFF, 0x9CFF, 0x9CFF, 0x9CFF, 0x9CFF, 0x9CFF, 0x9CFF, 0x9CFF, 0x9CFF, 0x9CFF, 0x9CFF, 
    0x9CFF, 0x9CFF, 0x9CFF, 0x9CFF, 0x9CFF, 0x9CFF, 0x9CFF, 0x9CFF, 0x9CFF, 0x9CFF, 0x9CFF, 0x9CFF, 
    0x9CFF, 0x9CFF, 0x9CFF, 0x9CFF, 0x9CFF, 0x9CFF, 0x9CFF, 0x9CFF, 0x9CFF, 0x9CFF, 0x9CFF, 0x9CFF, 
    0x9CFF, 0x9CFF, 0x9CFF, 0x9CFF, 0x9CFF, 0x9CFF, 0x9CFF, 0x9CFF, 0x9CFF, 0x9CFF, 0x9CFF, 0x9CFF, 
    0x9CFF, 0x9CFF, 0x9CFF, 0x9CFF, 0x9CFF, 0x9CFF, 0x9CFF, 0x9CFF, 0x9CFF, 0x9CFF, 0x9CFF, 0x9CFF, 
    0x9CFF, 0x9CFF, 0x9CFF, 0x9CFF, 0x9CFF, 0x9CFF, 0x9CFF, 0x9CFF, 0x9CFF, 0x9CFF, 0x9CFF, 0x9CFF, 
    0x9CFF, 0x9CFF, 0x9CFF, 0x9CFF, 0x9CFF, 0x9CFF, 0x9CFF, 0x9CFF, 0x9CFF, 0x9CFF, 0x9CFF, 0x9CFF, 
    0x9CFF, 0x9CFF, 0x9CFF, 0x9CFF, 0x9CFF, 0x9CFF, 0x9CFF, 0x9CFF, 0x9CFF, 0x9CFF, 0x9CFF, 0x9CFF, 
    0x9CFF, 0x9CFF, 0x9CFF, 0x9CFF, 0x9CFF, 0x9CFF, 0x9CFF, 0x9CFF, 0x9CFF, 0x9CFF, 0x9CFF, 0x9CFF, 
    0x9CFF, 0x9CFF, 0x9CFF, 0x9CFF, 0x9CFF, 0x9CFF, 0x9CFF, 0x9CFF, 0x9CFF, 0x9CFF, 0x9CFF, 0x9CFF, 
    0x9CFF, 0x9CFF, 0x9CFF, 0x9CFF, 0x9CFF, 0x9CFF, 0x9CFF, 0x9CFF, 0x9CFF, 0x9BFF, 0xDDFF, 0x57DE, 
    0xD3BC, 0xFBFE, 0x9AFE, 0xBAFE, 0xBAFE, 0xBAFE, 0xBAFE, 0xBAFE, 0xBAFE, 0xBAFE, 0xBAFE, 0xBAFE, 
    0xBAFE, 0xBAFE, 0xBAFE, 0xBAFE, 0xBAFE, 0xBAFE, 0xBAFE, 0xBAFE, 0xBAFE, 0xBAFE, 0xBAFE, 0xBAFE, 
    0xBAFE, 0xBAFE, 0xBAFE, 0xBAFE, 0xBAFE, 0xBAFE, 0xBAFE, 0xBAFE, 0xBAFE, 0xBAFE, 0xBAFE, 0xBAFE, 
    0xBAFE, 0xBAFE, 0xBAFE, 0xBAFE, 0xBAFE, 0xBAFE, 0xBBFE, 0xBAFE, 0xBBFE, 0x7ADE, 0x9374, 0x1A9E, 
    0x1EC7, 0xFCB6, 0x1DBF, 0xFDBE, 0xFDBE, 0xFDBE, 0xFDBE, 0xFDBE, 0xFDBE, 0xFDBE, 0xFDBE, 0xFDBE, 
    0xFDBE, 0xFDBE, 0xFDBE, 0xFDBE, 0xFDBE, 0xFDBE, 0xFDBE, 0xFDBE, 0xFDBE, 0xFDBE, 0x1DBF, 0x9BAE, 
    
    0xA631, 0x5AAE, 0x3EBF, 0xFDBE, 0xFDBE, 0x1DBF, 0x1DB7, 0xFEBE, 0xFDBE, 0x1DB7, 0xFDBE, 0xFDBE, 
    0xFDBE, 0xFDBE, 0xFDBE, 0xFDBE, 0xFDBE, 0xFDBE, 0xFDBE, 0xFDBE, 0xFDBE, 0xFDBE, 0x1DB7, 0xFCBE, 
    0xFDBE, 0xFEB6, 0x1575, 0xB8AD, 0xBBFE, 0x9AFE, 0xBAFE, 0xBAFE, 0xBAFE, 0xBAFE, 0xBAFE, 0xBAFE, 
    0xBAFE, 0xBAFE, 0xBAFE, 0xBAFE, 0xBAFE, 0xBAFE, 0xBAFE, 0xBAFE, 0xBAFE, 0xBAFE, 0xBAFE, 0xBAFE, 
    0xBAFE, 0xBAFE, 0xBAFE, 0xBAFE, 0xBAFE, 0xBAFE, 0xBAFE, 0xBAFE, 0xBAFE, 0xBAFE, 0xBAFE, 0xBAFE, 
    0xBAFE, 0xBAFE, 0xBAFE, 0xBAFE, 0xBAFE, 0xBAFE, 0xBAFE, 0xBAFE, 0x9AFE, 0xBAFE, 0xBAFE, 0x34C5, 
    0xFAF6, 0xBCFF, 0x9CFF, 0x9CFF, 0x9CFF, 0x9CFF, 0x9CFF, 0x9CFF, 0x9CFF, 0x9CFF, 0x9CFF, 0x9CFF, 
    0x9CFF, 0x9CFF, 0x9CFF, 0x9CFF, 0x9CFF, 0x9CFF, 0x9CFF, 0x9CFF, 0x9CFF, 0x9CFF, 0x9CFF, 0x9CFF, 
    0x9CFF, 0x9CFF, 0x9CFF, 0x9CFF, 0x9CFF, 0x9CFF, 0x9CFF, 0x9CFF, 0x9CFF, 0x9CFF, 0x9CFF, 0x9CFF, 
    0x9CFF, 0x9CFF, 0x9CFF, 0x9CFF, 0x9CFF, 0x9CFF, 0x9CFF, 0x9CFF, 0x9CFF, 0x9CFF, 0x9CFF, 0x9CFF, 
    0x9CFF, 0x9CFF, 0x9CFF, 0x9CFF, 0x9CFF, 0x9CFF, 0x9CFF, 0x9CFF, 0x9CFF, 0x9CFF, 0x9CFF, 0x9CFF, 
    0x9CFF, 0x9CFF, 0x9CFF, 0x9CFF, 0x9CFF, 0x9CFF, 0x9CFF, 0x9CFF, 0x9CFF, 0x9CFF, 0x9CFF, 0x9CFF, 
    0x9CFF, 0x9CFF, 0x9CFF, 0x9CFF, 0x9CFF, 0x9CFF, 0x9CFF, 0x9CFF, 0x9CFF, 0x9CFF, 0x9CFF, 0x9CFF, 
    0x9CFF, 0x9CFF, 0x9CFF, 0x9CFF, 0x9CFF, 0x9CFF, 0x9CFF, 0x9CFF, 0x9CFF, 0x9CFF, 0x9CFF, 0x9CFF, 
    0x9CFF, 0x9CFF, 0x9CFF, 0x9CFF, 0x9CFF, 0x9CFF, 0x9CFF, 0x9CFF, 0x9CFF, 0x9CFF, 0x9CFF, 0x9CFF, 
    0x9CFF, 0x9CFF, 0x9CFF, 0x9CFF, 0x9CFF, 0x9CFF, 0x9CFF, 0x9CFF, 0x9CFF, 0x9CFF, 0x9CFF, 0x9CFF, 
    0x9CFF, 0x9CFF, 0x9CFF, 0x9CFF, 0x9CFF, 0x9CFF, 0x9CFF, 0x9CFF, 0x9CFF, 0x9CFF, 0x9CFF, 0x9CFF, 
    0x9CFF, 0x9CFF, 0x9CFF, 0x9CFF, 0x9CFF, 0x9BFF, 0xDDFF, 0x57DE, 0xD3BC, 0xFBFE, 0x9AFE, 0xBAFE, 
    0xBAFE, 0xBAFE, 0xBAFE, 0xBAFE, 0xBAFE, 0xBAFE, 0xBAFE, 0xBAFE, 0xBAFE, 0xBAFE, 0xBAFE, 0xBAFE, 
    0xBAFE, 0xBAFE, 0xBAFE, 0xBAFE, 0xBAFE, 0xBAFE, 0xBAFE, 0xBAFE, 0xBAFE, 0xBAFE, 0xBAFE, 0xBAFE, 
    0xBAFE, 0xBAFE, 0xBAFE, 0xBAFE, 0xBAFE, 0xBAFE, 0xBAFE, 0xBAFE, 0xBAFE, 0xBAFE, 0xBAFE, 0xBAFE, 
    0xBAFE, 0xBAFE, 0xBBFE, 0xBAFE, 0xBBFE, 0x7ADE, 0x9374, 0x1A9E, 0x1EC7, 0xFCB6, 0x1DBF, 0xFDBE, 
    0xFDBE, 0xFDBE, 0xFDBE, 0xFDBE, 0xFDBE, 0xFDBE, 0xFDBE, 0xFDBE, 0xFDBE, 0xFDBE, 0xFDBE, 0xFDBE, 
    0xFDBE, 0xFDBE, 0xFDBE, 0xFDBE, 0xFDBE, 0xFDBE, 0x1DBF, 0x9BAE, 
    0xA631, 0x5AAE, 0x3EBF, 0xFDBE, 
    0xFDBE, 0x1DBF, 0x1DB7, 0xFEBE, 0xFDBE, 0x1DB7, 0xFDBE, 0xFDBE, 0xFDBE, 0xFDBE, 0xFDBE, 0xFDBE, 
    0xFDBE, 0xFDBE, 0xFDBE, 0xFDBE, 0xFDBE, 0xFDBE, 0x1DB7, 0xFCBE, 0xFDBE, 0xFEB6, 0x1575, 0xB8AD, 
    0xBBFE, 0x9AFE, 0xBAFE, 0xBAFE, 0xBAFE, 0xBAFE, 0xBAFE, 0xBAFE, 0xBAFE, 0xBAFE, 0xBAFE, 0xBAFE, 
    0xBAFE, 0xBAFE, 0xBAFE, 0xBAFE, 0xBAFE, 0xBAFE, 0xBAFE, 0xBAFE, 0xBAFE, 0xBAFE, 0xBAFE, 0xBAFE, 
    0xBAFE, 0xBAFE, 0xBAFE, 0xBAFE, 0xBAFE, 0xBAFE, 0xBAFE, 0xBAFE, 0xBAFE, 0xBAFE, 0xBAFE, 0xBAFE, 
    0xBAFE, 0xBAFE, 0xBAFE, 0xBAFE, 0x9AFE, 0xBAFE, 0xBAFE, 0x34C5, 0xFAF6, 0xBCFF, 0x9CFF, 0x9CFF, 
    0x9CFF, 0x9CFF, 0x9CFF, 0x9CFF, 0x9CFF, 0x9CFF, 0x9CFF, 0x9CFF, 0x9CFF, 0x9CFF, 0x9CFF, 0x9CFF, 
    0x9CFF, 0x9CFF, 0x9CFF, 0x9CFF, 0x9CFF, 0x9CFF, 0x9CFF, 0x9CFF, 0x9CFF, 0x9CFF, 0x9CFF, 0x9CFF, 
    0x9CFF, 0x9CFF, 0x9CFF, 0x9CFF, 0x9CFF, 0x9CFF, 0x9CFF, 0x9CFF, 0x9CFF, 0x9CFF, 0x9CFF, 0x9CFF, 
    0x9CFF, 0x9CFF, 0x9CFF, 0x9CFF, 0x9CFF, 0x9CFF, 0x9CFF, 0x9CFF, 0x9CFF, 0x9CFF, 0x9CFF, 0x9CFF, 
    0x9CFF, 0x9CFF, 0x9CFF, 0x9CFF, 0x9CFF, 0x9CFF, 0x9CFF, 0x9CFF, 0x9CFF, 0x9CFF, 0x9CFF, 0x9CFF, 
    0x9CFF, 0x9CFF, 0x9CFF, 0x9CFF, 0x9CFF, 0x9CFF, 0x9CFF, 0x9CFF, 0x9CFF, 0x9CFF, 0x9CFF, 0x9CFF, 
    0x9CFF, 0x9CFF, 0x9CFF, 0x9CFF, 0x9CFF, 0x9CFF, 0x9CFF, 0x9CFF, 0x9CFF, 0x9CFF, 0x9CFF, 0x9CFF, 
    0x9CFF, 0x9CFF, 0x9CFF, 0x9CFF, 0x9CFF, 0x9CFF, 0x9CFF, 0x9CFF, 0x9CFF, 0x9CFF, 0x9CFF, 0x9CFF, 
    0x9CFF, 0x9CFF, 0x9CFF, 0x9CFF, 0x9CFF, 0x9CFF, 0x9CFF, 0x9CFF, 0x9CFF, 0x9CFF, 0x9CFF, 0x9CFF, 
    0x9CFF, 0x9CFF, 0x9CFF, 0x9CFF, 0x9CFF, 0x9CFF, 0x9CFF, 0x9CFF, 0x9CFF, 0x9CFF, 0x9CFF, 0x9CFF, 
    0x9CFF, 0x9CFF, 0x9CFF, 0x9CFF, 0x9CFF, 0x9CFF, 0x9CFF, 0x9CFF, 0x9CFF, 0x9CFF, 0x9CFF, 0x9CFF, 
    0x9CFF, 0x9BFF, 0xDDFF, 0x57DE, 0xD3BC, 0xFBFE, 0x9AFE, 0xBAFE, 0xBAFE, 0xBAFE, 0xBAFE, 0xBAFE, 
    0xBAFE, 0xBAFE, 0xBAFE, 0xBAFE, 0xBAFE, 0xBAFE, 0xBAFE, 0xBAFE, 0xBAFE, 0xBAFE, 0xBAFE, 0xBAFE, 
    0xBAFE, 0xBAFE, 0xBAFE, 0xBAFE, 0xBAFE, 0xBAFE, 0xBAFE, 0xBAFE, 0xBAFE, 0xBAFE, 0xBAFE, 0xBAFE, 
    0xBAFE, 0xBAFE, 0xBAFE, 0xBAFE, 0xBAFE, 0xBAFE, 0xBAFE, 0xBAFE, 0xBAFE, 0xBAFE, 0xBBFE, 0xBAFE, 
    0xBBFE, 0x7ADE, 0x9374, 0x1A9E, 0x1EC7, 0xFCB6, 0x1DBF, 0xFDBE, 0xFDBE, 0xFDBE, 0xFDBE, 0xFDBE, 
    0xFDBE, 0xFDBE, 0xFDBE, 0xFDBE, 0xFDBE, 0xFDBE, 0xFDBE, 0xFDBE, 0xFDBE, 0xFDBE, 0xFDBE, 0xFDBE, 
    0xFDBE, 0xFDBE, 0x1DBF, 0x9BAE, 
    0xA631, 0x5AAE, 0x3EBF, 0xFDBE, 0xFDBE, 0x1DBF, 0x1DB7, 0xFEBE, 
    0xFDBE, 0x1DB7, 0xFDBE, 0xFDBE, 0xFDBE, 0xFDBE, 0xFDBE, 0xFDBE, 0xFDBE, 0xFDBE, 0xFDBE, 0xFDBE, 
    0xFDBE, 0xFDBE, 0x1DB7, 0xFCBE, 0xFDBE, 0xFEB6, 0x1575, 0xB8AD, 0xBBFE, 0x9AFE, 0xBAFE, 0xBAFE, 
    0xBAFE, 0xBAFE, 0xBAFE, 0xBAFE, 0xBAFE, 0xBAFE, 0xBAFE, 0xBAFE, 0xBAFE, 0xBAFE, 0xBAFE, 0xBAFE, 
    0xBAFE, 0xBAFE, 0xBAFE, 0xBAFE, 0xBAFE, 0xBAFE, 0xBAFE, 0xBAFE, 0xBAFE, 0xBAFE, 0xBAFE, 0xBAFE, 
    0xBAFE, 0xBAFE, 0xBAFE, 0xBAFE, 0xBAFE, 0xBAFE, 0xBAFE, 0xBAFE, 0xBAFE, 0xBAFE, 0xBAFE, 0xBAFE, 
    0x9AFE, 0xBAFE, 0xBAFE, 0x34C5, 0xFAF6, 0xBCFF, 0x9CFF, 0x9CFF, 0x9CFF, 0x9CFF, 0x9CFF, 0x9CFF, 
    0x9CFF, 0x9CFF, 0x9CFF, 0x9CFF, 0x9CFF, 0x9CFF, 0x9CFF, 0x9CFF, 0x9CFF, 0x9CFF, 0x9CFF, 0x9CFF, 
    0x9CFF, 0x9CFF, 0x9CFF, 0x9CFF, 0x9CFF, 0x9CFF, 0x9CFF, 0x9CFF, 0x9CFF, 0x9CFF, 0x9CFF, 0x9CFF, 
    0x9CFF, 0x9CFF, 0x9CFF, 0x9CFF, 0x9CFF, 0x9CFF, 0x9CFF, 0x9CFF, 0x9CFF, 0x9CFF, 0x9CFF, 0x9CFF, 
    0x9CFF, 0x9CFF, 0x9CFF, 0x9CFF, 0x9CFF, 0x9CFF, 0x9CFF, 0x9CFF, 0x9CFF, 0x9CFF, 0x9CFF, 0x9CFF, 
    0x9CFF, 0x9CFF, 0x9CFF, 0x9CFF, 0x9CFF, 0x9CFF, 0x9CFF, 0x9CFF, 0x9CFF, 0x9CFF, 0x9CFF, 0x9CFF, 
    0x9CFF, 0x9CFF, 0x9CFF, 0x9CFF, 0x9CFF, 0x9CFF, 0x9CFF, 0x9CFF, 0x9CFF, 0x9CFF, 0x9CFF, 0x9CFF, 
    0x9CFF, 0x9CFF, 0x9CFF, 0x9CFF, 0x9CFF, 0x9CFF, 0x9CFF, 0x9CFF, 0x9CFF, 0x9CFF, 0x9CFF, 0x9CFF, 
    0x9CFF, 0x9CFF, 0x9CFF, 0x9CFF, 0x9CFF, 0x9CFF, 0x9CFF, 0x9CFF, 0x9CFF, 0x9CFF, 0x9CFF, 0x9CFF, 
    0x9CFF, 0x9CFF, 0x9CFF, 0x9CFF, 0x9CFF, 0x9CFF, 0x9CFF, 0x9CFF, 0x9CFF, 0x9CFF, 0x9CFF, 0x9CFF, 
    0x9CFF, 0x9CFF, 0x9CFF, 0x9CFF, 0x9CFF, 0x9CFF, 0x9CFF, 0x9CFF, 0x9CFF, 0x9CFF, 0x9CFF, 0x9CFF, 
    0x9CFF, 0x9CFF, 0x9CFF, 0x9CFF, 0x9CFF, 0x9CFF, 0x9CFF, 0x9CFF, 0x9CFF, 0x9BFF, 0xDDFF, 0x57DE, 
    0xD3BC, 0xFBFE, 0x9AFE, 0xBAFE, 0xBAFE, 0xBAFE, 0xBAFE, 0xBAFE, 0xBAFE, 0xBAFE, 0xBAFE, 0xBAFE, 
    0xBAFE, 0xBAFE, 0xBAFE, 0xBAFE, 0xBAFE, 0xBAFE, 0xBAFE, 0xBAFE, 0xBAFE, 0xBAFE, 0xBAFE, 0xBAFE, 
    0xBAFE, 0xBAFE, 0xBAFE, 0xBAFE, 0xBAFE, 0xBAFE, 0xBAFE, 0xBAFE, 0xBAFE, 0xBAFE, 0xBAFE, 0xBAFE, 
    0xBAFE, 0xBAFE, 0xBAFE, 0xBAFE, 0xBAFE, 0xBAFE, 0xBBFE, 0xBAFE, 0xBBFE, 0x7ADE, 0x9374, 0x1A9E, 
    0x1EC7, 0xFCB6, 0x1DBF, 0xFDBE, 0xFDBE, 0xFDBE, 0xFDBE, 0xFDBE, 0xFDBE, 0xFDBE, 0xFDBE, 0xFDBE, 
    0xFDBE, 0xFDBE, 0xFDBE, 0xFDBE, 0xFDBE, 0xFDBE, 0xFDBE, 0xFDBE, 0xFDBE, 0xFDBE, 0x1DBF, 0x9BAE, 
    
    0xA631, 0x5AAE, 0x3EBF, 0xFDBE, 0xFDBE, 0x1DBF, 0x1DB7, 0xFEBE, 0xFDBE, 0x1DB7, 0xFDBE, 0xFDBE, 
    0xFDBE, 0xFDBE, 0xFDBE, 0xFDBE, 0xFDBE, 0xFDBE, 0xFDBE, 0xFDBE, 0xFDBE, 0xFDBE, 0x1DB7, 0xFCBE, 
    0xFDBE, 0xFEB6, 0x1575, 0xB8AD, 0xBBFE, 0x9AFE, 0xBAFE, 0xBAFE, 0xBAFE, 0xBAFE, 0xBAFE, 0xBAFE, 
    0xBAFE, 0xBAFE, 0xBAFE, 0xBAFE, 0xBAFE, 0xBAFE, 0xBAFE, 0xBAFE, 0xBAFE, 0xBAFE, 0xBAFE, 0xBAFE, 
    0xBAFE, 0xBAFE, 0xBAFE, 0xBAFE, 0xBAFE, 0xBAFE, 0xBAFE, 0xBAFE, 0xBAFE, 0xBAFE, 0xBAFE, 0xBAFE, 
    0xBAFE, 0xBAFE, 0xBAFE, 0xBAFE, 0xBAFE, 0xBAFE, 0xBAFE, 0xBAFE, 0x9AFE, 0xBAFE, 0xBAFE, 0x34C5, 
    0xFAF6, 0xBCFF, 0x9CFF, 0x9CFF, 0x9CFF, 0x9CFF, 0x9CFF, 0x9CFF, 0x9CFF, 0x9CFF, 0x9CFF, 0x9CFF, 
    0x9CFF, 0x9CFF, 0x9CFF, 0x9CFF, 0x9CFF, 0x9CFF, 0x9CFF, 0x9CFF, 0x9CFF, 0x9CFF, 0x9CFF, 0x9CFF, 
    0x9CFF, 0x9CFF, 0x9CFF, 0x9CFF, 0x9CFF, 0x9CFF, 0x9CFF, 0x9CFF, 0x9CFF, 0x9CFF, 0x9CFF, 0x9CFF, 
    0x9CFF, 0x9CFF, 0x9CFF, 0x9CFF, 0x9CFF, 0x9CFF, 0x9CFF, 0x9CFF, 0x9CFF, 0x9CFF, 0x9CFF, 0x9CFF, 
    0x9CFF, 0x9CFF, 0x9CFF, 0x9CFF, 0x9CFF, 0x9CFF, 0x9CFF, 0x9CFF, 0x9CFF, 0x9CFF, 0x9CFF, 0x9CFF, 
    0x9CFF, 0x9CFF, 0x9CFF, 0x9CFF, 0x9CFF, 0x9CFF, 0x9CFF, 0x9CFF, 0x9CFF, 0x9CFF, 0x9CFF, 0x9CFF, 
    0x9CFF, 0x9CFF, 0x9CFF, 0x9CFF, 0x9CFF, 0x9CFF, 0x9CFF, 0x9CFF, 0x9CFF, 0x9CFF, 0x9CFF, 0x9CFF, 
    0x9CFF, 0x9CFF, 0x9CFF, 0x9CFF, 0x9CFF, 0x9CFF, 0x9CFF, 0x9CFF, 0x9CFF, 0x9CFF, 0x9CFF, 0x9CFF, 
    0x9CFF, 0x9CFF, 0x9CFF, 0x9CFF, 0x9CFF, 0x9CFF, 0x9CFF, 0x9CFF, 0x9CFF, 0x9CFF, 0x9CFF, 0x9CFF, 
    0x9CFF, 0x9CFF, 0x9CFF, 0x9CFF, 0x9CFF, 0x9CFF, 0x9CFF, 0x9CFF, 0x9CFF, 0x9CFF, 0x9CFF, 0x9CFF, 
    0x9CFF, 0x9CFF, 0x9CFF, 0x9CFF, 0x9CFF, 0x9CFF, 0x9CFF, 0x9CFF, 0x9CFF, 0x9CFF, 0x9CFF, 0x9CFF, 
    0x9CFF, 0x9CFF, 0x9CFF, 0x9CFF, 0x9CFF, 0x9BFF, 0xDDFF, 0x57DE, 0xD3BC, 0xFBFE, 0x9AFE, 0xBAFE, 
    0xBAFE, 0xBAFE, 0xBAFE, 0xBAFE, 0xBAFE, 0xBAFE, 0xBAFE, 0xBAFE, 0xBAFE, 0xBAFE, 0xBAFE, 0xBAFE, 
    0xBAFE, 0xBAFE, 0xBAFE, 0xBAFE, 0xBAFE, 0xBAFE, 0xBAFE, 0xBAFE, 0xBAFE, 0xBAFE, 0xBAFE, 0xBAFE, 
    0xBAFE, 0xBAFE, 0xBAFE, 0xBAFE, 0xBAFE, 0xBAFE, 0xBAFE, 0xBAFE, 0xBAFE, 0xBAFE, 0xBAFE, 0xBAFE, 
    0xBAFE, 0xBAFE, 0xBBFE, 0xBAFE, 0xBBFE, 0x7ADE, 0x9374, 0x1A9E, 0x1EC7, 0xFCB6, 0x1DBF, 0xFDBE, 
    0xFDBE, 0xFDBE, 0xFDBE, 0xFDBE, 0xFDBE, 0xFDBE, 0xFDBE, 0xFDBE, 0xFDBE, 0xFDBE, 0xFDBE, 0xFDBE, 
    0xFDBE, 0xFDBE, 0xFDBE, 0xFDBE, 0xFDBE, 0xFDBE, 0x1DBF, 0x9BAE, 
    0xA631, 0x5AAE, 0x3EBF, 0xFDBE, 
    0xFDBE, 0x1DBF, 0x1DB7, 0xFEBE, 0xFDBE, 0x1DB7, 0xFDBE, 0xFDBE, 0xFDBE, 0xFDBE, 0xFDBE, 0xFDBE, 
    0xFDBE, 0xFDBE, 0xFDBE, 0xFDBE, 0xFDBE, 0xFDBE, 0x1DB7, 0xFCBE, 0xFDBE, 0xFEB6, 0x1575, 0xB8AD, 
    0xBBFE, 0x9AFE, 0xBAFE, 0xBAFE, 0xBAFE, 0xBAFE, 0xBAFE, 0xBAFE, 0xBAFE, 0xBAFE, 0xBAFE, 0xBAFE, 
    0xBAFE, 0xBAFE, 0xBAFE, 0xBAFE, 0xBAFE, 0xBAFE, 0xBAFE, 0xBAFE, 0xBAFE, 0xBAFE, 0xBAFE, 0xBAFE, 
    0xBAFE, 0xBAFE, 0xBAFE, 0xBAFE, 0xBAFE, 0xBAFE, 0xBAFE, 0xBAFE, 0xBAFE, 0xBAFE, 0xBAFE, 0xBAFE, 
    0xBAFE, 0xBAFE, 0xBAFE, 0xBAFE, 0x9AFE, 0xBAFE, 0xBAFE, 0x34C5, 0xFAF6, 0xBCFF, 0x9CFF, 0x9CFF, 
    0x9CFF, 0x9CFF, 0x9CFF, 0x9CFF, 0x9CFF, 0x9CFF, 0x9CFF, 0x9CFF, 0x9CFF, 0x9CFF, 0x9CFF, 0x9CFF, 
    0x9CFF, 0x9CFF, 0x9CFF, 0x9CFF, 0x9CFF, 0x9CFF, 0x9CFF, 0x9CFF, 0x9CFF, 0x9CFF, 0x9CFF, 0x9CFF, 
    0x9CFF, 0x9CFF, 0x9CFF, 0x9CFF, 0x9CFF, 0x9CFF, 0x9CFF, 0x9CFF, 0x9CFF, 0x9CFF, 0x9CFF, 0x9CFF, 
    0x9CFF, 0x9CFF, 0x9CFF, 0x9CFF, 0x9CFF, 0x9CFF, 0x9CFF, 0x9CFF, 0x9CFF, 0x9CFF, 0x9CFF, 0x9CFF, 
    0x9CFF, 0x9CFF, 0x9CFF, 0x9CFF, 0x9CFF, 0x9CFF, 0x9CFF, 0x9CFF, 0x9CFF, 0x9CFF, 0x9CFF, 0x9CFF, 
    0x9CFF, 0x9CFF, 0x9CFF, 0x9CFF, 0x9CFF, 0x9CFF, 0x9CFF, 0x9CFF, 0x9CFF, 0x9CFF, 0x9CFF, 0x9CFF, 
    0x9CFF, 0x9CFF, 0x9CFF, 0x9CFF, 0x9CFF, 0x9CFF, 0x9CFF, 0x9CFF, 0x9CFF, 0x9CFF, 0x9CFF, 0x9CFF, 
    0x9CFF, 0x9CFF, 0x9CFF, 0x9CFF, 0x9CFF, 0x9CFF, 0x9CFF, 0x9CFF, 0x9CFF, 0x9CFF, 0x9CFF, 0x9CFF, 
    0x9CFF, 0x9CFF, 0x9CFF, 0x9CFF, 0x9CFF, 0x9CFF, 0x9CFF, 0x9CFF, 0x9CFF, 0x9CFF, 0x9CFF, 0x9CFF, 
    0x9CFF, 0x9CFF, 0x9CFF, 0x9CFF, 0x9CFF, 0x9CFF, 0x9CFF, 0x9CFF, 0x9CFF, 0x9CFF, 0x9CFF, 0x9CFF, 
    0x9CFF, 0x9CFF, 0x9CFF, 0x9CFF, 0x9CFF, 0x9CFF, 0x9CFF, 0x9CFF, 0x9CFF, 0x9CFF, 0x9CFF, 0x9CFF, 
    0x9CFF, 0x9BFF, 0xDDFF, 0x57DE, 0xD3BC, 0xFBFE, 0x9AFE, 0xBAFE, 0xBAFE, 0xBAFE, 0xBAFE, 0xBAFE, 
    0xBAFE, 0xBAFE, 0xBAFE, 0xBAFE, 0xBAFE, 0xBAFE, 0xBAFE, 0xBAFE, 0xBAFE, 0xBAFE, 0xBAFE, 0xBAFE, 
    0xBAFE, 0xBAFE, 0xBAFE, 0xBAFE, 0xBAFE, 0xBAFE, 0xBAFE, 0xBAFE, 0xBAFE, 0xBAFE, 0xBAFE, 0xBAFE, 
    0xBAFE, 0xBAFE, 0xBAFE, 0xBAFE, 0xBAFE, 0xBAFE, 0xBAFE, 0xBAFE, 0xBAFE, 0xBAFE, 0xBBFE, 0xBAFE, 
    0xBBFE, 0x7ADE, 0x9374, 0x1A9E, 0xFEC6, 0xFCB6, 0x1DBF, 0xFDBE, 0xFDBE, 0xFDBE, 0xFDBE, 0xFDBE, 
    0xFDBE, 0xFDBE, 0xFDBE, 0xFDBE, 0xFDBE, 0xFDBE, 0xFDBE, 0xFDBE, 0xFDBE, 0xFDBE, 0xFDBE, 0xFDBE, 
    0xFDBE, 0xFDBE, 0x1DBF, 0x9BAE, 
    0xA631, 0x5AAE, 0x3EBF, 0xFDBE, 0xFDBE, 0x1DBF, 0x1DB7, 0xFEBE, 
    0xFDBE, 0x1DB7, 0xFDBE, 0xFDBE, 0xFDBE, 0xFDBE, 0xFDBE, 0xFDBE, 0xFDBE, 0xFDBE, 0xFDBE, 0xFDBE, 
    0xFDBE, 0xFDBE, 0x1DB7, 0xFCBE, 0xFDBE, 0xFEB6, 0x1575, 0xB8AD, 0xBBFE, 0x9AFE, 0xBAFE, 0xBAFE, 
    0xBAFE, 0xBAFE, 0xBAFE, 0xBAFE, 0xBAFE, 0xBAFE, 0xBAFE, 0xBAFE, 0xBAFE, 0xBAFE, 0xBAFE, 0xBAFE, 
    0xBAFE, 0xBAFE, 0xBAFE, 0xBAFE, 0xBAFE, 0xBAFE, 0xBAFE, 0xBAFE, 0xBAFE, 0xBAFE, 0xBAFE, 0xBAFE, 
    0xBAFE, 0xBAFE, 0xBAFE, 0xBAFE, 0xBAFE, 0xBAFE, 0xBAFE, 0xBAFE, 0xBAFE, 0xBAFE, 0xBAFE, 0xBAFE, 
    0x9AFE, 0xBAFE, 0xBAFE, 0x34C5, 0xFAF6, 0xBCFF, 0x9CFF, 0x9CFF, 0x9CFF, 0x9CFF, 0x9CFF, 0x9CFF, 
    0x9CFF, 0x9CFF, 0x9CFF, 0x9CFF, 0x9CFF, 0x9CFF, 0x9CFF, 0x9CFF, 0x9CFF, 0x9CFF, 0x9CFF, 0x9CFF, 
    0x9CFF, 0x9CFF, 0x9CFF, 0x9CFF, 0x9CFF, 0x9CFF, 0x9CFF, 0x9CFF, 0x9CFF, 0x9CFF, 0x9CFF, 0x9CFF, 
    0x9CFF, 0x9CFF, 0x9CFF, 0x9CFF, 0x9CFF, 0x9CFF, 0x9CFF, 0x9CFF, 0x9CFF, 0x9CFF, 0x9CFF, 0x9CFF, 
    0x9CFF, 0x9CFF, 0x9CFF, 0x9CFF, 0x9CFF, 0x9CFF, 0x9CFF, 0x9CFF, 0x9CFF, 0x9CFF, 0x9CFF, 0x9CFF, 
    0x9CFF, 0x9CFF, 0x9CFF, 0x9CFF, 0x9CFF, 0x9CFF, 0x9CFF, 0x9CFF, 0x9CFF, 0x9CFF, 0x9CFF, 0x9CFF, 
    0x9CFF, 0x9CFF, 0x9CFF, 0x9CFF, 0x9CFF, 0x9CFF, 0x9CFF, 0x9CFF, 0x9CFF, 0x9CFF, 0x9CFF, 0x9CFF, 
    0x9CFF, 0x9CFF, 0x9CFF, 0x9CFF, 0x9CFF, 0x9CFF, 0x9CFF, 0x9CFF, 0x9CFF, 0x9CFF, 0x9CFF, 0x9CFF, 
    0x9CFF, 0x9CFF, 0x9CFF, 0x9CFF, 0x9CFF, 0x9CFF, 0x9CFF, 0x9CFF, 0x9CFF, 0x9CFF, 0x9CFF, 0x9CFF, 
    0x9CFF, 0x9CFF, 0x9CFF, 0x9CFF, 0x9CFF, 0x9CFF, 0x9CFF, 0x9CFF, 0x9CFF, 0x9CFF, 0x9CFF, 0x9CFF, 
    0x9CFF, 0x9CFF, 0x9CFF, 0x9CFF, 0x9CFF, 0x9CFF, 0x9CFF, 0x9CFF, 0x9CFF, 0x9CFF, 0x9CFF, 0x9CFF, 
    0x9CFF, 0x9CFF, 0x9CFF, 0x9CFF, 0x9CFF, 0x9CFF, 0x9CFF, 0x9CFF, 0x9CFF, 0x9BFF, 0xDDFF, 0x57DE, 
    0xD3BC, 0xFBFE, 0x9AFE, 0xBAFE, 0xBAFE, 0xBAFE, 0xBAFE, 0xBAFE, 0xBAFE, 0xBAFE, 0xBAFE, 0xBAFE, 
    0xBAFE, 0xBAFE, 0xBAFE, 0xBAFE, 0xBAFE, 0xBAFE, 0xBAFE, 0xBAFE, 0xBAFE, 0xBAFE, 0xBAFE, 0xBAFE, 
    0xBAFE, 0xBAFE, 0xBAFE, 0xBAFE, 0xBAFE, 0xBAFE, 0xBAFE, 0xBAFE, 0xBAFE, 0xBAFE, 0xBAFE, 0xBAFE, 
    0xBAFE, 0xBAFE, 0xBAFE, 0xBAFE, 0xBAFE, 0xBAFE, 0xBBFE, 0xBAFE, 0xBBFE, 0x7ADE, 0x9374, 0x1A9E, 
    0xFEC6, 0xFCB6, 0x1DBF, 0xFDBE, 0xFDBE, 0xFDBE, 0xFDBE, 0xFDBE, 0xFDBE, 0xFDBE, 0xFDBE, 0xFDBE, 
    0xFDBE, 0xFDBE, 0xFDBE, 0xFDBE, 0xFDBE, 0xFDBE, 0xFDBE, 0xFDBE, 0xFDBE, 0xFDBE, 0x1DBF, 0x9BAE, 
    
    0xA631, 0x5AAE, 0x3EBF, 0xFDBE, 0xFDBE, 0x1DBF, 0x1DB7, 0xFEBE, 0xFDBE, 0x1DB7, 0xFDBE, 0xFDBE, 
    0xFDBE, 0xFDBE, 0xFDBE, 0xFDBE, 0xFDBE, 0xFDBE, 0xFDBE, 0xFDBE, 0xFDBE, 0xFDBE, 0x1DB7, 0xFCBE, 
    0xFDBE, 0xFEB6, 0x1575, 0xB8AD, 0xBBFE, 0x9AFE, 0xBAFE, 0xBAFE, 0xBAFE, 0xBAFE, 0xBAFE, 0xBAFE, 
    0xBAFE, 0xBAFE, 0xBAFE, 0xBAFE, 0xBAFE, 0xBAFE, 0xBAFE, 0xBAFE, 0xBAFE, 0xBAFE, 0xBAFE, 0xBAFE, 
    0xBAFE, 0xBAFE, 0xBAFE, 0xBAFE, 0xBAFE, 0xBAFE, 0xBAFE, 0xBAFE, 0xBAFE, 0xBAFE, 0xBAFE, 0xBAFE, 
    0xBAFE, 0xBAFE, 0xBAFE, 0xBAFE, 0xBAFE, 0xBAFE, 0xBAFE, 0xBAFE, 0x9AFE, 0xBAFE, 0xBAFE, 0x34C5, 
    0xFAF6, 0xBCFF, 0x9CFF, 0x9CFF, 0x9CFF, 0x9CFF, 0x9CFF, 0x9CFF, 0x9CFF, 0x9CFF, 0x9CFF, 0x9CFF, 
    0x9CFF, 0x9CFF, 0x9CFF, 0x9CFF, 0x9CFF, 0x9CFF, 0x9CFF, 0x9CFF, 0x9CFF, 0x9CFF, 0x9CFF, 0x9CFF, 
    0x9CFF, 0x9CFF, 0x9CFF, 0x9CFF, 0x9CFF, 0x9CFF, 0x9CFF, 0x9CFF, 0x9CFF, 0x9CFF, 0x9CFF, 0x9CFF, 
    0x9CFF, 0x9CFF, 0x9CFF, 0x9CFF, 0x9CFF, 0x9CFF, 0x9CFF, 0x9CFF, 0x9CFF, 0x9CFF, 0x9CFF, 0x9CFF, 
    0x9CFF, 0x9CFF, 0x9CFF, 0x9CFF, 0x9CFF, 0x9CFF, 0x9CFF, 0x9CFF, 0x9CFF, 0x9CFF, 0x9CFF, 0x9CFF, 
    0x9CFF, 0x9CFF, 0x9CFF, 0x9CFF, 0x9CFF, 0x9CFF, 0x9CFF, 0x9CFF, 0x9CFF, 0x9CFF, 0x9CFF, 0x9CFF, 
    0x9CFF, 0x9CFF, 0x9CFF, 0x9CFF, 0x9CFF, 0x9CFF, 0x9CFF, 0x9CFF, 0x9CFF, 0x9CFF, 0x9CFF, 0x9CFF, 
    0x9CFF, 0x9CFF, 0x9CFF, 0x9CFF, 0x9CFF, 0x9CFF, 0x9CFF, 0x9CFF, 0x9CFF, 0x9CFF, 0x9CFF, 0x9CFF, 
    0x9CFF, 0x9CFF, 0x9CFF, 0x9CFF, 0x9CFF, 0x9CFF, 0x9CFF, 0x9CFF, 0x9CFF, 0x9CFF, 0x9CFF, 0x9CFF, 
    0x9CFF, 0x9CFF, 0x9CFF, 0x9CFF, 0x9CFF, 0x9CFF, 0x9CFF, 0x9CFF, 0x9CFF, 0x9CFF, 0x9CFF, 0x9CFF, 
    0x9CFF, 0x9CFF, 0x9CFF, 0x9CFF, 0x9CFF, 0x9CFF, 0x9CFF, 0x9CFF, 0x9CFF, 0x9CFF, 0x9CFF, 0x9CFF, 
    0x9CFF, 0x9CFF, 0x9CFF, 0x9CFF, 0x9CFF, 0x9BFF, 0xDDFF, 0x57DE, 0xD3BC, 0xFBFE, 0x9AFE, 0xBAFE, 
    0xBAFE, 0xBAFE, 0xBAFE, 0xBAFE, 0xBAFE, 0xBAFE, 0xBAFE, 0xBAFE, 0xBAFE, 0xBAFE, 0xBAFE, 0xBAFE, 
    0xBAFE, 0xBAFE, 0xBAFE, 0xBAFE, 0xBAFE, 0xBAFE, 0xBAFE, 0xBAFE, 0xBAFE, 0xBAFE, 0xBAFE, 0xBAFE, 
    0xBAFE, 0xBAFE, 0xBAFE, 0xBAFE, 0xBAFE, 0xBAFE, 0xBAFE, 0xBAFE, 0xBAFE, 0xBAFE, 0xBAFE, 0xBAFE, 
    0xBAFE, 0xBAFE, 0xBBFE, 0xBAFE, 0xBBFE, 0x7ADE, 0x9374, 0x1A9E, 0xFEC6, 0xFCB6, 0x1DBF, 0xFDBE, 
    0xFDBE, 0xFDBE, 0xFDBE, 0xFDBE, 0xFDBE, 0xFDBE, 0xFDBE, 0xFDBE, 0xFDBE, 0xFDBE, 0xFDBE, 0xFDBE, 
    0xFDBE, 0xFDBE, 0xFDBE, 0xFDBE, 0xFDBE, 0xFDBE, 0x1DBF, 0x9BAE, 
    0xA631, 0x5AAE, 0x3EBF, 0xFDBE, 
    0xFDBE, 0x1DBF, 0x1DB7, 0xFEBE, 0xFDBE, 0x1DB7, 0xFDBE, 0xFDBE, 0xFDBE, 0xFDBE, 0xFDBE, 0xFDBE, 
    0xFDBE, 0xFDBE, 0xFDBE, 0xFDBE, 0xFDBE, 0xFDBE, 0x1DB7, 0xFCBE, 0xFDBE, 0xFEB6, 0x1575, 0xB8AD, 
    0xBBFE, 0x9AFE, 0xBAFE, 0xBAFE, 0xBAFE, 0xBAFE, 0xBAFE, 0xBAFE, 0xBAFE, 0xBAFE, 0xBAFE, 0xBAFE, 
    0xBAFE, 0xBAFE, 0xBAFE, 0xBAFE, 0xBAFE, 0xBAFE, 0xBAFE, 0xBAFE, 0xBAFE, 0xBAFE, 0xBAFE, 0xBAFE, 
    0xBAFE, 0xBAFE, 0xBAFE, 0xBAFE, 0xBAFE, 0xBAFE, 0xBAFE, 0xBAFE, 0xBAFE, 0xBAFE, 0xBAFE, 0xBAFE, 
    0xBAFE, 0xBAFE, 0xBAFE, 0xBAFE, 0x9AFE, 0xBAFE, 0xBAFE, 0x34C5, 0xFAF6, 0xBCFF, 0x9CFF, 0x9CFF, 
    0x9CFF, 0x9CFF, 0x9CFF, 0x9CFF, 0x9CFF, 0x9CFF, 0x9CFF, 0x9CFF, 0x9CFF, 0x9CFF, 0x9CFF, 0x9CFF, 
    0x9CFF, 0x9CFF, 0x9CFF, 0x9CFF, 0x9CFF, 0x9CFF, 0x9CFF, 0x9CFF, 0x9CFF, 0x9CFF, 0x9CFF, 0x9CFF, 
    0x9CFF, 0x9CFF, 0x9CFF, 0x9CFF, 0x9CFF, 0x9CFF, 0x9CFF, 0x9CFF, 0x9CFF, 0x9CFF, 0x9CFF, 0x9CFF, 
    0x9CFF, 0x9CFF, 0x9CFF, 0x9CFF, 0x9CFF, 0x9CFF, 0x9CFF, 0x9CFF, 0x9CFF, 0x9CFF, 0x9CFF, 0x9CFF, 
    0x9CFF, 0x9CFF, 0x9CFF, 0x9CFF, 0x9CFF, 0x9CFF, 0x9CFF, 0x9CFF, 0x9CFF, 0x9CFF, 0x9CFF, 0x9CFF, 
    0x9CFF, 0x9CFF, 0x9CFF, 0x9CFF, 0x9CFF, 0x9CFF, 0x9CFF, 0x9CFF, 0x9CFF, 0x9CFF, 0x9CFF, 0x9CFF, 
    0x9CFF, 0x9CFF, 0x9CFF, 0x9CFF, 0x9CFF, 0x9CFF, 0x9CFF, 0x9CFF, 0x9CFF, 0x9CFF, 0x9CFF, 0x9CFF, 
    0x9CFF, 0x9CFF, 0x9CFF, 0x9CFF, 0x9CFF, 0x9CFF, 0x9CFF, 0x9CFF, 0x9CFF, 0x9CFF, 0x9CFF, 0x9CFF, 
    0x9CFF, 0x9CFF, 0x9CFF, 0x9CFF, 0x9CFF, 0x9CFF, 0x9CFF, 0x9CFF, 0x9CFF, 0x9CFF, 0x9CFF, 0x9CFF, 
    0x9CFF, 0x9CFF, 0x9CFF, 0x9CFF, 0x9CFF, 0x9CFF, 0x9CFF, 0x9CFF, 0x9CFF, 0x9CFF, 0x9CFF, 0x9CFF, 
    0x9CFF, 0x9CFF, 0x9CFF, 0x9CFF, 0x9CFF, 0x9CFF, 0x9CFF, 0x9CFF, 0x9CFF, 0x9CFF, 0x9CFF, 0x9CFF, 
    0x9CFF, 0x9BFF, 0xDDFF, 0x57DE, 0xD3BC, 0xFBFE, 0x9AFE, 0xBAFE, 0xBAFE, 0xBAFE, 0xBAFE, 0xBAFE, 
    0xBAFE, 0xBAFE, 0xBAFE, 0xBAFE, 0xBAFE, 0xBAFE, 0xBAFE, 0xBAFE, 0xBAFE, 0xBAFE, 0xBAFE, 0xBAFE, 
    0xBAFE, 0xBAFE, 0xBAFE, 0xBAFE, 0xBAFE, 0xBAFE, 0xBAFE, 0xBAFE, 0xBAFE, 0xBAFE, 0xBAFE, 0xBAFE, 
    0xBAFE, 0xBAFE, 0xBAFE, 0xBAFE, 0xBAFE, 0xBAFE, 0xBAFE, 0xBAFE, 0xBAFE, 0xBAFE, 0xBBFE, 0xBAFE, 
    0xBBFE, 0x7ADE, 0x9374, 0x1A9E, 0xFEC6, 0xFCB6, 0x1DBF, 0xFDBE, 0xFDBE, 0xFDBE, 0xFDBE, 0xFDBE, 
    0xFDBE, 0xFDBE, 0xFDBE, 0xFDBE, 0xFDBE, 0xFDBE, 0xFDBE, 0xFDBE, 0xFDBE, 0xFDBE, 0xFDBE, 0xFDBE, 
    0xFDBE, 0xFDBE, 0x1DBF, 0x9BAE, 
    0xA631, 0x5AAE, 0x3EBF, 0xFDBE, 0xFDBE, 0x1DBF, 0x1DB7, 0xFEBE, 
    0xFDBE, 0x1DB7, 0xFDBE, 0xFDBE, 0xFDBE, 0xFDBE, 0xFDBE, 0xFDBE, 0xFDBE, 0xFDBE, 0xFDBE, 0xFDBE, 
    0xFDBE, 0xFDBE, 0x1DB7, 0xFCBE, 0xFDBE, 0xFEB6, 0x1575, 0xB8AD, 0xBBFE, 0x9AFE, 0xBAFE, 0xBAFE, 
    0xBAFE, 0xBAFE, 0xBAFE, 0xBAFE, 0xBAFE, 0xBAFE, 0xBAFE, 0xBAFE, 0xBAFE, 0xBAFE, 0xBAFE, 0xBAFE, 
    0xBAFE, 0xBAFE, 0xBAFE, 0xBAFE, 0xBAFE, 0xBAFE, 0xBAFE, 0xBAFE, 0xBAFE, 0xBAFE, 0xBAFE, 0xBAFE, 
    0xBAFE, 0xBAFE, 0xBAFE, 0xBAFE, 0xBAFE, 0xBAFE, 0xBAFE, 0xBAFE, 0xBAFE, 0xBAFE, 0xBAFE, 0xBAFE, 
    0x9AFE, 0xBAFE, 0xBAFE, 0x34C5, 0xFAF6, 0xBCFF, 0x9CFF, 0x9CFF, 0x9CFF, 0x9CFF, 0x9CFF, 0x9CFF, 
    0x9CFF, 0x9CFF, 0x9CFF, 0x9CFF, 0x9CFF, 0x9CFF, 0x9CFF, 0x9CFF, 0x9CFF, 0x9CFF, 0x9CFF, 0x9CFF, 
    0x9CFF, 0x9CFF, 0x9CFF, 0x9CFF, 0x9CFF, 0x9CFF, 0x9CFF, 0x9CFF, 0x9CFF, 0x9CFF, 0x9CFF, 0x9CFF, 
    0x9CFF, 0x9CFF, 0x9CFF, 0x9CFF, 0x9CFF, 0x9CFF, 0x9CFF, 0x9CFF, 0x9CFF, 0x9CFF, 0x9CFF, 0x9CFF, 
    0x9CFF, 0x9CFF, 0x9CFF, 0x9CFF, 0x9CFF, 0x9CFF, 0x9CFF, 0x9CFF, 0x9CFF, 0x9CFF, 0x9CFF, 0x9CFF, 
    0x9CFF, 0x9CFF, 0x9CFF, 0x9CFF, 0x9CFF, 0x9CFF, 0x9CFF, 0x9CFF, 0x9CFF, 0x9CFF, 0x9CFF, 0x9CFF, 
    0x9CFF, 0x9CFF, 0x9CFF, 0x9CFF, 0x9CFF, 0x9CFF, 0x9CFF, 0x9CFF, 0x9CFF, 0x9CFF, 0x9CFF, 0x9CFF, 
    0x9CFF, 0x9CFF, 0x9CFF, 0x9CFF, 0x9CFF, 0x9CFF, 0x9CFF, 0x9CFF, 0x9CFF, 0x9CFF, 0x9CFF, 0x9CFF, 
    0x9CFF, 0x9CFF, 0x9CFF, 0x9CFF, 0x9CFF, 0x9CFF, 0x9CFF, 0x9CFF, 0x9CFF, 0x9CFF, 0x9CFF, 0x9CFF, 
    0x9CFF, 0x9CFF, 0x9CFF, 0x9CFF, 0x9CFF, 0x9CFF, 0x9CFF, 0x9CFF, 0x9CFF, 0x9CFF, 0x9CFF, 0x9CFF, 
    0x9CFF, 0x9CFF, 0x9CFF, 0x9CFF, 0x9CFF, 0x9CFF, 0x9CFF, 0x9CFF, 0x9CFF, 0x9CFF, 0x9CFF, 0x9CFF, 
    0x9CFF, 0x9CFF, 0x9CFF, 0x9CFF, 0x9CFF, 0x9CFF, 0x9CFF, 0x9CFF, 0x9CFF, 0x9BFF, 0xDDFF, 0x57DE, 
    0xD3BC, 0xFBFE, 0x9AFE, 0xBAFE, 0xBAFE, 0xBAFE, 0xBAFE, 0xBAFE, 0xBAFE, 0xBAFE, 0xBAFE, 0xBAFE, 
    0xBAFE, 0xBAFE, 0xBAFE, 0xBAFE, 0xBAFE, 0xBAFE, 0xBAFE, 0xBAFE, 0xBAFE, 0xBAFE, 0xBAFE, 0xBAFE, 
    0xBAFE, 0xBAFE, 0xBAFE, 0xBAFE, 0xBAFE, 0xBAFE, 0xBAFE, 0xBAFE, 0xBAFE, 0xBAFE, 0xBAFE, 0xBAFE, 
    0xBAFE, 0xBAFE, 0xBAFE, 0xBAFE, 0xBAFE, 0xBAFE, 0xBBFE, 0xBAFE, 0xBBFE, 0x7ADE, 0x9374, 0x1A9E, 
    0x1EC7, 0xFDB6, 0x1DBF, 0xFDBE, 0xFDBE, 0xFDBE, 0xFDBE, 0xFDBE, 0xFDBE, 0xFDBE, 0xFDBE, 0xFDBE, 
    0xFDBE, 0xFDBE, 0xFDBE, 0xFDBE, 0xFDBE, 0xFDBE, 0xFDBE, 0xFDBE, 0xFDBE, 0xFDBE, 0x1DBF, 0x9BAE, 
    
    0xA631, 0x5AAE, 0x3EBF, 0xFDBE, 0xFDBE, 0x1DBF, 0x1DB7, 0xFEBE, 0xFDBE, 0x1DB7, 0xFDBE, 0xFDBE, 
    0xFDBE, 0xFDBE, 0xFDBE, 0xFDBE, 0xFDBE, 0xFDBE, 0xFDBE, 0xFDBE, 0xFDBE, 0xFDBE, 0x1DB7, 0xFCBE, 
    0xFDBE, 0xFEB6, 0x1575, 0xB8AD, 0xBBFE, 0x9AFE, 0xBAFE, 0xBAFE, 0xBAFE, 0xBAFE, 0xBAFE, 0xBAFE, 
    0xBAFE, 0xBAFE, 0xBAFE, 0xBAFE, 0xBAFE, 0xBAFE, 0xBAFE, 0xBAFE, 0xBAFE, 0xBAFE, 0xBAFE, 0xBAFE, 
    0xBAFE, 0xBAFE, 0xBAFE, 0xBAFE, 0xBAFE, 0xBAFE, 0xBAFE, 0xBAFE, 0xBAFE, 0xBAFE, 0xBAFE, 0xBAFE, 
    0xBAFE, 0xBAFE, 0xBAFE, 0xBAFE, 0xBAFE, 0xBAFE, 0xBAFE, 0xBAFE, 0x9AFE, 0xBAFE, 0xBAFE, 0x34C5, 
    0xFAF6, 0xBCFF, 0x9CFF, 0x9CFF, 0x9CFF, 0x9CFF, 0x9CFF, 0x9CFF, 0x9CFF, 0x9CFF, 0x9CFF, 0x9CFF, 
    0x9CFF, 0x9CFF, 0x9CFF, 0x9CFF, 0x9CFF, 0x9CFF, 0x9CFF, 0x9CFF, 0x9CFF, 0x9CFF, 0x9CFF, 0x9CFF, 
    0x9CFF, 0x9CFF, 0x9CFF, 0x9CFF, 0x9CFF, 0x9CFF, 0x9CFF, 0x9CFF, 0x9CFF, 0x9CFF, 0x9CFF, 0x9CFF, 
    0x9CFF, 0x9CFF, 0x9CFF, 0x9CFF, 0x9CFF, 0x9CFF, 0x9CFF, 0x9CFF, 0x9CFF, 0x9CFF, 0x9CFF, 0x9CFF, 
    0x9CFF, 0x9CFF, 0x9CFF, 0x9CFF, 0x9CFF, 0x9CFF, 0x9CFF, 0x9CFF, 0x9CFF, 0x9CFF, 0x9CFF, 0x9CFF, 
    0x9CFF, 0x9CFF, 0x9CFF, 0x9CFF, 0x9CFF, 0x9CFF, 0x9CFF, 0x9CFF, 0x9CFF, 0x9CFF, 0x9CFF, 0x9CFF, 
    0x9CFF, 0x9CFF, 0x9CFF, 0x9CFF, 0x9CFF, 0x9CFF, 0x9CFF, 0x9CFF, 0x9CFF, 0x9CFF, 0x9CFF, 0x9CFF, 
    0x9CFF, 0x9CFF, 0x9CFF, 0x9CFF, 0x9CFF, 0x9CFF, 0x9CFF, 0x9CFF, 0x9CFF, 0x9CFF, 0x9CFF, 0x9CFF, 
    0x9CFF, 0x9CFF, 0x9CFF, 0x9CFF, 0x9CFF, 0x9CFF, 0x9CFF, 0x9CFF, 0x9CFF, 0x9CFF, 0x9CFF, 0x9CFF, 
    0x9CFF, 0x9CFF, 0x9CFF, 0x9CFF, 0x9CFF, 0x9CFF, 0x9CFF, 0x9CFF, 0x9CFF, 0x9CFF, 0x9CFF, 0x9CFF, 
    0x9CFF, 0x9CFF, 0x9CFF, 0x9CFF, 0x9CFF, 0x9CFF, 0x9CFF, 0x9CFF, 0x9CFF, 0x9CFF, 0x9CFF, 0x9CFF, 
    0x9CFF, 0x9CFF, 0x9CFF, 0x9CFF, 0x9CFF, 0x9BFF, 0xDDFF, 0x57DE, 0xD3BC, 0xFBFE, 0x9AFE, 0xBAFE, 
    0xBAFE, 0xBAFE, 0xBAFE, 0xBAFE, 0xBAFE, 0xBAFE, 0xBAFE, 0xBAFE, 0xBAFE, 0xBAFE, 0xBAFE, 0xBAFE, 
    0xBAFE, 0xBAFE, 0xBAFE, 0xBAFE, 0xBAFE, 0xBAFE, 0xBAFE, 0xBAFE, 0xBAFE, 0xBAFE, 0xBAFE, 0xBAFE, 
    0xBAFE, 0xBAFE, 0xBAFE, 0xBAFE, 0xBAFE, 0xBAFE, 0xBAFE, 0xBAFE, 0xBAFE, 0xBAFE, 0xBAFE, 0xBAFE, 
    0xBAFE, 0xBAFE, 0xBBFE, 0xBAFE, 0xBBFE, 0x7ADE, 0x9374, 0x1A9E, 0x1EC7, 0xFDB6, 0x1DBF, 0xFDBE, 
    0xFDBE, 0xFDBE, 0xFDBE, 0xFDBE, 0xFDBE, 0xFDBE, 0xFDBE, 0xFDBE, 0xFDBE, 0xFDBE, 0xFDBE, 0xFDBE, 
    0xFDBE, 0xFDBE, 0xFDBE, 0xFDBE, 0xFDBE, 0xFDBE, 0x1DBF, 0x9BAE, 
    0xA631, 0x5AAE, 0x3EBF, 0xFDBE, 
    0xFDBE, 0x1DBF, 0x1DB7, 0xFEBE, 0xFDBE, 0x1DB7, 0xFDBE, 0xFDBE, 0xFDBE, 0xFDBE, 0xFDBE, 0xFDBE, 
    0xFDBE, 0xFDBE, 0xFDBE, 0xFDBE, 0xFDBE, 0xFDBE, 0x1DB7, 0xFCBE, 0xFDBE, 0xFEB6, 0x1575, 0xB8AD, 
    0xBBFE, 0x9AFE, 0xBAFE, 0xBAFE, 0xBAFE, 0xBAFE, 0xBAFE, 0xBAFE, 0xBAFE, 0xBAFE, 0xBAFE, 0xBAFE, 
    0xBAFE, 0xBAFE, 0xBAFE, 0xBAFE, 0xBAFE, 0xBAFE, 0xBAFE, 0xBAFE, 0xBAFE, 0xBAFE, 0xBAFE, 0xBAFE, 
    0xBAFE, 0xBAFE, 0xBAFE, 0xBAFE, 0xBAFE, 0xBAFE, 0xBAFE, 0xBAFE, 0xBAFE, 0xBAFE, 0xBAFE, 0xBAFE, 
    0xBAFE, 0xBAFE, 0xBAFE, 0xBAFE, 0x9AFE, 0xBAFE, 0xBAFE, 0x34C5, 0xFAF6, 0xBCFF, 0x9CFF, 0x9CFF, 
    0x9CFF, 0x9CFF, 0x9CFF, 0x9CFF, 0x9CFF, 0x9CFF, 0x9CFF, 0x9CFF, 0x9CFF, 0x9CFF, 0x9CFF, 0x9CFF, 
    0x9CFF, 0x9CFF, 0x9CFF, 0x9CFF, 0x9CFF, 0x9CFF, 0x9CFF, 0x9CFF, 0x9CFF, 0x9CFF, 0x9CFF, 0x9CFF, 
    0x9CFF, 0x9CFF, 0x9CFF, 0x9CFF, 0x9CFF, 0x9CFF, 0x9CFF, 0x9CFF, 0x9CFF, 0x9CFF, 0x9CFF, 0x9CFF, 
    0x9CFF, 0x9CFF, 0x9CFF, 0x9CFF, 0x9CFF, 0x9CFF, 0x9CFF, 0x9CFF, 0x9CFF, 0x9CFF, 0x9CFF, 0x9CFF, 
    0x9CFF, 0x9CFF, 0x9CFF, 0x9CFF, 0x9CFF, 0x9CFF, 0x9CFF, 0x9CFF, 0x9CFF, 0x9CFF, 0x9CFF, 0x9CFF, 
    0x9CFF, 0x9CFF, 0x9CFF, 0x9CFF, 0x9CFF, 0x9CFF, 0x9CFF, 0x9CFF, 0x9CFF, 0x9CFF, 0x9CFF, 0x9CFF, 
    0x9CFF, 0x9CFF, 0x9CFF, 0x9CFF, 0x9CFF, 0x9CFF, 0x9CFF, 0x9CFF, 0x9CFF, 0x9CFF, 0x9CFF, 0x9CFF, 
    0x9CFF, 0x9CFF, 0x9CFF, 0x9CFF, 0x9CFF, 0x9CFF, 0x9CFF, 0x9CFF, 0x9CFF, 0x9CFF, 0x9CFF, 0x9CFF, 
    0x9CFF, 0x9CFF, 0x9CFF, 0x9CFF, 0x9CFF, 0x9CFF, 0x9CFF, 0x9CFF, 0x9CFF, 0x9CFF, 0x9CFF, 0x9CFF, 
    0x9CFF, 0x9CFF, 0x9CFF, 0x9CFF, 0x9CFF, 0x9CFF, 0x9CFF, 0x9CFF, 0x9CFF, 0x9CFF, 0x9CFF, 0x9CFF, 
    0x9CFF, 0x9CFF, 0x9CFF, 0x9CFF, 0x9CFF, 0x9CFF, 0x9CFF, 0x9CFF, 0x9CFF, 0x9CFF, 0x9CFF, 0x9CFF, 
    0x9CFF, 0x9BFF, 0xDDFF, 0x57DE, 0xD3BC, 0xFBFE, 0x9AFE, 0xBAFE, 0xBAFE, 0xBAFE, 0xBAFE, 0xBAFE, 
    0xBAFE, 0xBAFE, 0xBAFE, 0xBAFE, 0xBAFE, 0xBAFE, 0xBAFE, 0xBAFE, 0xBAFE, 0xBAFE, 0xBAFE, 0xBAFE, 
    0xBAFE, 0xBAFE, 0xBAFE, 0xBAFE, 0xBAFE, 0xBAFE, 0xBAFE, 0xBAFE, 0xBAFE, 0xBAFE, 0xBAFE, 0xBAFE, 
    0xBAFE, 0xBAFE, 0xBAFE, 0xBAFE, 0xBAFE, 0xBAFE, 0xBAFE, 0xBAFE, 0xBAFE, 0xBAFE, 0xBBFE, 0xBAFE, 
    0xBBFE, 0x7ADE, 0x9374, 0x1A9E, 0x1EC7, 0xFDB6, 0x1DBF, 0xFDBE, 0xFDBE, 0xFDBE, 0xFDBE, 0xFDBE, 
    0xFDBE, 0xFDBE, 0xFDBE, 0xFDBE, 0xFDBE, 0xFDBE, 0xFDBE, 0xFDBE, 0xFDBE, 0xFDBE, 0xFDBE, 0xFDBE, 
    0xFDBE, 0xFDBE, 0x1DBF, 0x9BAE, 
    0xA631, 0x5AAE, 0x3EBF, 0xFDBE, 0xFDBE, 0x1DBF, 0x1DB7, 0xFEBE, 
    0xFDBE, 0x1DB7, 0xFDBE, 0xFDBE, 0xFDBE, 0xFDBE, 0xFDBE, 0xFDBE, 0xFDBE, 0xFDBE, 0xFDBE, 0xFDBE, 
    0xFDBE, 0xFDBE, 0x1DB7, 0xFCBE, 0xFDBE, 0xFEB6, 0x1575, 0xB8AD, 0xBBFE, 0x9AFE, 0xBAFE, 0xBAFE, 
    0xBAFE, 0xBAFE, 0xBAFE, 0xBAFE, 0xBAFE, 0xBAFE, 0xBAFE, 0xBAFE, 0xBAFE, 0xBAFE, 0xBAFE, 0xBAFE, 
    0xBAFE, 0xBAFE, 0xBAFE, 0xBAFE, 0xBAFE, 0xBAFE, 0xBAFE, 0xBAFE, 0xBAFE, 0xBAFE, 0xBAFE, 0xBAFE, 
    0xBAFE, 0xBAFE, 0xBAFE, 0xBAFE, 0xBAFE, 0xBAFE, 0xBAFE, 0xBAFE, 0xBAFE, 0xBAFE, 0xBAFE, 0xBAFE, 
    0x9AFE, 0xBAFE, 0xBAFE, 0x34C5, 0xFAF6, 0xBCFF, 0x9CFF, 0x9CFF, 0x9CFF, 0x9CFF, 0x9CFF, 0x9CFF, 
    0x9CFF, 0x9CFF, 0x9CFF, 0x9CFF, 0x9CFF, 0x9CFF, 0x9CFF, 0x9CFF, 0x9CFF, 0x9CFF, 0x9CFF, 0x9CFF, 
    0x9CFF, 0x9CFF, 0x9CFF, 0x9CFF, 0x9CFF, 0x9CFF, 0x9CFF, 0x9CFF, 0x9CFF, 0x9CFF, 0x9CFF, 0x9CFF, 
    0x9CFF, 0x9CFF, 0x9CFF, 0x9CFF, 0x9CFF, 0x9CFF, 0x9CFF, 0x9CFF, 0x9CFF, 0x9CFF, 0x9CFF, 0x9CFF, 
    0x9CFF, 0x9CFF, 0x9CFF, 0x9CFF, 0x9CFF, 0x9CFF, 0x9CFF, 0x9CFF, 0x9CFF, 0x9CFF, 0x9CFF, 0x9CFF, 
    0x9CFF, 0x9CFF, 0x9CFF, 0x9CFF, 0x9CFF, 0x9CFF, 0x9CFF, 0x9CFF, 0x9CFF, 0x9CFF, 0x9CFF, 0x9CFF, 
    0x9CFF, 0x9CFF, 0x9CFF, 0x9CFF, 0x9CFF, 0x9CFF, 0x9CFF, 0x9CFF, 0x9CFF, 0x9CFF, 0x9CFF, 0x9CFF, 
    0x9CFF, 0x9CFF, 0x9CFF, 0x9CFF, 0x9CFF, 0x9CFF, 0x9CFF, 0x9CFF, 0x9CFF, 0x9CFF, 0x9CFF, 0x9CFF, 
    0x9CFF, 0x9CFF, 0x9CFF, 0x9CFF, 0x9CFF, 0x9CFF, 0x9CFF, 0x9CFF, 0x9CFF, 0x9CFF, 0x9CFF, 0x9CFF, 
    0x9CFF, 0x9CFF, 0x9CFF, 0x9CFF, 0x9CFF, 0x9CFF, 0x9CFF, 0x9CFF, 0x9CFF, 0x9CFF, 0x9CFF, 0x9CFF, 
    0x9CFF, 0x9CFF, 0x9CFF, 0x9CFF, 0x9CFF, 0x9CFF, 0x9CFF, 0x9CFF, 0x9CFF, 0x9CFF, 0x9CFF, 0x9CFF, 
    0x9CFF, 0x9CFF, 0x9CFF, 0x9CFF, 0x9CFF, 0x9CFF, 0x9CFF, 0x9CFF, 0x9CFF, 0x9BFF, 0xDDFF, 0x57DE, 
    0xD3BC, 0xFBFE, 0x9AFE, 0xBAFE, 0xBAFE, 0xBAFE, 0xBAFE, 0xBAFE, 0xBAFE, 0xBAFE, 0xBAFE, 0xBAFE, 
    0xBAFE, 0xBAFE, 0xBAFE, 0xBAFE, 0xBAFE, 0xBAFE, 0xBAFE, 0xBAFE, 0xBAFE, 0xBAFE, 0xBAFE, 0xBAFE, 
    0xBAFE, 0xBAFE, 0xBAFE, 0xBAFE, 0xBAFE, 0xBAFE, 0xBAFE, 0xBAFE, 0xBAFE, 0xBAFE, 0xBAFE, 0xBAFE, 
    0xBAFE, 0xBAFE, 0xBAFE, 0xBAFE, 0xBAFE, 0xBAFE, 0xBBFE, 0xBAFE, 0xBBFE, 0x7ADE, 0x9374, 0x1A9E, 
    0x1EC7, 0xFDB6, 0x1DBF, 0xFDBE, 0xFDBE, 0xFDBE, 0xFDBE, 0xFDBE, 0xFDBE, 0xFDBE, 0xFDBE, 0xFDBE, 
    0xFDBE, 0xFDBE, 0xFDBE, 0xFDBE, 0xFDBE, 0xFDBE, 0xFDBE, 0xFDBE, 0xFDBE, 0xFDBE, 0x1DBF, 0x9BAE, 
    
    0xA631, 0x5AAE, 0x3EBF, 0xFDBE, 0xFDBE, 0x1DBF, 0x1DB7, 0xFEBE, 0xFDBE, 0x1DB7, 0xFDBE, 0xFDBE, 
    0xFDBE, 0xFDBE, 0xFDBE, 0xFDBE, 0xFDBE, 0xFDBE, 0xFDBE, 0xFDBE, 0xFDBE, 0xFDBE, 0x1DB7, 0xFCBE, 
    0xFDBE, 0xFEB6, 0x1575, 0xB8AD, 0xBBFE, 0x9AFE, 0xBAFE, 0xBAFE, 0xBAFE, 0xBAFE, 0xBAFE, 0xBAFE, 
    0xBAFE, 0xBAFE, 0xBAFE, 0xBAFE, 0xBAFE, 0xBAFE, 0xBAFE, 0xBAFE, 0xBAFE, 0xBAFE, 0xBAFE, 0xBAFE, 
    0xBAFE, 0xBAFE, 0xBAFE, 0xBAFE, 0xBAFE, 0xBAFE, 0xBAFE, 0xBAFE, 0xBAFE, 0xBAFE, 0xBAFE, 0xBAFE, 
    0xBAFE, 0xBAFE, 0xBAFE, 0xBAFE, 0xBAFE, 0xBAFE, 0xBAFE, 0xBAFE, 0x9AFE, 0xBAFE, 0xBAFE, 0x34C5, 
    0xFAF6, 0xBCFF, 0x9CFF, 0x9CFF, 0x9CFF, 0x9CFF, 0x9CFF, 0x9CFF, 0x9CFF, 0x9CFF, 0x9CFF, 0x9CFF, 
    0x9CFF, 0x9CFF, 0x9CFF, 0x9CFF, 0x9CFF, 0x9CFF, 0x9CFF, 0x9CFF, 0x9CFF, 0x9CFF, 0x9CFF, 0x9CFF, 
    0x9CFF, 0x9CFF, 0x9CFF, 0x9CFF, 0x9CFF, 0x9CFF, 0x9CFF, 0x9CFF, 0x9CFF, 0x9CFF, 0x9CFF, 0x9CFF, 
    0x9CFF, 0x9CFF, 0x9CFF, 0x9CFF, 0x9CFF, 0x9CFF, 0x9CFF, 0x9CFF, 0x9CFF, 0x9CFF, 0x9CFF, 0x9CFF, 
    0x9CFF, 0x9CFF, 0x9CFF, 0x9CFF, 0x9CFF, 0x9CFF, 0x9CFF, 0x9CFF, 0x9CFF, 0x9CFF, 0x9CFF, 0x9CFF, 
    0x9CFF, 0x9CFF, 0x9CFF, 0x9CFF, 0x9CFF, 0x9CFF, 0x9CFF, 0x9CFF, 0x9CFF, 0x9CFF, 0x9CFF, 0x9CFF, 
    0x9CFF, 0x9CFF, 0x9CFF, 0x9CFF, 0x9CFF, 0x9CFF, 0x9CFF, 0x9CFF, 0x9CFF, 0x9CFF, 0x9CFF, 0x9CFF, 
    0x9CFF, 0x9CFF, 0x9CFF, 0x9CFF, 0x9CFF, 0x9CFF, 0x9CFF, 0x9CFF, 0x9CFF, 0x9CFF, 0x9CFF, 0x9CFF, 
    0x9CFF, 0x9CFF, 0x9CFF, 0x9CFF, 0x9CFF, 0x9CFF, 0x9CFF, 0x9CFF, 0x9CFF, 0x9CFF, 0x9CFF, 0x9CFF, 
    0x9CFF, 0x9CFF, 0x9CFF, 0x9CFF, 0x9CFF, 0x9CFF, 0x9CFF, 0x9CFF, 0x9CFF, 0x9CFF, 0x9CFF, 0x9CFF, 
    0x9CFF, 0x9CFF, 0x9CFF, 0x9CFF, 0x9CFF, 0x9CFF, 0x9CFF, 0x9CFF, 0x9CFF, 0x9CFF, 0x9CFF, 0x9CFF, 
    0x9CFF, 0x9CFF, 0x9CFF, 0x9CFF, 0x9CFF, 0x9BFF, 0xDDFF, 0x57DE, 0xD3BC, 0xFBFE, 0x9AFE, 0xBAFE, 
    0xBAFE, 0xBAFE, 0xBAFE, 0xBAFE, 0xBAFE, 0xBAFE, 0xBAFE, 0xBAFE, 0xBAFE, 0xBAFE, 0xBAFE, 0xBAFE, 
    0xBAFE, 0xBAFE, 0xBAFE, 0xBAFE, 0xBAFE, 0xBAFE, 0xBAFE, 0xBAFE, 0xBAFE, 0xBAFE, 0xBAFE, 0xBAFE, 
    0xBAFE, 0xBAFE, 0xBAFE, 0xBAFE, 0xBAFE, 0xBAFE, 0xBAFE, 0xBAFE, 0xBAFE, 0xBAFE, 0xBAFE, 0xBAFE, 
    0xBAFE, 0xBAFE, 0xBBFE, 0xBAFE, 0xBBFE, 0x7ADE, 0x9374, 0x1A9E, 0x1EC7, 0xFDB6, 0x1DBF, 0xFDBE, 
    0xFDBE, 0xFDBE, 0xFDBE, 0xFDBE, 0xFDBE, 0xFDBE, 0xFDBE, 0xFDBE, 0xFDBE, 0xFDBE, 0xFDBE, 0xFDBE, 
    0xFDBE, 0xFDBE, 0xFDBE, 0xFDBE, 0xFDBE, 0xFDBE, 0x1DBF, 0x9BAE, 
    0xA631, 0x5AAE, 0x3EBF, 0xFDBE, 
    0xFDBE, 0x1DBF, 0x1DB7, 0xFEBE, 0xFDBE, 0x1DB7, 0xFDBE, 0xFDBE, 0xFDBE, 0xFDBE, 0xFDBE, 0xFDBE, 
    0xFDBE, 0xFDBE, 0xFDBE, 0xFDBE, 0xFDBE, 0xFDBE, 0x1DB7, 0xFCBE, 0xFDBE, 0xFEB6, 0x1575, 0xB8AD, 
    0xBBFE, 0x9AFE, 0xBAFE, 0xBAFE, 0xBAFE, 0xBAFE, 0xBAFE, 0xBAFE, 0xBAFE, 0xBAFE, 0xBAFE, 0xBAFE, 
    0xBAFE, 0xBAFE, 0xBAFE, 0xBAFE, 0xBAFE, 0xBAFE, 0xBAFE, 0xBAFE, 0xBAFE, 0xBAFE, 0xBAFE, 0xBAFE, 
    0xBAFE, 0xBAFE, 0xBAFE, 0xBAFE, 0xBAFE, 0xBAFE, 0xBAFE, 0xBAFE, 0xBAFE, 0xBAFE, 0xBAFE, 0xBAFE, 
    0xBAFE, 0xBAFE, 0xBAFE, 0xBAFE, 0x9AFE, 0xBAFE, 0xBAFE, 0x34C5, 0xFAF6, 0xBCFF, 0x9CFF, 0x9CFF, 
    0x9CFF, 0x9CFF, 0x9CFF, 0x9CFF, 0x9CFF, 0x9CFF, 0x9CFF, 0x9CFF, 0x9CFF, 0x9CFF, 0x9CFF, 0x9CFF, 
    0x9CFF, 0x9CFF, 0x9CFF, 0x9CFF, 0x9CFF, 0x9CFF, 0x9CFF, 0x9CFF, 0x9CFF, 0x9CFF, 0x9CFF, 0x9CFF, 
    0x9CFF, 0x9CFF, 0x9CFF, 0x9CFF, 0x9CFF, 0x9CFF, 0x9CFF, 0x9CFF, 0x9CFF, 0x9CFF, 0x9CFF, 0x9CFF, 
    0x9CFF, 0x9CFF, 0x9CFF, 0x9CFF, 0x9CFF, 0x9CFF, 0x9CFF, 0x9CFF, 0x9CFF, 0x9CFF, 0x9CFF, 0x9CFF, 
    0x9CFF, 0x9CFF, 0x9CFF, 0x9CFF, 0x9CFF, 0x9CFF, 0x9CFF, 0x9CFF, 0x9CFF, 0x9CFF, 0x9CFF, 0x9CFF, 
    0x9CFF, 0x9CFF, 0x9CFF, 0x9CFF, 0x9CFF, 0x9CFF, 0x9CFF, 0x9CFF, 0x9CFF, 0x9CFF, 0x9CFF, 0x9CFF, 
    0x9CFF, 0x9CFF, 0x9CFF, 0x9CFF, 0x9CFF, 0x9CFF, 0x9CFF, 0x9CFF, 0x9CFF, 0x9CFF, 0x9CFF, 0x9CFF, 
    0x9CFF, 0x9CFF, 0x9CFF, 0x9CFF, 0x9CFF, 0x9CFF, 0x9CFF, 0x9CFF, 0x9CFF, 0x9CFF, 0x9CFF, 0x9CFF, 
    0x9CFF, 0x9CFF, 0x9CFF, 0x9CFF, 0x9CFF, 0x9CFF, 0x9CFF, 0x9CFF, 0x9CFF, 0x9CFF, 0x9CFF, 0x9CFF, 
    0x9CFF, 0x9CFF, 0x9CFF, 0x9CFF, 0x9CFF, 0x9CFF, 0x9CFF, 0x9CFF, 0x9CFF, 0x9CFF, 0x9CFF, 0x9CFF, 
    0x9CFF, 0x9CFF, 0x9CFF, 0x9CFF, 0x9CFF, 0x9CFF, 0x9CFF, 0x9CFF, 0x9CFF, 0x9CFF, 0x9CFF, 0x9CFF, 
    0x9CFF, 0x9BFF, 0xDDFF, 0x57DE, 0xD3BC, 0xFBFE, 0x9AFE, 0xBAFE, 0xBAFE, 0xBAFE, 0xBAFE, 0xBAFE, 
    0xBAFE, 0xBAFE, 0xBAFE, 0xBAFE, 0xBAFE, 0xBAFE, 0xBAFE, 0xBAFE, 0xBAFE, 0xBAFE, 0xBAFE, 0xBAFE, 
    0xBAFE, 0xBAFE, 0xBAFE, 0xBAFE, 0xBAFE, 0xBAFE, 0xBAFE, 0xBAFE, 0xBAFE, 0xBAFE, 0xBAFE, 0xBAFE, 
    0xBAFE, 0xBAFE, 0xBAFE, 0xBAFE, 0xBAFE, 0xBAFE, 0xBAFE, 0xBAFE, 0xBAFE, 0x9AFE, 0xBBFE, 0xBAFE, 
    0xBBFE, 0x7ADE, 0x9374, 0x1A9E, 0xFEC6, 0xFDB6, 0x1DBF, 0xFDBE, 0xFDBE, 0xFDBE, 0xFDBE, 0xFDBE, 
    0xFDBE, 0xFDBE, 0xFDBE, 0xFDBE, 0xFDBE, 0xFDBE, 0xFDBE, 0xFDBE, 0xFDBE, 0xFDBE, 0xFDBE, 0xFDBE, 
    0xFDBE, 0xFDBE, 0x1DBF, 0x9BAE, 
    0xA631, 0x5AAE, 0x3EBF, 0xFDBE, 0xFDBE, 0x1DBF, 0x1DB7, 0xFEBE, 
    0xFDBE, 0x1DB7, 0xFDBE, 0xFDBE, 0xFDBE, 0xFDBE, 0xFDBE, 0xFDBE, 0xFDBE, 0xFDBE, 0xFDBE, 0xFDBE, 
    0xFDBE, 0xFDBE, 0x1DB7, 0xFCBE, 0xFDBE, 0xFEB6, 0x1575, 0xB8AD, 0xBBFE, 0x9AFE, 0xBAFE, 0xBAFE, 
    0xBAFE, 0xBAFE, 0xBAFE, 0xBAFE, 0xBAFE, 0xBAFE, 0xBAFE, 0xBAFE, 0xBAFE, 0xBAFE, 0xBAFE, 0xBAFE, 
    0xBAFE, 0xBAFE, 0xBAFE, 0xBAFE, 0xBAFE, 0xBAFE, 0xBAFE, 0xBAFE, 0xBAFE, 0xBAFE, 0xBAFE, 0xBAFE, 
    0xBAFE, 0xBAFE, 0xBAFE, 0xBAFE, 0xBAFE, 0xBAFE, 0xBAFE, 0xBAFE, 0xBAFE, 0xBAFE, 0xBAFE, 0xBAFE, 
    0x9AFE, 0xBAFE, 0xBAFE, 0x34C5, 0xFAF6, 0xBCFF, 0x9CFF, 0x9CFF, 0x9CFF, 0x9CFF, 0x9CFF, 0x9CFF, 
    0x9CFF, 0x9CFF, 0x9CFF, 0x9CFF, 0x9CFF, 0x9CFF, 0x9CFF, 0x9CFF, 0x9CFF, 0x9CFF, 0x9CFF, 0x9CFF, 
    0x9CFF, 0x9CFF, 0x9CFF, 0x9CFF, 0x9CFF, 0x9CFF, 0x9CFF, 0x9CFF, 0x9CFF, 0x9CFF, 0x9CFF, 0x9CFF, 
    0x9CFF, 0x9CFF, 0x9CFF, 0x9CFF, 0x9CFF, 0x9CFF, 0x9CFF, 0x9CFF, 0x9CFF, 0x9CFF, 0x9CFF, 0x9CFF, 
    0x9CFF, 0x9CFF, 0x9CFF, 0x9CFF, 0x9CFF, 0x9CFF, 0x9CFF, 0x9CFF, 0x9CFF, 0x9CFF, 0x9CFF, 0x9CFF, 
    0x9CFF, 0x9CFF, 0x9CFF, 0x9CFF, 0x9CFF, 0x9CFF, 0x9CFF, 0x9CFF, 0x9CFF, 0x9CFF, 0x9CFF, 0x9CFF, 
    0x9CFF, 0x9CFF, 0x9CFF, 0x9CFF, 0x9CFF, 0x9CFF, 0x9CFF, 0x9CFF, 0x9CFF, 0x9CFF, 0x9CFF, 0x9CFF, 
    0x9CFF, 0x9CFF, 0x9CFF, 0x9CFF, 0x9CFF, 0x9CFF, 0x9CFF, 0x9CFF, 0x9CFF, 0x9CFF, 0x9CFF, 0x9CFF, 
    0x9CFF, 0x9CFF, 0x9CFF, 0x9CFF, 0x9CFF, 0x9CFF, 0x9CFF, 0x9CFF, 0x9CFF, 0x9CFF, 0x9CFF, 0x9CFF, 
    0x9CFF, 0x9CFF, 0x9CFF, 0x9CFF, 0x9CFF, 0x9CFF, 0x9CFF, 0x9CFF, 0x9CFF, 0x9CFF, 0x9CFF, 0x9CFF, 
    0x9CFF, 0x9CFF, 0x9CFF, 0x9CFF, 0x9CFF, 0x9CFF, 0x9CFF, 0x9CFF, 0x9CFF, 0x9CFF, 0x9CFF, 0x9CFF, 
    0x9CFF, 0x9CFF, 0x9CFF, 0x9CFF, 0x9CFF, 0x9CFF, 0x9CFF, 0x9CFF, 0x9CFF, 0x9BFF, 0xDDFF, 0x57DE, 
    0xD3BC, 0xFBFE, 0x9AFE, 0xBAFE, 0xBAFE, 0xBAFE, 0xBAFE, 0xBAFE, 0xBAFE, 0xBAFE, 0xBAFE, 0xBAFE, 
    0xBAFE, 0xBAFE, 0xBAFE, 0xBAFE, 0xBAFE, 0xBAFE, 0xBAFE, 0xBAFE, 0xBAFE, 0xBAFE, 0xBAFE, 0xBAFE, 
    0xBAFE, 0xBAFE, 0xBAFE, 0xBAFE, 0xBAFE, 0xBAFE, 0xBAFE, 0xBAFE, 0xBAFE, 0xBAFE, 0xBAFE, 0xBAFE, 
    0xBAFE, 0xBAFE, 0xBAFE, 0xBAFE, 0xBAFE, 0x9AFE, 0xBBFE, 0xBAFE, 0xBBFE, 0x7ADE, 0x9374, 0x1A9E, 
    0xFEC6, 0xFDB6, 0x1DBF, 0xFDBE, 0xFDBE, 0xFDBE, 0xFDBE, 0xFDBE, 0xFDBE, 0xFDBE, 0xFDBE, 0xFDBE, 
    0xFDBE, 0xFDBE, 0xFDBE, 0xFDBE, 0xFDBE, 0xFDBE, 0xFDBE, 0xFDBE, 0xFDBE, 0xFDBE, 0x1DBF, 0x9BAE, 
    
    0xA631, 0x5AAE, 0x3EBF, 0xFDBE, 0xFDBE, 0x1DBF, 0x1DB7, 0xFEBE, 0xFDBE, 0x1DB7, 0xFDBE, 0xFDBE, 
    0xFDBE, 0xFDBE, 0xFDBE, 0xFDBE, 0xFDBE, 0xFDBE, 0xFDBE, 0xFDBE, 0xFDBE, 0xFDBE, 0x1DB7, 0xFCBE, 
    0xFDBE, 0xFEB6, 0x1575, 0xB8AD, 0xBBFE, 0x9AFE, 0xBAFE, 0xBAFE, 0xBAFE, 0xBAFE, 0xBAFE, 0xBAFE, 
    0xBAFE, 0xBAFE, 0xBAFE, 0xBAFE, 0xBAFE, 0xBAFE, 0xBAFE, 0xBAFE, 0xBAFE, 0xBAFE, 0xBAFE, 0xBAFE, 
    0xBAFE, 0xBAFE, 0xBAFE, 0xBAFE, 0xBAFE, 0xBAFE, 0xBAFE, 0xBAFE, 0xBAFE, 0xBAFE, 0xBAFE, 0xBAFE, 
    0xBAFE, 0xBAFE, 0xBAFE, 0xBAFE, 0xBAFE, 0xBAFE, 0xBAFE, 0xBAFE, 0x9AFE, 0xBAFE, 0xBAFE, 0x34C5, 
    0xFAF6, 0xBCFF, 0x9CFF, 0x9CFF, 0x9CFF, 0x9CFF, 0x9CFF, 0x9CFF, 0x9CFF, 0x9CFF, 0x9CFF, 0x9CFF, 
    0x9CFF, 0x9CFF, 0x9CFF, 0x9CFF, 0x9CFF, 0x9CFF, 0x9CFF, 0x9CFF, 0x9CFF, 0x9CFF, 0x9CFF, 0x9CFF, 
    0x9CFF, 0x9CFF, 0x9CFF, 0x9CFF, 0x9CFF, 0x9CFF, 0x9CFF, 0x9CFF, 0x9CFF, 0x9CFF, 0x9CFF, 0x9CFF, 
    0x9CFF, 0x9CFF, 0x9CFF, 0x9CFF, 0x9CFF, 0x9CFF, 0x9CFF, 0x9CFF, 0x9CFF, 0x9CFF, 0x9CFF, 0x9CFF, 
    0x9CFF, 0x9CFF, 0x9CFF, 0x9CFF, 0x9CFF, 0x9CFF, 0x9CFF, 0x9CFF, 0x9CFF, 0x9CFF, 0x9CFF, 0x9CFF, 
    0x9CFF, 0x9CFF, 0x9CFF, 0x9CFF, 0x9CFF, 0x9CFF, 0x9CFF, 0x9CFF, 0x9CFF, 0x9CFF, 0x9CFF, 0x9CFF, 
    0x9CFF, 0x9CFF, 0x9CFF, 0x9CFF, 0x9CFF, 0x9CFF, 0x9CFF, 0x9CFF, 0x9CFF, 0x9CFF, 0x9CFF, 0x9CFF, 
    0x9CFF, 0x9CFF, 0x9CFF, 0x9CFF, 0x9CFF, 0x9CFF, 0x9CFF, 0x9CFF, 0x9CFF, 0x9CFF, 0x9CFF, 0x9CFF, 
    0x9CFF, 0x9CFF, 0x9CFF, 0x9CFF, 0x9CFF, 0x9CFF, 0x9CFF, 0x9CFF, 0x9CFF, 0x9CFF, 0x9CFF, 0x9CFF, 
    0x9CFF, 0x9CFF, 0x9CFF, 0x9CFF, 0x9CFF, 0x9CFF, 0x9CFF, 0x9CFF, 0x9CFF, 0x9CFF, 0x9CFF, 0x9CFF, 
    0x9CFF, 0x9CFF, 0x9CFF, 0x9CFF, 0x9CFF, 0x9CFF, 0x9CFF, 0x9CFF, 0x9CFF, 0x9CFF, 0x9CFF, 0x9CFF, 
    0x9CFF, 0x9CFF, 0x9CFF, 0x9CFF, 0x9CFF, 0x9BFF, 0xDDFF, 0x57DE, 0xD3BC, 0xFBFE, 0x9AFE, 0xBAFE, 
    0xBAFE, 0xBAFE, 0xBAFE, 0xBAFE, 0xBAFE, 0xBAFE, 0xBAFE, 0xBAFE, 0xBAFE, 0xBAFE, 0xBAFE, 0xBAFE, 
    0xBAFE, 0xBAFE, 0xBAFE, 0xBAFE, 0xBAFE, 0xBAFE, 0xBAFE, 0xBAFE, 0xBAFE, 0xBAFE, 0xBAFE, 0xBAFE, 
    0xBAFE, 0xBAFE, 0xBAFE, 0xBAFE, 0xBAFE, 0xBAFE, 0xBAFE, 0xBAFE, 0xBAFE, 0xBAFE, 0xBAFE, 0xBAFE, 
    0xBAFE, 0x9AFE, 0xBBFE, 0xBAFE, 0xBBFE, 0x7ADE, 0x9374, 0x1A9E, 0xFEC6, 0xFDB6, 0x1DBF, 0xFDBE, 
    0xFDBE, 0xFDBE, 0xFDBE, 0xFDBE, 0xFDBE, 0xFDBE, 0xFDBE, 0xFDBE, 0xFDBE, 0xFDBE, 0xFDBE, 0xFDBE, 
    0xFDBE, 0xFDBE, 0xFDBE, 0xFDBE, 0xFDBE, 0xFDBE, 0x1DBF, 0x9BAE, 
    0xA631, 0x5AAE, 0x3EBF, 0xFDBE, 
    0xFDBE, 0x1DBF, 0x1DB7, 0xFEBE, 0xFDBE, 0x1DB7, 0xFDBE, 0xFDBE, 0xFDBE, 0xFDBE, 0xFDBE, 0xFDBE, 
    0xFDBE, 0xFDBE, 0xFDBE, 0xFDBE, 0xFDBE, 0xFDBE, 0x1DB7, 0xFCBE, 0xFDBE, 0xFEB6, 0x1575, 0xB8AD, 
    0xBBFE, 0x9AFE, 0xBAFE, 0xBAFE, 0xBAFE, 0xBAFE, 0xBAFE, 0xBAFE, 0xBAFE, 0xBAFE, 0xBAFE, 0xBAFE, 
    0xBAFE, 0xBAFE, 0xBAFE, 0xBAFE, 0xBAFE, 0xBAFE, 0xBAFE, 0xBAFE, 0xBAFE, 0xBAFE, 0xBAFE, 0xBAFE, 
    0xBAFE, 0xBAFE, 0xBAFE, 0xBAFE, 0xBAFE, 0xBAFE, 0xBAFE, 0xBAFE, 0xBAFE, 0xBAFE, 0xBAFE, 0xBAFE, 
    0xBAFE, 0xBAFE, 0xBAFE, 0xBAFE, 0x9AFE, 0xBAFE, 0xBAFE, 0x34C5, 0xFAF6, 0xBCFF, 0x9CFF, 0x9CFF, 
    0x9CFF, 0x9CFF, 0x9CFF, 0x9CFF, 0x9CFF, 0x9CFF, 0x9CFF, 0x9CFF, 0x9CFF, 0x9CFF, 0x9CFF, 0x9CFF, 
    0x9CFF, 0x9CFF, 0x9CFF, 0x9CFF, 0x9CFF, 0x9CFF, 0x9CFF, 0x9CFF, 0x9CFF, 0x9CFF, 0x9CFF, 0x9CFF, 
    0x9CFF, 0x9CFF, 0x9CFF, 0x9CFF, 0x9CFF, 0x9CFF, 0x9CFF, 0x9CFF, 0x9CFF, 0x9CFF, 0x9CFF, 0x9CFF, 
    0x9CFF, 0x9CFF, 0x9CFF, 0x9CFF, 0x9CFF, 0x9CFF, 0x9CFF, 0x9CFF, 0x9CFF, 0x9CFF, 0x9CFF, 0x9CFF, 
    0x9CFF, 0x9CFF, 0x9CFF, 0x9CFF, 0x9CFF, 0x9CFF, 0x9CFF, 0x9CFF, 0x9CFF, 0x9CFF, 0x9CFF, 0x9CFF, 
    0x9CFF, 0x9CFF, 0x9CFF, 0x9CFF, 0x9CFF, 0x9CFF, 0x9CFF, 0x9CFF, 0x9CFF, 0x9CFF, 0x9CFF, 0x9CFF, 
    0x9CFF, 0x9CFF, 0x9CFF, 0x9CFF, 0x9CFF, 0x9CFF, 0x9CFF, 0x9CFF, 0x9CFF, 0x9CFF, 0x9CFF, 0x9CFF, 
    0x9CFF, 0x9CFF, 0x9CFF, 0x9CFF, 0x9CFF, 0x9CFF, 0x9CFF, 0x9CFF, 0x9CFF, 0x9CFF, 0x9CFF, 0x9CFF, 
    0x9CFF, 0x9CFF, 0x9CFF, 0x9CFF, 0x9CFF, 0x9CFF, 0x9CFF, 0x9CFF, 0x9CFF, 0x9CFF, 0x9CFF, 0x9CFF, 
    0x9CFF, 0x9CFF, 0x9CFF, 0x9CFF, 0x9CFF, 0x9CFF, 0x9CFF, 0x9CFF, 0x9CFF, 0x9CFF, 0x9CFF, 0x9CFF, 
    0x9CFF, 0x9CFF, 0x9CFF, 0x9CFF, 0x9CFF, 0x9CFF, 0x9CFF, 0x9CFF, 0x9CFF, 0x9CFF, 0x9CFF, 0x9CFF, 
    0x9CFF, 0x9BFF, 0xDDFF, 0x57DE, 0xD3BC, 0xFBFE, 0x9AFE, 0xBAFE, 0xBAFE, 0xBAFE, 0xBAFE, 0xBAFE, 
    0xBAFE, 0xBAFE, 0xBAFE, 0xBAFE, 0xBAFE, 0xBAFE, 0xBAFE, 0xBAFE, 0xBAFE, 0xBAFE, 0xBAFE, 0xBAFE, 
    0xBAFE, 0xBAFE, 0xBAFE, 0xBAFE, 0xBAFE, 0xBAFE, 0xBAFE, 0xBAFE, 0xBAFE, 0xBAFE, 0xBAFE, 0xBAFE, 
    0xBAFE, 0xBAFE, 0xBAFE, 0xBAFE, 0xBAFE, 0xBAFE, 0xBAFE, 0xBAFE, 0xBAFE, 0x9AFE, 0xBBFE, 0xBAFE, 
    0xBBFE, 0x7ADE, 0x9374, 0x1A9E, 0xFEC6, 0xFDB6, 0x1DBF, 0xFDBE, 0xFDBE, 0xFDBE, 0xFDBE, 0xFDBE, 
    0xFDBE, 0xFDBE, 0xFDBE, 0xFDBE, 0xFDBE, 0xFDBE, 0xFDBE, 0xFDBE, 0xFDBE, 0xFDBE, 0xFDBE, 0xFDBE, 
    0xFDBE, 0xFDBE, 0x1DBF, 0x9BAE, 
    0xA631, 0x5AAE, 0x3EBF, 0xFDBE, 0xFDBE, 0x1DBF, 0x1DB7, 0xFEBE, 
    0xFDBE, 0x1DB7, 0xFDBE, 0xFDBE, 0xFDBE, 0xFDBE, 0xFDBE, 0xFDBE, 0xFDBE, 0xFDBE, 0xFDBE, 0xFDBE, 
    0xFDBE, 0xFDBE, 0x1DB7, 0xFCBE, 0xFDBE, 0xFEB6, 0x1575, 0xB8AD, 0xBBFE, 0x9AFE, 0xBAFE, 0xBAFE, 
    0xBAFE, 0xBAFE, 0xBAFE, 0xBAFE, 0xBAFE, 0xBAFE, 0xBAFE, 0xBAFE, 0xBAFE, 0xBAFE, 0xBAFE, 0xBAFE, 
    0xBAFE, 0xBAFE, 0xBAFE, 0xBAFE, 0xBAFE, 0xBAFE, 0xBAFE, 0xBAFE, 0xBAFE, 0xBAFE, 0xBAFE, 0xBAFE, 
    0xBAFE, 0xBAFE, 0xBAFE, 0xBAFE, 0xBAFE, 0xBAFE, 0xBAFE, 0xBAFE, 0xBAFE, 0xBAFE, 0xBAFE, 0xBAFE, 
    0x9AFE, 0xBAFE, 0xBAFE, 0x34C5, 0xFAF6, 0xBCFF, 0x9CFF, 0x9CFF, 0x9CFF, 0x9CFF, 0x9CFF, 0x9CFF, 
    0x9CFF, 0x9CFF, 0x9CFF, 0x9CFF, 0x9CFF, 0x9CFF, 0x9CFF, 0x9CFF, 0x9CFF, 0x9CFF, 0x9CFF, 0x9CFF, 
    0x9CFF, 0x9CFF, 0x9CFF, 0x9CFF, 0x9CFF, 0x9CFF, 0x9CFF, 0x9CFF, 0x9CFF, 0x9CFF, 0x9CFF, 0x9CFF, 
    0x9CFF, 0x9CFF, 0x9CFF, 0x9CFF, 0x9CFF, 0x9CFF, 0x9CFF, 0x9CFF, 0x9CFF, 0x9CFF, 0x9CFF, 0x9CFF, 
    0x9CFF, 0x9CFF, 0x9CFF, 0x9CFF, 0x9CFF, 0x9CFF, 0x9CFF, 0x9CFF, 0x9CFF, 0x9CFF, 0x9CFF, 0x9CFF, 
    0x9CFF, 0x9CFF, 0x9CFF, 0x9CFF, 0x9CFF, 0x9CFF, 0x9CFF, 0x9CFF, 0x9CFF, 0x9CFF, 0x9CFF, 0x9CFF, 
    0x9CFF, 0x9CFF, 0x9CFF, 0x9CFF, 0x9CFF, 0x9CFF, 0x9CFF, 0x9CFF, 0x9CFF, 0x9CFF, 0x9CFF, 0x9CFF, 
    0x9CFF, 0x9CFF, 0x9CFF, 0x9CFF, 0x9CFF, 0x9CFF, 0x9CFF, 0x9CFF, 0x9CFF, 0x9CFF, 0x9CFF, 0x9CFF, 
    0x9CFF, 0x9CFF, 0x9CFF, 0x9CFF, 0x9CFF, 0x9CFF, 0x9CFF, 0x9CFF, 0x9CFF, 0x9CFF, 0x9CFF, 0x9CFF, 
    0x9CFF, 0x9CFF, 0x9CFF, 0x9CFF, 0x9CFF, 0x9CFF, 0x9CFF, 0x9CFF, 0x9CFF, 0x9CFF, 0x9CFF, 0x9CFF, 
    0x9CFF, 0x9CFF, 0x9CFF, 0x9CFF, 0x9CFF, 0x9CFF, 0x9CFF, 0x9CFF, 0x9CFF, 0x9CFF, 0x9CFF, 0x9CFF, 
    0x9CFF, 0x9CFF, 0x9CFF, 0x9CFF, 0x9CFF, 0x9CFF, 0x9CFF, 0x9CFF, 0x9CFF, 0x9BFF, 0xDDFF, 0x57DE, 
    0xD3BC, 0xFBFE, 0x9AFE, 0xBAFE, 0xBAFE, 0xBAFE, 0xBAFE, 0xBAFE, 0xBAFE, 0xBAFE, 0xBAFE, 0xBAFE, 
    0xBAFE, 0xBAFE, 0xBAFE, 0xBAFE, 0xBAFE, 0xBAFE, 0xBAFE, 0xBAFE, 0xBAFE, 0xBAFE, 0xBAFE, 0xBAFE, 
    0xBAFE, 0xBAFE, 0xBAFE, 0xBAFE, 0xBAFE, 0xBAFE, 0xBAFE, 0xBAFE, 0xBAFE, 0xBAFE, 0xBAFE, 0xBAFE, 
    0xBAFE, 0xBAFE, 0xBAFE, 0xBAFE, 0xBAFE, 0x9AFE, 0xBBFE, 0xBAFE, 0xBBFE, 0x7ADE, 0x9374, 0x1A9E, 
    0xFEC6, 0xFDB6, 0x1DBF, 0xFDBE, 0xFDBE, 0xFDBE, 0xFDBE, 0xFDBE, 0xFDBE, 0xFDBE, 0xFDBE, 0xFDBE, 
    0xFDBE, 0xFDBE, 0xFDBE, 0xFDBE, 0xFDBE, 0xFDBE, 0xFDBE, 0xFDBE, 0xFDBE, 0xFDBE, 0x1DBF, 0x9BAE, 
    
    0xA631, 0x5AAE, 0x3EBF, 0xFDBE, 0xFDBE, 0x1DBF, 0x1DB7, 0xFEBE, 0xFDBE, 0x1DB7, 0xFDBE, 0xFDBE, 
    0xFDBE, 0xFDBE, 0xFDBE, 0xFDBE, 0xFDBE, 0xFDBE, 0xFDBE, 0xFDBE, 0xFDBE, 0xFDBE, 0x1DB7, 0xFCBE, 
    0xFDBE, 0xFEB6, 0x1575, 0xB8AD, 0xBBFE, 0x9AFE, 0xBAFE, 0xBAFE, 0xBAFE, 0xBAFE, 0xBAFE, 0xBAFE, 
    0xBAFE, 0xBAFE, 0xBAFE, 0xBAFE, 0xBAFE, 0xBAFE, 0xBAFE, 0xBAFE, 0xBAFE, 0xBAFE, 0xBAFE, 0xBAFE, 
    0xBAFE, 0xBAFE, 0xBAFE, 0xBAFE, 0xBAFE, 0xBAFE, 0xBAFE, 0xBAFE, 0xBAFE, 0xBAFE, 0xBAFE, 0xBAFE, 
    0xBAFE, 0xBAFE, 0xBAFE, 0xBAFE, 0xBAFE, 0xBAFE, 0xBAFE, 0xBAFE, 0x9AFE, 0xBAFE, 0xBAFE, 0x34C5, 
    0xFAF6, 0xBCFF, 0x9CFF, 0x9CFF, 0x9CFF, 0x9CFF, 0x9CFF, 0x9CFF, 0x9CFF, 0x9CFF, 0x9CFF, 0x9CFF, 
    0x9CFF, 0x9CFF, 0x9CFF, 0x9CFF, 0x9CFF, 0x9CFF, 0x9CFF, 0x9CFF, 0x9CFF, 0x9CFF, 0x9CFF, 0x9CFF, 
    0x9CFF, 0x9CFF, 0x9CFF, 0x9CFF, 0x9CFF, 0x9CFF, 0x9CFF, 0x9CFF, 0x9CFF, 0x9CFF, 0x9CFF, 0x9CFF, 
    0x9CFF, 0x9CFF, 0x9CFF, 0x9CFF, 0x9CFF, 0x9CFF, 0x9CFF, 0x9CFF, 0x9CFF, 0x9CFF, 0x9CFF, 0x9CFF, 
    0x9CFF, 0x9CFF, 0x9CFF, 0x9CFF, 0x9CFF, 0x9CFF, 0x9CFF, 0x9CFF, 0x9CFF, 0x9CFF, 0x9CFF, 0x9CFF, 
    0x9CFF, 0x9CFF, 0x9CFF, 0x9CFF, 0x9CFF, 0x9CFF, 0x9CFF, 0x9CFF, 0x9CFF, 0x9CFF, 0x9CFF, 0x9CFF, 
    0x9CFF, 0x9CFF, 0x9CFF, 0x9CFF, 0x9CFF, 0x9CFF, 0x9CFF, 0x9CFF, 0x9CFF, 0x9CFF, 0x9CFF, 0x9CFF, 
    0x9CFF, 0x9CFF, 0x9CFF, 0x9CFF, 0x9CFF, 0x9CFF, 0x9CFF, 0x9CFF, 0x9CFF, 0x9CFF, 0x9CFF, 0x9CFF, 
    0x9CFF, 0x9CFF, 0x9CFF, 0x9CFF, 0x9CFF, 0x9CFF, 0x9CFF, 0x9CFF, 0x9CFF, 0x9CFF, 0x9CFF, 0x9CFF, 
    0x9CFF, 0x9CFF, 0x9CFF, 0x9CFF, 0x9CFF, 0x9CFF, 0x9CFF, 0x9CFF, 0x9CFF, 0x9CFF, 0x9CFF, 0x9CFF, 
    0x9CFF, 0x9CFF, 0x9CFF, 0x9CFF, 0x9CFF, 0x9CFF, 0x9CFF, 0x9CFF, 0x9CFF, 0x9CFF, 0x9CFF, 0x9CFF, 
    0x9CFF, 0x9CFF, 0x9CFF, 0x9CFF, 0x9CFF, 0x9BFF, 0xDDFF, 0x57DE, 0xD3BC, 0xFBFE, 0x9AFE, 0xBAFE, 
    0xBAFE, 0xBAFE, 0xBAFE, 0xBAFE, 0xBAFE, 0xBAFE, 0xBAFE, 0xBAFE, 0xBAFE, 0xBAFE, 0xBAFE, 0xBAFE, 
    0xBAFE, 0xBAFE, 0xBAFE, 0xBAFE, 0xBAFE, 0xBAFE, 0xBAFE, 0xBAFE, 0xBAFE, 0xBAFE, 0xBAFE, 0xBAFE, 
    0xBAFE, 0xBAFE, 0xBAFE, 0xBAFE, 0xBAFE, 0xBAFE, 0xBAFE, 0xBAFE, 0xBAFE, 0xBAFE, 0xBAFE, 0xBAFE, 
    0xBAFE, 0x9AFE, 0xBBFE, 0xBAFE, 0xBBFE, 0x7ADE, 0x9374, 0x1A9E, 0xFEC6, 0xFCB6, 0x1DBF, 0xFDBE, 
    0xFDBE, 0xFDBE, 0xFDBE, 0xFDBE, 0xFDBE, 0xFDBE, 0xFDBE, 0xFDBE, 0xFDBE, 0xFDBE, 0xFDBE, 0xFDBE, 
    0xFDBE, 0xFDBE, 0xFDBE, 0xFDBE, 0xFDBE, 0xFDBE, 0x1DBF, 0x9BAE, 
    0xA631, 0x5AAE, 0x3EBF, 0xFDBE, 
    0xFDBE, 0x1DBF, 0x1DB7, 0xFEBE, 0xFDBE, 0x1DB7, 0xFDBE, 0xFDBE, 0xFDBE, 0xFDBE, 0xFDBE, 0xFDBE, 
    0xFDBE, 0xFDBE, 0xFDBE, 0xFDBE, 0xFDBE, 0xFDBE, 0x1DB7, 0xFCBE, 0xFDBE, 0xFEB6, 0x1575, 0xB8AD, 
    0xBBFE, 0x9AFE, 0xBAFE, 0xBAFE, 0xBAFE, 0xBAFE, 0xBAFE, 0xBAFE, 0xBAFE, 0xBAFE, 0xBAFE, 0xBAFE, 
    0xBAFE, 0xBAFE, 0xBAFE, 0xBAFE, 0xBAFE, 0xBAFE, 0xBAFE, 0xBAFE, 0xBAFE, 0xBAFE, 0xBAFE, 0xBAFE, 
    0xBAFE, 0xBAFE, 0xBAFE, 0xBAFE, 0xBAFE, 0xBAFE, 0xBAFE, 0xBAFE, 0xBAFE, 0xBAFE, 0xBAFE, 0xBAFE, 
    0xBAFE, 0xBAFE, 0xBAFE, 0xBAFE, 0x9AFE, 0xBAFE, 0xBAFE, 0x34C5, 0xFAF6, 0xBCFF, 0x9CFF, 0x9CFF, 
    0x9CFF, 0x9CFF, 0x9CFF, 0x9CFF, 0x9CFF, 0x9CFF, 0x9CFF, 0x9CFF, 0x9CFF, 0x9CFF, 0x9CFF, 0x9CFF, 
    0x9CFF, 0x9CFF, 0x9CFF, 0x9CFF, 0x9CFF, 0x9CFF, 0x9CFF, 0x9CFF, 0x9CFF, 0x9CFF, 0x9CFF, 0x9CFF, 
    0x9CFF, 0x9CFF, 0x9CFF, 0x9CFF, 0x9CFF, 0x9CFF, 0x9CFF, 0x9CFF, 0x9CFF, 0x9CFF, 0x9CFF, 0x9CFF, 
    0x9CFF, 0x9CFF, 0x9CFF, 0x9CFF, 0x9CFF, 0x9CFF, 0x9CFF, 0x9CFF, 0x9CFF, 0x9CFF, 0x9CFF, 0x9CFF, 
    0x9CFF, 0x9CFF, 0x9CFF, 0x9CFF, 0x9CFF, 0x9CFF, 0x9CFF, 0x9CFF, 0x9CFF, 0x9CFF, 0x9CFF, 0x9CFF, 
    0x9CFF, 0x9CFF, 0x9CFF, 0x9CFF, 0x9CFF, 0x9CFF, 0x9CFF, 0x9CFF, 0x9CFF, 0x9CFF, 0x9CFF, 0x9CFF, 
    0x9CFF, 0x9CFF, 0x9CFF, 0x9CFF, 0x9CFF, 0x9CFF, 0x9CFF, 0x9CFF, 0x9CFF, 0x9CFF, 0x9CFF, 0x9CFF, 
    0x9CFF, 0x9CFF, 0x9CFF, 0x9CFF, 0x9CFF, 0x9CFF, 0x9CFF, 0x9CFF, 0x9CFF, 0x9CFF, 0x9CFF, 0x9CFF, 
    0x9CFF, 0x9CFF, 0x9CFF, 0x9CFF, 0x9CFF, 0x9CFF, 0x9CFF, 0x9CFF, 0x9CFF, 0x9CFF, 0x9CFF, 0x9CFF, 
    0x9CFF, 0x9CFF, 0x9CFF, 0x9CFF, 0x9CFF, 0x9CFF, 0x9CFF, 0x9CFF, 0x9CFF, 0x9CFF, 0x9CFF, 0x9CFF, 
    0x9CFF, 0x9CFF, 0x9CFF, 0x9CFF, 0x9CFF, 0x9CFF, 0x9CFF, 0x9CFF, 0x9CFF, 0x9CFF, 0x9CFF, 0x9CFF, 
    0x9CFF, 0x9BFF, 0xDDFF, 0x57DE, 0xD3BC, 0xFBFE, 0x9AFE, 0xBAFE, 0xBAFE, 0xBAFE, 0xBAFE, 0xBAFE, 
    0xBAFE, 0xBAFE, 0xBAFE, 0xBAFE, 0xBAFE, 0xBAFE, 0xBAFE, 0xBAFE, 0xBAFE, 0xBAFE, 0xBAFE, 0xBAFE, 
    0xBAFE, 0xBAFE, 0xBAFE, 0xBAFE, 0xBAFE, 0xBAFE, 0xBAFE, 0xBAFE, 0xBAFE, 0xBAFE, 0xBAFE, 0xBAFE, 
    0xBAFE, 0xBAFE, 0xBAFE, 0xBAFE, 0xBAFE, 0xBAFE, 0xBAFE, 0xBAFE, 0xBAFE, 0x9AFE, 0xBBFE, 0xBAFE, 
    0xBBFE, 0x7ADE, 0x9374, 0x1A9E, 0xFEC6, 0xFCB6, 0x1DBF, 0xFDBE, 0xFDBE, 0xFDBE, 0xFDBE, 0xFDBE, 
    0xFDBE, 0xFDBE, 0xFDBE, 0xFDBE, 0xFDBE, 0xFDBE, 0xFDBE, 0xFDBE, 0xFDBE, 0xFDBE, 0xFDBE, 0xFDBE, 
    0xFDBE, 0xFDBE, 0x1DBF, 0x9BAE, 
    0xA631, 0x5AAE, 0x3EBF, 0xFDBE, 0xFDBE, 0x1DBF, 0x1DB7, 0xFEBE, 
    0xFDBE, 0x1DB7, 0xFDBE, 0xFDBE, 0xFDBE, 0xFDBE, 0xFDBE, 0xFDBE, 0xFDBE, 0xFDBE, 0xFDBE, 0xFDBE, 
    0xFDBE, 0xFDBE, 0x1DB7, 0xFCBE, 0xFDBE, 0xFEB6, 0x1575, 0xB8AD, 0xBBFE, 0x9AFE, 0xBAFE, 0xBAFE, 
    0xBAFE, 0xBAFE, 0xBAFE, 0xBAFE, 0xBAFE, 0xBAFE, 0xBAFE, 0xBAFE, 0xBAFE, 0xBAFE, 0xBAFE, 0xBAFE, 
    0xBAFE, 0xBAFE, 0xBAFE, 0xBAFE, 0xBAFE, 0xBAFE, 0xBAFE, 0xBAFE, 0xBAFE, 0xBAFE, 0xBAFE, 0xBAFE, 
    0xBAFE, 0xBAFE, 0xBAFE, 0xBAFE, 0xBAFE, 0xBAFE, 0xBAFE, 0xBAFE, 0xBAFE, 0xBAFE, 0xBAFE, 0xBAFE, 
    0x9AFE, 0xBAFE, 0xBAFE, 0x34C5, 0xFAF6, 0xBCFF, 0x9CFF, 0x9CFF, 0x9CFF, 0x9CFF, 0x9CFF, 0x9CFF, 
    0x9CFF, 0x9CFF, 0x9CFF, 0x9CFF, 0x9CFF, 0x9CFF, 0x9CFF, 0x9CFF, 0x9CFF, 0x9CFF, 0x9CFF, 0x9CFF, 
    0x9CFF, 0x9CFF, 0x9CFF, 0x9CFF, 0x9CFF, 0x9CFF, 0x9CFF, 0x9CFF, 0x9CFF, 0x9CFF, 0x9CFF, 0x9CFF, 
    0x9CFF, 0x9CFF, 0x9CFF, 0x9CFF, 0x9CFF, 0x9CFF, 0x9CFF, 0x9CFF, 0x9CFF, 0x9CFF, 0x9CFF, 0x9CFF, 
    0x9CFF, 0x9CFF, 0x9CFF, 0x9CFF, 0x9CFF, 0x9CFF, 0x9CFF, 0x9CFF, 0x9CFF, 0x9CFF, 0x9CFF, 0x9CFF, 
    0x9CFF, 0x9CFF, 0x9CFF, 0x9CFF, 0x9CFF, 0x9CFF, 0x9CFF, 0x9CFF, 0x9CFF, 0x9CFF, 0x9CFF, 0x9CFF, 
    0x9CFF, 0x9CFF, 0x9CFF, 0x9CFF, 0x9CFF, 0x9CFF, 0x9CFF, 0x9CFF, 0x9CFF, 0x9CFF, 0x9CFF, 0x9CFF, 
    0x9CFF, 0x9CFF, 0x9CFF, 0x9CFF, 0x9CFF, 0x9CFF, 0x9CFF, 0x9CFF, 0x9CFF, 0x9CFF, 0x9CFF, 0x9CFF, 
    0x9CFF, 0x9CFF, 0x9CFF, 0x9CFF, 0x9CFF, 0x9CFF, 0x9CFF, 0x9CFF, 0x9CFF, 0x9CFF, 0x9CFF, 0x9CFF, 
    0x9CFF, 0x9CFF, 0x9CFF, 0x9CFF, 0x9CFF, 0x9CFF, 0x9CFF, 0x9CFF, 0x9CFF, 0x9CFF, 0x9CFF, 0x9CFF, 
    0x9CFF, 0x9CFF, 0x9CFF, 0x9CFF, 0x9CFF, 0x9CFF, 0x9CFF, 0x9CFF, 0x9CFF, 0x9CFF, 0x9CFF, 0x9CFF, 
    0x9CFF, 0x9CFF, 0x9CFF, 0x9CFF, 0x9CFF, 0x9CFF, 0x9CFF, 0x9CFF, 0x9CFF, 0x9BFF, 0xDDFF, 0x57DE, 
    0xD3BC, 0xFBFE, 0x9AFE, 0xBAFE, 0xBAFE, 0xBAFE, 0xBAFE, 0xBAFE, 0xBAFE, 0xBAFE, 0xBAFE, 0xBAFE, 
    0xBAFE, 0xBAFE, 0xBAFE, 0xBAFE, 0xBAFE, 0xBAFE, 0xBAFE, 0xBAFE, 0xBAFE, 0xBAFE, 0xBAFE, 0xBAFE, 
    0xBAFE, 0xBAFE, 0xBAFE, 0xBAFE, 0xBAFE, 0xBAFE, 0xBAFE, 0xBAFE, 0xBAFE, 0xBAFE, 0xBAFE, 0xBAFE, 
    0xBAFE, 0xBAFE, 0xBAFE, 0xBAFE, 0xBAFE, 0x9AFE, 0xBBFE, 0xBAFE, 0xBBFE, 0x7ADE, 0x9374, 0x1A9E, 
    0xFEC6, 0xFCB6, 0x1DBF, 0xFDBE, 0xFDBE, 0xFDBE, 0xFDBE, 0xFDBE, 0xFDBE, 0xFDBE, 0xFDBE, 0xFDBE, 
    0xFDBE, 0xFDBE, 0xFDBE, 0xFDBE, 0xFDBE, 0xFDBE, 0xFDBE, 0xFDBE, 0xFDBE, 0xFDBE, 0x1DBF, 0x9BAE, 
    
    0xA631, 0x5AAE, 0x3EBF, 0xFDBE, 0xFDBE, 0x1DBF, 0x1DB7, 0xFEBE, 0xFDBE, 0x1DB7, 0xFDBE, 0xFDBE, 
    0xFDBE, 0xFDBE, 0xFDBE, 0xFDBE, 0xFDBE, 0xFDBE, 0xFDBE, 0xFDBE, 0xFDBE, 0xFDBE, 0x1DB7, 0xFCBE, 
    0xFDBE, 0xFEB6, 0x1575, 0xB8AD, 0xBBFE, 0x9AFE, 0xBAFE, 0xBAFE, 0xBAFE, 0xBAFE, 0xBAFE, 0xBAFE, 
    0xBAFE, 0xBAFE, 0xBAFE, 0xBAFE, 0xBAFE, 0xBAFE, 0xBAFE, 0xBAFE, 0xBAFE, 0xBAFE, 0xBAFE, 0xBAFE, 
    0xBAFE, 0xBAFE, 0xBAFE, 0xBAFE, 0xBAFE, 0xBAFE, 0xBAFE, 0xBAFE, 0xBAFE, 0xBAFE, 0xBAFE, 0xBAFE, 
    0xBAFE, 0xBAFE, 0xBAFE, 0xBAFE, 0xBAFE, 0xBAFE, 0xBAFE, 0xBAFE, 0x9AFE, 0xBAFE, 0xBAFE, 0x34C5, 
    0xFAF6, 0xBCFF, 0x9CFF, 0x9CFF, 0x9CFF, 0x9CFF, 0x9CFF, 0x9CFF, 0x9CFF, 0x9CFF, 0x9CFF, 0x9CFF, 
    0x9CFF, 0x9CFF, 0x9CFF, 0x9CFF, 0x9CFF, 0x9CFF, 0x9CFF, 0x9CFF, 0x9CFF, 0x9CFF, 0x9CFF, 0x9CFF, 
    0x9CFF, 0x9CFF, 0x9CFF, 0x9CFF, 0x9CFF, 0x9CFF, 0x9CFF, 0x9CFF, 0x9CFF, 0x9CFF, 0x9CFF, 0x9CFF, 
    0x9CFF, 0x9CFF, 0x9CFF, 0x9CFF, 0x9CFF, 0x9CFF, 0x9CFF, 0x9CFF, 0x9CFF, 0x9CFF, 0x9CFF, 0x9CFF, 
    0x9CFF, 0x9CFF, 0x9CFF, 0x9CFF, 0x9CFF, 0x9CFF, 0x9CFF, 0x9CFF, 0x9CFF, 0x9CFF, 0x9CFF, 0x9CFF, 
    0x9CFF, 0x9CFF, 0x9CFF, 0x9CFF, 0x9CFF, 0x9CFF, 0x9CFF, 0x9CFF, 0x9CFF, 0x9CFF, 0x9CFF, 0x9CFF, 
    0x9CFF, 0x9CFF, 0x9CFF, 0x9CFF, 0x9CFF, 0x9CFF, 0x9CFF, 0x9CFF, 0x9CFF, 0x9CFF, 0x9CFF, 0x9CFF, 
    0x9CFF, 0x9CFF, 0x9CFF, 0x9CFF, 0x9CFF, 0x9CFF, 0x9CFF, 0x9CFF, 0x9CFF, 0x9CFF, 0x9CFF, 0x9CFF, 
    0x9CFF, 0x9CFF, 0x9CFF, 0x9CFF, 0x9CFF, 0x9CFF, 0x9CFF, 0x9CFF, 0x9CFF, 0x9CFF, 0x9CFF, 0x9CFF, 
    0x9CFF, 0x9CFF, 0x9CFF, 0x9CFF, 0x9CFF, 0x9CFF, 0x9CFF, 0x9CFF, 0x9CFF, 0x9CFF, 0x9CFF, 0x9CFF, 
    0x9CFF, 0x9CFF, 0x9CFF, 0x9CFF, 0x9CFF, 0x9CFF, 0x9CFF, 0x9CFF, 0x9CFF, 0x9CFF, 0x9CFF, 0x9CFF, 
    0x9CFF, 0x9CFF, 0x9CFF, 0x9CFF, 0x9CFF, 0x9BFF, 0xDDFF, 0x57DE, 0xD3BC, 0xFBFE, 0x9AFE, 0xBAFE, 
    0xBAFE, 0xBAFE, 0xBAFE, 0xBAFE, 0xBAFE, 0xBAFE, 0xBAFE, 0xBAFE, 0xBAFE, 0xBAFE, 0xBAFE, 0xBAFE, 
    0xBAFE, 0xBAFE, 0xBAFE, 0xBAFE, 0xBAFE, 0xBAFE, 0xBAFE, 0xBAFE, 0xBAFE, 0xBAFE, 0xBAFE, 0xBAFE, 
    0xBAFE, 0xBAFE, 0xBAFE, 0xBAFE, 0xBAFE, 0xBAFE, 0xBAFE, 0xBAFE, 0xBAFE, 0xBAFE, 0xBAFE, 0xBAFE, 
    0xBAFE, 0x9AFE, 0xBBFE, 0xBAFE, 0xBBFE, 0x7ADE, 0x9374, 0x1A9E, 0xFEC6, 0xFCB6, 0x1DBF, 0xFDBE, 
    0xFDBE, 0xFDBE, 0xFDBE, 0xFDBE, 0xFDBE, 0xFDBE, 0xFDBE, 0xFDBE, 0xFDBE, 0xFDBE, 0xFDBE, 0xFDBE, 
    0xFDBE, 0xFDBE, 0xFDBE, 0xFDBE, 0xFDBE, 0xFDBE, 0x1DBF, 0x9BAE, 
    0xA631, 0x5AAE, 0x3EBF, 0xFDBE, 
    0xFDBE, 0x1DBF, 0x1DB7, 0xFEBE, 0xFDBE, 0x1DB7, 0xFDBE, 0xFDBE, 0xFDBE, 0xFDBE, 0xFDBE, 0xFDBE, 
    0xFDBE, 0xFDBE, 0xFDBE, 0xFDBE, 0xFDBE, 0xFDBE, 0x1DB7, 0xFDBE, 0xFDBE, 0xFDB6, 0x1675, 0xB8AD, 
    0xBBFE, 0x9AFE, 0xBAFE, 0xBAFE, 0xBAFE, 0xBAFE, 0xBAFE, 0xBAFE, 0xBAFE, 0xBAFE, 0xBAFE, 0xBAFE, 
    0xBAFE, 0xBAFE, 0xBAFE, 0xBAFE, 0xBAFE, 0xBAFE, 0xBAFE, 0xBAFE, 0xBAFE, 0xBAFE, 0xBAFE, 0xBAFE, 
    0xBAFE, 0xBAFE, 0xBAFE, 0xBAFE, 0xBAFE, 0xBAFE, 0xBAFE, 0xBAFE, 0xBAFE, 0xBAFE, 0xBAFE, 0xBAFE, 
    0xBAFE, 0xBAFE, 0xBAFE, 0xBAFE, 0x9AFE, 0xBAFE, 0xBAFE, 0x34C5, 0xFAF6, 0xBCFF, 0x9CFF, 0x9CFF, 
    0x9CFF, 0x9CFF, 0x9CFF, 0x9CFF, 0x9CFF, 0x9CFF, 0x9CFF, 0x9CFF, 0x9CFF, 0x9CFF, 0x9CFF, 0x9CFF, 
    0x9CFF, 0x9CFF, 0x9CFF, 0x9CFF, 0x9CFF, 0x9CFF, 0x9CFF, 0x9CFF, 0x9CFF, 0x9CFF, 0x9CFF, 0x9CFF, 
    0x9CFF, 0x9CFF, 0x9CFF, 0x9CFF, 0x9CFF, 0x9CFF, 0x9CFF, 0x9CFF, 0x9CFF, 0x9CFF, 0x9CFF, 0x9CFF, 
    0x9CFF, 0x9CFF, 0x9CFF, 0x9CFF, 0x9CFF, 0x9CFF, 0x9CFF, 0x9CFF, 0x9CFF, 0x9CFF, 0x9CFF, 0x9CFF, 
    0x9CFF, 0x9CFF, 0x9CFF, 0x9CFF, 0x9CFF, 0x9CFF, 0x9CFF, 0x9CFF, 0x9CFF, 0x9CFF, 0x9CFF, 0x9CFF, 
    0x9CFF, 0x9CFF, 0x9CFF, 0x9CFF, 0x9CFF, 0x9CFF, 0x9CFF, 0x9CFF, 0x9CFF, 0x9CFF, 0x9CFF, 0x9CFF, 
    0x9CFF, 0x9CFF, 0x9CFF, 0x9CFF, 0x9CFF, 0x9CFF, 0x9CFF, 0x9CFF, 0x9CFF, 0x9CFF, 0x9CFF, 0x9CFF, 
    0x9CFF, 0x9CFF, 0x9CFF, 0x9CFF, 0x9CFF, 0x9CFF, 0x9CFF, 0x9CFF, 0x9CFF, 0x9CFF, 0x9CFF, 0x9CFF, 
    0x9CFF, 0x9CFF, 0x9CFF, 0x9CFF, 0x9CFF, 0x9CFF, 0x9CFF, 0x9CFF, 0x9CFF, 0x9CFF, 0x9CFF, 0x9CFF, 
    0x9CFF, 0x9CFF, 0x9CFF, 0x9CFF, 0x9CFF, 0x9CFF, 0x9CFF, 0x9CFF, 0x9CFF, 0x9CFF, 0x9CFF, 0x9CFF, 
    0x9CFF, 0x9CFF, 0x9CFF, 0x9CFF, 0x9CFF, 0x9CFF, 0x9CFF, 0x9CFF, 0x9CFF, 0x9CFF, 0x9CFF, 0x9CFF, 
    0x9CFF, 0x9BFF, 0xDDFF, 0x57DE, 0xD2BC, 0xFBFE, 0x9AFE, 0xBAFE, 0xBAFE, 0xBAFE, 0xBAFE, 0xBAFE, 
    0xBAFE, 0xBAFE, 0xBAFE, 0xBAFE, 0xBAFE, 0xBAFE, 0xBAFE, 0xBAFE, 0xBAFE, 0xBAFE, 0xBAFE, 0xBAFE, 
    0xBAFE, 0xBAFE, 0xBAFE, 0xBAFE, 0xBAFE, 0xBAFE, 0xBAFE, 0xBAFE, 0xBAFE, 0xBAFE, 0xBAFE, 0xBAFE, 
    0xBAFE, 0xBAFE, 0xBAFE, 0xBAFE, 0xBAFE, 0xBAFE, 0xBAFE, 0xBAFE, 0xBAFE, 0x9AFE, 0xBBFE, 0xBAFE, 
    0xBBFE, 0x7ADE, 0x9374, 0x1A9E, 0xFEC6, 0xFCB6, 0x1DBF, 0xFDBE, 0xFDBE, 0xFDBE, 0xFDBE, 0xFDBE, 
    0xFDBE, 0xFDBE, 0xFDBE, 0xFDBE, 0xFDBE, 0xFDBE, 0xFDBE, 0xFDBE, 0xFDBE, 0xFDBE, 0xFDBE, 0xFDBE, 
    0xFDBE, 0xFDBE, 0x1DBF, 0x9BAE, 
    0xA631, 0x5AAE, 0x3EBF, 0xFDBE, 0xFDBE, 0x1DBF, 0x1DB7, 0xFEBE, 
    0xFDBE, 0x1DB7, 0xFDBE, 0xFDBE, 0xFDBE, 0xFDBE, 0xFDBE, 0xFDBE, 0xFDBE, 0xFDBE, 0xFDBE, 0xFDBE, 
    0xFDBE, 0xFCBE, 0x1DB7, 0x1DB7, 0x1DBF, 0xFDB6, 0xF67C, 0x99B5, 0xDBFE, 0x9AFE, 0xBBFE, 0xBBFE, 
    0xBBFE, 0xBBFE, 0xBBFE, 0xBBFE, 0xBBFE, 0xBBFE, 0xBBFE, 0xBBFE, 0xBBFE, 0xBBFE, 0xBBFE, 0xBBFE, 
    0xBBFE, 0xBBFE, 0xBBFE, 0xBBFE, 0xBBFE, 0xBBFE, 0xBBFE, 0xBBFE, 0xBBFE, 0xBBFE, 0xBBFE, 0xBBFE, 
    0xBBFE, 0xBBFE, 0xBBFE, 0xBBFE, 0xBBFE, 0xBBFE, 0xBBFE, 0xBBFE, 0xBBFE, 0xBBFE, 0xBBFE, 0xBBFE, 
    0xBBFE, 0xBAFE, 0xBAF6, 0x54C5, 0xFAF6, 0xBCFF, 0x9CFF, 0x9CFF, 0x9CFF, 0x9CFF, 0x9CFF, 0x9CFF, 
    0x9CFF, 0x9CFF, 0x9CFF, 0x9CFF, 0x9CFF, 0x9CFF, 0x9CFF, 0x9CFF, 0x9CFF, 0x9CFF, 0x9CFF, 0x9CFF, 
    0x9CFF, 0x9CFF, 0x9CFF, 0x9CFF, 0x9CFF, 0x9CFF, 0x9CFF, 0x9CFF, 0x9CFF, 0x9CFF, 0x9CFF, 0x9CFF, 
    0x9CFF, 0x9CFF, 0x9CFF, 0x9CFF, 0x9CFF, 0x9CFF, 0x9CFF, 0x9CFF, 0x9CFF, 0x9CFF, 0x9CFF, 0x9CFF, 
    0x9CFF, 0x9CFF, 0x9CFF, 0x9CFF, 0x9CFF, 0x9CFF, 0x9CFF, 0x9CFF, 0x9CFF, 0x9CFF, 0x9CFF, 0x9CFF, 
    0x9CFF, 0x9CFF, 0x9CFF, 0x9CFF, 0x7CFF, 0x7CFF, 0x7CFF, 0x7CFF, 0x9CFF, 0x9CFF, 0x9CFF, 0x9CFF, 
    0x9CFF, 0x9CFF, 0x9CFF, 0x9CFF, 0x9CFF, 0x9CFF, 0x7CFF, 0x7CFF, 0x7CFF, 0x7CFF, 0x7CFF, 0x9CFF, 
    0x7CFF, 0x9CFF, 0x7CFF, 0x9CFF, 0x9CFF, 0x9CFF, 0x9CFF, 0x9CFF, 0x9CFF, 0x9CFF, 0x9CFF, 0x9CFF, 
    0x9CFF, 0x9CFF, 0x9CFF, 0x9CFF, 0x9CFF, 0x9CFF, 0x9CFF, 0x9CFF, 0x9CFF, 0x9CFF, 0x9CFF, 0x9CFF, 
    0x9CFF, 0x9CFF, 0x9CFF, 0x9CFF, 0x9CFF, 0x9CFF, 0x9CFF, 0x9CFF, 0x9CFF, 0x9CFF, 0x9CFF, 0x9CFF, 
    0x9CFF, 0x9CFF, 0x9CFF, 0x9CFF, 0x9CFF, 0x9CFF, 0x9CFF, 0x9CFF, 0x9CFF, 0x9CFF, 0x9CFF, 0x9CFF, 
    0x9CFF, 0x9CFF, 0x9CFF, 0x9CFF, 0x9CFF, 0x9CFF, 0x9CFF, 0x9CFF, 0x9CFF, 0x9CFF, 0xDDFF, 0x57DE, 
    0xF2C4, 0xFBFE, 0x9BFE, 0xBBFE, 0xBBFE, 0xBBFE, 0xBBFE, 0xBBFE, 0xBBFE, 0xBBFE, 0xBBFE, 0xBBFE, 
    0xBBFE, 0xBBFE, 0xBBFE, 0xBBFE, 0xBBFE, 0xBBFE, 0xBBFE, 0xBBFE, 0xBBFE, 0xBBFE, 0xBBFE, 0xBBFE, 
    0xBBFE, 0xBBFE, 0xBBFE, 0xBBFE, 0xBBFE, 0xBBFE, 0xBBFE, 0xBBFE, 0xBBFE, 0xBBFE, 0xBBFE, 0xBBFE, 
    0xBBFE, 0xBBFE, 0xBBFE, 0xBBFE, 0xBBF6, 0xBBFE, 0xBBFE, 0xBAF6, 0xDBFE, 0x5ADE, 0x737C, 0x3B9E, 
    0x1EBF, 0xFCBE, 0x1DBF, 0xFDBE, 0xFDBE, 0xFDBE, 0xFDBE, 0xFDBE, 0xFDBE, 0xFDBE, 0xFDBE, 0xFDBE, 
    0xFDBE, 0xFDBE, 0xFDBE, 0xFDBE, 0xFDBE, 0xFDBE, 0xFDBE, 0xFDBE, 0xFDBE, 0xFDBE, 0x1DBF, 0x9BAE, 
    
    0xA631, 0x5AAE, 0x3EBF, 0xFDBE, 0xFDBE, 0x1DBF, 0x1DB7, 0xFEBE, 0xFDBE, 0x1DB7, 0xFDBE, 0xFDBE, 
    0xFDBE, 0xFDBE, 0xFDBE, 0xFDBE, 0xFDBE, 0xFDBE, 0xFDBE, 0xFDBE, 0xFDBE, 0xFCBE, 0x1DB7, 0x1DB7, 
    0xFCB6, 0xFDBE, 0xD67C, 0xB9B5, 0xBAFE, 0x9AFE, 0x9AFE, 0x9AFE, 0x9AFE, 0x9AFE, 0x9AFE, 0x9AFE, 
    0x9AFE, 0x9AFE, 0x9AFE, 0x9AFE, 0x9AFE, 0x9AFE, 0x9AFE, 0x9AFE, 0x9AFE, 0x9AFE, 0x9AFE, 0x9AFE, 
    0x9AFE, 0x9AFE, 0x9AFE, 0x9AFE, 0x9AFE, 0x9AFE, 0x9AFE, 0x9AFE, 0x9AFE, 0x9AFE, 0x9AFE, 0x9AFE, 
    0x9AFE, 0x9AFE, 0x9AFE, 0x9AFE, 0x9AFE, 0x9AFE, 0x9AFE, 0x9AFE, 0x9AFE, 0xBBFE, 0x9AFE, 0x34C5, 
    0xFAF6, 0xBCFF, 0x9CFF, 0x9CFF, 0x9CFF, 0x9CFF, 0x9CFF, 0x9CFF, 0x9CFF, 0x9CFF, 0x9CFF, 0x9CFF, 
    0x9CFF, 0x9CFF, 0x9CFF, 0x9CFF, 0x9CFF, 0x9CFF, 0x9CFF, 0x9CFF, 0x9CFF, 0x9CFF, 0x9CFF, 0x9CFF, 
    0x9CFF, 0x9CFF, 0x9CFF, 0x9CFF, 0x9CFF, 0x9CFF, 0x9CFF, 0x9CFF, 0x9CFF, 0x9CFF, 0x9CFF, 0x9CFF, 
    0x9CFF, 0x9CFF, 0x9CFF, 0x9CFF, 0x9CFF, 0x9CFF, 0x9CFF, 0x9CFF, 0x9CFF, 0x9CFF, 0x9CFF, 0x9CFF, 
    0x9CFF, 0x9CFF, 0x9CFF, 0x9CFF, 0x9CFF, 0x9CFF, 0x9CFF, 0x9CFF, 0x9CFF, 0x9CFF, 0x98E6, 0x17D6, 
    0x37DE, 0x37DE, 0x37DE, 0x37DE, 0x37DE, 0x37DE, 0x37DE, 0x37DE, 0x37DE, 0x37DE, 0x37DE, 0x37DE, 
    0x37DE, 0x37DE, 0x37DE, 0x37DE, 0x37DE, 0x37DE, 0x17D6, 0x17DE, 0x37DE, 0x37DE, 0x37DE, 0x5BF7, 
    0x9CFF, 0x9CFF, 0x9CFF, 0x9CFF, 0x9CFF, 0x9CFF, 0x9CFF, 0x9CFF, 0x9CFF, 0x9CFF, 0x9CFF, 0x9CFF, 
    0x9CFF, 0x9CFF, 0x9CFF, 0x9CFF, 0x9CFF, 0x9CFF, 0x9CFF, 0x9CFF, 0x9CFF, 0x9CFF, 0x9CFF, 0x9CFF, 
    0x9CFF, 0x9CFF, 0x9CFF, 0x9CFF, 0x9CFF, 0x9CFF, 0x9CFF, 0x9CFF, 0x9CFF, 0x9CFF, 0x9CFF, 0x9CFF, 
    0x9CFF, 0x9CFF, 0x9CFF, 0x9CFF, 0x9CFF, 0x9CFF, 0x9CFF, 0x9CFF, 0x9CFF, 0x9CFF, 0x9CFF, 0x9CFF, 
    0x9CFF, 0x9CFF, 0x9CFF, 0x9CFF, 0x9CFF, 0x9CFF, 0xBCFF, 0x78DE, 0xD2BC, 0xDBFE, 0x9AFE, 0x9AFE, 
    0x9AFE, 0x9AFE, 0x9AFE, 0x9AFE, 0x9AFE, 0x9AFE, 0x9AFE, 0x9AFE, 0x9AFE, 0x9AFE, 0x9AFE, 0x9AFE, 
    0x9AFE, 0x9AFE, 0x9AFE, 0x9AFE, 0x9AFE, 0x9AFE, 0x9AFE, 0x9AFE, 0x9AFE, 0x9AFE, 0x9AFE, 0x9AFE, 
    0x9AFE, 0x9AFE, 0x9AFE, 0x9AFE, 0x9AFE, 0x9AFE, 0x9AFE, 0x9AFE, 0x9AFE, 0x9AFE, 0x9AFE, 0x9AFE, 
    0xBAFE, 0x9AFE, 0x9AFE, 0xBAFE, 0xDAFE, 0x7AE6, 0x7374, 0x1A9E, 0x1EBF, 0x1CBF, 0xFDBE, 0xFDBE, 
    0xFDBE, 0xFDBE, 0xFDBE, 0xFDBE, 0xFDBE, 0xFDBE, 0xFDBE, 0xFDBE, 0xFDBE, 0xFDBE, 0xFDBE, 0xFDBE, 
    0xFDBE, 0xFDBE, 0xFDBE, 0xFDBE, 0xFDBE, 0xFDBE, 0x1DBF, 0x9BAE, 
    0xA631, 0x5AAE, 0x3EBF, 0xFDBE, 
    0xFDBE, 0x1DBF, 0x1DB7, 0xFEBE, 0xFDBE, 0x1DB7, 0xFDBE, 0xFDBE, 0xFDBE, 0xFDBE, 0xFDBE, 0xFDBE, 
    0xFDBE, 0xFDBE, 0xFDBE, 0xFDBE, 0xFDBE, 0xFDBE, 0x1DB7, 0x1DB7, 0x1DBF, 0xFDB6, 0xF67C, 0xB8B5, 
    0xFBFE, 0xDAFE, 0xDAFE, 0xDAFE, 0xDAFE, 0xDAFE, 0xDAFE, 0xDAFE, 0xDAFE, 0xDAFE, 0xDAFE, 0xDAFE, 
    0xDAFE, 0xDAFE, 0xDAFE, 0xDAFE, 0xDAFE, 0xDAFE, 0xDAFE, 0xDAFE, 0xDAFE, 0xDAFE, 0xDAFE, 0xDAFE, 
    0xDAFE, 0xDAFE, 0xDAFE, 0xDAFE, 0xDAFE, 0xDAFE, 0xDAFE, 0xDAFE, 0xDAFE, 0xDAFE, 0xDAFE, 0xDAFE, 
    0xDAFE, 0xDAFE, 0xDAFE, 0xDBFE, 0x9AFE, 0xBAFE, 0xBAFE, 0x33CD, 0xFAF6, 0xBCFF, 0x9CFF, 0x9CFF, 
    0x9CFF, 0x9CFF, 0x9CFF, 0x9CFF, 0x9CFF, 0x9CFF, 0x9CFF, 0x9CFF, 0x9CFF, 0x9CFF, 0x9CFF, 0x9CFF, 
    0x9CFF, 0x9CFF, 0x9CFF, 0x9CFF, 0x9CFF, 0x9CFF, 0x9CFF, 0x9CFF, 0x9CFF, 0x9CFF, 0x9CFF, 0x9CFF, 
    0x9CFF, 0x9CFF, 0x9CFF, 0x9CFF, 0x9CFF, 0x9CFF, 0x9CFF, 0x9CFF, 0x9CFF, 0x9CFF, 0x9CFF, 0x9CFF, 
    0x9CFF, 0x9CFF, 0x9CFF, 0x9CFF, 0x9CFF, 0x9CFF, 0x9CFF, 0x9CFF, 0x9CFF, 0x9CFF, 0x9CFF, 0x9CFF, 
    0x9CFF, 0x9CFF, 0x9CFF, 0x7CFF, 0x7BFF, 0x7CFF, 0x37DE, 0xB5CD, 0xB5CD, 0xB5CD, 0xB5CD, 0xB5D5, 
    0xB5CD, 0xB5CD, 0xB5CD, 0xB5CD, 0xB5CD, 0xB5CD, 0xB5CD, 0xB5CD, 0xB5CD, 0xB5CD, 0xB5CD, 0xB5CD, 
    0xB5CD, 0xB5CD, 0xB5CD, 0xB5CD, 0xD5CD, 0xB5CD, 0xD6D5, 0x3BF7, 0x9CFF, 0x9CFF, 0x9CFF, 0x9CFF, 
    0x9CFF, 0x9CFF, 0x9CFF, 0x9CFF, 0x9CFF, 0x9CFF, 0x9CFF, 0x9CFF, 0x9CFF, 0x9CFF, 0x9CFF, 0x9CFF, 
    0x9CFF, 0x9CFF, 0x9CFF, 0x9CFF, 0x9CFF, 0x9CFF, 0x9CFF, 0x9CFF, 0x9CFF, 0x9CFF, 0x9CFF, 0x9CFF, 
    0x9CFF, 0x9CFF, 0x9CFF, 0x9CFF, 0x9CFF, 0x9CFF, 0x9CFF, 0x9CFF, 0x9CFF, 0x9CFF, 0x9CFF, 0x9CFF, 
    0x9CFF, 0x9CFF, 0x9CFF, 0x9CFF, 0x9CFF, 0x9CFF, 0x9CFF, 0x9CFF, 0x9CFF, 0x9CFF, 0x9CFF, 0x9CFF, 
    0x9CFF, 0x7BFF, 0xDDFF, 0x57DE, 0xF2BC, 0x1BFF, 0xBAFE, 0xDAFE, 0xDAFE, 0xDAFE, 0xDAFE, 0xDAFE, 
    0xDAFE, 0xDAFE, 0xDAFE, 0xDAFE, 0xDAFE, 0xDAFE, 0xDAFE, 0xDAFE, 0xDAFE, 0xDAFE, 0xDAFE, 0xDAFE, 
    0xDAFE, 0xDAFE, 0xDAFE, 0xDAFE, 0xDAFE, 0xDAFE, 0xDAFE, 0xDAFE, 0xDAFE, 0xDAFE, 0xDAFE, 0xDAFE, 
    0xDAFE, 0xDAFE, 0xDAFE, 0xDAFE, 0xDAFE, 0xDAFE, 0xDAFE, 0xDAFE, 0xDAFE, 0x9AFE, 0xBAFE, 0xBAFE, 
    0xDAFE, 0x7AE6, 0x737C, 0x1A96, 0x1EBF, 0xFCB6, 0x1DBF, 0xFDBE, 0xFDBE, 0xFDBE, 0xFDBE, 0xFDBE, 
    0xFDBE, 0xFDBE, 0xFDBE, 0xFDBE, 0xFDBE, 0xFDBE, 0xFDBE, 0xFDBE, 0xFDBE, 0xFDBE, 0xFDBE, 0xFDBE, 
    0xFDBE, 0xFDBE, 0x1DBF, 0x9BAE, 
    0xA631, 0x5AAE, 0x3EBF, 0xFDBE, 0xFDBE, 0x1DBF, 0x1DB7, 0xFEBE, 
    0xFDBE, 0x1DB7, 0xFDBE, 0xFDBE, 0xFDBE, 0xFDBE, 0xFDBE, 0xFDBE, 0xFDBE, 0xFDBE, 0xFDBE, 0xFDBE, 
    0xFDBE, 0xFDBE, 0x1DB7, 0x1DB7, 0xFDBE, 0xFDB6, 0xF67C, 0x97A5, 0x78EE, 0x18F6, 0x18F6, 0x18F6, 
    0x18F6, 0x18F6, 0x18F6, 0x18F6, 0x18F6, 0x18F6, 0x18F6, 0x18F6, 0x18F6, 0x18F6, 0x18F6, 0x18F6, 
    0x18F6, 0x18F6, 0x18F6, 0x18F6, 0x18F6, 0x18F6, 0x18F6, 0x18F6, 0x18F6, 0x18F6, 0x18F6, 0x18F6, 
    0x18F6, 0x18F6, 0x18F6, 0x18F6, 0x18F6, 0x18F6, 0x18F6, 0x18F6, 0x18F6, 0x18F6, 0x18F6, 0x38F6, 
    0x38EE, 0x38F6, 0x37EE, 0x12C5, 0xFAF6, 0xBCFF, 0x9CFF, 0x9CFF, 0x9CFF, 0x9CFF, 0x9CFF, 0x9CFF, 
    0x9CFF, 0x9CFF, 0x9CFF, 0x9CFF, 0x9CFF, 0x9CFF, 0x9CFF, 0x9CFF, 0x9CFF, 0x9CFF, 0x9CFF, 0x9CFF, 
    0x9CFF, 0x9CFF, 0x9CFF, 0x9CFF, 0x9CFF, 0x9CFF, 0x9CFF, 0x9CFF, 0x9CFF, 0x9CFF, 0x9CFF, 0x9CFF, 
    0x9CFF, 0x9CFF, 0x9CFF, 0x9CFF, 0x9CFF, 0x9CFF, 0x9CFF, 0x9CFF, 0x9CFF, 0x9CFF, 0x9CFF, 0x9CFF, 
    0x9CFF, 0x9CFF, 0x9CFF, 0x9CFF, 0x9CFF, 0x9CFF, 0x9CFF, 0x9CFF, 0x9CFF, 0x9CFF, 0x7CFF, 0x9CFF, 
    0x7CFF, 0x7CFF, 0x57DE, 0xB5CD, 0xB5CD, 0xB5CD, 0xB5D5, 0xB5D5, 0xB5D5, 0xB5D5, 0xB5D5, 0xB5D5, 
    0xB5D5, 0xB5D5, 0xB5D5, 0xB5D5, 0xB5D5, 0xB5CD, 0xB5CD, 0xB5CD, 0xB5CD, 0xB5CD, 0xB5CD, 0xB5CD, 
    0xB5CD, 0xB5CD, 0xD6D5, 0x3BF7, 0x9CFF, 0x9CFF, 0x9CFF, 0x9CFF, 0x9CFF, 0x9CFF, 0x9CFF, 0x9CFF, 
    0x9CFF, 0x9CFF, 0x9CFF, 0x9CFF, 0x9CFF, 0x9CFF, 0x9CFF, 0x9CFF, 0x9CFF, 0x9CFF, 0x9CFF, 0x9CFF, 
    0x9CFF, 0x9CFF, 0x9CFF, 0x9CFF, 0x9CFF, 0x9CFF, 0x9CFF, 0x9CFF, 0x9CFF, 0x9CFF, 0x9CFF, 0x9CFF, 
    0x9CFF, 0x9CFF, 0x9CFF, 0x9CFF, 0x9CFF, 0x9CFF, 0x9CFF, 0x9CFF, 0x9CFF, 0x9CFF, 0x9CFF, 0x9CFF, 
    0x9CFF, 0x9CFF, 0x9CFF, 0x9CFF, 0x9CFF, 0x9CFF, 0x9CFF, 0x9CFF, 0x9CFF, 0x9CFF, 0xDDFF, 0x57DE, 
    0x91B4, 0x79F6, 0x18F6, 0x18F6, 0x18F6, 0x18F6, 0x18F6, 0x18F6, 0x18F6, 0x18F6, 0x18F6, 0x18F6, 
    0x18F6, 0x18F6, 0x18F6, 0x18F6, 0x18F6, 0x18F6, 0x18F6, 0x18F6, 0x18F6, 0x18F6, 0x18F6, 0x18F6, 
    0x18F6, 0x18F6, 0x18F6, 0x18F6, 0x18F6, 0x18F6, 0x18F6, 0x18F6, 0x18F6, 0x18F6, 0x18F6, 0x18F6, 
    0x18F6, 0x18F6, 0x18F6, 0x18F6, 0x38EE, 0x38F6, 0x38F6, 0x37EE, 0x58EE, 0x18D6, 0x7374, 0x1A96, 
    0x1EBF, 0xFCBE, 0xFDBE, 0xFDBE, 0xFDBE, 0xFDBE, 0xFDBE, 0xFDBE, 0xFDBE, 0xFDBE, 0xFDBE, 0xFDBE, 
    0xFDBE, 0xFDBE, 0xFDBE, 0xFDBE, 0xFDBE, 0xFDBE, 0xFDBE, 0xFDBE, 0xFDBE, 0xFDBE, 0x1DBF, 0x9BAE, 
    
    0xA631, 0x5AAE, 0x3EBF, 0xFDBE, 0xFDBE, 0x1DBF, 0x1DB7, 0xFEBE, 0xFDBE, 0x1DB7, 0xFDBE, 0xFDBE, 
    0xFDBE, 0xFDBE, 0xFDBE, 0xFDBE, 0xFDBE, 0xFDBE, 0xFDBE, 0xFDB6, 0xFDBE, 0xFDBE, 0xFEB6, 0x1DB7, 
    0x1DBF, 0xFDB6, 0x367D, 0x527C, 0xCD93, 0xAD9B, 0xAD9B, 0xAD9B, 0xAD9B, 0xAD9B, 0xAD9B, 0xAD9B, 
    0xAD9B, 0xAD9B, 0xAD9B, 0xAD9B, 0xAD9B, 0xAD9B, 0xAD9B, 0xAD9B, 0xAD9B, 0xAD9B, 0xAD9B, 0xAD9B, 
    0xAD9B, 0xAD9B, 0xAD9B, 0xAD9B, 0xAD9B, 0xAD9B, 0xAD9B, 0xAD9B, 0xAD9B, 0xAD9B, 0xAD9B, 0xAD9B, 
    0xAD9B, 0xAD9B, 0xAD9B, 0xAD9B, 0xAD9B, 0xAD9B, 0xAD9B, 0xAD9B, 0xCD93, 0xCD93, 0xAD93, 0x70A4, 
    0x5BFF, 0x9CFF, 0x9CFF, 0x9CFF, 0x9CFF, 0x9CFF, 0x9CFF, 0x9CFF, 0x9CFF, 0x9CFF, 0x9CFF, 0x9CFF, 
    0x9CFF, 0x9CFF, 0x9CFF, 0x9CFF, 0x9CFF, 0x9CFF, 0x9CFF, 0x9CFF, 0x9CFF, 0x9CFF, 0x9CFF, 0x9CFF, 
    0x9CFF, 0x9CFF, 0x9CFF, 0x9CFF, 0x9CFF, 0x9CFF, 0x9CFF, 0x9CFF, 0x9CFF, 0x9CFF, 0x9CFF, 0x9CFF, 
    0x9CFF, 0x9CFF, 0x9CFF, 0x9CFF, 0x9CFF, 0x9CFF, 0x9CFF, 0x9CFF, 0x9CFF, 0x9CFF, 0x9CFF, 0x9CFF, 
    0x9CFF, 0x9CFF, 0x9CFF, 0x9CFF, 0x9CFF, 0x9CFF, 0x9CFF, 0x9CFF, 0x9CFF, 0x9CFF, 0x98E6, 0x37DE, 
    0x57DE, 0x37DE, 0x37DE, 0x37DE, 0x37DE, 0x37DE, 0x37DE, 0x37DE, 0x37DE, 0x37DE, 0x37DE, 0x37DE, 
    0x37DE, 0x37DE, 0x57DE, 0x57DE, 0x57DE, 0x57DE, 0x37DE, 0x57DE, 0x37DE, 0x37DE, 0x57E6, 0x5BFF, 
    0x9CFF, 0x9CFF, 0x9CFF, 0x9CFF, 0x9CFF, 0x9CFF, 0x9CFF, 0x9CFF, 0x9CFF, 0x9CFF, 0x9CFF, 0x9CFF, 
    0x9CFF, 0x9CFF, 0x9CFF, 0x9CFF, 0x9CFF, 0x9CFF, 0x9CFF, 0x9CFF, 0x9CFF, 0x9CFF, 0x9CFF, 0x9CFF, 
    0x9CFF, 0x9CFF, 0x9CFF, 0x9CFF, 0x9CFF, 0x9CFF, 0x9CFF, 0x9CFF, 0x9CFF, 0x9CFF, 0x9CFF, 0x9CFF, 
    0x9CFF, 0x9CFF, 0x9CFF, 0x9CFF, 0x9CFF, 0x9CFF, 0x9CFF, 0x9CFF, 0x9CFF, 0x9CFF, 0x9CFF, 0x9CFF, 
    0x9CFF, 0x9CFF, 0x9CFF, 0x9CFF, 0x9CFF, 0x9CFF, 0xBCFF, 0xF9EE, 0xCD93, 0xAD93, 0xAD9B, 0xAD9B, 
    0xAD9B, 0xAD9B, 0xAD9B, 0xAD9B, 0xAD9B, 0xAD9B, 0xAD9B, 0xAD9B, 0xAD9B, 0xAD9B, 0xAD9B, 0xAD9B, 
    0xAD9B, 0xAD9B, 0xAD9B, 0xAD9B, 0xAD9B, 0xAD9B, 0xAD9B, 0xAD9B, 0xAD9B, 0xAD9B, 0xAD9B, 0xAD9B, 
    0xAD9B, 0xAD9B, 0xAD9B, 0xAD9B, 0xAD9B, 0xAD9B, 0xAD9B, 0xAD9B, 0xAD9B, 0xAD9B, 0xAD9B, 0xAD9B, 
    0xCD93, 0xAD9B, 0xAD9B, 0xCD93, 0xCD93, 0xEF8B, 0xB37C, 0x1A96, 0x1EBF, 0xFCBE, 0x1DBF, 0xFDBE, 
    0xFDBE, 0xFDBE, 0xFDBE, 0xFDBE, 0xFDBE, 0xFDBE, 0xFDBE, 0xFDBE, 0xFDBE, 0xFDBE, 0xFDBE, 0xFDBE, 
    0xFDBE, 0xFDBE, 0xFDBE, 0xFDBE, 0xFDBE, 0xFDBE, 0x1DBF, 0x9BAE, 
    0xA631, 0x5AAE, 0x3EBF, 0xFDBE, 
    0xFDBE, 0x1DBF, 0x1DB7, 0xFEBE, 0xFDBE, 0x1DB7, 0xFDBE, 0xFDBE, 0xFDBE, 0xFDBE, 0xFDBE, 0xFDBE, 
    0xFDBE, 0xFDBE, 0xFDBE, 0x1DB7, 0xFDBE, 0xFDBE, 0x1DB7, 0x1DB7, 0xFDBE, 0xFDB6, 0xF67C, 0x19B6, 
    0xBCFF, 0x9BFF, 0xBCFF, 0xBCFF, 0xBCFF, 0xBCFF, 0xBCFF, 0xBCFF, 0xBCFF, 0xBCFF, 0xBCFF, 0xBCFF, 
    0xBCFF, 0xBCFF, 0xBCFF, 0xBCFF, 0xBCFF, 0xBCFF, 0xBCFF, 0xBCFF, 0xBCFF, 0xBCFF, 0xBCFF, 0xBCFF, 
    0xBCFF, 0xBCFF, 0xBCFF, 0xBCFF, 0xBCFF, 0xBCFF, 0xBCFF, 0xBCFF, 0xBCFF, 0xBCFF, 0xBCFF, 0xBCFF, 
    0xBCFF, 0xBCFF, 0xBCFF, 0xBCFF, 0x9CFF, 0x9BFF, 0x7CFF, 0x9CFF, 0x9CFF, 0x9CFF, 0x9CFF, 0x9CFF, 
    0x7CFF, 0x9CFF, 0x9CFF, 0x9CFF, 0x9CFF, 0x9CFF, 0x9CFF, 0x9CFF, 0x9CFF, 0x9CFF, 0x9CFF, 0x9CFF, 
    0x9CFF, 0x9CFF, 0x9CFF, 0x9CFF, 0x9CFF, 0x9CFF, 0x9CFF, 0x9CFF, 0x9CFF, 0x9CFF, 0x9CFF, 0x9CFF, 
    0x9CFF, 0x9CFF, 0x9CFF, 0x9CFF, 0x9CFF, 0x9CFF, 0x9CFF, 0x9CFF, 0x9CFF, 0x9CFF, 0x9CFF, 0x9CFF, 
    0x9CFF, 0x9CFF, 0x9CFF, 0x9CFF, 0x9CFF, 0x9CFF, 0x9CFF, 0x9CFF, 0x9CFF, 0x9CFF, 0x9CFF, 0x9CFF, 
    0x9CFF, 0x9CFF, 0x9CFF, 0x9CFF, 0x9CFF, 0x9CFF, 0x9CFF, 0x9CFF, 0x9CFF, 0x9CFF, 0x9CFF, 0x9CFF, 
    0x9CFF, 0x9CFF, 0x9CFF, 0x9CFF, 0x9CFF, 0x9CFF, 0x9CFF, 0x9CFF, 0x9CFF, 0x9CFF, 0x9CFF, 0x9CFF, 
    0x9CFF, 0x9CFF, 0x9CFF, 0x9CFF, 0x9CFF, 0x9CFF, 0x9CFF, 0x9CFF, 0x9CFF, 0x9CFF, 0x9CFF, 0x9CFF, 
    0x9CFF, 0x9CFF, 0x9CFF, 0x9CFF, 0x9CFF, 0x9CFF, 0x9CFF, 0x9CFF, 0x9CFF, 0x9CFF, 0x9CFF, 0x9CFF, 
    0x9CFF, 0x9CFF, 0x9CFF, 0x9CFF, 0x9CFF, 0x9CFF, 0x9CFF, 0x9CFF, 0x9CFF, 0x9CFF, 0x9CFF, 0x9CFF, 
    0x9CFF, 0x9CFF, 0x9CFF, 0x9CFF, 0x9CFF, 0x9CFF, 0x9CFF, 0x9CFF, 0x9CFF, 0x9CFF, 0x9CFF, 0x9CFF, 
    0x9CFF, 0x9CFF, 0x9CFF, 0x9CFF, 0x9CFF, 0x9CFF, 0x9CFF, 0x9CFF, 0x9CFF, 0x9CFF, 0x9CFF, 0x9CFF, 
    0x9CFF, 0x9CFF, 0x9CFF, 0x9CFF, 0x9CFF, 0x9CFF, 0xBCFF, 0xBCFF, 0xBCFF, 0xBCFF, 0xBCFF, 0xBCFF, 
    0xBCFF, 0xBCFF, 0xBCFF, 0xBCFF, 0xBCFF, 0xBCFF, 0xBCFF, 0xBCFF, 0xBCFF, 0xBCFF, 0xBCFF, 0xBCFF, 
    0xBCFF, 0xBCFF, 0xBCFF, 0xBCFF, 0xBCFF, 0xBCFF, 0xBCFF, 0xBCFF, 0xBCFF, 0xBCFF, 0xBCFF, 0xBCFF, 
    0xBCFF, 0xBCFF, 0xBCFF, 0xBCFF, 0xBCFF, 0xBCFF, 0xBCFF, 0xBCFF, 0x9BFF, 0x9BFF, 0x7CFF, 0x9BFF, 
    0x9CFF, 0x5CF7, 0xD47C, 0x1A96, 0x1EC7, 0xFCBE, 0xFDBE, 0xFDBE, 0xFDBE, 0xFDBE, 0xFDBE, 0xFDBE, 
    0xFDBE, 0xFDBE, 0xFDBE, 0xFDBE, 0xFDBE, 0xFDBE, 0xFDBE, 0xFDBE, 0xFDBE, 0xFDBE, 0xFDBE, 0xFDBE, 
    0xFDBE, 0xFDBE, 0x1DBF, 0x9BAE, 
    0xA631, 0x5AAE, 0x3EBF, 0xFDBE, 0xFDBE, 0x1DBF, 0x1DB7, 0xFEBE, 
    0xFDBE, 0x1DB7, 0xFDBE, 0xFDBE, 0xFDBE, 0xFDBE, 0xFDBE, 0xFDBE, 0xFDBE, 0xFDBE, 0xFDBE, 0x1DB7, 
    0xFDBE, 0xFDBE, 0xFDBE, 0x1DB7, 0x1DBF, 0xFDB6, 0xF574, 0x18B6, 0xBCFF, 0x9BFF, 0x9CFF, 0x9CFF, 
    0x9CFF, 0x9CFF, 0x9CFF, 0x9CFF, 0x9CFF, 0x9CFF, 0x9CFF, 0x9CFF, 0x9CFF, 0x9CFF, 0x9CFF, 0x9CFF, 
    0x9CFF, 0x9CFF, 0x9CFF, 0x9CFF, 0x9CFF, 0x9CFF, 0x9CFF, 0x9CFF, 0x9CFF, 0x9CFF, 0x9CFF, 0x9CFF, 
    0x9CFF, 0x9CFF, 0x9CFF, 0x9CFF, 0x9CFF, 0x9CFF, 0x9CFF, 0x9CFF, 0x9CFF, 0x9CFF, 0x9CFF, 0x9CFF, 
    0xBCFF, 0x9CFF, 0x9BFF, 0x9BFF, 0x9CFF, 0x9CFF, 0x9CFF, 0x9CFF, 0x7CFF, 0x9CFF, 0x9CFF, 0x9CFF, 
    0x9CFF, 0x9CFF, 0x9CFF, 0x9CFF, 0x9CFF, 0x9CFF, 0x9CFF, 0x9CFF, 0x9CFF, 0x9CFF, 0x9CFF, 0x9CFF, 
    0x9CFF, 0x9CFF, 0x9CFF, 0x9CFF, 0x9CFF, 0x9CFF, 0x9CFF, 0x9CFF, 0x9CFF, 0x9CFF, 0x9CFF, 0x9CFF, 
    0x9CFF, 0x9CFF, 0x9CFF, 0x9CFF, 0x9CFF, 0x9CFF, 0x9CFF, 0x9CFF, 0x9CFF, 0x9CFF, 0x9CFF, 0x9CFF, 
    0x9CFF, 0x9CFF, 0x9CFF, 0x9CFF, 0x9CFF, 0x9CFF, 0x9CFF, 0x9CFF, 0x9CFF, 0x9CFF, 0x9CFF, 0x9CFF, 
    0x9CFF, 0x9CFF, 0x9CFF, 0x9CFF, 0x9CFF, 0x9CFF, 0x9CFF, 0x9CFF, 0x9CFF, 0x9CFF, 0x9CFF, 0x9CFF, 
    0x9CFF, 0x9CFF, 0x9CFF, 0x9CFF, 0x9CFF, 0x9CFF, 0x9CFF, 0x9CFF, 0x9CFF, 0x9CFF, 0x9CFF, 0x9CFF, 
    0x9CFF, 0x9CFF, 0x9CFF, 0x9CFF, 0x9CFF, 0x9CFF, 0x9CFF, 0x9CFF, 0x9CFF, 0x9CFF, 0x9CFF, 0x9CFF, 
    0x9CFF, 0x9CFF, 0x9CFF, 0x9CFF, 0x9CFF, 0x9CFF, 0x9CFF, 0x9CFF, 0x9CFF, 0x9CFF, 0x9CFF, 0x9CFF, 
    0x9CFF, 0x9CFF, 0x9CFF, 0x9CFF, 0x9CFF, 0x9CFF, 0x9CFF, 0x9CFF, 0x9CFF, 0x9CFF, 0x9CFF, 0x9CFF, 
    0x9CFF, 0x9CFF, 0x9CFF, 0x9CFF, 0x9CFF, 0x9CFF, 0x9CFF, 0x9CFF, 0x9CFF, 0x9CFF, 0x9CFF, 0x9CFF, 
    0x9CFF, 0x9CFF, 0x9CFF, 0x9CFF, 0x9CFF, 0x9CFF, 0x9CFF, 0x9CFF, 0x9CFF, 0x9CFF, 0x9CFF, 0x9CFF, 
    0x7CFF, 0x9CFF, 0x9CFF, 0x9CFF, 0x9CFF, 0x9CFF, 0x9CFF, 0x9CFF, 0x9CFF, 0x9CFF, 0x9CFF, 0x9CFF, 
    0x9CFF, 0x9CFF, 0x9CFF, 0x9CFF, 0x9CFF, 0x9CFF, 0x9CFF, 0x9CFF, 0x9CFF, 0x9CFF, 0x9CFF, 0x9CFF, 
    0x9CFF, 0x9CFF, 0x9CFF, 0x9CFF, 0x9CFF, 0x9CFF, 0x9CFF, 0x9CFF, 0x9CFF, 0x9CFF, 0x9CFF, 0x9CFF, 
    0x9CFF, 0x9CFF, 0x9CFF, 0x9CFF, 0xBBFF, 0x9BFF, 0x9CFF, 0x9BFF, 0x9CFF, 0x3CEF, 0xD47C, 0x1A96, 
    0x1EC7, 0xDCBE, 0xFDBE, 0xFDBE, 0xFDBE, 0xFDBE, 0xFDBE, 0xFDBE, 0xFDBE, 0xFDBE, 0xFDBE, 0xFDBE, 
    0xFDBE, 0xFDBE, 0xFDBE, 0xFDBE, 0xFDBE, 0xFDBE, 0xFDBE, 0xFDBE, 0xFDBE, 0xFDBE, 0x1DBF, 0x9BAE, 
    
    0xA631, 0x5AAE, 0x3EBF, 0xFDBE, 0xFDBE, 0x1DBF, 0x1DB7, 0xFEBE, 0xFDBE, 0x1DB7, 0xFDBE, 0xFDBE, 
    0xFDBE, 0xFDBE, 0xFDBE, 0xFDBE, 0xFDBE, 0xFDBE, 0xFDBE, 0x1DB7, 0x1DBF, 0xFDBE, 0xFDBE, 0xFDBE, 
    0xFDBE, 0xFDB6, 0xF574, 0x18AE, 0xBCFF, 0x7BFF, 0x7CFF, 0x7CFF, 0x7CFF, 0x7CFF, 0x7CFF, 0x7CFF, 
    0x7CFF, 0x7CFF, 0x7CFF, 0x7CFF, 0x7CFF, 0x7CFF, 0x7CFF, 0x7CFF, 0x7CFF, 0x7CFF, 0x7CFF, 0x7CFF, 
    0x7CFF, 0x7CFF, 0x7CFF, 0x7CFF, 0x7CFF, 0x7CFF, 0x7CFF, 0x7CFF, 0x7CFF, 0x7CFF, 0x7CFF, 0x7CFF, 
    0x7CFF, 0x7CFF, 0x7CFF, 0x7CFF, 0x7CFF, 0x7CFF, 0x7CFF, 0x7CFF, 0x9CFF, 0x9CFF, 0x9CFF, 0x9CFF, 
    0x9CFF, 0x9CFF, 0x9CFF, 0x9CFF, 0x7CFF, 0x9CFF, 0x9CFF, 0x9CFF, 0x9CFF, 0x9CFF, 0x9CFF, 0x9CFF, 
    0x9CFF, 0x9CFF, 0x9CFF, 0x9CFF, 0x9CFF, 0x9CFF, 0x9CFF, 0x9CFF, 0x9CFF, 0x9CFF, 0x9CFF, 0x9CFF, 
    0x9CFF, 0x9CFF, 0x9CFF, 0x9CFF, 0x9CFF, 0x9CFF, 0x9CFF, 0x9CFF, 0x9CFF, 0x9CFF, 0x9CFF, 0x9CFF, 
    0x9CFF, 0x9CFF, 0x9CFF, 0x9CFF, 0x9CFF, 0x9CFF, 0x9CFF, 0x9CFF, 0x9CFF, 0x9CFF, 0x9CFF, 0x9CFF, 
    0x9CFF, 0x9CFF, 0x9CFF, 0x9CFF, 0x9CFF, 0x9CFF, 0x9CFF, 0x9CFF, 0x9CFF, 0x9CFF, 0x9CFF, 0x9CFF, 
    0x9CFF, 0x9CFF, 0x9CFF, 0x9CFF, 0x9CFF, 0x9CFF, 0x9CFF, 0x9CFF, 0x9CFF, 0x9CFF, 0x9CFF, 0x9CFF, 
    0x9CFF, 0x9CFF, 0x9CFF, 0x9CFF, 0x9CFF, 0x9CFF, 0x9CFF, 0x9CFF, 0x9CFF, 0x9CFF, 0x9CFF, 0x9CFF, 
    0x9CFF, 0x9CFF, 0x9CFF, 0x9CFF, 0x9CFF, 0x9CFF, 0x9CFF, 0x9CFF, 0x9CFF, 0x9CFF, 0x9CFF, 0x9CFF, 
    0x9CFF, 0x9CFF, 0x9CFF, 0x9CFF, 0x9CFF, 0x9CFF, 0x9CFF, 0x9CFF, 0x9CFF, 0x9CFF, 0x9CFF, 0x9CFF, 
    0x9CFF, 0x9CFF, 0x9CFF, 0x9CFF, 0x9CFF, 0x9CFF, 0x9CFF, 0x9CFF, 0x9CFF, 0x9CFF, 0x9CFF, 0x9CFF, 
    0x9CFF, 0x9CFF, 0x9CFF, 0x9CFF, 0x9CFF, 0x9CFF, 0x9CFF, 0x9CFF, 0x9CFF, 0x9CFF, 0x9CFF, 0x9CFF, 
    0x9CFF, 0x9CFF, 0x9CFF, 0x7CFF, 0x9CFF, 0x9CFF, 0x9CFF, 0x9CFF, 0x9CFF, 0x9CFF, 0x7CFF, 0x7CFF, 
    0x7CFF, 0x7CFF, 0x7CFF, 0x7CFF, 0x7CFF, 0x7CFF, 0x7CFF, 0x7CFF, 0x7CFF, 0x7CFF, 0x7CFF, 0x7CFF, 
    0x7CFF, 0x7CFF, 0x7CFF, 0x7CFF, 0x7CFF, 0x7CFF, 0x7CFF, 0x7CFF, 0x7CFF, 0x7CFF, 0x7CFF, 0x7CFF, 
    0x7CFF, 0x7CFF, 0x7CFF, 0x7CFF, 0x7CFF, 0x7CFF, 0x7CFF, 0x7CFF, 0x7CFF, 0x7CFF, 0x7CFF, 0x7CFF, 
    0x9BFF, 0x9BFF, 0x7CFF, 0x9BFF, 0xBCFF, 0x5CEF, 0xF47C, 0x1A96, 0x1EBF, 0xFCBE, 0xFDBE, 0xFDBE, 
    0xFDBE, 0xFDBE, 0xFDBE, 0xFDBE, 0xFDBE, 0xFDBE, 0xFDBE, 0xFDBE, 0xFDBE, 0xFDBE, 0xFDBE, 0xFDBE, 
    0xFDBE, 0xFDBE, 0xFDBE, 0xFDBE, 0xFDBE, 0xFDBE, 0x1DBF, 0x9BAE, 
    0xA631, 0x5AAE, 0x3EBF, 0xFDBE, 
    0xFDBE, 0x1DBF, 0x1DB7, 0xFEBE, 0xFDBE, 0x1DB7, 0xFDBE, 0xFDBE, 0xFDBE, 0xFDBE, 0xFDBE, 0xFDBE, 
    0xFDBE, 0xFDBE, 0xFDBE, 0x1DB7, 0x1DB7, 0xFCBE, 0xFDBE, 0xFDBE, 0xFDBE, 0xFDB6, 0xF674, 0x39AE, 
    0xBCFF, 0x9BFF, 0x9CFF, 0x9CFF, 0x9CFF, 0x9CFF, 0x9CFF, 0x9CFF, 0x9CFF, 0x9CFF, 0x9CFF, 0x9CFF, 
    0x9CFF, 0x9CFF, 0x9CFF, 0x9CFF, 0x9CFF, 0x9CFF, 0x9CFF, 0x9CFF, 0x9CFF, 0x9CFF, 0x9CFF, 0x9CFF, 
    0x9CFF, 0x9CFF, 0x9CFF, 0x9CFF, 0x9CFF, 0x9CFF, 0x9CFF, 0x9CFF, 0x9CFF, 0x9CFF, 0x9CFF, 0x9CFF, 
    0x9CFF, 0x9CFF, 0x9CFF, 0x9CFF, 0x9CFF, 0x9CFF, 0x7CFF, 0x7CFF, 0x7CFF, 0x9CFF, 0x9CFF, 0x9CFF, 
    0x9CFF, 0x9CFF, 0x9CFF, 0x9CFF, 0x9CFF, 0x9CFF, 0x9CFF, 0x9CFF, 0x9CFF, 0x9CFF, 0x9CFF, 0x9CFF, 
    0x9CFF, 0x9CFF, 0x9CFF, 0x9CFF, 0x9CFF, 0x9CFF, 0x9CFF, 0x9CFF, 0x9CFF, 0x9CFF, 0x9CFF, 0x9CFF, 
    0x9CFF, 0x9CFF, 0x9CFF, 0x9CFF, 0x9CFF, 0x9CFF, 0x9CFF, 0x9CFF, 0x9CFF, 0x9CFF, 0x9CFF, 0x9CFF, 
    0x9CFF, 0x9CFF, 0x9CFF, 0x9CFF, 0x9CFF, 0x9CFF, 0x9CFF, 0x9CFF, 0x9CFF, 0x9CFF, 0x9CFF, 0x9CFF, 
    0x9CFF, 0x9CFF, 0x9CFF, 0x9CFF, 0x9CFF, 0x9CFF, 0x9CFF, 0x9CFF, 0x9CFF, 0x9CFF, 0x9CFF, 0x9CFF, 
    0x9CFF, 0x9CFF, 0x9CFF, 0x9CFF, 0x9CFF, 0x9CFF, 0x9CFF, 0x9CFF, 0x9CFF, 0x9CFF, 0x9CFF, 0x9CFF, 
    0x9CFF, 0x9CFF, 0x9CFF, 0x9CFF, 0x9CFF, 0x9CFF, 0x9CFF, 0x9CFF, 0x9CFF, 0x9CFF, 0x9CFF, 0x9CFF, 
    0x9CFF, 0x9CFF, 0x9CFF, 0x9CFF, 0x9CFF, 0x9CFF, 0x9CFF, 0x9CFF, 0x9CFF, 0x9CFF, 0x9CFF, 0x9CFF, 
    0x9CFF, 0x9CFF, 0x9CFF, 0x9CFF, 0x9CFF, 0x9CFF, 0x9CFF, 0x9CFF, 0x9CFF, 0x9CFF, 0x9CFF, 0x9CFF, 
    0x9CFF, 0x9CFF, 0x9CFF, 0x9CFF, 0x9CFF, 0x9CFF, 0x9CFF, 0x9CFF, 0x9CFF, 0x9CFF, 0x9CFF, 0x9CFF, 
    0x9CFF, 0x9CFF, 0x9CFF, 0x9CFF, 0x9CFF, 0x9CFF, 0x9CFF, 0x9CFF, 0x9CFF, 0x9CFF, 0x7CFF, 0x7CFF, 
    0x9CFF, 0x9CFF, 0x9CFF, 0x9CFF, 0x9CFF, 0x9CFF, 0x9CFF, 0x9CFF, 0x9CFF, 0x9CFF, 0x9CFF, 0x9CFF, 
    0x9CFF, 0x9CFF, 0x9CFF, 0x9CFF, 0x9CFF, 0x9CFF, 0x9CFF, 0x9CFF, 0x9CFF, 0x9CFF, 0x9CFF, 0x9CFF, 
    0x9CFF, 0x9CFF, 0x9CFF, 0x9CFF, 0x9CFF, 0x9CFF, 0x9CFF, 0x9CFF, 0x9CFF, 0x9CFF, 0x9CFF, 0x9CFF, 
    0x9CFF, 0x9CFF, 0x9CFF, 0x9CFF, 0x9CFF, 0x9CFF, 0x9CFF, 0x9CFF, 0x9CFF, 0x9CFF, 0x7CFF, 0x9CFF, 
    0x9CFF, 0x5CEF, 0xF47C, 0x3A8E, 0x1EBF, 0xFCBE, 0xFDBE, 0xFDBE, 0xFDBE, 0xFDBE, 0xFDBE, 0xFDBE, 
    0xFDBE, 0xFDBE, 0xFDBE, 0xFDBE, 0xFDBE, 0xFDBE, 0xFDBE, 0xFDBE, 0xFDBE, 0xFDBE, 0xFDBE, 0xFDBE, 
    0xFDBE, 0xFDBE, 0x1DBF, 0x9BAE, 
    0xA631, 0x5AAE, 0x3EBF, 0xFDBE, 0xFDBE, 0x1DBF, 0x1DB7, 0xFEBE, 
    0xFDBE, 0x1DB7, 0xFDBE, 0xFDBE, 0xFDBE, 0xFDBE, 0xFDBE, 0xFDBE, 0xFDBE, 0xFDBE, 0xFDBE, 0x1DB7, 
    0x1DBF, 0xFCBE, 0xFDBE, 0xFDBE, 0xFDBE, 0xFDB6, 0xF574, 0x19AE, 0xBCFF, 0x9BFF, 0x9CFF, 0x9CFF, 
    0x9CFF, 0x9CFF, 0x9CFF, 0x9CFF, 0x9CFF, 0x9CFF, 0x9CFF, 0x9CFF, 0x9CFF, 0x9CFF, 0x9CFF, 0x9CFF, 
    0x9CFF, 0x9CFF, 0x9CFF, 0x9CFF, 0x9CFF, 0x9CFF, 0x9CFF, 0x9CFF, 0x9CFF, 0x9CFF, 0x9CFF, 0x9CFF, 
    0x9CFF, 0x9CFF, 0x9CFF, 0x9CFF, 0x9CFF, 0x9CFF, 0x9CFF, 0x9CFF, 0x9CFF, 0x9CFF, 0x9CFF, 0x9CFF, 
    0x9CFF, 0x9CFF, 0x7CFF, 0x7CFF, 0x9CFF, 0x9CFF, 0x9CFF, 0x9CFF, 0x9CFF, 0x9CFF, 0x9CFF, 0x9CFF, 
    0x9CFF, 0x9CFF, 0x9CFF, 0x9CFF, 0x9CFF, 0x9CFF, 0x9CFF, 0x9CFF, 0x9CFF, 0x9CFF, 0x9CFF, 0x9CFF, 
    0x9CFF, 0x9CFF, 0x9CFF, 0x9CFF, 0x9CFF, 0x9CFF, 0x9CFF, 0x9CFF, 0x9CFF, 0x9CFF, 0x9CFF, 0x9CFF, 
    0x9CFF, 0x9CFF, 0x9CFF, 0x9CFF, 0x9CFF, 0x9CFF, 0x9CFF, 0x9CFF, 0x9CFF, 0x9CFF, 0x9CFF, 0x9CFF, 
    0x9CFF, 0x9CFF, 0x9CFF, 0x9CFF, 0x9CFF, 0x9CFF, 0x9CFF, 0x9CFF, 0x9CFF, 0x9CFF, 0x9CFF, 0x9CFF, 
    0x9CFF, 0x9CFF, 0x9CFF, 0x9CFF, 0x9CFF, 0x9CFF, 0x9CFF, 0x9CFF, 0x9CFF, 0x9CFF, 0x9CFF, 0x9CFF, 
    0x9CFF, 0x9CFF, 0x9CFF, 0x9CFF, 0x9CFF, 0x9CFF, 0x9CFF, 0x9CFF, 0x9CFF, 0x9CFF, 0x9CFF, 0x9CFF, 
    0x9CFF, 0x9CFF, 0x9CFF, 0x9CFF, 0x9CFF, 0x9CFF, 0x9CFF, 0x9CFF, 0x9CFF, 0x9CFF, 0x9CFF, 0x9CFF, 
    0x9CFF, 0x9CFF, 0x9CFF, 0x9CFF, 0x9CFF, 0x9CFF, 0x9CFF, 0x9CFF, 0x9CFF, 0x9CFF, 0x9CFF, 0x9CFF, 
    0x9CFF, 0x9CFF, 0x9CFF, 0x9CFF, 0x9CFF, 0x9CFF, 0x9CFF, 0x9CFF, 0x9CFF, 0x9CFF, 0x9CFF, 0x9CFF, 
    0x9CFF, 0x9CFF, 0x9CFF, 0x9CFF, 0x9CFF, 0x9CFF, 0x9CFF, 0x9CFF, 0x9CFF, 0x9CFF, 0x9CFF, 0x9CFF, 
    0x9CFF, 0x9CFF, 0x9CFF, 0x9CFF, 0x9CFF, 0x9CFF, 0x9CFF, 0x9CFF, 0x9CFF, 0x9CFF, 0x9CFF, 0x9CFF, 
    0x9CFF, 0x9CFF, 0x9CFF, 0x9CFF, 0x9CFF, 0x9CFF, 0x9CFF, 0x9CFF, 0x9CFF, 0x9CFF, 0x9CFF, 0x9CFF, 
    0x9CFF, 0x9CFF, 0x9CFF, 0x9CFF, 0x9CFF, 0x9CFF, 0x9CFF, 0x9CFF, 0x9CFF, 0x9CFF, 0x9CFF, 0x9CFF, 
    0x9CFF, 0x9CFF, 0x9CFF, 0x9CFF, 0x9CFF, 0x9CFF, 0x9CFF, 0x9CFF, 0x9CFF, 0x9CFF, 0x9CFF, 0x9CFF, 
    0x9CFF, 0x9CFF, 0x9CFF, 0x9CFF, 0x9CFF, 0x7CFF, 0x7CFF, 0x9CFF, 0x9CFF, 0x5CEF, 0xF47C, 0x1A96, 
    0x1EBF, 0xFCBE, 0xFDBE, 0xFDBE, 0xFDBE, 0xFDBE, 0xFDBE, 0xFDBE, 0xFDBE, 0xFDBE, 0xFDBE, 0xFDBE, 
    0xFDBE, 0xFDBE, 0xFDBE, 0xFDBE, 0xFDBE, 0xFDBE, 0xFDBE, 0xFDBE, 0xFDBE, 0xFDBE, 0x1DBF, 0x9BAE, 
    
    0xA631, 0x5AAE, 0x3EBF, 0xFDBE, 0xFDBE, 0x1DBF, 0x1DB7, 0xFEBE, 0xFDBE, 0x1DB7, 0xFDBE, 0xFDBE, 
    0xFDBE, 0xFDBE, 0xFDBE, 0xFDBE, 0xFDBE, 0xFDBE, 0xFDBE, 0x1DB7, 0xFDBE, 0xFDBE, 0xFDBE, 0xFDBE, 
    0xFDBE, 0xFDB6, 0xF674, 0x19AE, 0xBCFF, 0x9BFF, 0x9CFF, 0x9CFF, 0x9CFF, 0x9CFF, 0x9CFF, 0x9CFF, 
    0x9CFF, 0x9CFF, 0x9CFF, 0x9CFF, 0x9CFF, 0x9CFF, 0x9CFF, 0x9CFF, 0x9CFF, 0x9CFF, 0x9CFF, 0x9CFF, 
    0x9CFF, 0x9CFF, 0x9CFF, 0x9CFF, 0x9CFF, 0x9CFF, 0x9CFF, 0x9CFF, 0x9CFF, 0x9CFF, 0x9CFF, 0x9CFF, 
    0x9CFF, 0x9CFF, 0x9CFF, 0x9CFF, 0x9CFF, 0x9CFF, 0x9CFF, 0x9CFF, 0x9CFF, 0x9CFF, 0x9CFF, 0x9CFF, 
    0x9CFF, 0x9CFF, 0x9CFF, 0x9CFF, 0x9CFF, 0x9CFF, 0x9CFF, 0x9CFF, 0x9CFF, 0x9CFF, 0x9CFF, 0x9CFF, 
    0x9CFF, 0x9CFF, 0x9CFF, 0x9CFF, 0x9CFF, 0x9CFF, 0x9CFF, 0x9CFF, 0x9CFF, 0x9CFF, 0x9CFF, 0x9CFF, 
    0x9CFF, 0x9CFF, 0x9CFF, 0x9CFF, 0x9CFF, 0x9CFF, 0x9CFF, 0x9CFF, 0x9CFF, 0x9CFF, 0x9CFF, 0x9CFF, 
    0x9CFF, 0x9CFF, 0x9CFF, 0x9CFF, 0x9CFF, 0x9CFF, 0x9CFF, 0x9CFF, 0x9CFF, 0x9CFF, 0x9CFF, 0x9CFF, 
    0x9CFF, 0x9CFF, 0x9CFF, 0x9CFF, 0x9CFF, 0x9CFF, 0x9CFF, 0x9CFF, 0x9CFF, 0x9CFF, 0x9CFF, 0x9CFF, 
    0x9CFF, 0x9CFF, 0x9CFF, 0x9CFF, 0x9CFF, 0x9CFF, 0x9CFF, 0x9CFF, 0x9CFF, 0x9CFF, 0x9CFF, 0x9CFF, 
    0x9CFF, 0x9CFF, 0x9CFF, 0x9CFF, 0x9CFF, 0x9CFF, 0x9CFF, 0x9CFF, 0x9CFF, 0x9CFF, 0x9CFF, 0x9CFF, 
    0x9CFF, 0x9CFF, 0x9CFF, 0x9CFF, 0x9CFF, 0x9CFF, 0x9CFF, 0x9CFF, 0x9CFF, 0x9CFF, 0x9CFF, 0x9CFF, 
    0x9CFF, 0x9CFF, 0x9CFF, 0x9CFF, 0x9CFF, 0x9CFF, 0x9CFF, 0x9CFF, 0x9CFF, 0x9CFF, 0x9CFF, 0x9CFF, 
    0x9CFF, 0x9CFF, 0x9CFF, 0x9CFF, 0x9CFF, 0x9CFF, 0x9CFF, 0x9CFF, 0x9CFF, 0x9CFF, 0x9CFF, 0x9CFF, 
    0x9CFF, 0x9CFF, 0x9CFF, 0x9CFF, 0x9CFF, 0x9CFF, 0x9CFF, 0x9CFF, 0x9CFF, 0x9CFF, 0x9CFF, 0x9CFF, 
    0x9CFF, 0x9CFF, 0x9CFF, 0x9CFF, 0x9CFF, 0x9CFF, 0x9CFF, 0x9CFF, 0x9CFF, 0x9CFF, 0x9CFF, 0x9CFF, 
    0x9CFF, 0x9CFF, 0x9CFF, 0x9CFF, 0x9CFF, 0x9CFF, 0x9CFF, 0x9CFF, 0x9CFF, 0x9CFF, 0x9CFF, 0x9CFF, 
    0x9CFF, 0x9CFF, 0x9CFF, 0x9CFF, 0x9CFF, 0x9CFF, 0x9CFF, 0x9CFF, 0x9CFF, 0x9CFF, 0x9CFF, 0x9CFF, 
    0x9CFF, 0x9CFF, 0x9CFF, 0x9CFF, 0x9CFF, 0x9CFF, 0x9CFF, 0x9CFF, 0x9CFF, 0x9CFF, 0x9CFF, 0x9CFF, 
    0x9CFF, 0x9CFF, 0x9CFF, 0x9BFF, 0xBCFF, 0x5CEF, 0xD484, 0x1A96, 0x1EBF, 0xFCBE, 0xFDBE, 0xFDBE, 
    0xFDBE, 0xFDBE, 0xFDBE, 0xFDBE, 0xFDBE, 0xFDBE, 0xFDBE, 0xFDBE, 0xFDBE, 0xFDBE, 0xFDBE, 0xFDBE, 
    0xFDBE, 0xFDBE, 0xFDBE, 0xFDBE, 0xFDBE, 0xFDBE, 0x1DBF, 0x9BAE, 
    0xA631, 0x5AAE, 0x3EBF, 0xFDBE, 
    0xFDBE, 0x1DBF, 0x1DB7, 0xFEBE, 0xFDBE, 0x1DB7, 0xFDBE, 0xFDBE, 0xFDBE, 0xFDBE, 0xFDBE, 0xFDBE, 
    0xFDBE, 0xFDBE, 0xFDBE, 0x1DB7, 0xFDBE, 0xFDBE, 0xFDBE, 0xFDBE, 0xFDBE, 0xFDB6, 0xF674, 0x19AE, 
    0xBCFF, 0x9BFF, 0x9CFF, 0x9CFF, 0x9CFF, 0x9CFF, 0x9CFF, 0x9CFF, 0x9CFF, 0x9CFF, 0x9CFF, 0x9CFF, 
    0x9CFF, 0x9CFF, 0x9CFF, 0x9CFF, 0x9CFF, 0x9CFF, 0x9CFF, 0x9CFF, 0x9CFF, 0x9CFF, 0x9CFF, 0x9CFF, 
    0x9CFF, 0x9CFF, 0x9CFF, 0x9CFF, 0x9CFF, 0x9CFF, 0x9CFF, 0x9CFF, 0x9CFF, 0x9CFF, 0x9CFF, 0x9CFF, 
    0x9CFF, 0x9CFF, 0x9CFF, 0x9CFF, 0x9CFF, 0x9CFF, 0x9CFF, 0x9CFF, 0x9CFF, 0x9CFF, 0x9CFF, 0x9CFF, 
    0x9CFF, 0x9CFF, 0x9CFF, 0x9CFF, 0x9CFF, 0x9CFF, 0x9CFF, 0x9CFF, 0x9CFF, 0x9CFF, 0x9CFF, 0x9CFF, 
    0x9CFF, 0x9CFF, 0x9CFF, 0x9CFF, 0x9CFF, 0x9CFF, 0x9CFF, 0x9CFF, 0x9CFF, 0x9CFF, 0x9CFF, 0x9CFF, 
    0x9CFF, 0x9CFF, 0x9CFF, 0x9CFF, 0x9CFF, 0x9CFF, 0x9CFF, 0x9CFF, 0x9CFF, 0x9CFF, 0x9CFF, 0x9CFF, 
    0x9CFF, 0x9CFF, 0x9CFF, 0x9CFF, 0x9CFF, 0x9CFF, 0x9CFF, 0x9CFF, 0x9CFF, 0x9CFF, 0x9CFF, 0x9CFF, 
    0x9CFF, 0x9CFF, 0x9CFF, 0x9CFF, 0x9CFF, 0x9CFF, 0x9CFF, 0x9CFF, 0x9CFF, 0x9CFF, 0x9CFF, 0x9CFF, 
    0x9CFF, 0x9CFF, 0x9CFF, 0x9CFF, 0x9CFF, 0x9CFF, 0x9CFF, 0x9CFF, 0x9CFF, 0x9CFF, 0x9CFF, 0x9CFF, 
    0x9CFF, 0x9CFF, 0x9CFF, 0x9CFF, 0x9CFF, 0x9CFF, 0x9CFF, 0x9CFF, 0x9CFF, 0x9CFF, 0x9CFF, 0x9CFF, 
    0x9CFF, 0x9CFF, 0x9CFF, 0x9CFF, 0x9CFF, 0x9CFF, 0x9CFF, 0x9CFF, 0x9CFF, 0x9CFF, 0x9CFF, 0x9CFF, 
    0x9CFF, 0x9CFF, 0x9CFF, 0x9CFF, 0x9CFF, 0x9CFF, 0x9CFF, 0x9CFF, 0x9CFF, 0x9CFF, 0x9CFF, 0x9CFF, 
    0x9CFF, 0x9CFF, 0x9CFF, 0x9CFF, 0x9CFF, 0x9CFF, 0x9CFF, 0x9CFF, 0x9CFF, 0x9CFF, 0x9CFF, 0x9CFF, 
    0x9CFF, 0x9CFF, 0x9CFF, 0x9CFF, 0x9CFF, 0x9CFF, 0x9CFF, 0x9CFF, 0x9CFF, 0x9CFF, 0x9CFF, 0x9CFF, 
    0x9CFF, 0x9CFF, 0x9CFF, 0x9CFF, 0x9CFF, 0x9CFF, 0x9CFF, 0x9CFF, 0x9CFF, 0x9CFF, 0x9CFF, 0x9CFF, 
    0x9CFF, 0x9CFF, 0x9CFF, 0x9CFF, 0x9CFF, 0x9CFF, 0x9CFF, 0x9CFF, 0x9CFF, 0x9CFF, 0x9CFF, 0x9CFF, 
    0x9CFF, 0x9CFF, 0x9CFF, 0x9CFF, 0x9CFF, 0x9CFF, 0x9CFF, 0x9CFF, 0x9CFF, 0x9CFF, 0x9CFF, 0x9CFF, 
    0x9CFF, 0x9CFF, 0x9CFF, 0x9CFF, 0x9CFF, 0x9CFF, 0x9CFF, 0x9CFF, 0x9CFF, 0x9CFF, 0x9CFF, 0x9BFF, 
    0xBCFF, 0x5CEF, 0xD484, 0x1A96, 0x1EBF, 0xFCBE, 0xFDBE, 0xFDBE, 0xFDBE, 0xFDBE, 0xFDBE, 0xFDBE, 
    0xFDBE, 0xFDBE, 0xFDBE, 0xFDBE, 0xFDBE, 0xFDBE, 0xFDBE, 0xFDBE, 0xFDBE, 0xFDBE, 0xFDBE, 0xFDBE, 
    0xFDBE, 0xFDBE, 0x1DBF, 0x9BAE, 
    0xA631, 0x5AAE, 0x3EBF, 0xFDBE, 0xFDBE, 0x1DBF, 0x1DB7, 0xFEBE, 
    0xFDBE, 0x1DB7, 0xFDBE, 0xFDBE, 0xFDBE, 0xFDBE, 0xFDBE, 0xFDBE, 0xFDBE, 0xFDBE, 0xFDBE, 0x1DB7, 
    0xFDBE, 0xFDBE, 0xFDBE, 0xFDBE, 0xFDBE, 0xFDB6, 0xF674, 0x19AE, 0xBCFF, 0x9BFF, 0x9CFF, 0x9CFF, 
    0x9CFF, 0x9CFF, 0x9CFF, 0x9CFF, 0x9CFF, 0x9CFF, 0x9CFF, 0x9CFF, 0x9CFF, 0x9CFF, 0x9CFF, 0x9CFF, 
    0x9CFF, 0x9CFF, 0x9CFF, 0x9CFF, 0x9CFF, 0x9CFF, 0x9CFF, 0x9CFF, 0x9CFF, 0x9CFF, 0x9CFF, 0x9CFF, 
    0x9CFF, 0x9CFF, 0x9CFF, 0x9CFF, 0x9CFF, 0x9CFF, 0x9CFF, 0x9CFF, 0x9CFF, 0x9CFF, 0x9CFF, 0x9CFF, 
    0x9CFF, 0x9CFF, 0x9CFF, 0x9CFF, 0x9CFF, 0x9CFF, 0x9CFF, 0x9CFF, 0x9CFF, 0x9CFF, 0x9CFF, 0x9CFF, 
    0x9CFF, 0x9CFF, 0x9CFF, 0x9CFF, 0x9CFF, 0x9CFF, 0x9CFF, 0x9CFF, 0x9CFF, 0x9CFF, 0x9CFF, 0x9CFF, 
    0x9CFF, 0x9CFF, 0x9CFF, 0x9CFF, 0x9CFF, 0x9CFF, 0x9CFF, 0x9CFF, 0x9CFF, 0x9CFF, 0x9CFF, 0x9CFF, 
    0x9CFF, 0x9CFF, 0x9CFF, 0x9CFF, 0x9CFF, 0x9CFF, 0x9CFF, 0x9CFF, 0x9CFF, 0x9CFF, 0x9CFF, 0x9CFF, 
    0x9CFF, 0x9CFF, 0x9CFF, 0x9CFF, 0x9CFF, 0x9CFF, 0x9CFF, 0x9CFF, 0x9CFF, 0x9CFF, 0x9CFF, 0x9CFF, 
    0x9CFF, 0x9CFF, 0x9CFF, 0x9CFF, 0x9CFF, 0x9CFF, 0x9CFF, 0x9CFF, 0x9CFF, 0x9CFF, 0x9CFF, 0x9CFF, 
    0x9CFF, 0x9CFF, 0x9CFF, 0x9CFF, 0x9CFF, 0x9CFF, 0x9CFF, 0x9CFF, 0x9CFF, 0x9CFF, 0x9CFF, 0x9CFF, 
    0x9CFF, 0x9CFF, 0x9CFF, 0x9CFF, 0x9CFF, 0x9CFF, 0x9CFF, 0x9CFF, 0x9CFF, 0x9CFF, 0x9CFF, 0x9CFF, 
    0x9CFF, 0x9CFF, 0x9CFF, 0x9CFF, 0x9CFF, 0x9CFF, 0x9CFF, 0x9CFF, 0x9CFF, 0x9CFF, 0x9CFF, 0x9CFF, 
    0x9CFF, 0x9CFF, 0x9CFF, 0x9CFF, 0x9CFF, 0x9CFF, 0x9CFF, 0x9CFF, 0x9CFF, 0x9CFF, 0x9CFF, 0x9CFF, 
    0x9CFF, 0x9CFF, 0x9CFF, 0x9CFF, 0x9CFF, 0x9CFF, 0x9CFF, 0x9CFF, 0x9CFF, 0x9CFF, 0x9CFF, 0x9CFF, 
    0x9CFF, 0x9CFF, 0x9CFF, 0x9CFF, 0x9CFF, 0x9CFF, 0x9CFF, 0x9CFF, 0x9CFF, 0x9CFF, 0x9CFF, 0x9CFF, 
    0x9CFF, 0x9CFF, 0x9CFF, 0x9CFF, 0x9CFF, 0x9CFF, 0x9CFF, 0x9CFF, 0x9CFF, 0x9CFF, 0x9CFF, 0x9CFF, 
    0x9CFF, 0x9CFF, 0x9CFF, 0x9CFF, 0x9CFF, 0x9CFF, 0x9CFF, 0x9CFF, 0x9CFF, 0x9CFF, 0x9CFF, 0x9CFF, 
    0x9CFF, 0x9CFF, 0x9CFF, 0x9CFF, 0x9CFF, 0x9CFF, 0x9CFF, 0x9CFF, 0x9CFF, 0x9CFF, 0x9CFF, 0x9CFF, 
    0x9CFF, 0x9CFF, 0x9CFF, 0x9CFF, 0x9CFF, 0x9CFF, 0x9CFF, 0x9BFF, 0xBCFF, 0x5CEF, 0xD484, 0x1A96, 
    0x1EBF, 0xFCBE, 0xFDBE, 0xFDBE, 0xFDBE, 0xFDBE, 0xFDBE, 0xFDBE, 0xFDBE, 0xFDBE, 0xFDBE, 0xFDBE, 
    0xFDBE, 0xFDBE, 0xFDBE, 0xFDBE, 0xFDBE, 0xFDBE, 0xFDBE, 0xFDBE, 0xFDBE, 0xFDBE, 0x1DBF, 0x9BAE, 
    
    0xA631, 0x5AAE, 0x3EBF, 0xFDBE, 0xFDBE, 0x1DBF, 0x1DB7, 0xFEBE, 0xFDBE, 0x1DB7, 0xFDBE, 0xFDBE, 
    0xFDBE, 0xFDBE, 0xFDBE, 0xFDBE, 0xFDBE, 0xFDBE, 0xFDBE, 0x1DB7, 0xFDBE, 0xFDBE, 0xFDBE, 0xFDBE, 
    0xFDBE, 0xFDB6, 0xF674, 0x19AE, 0xBCFF, 0x9BFF, 0x9CFF, 0x9CFF, 0x9CFF, 0x9CFF, 0x9CFF, 0x9CFF, 
    0x9CFF, 0x9CFF, 0x9CFF, 0x9CFF, 0x9CFF, 0x9CFF, 0x9CFF, 0x9CFF, 0x9CFF, 0x9CFF, 0x9CFF, 0x9CFF, 
    0x9CFF, 0x9CFF, 0x9CFF, 0x9CFF, 0x9CFF, 0x9CFF, 0x9CFF, 0x9CFF, 0x9CFF, 0x9CFF, 0x9CFF, 0x9CFF, 
    0x9CFF, 0x9CFF, 0x9CFF, 0x9CFF, 0x9CFF, 0x9CFF, 0x9CFF, 0x9CFF, 0x9CFF, 0x9CFF, 0x9CFF, 0x9CFF, 
    0x9CFF, 0x9CFF, 0x9CFF, 0x9CFF, 0x9CFF, 0x9CFF, 0x9CFF, 0x9CFF, 0x9CFF, 0x9CFF, 0x9CFF, 0x9CFF, 
    0x9CFF, 0x9CFF, 0x9CFF, 0x9CFF, 0x9CFF, 0x9CFF, 0x9CFF, 0x9CFF, 0x9CFF, 0x9CFF, 0x9CFF, 0x9CFF, 
    0x9CFF, 0x9CFF, 0x9CFF, 0x9CFF, 0x9CFF, 0x9CFF, 0x9CFF, 0x9CFF, 0x9CFF, 0x9CFF, 0x9CFF, 0x9CFF, 
    0x9CFF, 0x9CFF, 0x9CFF, 0x9CFF, 0x9CFF, 0x9CFF, 0x9CFF, 0x9CFF, 0x9CFF, 0x9CFF, 0x9CFF, 0x9CFF, 
    0x9CFF, 0x9CFF, 0x9CFF, 0x9CFF, 0x9CFF, 0x9CFF, 0x9CFF, 0x9CFF, 0x9CFF, 0x9CFF, 0x9CFF, 0x9CFF, 
    0x9CFF, 0x9CFF, 0x9CFF, 0x9CFF, 0x9CFF, 0x9CFF, 0x9CFF, 0x9CFF, 0x9CFF, 0x9CFF, 0x9CFF, 0x9CFF, 
    0x9CFF, 0x9CFF, 0x9CFF, 0x9CFF, 0x9CFF, 0x9CFF, 0x9CFF, 0x9CFF, 0x9CFF, 0x9CFF, 0x9CFF, 0x9CFF, 
    0x9CFF, 0x9CFF, 0x9CFF, 0x9CFF, 0x9CFF, 0x9CFF, 0x9CFF, 0x9CFF, 0x9CFF, 0x9CFF, 0x9CFF, 0x9CFF, 
    0x9CFF, 0x9CFF, 0x9CFF, 0x9CFF, 0x9CFF, 0x9CFF, 0x9CFF, 0x9CFF, 0x9CFF, 0x9CFF, 0x9CFF, 0x9CFF, 
    0x9CFF, 0x9CFF, 0x9CFF, 0x9CFF, 0x9CFF, 0x9CFF, 0x9CFF, 0x9CFF, 0x9CFF, 0x9CFF, 0x9CFF, 0x9CFF, 
    0x9CFF, 0x9CFF, 0x9CFF, 0x9CFF, 0x9CFF, 0x9CFF, 0x9CFF, 0x9CFF, 0x9CFF, 0x9CFF, 0x9CFF, 0x9CFF, 
    0x9CFF, 0x9CFF, 0x9CFF, 0x9CFF, 0x9CFF, 0x9CFF, 0x9CFF, 0x9CFF, 0x9CFF, 0x9CFF, 0x9CFF, 0x9CFF, 
    0x9CFF, 0x9CFF, 0x9CFF, 0x9CFF, 0x9CFF, 0x9CFF, 0x9CFF, 0x9CFF, 0x9CFF, 0x9CFF, 0x9CFF, 0x9CFF, 
    0x9CFF, 0x9CFF, 0x9CFF, 0x9CFF, 0x9CFF, 0x9CFF, 0x9CFF, 0x9CFF, 0x9CFF, 0x9CFF, 0x9CFF, 0x9CFF, 
    0x9CFF, 0x9CFF, 0x9CFF, 0x9CFF, 0x9CFF, 0x9CFF, 0x9CFF, 0x9CFF, 0x9CFF, 0x9CFF, 0x9CFF, 0x9CFF, 
    0x9CFF, 0x9CFF, 0x9CFF, 0x9BFF, 0xBCFF, 0x5CEF, 0xD484, 0x1A96, 0x1EBF, 0xFCBE, 0xFDBE, 0xFDBE, 
    0xFDBE, 0xFDBE, 0xFDBE, 0xFDBE, 0xFDBE, 0xFDBE, 0xFDBE, 0xFDBE, 0xFDBE, 0xFDBE, 0xFDBE, 0xFDBE, 
    0xFDBE, 0xFDBE, 0xFDBE, 0xFDBE, 0xFDBE, 0xFDBE, 0x1DBF, 0x9BAE, 
    0xA631, 0x5AAE, 0x3EBF, 0xFDBE, 
    0xFDBE, 0x1DBF, 0x1DB7, 0xFEBE, 0xFDBE, 0x1DB7, 0xFDBE, 0xFDBE, 0xFDBE, 0xFDBE, 0xFDBE, 0xFDBE, 
    0xFDBE, 0xFDBE, 0xFDBE, 0x1DB7, 0xFDBE, 0xFDBE, 0xFDBE, 0xFDBE, 0xFDBE, 0xFDB6, 0xF674, 0x19AE, 
    0xBCFF, 0x9BFF, 0x9CFF, 0x9CFF, 0x9CFF, 0x9CFF, 0x9CFF, 0x9CFF, 0x9CFF, 0x9CFF, 0x9CFF, 0x9CFF, 
    0x9CFF, 0x9CFF, 0x9CFF, 0x9CFF, 0x9CFF, 0x9CFF, 0x9CFF, 0x9CFF, 0x9CFF, 0x9CFF, 0x9CFF, 0x9CFF, 
    0x9CFF, 0x9CFF, 0x9CFF, 0x9CFF, 0x9CFF, 0x9CFF, 0x9CFF, 0x9CFF, 0x9CFF, 0x9CFF, 0x9CFF, 0x9CFF, 
    0x9CFF, 0x9CFF, 0x9CFF, 0x9CFF, 0x9CFF, 0x9CFF, 0x9CFF, 0x9CFF, 0x9CFF, 0x9CFF, 0x9CFF, 0x9CFF, 
    0x9CFF, 0x9CFF, 0x9CFF, 0x9CFF, 0x9CFF, 0x9CFF, 0x9CFF, 0x9CFF, 0x9CFF, 0x9CFF, 0x9CFF, 0x9CFF, 
    0x9CFF, 0x9CFF, 0x9CFF, 0x9CFF, 0x9CFF, 0x9CFF, 0x9CFF, 0x9CFF, 0x9CFF, 0x9CFF, 0x9CFF, 0x9CFF, 
    0x9CFF, 0x9CFF, 0x9CFF, 0x9CFF, 0x9CFF, 0x9CFF, 0x9CFF, 0x9CFF, 0x9CFF, 0x9CFF, 0x9CFF, 0x9CFF, 
    0x9CFF, 0x9CFF, 0x9CFF, 0x9CFF, 0x9CFF, 0x9CFF, 0x9CFF, 0x9CFF, 0x9CFF, 0x9CFF, 0x9CFF, 0x9CFF, 
    0x9CFF, 0x9CFF, 0x9CFF, 0x9CFF, 0x9CFF, 0x9CFF, 0x9CFF, 0x9CFF, 0x9CFF, 0x9CFF, 0x9CFF, 0x9CFF, 
    0x9CFF, 0x9CFF, 0x9CFF, 0x9CFF, 0x9CFF, 0x9CFF, 0x9CFF, 0x9CFF, 0x9CFF, 0x9CFF, 0x9CFF, 0x9CFF, 
    0x9CFF, 0x9CFF, 0x9CFF, 0x9CFF, 0x9CFF, 0x9CFF, 0x9CFF, 0x9CFF, 0x9CFF, 0x9CFF, 0x9CFF, 0x9CFF, 
    0x9CFF, 0x9CFF, 0x9CFF, 0x9CFF, 0x9CFF, 0x9CFF, 0x9CFF, 0x9CFF, 0x9CFF, 0x9CFF, 0x9CFF, 0x9CFF, 
    0x9CFF, 0x9CFF, 0x9CFF, 0x9CFF, 0x9CFF, 0x9CFF, 0x9CFF, 0x9CFF, 0x9CFF, 0x9CFF, 0x9CFF, 0x9CFF, 
    0x9CFF, 0x9CFF, 0x9CFF, 0x9CFF, 0x9CFF, 0x9CFF, 0x9CFF, 0x9CFF, 0x9CFF, 0x9CFF, 0x9CFF, 0x9CFF, 
    0x9CFF, 0x9CFF, 0x9CFF, 0x9CFF, 0x9CFF, 0x9CFF, 0x9CFF, 0x9CFF, 0x9CFF, 0x9CFF, 0x9CFF, 0x9CFF, 
    0x9CFF, 0x9CFF, 0x9CFF, 0x9CFF, 0x9CFF, 0x9CFF, 0x9CFF, 0x9CFF, 0x9CFF, 0x9CFF, 0x9CFF, 0x9CFF, 
    0x9CFF, 0x9CFF, 0x9CFF, 0x9CFF, 0x9CFF, 0x9CFF, 0x9CFF, 0x9CFF, 0x9CFF, 0x9CFF, 0x9CFF, 0x9CFF, 
    0x9CFF, 0x9CFF, 0x9CFF, 0x9CFF, 0x9CFF, 0x9CFF, 0x9CFF, 0x9CFF, 0x9CFF, 0x9CFF, 0x9CFF, 0x9CFF, 
    0x9CFF, 0x9CFF, 0x9CFF, 0x9CFF, 0x9CFF, 0x9CFF, 0x9CFF, 0x9CFF, 0x9CFF, 0x9CFF, 0x9CFF, 0x9BFF, 
    0xBCFF, 0x5CEF, 0xD484, 0x1A96, 0x1EBF, 0xFDBE, 0xFDBE, 0xFDBE, 0xFDBE, 0xFDBE, 0xFDBE, 0xFDBE, 
    0xFDBE, 0xFDBE, 0xFDBE, 0xFDBE, 0xFDBE, 0xFDBE, 0xFDBE, 0xFDBE, 0xFDBE, 0xFDBE, 0xFDBE, 0xFDBE, 
    0xFDBE, 0xFDBE, 0x1DBF, 0x9BAE, 
    0xA631, 0x5AAE, 0x3EBF, 0xFDBE, 0xFDBE, 0x1DBF, 0x1DB7, 0xFEBE, 
    0xFDBE, 0x1DB7, 0xFDBE, 0xFDBE, 0xFDBE, 0xFDBE, 0xFDBE, 0xFDBE, 0xFDBE, 0xFDBE, 0xFDBE, 0x1DB7, 
    0xFDBE, 0xFDBE, 0xFDBE, 0xFDBE, 0xFDBE, 0xFDB6, 0xF674, 0x19AE, 0xBCFF, 0x9BFF, 0x9CFF, 0x9CFF, 
    0x9CFF, 0x9CFF, 0x9CFF, 0x9CFF, 0x9CFF, 0x9CFF, 0x9CFF, 0x9CFF, 0x9CFF, 0x9CFF, 0x9CFF, 0x9CFF, 
    0x9CFF, 0x9CFF, 0x9CFF, 0x9CFF, 0x9CFF, 0x9CFF, 0x9CFF, 0x9CFF, 0x9CFF, 0x9CFF, 0x9CFF, 0x9CFF, 
    0x9CFF, 0x9CFF, 0x9CFF, 0x9CFF, 0x9CFF, 0x9CFF, 0x9CFF, 0x9CFF, 0x9CFF, 0x9CFF, 0x9CFF, 0x9CFF, 
    0x9CFF, 0x9CFF, 0x9CFF, 0x9CFF, 0x9CFF, 0x9CFF, 0x9CFF, 0x9CFF, 0x9CFF, 0x9CFF, 0x9CFF, 0x9CFF, 
    0x9CFF, 0x9CFF, 0x9CFF, 0x9CFF, 0x9CFF, 0x9CFF, 0x9CFF, 0x9CFF, 0x9CFF, 0x9CFF, 0x9CFF, 0x9CFF, 
    0x9CFF, 0x9CFF, 0x9CFF, 0x9CFF, 0x9CFF, 0x9CFF, 0x9CFF, 0x9CFF, 0x9CFF, 0x9CFF, 0x9CFF, 0x9CFF, 
    0x9CFF, 0x9CFF, 0x9CFF, 0x9CFF, 0x9CFF, 0x9CFF, 0x9CFF, 0x9CFF, 0x9CFF, 0x9CFF, 0x9CFF, 0x9CFF, 
    0x9CFF, 0x9CFF, 0x9CFF, 0x9CFF, 0x9CFF, 0x9CFF, 0x9CFF, 0x9CFF, 0x9CFF, 0x9CFF, 0x9CFF, 0x9CFF, 
    0x9CFF, 0x9CFF, 0x9CFF, 0x9CFF, 0x9CFF, 0x9CFF, 0x9CFF, 0x9CFF, 0x9CFF, 0x9CFF, 0x9CFF, 0x9CFF, 
    0x9CFF, 0x9CFF, 0x9CFF, 0x9CFF, 0x9CFF, 0x9CFF, 0x9CFF, 0x9CFF, 0x9CFF, 0x9CFF, 0x9CFF, 0x9CFF, 
    0x9CFF, 0x9CFF, 0x9CFF, 0x9CFF, 0x9CFF, 0x9CFF, 0x9CFF, 0x9CFF, 0x9CFF, 0x9CFF, 0x9CFF, 0x9CFF, 
    0x9CFF, 0x9CFF, 0x9CFF, 0x9CFF, 0x9CFF, 0x9CFF, 0x9CFF, 0x9CFF, 0x9CFF, 0x9CFF, 0x9CFF, 0x9CFF, 
    0x9CFF, 0x9CFF, 0x9CFF, 0x9CFF, 0x9CFF, 0x9CFF, 0x9CFF, 0x9CFF, 0x9CFF, 0x9CFF, 0x9CFF, 0x9CFF, 
    0x9CFF, 0x9CFF, 0x9CFF, 0x9CFF, 0x9CFF, 0x9CFF, 0x9CFF, 0x9CFF, 0x9CFF, 0x9CFF, 0x9CFF, 0x9CFF, 
    0x9CFF, 0x9CFF, 0x9CFF, 0x9CFF, 0x9CFF, 0x9CFF, 0x9CFF, 0x9CFF, 0x9CFF, 0x9CFF, 0x9CFF, 0x9CFF, 
    0x9CFF, 0x9CFF, 0x9CFF, 0x9CFF, 0x9CFF, 0x9CFF, 0x9CFF, 0x9CFF, 0x9CFF, 0x9CFF, 0x9CFF, 0x9CFF, 
    0x9CFF, 0x9CFF, 0x9CFF, 0x9CFF, 0x9CFF, 0x9CFF, 0x9CFF, 0x9CFF, 0x9CFF, 0x9CFF, 0x9CFF, 0x9CFF, 
    0x9CFF, 0x9CFF, 0x9CFF, 0x9CFF, 0x9CFF, 0x9CFF, 0x9CFF, 0x9CFF, 0x9CFF, 0x9CFF, 0x9CFF, 0x9CFF, 
    0x9CFF, 0x9CFF, 0x9CFF, 0x9CFF, 0x9CFF, 0x9CFF, 0x9CFF, 0x9BFF, 0xBCFF, 0x5CEF, 0xD484, 0x1A96, 
    0x1EBF, 0xFDBE, 0xFDBE, 0xFDBE, 0xFDBE, 0xFDBE, 0xFDBE, 0xFDBE, 0xFDBE, 0xFDBE, 0xFDBE, 0xFDBE, 
    0xFDBE, 0xFDBE, 0xFDBE, 0xFDBE, 0xFDBE, 0xFDBE, 0xFDBE, 0xFDBE, 0xFDBE, 0xFDBE, 0x1DBF, 0x9BAE, 
    
    0xA631, 0x5AAE, 0x3EBF, 0xFDBE, 0xFDBE, 0x1DBF, 0x1DB7, 0xFEBE, 0xFDBE, 0x1DB7, 0xFDBE, 0xFDBE, 
    0xFDBE, 0xFDBE, 0xFDBE, 0xFDBE, 0xFDBE, 0xFDBE, 0xFDBE, 0x1DB7, 0xFDBE, 0xFDBE, 0xFDBE, 0xFDBE, 
    0xFDBE, 0xFDB6, 0xF674, 0x19AE, 0xBCFF, 0x9BFF, 0x9CFF, 0x9CFF, 0x9CFF, 0x9CFF, 0x9CFF, 0x9CFF, 
    0x9CFF, 0x9CFF, 0x9CFF, 0x9CFF, 0x9CFF, 0x9CFF, 0x9CFF, 0x9CFF, 0x9CFF, 0x9CFF, 0x9CFF, 0x9CFF, 
    0x9CFF, 0x9CFF, 0x9CFF, 0x9CFF, 0x9CFF, 0x9CFF, 0x9CFF, 0x9CFF, 0x9CFF, 0x9CFF, 0x9CFF, 0x9CFF, 
    0x9CFF, 0x9CFF, 0x9CFF, 0x9CFF, 0x9CFF, 0x9CFF, 0x9CFF, 0x9CFF, 0x9CFF, 0x9CFF, 0x9CFF, 0x9CFF, 
    0x9CFF, 0x9CFF, 0x9CFF, 0x9CFF, 0x9CFF, 0x9CFF, 0x9CFF, 0x9CFF, 0x9CFF, 0x9CFF, 0x9CFF, 0x9CFF, 
    0x9CFF, 0x9CFF, 0x9CFF, 0x9CFF, 0x9CFF, 0x9CFF, 0x9CFF, 0x9CFF, 0x9CFF, 0x9CFF, 0x9CFF, 0x9CFF, 
    0x9CFF, 0x9CFF, 0x9CFF, 0x9CFF, 0x9CFF, 0x9CFF, 0x9CFF, 0x9CFF, 0x9CFF, 0x9CFF, 0x9CFF, 0x9CFF, 
    0x9CFF, 0x9CFF, 0x9CFF, 0x9CFF, 0x9CFF, 0x9CFF, 0x9CFF, 0x9CFF, 0x9CFF, 0x9CFF, 0x9CFF, 0x9CFF, 
    0x9CFF, 0x9CFF, 0x9CFF, 0x9CFF, 0x9CFF, 0x9CFF, 0x9CFF, 0x9CFF, 0x9CFF, 0x9CFF, 0x9CFF, 0x9CFF, 
    0x9CFF, 0x9CFF, 0x9CFF, 0x9CFF, 0x9CFF, 0x9CFF, 0x9CFF, 0x9CFF, 0x9CFF, 0x9CFF, 0x9CFF, 0x9CFF, 
    0x9CFF, 0x9CFF, 0x9CFF, 0x9CFF, 0x9CFF, 0x9CFF, 0x9CFF, 0x9CFF, 0x9CFF, 0x9CFF, 0x9CFF, 0x9CFF, 
    0x9CFF, 0x9CFF, 0x9CFF, 0x9CFF, 0x9CFF, 0x9CFF, 0x9CFF, 0x9CFF, 0x9CFF, 0x9CFF, 0x9CFF, 0x9CFF, 
    0x9CFF, 0x9CFF, 0x9CFF, 0x9CFF, 0x9CFF, 0x9CFF, 0x9CFF, 0x9CFF, 0x9CFF, 0x9CFF, 0x9CFF, 0x9CFF, 
    0x9CFF, 0x9CFF, 0x9CFF, 0x9CFF, 0x9CFF, 0x9CFF, 0x9CFF, 0x9CFF, 0x9CFF, 0x9CFF, 0x9CFF, 0x9CFF, 
    0x9CFF, 0x9CFF, 0x9CFF, 0x9CFF, 0x9CFF, 0x9CFF, 0x9CFF, 0x9CFF, 0x9CFF, 0x9CFF, 0x9CFF, 0x9CFF, 
    0x9CFF, 0x9CFF, 0x9CFF, 0x9CFF, 0x9CFF, 0x9CFF, 0x9CFF, 0x9CFF, 0x9CFF, 0x9CFF, 0x9CFF, 0x9CFF, 
    0x9CFF, 0x9CFF, 0x9CFF, 0x9CFF, 0x9CFF, 0x9CFF, 0x9CFF, 0x9CFF, 0x9CFF, 0x9CFF, 0x9CFF, 0x9CFF, 
    0x9CFF, 0x9CFF, 0x9CFF, 0x9CFF, 0x9CFF, 0x9CFF, 0x9CFF, 0x9CFF, 0x9CFF, 0x9CFF, 0x9CFF, 0x9CFF, 
    0x9CFF, 0x9CFF, 0x9CFF, 0x9CFF, 0x9CFF, 0x9CFF, 0x9CFF, 0x9CFF, 0x9CFF, 0x9CFF, 0x9CFF, 0x9CFF, 
    0x9CFF, 0x9CFF, 0x9CFF, 0x9BFF, 0xBCFF, 0x5CEF, 0xD484, 0x1A96, 0x1EBF, 0xFDBE, 0xFDBE, 0xFDBE, 
    0xFDBE, 0xFDBE, 0xFDBE, 0xFDBE, 0xFDBE, 0xFDBE, 0xFDBE, 0xFDBE, 0xFDBE, 0xFDBE, 0xFDBE, 0xFDBE, 
    0xFDBE, 0xFDBE, 0xFDBE, 0xFDBE, 0xFDBE, 0xFDBE, 0x1DBF, 0x9BAE, 
    0xA631, 0x5AAE, 0x3EBF, 0xFDBE, 
    0xFDBE, 0x1DBF, 0x1DB7, 0xFEBE, 0xFDBE, 0x1DB7, 0xFDBE, 0xFDBE, 0xFDBE, 0xFDBE, 0xFDBE, 0xFDBE, 
    0xFDBE, 0xFDBE, 0xFDBE, 0x1DB7, 0xFDBE, 0xFDBE, 0xFDBE, 0xFDBE, 0xFDBE, 0xFDB6, 0xF674, 0x19AE, 
    0xBCFF, 0x9BFF, 0x9CFF, 0x9CFF, 0x9CFF, 0x9CFF, 0x9CFF, 0x9CFF, 0x9CFF, 0x9CFF, 0x9CFF, 0x9CFF, 
    0x9CFF, 0x9CFF, 0x9CFF, 0x9CFF, 0x9CFF, 0x9CFF, 0x9CFF, 0x9CFF, 0x9CFF, 0x9CFF, 0x9CFF, 0x9CFF, 
    0x9CFF, 0x9CFF, 0x9CFF, 0x9CFF, 0x9CFF, 0x9CFF, 0x9CFF, 0x9CFF, 0x9CFF, 0x9CFF, 0x9CFF, 0x9CFF, 
    0x9CFF, 0x9CFF, 0x9CFF, 0x9CFF, 0x9CFF, 0x9CFF, 0x9CFF, 0x9CFF, 0x9CFF, 0x9CFF, 0x9CFF, 0x9CFF, 
    0x9CFF, 0x9CFF, 0x9CFF, 0x9CFF, 0x9CFF, 0x9CFF, 0x9CFF, 0x9CFF, 0x9CFF, 0x9CFF, 0x9CFF, 0x9CFF, 
    0x9CFF, 0x9CFF, 0x9CFF, 0x9CFF, 0x9CFF, 0x9CFF, 0x9CFF, 0x9CFF, 0x9CFF, 0x9CFF, 0x9CFF, 0x9CFF, 
    0x9CFF, 0x9CFF, 0x9CFF, 0x9CFF, 0x9CFF, 0x9CFF, 0x9CFF, 0x9CFF, 0x9CFF, 0x9CFF, 0x9CFF, 0x9CFF, 
    0x9CFF, 0x9CFF, 0x9CFF, 0x9CFF, 0x9CFF, 0x9CFF, 0x9CFF, 0x9CFF, 0x9CFF, 0x9CFF, 0x9CFF, 0x9CFF, 
    0x9CFF, 0x9CFF, 0x9CFF, 0x9CFF, 0x9CFF, 0x9CFF, 0x9CFF, 0x9CFF, 0x9CFF, 0x9CFF, 0x9CFF, 0x9CFF, 
    0x9CFF, 0x9CFF, 0x9CFF, 0x9CFF, 0x9CFF, 0x9CFF, 0x9CFF, 0x9CFF, 0x9CFF, 0x9CFF, 0x9CFF, 0x9CFF, 
    0x9CFF, 0x9CFF, 0x9CFF, 0x9CFF, 0x9CFF, 0x9CFF, 0x9CFF, 0x9CFF, 0x9CFF, 0x9CFF, 0x9CFF, 0x9CFF, 
    0x9CFF, 0x9CFF, 0x9CFF, 0x9CFF, 0x9CFF, 0x9CFF, 0x9CFF, 0x9CFF, 0x9CFF, 0x9CFF, 0x9CFF, 0x9CFF, 
    0x9CFF, 0x9CFF, 0x9CFF, 0x9CFF, 0x9CFF, 0x9CFF, 0x9CFF, 0x9CFF, 0x9CFF, 0x9CFF, 0x9CFF, 0x9CFF, 
    0x9CFF, 0x9CFF, 0x9CFF, 0x9CFF, 0x9CFF, 0x9CFF, 0x9CFF, 0x9CFF, 0x9CFF, 0x9CFF, 0x9CFF, 0x9CFF, 
    0x9CFF, 0x9CFF, 0x9CFF, 0x9CFF, 0x9CFF, 0x9CFF, 0x9CFF, 0x9CFF, 0x9CFF, 0x9CFF, 0x9CFF, 0x9CFF, 
    0x9CFF, 0x9CFF, 0x9CFF, 0x9CFF, 0x9CFF, 0x9CFF, 0x9CFF, 0x9CFF, 0x9CFF, 0x9CFF, 0x9CFF, 0x9CFF, 
    0x9CFF, 0x9CFF, 0x9CFF, 0x9CFF, 0x9CFF, 0x9CFF, 0x9CFF, 0x9CFF, 0x9CFF, 0x9CFF, 0x9CFF, 0x9CFF, 
    0x9CFF, 0x9CFF, 0x9CFF, 0x9CFF, 0x9CFF, 0x9CFF, 0x9CFF, 0x9CFF, 0x9CFF, 0x9CFF, 0x9CFF, 0x9CFF, 
    0x9CFF, 0x9CFF, 0x9CFF, 0x9CFF, 0x9CFF, 0x9CFF, 0x9CFF, 0x9CFF, 0x9CFF, 0x9CFF, 0x9CFF, 0x9BFF, 
    0xBCFF, 0x5CEF, 0xD484, 0x1A96, 0x1EBF, 0xFDBE, 0xFDBE, 0xFDBE, 0xFDBE, 0xFDBE, 0xFDBE, 0xFDBE, 
    0xFDBE, 0xFDBE, 0xFDBE, 0xFDBE, 0xFDBE, 0xFDBE, 0xFDBE, 0xFDBE, 0xFDBE, 0xFDBE, 0xFDBE, 0xFDBE, 
    0xFDBE, 0xFDBE, 0x1DBF, 0x9BAE, 
    0xA631, 0x5AAE, 0x3EBF, 0xFDBE, 0xFDBE, 0x1DBF, 0x1DB7, 0xFEBE, 
    0xFDBE, 0x1DB7, 0xFDBE, 0xFDBE, 0xFDBE, 0xFDBE, 0xFDBE, 0xFDBE, 0xFDBE, 0xFDBE, 0xFDBE, 0x1DB7, 
    0xFDBE, 0xFDBE, 0xFDBE, 0xFDBE, 0xFDBE, 0xFDB6, 0xF674, 0x19AE, 0xBCFF, 0x9BFF, 0x9CFF, 0x9CFF, 
    0x9CFF, 0x9CFF, 0x9CFF, 0x9CFF, 0x9CFF, 0x9CFF, 0x9CFF, 0x9CFF, 0x9CFF, 0x9CFF, 0x9CFF, 0x9CFF, 
    0x9CFF, 0x9CFF, 0x9CFF, 0x9CFF, 0x9CFF, 0x9CFF, 0x9CFF, 0x9CFF, 0x9CFF, 0x9CFF, 0x9CFF, 0x9CFF, 
    0x9CFF, 0x9CFF, 0x9CFF, 0x9CFF, 0x9CFF, 0x9CFF, 0x9CFF, 0x9CFF, 0x9CFF, 0x9CFF, 0x9CFF, 0x9CFF, 
    0x9CFF, 0x9CFF, 0x9CFF, 0x9CFF, 0x9CFF, 0x9CFF, 0x9CFF, 0x9CFF, 0x9CFF, 0x9CFF, 0x9CFF, 0x9CFF, 
    0x9CFF, 0x9CFF, 0x9CFF, 0x9CFF, 0x9CFF, 0x9CFF, 0x9CFF, 0x9CFF, 0x9CFF, 0x9CFF, 0x9CFF, 0x9CFF, 
    0x9CFF, 0x9CFF, 0x9CFF, 0x9CFF, 0x9CFF, 0x9CFF, 0x9CFF, 0x9CFF, 0x9CFF, 0x9CFF, 0x9CFF, 0x9CFF, 
    0x9CFF, 0x9CFF, 0x9CFF, 0x9CFF, 0x9CFF, 0x9CFF, 0x9CFF, 0x9CFF, 0x9CFF, 0x9CFF, 0x9CFF, 0x9CFF, 
    0x9CFF, 0x9CFF, 0x9CFF, 0x9CFF, 0x9CFF, 0x9CFF, 0x9CFF, 0x9CFF, 0x9CFF, 0x9CFF, 0x9CFF, 0x9CFF, 
    0x9CFF, 0x9CFF, 0x9CFF, 0x9CFF, 0x9CFF, 0x9CFF, 0x9CFF, 0x9CFF, 0x9CFF, 0x9CFF, 0x9CFF, 0x9CFF, 
    0x9CFF, 0x9CFF, 0x9CFF, 0x9CFF, 0x9CFF, 0x9CFF, 0x9CFF, 0x9CFF, 0x9CFF, 0x9CFF, 0x9CFF, 0x9CFF, 
    0x9CFF, 0x9CFF, 0x9CFF, 0x9CFF, 0x9CFF, 0x9CFF, 0x9CFF, 0x9CFF, 0x9CFF, 0x9CFF, 0x9CFF, 0x9CFF, 
    0x9CFF, 0x9CFF, 0x9CFF, 0x9CFF, 0x9CFF, 0x9CFF, 0x9CFF, 0x9CFF, 0x9CFF, 0x9CFF, 0x9CFF, 0x9CFF, 
    0x9CFF, 0x9CFF, 0x9CFF, 0x9CFF, 0x9CFF, 0x9CFF, 0x9CFF, 0x9CFF, 0x9CFF, 0x9CFF, 0x9CFF, 0x9CFF, 
    0x9CFF, 0x9CFF, 0x9CFF, 0x9CFF, 0x9CFF, 0x9CFF, 0x9CFF, 0x9CFF, 0x9CFF, 0x9CFF, 0x9CFF, 0x9CFF, 
    0x9CFF, 0x9CFF, 0x9CFF, 0x9CFF, 0x9CFF, 0x9CFF, 0x9CFF, 0x9CFF, 0x9CFF, 0x9CFF, 0x9CFF, 0x9CFF, 
    0x9CFF, 0x9CFF, 0x9CFF, 0x9CFF, 0x9CFF, 0x9CFF, 0x9CFF, 0x9CFF, 0x9CFF, 0x9CFF, 0x9CFF, 0x9CFF, 
    0x9CFF, 0x9CFF, 0x9CFF, 0x9CFF, 0x9CFF, 0x9CFF, 0x9CFF, 0x9CFF, 0x9CFF, 0x9CFF, 0x9CFF, 0x9CFF, 
    0x9CFF, 0x9CFF, 0x9CFF, 0x9CFF, 0x9CFF, 0x9CFF, 0x9CFF, 0x9CFF, 0x9CFF, 0x9CFF, 0x9CFF, 0x9CFF, 
    0x9CFF, 0x9CFF, 0x9CFF, 0x9CFF, 0x9CFF, 0x9CFF, 0x9CFF, 0x9BFF, 0xBCFF, 0x5CEF, 0xD484, 0x1A96, 
    0x1EBF, 0xFDBE, 0xFDBE, 0xFDBE, 0xFDBE, 0xFDBE, 0xFDBE, 0xFDBE, 0xFDBE, 0xFDBE, 0xFDBE, 0xFDBE, 
    0xFDBE, 0xFDBE, 0xFDBE, 0xFDBE, 0xFDBE, 0xFDBE, 0xFDBE, 0xFDBE, 0xFDBE, 0xFDBE, 0x1DBF, 0x9BAE, 
    
    0xA631, 0x5AAE, 0x3EBF, 0xFDBE, 0xFDBE, 0x1DBF, 0x1DB7, 0xFEBE, 0xFDBE, 0x1DB7, 0xFDBE, 0xFDBE, 
    0xFDBE, 0xFDBE, 0xFDBE, 0xFDBE, 0xFDBE, 0xFDBE, 0xFDBE, 0x1DB7, 0xFDBE, 0xFDBE, 0xFDBE, 0xFDBE, 
    0xFDBE, 0xFDB6, 0xF674, 0x19AE, 0xBCFF, 0x9BFF, 0x9CFF, 0x9CFF, 0x9CFF, 0x9CFF, 0x9CFF, 0x9CFF, 
    0x9CFF, 0x9CFF, 0x9CFF, 0x9CFF, 0x9CFF, 0x9CFF, 0x9CFF, 0x9CFF, 0x9CFF, 0x9CFF, 0x9CFF, 0x9CFF, 
    0x9CFF, 0x9CFF, 0x9CFF, 0x9CFF, 0x9CFF, 0x9CFF, 0x9CFF, 0x9CFF, 0x9CFF, 0x9CFF, 0x9CFF, 0x9CFF, 
    0x9CFF, 0x9CFF, 0x9CFF, 0x9CFF, 0x9CFF, 0x9CFF, 0x9CFF, 0x9CFF, 0x9CFF, 0x9CFF, 0x9CFF, 0x9CFF, 
    0x9CFF, 0x9CFF, 0x9CFF, 0x9CFF, 0x9CFF, 0x9CFF, 0x9CFF, 0x9CFF, 0x9CFF, 0x9CFF, 0x9CFF, 0x9CFF, 
    0x9CFF, 0x9CFF, 0x9CFF, 0x9CFF, 0x9CFF, 0x9CFF, 0x9CFF, 0x9CFF, 0x9CFF, 0x9CFF, 0x9CFF, 0x9CFF, 
    0x9CFF, 0x9CFF, 0x9CFF, 0x9CFF, 0x9CFF, 0x9CFF, 0x9CFF, 0x9CFF, 0x9CFF, 0x9CFF, 0x9CFF, 0x9CFF, 
    0x9CFF, 0x9CFF, 0x9CFF, 0x9CFF, 0x9CFF, 0x9CFF, 0x9CFF, 0x9CFF, 0x9CFF, 0x9CFF, 0x9CFF, 0x9CFF, 
    0x9CFF, 0x9CFF, 0x9CFF, 0x9CFF, 0x9CFF, 0x9CFF, 0x9CFF, 0x9CFF, 0x9CFF, 0x9CFF, 0x9CFF, 0x9CFF, 
    0x9CFF, 0x9CFF, 0x9CFF, 0x9CFF, 0x9CFF, 0x9CFF, 0x9CFF, 0x9CFF, 0x9CFF, 0x9CFF, 0x9CFF, 0x9CFF, 
    0x9CFF, 0x9CFF, 0x9CFF, 0x9CFF, 0x9CFF, 0x9CFF, 0x9CFF, 0x9CFF, 0x9CFF, 0x9CFF, 0x9CFF, 0x9CFF, 
    0x9CFF, 0x9CFF, 0x9CFF, 0x9CFF, 0x9CFF, 0x9CFF, 0x9CFF, 0x9CFF, 0x9CFF, 0x9CFF, 0x9CFF, 0x9CFF, 
    0x9CFF, 0x9CFF, 0x9CFF, 0x9CFF, 0x9CFF, 0x9CFF, 0x9CFF, 0x9CFF, 0x9CFF, 0x9CFF, 0x9CFF, 0x9CFF, 
    0x9CFF, 0x9CFF, 0x9CFF, 0x9CFF, 0x9CFF, 0x9CFF, 0x9CFF, 0x9CFF, 0x9CFF, 0x9CFF, 0x9CFF, 0x9CFF, 
    0x9CFF, 0x9CFF, 0x9CFF, 0x9CFF, 0x9CFF, 0x9CFF, 0x9CFF, 0x9CFF, 0x9CFF, 0x9CFF, 0x9CFF, 0x9CFF, 
    0x9CFF, 0x9CFF, 0x9CFF, 0x9CFF, 0x9CFF, 0x9CFF, 0x9CFF, 0x9CFF, 0x9CFF, 0x9CFF, 0x9CFF, 0x9CFF, 
    0x9CFF, 0x9CFF, 0x9CFF, 0x9CFF, 0x9CFF, 0x9CFF, 0x9CFF, 0x9CFF, 0x9CFF, 0x9CFF, 0x9CFF, 0x9CFF, 
    0x9CFF, 0x9CFF, 0x9CFF, 0x9CFF, 0x9CFF, 0x9CFF, 0x9CFF, 0x9CFF, 0x9CFF, 0x9CFF, 0x9CFF, 0x9CFF, 
    0x9CFF, 0x9CFF, 0x9CFF, 0x9CFF, 0x9CFF, 0x9CFF, 0x9CFF, 0x9CFF, 0x9CFF, 0x9CFF, 0x9CFF, 0x9CFF, 
    0x9CFF, 0x9CFF, 0x9CFF, 0x9BFF, 0xBCFF, 0x5CEF, 0xD484, 0x1A96, 0x1EBF, 0xFCBE, 0xFDBE, 0xFDBE, 
    0xFDBE, 0xFDBE, 0xFDBE, 0xFDBE, 0xFDBE, 0xFDBE, 0xFDBE, 0xFDBE, 0xFDBE, 0xFDBE, 0xFDBE, 0xFDBE, 
    0xFDBE, 0xFDBE, 0xFDBE, 0xFDBE, 0xFDBE, 0xFDBE, 0x1DBF, 0x9BAE, 
    0xA631, 0x5AAE, 0x3EBF, 0xFDBE, 
    0xFDBE, 0x1DBF, 0x1DB7, 0xFEBE, 0xFDBE, 0x1DB7, 0xFDBE, 0xFDBE, 0xFDBE, 0xFDBE, 0xFDBE, 0xFDBE, 
    0xFDBE, 0xFDBE, 0xFDBE, 0x1DB7, 0xFDBE, 0xFDBE, 0xFDBE, 0xFDBE, 0xFDBE, 0xFDB6, 0xF674, 0x19AE, 
    0xBCFF, 0x9BFF, 0x9CFF, 0x9CFF, 0x9CFF, 0x9CFF, 0x9CFF, 0x9CFF, 0x9CFF, 0x9CFF, 0x9CFF, 0x9CFF, 
    0x9CFF, 0x9CFF, 0x9CFF, 0x9CFF, 0x9CFF, 0x9CFF, 0x9CFF, 0x9CFF, 0x9CFF, 0x9CFF, 0x9CFF, 0x9CFF, 
    0x9CFF, 0x9CFF, 0x9CFF, 0x9CFF, 0x9CFF, 0x9CFF, 0x9CFF, 0x9CFF, 0x9CFF, 0x9CFF, 0x9CFF, 0x9CFF, 
    0x9CFF, 0x9CFF, 0x9CFF, 0x9CFF, 0x9CFF, 0x9CFF, 0x9CFF, 0x9CFF, 0x9CFF, 0x9CFF, 0x9CFF, 0x9CFF, 
    0x9CFF, 0x9CFF, 0x9CFF, 0x9CFF, 0x9CFF, 0x9CFF, 0x9CFF, 0x9CFF, 0x9CFF, 0x9CFF, 0x9CFF, 0x9CFF, 
    0x9CFF, 0x9CFF, 0x9CFF, 0x9CFF, 0x9CFF, 0x9CFF, 0x9CFF, 0x9CFF, 0x9CFF, 0x9CFF, 0x9CFF, 0x9CFF, 
    0x9CFF, 0x9CFF, 0x9CFF, 0x9CFF, 0x9CFF, 0x9CFF, 0x9CFF, 0x9CFF, 0x9CFF, 0x9CFF, 0x9CFF, 0x9CFF, 
    0x9CFF, 0x9CFF, 0x9CFF, 0x9CFF, 0x9CFF, 0x9CFF, 0x9CFF, 0x9CFF, 0x9CFF, 0x9CFF, 0x9CFF, 0x9CFF, 
    0x9CFF, 0x9CFF, 0x9CFF, 0x9CFF, 0x9CFF, 0x9CFF, 0x9CFF, 0x9CFF, 0x9CFF, 0x9CFF, 0x9CFF, 0x9CFF, 
    0x9CFF, 0x9CFF, 0x9CFF, 0x9CFF, 0x9CFF, 0x9CFF, 0x9CFF, 0x9CFF, 0x9CFF, 0x9CFF, 0x9CFF, 0x9CFF, 
    0x9CFF, 0x9CFF, 0x9CFF, 0x9CFF, 0x9CFF, 0x9CFF, 0x9CFF, 0x9CFF, 0x9CFF, 0x9CFF, 0x9CFF, 0x9CFF, 
    0x9CFF, 0x9CFF, 0x9CFF, 0x9CFF, 0x9CFF, 0x9CFF, 0x9CFF, 0x9CFF, 0x9CFF, 0x9CFF, 0x9CFF, 0x9CFF, 
    0x9CFF, 0x9CFF, 0x9CFF, 0x9CFF, 0x9CFF, 0x9CFF, 0x9CFF, 0x9CFF, 0x9CFF, 0x9CFF, 0x9CFF, 0x9CFF, 
    0x9CFF, 0x9CFF, 0x9CFF, 0x9CFF, 0x9CFF, 0x9CFF, 0x9CFF, 0x9CFF, 0x9CFF, 0x9CFF, 0x9CFF, 0x9CFF, 
    0x9CFF, 0x9CFF, 0x9CFF, 0x9CFF, 0x9CFF, 0x9CFF, 0x9CFF, 0x9CFF, 0x9CFF, 0x9CFF, 0x9CFF, 0x9CFF, 
    0x9CFF, 0x9CFF, 0x9CFF, 0x9CFF, 0x9CFF, 0x9CFF, 0x9CFF, 0x9CFF, 0x9CFF, 0x9CFF, 0x9CFF, 0x9CFF, 
    0x9CFF, 0x9CFF, 0x9CFF, 0x9CFF, 0x9CFF, 0x9CFF, 0x9CFF, 0x9CFF, 0x9CFF, 0x9CFF, 0x9CFF, 0x9CFF, 
    0x9CFF, 0x9CFF, 0x9CFF, 0x9CFF, 0x9CFF, 0x9CFF, 0x9CFF, 0x9CFF, 0x9CFF, 0x9CFF, 0x9CFF, 0x9CFF, 
    0x9CFF, 0x9CFF, 0x9CFF, 0x9CFF, 0x9CFF, 0x9CFF, 0x9CFF, 0x9CFF, 0x9CFF, 0x9CFF, 0x9CFF, 0x9BFF, 
    0xBCFF, 0x5CEF, 0xD484, 0x1A96, 0x1EBF, 0xFCBE, 0xFDBE, 0xFDBE, 0xFDBE, 0xFDBE, 0xFDBE, 0xFDBE, 
    0xFDBE, 0xFDBE, 0xFDBE, 0xFDBE, 0xFDBE, 0xFDBE, 0xFDBE, 0xFDBE, 0xFDBE, 0xFDBE, 0xFDBE, 0xFDBE, 
    0xFDBE, 0xFDBE, 0x1DBF, 0x9BAE, 
    0xA631, 0x5AAE, 0x3EBF, 0xFDBE, 0xFDBE, 0x1DBF, 0x1DB7, 0xFEBE, 
    0xFDBE, 0x1DB7, 0xFDBE, 0xFDBE, 0xFDBE, 0xFDBE, 0xFDBE, 0xFDBE, 0xFDBE, 0xFDBE, 0xFDBE, 0x1DB7, 
    0xFDBE, 0xFDBE, 0xFDBE, 0xFDBE, 0xFDBE, 0xFDB6, 0xF674, 0x19AE, 0xBCFF, 0x9BFF, 0x9CFF, 0x9CFF, 
    0x9CFF, 0x9CFF, 0x9CFF, 0x9CFF, 0x9CFF, 0x9CFF, 0x9CFF, 0x9CFF, 0x9CFF, 0x9CFF, 0x9CFF, 0x9CFF, 
    0x9CFF, 0x9CFF, 0x9CFF, 0x9CFF, 0x9CFF, 0x9CFF, 0x9CFF, 0x9CFF, 0x9CFF, 0x9CFF, 0x9CFF, 0x9CFF, 
    0x9CFF, 0x9CFF, 0x9CFF, 0x9CFF, 0x9CFF, 0x9CFF, 0x9CFF, 0x9CFF, 0x9CFF, 0x9CFF, 0x9CFF, 0x9CFF, 
    0x9CFF, 0x9CFF, 0x9CFF, 0x9CFF, 0x9CFF, 0x9CFF, 0x9CFF, 0x9CFF, 0x9CFF, 0x9CFF, 0x9CFF, 0x9CFF, 
    0x9CFF, 0x9CFF, 0x9CFF, 0x9CFF, 0x9CFF, 0x9CFF, 0x9CFF, 0x9CFF, 0x9CFF, 0x9CFF, 0x9CFF, 0x9CFF, 
    0x9CFF, 0x9CFF, 0x9CFF, 0x9CFF, 0x9CFF, 0x9CFF, 0x9CFF, 0x9CFF, 0x9CFF, 0x9CFF, 0x9CFF, 0x9CFF, 
    0x9CFF, 0x9CFF, 0x9CFF, 0x9CFF, 0x9CFF, 0x9CFF, 0x9CFF, 0x9CFF, 0x9CFF, 0x9CFF, 0x9CFF, 0x9CFF, 
    0x9CFF, 0x9CFF, 0x9CFF, 0x9CFF, 0x9CFF, 0x9CFF, 0x9CFF, 0x9CFF, 0x9CFF, 0x9CFF, 0x9CFF, 0x9CFF, 
    0x9CFF, 0x9CFF, 0x9CFF, 0x9CFF, 0x9CFF, 0x9CFF, 0x9CFF, 0x9CFF, 0x9CFF, 0x9CFF, 0x9CFF, 0x9CFF, 
    0x9CFF, 0x9CFF, 0x9CFF, 0x9CFF, 0x9CFF, 0x9CFF, 0x9CFF, 0x9CFF, 0x9CFF, 0x9CFF, 0x9CFF, 0x9CFF, 
    0x9CFF, 0x9CFF, 0x9CFF, 0x9CFF, 0x9CFF, 0x9CFF, 0x9CFF, 0x9CFF, 0x9CFF, 0x9CFF, 0x9CFF, 0x9CFF, 
    0x9CFF, 0x9CFF, 0x9CFF, 0x9CFF, 0x9CFF, 0x9CFF, 0x9CFF, 0x9CFF, 0x9CFF, 0x9CFF, 0x9CFF, 0x9CFF, 
    0x9CFF, 0x9CFF, 0x9CFF, 0x9CFF, 0x9CFF, 0x9CFF, 0x9CFF, 0x9CFF, 0x9CFF, 0x9CFF, 0x9CFF, 0x9CFF, 
    0x9CFF, 0x9CFF, 0x9CFF, 0x9CFF, 0x9CFF, 0x9CFF, 0x9CFF, 0x9CFF, 0x9CFF, 0x9CFF, 0x9CFF, 0x9CFF, 
    0x9CFF, 0x9CFF, 0x9CFF, 0x9CFF, 0x9CFF, 0x9CFF, 0x9CFF, 0x9CFF, 0x9CFF, 0x9CFF, 0x9CFF, 0x9CFF, 
    0x9CFF, 0x9CFF, 0x9CFF, 0x9CFF, 0x9CFF, 0x9CFF, 0x9CFF, 0x9CFF, 0x9CFF, 0x9CFF, 0x9CFF, 0x9CFF, 
    0x9CFF, 0x9CFF, 0x9CFF, 0x9CFF, 0x9CFF, 0x9CFF, 0x9CFF, 0x9CFF, 0x9CFF, 0x9CFF, 0x9CFF, 0x9CFF, 
    0x9CFF, 0x9CFF, 0x9CFF, 0x9CFF, 0x9CFF, 0x9CFF, 0x9CFF, 0x9CFF, 0x9CFF, 0x9CFF, 0x9CFF, 0x9CFF, 
    0x9CFF, 0x9CFF, 0x9CFF, 0x9CFF, 0x9CFF, 0x9CFF, 0x9CFF, 0x9BFF, 0xBCFF, 0x5CEF, 0xD484, 0x1A96, 
    0x1EBF, 0xFCBE, 0xFDBE, 0xFDBE, 0xFDBE, 0xFDBE, 0xFDBE, 0xFDBE, 0xFDBE, 0xFDBE, 0xFDBE, 0xFDBE, 
    0xFDBE, 0xFDBE, 0xFDBE, 0xFDBE, 0xFDBE, 0xFDBE, 0xFDBE, 0xFDBE, 0xFDBE, 0xFDBE, 0x1DBF, 0x9BAE, 
    
    0xA631, 0x5AAE, 0x3EBF, 0xFDBE, 0xFDBE, 0x1DBF, 0x1DB7, 0xFEBE, 0xFDBE, 0x1DB7, 0xFDBE, 0xFDBE, 
    0xFDBE, 0xFDBE, 0xFDBE, 0xFDBE, 0xFDBE, 0xFDBE, 0xFDBE, 0x1DB7, 0xFDBE, 0xFDBE, 0xFDBE, 0xFDBE, 
    0xFDBE, 0xFDB6, 0xF674, 0x19AE, 0xBCFF, 0x9BFF, 0x9CFF, 0x9CFF, 0x9CFF, 0x9CFF, 0x9CFF, 0x9CFF, 
    0x9CFF, 0x9CFF, 0x9CFF, 0x9CFF, 0x9CFF, 0x9CFF, 0x9CFF, 0x9CFF, 0x9CFF, 0x9CFF, 0x9CFF, 0x9CFF, 
    0x9CFF, 0x9CFF, 0x9CFF, 0x9CFF, 0x9CFF, 0x9CFF, 0x9CFF, 0x9CFF, 0x9CFF, 0x9CFF, 0x9CFF, 0x9CFF, 
    0x9CFF, 0x9CFF, 0x9CFF, 0x9CFF, 0x9CFF, 0x9CFF, 0x9CFF, 0x9CFF, 0x9CFF, 0x9CFF, 0x9CFF, 0x9CFF, 
    0x9CFF, 0x9CFF, 0x9CFF, 0x9CFF, 0x9CFF, 0x9CFF, 0x9CFF, 0x9CFF, 0x9CFF, 0x9CFF, 0x9CFF, 0x9CFF, 
    0x9CFF, 0x9CFF, 0x9CFF, 0x9CFF, 0x9CFF, 0x9CFF, 0x9CFF, 0x9CFF, 0x9CFF, 0x9CFF, 0x9CFF, 0x9CFF, 
    0x9CFF, 0x9CFF, 0x9CFF, 0x9CFF, 0x9CFF, 0x9CFF, 0x9CFF, 0x9CFF, 0x9CFF, 0x9CFF, 0x9CFF, 0x9CFF, 
    0x9CFF, 0x9CFF, 0x9CFF, 0x9CFF, 0x9CFF, 0x9CFF, 0x9CFF, 0x9CFF, 0x9CFF, 0x9CFF, 0x9CFF, 0x9CFF, 
    0x9CFF, 0x9CFF, 0x9CFF, 0x9CFF, 0x9CFF, 0x9CFF, 0x9CFF, 0x9CFF, 0x9CFF, 0x9CFF, 0x9CFF, 0x9CFF, 
    0x9CFF, 0x9CFF, 0x9CFF, 0x9CFF, 0x9CFF, 0x9CFF, 0x9CFF, 0x9CFF, 0x9CFF, 0x9CFF, 0x9CFF, 0x9CFF, 
    0x9CFF, 0x9CFF, 0x9CFF, 0x9CFF, 0x9CFF, 0x9CFF, 0x9CFF, 0x9CFF, 0x9CFF, 0x9CFF, 0x9CFF, 0x9CFF, 
    0x9CFF, 0x9CFF, 0x9CFF, 0x9CFF, 0x9CFF, 0x9CFF, 0x9CFF, 0x9CFF, 0x9CFF, 0x9CFF, 0x9CFF, 0x9CFF, 
    0x9CFF, 0x9CFF, 0x9CFF, 0x9CFF, 0x9CFF, 0x9CFF, 0x9CFF, 0x9CFF, 0x9CFF, 0x9CFF, 0x9CFF, 0x9CFF, 
    0x9CFF, 0x9CFF, 0x9CFF, 0x9CFF, 0x9CFF, 0x9CFF, 0x9CFF, 0x9CFF, 0x9CFF, 0x9CFF, 0x9CFF, 0x9CFF, 
    0x9CFF, 0x9CFF, 0x9CFF, 0x9CFF, 0x9CFF, 0x9CFF, 0x9CFF, 0x9CFF, 0x9CFF, 0x9CFF, 0x9CFF, 0x9CFF, 
    0x9CFF, 0x9CFF, 0x9CFF, 0x9CFF, 0x9CFF, 0x9CFF, 0x9CFF, 0x9CFF, 0x9CFF, 0x9CFF, 0x9CFF, 0x9CFF, 
    0x9CFF, 0x9CFF, 0x9CFF, 0x9CFF, 0x9CFF, 0x9CFF, 0x9CFF, 0x9CFF, 0x9CFF, 0x9CFF, 0x9CFF, 0x9CFF, 
    0x9CFF, 0x9CFF, 0x9CFF, 0x9CFF, 0x9CFF, 0x9CFF, 0x9CFF, 0x9CFF, 0x9CFF, 0x9CFF, 0x9CFF, 0x9CFF, 
    0x9CFF, 0x9CFF, 0x9CFF, 0x9CFF, 0x9CFF, 0x9CFF, 0x9CFF, 0x9CFF, 0x9CFF, 0x9CFF, 0x9CFF, 0x9CFF, 
    0x9CFF, 0x9CFF, 0x9CFF, 0x9BFF, 0xBCFF, 0x5CEF, 0xD484, 0x1A96, 0x1EBF, 0xFCBE, 0xFDBE, 0xFDBE, 
    0xFDBE, 0xFDBE, 0xFDBE, 0xFDBE, 0xFDBE, 0xFDBE, 0xFDBE, 0xFDBE, 0xFDBE, 0xFDBE, 0xFDBE, 0xFDBE, 
    0xFDBE, 0xFDBE, 0xFDBE, 0xFDBE, 0xFDBE, 0xFDBE, 0x1DBF, 0x9BAE, 
    0xA631, 0x5AAE, 0x3EBF, 0xFDBE, 
    0xFDBE, 0x1DBF, 0x1DB7, 0xFEBE, 0xFDBE, 0x1DB7, 0xFDBE, 0xFDBE, 0xFDBE, 0xFDBE, 0xFDBE, 0xFDBE, 
    0xFDBE, 0xFDBE, 0xFDBE, 0x1DB7, 0xFDBE, 0xFDBE, 0xFDBE, 0xFDBE, 0xFDBE, 0xFDB6, 0xF674, 0x19AE, 
    0xBCFF, 0x9BFF, 0x9CFF, 0x9CFF, 0x9CFF, 0x9CFF, 0x9CFF, 0x9CFF, 0x9CFF, 0x9CFF, 0x9CFF, 0x9CFF, 
    0x9CFF, 0x9CFF, 0x9CFF, 0x9CFF, 0x9CFF, 0x9CFF, 0x9CFF, 0x9CFF, 0x9CFF, 0x9CFF, 0x9CFF, 0x9CFF, 
    0x9CFF, 0x9CFF, 0x9CFF, 0x9CFF, 0x9CFF, 0x9CFF, 0x9CFF, 0x9CFF, 0x9CFF, 0x9CFF, 0x9CFF, 0x9CFF, 
    0x9CFF, 0x9CFF, 0x9CFF, 0x9CFF, 0x9CFF, 0x9CFF, 0x9CFF, 0x9CFF, 0x9CFF, 0x9CFF, 0x9CFF, 0x9CFF, 
    0x9CFF, 0x9CFF, 0x9CFF, 0x9CFF, 0x9CFF, 0x9CFF, 0x9CFF, 0x9CFF, 0x9CFF, 0x9CFF, 0x9CFF, 0x9CFF, 
    0x9CFF, 0x9CFF, 0x9CFF, 0x9CFF, 0x9CFF, 0x9CFF, 0x9CFF, 0x9CFF, 0x9CFF, 0x9CFF, 0x9CFF, 0x9CFF, 
    0x9CFF, 0x9CFF, 0x9CFF, 0x9CFF, 0x9CFF, 0x9CFF, 0x9CFF, 0x9CFF, 0x9CFF, 0x9CFF, 0x9CFF, 0x9CFF, 
    0x9CFF, 0x9CFF, 0x9CFF, 0x9CFF, 0x9CFF, 0x9CFF, 0x9CFF, 0x9CFF, 0x9CFF, 0x9CFF, 0x9CFF, 0x9CFF, 
    0x9CFF, 0x9CFF, 0x9CFF, 0x9CFF, 0x9CFF, 0x9CFF, 0x9CFF, 0x9CFF, 0x9CFF, 0x9CFF, 0x9CFF, 0x9CFF, 
    0x9CFF, 0x9CFF, 0x9CFF, 0x9CFF, 0x9CFF, 0x9CFF, 0x9CFF, 0x9CFF, 0x9CFF, 0x9CFF, 0x9CFF, 0x9CFF, 
    0x9CFF, 0x9CFF, 0x9CFF, 0x9CFF, 0x9CFF, 0x9CFF, 0x9CFF, 0x9CFF, 0x9CFF, 0x9CFF, 0x9CFF, 0x9CFF, 
    0x9CFF, 0x9CFF, 0x9CFF, 0x9CFF, 0x9CFF, 0x9CFF, 0x9CFF, 0x9CFF, 0x9CFF, 0x9CFF, 0x9CFF, 0x9CFF, 
    0x9CFF, 0x9CFF, 0x9CFF, 0x9CFF, 0x9CFF, 0x9CFF, 0x9CFF, 0x9CFF, 0x9CFF, 0x9CFF, 0x9CFF, 0x9CFF, 
    0x9CFF, 0x9CFF, 0x9CFF, 0x9CFF, 0x9CFF, 0x9CFF, 0x9CFF, 0x9CFF, 0x9CFF, 0x9CFF, 0x9CFF, 0x9CFF, 
    0x9CFF, 0x9CFF, 0x9CFF, 0x9CFF, 0x9CFF, 0x9CFF, 0x9CFF, 0x9CFF, 0x9CFF, 0x9CFF, 0x9CFF, 0x9CFF, 
    0x9CFF, 0x9CFF, 0x9CFF, 0x9CFF, 0x9CFF, 0x9CFF, 0x9CFF, 0x9CFF, 0x9CFF, 0x9CFF, 0x9CFF, 0x9CFF, 
    0x9CFF, 0x9CFF, 0x9CFF, 0x9CFF, 0x9CFF, 0x9CFF, 0x9CFF, 0x9CFF, 0x9CFF, 0x9CFF, 0x9CFF, 0x9CFF, 
    0x9CFF, 0x9CFF, 0x9CFF, 0x9CFF, 0x9CFF, 0x9CFF, 0x9CFF, 0x9CFF, 0x9CFF, 0x9CFF, 0x9CFF, 0x9CFF, 
    0x9CFF, 0x9CFF, 0x9CFF, 0x9CFF, 0x9CFF, 0x9CFF, 0x9CFF, 0x9CFF, 0x9CFF, 0x9CFF, 0x9CFF, 0x9BFF, 
    0xBCFF, 0x5CEF, 0xD484, 0x1A96, 0x1EBF, 0xFCBE, 0xFDBE, 0xFDBE, 0xFDBE, 0xFDBE, 0xFDBE, 0xFDBE, 
    0xFDBE, 0xFDBE, 0xFDBE, 0xFDBE, 0xFDBE, 0xFDBE, 0xFDBE, 0xFDBE, 0xFDBE, 0xFDBE, 0xFDBE, 0xFDBE, 
    0xFDBE, 0xFDBE, 0x1DBF, 0x9BAE, 
    0xA631, 0x5AAE, 0x3EBF, 0xFDBE, 0xFDBE, 0x1DBF, 0x1DB7, 0xFEBE, 
    0xFDBE, 0x1DB7, 0xFDBE, 0xFDBE, 0xFDBE, 0xFDBE, 0xFDBE, 0xFDBE, 0xFDBE, 0xFDBE, 0xFDBE, 0x1DB7, 
    0xFDBE, 0xFDBE, 0xFDBE, 0xFDBE, 0xFDBE, 0xFDBE, 0xF674, 0x18AE, 0xBCFF, 0x9BFF, 0x9CFF, 0x9CFF, 
    0x9CFF, 0x9CFF, 0x9CFF, 0x9CFF, 0x9CFF, 0x9CFF, 0x9CFF, 0x9CFF, 0x9CFF, 0x9CFF, 0x9CFF, 0x9CFF, 
    0x9CFF, 0x9CFF, 0x9CFF, 0x9CFF, 0x9CFF, 0x9CFF, 0x9CFF, 0x9CFF, 0x9CFF, 0x9CFF, 0x9CFF, 0x9CFF, 
    0x9CFF, 0x9CFF, 0x9CFF, 0x9CFF, 0x9CFF, 0x9CFF, 0x9CFF, 0x9CFF, 0x9CFF, 0x9CFF, 0x9CFF, 0x9CFF, 
    0x9CFF, 0x9CFF, 0x9CFF, 0x9CFF, 0x9CFF, 0x9CFF, 0x9CFF, 0x9CFF, 0x9CFF, 0x9CFF, 0x9CFF, 0x9CFF, 
    0x9CFF, 0x9CFF, 0x9CFF, 0x9CFF, 0x9CFF, 0x9CFF, 0x9CFF, 0x9CFF, 0x9CFF, 0x9CFF, 0x9CFF, 0x9CFF, 
    0x9CFF, 0x9CFF, 0x9CFF, 0x9CFF, 0x9CFF, 0x9CFF, 0x9CFF, 0x9CFF, 0x9CFF, 0x9CFF, 0x9CFF, 0x9CFF, 
    0x9CFF, 0x9CFF, 0x9CFF, 0x9CFF, 0x9CFF, 0x9CFF, 0x9CFF, 0x9CFF, 0x9CFF, 0x9CFF, 0x9CFF, 0x9CFF, 
    0x9CFF, 0x9CFF, 0x9CFF, 0x9CFF, 0x9CFF, 0x9CFF, 0x9CFF, 0x9CFF, 0x9CFF, 0x9CFF, 0x9CFF, 0x9CFF, 
    0x9CFF, 0x9CFF, 0x9CFF, 0x9CFF, 0x9CFF, 0x9CFF, 0x9CFF, 0x9CFF, 0x9CFF, 0x9CFF, 0x9CFF, 0x9CFF, 
    0x9CFF, 0x9CFF, 0x9CFF, 0x9CFF, 0x9CFF, 0x9CFF, 0x9CFF, 0x9CFF, 0x9CFF, 0x9CFF, 0x9CFF, 0x9CFF, 
    0x9CFF, 0x9CFF, 0x9CFF, 0x9CFF, 0x9CFF, 0x9CFF, 0x9CFF, 0x9CFF, 0x9CFF, 0x9CFF, 0x9CFF, 0x9CFF, 
    0x9CFF, 0x9CFF, 0x9CFF, 0x9CFF, 0x9CFF, 0x9CFF, 0x9CFF, 0x9CFF, 0x9CFF, 0x9CFF, 0x9CFF, 0x9CFF, 
    0x9CFF, 0x9CFF, 0x9CFF, 0x9CFF, 0x9CFF, 0x9CFF, 0x9CFF, 0x9CFF, 0x9CFF, 0x9CFF, 0x9CFF, 0x9CFF, 
    0x9CFF, 0x9CFF, 0x9CFF, 0x9CFF, 0x9CFF, 0x9CFF, 0x9CFF, 0x9CFF, 0x9CFF, 0x9CFF, 0x9CFF, 0x9CFF, 
    0x9CFF, 0x9CFF, 0x9CFF, 0x9CFF, 0x9CFF, 0x9CFF, 0x9CFF, 0x9CFF, 0x9CFF, 0x9CFF, 0x9CFF, 0x9CFF, 
    0x9CFF, 0x9CFF, 0x9CFF, 0x9CFF, 0x9CFF, 0x9CFF, 0x9CFF, 0x9CFF, 0x9CFF, 0x9CFF, 0x9CFF, 0x9CFF, 
    0x9CFF, 0x9CFF, 0x9CFF, 0x9CFF, 0x9CFF, 0x9CFF, 0x9CFF, 0x9CFF, 0x9CFF, 0x9CFF, 0x9CFF, 0x9CFF, 
    0x9CFF, 0x9CFF, 0x9CFF, 0x9CFF, 0x9CFF, 0x9CFF, 0x9CFF, 0x9CFF, 0x9CFF, 0x9CFF, 0x9CFF, 0x9CFF, 
    0x9CFF, 0x9CFF, 0x9CFF, 0x9CFF, 0x9CFF, 0x9CFF, 0x9CFF, 0x9BFF, 0xBCFF, 0x5CEF, 0xD484, 0x1A96, 
    0x1EBF, 0xFCBE, 0xFDBE, 0xFDBE, 0xFDBE, 0xFDBE, 0xFDBE, 0xFDBE, 0xFDBE, 0xFDBE, 0xFDBE, 0xFDBE, 
    0xFDBE, 0xFDBE, 0xFDBE, 0xFDBE, 0xFDBE, 0xFDBE, 0xFDBE, 0xFDBE, 0xFDBE, 0xFDBE, 0x1DBF, 0x9BAE, 
    
    0xA631, 0x5AAE, 0x3EBF, 0xFDBE, 0xFDBE, 0x1DBF, 0x1DB7, 0xFEBE, 0xFDBE, 0x1DB7, 0xFDBE, 0xFDBE, 
    0xFDBE, 0xFDBE, 0xFDBE, 0xFDBE, 0xFDBE, 0xFDBE, 0xFDBE, 0x1DB7, 0xFDBE, 0xFDBE, 0xFDBE, 0xFDBE, 
    0xFDBE, 0xFDBE, 0xF674, 0x18AE, 0xBCFF, 0x9BFF, 0x9CFF, 0x9CFF, 0x9CFF, 0x9CFF, 0x9CFF, 0x9CFF, 
    0x9CFF, 0x9CFF, 0x9CFF, 0x9CFF, 0x9CFF, 0x9CFF, 0x9CFF, 0x9CFF, 0x9CFF, 0x9CFF, 0x9CFF, 0x9CFF, 
    0x9CFF, 0x9CFF, 0x9CFF, 0x9CFF, 0x9CFF, 0x9CFF, 0x9CFF, 0x9CFF, 0x9CFF, 0x9CFF, 0x9CFF, 0x9CFF, 
    0x9CFF, 0x9CFF, 0x9CFF, 0x9CFF, 0x9CFF, 0x9CFF, 0x9CFF, 0x9CFF, 0x9CFF, 0x9CFF, 0x9CFF, 0x9CFF, 
    0x9CFF, 0x9CFF, 0x9CFF, 0x9CFF, 0x9CFF, 0x9CFF, 0x9CFF, 0x9CFF, 0x9CFF, 0x9CFF, 0x9CFF, 0x9CFF, 
    0x9CFF, 0x9CFF, 0x9CFF, 0x9CFF, 0x9CFF, 0x9CFF, 0x9CFF, 0x9CFF, 0x9CFF, 0x9CFF, 0x9CFF, 0x9CFF, 
    0x9CFF, 0x9CFF, 0x9CFF, 0x9CFF, 0x9CFF, 0x9CFF, 0x9CFF, 0x9CFF, 0x9CFF, 0x9CFF, 0x9CFF, 0x9CFF, 
    0x9CFF, 0x9CFF, 0x9CFF, 0x9CFF, 0x9CFF, 0x9CFF, 0x9CFF, 0x9CFF, 0x9CFF, 0x9CFF, 0x9CFF, 0x9CFF, 
    0x9CFF, 0x9CFF, 0x9CFF, 0x9CFF, 0x9CFF, 0x9CFF, 0x9CFF, 0x9CFF, 0x9CFF, 0x9CFF, 0x9CFF, 0x9CFF, 
    0x9CFF, 0x9CFF, 0x9CFF, 0x9CFF, 0x9CFF, 0x9CFF, 0x9CFF, 0x9CFF, 0x9CFF, 0x9CFF, 0x9CFF, 0x9CFF, 
    0x9CFF, 0x9CFF, 0x9CFF, 0x9CFF, 0x9CFF, 0x9CFF, 0x9CFF, 0x9CFF, 0x9CFF, 0x9CFF, 0x9CFF, 0x9CFF, 
    0x9CFF, 0x9CFF, 0x9CFF, 0x9CFF, 0x9CFF, 0x9CFF, 0x9CFF, 0x9CFF, 0x9CFF, 0x9CFF, 0x9CFF, 0x9CFF, 
    0x9CFF, 0x9CFF, 0x9CFF, 0x9CFF, 0x9CFF, 0x9CFF, 0x9CFF, 0x9CFF, 0x9CFF, 0x9CFF, 0x9CFF, 0x9CFF, 
    0x9CFF, 0x9CFF, 0x9CFF, 0x9CFF, 0x9CFF, 0x9CFF, 0x9CFF, 0x9CFF, 0x9CFF, 0x9CFF, 0x9CFF, 0x9CFF, 
    0x9CFF, 0x9CFF, 0x9CFF, 0x9CFF, 0x9CFF, 0x9CFF, 0x9CFF, 0x9CFF, 0x9CFF, 0x9CFF, 0x9CFF, 0x9CFF, 
    0x9CFF, 0x9CFF, 0x9CFF, 0x9CFF, 0x9CFF, 0x9CFF, 0x9CFF, 0x9CFF, 0x9CFF, 0x9CFF, 0x9CFF, 0x9CFF, 
    0x9CFF, 0x9CFF, 0x9CFF, 0x9CFF, 0x9CFF, 0x9CFF, 0x9CFF, 0x9CFF, 0x9CFF, 0x9CFF, 0x9CFF, 0x9CFF, 
    0x9CFF, 0x9CFF, 0x9CFF, 0x9CFF, 0x9CFF, 0x9CFF, 0x9CFF, 0x9CFF, 0x9CFF, 0x9CFF, 0x9CFF, 0x9CFF, 
    0x9CFF, 0x9CFF, 0x9CFF, 0x9CFF, 0x9CFF, 0x9CFF, 0x9CFF, 0x9CFF, 0x9CFF, 0x9CFF, 0x9CFF, 0x9CFF, 
    0x9CFF, 0x9CFF, 0x9CFF, 0x9BFF, 0xBCFF, 0x5CEF, 0xD484, 0x1A96, 0x1EBF, 0xFCBE, 0xFDBE, 0xFDBE, 
    0xFDBE, 0xFDBE, 0xFDBE, 0xFDBE, 0xFDBE, 0xFDBE, 0xFDBE, 0xFDBE, 0xFDBE, 0xFDBE, 0xFDBE, 0xFDBE, 
    0xFDBE, 0xFDBE, 0xFDBE, 0xFDBE, 0xFDBE, 0xFDBE, 0x1DBF, 0x9BAE, 
    0xA631, 0x5AAE, 0x3EBF, 0xFDBE, 
    0xFDBE, 0x1DBF, 0x1DB7, 0xFEBE, 0xFDBE, 0x1DB7, 0xFDBE, 0xFDBE, 0xFDBE, 0xFDBE, 0xFDBE, 0xFDBE, 
    0xFDBE, 0xFDBE, 0xFDBE, 0x1DB7, 0xFDBE, 0xFDBE, 0xFDBE, 0xFDBE, 0xFDBE, 0xFDBE, 0xF674, 0x18AE, 
    0xBCFF, 0x9BFF, 0x9CFF, 0x9CFF, 0x9CFF, 0x9CFF, 0x9CFF, 0x9CFF, 0x9CFF, 0x9CFF, 0x9CFF, 0x9CFF, 
    0x9CFF, 0x9CFF, 0x9CFF, 0x9CFF, 0x9CFF, 0x9CFF, 0x9CFF, 0x9CFF, 0x9CFF, 0x9CFF, 0x9CFF, 0x9CFF, 
    0x9CFF, 0x9CFF, 0x9CFF, 0x9CFF, 0x9CFF, 0x9CFF, 0x9CFF, 0x9CFF, 0x9CFF, 0x9CFF, 0x9CFF, 0x9CFF, 
    0x9CFF, 0x9CFF, 0x9CFF, 0x9CFF, 0x9CFF, 0x9CFF, 0x9CFF, 0x9CFF, 0x9CFF, 0x9CFF, 0x9CFF, 0x9CFF, 
    0x9CFF, 0x9CFF, 0x9CFF, 0x9CFF, 0x9CFF, 0x9CFF, 0x9CFF, 0x9CFF, 0x9CFF, 0x9CFF, 0x9CFF, 0x9CFF, 
    0x9CFF, 0x9CFF, 0x9CFF, 0x9CFF, 0x9CFF, 0x9CFF, 0x9CFF, 0x9CFF, 0x9CFF, 0x9CFF, 0x9CFF, 0x9CFF, 
    0x9CFF, 0x9CFF, 0x9CFF, 0x9CFF, 0x9CFF, 0x9CFF, 0x9CFF, 0x9CFF, 0x9CFF, 0x9CFF, 0x9CFF, 0x9CFF, 
    0x9CFF, 0x9CFF, 0x9CFF, 0x9CFF, 0x9CFF, 0x9CFF, 0x9CFF, 0x9CFF, 0x9CFF, 0x9CFF, 0x9CFF, 0x9CFF, 
    0x9CFF, 0x9CFF, 0x9CFF, 0x9CFF, 0x9CFF, 0x9CFF, 0x9CFF, 0x9CFF, 0x9CFF, 0x9CFF, 0x9CFF, 0x9CFF, 
    0x9CFF, 0x9CFF, 0x9CFF, 0x9CFF, 0x9CFF, 0x9CFF, 0x9CFF, 0x9CFF, 0x9CFF, 0x9CFF, 0x9CFF, 0x9CFF, 
    0x9CFF, 0x9CFF, 0x9CFF, 0x9CFF, 0x9CFF, 0x9CFF, 0x9CFF, 0x9CFF, 0x9CFF, 0x9CFF, 0x9CFF, 0x9CFF, 
    0x9CFF, 0x9CFF, 0x9CFF, 0x9CFF, 0x9CFF, 0x9CFF, 0x9CFF, 0x9CFF, 0x9CFF, 0x9CFF, 0x9CFF, 0x9CFF, 
    0x9CFF, 0x9CFF, 0x9CFF, 0x9CFF, 0x9CFF, 0x9CFF, 0x9CFF, 0x9CFF, 0x9CFF, 0x9CFF, 0x9CFF, 0x9CFF, 
    0x9CFF, 0x9CFF, 0x9CFF, 0x9CFF, 0x9CFF, 0x9CFF, 0x9CFF, 0x9CFF, 0x9CFF, 0x9CFF, 0x9CFF, 0x9CFF, 
    0x9CFF, 0x9CFF, 0x9CFF, 0x9CFF, 0x9CFF, 0x9CFF, 0x9CFF, 0x9CFF, 0x9CFF, 0x9CFF, 0x9CFF, 0x9CFF, 
    0x9CFF, 0x9CFF, 0x9CFF, 0x9CFF, 0x9CFF, 0x9CFF, 0x9CFF, 0x9CFF, 0x9CFF, 0x9CFF, 0x9CFF, 0x9CFF, 
    0x9CFF, 0x9CFF, 0x9CFF, 0x9CFF, 0x9CFF, 0x9CFF, 0x9CFF, 0x9CFF, 0x9CFF, 0x9CFF, 0x9CFF, 0x9CFF, 
    0x9CFF, 0x9CFF, 0x9CFF, 0x9CFF, 0x9CFF, 0x9CFF, 0x9CFF, 0x9CFF, 0x9CFF, 0x9CFF, 0x9CFF, 0x9CFF, 
    0x9CFF, 0x9CFF, 0x9CFF, 0x9CFF, 0x9CFF, 0x9CFF, 0x9CFF, 0x9CFF, 0x9CFF, 0x9CFF, 0x9CFF, 0x9BFF, 
    0xBCFF, 0x5CEF, 0xD484, 0x1A96, 0x1EBF, 0xFCBE, 0xFDBE, 0xFDBE, 0xFDBE, 0xFDBE, 0xFDBE, 0xFDBE, 
    0xFDBE, 0xFDBE, 0xFDBE, 0xFDBE, 0xFDBE, 0xFDBE, 0xFDBE, 0xFDBE, 0xFDBE, 0xFDBE, 0xFDBE, 0xFDBE, 
    0xFDBE, 0xFDBE, 0x1DBF, 0x9BAE, 
    0xA631, 0x5AAE, 0x3EBF, 0xFDBE, 0xFDBE, 0x1DBF, 0x1DB7, 0xFEBE, 
    0xFDBE, 0x1DB7, 0xFDBE, 0xFDBE, 0xFDBE, 0xFDBE, 0xFDBE, 0xFDBE, 0xFDBE, 0xFDBE, 0xFDBE, 0x1DB7, 
    0xFDBE, 0xFDBE, 0xFDBE, 0xFDBE, 0xFDBE, 0xFDBE, 0xF674, 0x18AE, 0xBCFF, 0x9BFF, 0x9CFF, 0x9CFF, 
    0x9CFF, 0x9CFF, 0x9CFF, 0x9CFF, 0x9CFF, 0x9CFF, 0x9CFF, 0x9CFF, 0x9CFF, 0x9CFF, 0x9CFF, 0x9CFF, 
    0x9CFF, 0x9CFF, 0x9CFF, 0x9CFF, 0x9CFF, 0x9CFF, 0x9CFF, 0x9CFF, 0x9CFF, 0x9CFF, 0x9CFF, 0x9CFF, 
    0x9CFF, 0x9CFF, 0x9CFF, 0x9CFF, 0x9CFF, 0x9CFF, 0x9CFF, 0x9CFF, 0x9CFF, 0x9CFF, 0x9CFF, 0x9CFF, 
    0x9CFF, 0x9CFF, 0x9CFF, 0x9CFF, 0x9CFF, 0x9CFF, 0x9CFF, 0x9CFF, 0x9CFF, 0x9CFF, 0x9CFF, 0x9CFF, 
    0x9CFF, 0x9CFF, 0x9CFF, 0x9CFF, 0x9CFF, 0x9CFF, 0x9CFF, 0x9CFF, 0x9CFF, 0x9CFF, 0x9CFF, 0x9CFF, 
    0x9CFF, 0x9CFF, 0x9CFF, 0x9CFF, 0x9CFF, 0x9CFF, 0x9CFF, 0x9CFF, 0x9CFF, 0x9CFF, 0x9CFF, 0x9CFF, 
    0x9CFF, 0x9CFF, 0x9CFF, 0x9CFF, 0x9CFF, 0x9CFF, 0x9CFF, 0x9CFF, 0x9CFF, 0x9CFF, 0x9CFF, 0x9CFF, 
    0x9CFF, 0x9CFF, 0x9CFF, 0x9CFF, 0x9CFF, 0x9CFF, 0x9CFF, 0x9CFF, 0x9CFF, 0x9CFF, 0x9CFF, 0x9CFF, 
    0x9CFF, 0x9CFF, 0x9CFF, 0x9CFF, 0x9CFF, 0x9CFF, 0x9CFF, 0x9CFF, 0x9CFF, 0x9CFF, 0x9CFF, 0x9CFF, 
    0x9CFF, 0x9CFF, 0x9CFF, 0x9CFF, 0x9CFF, 0x9CFF, 0x9CFF, 0x9CFF, 0x9CFF, 0x9CFF, 0x9CFF, 0x9CFF, 
    0x9CFF, 0x9CFF, 0x9CFF, 0x9CFF, 0x9CFF, 0x9CFF, 0x9CFF, 0x9CFF, 0x9CFF, 0x9CFF, 0x9CFF, 0x9CFF, 
    0x9CFF, 0x9CFF, 0x9CFF, 0x9CFF, 0x9CFF, 0x9CFF, 0x9CFF, 0x9CFF, 0x9CFF, 0x9CFF, 0x9CFF, 0x9CFF, 
    0x9CFF, 0x9CFF, 0x9CFF, 0x9CFF, 0x9CFF, 0x9CFF, 0x9CFF, 0x9CFF, 0x9CFF, 0x9CFF, 0x9CFF, 0x9CFF, 
    0x9CFF, 0x9CFF, 0x9CFF, 0x9CFF, 0x9CFF, 0x9CFF, 0x9CFF, 0x9CFF, 0x9CFF, 0x9CFF, 0x9CFF, 0x9CFF, 
    0x9CFF, 0x9CFF, 0x9CFF, 0x9CFF, 0x9CFF, 0x9CFF, 0x9CFF, 0x9CFF, 0x9CFF, 0x9CFF, 0x9CFF, 0x9CFF, 
    0x9CFF, 0x9CFF, 0x9CFF, 0x9CFF, 0x9CFF, 0x9CFF, 0x9CFF, 0x9CFF, 0x9CFF, 0x9CFF, 0x9CFF, 0x9CFF, 
    0x9CFF, 0x9CFF, 0x9CFF, 0x9CFF, 0x9CFF, 0x9CFF, 0x9CFF, 0x9CFF, 0x9CFF, 0x9CFF, 0x9CFF, 0x9CFF, 
    0x9CFF, 0x9CFF, 0x9CFF, 0x9CFF, 0x9CFF, 0x9CFF, 0x9CFF, 0x9CFF, 0x9CFF, 0x9CFF, 0x9CFF, 0x9CFF, 
    0x9CFF, 0x9CFF, 0x9CFF, 0x9CFF, 0x9CFF, 0x9CFF, 0x9CFF, 0x9BFF, 0xBCFF, 0x5CEF, 0xD484, 0x1A96, 
    0x1EBF, 0xFCBE, 0xFDBE, 0xFDBE, 0xFDBE, 0xFDBE, 0xFDBE, 0xFDBE, 0xFDBE, 0xFDBE, 0xFDBE, 0xFDBE, 
    0xFDBE, 0xFDBE, 0xFDBE, 0xFDBE, 0xFDBE, 0xFDBE, 0xFDBE, 0xFDBE, 0xFDBE, 0xFDBE, 0x1DBF, 0x9BAE, 
    
    0xA631, 0x5AAE, 0x3EBF, 0xFDBE, 0xFDBE, 0x1DBF, 0x1DB7, 0xFEBE, 0xFDBE, 0x1DB7, 0xFDBE, 0xFDBE, 
    0xFDBE, 0xFDBE, 0xFDBE, 0xFDBE, 0xFDBE, 0xFDBE, 0xFDBE, 0x1DB7, 0xFDBE, 0xFDBE, 0xFDBE, 0xFDBE, 
    0xFDBE, 0xFDBE, 0xF674, 0x18AE, 0xBCFF, 0x9BFF, 0x9CFF, 0x9CFF, 0x9CFF, 0x9CFF, 0x9CFF, 0x9CFF, 
    0x9CFF, 0x9CFF, 0x9CFF, 0x9CFF, 0x9CFF, 0x9CFF, 0x9CFF, 0x9CFF, 0x9CFF, 0x9CFF, 0x9CFF, 0x9CFF, 
    0x9CFF, 0x9CFF, 0x9CFF, 0x9CFF, 0x9CFF, 0x9CFF, 0x9CFF, 0x9CFF, 0x9CFF, 0x9CFF, 0x9CFF, 0x9CFF, 
    0x9CFF, 0x9CFF, 0x9CFF, 0x9CFF, 0x9CFF, 0x9CFF, 0x9CFF, 0x9CFF, 0x9CFF, 0x9CFF, 0x9CFF, 0x9CFF, 
    0x9CFF, 0x9CFF, 0x9CFF, 0x9CFF, 0x9CFF, 0x9CFF, 0x9CFF, 0x9CFF, 0x9CFF, 0x9CFF, 0x9CFF, 0x9CFF, 
    0x9CFF, 0x9CFF, 0x9CFF, 0x9CFF, 0x9CFF, 0x9CFF, 0x9CFF, 0x9CFF, 0x9CFF, 0x9CFF, 0x9CFF, 0x9CFF, 
    0x9CFF, 0x9CFF, 0x9CFF, 0x9CFF, 0x9CFF, 0x9CFF, 0x9CFF, 0x9CFF, 0x9CFF, 0x9CFF, 0x9CFF, 0x9CFF, 
    0x9CFF, 0x9CFF, 0x9CFF, 0x9CFF, 0x9CFF, 0x9CFF, 0x9CFF, 0x9CFF, 0x9CFF, 0x9CFF, 0x9CFF, 0x9CFF, 
    0x9CFF, 0x9CFF, 0x9CFF, 0x9CFF, 0x9CFF, 0x9CFF, 0x9CFF, 0x9CFF, 0x9CFF, 0x9CFF, 0x9CFF, 0x9CFF, 
    0x9CFF, 0x9CFF, 0x9CFF, 0x9CFF, 0x9CFF, 0x9CFF, 0x9CFF, 0x9CFF, 0x9CFF, 0x9CFF, 0x9CFF, 0x9CFF, 
    0x9CFF, 0x9CFF, 0x9CFF, 0x9CFF, 0x9CFF, 0x9CFF, 0x9CFF, 0x9CFF, 0x9CFF, 0x9CFF, 0x9CFF, 0x9CFF, 
    0x9CFF, 0x9CFF, 0x9CFF, 0x9CFF, 0x9CFF, 0x9CFF, 0x9CFF, 0x9CFF, 0x9CFF, 0x9CFF, 0x9CFF, 0x9CFF, 
    0x9CFF, 0x9CFF, 0x9CFF, 0x9CFF, 0x9CFF, 0x9CFF, 0x9CFF, 0x9CFF, 0x9CFF, 0x9CFF, 0x9CFF, 0x9CFF, 
    0x9CFF, 0x9CFF, 0x9CFF, 0x9CFF, 0x9CFF, 0x9CFF, 0x9CFF, 0x9CFF, 0x9CFF, 0x9CFF, 0x9CFF, 0x9CFF, 
    0x9CFF, 0x9CFF, 0x9CFF, 0x9CFF, 0x9CFF, 0x9CFF, 0x9CFF, 0x9CFF, 0x9CFF, 0x9CFF, 0x9CFF, 0x9CFF, 
    0x9CFF, 0x9CFF, 0x9CFF, 0x9CFF, 0x9CFF, 0x9CFF, 0x9CFF, 0x9CFF, 0x9CFF, 0x9CFF, 0x9CFF, 0x9CFF, 
    0x9CFF, 0x9CFF, 0x9CFF, 0x9CFF, 0x9CFF, 0x9CFF, 0x9CFF, 0x9CFF, 0x9CFF, 0x9CFF, 0x9CFF, 0x9CFF, 
    0x9CFF, 0x9CFF, 0x9CFF, 0x9CFF, 0x9CFF, 0x9CFF, 0x9CFF, 0x9CFF, 0x9CFF, 0x9CFF, 0x9CFF, 0x9CFF, 
    0x9CFF, 0x9CFF, 0x9CFF, 0x9CFF, 0x9CFF, 0x9CFF, 0x9CFF, 0x9CFF, 0x9CFF, 0x9CFF, 0x9CFF, 0x9CFF, 
    0x9CFF, 0x9CFF, 0x9CFF, 0x9BFF, 0xBCFF, 0x5CEF, 0xD484, 0x1A96, 0x1EBF, 0xFCBE, 0xFDBE, 0xFDBE, 
    0xFDBE, 0xFDBE, 0xFDBE, 0xFDBE, 0xFDBE, 0xFDBE, 0xFDBE, 0xFDBE, 0xFDBE, 0xFDBE, 0xFDBE, 0xFDBE, 
    0xFDBE, 0xFDBE, 0xFDBE, 0xFDBE, 0xFDBE, 0xFDBE, 0x1DBF, 0x9BAE, 
    0xA631, 0x5AAE, 0x3EBF, 0xFDBE, 
    0xFDBE, 0x1DBF, 0x1DB7, 0xFEBE, 0xFDBE, 0x1DB7, 0xFDBE, 0xFDBE, 0xFDBE, 0xFDBE, 0xFDBE, 0xFDBE, 
    0xFDBE, 0xFDBE, 0xFDBE, 0x1DB7, 0xFDBE, 0xFDBE, 0xFDBE, 0xFDBE, 0xFDBE, 0xFDBE, 0xF674, 0x18AE, 
    0xBCFF, 0x9BFF, 0x9CFF, 0x9CFF, 0x9CFF, 0x9CFF, 0x9CFF, 0x9CFF, 0x9CFF, 0x9CFF, 0x9CFF, 0x9CFF, 
    0x9CFF, 0x9CFF, 0x9CFF, 0x9CFF, 0x9CFF, 0x9CFF, 0x9CFF, 0x9CFF, 0x9CFF, 0x9CFF, 0x9CFF, 0x9CFF, 
    0x9CFF, 0x9CFF, 0x9CFF, 0x9CFF, 0x9CFF, 0x9CFF, 0x9CFF, 0x9CFF, 0x9CFF, 0x9CFF, 0x9CFF, 0x9CFF, 
    0x9CFF, 0x9CFF, 0x9CFF, 0x9CFF, 0x9CFF, 0x9CFF, 0x9CFF, 0x9CFF, 0x9CFF, 0x9CFF, 0x9CFF, 0x9CFF, 
    0x9CFF, 0x9CFF, 0x9CFF, 0x9CFF, 0x9CFF, 0x9CFF, 0x9CFF, 0x9CFF, 0x9CFF, 0x9CFF, 0x9CFF, 0x9CFF, 
    0x9CFF, 0x9CFF, 0x9CFF, 0x9CFF, 0x9CFF, 0x9CFF, 0x9CFF, 0x9CFF, 0x9CFF, 0x9CFF, 0x9CFF, 0x9CFF, 
    0x9CFF, 0x9CFF, 0x9CFF, 0x9CFF, 0x9CFF, 0x9CFF, 0x9CFF, 0x9CFF, 0x9CFF, 0x9CFF, 0x9CFF, 0x9CFF, 
    0x9CFF, 0x9CFF, 0x9CFF, 0x9CFF, 0x9CFF, 0x9CFF, 0x9CFF, 0x9CFF, 0x9CFF, 0x9CFF, 0x9CFF, 0x9CFF, 
    0x9CFF, 0x9CFF, 0x9CFF, 0x9CFF, 0x9CFF, 0x9CFF, 0x9CFF, 0x9CFF, 0x9CFF, 0x9CFF, 0x9CFF, 0x9CFF, 
    0x9CFF, 0x9CFF, 0x9CFF, 0x9CFF, 0x9CFF, 0x9CFF, 0x9CFF, 0x9CFF, 0x9CFF, 0x9CFF, 0x9CFF, 0x9CFF, 
    0x9CFF, 0x9CFF, 0x9CFF, 0x9CFF, 0x9CFF, 0x9CFF, 0x9CFF, 0x9CFF, 0x9CFF, 0x9CFF, 0x9CFF, 0x9CFF, 
    0x9CFF, 0x9CFF, 0x9CFF, 0x9CFF, 0x9CFF, 0x9CFF, 0x9CFF, 0x9CFF, 0x9CFF, 0x9CFF, 0x9CFF, 0x9CFF, 
    0x9CFF, 0x9CFF, 0x9CFF, 0x9CFF, 0x9CFF, 0x9CFF, 0x9CFF, 0x9CFF, 0x9CFF, 0x9CFF, 0x9CFF, 0x9CFF, 
    0x9CFF, 0x9CFF, 0x9CFF, 0x9CFF, 0x9CFF, 0x9CFF, 0x9CFF, 0x9CFF, 0x9CFF, 0x9CFF, 0x9CFF, 0x9CFF, 
    0x9CFF, 0x9CFF, 0x9CFF, 0x9CFF, 0x9CFF, 0x9CFF, 0x9CFF, 0x9CFF, 0x9CFF, 0x9CFF, 0x9CFF, 0x9CFF, 
    0x9CFF, 0x9CFF, 0x9CFF, 0x9CFF, 0x9CFF, 0x9CFF, 0x9CFF, 0x9CFF, 0x9CFF, 0x9CFF, 0x9CFF, 0x9CFF, 
    0x9CFF, 0x9CFF, 0x9CFF, 0x9CFF, 0x9CFF, 0x9CFF, 0x9CFF, 0x9CFF, 0x9CFF, 0x9CFF, 0x9CFF, 0x9CFF, 
    0x9CFF, 0x9CFF, 0x9CFF, 0x9CFF, 0x9CFF, 0x9CFF, 0x9CFF, 0x9CFF, 0x9CFF, 0x9CFF, 0x9CFF, 0x9CFF, 
    0x9CFF, 0x9CFF, 0x9CFF, 0x9CFF, 0x9CFF, 0x9CFF, 0x9CFF, 0x9CFF, 0x9CFF, 0x9CFF, 0x9CFF, 0x9BFF, 
    0xBCFF, 0x5CEF, 0xD484, 0xFA95, 0x1EBF, 0xFDBE, 0xFDBE, 0xFDBE, 0xFDBE, 0xFDBE, 0xFDBE, 0xFDBE, 
    0xFDBE, 0xFDBE, 0xFDBE, 0xFDBE, 0xFDBE, 0xFDBE, 0xFDBE, 0xFDBE, 0xFDBE, 0xFDBE, 0xFDBE, 0xFDBE, 
    0xFDBE, 0xFDBE, 0x1DBF, 0x9BAE, 
    0xA631, 0x5AAE, 0x3EBF, 0xFDBE, 0xFDBE, 0x1DBF, 0x1DB7, 0xFEBE, 
    0xFDBE, 0x1DB7, 0xFDBE, 0xFDBE, 0xFDBE, 0xFDBE, 0xFDBE, 0xFDBE, 0xFDBE, 0xFDBE, 0xFDBE, 0x1DB7, 
    0xFDBE, 0xFDBE, 0xFDBE, 0xFDBE, 0xFDBE, 0xFDBE, 0xF674, 0x18AE, 0xBCFF, 0x9BFF, 0x9CFF, 0x9CFF, 
    0x9CFF, 0x9CFF, 0x9CFF, 0x9CFF, 0x9CFF, 0x9CFF, 0x9CFF, 0x9CFF, 0x9CFF, 0x9CFF, 0x9CFF, 0x9CFF, 
    0x9CFF, 0x9CFF, 0x9CFF, 0x9CFF, 0x9CFF, 0x9CFF, 0x9CFF, 0x9CFF, 0x9CFF, 0x9CFF, 0x9CFF, 0x9CFF, 
    0x9CFF, 0x9CFF, 0x9CFF, 0x9CFF, 0x9CFF, 0x9CFF, 0x9CFF, 0x9CFF, 0x9CFF, 0x9CFF, 0x9CFF, 0x9CFF, 
    0x9CFF, 0x9CFF, 0x9CFF, 0x9CFF, 0x9CFF, 0x9CFF, 0x9CFF, 0x9CFF, 0x9CFF, 0x9CFF, 0x9CFF, 0x9CFF, 
    0x9CFF, 0x9CFF, 0x9CFF, 0x9CFF, 0x9CFF, 0x9CFF, 0x9CFF, 0x9CFF, 0x9CFF, 0x9CFF, 0x9CFF, 0x9CFF, 
    0x9CFF, 0x9CFF, 0x9CFF, 0x9CFF, 0x9CFF, 0x9CFF, 0x9CFF, 0x9CFF, 0x9CFF, 0x9CFF, 0x9CFF, 0x9CFF, 
    0x9CFF, 0x9CFF, 0x9CFF, 0x9CFF, 0x9CFF, 0x9CFF, 0x9CFF, 0x9CFF, 0x9CFF, 0x9CFF, 0x9CFF, 0x9CFF, 
    0x9CFF, 0x9CFF, 0x9CFF, 0x9CFF, 0x9CFF, 0x9CFF, 0x9CFF, 0x9CFF, 0x9CFF, 0x9CFF, 0x9CFF, 0x9CFF, 
    0x9CFF, 0x9CFF, 0x9CFF, 0x9CFF, 0x9CFF, 0x9CFF, 0x9CFF, 0x9CFF, 0x9CFF, 0x9CFF, 0x9CFF, 0x9CFF, 
    0x9CFF, 0x9CFF, 0x9CFF, 0x9CFF, 0x9CFF, 0x9CFF, 0x9CFF, 0x9CFF, 0x9CFF, 0x9CFF, 0x9CFF, 0x9CFF, 
    0x9CFF, 0x9CFF, 0x9CFF, 0x9CFF, 0x9CFF, 0x9CFF, 0x9CFF, 0x9CFF, 0x9CFF, 0x9CFF, 0x9CFF, 0x9CFF, 
    0x9CFF, 0x9CFF, 0x9CFF, 0x9CFF, 0x9CFF, 0x9CFF, 0x9CFF, 0x9CFF, 0x9CFF, 0x9CFF, 0x9CFF, 0x9CFF, 
    0x9CFF, 0x9CFF, 0x9CFF, 0x9CFF, 0x9CFF, 0x9CFF, 0x9CFF, 0x9CFF, 0x9CFF, 0x9CFF, 0x9CFF, 0x9CFF, 
    0x9CFF, 0x9CFF, 0x9CFF, 0x9CFF, 0x9CFF, 0x9CFF, 0x9CFF, 0x9CFF, 0x9CFF, 0x9CFF, 0x9CFF, 0x9CFF, 
    0x9CFF, 0x9CFF, 0x9CFF, 0x9CFF, 0x9CFF, 0x9CFF, 0x9CFF, 0x9CFF, 0x9CFF, 0x9CFF, 0x9CFF, 0x9CFF, 
    0x9CFF, 0x9CFF, 0x9CFF, 0x9CFF, 0x9CFF, 0x9CFF, 0x9CFF, 0x9CFF, 0x9CFF, 0x9CFF, 0x9CFF, 0x9CFF, 
    0x9CFF, 0x9CFF, 0x9CFF, 0x9CFF, 0x9CFF, 0x9CFF, 0x9CFF, 0x9CFF, 0x9CFF, 0x9CFF, 0x9CFF, 0x9CFF, 
    0x9CFF, 0x9CFF, 0x9CFF, 0x9CFF, 0x9CFF, 0x9CFF, 0x9CFF, 0x9CFF, 0x9CFF, 0x9CFF, 0x9CFF, 0x9CFF, 
    0x9CFF, 0x9CFF, 0x9CFF, 0x9CFF, 0x9CFF, 0x9CFF, 0x9CFF, 0x9BFF, 0xBCFF, 0x5CEF, 0xD484, 0xFA95, 
    0x1EBF, 0xFDBE, 0xFDBE, 0xFDBE, 0xFDBE, 0xFDBE, 0xFDBE, 0xFDBE, 0xFDBE, 0xFDBE, 0xFDBE, 0xFDBE, 
    0xFDBE, 0xFDBE, 0xFDBE, 0xFDBE, 0xFDBE, 0xFDBE, 0xFDBE, 0xFDBE, 0xFDBE, 0xFDBE, 0x1DBF, 0x9BAE, 
    
    0xA631, 0x5AAE, 0x3EBF, 0xFDBE, 0xFDBE, 0x1DBF, 0x1DB7, 0xFEBE, 0xFDBE, 0x1DB7, 0xFDBE, 0xFDBE, 
    0xFDBE, 0xFDBE, 0xFDBE, 0xFDBE, 0xFDBE, 0xFDBE, 0xFDBE, 0x1DB7, 0xFDBE, 0xFDBE, 0xFDBE, 0xFDBE, 
    0xFDBE, 0xFDBE, 0xF674, 0x18AE, 0xBCFF, 0x9BFF, 0x9CFF, 0x9CFF, 0x9CFF, 0x9CFF, 0x9CFF, 0x9CFF, 
    0x9CFF, 0x9CFF, 0x9CFF, 0x9CFF, 0x9CFF, 0x9CFF, 0x9CFF, 0x9CFF, 0x9CFF, 0x9CFF, 0x9CFF, 0x9CFF, 
    0x9CFF, 0x9CFF, 0x9CFF, 0x9CFF, 0x9CFF, 0x9CFF, 0x9CFF, 0x9CFF, 0x9CFF, 0x9CFF, 0x9CFF, 0x9CFF, 
    0x9CFF, 0x9CFF, 0x9CFF, 0x9CFF, 0x9CFF, 0x9CFF, 0x9CFF, 0x9CFF, 0x9CFF, 0x9CFF, 0x9CFF, 0x9CFF, 
    0x9CFF, 0x9CFF, 0x9CFF, 0x9CFF, 0x9CFF, 0x9CFF, 0x9CFF, 0x9CFF, 0x9CFF, 0x9CFF, 0x9CFF, 0x9CFF, 
    0x9CFF, 0x9CFF, 0x9CFF, 0x9CFF, 0x9CFF, 0x9CFF, 0x9CFF, 0x9CFF, 0x9CFF, 0x9CFF, 0x9CFF, 0x9CFF, 
    0x9CFF, 0x9CFF, 0x9CFF, 0x9CFF, 0x9CFF, 0x9CFF, 0x9CFF, 0x9CFF, 0x9CFF, 0x9CFF, 0x9CFF, 0x9CFF, 
    0x9CFF, 0x9CFF, 0x9CFF, 0x9CFF, 0x9CFF, 0x9CFF, 0x9CFF, 0x9CFF, 0x9CFF, 0x9CFF, 0x9CFF, 0x9CFF, 
    0x9CFF, 0x9CFF, 0x9CFF, 0x9CFF, 0x9CFF, 0x9CFF, 0x9CFF, 0x9CFF, 0x9CFF, 0x9CFF, 0x9CFF, 0x9CFF, 
    0x9CFF, 0x9CFF, 0x9CFF, 0x9CFF, 0x9CFF, 0x9CFF, 0x9CFF, 0x9CFF, 0x9CFF, 0x9CFF, 0x9CFF, 0x9CFF, 
    0x9CFF, 0x9CFF, 0x9CFF, 0x9CFF, 0x9CFF, 0x9CFF, 0x9CFF, 0x9CFF, 0x9CFF, 0x9CFF, 0x9CFF, 0x9CFF, 
    0x9CFF, 0x9CFF, 0x9CFF, 0x9CFF, 0x9CFF, 0x9CFF, 0x9CFF, 0x9CFF, 0x9CFF, 0x9CFF, 0x9CFF, 0x9CFF, 
    0x9CFF, 0x9CFF, 0x9CFF, 0x9CFF, 0x9CFF, 0x9CFF, 0x9CFF, 0x9CFF, 0x9CFF, 0x9CFF, 0x9CFF, 0x9CFF, 
    0x9CFF, 0x9CFF, 0x9CFF, 0x9CFF, 0x9CFF, 0x9CFF, 0x9CFF, 0x9CFF, 0x9CFF, 0x9CFF, 0x9CFF, 0x9CFF, 
    0x9CFF, 0x9CFF, 0x9CFF, 0x9CFF, 0x9CFF, 0x9CFF, 0x9CFF, 0x9CFF, 0x9CFF, 0x9CFF, 0x9CFF, 0x9CFF, 
    0x9CFF, 0x9CFF, 0x9CFF, 0x9CFF, 0x9CFF, 0x9CFF, 0x9CFF, 0x9CFF, 0x9CFF, 0x9CFF, 0x9CFF, 0x9CFF, 
    0x9CFF, 0x9CFF, 0x9CFF, 0x9CFF, 0x9CFF, 0x9CFF, 0x9CFF, 0x9CFF, 0x9CFF, 0x9CFF, 0x9CFF, 0x9CFF, 
    0x9CFF, 0x9CFF, 0x9CFF, 0x9CFF, 0x9CFF, 0x9CFF, 0x9CFF, 0x9CFF, 0x9CFF, 0x9CFF, 0x9CFF, 0x9CFF, 
    0x9CFF, 0x9CFF, 0x9CFF, 0x9CFF, 0x9CFF, 0x9CFF, 0x9CFF, 0x9CFF, 0x9CFF, 0x9CFF, 0x9CFF, 0x9CFF, 
    0x9CFF, 0x9CFF, 0x9CFF, 0x9BFF, 0xBCFF, 0x5CEF, 0xD484, 0xFA95, 0x1EBF, 0xFDBE, 0xFDBE, 0xFDBE, 
    0xFDBE, 0xFDBE, 0xFDBE, 0xFDBE, 0xFDBE, 0xFDBE, 0xFDBE, 0xFDBE, 0xFDBE, 0xFDBE, 0xFDBE, 0xFDBE, 
    0xFDBE, 0xFDBE, 0xFDBE, 0xFDBE, 0xFDBE, 0xFDBE, 0x1DBF, 0x9BAE, 
    0xA631, 0x5AAE, 0x3EBF, 0xFDBE, 
    0xFDBE, 0x1DBF, 0x1DB7, 0xFEBE, 0xFDBE, 0x1DB7, 0xFDBE, 0xFDBE, 0xFDBE, 0xFDBE, 0xFDBE, 0xFDBE, 
    0xFDBE, 0xFDBE, 0xFDBE, 0x1DB7, 0xFDBE, 0xFDBE, 0xFDBE, 0xFDBE, 0xFDBE, 0xFDBE, 0xF674, 0x18AE, 
    0xBCFF, 0x9BFF, 0x9CFF, 0x9CFF, 0x9CFF, 0x9CFF, 0x9CFF, 0x9CFF, 0x9CFF, 0x9CFF, 0x9CFF, 0x9CFF, 
    0x9CFF, 0x9CFF, 0x9CFF, 0x9CFF, 0x9CFF, 0x9CFF, 0x9CFF, 0x9CFF, 0x9CFF, 0x9CFF, 0x9CFF, 0x9CFF, 
    0x9CFF, 0x9CFF, 0x9CFF, 0x9CFF, 0x9CFF, 0x9CFF, 0x9CFF, 0x9CFF, 0x9CFF, 0x9CFF, 0x9CFF, 0x9CFF, 
    0x9CFF, 0x9CFF, 0x9CFF, 0x9CFF, 0x9CFF, 0x9CFF, 0x9CFF, 0x9CFF, 0x9CFF, 0x9CFF, 0x9CFF, 0x9CFF, 
    0x9CFF, 0x9CFF, 0x9CFF, 0x9CFF, 0x9CFF, 0x9CFF, 0x9CFF, 0x9CFF, 0x9CFF, 0x9CFF, 0x9CFF, 0x9CFF, 
    0x9CFF, 0x9CFF, 0x9CFF, 0x9CFF, 0x9CFF, 0x9CFF, 0x9CFF, 0x9CFF, 0x9CFF, 0x9CFF, 0x9CFF, 0x9CFF, 
    0x9CFF, 0x9CFF, 0x9CFF, 0x9CFF, 0x9CFF, 0x9CFF, 0x9CFF, 0x9CFF, 0x9CFF, 0x9CFF, 0x9CFF, 0x9CFF, 
    0x9CFF, 0x9CFF, 0x9CFF, 0x9CFF, 0x9CFF, 0x9CFF, 0x9CFF, 0x9CFF, 0x9CFF, 0x9CFF, 0x9CFF, 0x9CFF, 
    0x9CFF, 0x9CFF, 0x9CFF, 0x9CFF, 0x9CFF, 0x9CFF, 0x9CFF, 0x9CFF, 0x9CFF, 0x9CFF, 0x9CFF, 0x9CFF, 
    0x9CFF, 0x9CFF, 0x9CFF, 0x9CFF, 0x9CFF, 0x9CFF, 0x9CFF, 0x9CFF, 0x9CFF, 0x9CFF, 0x9CFF, 0x9CFF, 
    0x9CFF, 0x9CFF, 0x9CFF, 0x9CFF, 0x9CFF, 0x9CFF, 0x9CFF, 0x9CFF, 0x9CFF, 0x9CFF, 0x9CFF, 0x9CFF, 
    0x9CFF, 0x9CFF, 0x9CFF, 0x9CFF, 0x9CFF, 0x9CFF, 0x9CFF, 0x9CFF, 0x9CFF, 0x9CFF, 0x9CFF, 0x9CFF, 
    0x9CFF, 0x9CFF, 0x9CFF, 0x9CFF, 0x9CFF, 0x9CFF, 0x9CFF, 0x9CFF, 0x9CFF, 0x9CFF, 0x9CFF, 0x9CFF, 
    0x9CFF, 0x9CFF, 0x9CFF, 0x9CFF, 0x9CFF, 0x9CFF, 0x9CFF, 0x9CFF, 0x9CFF, 0x9CFF, 0x9CFF, 0x9CFF, 
    0x9CFF, 0x9CFF, 0x9CFF, 0x9CFF, 0x9CFF, 0x9CFF, 0x9CFF, 0x9CFF, 0x9CFF, 0x9CFF, 0x9CFF, 0x9CFF, 
    0x9CFF, 0x9CFF, 0x9CFF, 0x9CFF, 0x9CFF, 0x9CFF, 0x9CFF, 0x9CFF, 0x9CFF, 0x9CFF, 0x9CFF, 0x9CFF, 
    0x9CFF, 0x9CFF, 0x9CFF, 0x9CFF, 0x9CFF, 0x9CFF, 0x9CFF, 0x9CFF, 0x9CFF, 0x9CFF, 0x9CFF, 0x9CFF, 
    0x9CFF, 0x9CFF, 0x9CFF, 0x9CFF, 0x9CFF, 0x9CFF, 0x9CFF, 0x9CFF, 0x9CFF, 0x9CFF, 0x9CFF, 0x9CFF, 
    0x9CFF, 0x9CFF, 0x9CFF, 0x9CFF, 0x9CFF, 0x9CFF, 0x9CFF, 0x9CFF, 0x9CFF, 0x9CFF, 0x9CFF, 0x9BFF, 
    0xBCFF, 0x5CEF, 0xD484, 0xFA95, 0x1EBF, 0xFDBE, 0xFDBE, 0xFDBE, 0xFDBE, 0xFDBE, 0xFDBE, 0xFDBE, 
    0xFDBE, 0xFDBE, 0xFDBE, 0xFDBE, 0xFDBE, 0xFDBE, 0xFDBE, 0xFDBE, 0xFDBE, 0xFDBE, 0xFDBE, 0xFDBE, 
    0xFDBE, 0xFDBE, 0x1DBF, 0x9BAE, 
    0xA631, 0x5AAE, 0x3EBF, 0xFDBE, 0xFDBE, 0x1DBF, 0x1DB7, 0xFEBE, 
    0xFDBE, 0x1DB7, 0xFDBE, 0xFDBE, 0xFDBE, 0xFDBE, 0xFDBE, 0xFDBE, 0xFDBE, 0xFDBE, 0xFDBE, 0x1DB7, 
    0xFDBE, 0xFDBE, 0xFDBE, 0xFDBE, 0xFDBE, 0xFDBE, 0xF674, 0x18AE, 0xBCFF, 0x9BFF, 0x9CFF, 0x9CFF, 
    0x9CFF, 0x9CFF, 0x9CFF, 0x9CFF, 0x9CFF, 0x9CFF, 0x9CFF, 0x9CFF, 0x9CFF, 0x9CFF, 0x9CFF, 0x9CFF, 
    0x9CFF, 0x9CFF, 0x9CFF, 0x9CFF, 0x9CFF, 0x9CFF, 0x9CFF, 0x9CFF, 0x9CFF, 0x9CFF, 0x9CFF, 0x9CFF, 
    0x9CFF, 0x9CFF, 0x9CFF, 0x9CFF, 0x9CFF, 0x9CFF, 0x9CFF, 0x9CFF, 0x9CFF, 0x9CFF, 0x9CFF, 0x9CFF, 
    0x9CFF, 0x9CFF, 0x9CFF, 0x9CFF, 0x9CFF, 0x9CFF, 0x9CFF, 0x9CFF, 0x9CFF, 0x9CFF, 0x9CFF, 0x9CFF, 
    0x9CFF, 0x9CFF, 0x9CFF, 0x9CFF, 0x9CFF, 0x9CFF, 0x9CFF, 0x9CFF, 0x9CFF, 0x9CFF, 0x9CFF, 0x9CFF, 
    0x9CFF, 0x9CFF, 0x9CFF, 0x9CFF, 0x9CFF, 0x9CFF, 0x9CFF, 0x9CFF, 0x9CFF, 0x9CFF, 0x9CFF, 0x9CFF, 
    0x9CFF, 0x9CFF, 0x9CFF, 0x9CFF, 0x9CFF, 0x9CFF, 0x9CFF, 0x9CFF, 0x9CFF, 0x9CFF, 0x9CFF, 0x9CFF, 
    0x9CFF, 0x9CFF, 0x9CFF, 0x9CFF, 0x9CFF, 0x9CFF, 0x9CFF, 0x9CFF, 0x9CFF, 0x9CFF, 0x9CFF, 0x9CFF, 
    0x9CFF, 0x9CFF, 0x9CFF, 0x9CFF, 0x9CFF, 0x9CFF, 0x9CFF, 0x9CFF, 0x9CFF, 0x9CFF, 0x9CFF, 0x9CFF, 
    0x9CFF, 0x9CFF, 0x9CFF, 0x9CFF, 0x9CFF, 0x9CFF, 0x9CFF, 0x9CFF, 0x9CFF, 0x9CFF, 0x9CFF, 0x9CFF, 
    0x9CFF, 0x9CFF, 0x9CFF, 0x9CFF, 0x9CFF, 0x9CFF, 0x9CFF, 0x9CFF, 0x9CFF, 0x9CFF, 0x9CFF, 0x9CFF, 
    0x9CFF, 0x9CFF, 0x9CFF, 0x9CFF, 0x9CFF, 0x9CFF, 0x9CFF, 0x9CFF, 0x9CFF, 0x9CFF, 0x9CFF, 0x9CFF, 
    0x9CFF, 0x9CFF, 0x9CFF, 0x9CFF, 0x9CFF, 0x9CFF, 0x9CFF, 0x9CFF, 0x9CFF, 0x9CFF, 0x9CFF, 0x9CFF, 
    0x9CFF, 0x9CFF, 0x9CFF, 0x9CFF, 0x9CFF, 0x9CFF, 0x9CFF, 0x9CFF, 0x9CFF, 0x9CFF, 0x9CFF, 0x9CFF, 
    0x9CFF, 0x9CFF, 0x9CFF, 0x9CFF, 0x9CFF, 0x9CFF, 0x9CFF, 0x9CFF, 0x9CFF, 0x9CFF, 0x9CFF, 0x9CFF, 
    0x9CFF, 0x9CFF, 0x9CFF, 0x9CFF, 0x9CFF, 0x9CFF, 0x9CFF, 0x9CFF, 0x9CFF, 0x9CFF, 0x9CFF, 0x9CFF, 
    0x9CFF, 0x9CFF, 0x9CFF, 0x9CFF, 0x9CFF, 0x9CFF, 0x9CFF, 0x9CFF, 0x9CFF, 0x9CFF, 0x9CFF, 0x9CFF, 
    0x9CFF, 0x9CFF, 0x9CFF, 0x9CFF, 0x9CFF, 0x9CFF, 0x9CFF, 0x9CFF, 0x9CFF, 0x9CFF, 0x9CFF, 0x9CFF, 
    0x9CFF, 0x9CFF, 0x9CFF, 0x9CFF, 0x9CFF, 0x9CFF, 0x9CFF, 0x9BFF, 0xBCFF, 0x5CEF, 0xD484, 0xFA95, 
    0x1EBF, 0xFDBE, 0xFDBE, 0xFDBE, 0xFDBE, 0xFDBE, 0xFDBE, 0xFDBE, 0xFDBE, 0xFDBE, 0xFDBE, 0xFDBE, 
    0xFDBE, 0xFDBE, 0xFDBE, 0xFDBE, 0xFDBE, 0xFDBE, 0xFDBE, 0xFDBE, 0xFDBE, 0xFDBE, 0x1DBF, 0x9BAE, 
    
    0xA631, 0x5AAE, 0x3EBF, 0xFDBE, 0xFDBE, 0x1DBF, 0x1DB7, 0xFEBE, 0xFDBE, 0x1DB7, 0xFDBE, 0xFDBE, 
    0xFDBE, 0xFDBE, 0xFDBE, 0xFDBE, 0xFDBE, 0xFDBE, 0xFDBE, 0x1DB7, 0xFDBE, 0xFDBE, 0xFDBE, 0xFDBE, 
    0xFDBE, 0xFDBE, 0xF674, 0x18AE, 0xBCFF, 0x9BFF, 0x9CFF, 0x9CFF, 0x9CFF, 0x9CFF, 0x9CFF, 0x9CFF, 
    0x9CFF, 0x9CFF, 0x9CFF, 0x9CFF, 0x9CFF, 0x9CFF, 0x9CFF, 0x9CFF, 0x9CFF, 0x9CFF, 0x9CFF, 0x9CFF, 
    0x9CFF, 0x9CFF, 0x9CFF, 0x9CFF, 0x9CFF, 0x9CFF, 0x9CFF, 0x9CFF, 0x9CFF, 0x9CFF, 0x9CFF, 0x9CFF, 
    0x9CFF, 0x9CFF, 0x9CFF, 0x9CFF, 0x9CFF, 0x9CFF, 0x9CFF, 0x9CFF, 0x9CFF, 0x9CFF, 0x9CFF, 0x9CFF, 
    0x9CFF, 0x9CFF, 0x9CFF, 0x9CFF, 0x9CFF, 0x9CFF, 0x9CFF, 0x9CFF, 0x9CFF, 0x9CFF, 0x9CFF, 0x9CFF, 
    0x9CFF, 0x9CFF, 0x9CFF, 0x9CFF, 0x9CFF, 0x9CFF, 0x9CFF, 0x9CFF, 0x9CFF, 0x9CFF, 0x9CFF, 0x9CFF, 
    0x9CFF, 0x9CFF, 0x9CFF, 0x9CFF, 0x9CFF, 0x9CFF, 0x9CFF, 0x9CFF, 0x9CFF, 0x9CFF, 0x9CFF, 0x9CFF, 
    0x9CFF, 0x9CFF, 0x9CFF, 0x9CFF, 0x9CFF, 0x9CFF, 0x9CFF, 0x9CFF, 0x9CFF, 0x9CFF, 0x9CFF, 0x9CFF, 
    0x9CFF, 0x9CFF, 0x9CFF, 0x9CFF, 0x9CFF, 0x9CFF, 0x9CFF, 0x9CFF, 0x9CFF, 0x9CFF, 0x9CFF, 0x9CFF, 
    0x9CFF, 0x9CFF, 0x9CFF, 0x9CFF, 0x9CFF, 0x9CFF, 0x9CFF, 0x9CFF, 0x9CFF, 0x9CFF, 0x9CFF, 0x9CFF, 
    0x9CFF, 0x9CFF, 0x9CFF, 0x9CFF, 0x9CFF, 0x9CFF, 0x9CFF, 0x9CFF, 0x9CFF, 0x9CFF, 0x9CFF, 0x9CFF, 
    0x9CFF, 0x9CFF, 0x9CFF, 0x9CFF, 0x9CFF, 0x9CFF, 0x9CFF, 0x9CFF, 0x9CFF, 0x9CFF, 0x9CFF, 0x9CFF, 
    0x9CFF, 0x9CFF, 0x9CFF, 0x9CFF, 0x9CFF, 0x9CFF, 0x9CFF, 0x9CFF, 0x9CFF, 0x9CFF, 0x9CFF, 0x9CFF, 
    0x9CFF, 0x9CFF, 0x9CFF, 0x9CFF, 0x9CFF, 0x9CFF, 0x9CFF, 0x9CFF, 0x9CFF, 0x9CFF, 0x9CFF, 0x9CFF, 
    0x9CFF, 0x9CFF, 0x9CFF, 0x9CFF, 0x9CFF, 0x9CFF, 0x9CFF, 0x9CFF, 0x9CFF, 0x9CFF, 0x9CFF, 0x9CFF, 
    0x9CFF, 0x9CFF, 0x9CFF, 0x9CFF, 0x9CFF, 0x9CFF, 0x9CFF, 0x9CFF, 0x9CFF, 0x9CFF, 0x9CFF, 0x9CFF, 
    0x9CFF, 0x9CFF, 0x9CFF, 0x9CFF, 0x9CFF, 0x9CFF, 0x9CFF, 0x9CFF, 0x9CFF, 0x9CFF, 0x9CFF, 0x9CFF, 
    0x9CFF, 0x9CFF, 0x9CFF, 0x9CFF, 0x9CFF, 0x9CFF, 0x9CFF, 0x9CFF, 0x9CFF, 0x9CFF, 0x9CFF, 0x9CFF, 
    0x9CFF, 0x9CFF, 0x9CFF, 0x9CFF, 0x9CFF, 0x9CFF, 0x9CFF, 0x9CFF, 0x9CFF, 0x9CFF, 0x9CFF, 0x9CFF, 
    0x9CFF, 0x9CFF, 0x9CFF, 0x9BFF, 0xBCFF, 0x5CEF, 0xD484, 0xFA95, 0x1EBF, 0xFCBE, 0xFDBE, 0xFDBE, 
    0xFDBE, 0xFDBE, 0xFDBE, 0xFDBE, 0xFDBE, 0xFDBE, 0xFDBE, 0xFDBE, 0xFDBE, 0xFDBE, 0xFDBE, 0xFDBE, 
    0xFDBE, 0xFDBE, 0xFDBE, 0xFDBE, 0xFDBE, 0xFDBE, 0x1DBF, 0x9BAE, 
    0xA631, 0x5AAE, 0x3EBF, 0xFDBE, 
    0xFDBE, 0x1DBF, 0x1DB7, 0xFEBE, 0xFDBE, 0x1DB7, 0xFDBE, 0xFDBE, 0xFDBE, 0xFDBE, 0xFDBE, 0xFDBE, 
    0xFDBE, 0xFDBE, 0xFDBE, 0x1DB7, 0xFDBE, 0xFDBE, 0xFDBE, 0xFDBE, 0xFDBE, 0xFDBE, 0xF674, 0x18AE, 
    0xBCFF, 0x9BFF, 0x9CFF, 0x9CFF, 0x9CFF, 0x9CFF, 0x9CFF, 0x9CFF, 0x9CFF, 0x9CFF, 0x9CFF, 0x9CFF, 
    0x9CFF, 0x9CFF, 0x9CFF, 0x9CFF, 0x9CFF, 0x9CFF, 0x9CFF, 0x9CFF, 0x9CFF, 0x9CFF, 0x9CFF, 0x9CFF, 
    0x9CFF, 0x9CFF, 0x9CFF, 0x9CFF, 0x9CFF, 0x9CFF, 0x9CFF, 0x9CFF, 0x9CFF, 0x9CFF, 0x9CFF, 0x9CFF, 
    0x9CFF, 0x9CFF, 0x9CFF, 0x9CFF, 0x9CFF, 0x9CFF, 0x9CFF, 0x9CFF, 0x9CFF, 0x9CFF, 0x9CFF, 0x9CFF, 
    0x9CFF, 0x9CFF, 0x9CFF, 0x9CFF, 0x9CFF, 0x9CFF, 0x9CFF, 0x9CFF, 0x9CFF, 0x9CFF, 0x9CFF, 0x9CFF, 
    0x9CFF, 0x9CFF, 0x9CFF, 0x9CFF, 0x9CFF, 0x9CFF, 0x9CFF, 0x9CFF, 0x9CFF, 0x9CFF, 0x9CFF, 0x9CFF, 
    0x9CFF, 0x9CFF, 0x9CFF, 0x9CFF, 0x9CFF, 0x9CFF, 0x9CFF, 0x9CFF, 0x9CFF, 0x9CFF, 0x9CFF, 0x9CFF, 
    0x9CFF, 0x9CFF, 0x9CFF, 0x9CFF, 0x9CFF, 0x9CFF, 0x9CFF, 0x9CFF, 0x9CFF, 0x9CFF, 0x9CFF, 0x9CFF, 
    0x9CFF, 0x9CFF, 0x9CFF, 0x9CFF, 0x9CFF, 0x9CFF, 0x9CFF, 0x9CFF, 0x9CFF, 0x9CFF, 0x9CFF, 0x9CFF, 
    0x9CFF, 0x9CFF, 0x9CFF, 0x9CFF, 0x9CFF, 0x9CFF, 0x9CFF, 0x9CFF, 0x9CFF, 0x9CFF, 0x9CFF, 0x9CFF, 
    0x9CFF, 0x9CFF, 0x9CFF, 0x9CFF, 0x9CFF, 0x9CFF, 0x9CFF, 0x9CFF, 0x9CFF, 0x9CFF, 0x9CFF, 0x9CFF, 
    0x9CFF, 0x9CFF, 0x9CFF, 0x9CFF, 0x9CFF, 0x9CFF, 0x9CFF, 0x9CFF, 0x9CFF, 0x9CFF, 0x9CFF, 0x9CFF, 
    0x9CFF, 0x9CFF, 0x9CFF, 0x9CFF, 0x9CFF, 0x9CFF, 0x9CFF, 0x9CFF, 0x9CFF, 0x9CFF, 0x9CFF, 0x9CFF, 
    0x9CFF, 0x9CFF, 0x9CFF, 0x9CFF, 0x9CFF, 0x9CFF, 0x9CFF, 0x9CFF, 0x9CFF, 0x9CFF, 0x9CFF, 0x9CFF, 
    0x9CFF, 0x9CFF, 0x9CFF, 0x9CFF, 0x9CFF, 0x9CFF, 0x9CFF, 0x9CFF, 0x9CFF, 0x9CFF, 0x9CFF, 0x9CFF, 
    0x9CFF, 0x9CFF, 0x9CFF, 0x9CFF, 0x9CFF, 0x9CFF, 0x9CFF, 0x9CFF, 0x9CFF, 0x9CFF, 0x9CFF, 0x9CFF, 
    0x9CFF, 0x9CFF, 0x9CFF, 0x9CFF, 0x9CFF, 0x9CFF, 0x9CFF, 0x9CFF, 0x9CFF, 0x9CFF, 0x9CFF, 0x9CFF, 
    0x9CFF, 0x9CFF, 0x9CFF, 0x9CFF, 0x9CFF, 0x9CFF, 0x9CFF, 0x9CFF, 0x9CFF, 0x9CFF, 0x9CFF, 0x9CFF, 
    0x9CFF, 0x9CFF, 0x9CFF, 0x9CFF, 0x9CFF, 0x9CFF, 0x9CFF, 0x9CFF, 0x9CFF, 0x9CFF, 0x9CFF, 0x9BFF, 
    0xBCFF, 0x5CEF, 0xD484, 0xFA95, 0x1EBF, 0xFCBE, 0xFDBE, 0xFDBE, 0xFDBE, 0xFDBE, 0xFDBE, 0xFDBE, 
    0xFDBE, 0xFDBE, 0xFDBE, 0xFDBE, 0xFDBE, 0xFDBE, 0xFDBE, 0xFDBE, 0xFDBE, 0xFDBE, 0xFDBE, 0xFDBE, 
    0xFDBE, 0xFDBE, 0x1DBF, 0x9BAE, 
    0xA631, 0x5AAE, 0x3EBF, 0xFDBE, 0xFDBE, 0x1DBF, 0x1DB7, 0xFEBE, 
    0xFDBE, 0x1DB7, 0xFDBE, 0xFDBE, 0xFDBE, 0xFDBE, 0xFDBE, 0xFDBE, 0xFDBE, 0xFDBE, 0xFDBE, 0x1DB7, 
    0xFDBE, 0xFDBE, 0xFDBE, 0xFDBE, 0xFDBE, 0xFDBE, 0xF674, 0x18AE, 0xBCFF, 0x9BFF, 0x9CFF, 0x9CFF, 
    0x9CFF, 0x9CFF, 0x9CFF, 0x9CFF, 0x9CFF, 0x9CFF, 0x9CFF, 0x9CFF, 0x9CFF, 0x9CFF, 0x9CFF, 0x9CFF, 
    0x9CFF, 0x9CFF, 0x9CFF, 0x9CFF, 0x9CFF, 0x9CFF, 0x9CFF, 0x9CFF, 0x9CFF, 0x9CFF, 0x9CFF, 0x9CFF, 
    0x9CFF, 0x9CFF, 0x9CFF, 0x9CFF, 0x9CFF, 0x9CFF, 0x9CFF, 0x9CFF, 0x9CFF, 0x9CFF, 0x9CFF, 0x9CFF, 
    0x9CFF, 0x9CFF, 0x9CFF, 0x9CFF, 0x9CFF, 0x9CFF, 0x9CFF, 0x9CFF, 0x9CFF, 0x9CFF, 0x9CFF, 0x9CFF, 
    0x9CFF, 0x9CFF, 0x9CFF, 0x9CFF, 0x9CFF, 0x9CFF, 0x9CFF, 0x9CFF, 0x9CFF, 0x9CFF, 0x9CFF, 0x9CFF, 
    0x9CFF, 0x9CFF, 0x9CFF, 0x9CFF, 0x9CFF, 0x9CFF, 0x9CFF, 0x9CFF, 0x9CFF, 0x9CFF, 0x9CFF, 0x9CFF, 
    0x9CFF, 0x9CFF, 0x9CFF, 0x9CFF, 0x9CFF, 0x9CFF, 0x9CFF, 0x9CFF, 0x9CFF, 0x9CFF, 0x9CFF, 0x9CFF, 
    0x9CFF, 0x9CFF, 0x9CFF, 0x9CFF, 0x9CFF, 0x9CFF, 0x9CFF, 0x9CFF, 0x9CFF, 0x9CFF, 0x9CFF, 0x9CFF, 
    0x9CFF, 0x9CFF, 0x9CFF, 0x9CFF, 0x9CFF, 0x9CFF, 0x9CFF, 0x9CFF, 0x9CFF, 0x9CFF, 0x9CFF, 0x9CFF, 
    0x9CFF, 0x9CFF, 0x9CFF, 0x9CFF, 0x9CFF, 0x9CFF, 0x9CFF, 0x9CFF, 0x9CFF, 0x9CFF, 0x9CFF, 0x9CFF, 
    0x9CFF, 0x9CFF, 0x9CFF, 0x9CFF, 0x9CFF, 0x9CFF, 0x9CFF, 0x9CFF, 0x9CFF, 0x9CFF, 0x9CFF, 0x9CFF, 
    0x9CFF, 0x9CFF, 0x9CFF, 0x9CFF, 0x9CFF, 0x9CFF, 0x9CFF, 0x9CFF, 0x9CFF, 0x9CFF, 0x9CFF, 0x9CFF, 
    0x9CFF, 0x9CFF, 0x9CFF, 0x9CFF, 0x9CFF, 0x9CFF, 0x9CFF, 0x9CFF, 0x9CFF, 0x9CFF, 0x9CFF, 0x9CFF, 
    0x9CFF, 0x9CFF, 0x9CFF, 0x9CFF, 0x9CFF, 0x9CFF, 0x9CFF, 0x9CFF, 0x9CFF, 0x9CFF, 0x9CFF, 0x9CFF, 
    0x9CFF, 0x9CFF, 0x9CFF, 0x9CFF, 0x9CFF, 0x9CFF, 0x9CFF, 0x9CFF, 0x9CFF, 0x9CFF, 0x9CFF, 0x9CFF, 
    0x9CFF, 0x9CFF, 0x9CFF, 0x9CFF, 0x9CFF, 0x9CFF, 0x9CFF, 0x9CFF, 0x9CFF, 0x9CFF, 0x9CFF, 0x9CFF, 
    0x9CFF, 0x9CFF, 0x9CFF, 0x9CFF, 0x9CFF, 0x9CFF, 0x9CFF, 0x9CFF, 0x9CFF, 0x9CFF, 0x9CFF, 0x9CFF, 
    0x9CFF, 0x9CFF, 0x9CFF, 0x9CFF, 0x9CFF, 0x9CFF, 0x9CFF, 0x9CFF, 0x9CFF, 0x9CFF, 0x9CFF, 0x9CFF, 
    0x9CFF, 0x9CFF, 0x9CFF, 0x9CFF, 0x9CFF, 0x9CFF, 0x9CFF, 0x9BFF, 0xBCFF, 0x5CEF, 0xD484, 0xFA95, 
    0x1EBF, 0xFCBE, 0xFDBE, 0xFDBE, 0xFDBE, 0xFDBE, 0xFDBE, 0xFDBE, 0xFDBE, 0xFDBE, 0xFDBE, 0xFDBE, 
    0xFDBE, 0xFDBE, 0xFDBE, 0xFDBE, 0xFDBE, 0xFDBE, 0xFDBE, 0xFDBE, 0xFDBE, 0xFDBE, 0x1DBF, 0x9BAE, 
    
    0xA631, 0x5AAE, 0x3EBF, 0xFDBE, 0xFDBE, 0x1DBF, 0x1DB7, 0xFEBE, 0xFDBE, 0x1DB7, 0xFDBE, 0xFDBE, 
    0xFDBE, 0xFDBE, 0xFDBE, 0xFDBE, 0xFDBE, 0xFDBE, 0xFDBE, 0x1DB7, 0xFDBE, 0xFDBE, 0xFDBE, 0xFDBE, 
    0xFDBE, 0xFDBE, 0xF674, 0x18AE, 0xBCFF, 0x9BFF, 0x9CFF, 0x9CFF, 0x9CFF, 0x9CFF, 0x9CFF, 0x9CFF, 
    0x9CFF, 0x9CFF, 0x9CFF, 0x9CFF, 0x9CFF, 0x9CFF, 0x9CFF, 0x9CFF, 0x9CFF, 0x9CFF, 0x9CFF, 0x9CFF, 
    0x9CFF, 0x9CFF, 0x9CFF, 0x9CFF, 0x9CFF, 0x9CFF, 0x9CFF, 0x9CFF, 0x9CFF, 0x9CFF, 0x9CFF, 0x9CFF, 
    0x9CFF, 0x9CFF, 0x9CFF, 0x9CFF, 0x9CFF, 0x9CFF, 0x9CFF, 0x9CFF, 0x9CFF, 0x9CFF, 0x9CFF, 0x9CFF, 
    0x9CFF, 0x9CFF, 0x9CFF, 0x9CFF, 0x9CFF, 0x9CFF, 0x9CFF, 0x9CFF, 0x9CFF, 0x9CFF, 0x9CFF, 0x9CFF, 
    0x9CFF, 0x9CFF, 0x9CFF, 0x9CFF, 0x9CFF, 0x9CFF, 0x9CFF, 0x9CFF, 0x9CFF, 0x9CFF, 0x9CFF, 0x9CFF, 
    0x9CFF, 0x9CFF, 0x9CFF, 0x9CFF, 0x9CFF, 0x9CFF, 0x9CFF, 0x9CFF, 0x9CFF, 0x9CFF, 0x9CFF, 0x9CFF, 
    0x9CFF, 0x9CFF, 0x9CFF, 0x9CFF, 0x9CFF, 0x9CFF, 0x9CFF, 0x9CFF, 0x9CFF, 0x9CFF, 0x9CFF, 0x9CFF, 
    0x9CFF, 0x9CFF, 0x9CFF, 0x9CFF, 0x9CFF, 0x9CFF, 0x9CFF, 0x9CFF, 0x9CFF, 0x9CFF, 0x9CFF, 0x9CFF, 
    0x9CFF, 0x9CFF, 0x9CFF, 0x9CFF, 0x9CFF, 0x9CFF, 0x9CFF, 0x9CFF, 0x9CFF, 0x9CFF, 0x9CFF, 0x9CFF, 
    0x9CFF, 0x9CFF, 0x9CFF, 0x9CFF, 0x9CFF, 0x9CFF, 0x9CFF, 0x9CFF, 0x9CFF, 0x9CFF, 0x9CFF, 0x9CFF, 
    0x9CFF, 0x9CFF, 0x9CFF, 0x9CFF, 0x9CFF, 0x9CFF, 0x9CFF, 0x9CFF, 0x9CFF, 0x9CFF, 0x9CFF, 0x9CFF, 
    0x9CFF, 0x9CFF, 0x9CFF, 0x9CFF, 0x9CFF, 0x9CFF, 0x9CFF, 0x9CFF, 0x9CFF, 0x9CFF, 0x9CFF, 0x9CFF, 
    0x9CFF, 0x9CFF, 0x9CFF, 0x9CFF, 0x9CFF, 0x9CFF, 0x9CFF, 0x9CFF, 0x9CFF, 0x9CFF, 0x9CFF, 0x9CFF, 
    0x9CFF, 0x9CFF, 0x9CFF, 0x9CFF, 0x9CFF, 0x9CFF, 0x9CFF, 0x9CFF, 0x9CFF, 0x9CFF, 0x9CFF, 0x9CFF, 
    0x9CFF, 0x9CFF, 0x9CFF, 0x9CFF, 0x9CFF, 0x9CFF, 0x9CFF, 0x9CFF, 0x9CFF, 0x9CFF, 0x9CFF, 0x9CFF, 
    0x9CFF, 0x9CFF, 0x9CFF, 0x9CFF, 0x9CFF, 0x9CFF, 0x9CFF, 0x9CFF, 0x9CFF, 0x9CFF, 0x9CFF, 0x9CFF, 
    0x9CFF, 0x9CFF, 0x9CFF, 0x9CFF, 0x9CFF, 0x9CFF, 0x9CFF, 0x9CFF, 0x9CFF, 0x9CFF, 0x9CFF, 0x9CFF, 
    0x9CFF, 0x9CFF, 0x9CFF, 0x9CFF, 0x9CFF, 0x9CFF, 0x9CFF, 0x9CFF, 0x9CFF, 0x9CFF, 0x9CFF, 0x9CFF, 
    0x9CFF, 0x9CFF, 0x9CFF, 0x9BFF, 0xBCFF, 0x5CEF, 0xD484, 0xFA95, 0x1EBF, 0xFCBE, 0xFDBE, 0xFDBE, 
    0xFDBE, 0xFDBE, 0xFDBE, 0xFDBE, 0xFDBE, 0xFDBE, 0xFDBE, 0xFDBE, 0xFDBE, 0xFDBE, 0xFDBE, 0xFDBE, 
    0xFDBE, 0xFDBE, 0xFDBE, 0xFDBE, 0xFDBE, 0xFDBE, 0x1DBF, 0x9BAE, 
    0xA631, 0x5AAE, 0x3EBF, 0xFDBE, 
    0xFDBE, 0x1DBF, 0x1DB7, 0xFEBE, 0xFDBE, 0x1DB7, 0xFDBE, 0xFDBE, 0xFDBE, 0xFDBE, 0xFDBE, 0xFDBE, 
    0xFDBE, 0xFDBE, 0xFDBE, 0x1DB7, 0xFDBE, 0xFDBE, 0xFDBE, 0xFDBE, 0xFDBE, 0xFDBE, 0xF674, 0x18AE, 
    0xBCFF, 0x9BFF, 0x9CFF, 0x9CFF, 0x9CFF, 0x9CFF, 0x9CFF, 0x9CFF, 0x9CFF, 0x9CFF, 0x9CFF, 0x9CFF, 
    0x9CFF, 0x9CFF, 0x9CFF, 0x9CFF, 0x9CFF, 0x9CFF, 0x9CFF, 0x9CFF, 0x9CFF, 0x9CFF, 0x9CFF, 0x9CFF, 
    0x9CFF, 0x9CFF, 0x9CFF, 0x9CFF, 0x9CFF, 0x9CFF, 0x9CFF, 0x9CFF, 0x9CFF, 0x9CFF, 0x9CFF, 0x9CFF, 
    0x9CFF, 0x9CFF, 0x9CFF, 0x9CFF, 0x9CFF, 0x9CFF, 0x9CFF, 0x9CFF, 0x9CFF, 0x9CFF, 0x9CFF, 0x9CFF, 
    0x9CFF, 0x9CFF, 0x9CFF, 0x9CFF, 0x9CFF, 0x9CFF, 0x9CFF, 0x9CFF, 0x9CFF, 0x9CFF, 0x9CFF, 0x9CFF, 
    0x9CFF, 0x9CFF, 0x9CFF, 0x9CFF, 0x9CFF, 0x9CFF, 0x9CFF, 0x9CFF, 0x9CFF, 0x9CFF, 0x9CFF, 0x9CFF, 
    0x9CFF, 0x9CFF, 0x9CFF, 0x9CFF, 0x9CFF, 0x9CFF, 0x9CFF, 0x9CFF, 0x9CFF, 0x9CFF, 0x9CFF, 0x9CFF, 
    0x9CFF, 0x9CFF, 0x9CFF, 0x9CFF, 0x9CFF, 0x9CFF, 0x9CFF, 0x9CFF, 0x9CFF, 0x9CFF, 0x9CFF, 0x9CFF, 
    0x9CFF, 0x9CFF, 0x9CFF, 0x9CFF, 0x9CFF, 0x9CFF, 0x9CFF, 0x9CFF, 0x9CFF, 0x9CFF, 0x9CFF, 0x9CFF, 
    0x9CFF, 0x9CFF, 0x9CFF, 0x9CFF, 0x9CFF, 0x9CFF, 0x9CFF, 0x9CFF, 0x9CFF, 0x9CFF, 0x9CFF, 0x9CFF, 
    0x9CFF, 0x9CFF, 0x9CFF, 0x9CFF, 0x9CFF, 0x9CFF, 0x9CFF, 0x9CFF, 0x9CFF, 0x9CFF, 0x9CFF, 0x9CFF, 
    0x9CFF, 0x9CFF, 0x9CFF, 0x9CFF, 0x9CFF, 0x9CFF, 0x9CFF, 0x9CFF, 0x9CFF, 0x9CFF, 0x9CFF, 0x9CFF, 
    0x9CFF, 0x9CFF, 0x9CFF, 0x9CFF, 0x9CFF, 0x9CFF, 0x9CFF, 0x9CFF, 0x9CFF, 0x9CFF, 0x9CFF, 0x9CFF, 
    0x9CFF, 0x9CFF, 0x9CFF, 0x9CFF, 0x9CFF, 0x9CFF, 0x9CFF, 0x9CFF, 0x9CFF, 0x9CFF, 0x9CFF, 0x9CFF, 
    0x9CFF, 0x9CFF, 0x9CFF, 0x9CFF, 0x9CFF, 0x9CFF, 0x9CFF, 0x9CFF, 0x9CFF, 0x9CFF, 0x9CFF, 0x9CFF, 
    0x9CFF, 0x9CFF, 0x9CFF, 0x9CFF, 0x9CFF, 0x9CFF, 0x9CFF, 0x9CFF, 0x9CFF, 0x9CFF, 0x9CFF, 0x9CFF, 
    0x9CFF, 0x9CFF, 0x9CFF, 0x9CFF, 0x9CFF, 0x9CFF, 0x9CFF, 0x9CFF, 0x9CFF, 0x9CFF, 0x9CFF, 0x9CFF, 
    0x9CFF, 0x9CFF, 0x9CFF, 0x9CFF, 0x9CFF, 0x9CFF, 0x9CFF, 0x9CFF, 0x9CFF, 0x9CFF, 0x9CFF, 0x9CFF, 
    0x9CFF, 0x9CFF, 0x9CFF, 0x9CFF, 0x9CFF, 0x9CFF, 0x9CFF, 0x9CFF, 0x9CFF, 0x9CFF, 0x9CFF, 0x9BFF, 
    0xBCFF, 0x5CEF, 0xD47C, 0x1A96, 0x1EBF, 0xFCBE, 0xFDBE, 0xFDBE, 0xFDBE, 0xFDBE, 0xFDBE, 0xFDBE, 
    0xFDBE, 0xFDBE, 0xFDBE, 0xFDBE, 0xFDBE, 0xFDBE, 0xFDBE, 0xFDBE, 0xFDBE, 0xFDBE, 0xFDBE, 0xFDBE, 
    0xFDBE, 0xFDBE, 0x1DBF, 0x9BAE, 
    0xA631, 0x5AAE, 0x3EBF, 0xFDBE, 0xFDBE, 0x1DBF, 0x1DB7, 0xFEBE, 
    0xFDBE, 0x1DB7, 0xFDBE, 0xFDBE, 0xFDBE, 0xFDBE, 0xFDBE, 0xFDBE, 0xFDBE, 0xFDBE, 0xFDBE, 0x1DB7, 
    0xFDBE, 0xFDBE, 0xFDBE, 0xFDBE, 0xFDBE, 0xFDBE, 0xF674, 0x18AE, 0xBCFF, 0x9BFF, 0x9CFF, 0x9CFF, 
    0x9CFF, 0x9CFF, 0x9CFF, 0x9CFF, 0x9CFF, 0x9CFF, 0x9CFF, 0x9CFF, 0x9CFF, 0x9CFF, 0x9CFF, 0x9CFF, 
    0x9CFF, 0x9CFF, 0x9CFF, 0x9CFF, 0x9CFF, 0x9CFF, 0x9CFF, 0x9CFF, 0x9CFF, 0x9CFF, 0x9CFF, 0x9CFF, 
    0x9CFF, 0x9CFF, 0x9CFF, 0x9CFF, 0x9CFF, 0x9CFF, 0x9CFF, 0x9CFF, 0x9CFF, 0x9CFF, 0x9CFF, 0x9CFF, 
    0x9CFF, 0x9CFF, 0x9CFF, 0x9CFF, 0x9CFF, 0x9CFF, 0x9CFF, 0x9CFF, 0x9CFF, 0x9CFF, 0x9CFF, 0x9CFF, 
    0x9CFF, 0x9CFF, 0x9CFF, 0x9CFF, 0x9CFF, 0x9CFF, 0x9CFF, 0x9CFF, 0x9CFF, 0x9CFF, 0x9CFF, 0x9CFF, 
    0x9CFF, 0x9CFF, 0x9CFF, 0x9CFF, 0x9CFF, 0x9CFF, 0x9CFF, 0x9CFF, 0x9CFF, 0x9CFF, 0x9CFF, 0x9CFF, 
    0x9CFF, 0x9CFF, 0x9CFF, 0x9CFF, 0x9CFF, 0x9CFF, 0x9CFF, 0x9CFF, 0x9CFF, 0x9CFF, 0x9CFF, 0x9CFF, 
    0x9CFF, 0x9CFF, 0x9CFF, 0x9CFF, 0x9CFF, 0x9CFF, 0x9CFF, 0x9CFF, 0x9CFF, 0x9CFF, 0x9CFF, 0x9CFF, 
    0x9CFF, 0x9CFF, 0x9CFF, 0x9CFF, 0x9CFF, 0x9CFF, 0x9CFF, 0x9CFF, 0x9CFF, 0x9CFF, 0x9CFF, 0x9CFF, 
    0x9CFF, 0x9CFF, 0x9CFF, 0x9CFF, 0x9CFF, 0x9CFF, 0x9CFF, 0x9CFF, 0x9CFF, 0x9CFF, 0x9CFF, 0x9CFF, 
    0x9CFF, 0x9CFF, 0x9CFF, 0x9CFF, 0x9CFF, 0x9CFF, 0x9CFF, 0x9CFF, 0x9CFF, 0x9CFF, 0x9CFF, 0x9CFF, 
    0x9CFF, 0x9CFF, 0x9CFF, 0x9CFF, 0x9CFF, 0x9CFF, 0x9CFF, 0x9CFF, 0x9CFF, 0x9CFF, 0x9CFF, 0x9CFF, 
    0x9CFF, 0x9CFF, 0x9CFF, 0x9CFF, 0x9CFF, 0x9CFF, 0x9CFF, 0x9CFF, 0x9CFF, 0x9CFF, 0x9CFF, 0x9CFF, 
    0x9CFF, 0x9CFF, 0x9CFF, 0x9CFF, 0x9CFF, 0x9CFF, 0x9CFF, 0x9CFF, 0x9CFF, 0x9CFF, 0x9CFF, 0x9CFF, 
    0x9CFF, 0x9CFF, 0x9CFF, 0x9CFF, 0x9CFF, 0x9CFF, 0x9CFF, 0x9CFF, 0x9CFF, 0x9CFF, 0x9CFF, 0x9CFF, 
    0x9CFF, 0x9CFF, 0x9CFF, 0x9CFF, 0x9CFF, 0x9CFF, 0x9CFF, 0x9CFF, 0x9CFF, 0x9CFF, 0x9CFF, 0x9CFF, 
    0x9CFF, 0x9CFF, 0x9CFF, 0x9CFF, 0x9CFF, 0x9CFF, 0x9CFF, 0x9CFF, 0x9CFF, 0x9CFF, 0x9CFF, 0x9CFF, 
    0x9CFF, 0x9CFF, 0x9CFF, 0x9CFF, 0x9CFF, 0x9CFF, 0x9CFF, 0x9CFF, 0x9CFF, 0x9CFF, 0x9CFF, 0x9CFF, 
    0x9CFF, 0x9CFF, 0x9CFF, 0x9CFF, 0x9CFF, 0x9CFF, 0x7CFF, 0x9BFF, 0xBCFF, 0x5CEF, 0xF47C, 0x1A96, 
    0x1EBF, 0xFDBE, 0xFDBE, 0xFDBE, 0xFDBE, 0xFDBE, 0xFDBE, 0xFDBE, 0xFDBE, 0xFDBE, 0xFDBE, 0xFDBE, 
    0xFDBE, 0xFDBE, 0xFDBE, 0xFDBE, 0xFDBE, 0xFDBE, 0xFDBE, 0xFDBE, 0xFDBE, 0xFDBE, 0x1DBF, 0x9BAE, 
    
    0xA631, 0x5AAE, 0x3EBF, 0xFDBE, 0xFDBE, 0x1DBF, 0x1DB7, 0xFEBE, 0xFDBE, 0x1DB7, 0xFDBE, 0xFDBE, 
    0xFDBE, 0xFDBE, 0xFDBE, 0xFDBE, 0xFDBE, 0xFDBE, 0xFDBE, 0x1DB7, 0xFDBE, 0xFDBE, 0xFDBE, 0xFDBE, 
    0xFDBE, 0xFDBE, 0xF674, 0x18AE, 0xBCFF, 0x9BFF, 0x9CFF, 0x9CFF, 0x9CFF, 0x9CFF, 0x9CFF, 0x9CFF, 
    0x9CFF, 0x9CFF, 0x9CFF, 0x9CFF, 0x9CFF, 0x9CFF, 0x9CFF, 0x9CFF, 0x9CFF, 0x9CFF, 0x9CFF, 0x9CFF, 
    0x9CFF, 0x9CFF, 0x9CFF, 0x9CFF, 0x9CFF, 0x9CFF, 0x9CFF, 0x9CFF, 0x9CFF, 0x9CFF, 0x9CFF, 0x9CFF, 
    0x9CFF, 0x9CFF, 0x9CFF, 0x9CFF, 0x9CFF, 0x9CFF, 0x9CFF, 0x9CFF, 0x9CFF, 0x9CFF, 0x9CFF, 0x9CFF, 
    0x9CFF, 0x9CFF, 0x9CFF, 0x9CFF, 0x9CFF, 0x9CFF, 0x9CFF, 0x9CFF, 0x9CFF, 0x9CFF, 0x9CFF, 0x9CFF, 
    0x9CFF, 0x9CFF, 0x9CFF, 0x9CFF, 0x9CFF, 0x9CFF, 0x9CFF, 0x9CFF, 0x9CFF, 0x9CFF, 0x9CFF, 0x9CFF, 
    0x9CFF, 0x9CFF, 0x9CFF, 0x9CFF, 0x9CFF, 0x9CFF, 0x9CFF, 0x9CFF, 0x9CFF, 0x9CFF, 0x9CFF, 0x9CFF, 
    0x9CFF, 0x9CFF, 0x9CFF, 0x9CFF, 0x9CFF, 0x9CFF, 0x9CFF, 0x9CFF, 0x9CFF, 0x9CFF, 0x9CFF, 0x9CFF, 
    0x9CFF, 0x9CFF, 0x9CFF, 0x9CFF, 0x9CFF, 0x9CFF, 0x9CFF, 0x9CFF, 0x9CFF, 0x9CFF, 0x9CFF, 0x9CFF, 
    0x9CFF, 0x9CFF, 0x9CFF, 0x9CFF, 0x9CFF, 0x9CFF, 0x9CFF, 0x9CFF, 0x9CFF, 0x9CFF, 0x9CFF, 0x9CFF, 
    0x9CFF, 0x9CFF, 0x9CFF, 0x9CFF, 0x9CFF, 0x9CFF, 0x9CFF, 0x9CFF, 0x9CFF, 0x9CFF, 0x9CFF, 0x9CFF, 
    0x9CFF, 0x9CFF, 0x9CFF, 0x9CFF, 0x9CFF, 0x9CFF, 0x9CFF, 0x9CFF, 0x9CFF, 0x9CFF, 0x9CFF, 0x9CFF, 
    0x9CFF, 0x9CFF, 0x9CFF, 0x9CFF, 0x9CFF, 0x9CFF, 0x9CFF, 0x9CFF, 0x9CFF, 0x9CFF, 0x9CFF, 0x9CFF, 
    0x9CFF, 0x9CFF, 0x9CFF, 0x9CFF, 0x9CFF, 0x9CFF, 0x9CFF, 0x9CFF, 0x9CFF, 0x9CFF, 0x9CFF, 0x9CFF, 
    0x9CFF, 0x9CFF, 0x9CFF, 0x9CFF, 0x9CFF, 0x9CFF, 0x9CFF, 0x9CFF, 0x9CFF, 0x9CFF, 0x9CFF, 0x9CFF, 
    0x9CFF, 0x9CFF, 0x9CFF, 0x9CFF, 0x9CFF, 0x9CFF, 0x9CFF, 0x9CFF, 0x9CFF, 0x9CFF, 0x9CFF, 0x9CFF, 
    0x9CFF, 0x9CFF, 0x9CFF, 0x9CFF, 0x9CFF, 0x9CFF, 0x9CFF, 0x9CFF, 0x9CFF, 0x9CFF, 0x9CFF, 0x9CFF, 
    0x9CFF, 0x9CFF, 0x9CFF, 0x9CFF, 0x9CFF, 0x9CFF, 0x9CFF, 0x9CFF, 0x9CFF, 0x9CFF, 0x9CFF, 0x9CFF, 
    0x9CFF, 0x9CFF, 0x9CFF, 0x9CFF, 0x9CFF, 0x9CFF, 0x9CFF, 0x9CFF, 0x9CFF, 0x9CFF, 0x9CFF, 0x9CFF, 
    0x9CFF, 0x9CFF, 0x7CFF, 0x9BFF, 0xBCFF, 0x5CEF, 0xF47C, 0x1A96, 0x1EBF, 0xFDBE, 0xFDBE, 0xFDBE, 
    0xFDBE, 0xFDBE, 0xFDBE, 0xFDBE, 0xFDBE, 0xFDBE, 0xFDBE, 0xFDBE, 0xFDBE, 0xFDBE, 0xFDBE, 0xFDBE, 
    0xFDBE, 0xFDBE, 0xFDBE, 0xFDBE, 0xFDBE, 0xFDBE, 0x1DBF, 0x9BAE, 
    0xA631, 0x5AAE, 0x3EBF, 0xFDBE, 
    0xFDBE, 0x1DBF, 0x1DB7, 0xFEBE, 0xFDBE, 0x1DB7, 0xFDBE, 0xFDBE, 0xFDBE, 0xFDBE, 0xFDBE, 0xFDBE, 
    0xFDBE, 0xFDBE, 0xFDBE, 0x1DB7, 0xFDBE, 0xFDBE, 0xFDBE, 0xFDBE, 0xFDBE, 0xFDBE, 0xF674, 0x18AE, 
    0xBCFF, 0x9BFF, 0x9CFF, 0x9CFF, 0x9CFF, 0x9CFF, 0x9CFF, 0x9CFF, 0x9CFF, 0x9CFF, 0x9CFF, 0x9CFF, 
    0x9CFF, 0x9CFF, 0x9CFF, 0x9CFF, 0x9CFF, 0x9CFF, 0x9CFF, 0x9CFF, 0x9CFF, 0x9CFF, 0x9CFF, 0x9CFF, 
    0x9CFF, 0x9CFF, 0x9CFF, 0x9CFF, 0x9CFF, 0x9CFF, 0x9CFF, 0x9CFF, 0x9CFF, 0x9CFF, 0x9CFF, 0x9CFF, 
    0x9CFF, 0x9CFF, 0x9CFF, 0x9CFF, 0x9CFF, 0x9CFF, 0x9CFF, 0x9CFF, 0x9CFF, 0x9CFF, 0x9CFF, 0x9CFF, 
    0x9CFF, 0x9CFF, 0x9CFF, 0x9CFF, 0x9CFF, 0x9CFF, 0x9CFF, 0x9CFF, 0x9CFF, 0x9CFF, 0x9CFF, 0x9CFF, 
    0x9CFF, 0x9CFF, 0x9CFF, 0x9CFF, 0x9CFF, 0x9CFF, 0x9CFF, 0x9CFF, 0x9CFF, 0x9CFF, 0x9CFF, 0x9CFF, 
    0x9CFF, 0x9CFF, 0x9CFF, 0x9CFF, 0x9CFF, 0x9CFF, 0x9CFF, 0x9CFF, 0x9CFF, 0x9CFF, 0x9CFF, 0x9CFF, 
    0x9CFF, 0x9CFF, 0x9CFF, 0x9CFF, 0x9CFF, 0x9CFF, 0x9CFF, 0x9CFF, 0x9CFF, 0x9CFF, 0x9CFF, 0x9CFF, 
    0x9CFF, 0x9CFF, 0x9CFF, 0x9CFF, 0x9CFF, 0x9CFF, 0x9CFF, 0x9CFF, 0x9CFF, 0x9CFF, 0x9CFF, 0x9CFF, 
    0x9CFF, 0x9CFF, 0x9CFF, 0x9CFF, 0x9CFF, 0x9CFF, 0x9CFF, 0x9CFF, 0x9CFF, 0x9CFF, 0x9CFF, 0x9CFF, 
    0x9CFF, 0x9CFF, 0x9CFF, 0x9CFF, 0x9CFF, 0x9CFF, 0x9CFF, 0x9CFF, 0x9CFF, 0x9CFF, 0x9CFF, 0x9CFF, 
    0x9CFF, 0x9CFF, 0x9CFF, 0x9CFF, 0x9CFF, 0x9CFF, 0x9CFF, 0x9CFF, 0x9CFF, 0x9CFF, 0x9CFF, 0x9CFF, 
    0x9CFF, 0x9CFF, 0x9CFF, 0x9CFF, 0x9CFF, 0x9CFF, 0x9CFF, 0x9CFF, 0x9CFF, 0x9CFF, 0x9CFF, 0x9CFF, 
    0x9CFF, 0x9CFF, 0x9CFF, 0x9CFF, 0x9CFF, 0x9CFF, 0x9CFF, 0x9CFF, 0x9CFF, 0x9CFF, 0x9CFF, 0x9CFF, 
    0x9CFF, 0x9CFF, 0x9CFF, 0x9CFF, 0x9CFF, 0x9CFF, 0x9CFF, 0x9CFF, 0x9CFF, 0x9CFF, 0x9CFF, 0x9CFF, 
    0x9CFF, 0x9CFF, 0x9CFF, 0x9CFF, 0x9CFF, 0x9CFF, 0x9CFF, 0x9CFF, 0x9CFF, 0x9CFF, 0x9CFF, 0x9CFF, 
    0x9CFF, 0x9CFF, 0x9CFF, 0x9CFF, 0x9CFF, 0x9CFF, 0x9CFF, 0x9CFF, 0x9CFF, 0x9CFF, 0x9CFF, 0x9CFF, 
    0x9CFF, 0x9CFF, 0x9CFF, 0x9CFF, 0x9CFF, 0x9CFF, 0x9CFF, 0x9CFF, 0x9CFF, 0x9CFF, 0x9CFF, 0x9CFF, 
    0x9CFF, 0x9CFF, 0x9CFF, 0x9CFF, 0x9CFF, 0x9CFF, 0x9CFF, 0x9CFF, 0x9CFF, 0x9CFF, 0x7CFF, 0x9BFF, 
    0xBCFF, 0x5CEF, 0xF47C, 0x1A96, 0x1EBF, 0xFDBE, 0xFDBE, 0xFDBE, 0xFDBE, 0xFDBE, 0xFDBE, 0xFDBE, 
    0xFDBE, 0xFDBE, 0xFDBE, 0xFDBE, 0xFDBE, 0xFDBE, 0xFDBE, 0xFDBE, 0xFDBE, 0xFDBE, 0xFDBE, 0xFDBE, 
    0xFDBE, 0xFDBE, 0x1DBF, 0x9BAE, 
    0xA631, 0x5AAE, 0x3EBF, 0xFDBE, 0xFDBE, 0x1DBF, 0x1DB7, 0xFEBE, 
    0xFDBE, 0x1DB7, 0xFDBE, 0xFDBE, 0xFDBE, 0xFDBE, 0xFDBE, 0xFDBE, 0xFDBE, 0xFDBE, 0xFDBE, 0x1DB7, 
    0xFDBE, 0xFDBE, 0xFDBE, 0xFDBE, 0xFDBE, 0xFDBE, 0xF674, 0x18AE, 0xBCFF, 0x9BFF, 0x9CFF, 0x9CFF, 
    0x9CFF, 0x9CFF, 0x9CFF, 0x9CFF, 0x9CFF, 0x9CFF, 0x9CFF, 0x9CFF, 0x9CFF, 0x9CFF, 0x9CFF, 0x9CFF, 
    0x9CFF, 0x9CFF, 0x9CFF, 0x9CFF, 0x9CFF, 0x9CFF, 0x9CFF, 0x9CFF, 0x9CFF, 0x9CFF, 0x9CFF, 0x9CFF, 
    0x9CFF, 0x9CFF, 0x9CFF, 0x9CFF, 0x9CFF, 0x9CFF, 0x9CFF, 0x9CFF, 0x9CFF, 0x9CFF, 0x9CFF, 0x9CFF, 
    0x9CFF, 0x9CFF, 0x9CFF, 0x9CFF, 0x9CFF, 0x9CFF, 0x9CFF, 0x9CFF, 0x9CFF, 0x9CFF, 0x9CFF, 0x9CFF, 
    0x9CFF, 0x9CFF, 0x9CFF, 0x9CFF, 0x9CFF, 0x9CFF, 0x9CFF, 0x9CFF, 0x9CFF, 0x9CFF, 0x9CFF, 0x9CFF, 
    0x9CFF, 0x9CFF, 0x9CFF, 0x9CFF, 0x9CFF, 0x9CFF, 0x9CFF, 0x9CFF, 0x9CFF, 0x9CFF, 0x9CFF, 0x9CFF, 
    0x9CFF, 0x9CFF, 0x9CFF, 0x9CFF, 0x9CFF, 0x9CFF, 0x9CFF, 0x9CFF, 0x9CFF, 0x9CFF, 0x9CFF, 0x9CFF, 
    0x9CFF, 0x9CFF, 0x9CFF, 0x9CFF, 0x9CFF, 0x9CFF, 0x9CFF, 0x9CFF, 0x9CFF, 0x9CFF, 0x9CFF, 0x9CFF, 
    0x9CFF, 0x9CFF, 0x9CFF, 0x9CFF, 0x9CFF, 0x9CFF, 0x9CFF, 0x9CFF, 0x9CFF, 0x9CFF, 0x9CFF, 0x9CFF, 
    0x9CFF, 0x9CFF, 0x9CFF, 0x9CFF, 0x9CFF, 0x9CFF, 0x9CFF, 0x9CFF, 0x9CFF, 0x9CFF, 0x9CFF, 0x9CFF, 
    0x9CFF, 0x9CFF, 0x9CFF, 0x9CFF, 0x9CFF, 0x9CFF, 0x9CFF, 0x9CFF, 0x9CFF, 0x9CFF, 0x9CFF, 0x9CFF, 
    0x9CFF, 0x9CFF, 0x9CFF, 0x9CFF, 0x9CFF, 0x9CFF, 0x9CFF, 0x9CFF, 0x9CFF, 0x9CFF, 0x9CFF, 0x9CFF, 
    0x9CFF, 0x9CFF, 0x9CFF, 0x9CFF, 0x9CFF, 0x9CFF, 0x9CFF, 0x9CFF, 0x9CFF, 0x9CFF, 0x9CFF, 0x9CFF, 
    0x9CFF, 0x9CFF, 0x9CFF, 0x9CFF, 0x9CFF, 0x9CFF, 0x9CFF, 0x9CFF, 0x9CFF, 0x9CFF, 0x9CFF, 0x9CFF, 
    0x9CFF, 0x9CFF, 0x9CFF, 0x9CFF, 0x9CFF, 0x9CFF, 0x9CFF, 0x9CFF, 0x9CFF, 0x9CFF, 0x9CFF, 0x9CFF, 
    0x9CFF, 0x9CFF, 0x9CFF, 0x9CFF, 0x9CFF, 0x9CFF, 0x9CFF, 0x9CFF, 0x9CFF, 0x9CFF, 0x9CFF, 0x9CFF, 
    0x9CFF, 0x9CFF, 0x9CFF, 0x9CFF, 0x9CFF, 0x9CFF, 0x9CFF, 0x9CFF, 0x9CFF, 0x9CFF, 0x9CFF, 0x9CFF, 
    0x9CFF, 0x9CFF, 0x9CFF, 0x9CFF, 0x9CFF, 0x9CFF, 0x9CFF, 0x9CFF, 0x9CFF, 0x9CFF, 0x9CFF, 0x9CFF, 
    0x9CFF, 0x9CFF, 0x9CFF, 0x9CFF, 0x9CFF, 0x9CFF, 0x7CFF, 0x9BFF, 0xBCFF, 0x5CEF, 0xF47C, 0x1A96, 
    0x1EBF, 0xFDBE, 0xFDBE, 0xFDBE, 0xFDBE, 0xFDBE, 0xFDBE, 0xFDBE, 0xFDBE, 0xFDBE, 0xFDBE, 0xFDBE, 
    0xFDBE, 0xFDBE, 0xFDBE, 0xFDBE, 0xFDBE, 0xFDBE, 0xFDBE, 0xFDBE, 0xFDBE, 0xFDBE, 0x1DBF, 0x9BAE, 
    
    0xA631, 0x5AAE, 0x3EBF, 0xFDBE, 0xFDBE, 0x1DBF, 0x1DB7, 0xFEBE, 0xFDBE, 0x1DB7, 0xFDBE, 0xFDBE, 
    0xFDBE, 0xFDBE, 0xFDBE, 0xFDBE, 0xFDBE, 0xFDBE, 0xFDBE, 0x1DB7, 0xFDBE, 0xFDBE, 0xFDBE, 0xFDBE, 
    0xFDBE, 0xFDBE, 0xF674, 0x18AE, 0xBCFF, 0x9BFF, 0x9CFF, 0x9CFF, 0x9CFF, 0x9CFF, 0x9CFF, 0x9CFF, 
    0x9CFF, 0x9CFF, 0x9CFF, 0x9CFF, 0x9CFF, 0x9CFF, 0x9CFF, 0x9CFF, 0x9CFF, 0x9CFF, 0x9CFF, 0x9CFF, 
    0x9CFF, 0x9CFF, 0x9CFF, 0x9CFF, 0x9CFF, 0x9CFF, 0x9CFF, 0x9CFF, 0x9CFF, 0x9CFF, 0x9CFF, 0x9CFF, 
    0x9CFF, 0x9CFF, 0x9CFF, 0x9CFF, 0x9CFF, 0x9CFF, 0x9CFF, 0x9CFF, 0x9CFF, 0x9CFF, 0x9CFF, 0x9CFF, 
    0x9CFF, 0x9CFF, 0x9CFF, 0x9CFF, 0x9CFF, 0x9CFF, 0x9CFF, 0x9CFF, 0x9CFF, 0x9CFF, 0x9CFF, 0x9CFF, 
    0x9CFF, 0x9CFF, 0x9CFF, 0x9CFF, 0x9CFF, 0x9CFF, 0x9CFF, 0x9CFF, 0x9CFF, 0x9CFF, 0x9CFF, 0x9CFF, 
    0x9CFF, 0x9CFF, 0x9CFF, 0x9CFF, 0x9CFF, 0x9CFF, 0x9CFF, 0x9CFF, 0x9CFF, 0x9CFF, 0x9CFF, 0x9CFF, 
    0x9CFF, 0x9CFF, 0x9CFF, 0x9CFF, 0x9CFF, 0x9CFF, 0x9CFF, 0x9CFF, 0x9CFF, 0x9CFF, 0x9CFF, 0x9CFF, 
    0x9CFF, 0x9CFF, 0x9CFF, 0x9CFF, 0x9CFF, 0x9CFF, 0x9CFF, 0x9CFF, 0x9CFF, 0x9CFF, 0x9CFF, 0x9CFF, 
    0x9CFF, 0x9CFF, 0x9CFF, 0x9CFF, 0x9CFF, 0x9CFF, 0x9CFF, 0x9CFF, 0x9CFF, 0x9CFF, 0x9CFF, 0x9CFF, 
    0x9CFF, 0x9CFF, 0x9CFF, 0x9CFF, 0x9CFF, 0x9CFF, 0x9CFF, 0x9CFF, 0x9CFF, 0x9CFF, 0x9CFF, 0x9CFF, 
    0x9CFF, 0x9CFF, 0x9CFF, 0x9CFF, 0x9CFF, 0x9CFF, 0x9CFF, 0x9CFF, 0x9CFF, 0x9CFF, 0x9CFF, 0x9CFF, 
    0x9CFF, 0x9CFF, 0x9CFF, 0x9CFF, 0x9CFF, 0x9CFF, 0x9CFF, 0x9CFF, 0x9CFF, 0x9CFF, 0x9CFF, 0x9CFF, 
    0x9CFF, 0x9CFF, 0x9CFF, 0x9CFF, 0x9CFF, 0x9CFF, 0x9CFF, 0x9CFF, 0x9CFF, 0x9CFF, 0x9CFF, 0x9CFF, 
    0x9CFF, 0x9CFF, 0x9CFF, 0x9CFF, 0x9CFF, 0x9CFF, 0x9CFF, 0x9CFF, 0x9CFF, 0x9CFF, 0x9CFF, 0x9CFF, 
    0x9CFF, 0x9CFF, 0x9CFF, 0x9CFF, 0x9CFF, 0x9CFF, 0x9CFF, 0x9CFF, 0x9CFF, 0x9CFF, 0x9CFF, 0x9CFF, 
    0x9CFF, 0x9CFF, 0x9CFF, 0x9CFF, 0x9CFF, 0x9CFF, 0x9CFF, 0x9CFF, 0x9CFF, 0x9CFF, 0x9CFF, 0x9CFF, 
    0x9CFF, 0x9CFF, 0x9CFF, 0x9CFF, 0x9CFF, 0x9CFF, 0x9CFF, 0x9CFF, 0x9CFF, 0x9CFF, 0x9CFF, 0x9CFF, 
    0x9CFF, 0x9CFF, 0x9CFF, 0x9CFF, 0x9CFF, 0x9CFF, 0x9CFF, 0x9CFF, 0x9CFF, 0x9CFF, 0x9CFF, 0x9CFF, 
    0x9CFF, 0x9CFF, 0x7CFF, 0x9BFF, 0xBCFF, 0x5CEF, 0xF47C, 0x1A96, 0x1EBF, 0xFDBE, 0xFDBE, 0xFDBE, 
    0xFDBE, 0xFDBE, 0xFDBE, 0xFDBE, 0xFDBE, 0xFDBE, 0xFDBE, 0xFDBE, 0xFDBE, 0xFDBE, 0xFDBE, 0xFDBE, 
    0xFDBE, 0xFDBE, 0xFDBE, 0xFDBE, 0xFDBE, 0xFDBE, 0x1DBF, 0x9BAE, 
    0xA631, 0x5AAE, 0x3EBF, 0xFDBE, 
    0xFDBE, 0x1DBF, 0x1DB7, 0xFEBE, 0xFDBE, 0x1DB7, 0xFDBE, 0xFDBE, 0xFDBE, 0xFDBE, 0xFDBE, 0xFDBE, 
    0xFDBE, 0xFDBE, 0xFDBE, 0x1DB7, 0xFDBE, 0xFDBE, 0xFDBE, 0xFDBE, 0xFDBE, 0xFDBE, 0xF674, 0x18AE, 
    0xBCFF, 0x9BFF, 0x9CFF, 0x9CFF, 0x9CFF, 0x9CFF, 0x9CFF, 0x9CFF, 0x9CFF, 0x9CFF, 0x9CFF, 0x9CFF, 
    0x9CFF, 0x9CFF, 0x9CFF, 0x9CFF, 0x9CFF, 0x9CFF, 0x9CFF, 0x9CFF, 0x9CFF, 0x9CFF, 0x9CFF, 0x9CFF, 
    0x9CFF, 0x9CFF, 0x9CFF, 0x9CFF, 0x9CFF, 0x9CFF, 0x9CFF, 0x9CFF, 0x9CFF, 0x9CFF, 0x9CFF, 0x9CFF, 
    0x9CFF, 0x9CFF, 0x9CFF, 0x9CFF, 0x9CFF, 0x9CFF, 0x9CFF, 0x9CFF, 0x9CFF, 0x9CFF, 0x9CFF, 0x9CFF, 
    0x9CFF, 0x9CFF, 0x9CFF, 0x9CFF, 0x9CFF, 0x9CFF, 0x9CFF, 0x9CFF, 0x9CFF, 0x9CFF, 0x9CFF, 0x9CFF, 
    0x9CFF, 0x9CFF, 0x9CFF, 0x9CFF, 0x9CFF, 0x9CFF, 0x9CFF, 0x9CFF, 0x9CFF, 0x9CFF, 0x9CFF, 0x9CFF, 
    0x9CFF, 0x9CFF, 0x9CFF, 0x9CFF, 0x9CFF, 0x9CFF, 0x9CFF, 0x9CFF, 0x9CFF, 0x9CFF, 0x9CFF, 0x9CFF, 
    0x9CFF, 0x9CFF, 0x9CFF, 0x9CFF, 0x9CFF, 0x9CFF, 0x9CFF, 0x9CFF, 0x9CFF, 0x9CFF, 0x9CFF, 0x9CFF, 
    0x9CFF, 0x9CFF, 0x9CFF, 0x9CFF, 0x9CFF, 0x9CFF, 0x9CFF, 0x9CFF, 0x9CFF, 0x9CFF, 0x9CFF, 0x9CFF, 
    0x9CFF, 0x9CFF, 0x9CFF, 0x9CFF, 0x9CFF, 0x9CFF, 0x9CFF, 0x9CFF, 0x9CFF, 0x9CFF, 0x9CFF, 0x9CFF, 
    0x9CFF, 0x9CFF, 0x9CFF, 0x9CFF, 0x9CFF, 0x9CFF, 0x9CFF, 0x9CFF, 0x9CFF, 0x9CFF, 0x9CFF, 0x9CFF, 
    0x9CFF, 0x9CFF, 0x9CFF, 0x9CFF, 0x9CFF, 0x9CFF, 0x9CFF, 0x9CFF, 0x9CFF, 0x9CFF, 0x9CFF, 0x9CFF, 
    0x9CFF, 0x9CFF, 0x9CFF, 0x9CFF, 0x9CFF, 0x9CFF, 0x9CFF, 0x9CFF, 0x9CFF, 0x9CFF, 0x9CFF, 0x9CFF, 
    0x9CFF, 0x9CFF, 0x9CFF, 0x9CFF, 0x9CFF, 0x9CFF, 0x9CFF, 0x9CFF, 0x9CFF, 0x9CFF, 0x9CFF, 0x9CFF, 
    0x9CFF, 0x9CFF, 0x9CFF, 0x9CFF, 0x9CFF, 0x9CFF, 0x9CFF, 0x9CFF, 0x9CFF, 0x9CFF, 0x9CFF, 0x9CFF, 
    0x9CFF, 0x9CFF, 0x9CFF, 0x9CFF, 0x9CFF, 0x9CFF, 0x9CFF, 0x9CFF, 0x9CFF, 0x9CFF, 0x9CFF, 0x9CFF, 
    0x9CFF, 0x9CFF, 0x9CFF, 0x9CFF, 0x9CFF, 0x9CFF, 0x9CFF, 0x9CFF, 0x9CFF, 0x9CFF, 0x9CFF, 0x9CFF, 
    0x9CFF, 0x9CFF, 0x9CFF, 0x9CFF, 0x9CFF, 0x9CFF, 0x9CFF, 0x9CFF, 0x9CFF, 0x9CFF, 0x9CFF, 0x9CFF, 
    0x9CFF, 0x9CFF, 0x9CFF, 0x9CFF, 0x9CFF, 0x9CFF, 0x9CFF, 0x9CFF, 0x9CFF, 0x9CFF, 0x7CFF, 0x9BFF, 
    0xBCFF, 0x5CEF, 0xD47C, 0x1A96, 0x1EBF, 0xFCBE, 0xFDBE, 0xFDBE, 0xFDBE, 0xFDBE, 0xFDBE, 0xFDBE, 
    0xFDBE, 0xFDBE, 0xFDBE, 0xFDBE, 0xFDBE, 0xFDBE, 0xFDBE, 0xFDBE, 0xFDBE, 0xFDBE, 0xFDBE, 0xFDBE, 
    0xFDBE, 0xFDBE, 0x1DBF, 0x9BAE, 
    0xA631, 0x5AAE, 0x3EBF, 0xFDBE, 0xFDBE, 0x1DBF, 0x1DB7, 0xFEBE, 
    0xFDBE, 0x1DB7, 0xFDBE, 0xFDBE, 0xFDBE, 0xFDBE, 0xFDBE, 0xFDBE, 0xFDBE, 0xFDBE, 0xFDBE, 0x1DB7, 
    0xFDBE, 0xFDBE, 0xFDBE, 0xFDBE, 0xFDBE, 0xFDBE, 0xF674, 0x18AE, 0xBCFF, 0x9BFF, 0x9CFF, 0x9CFF, 
    0x9CFF, 0x9CFF, 0x9CFF, 0x9CFF, 0x9CFF, 0x9CFF, 0x9CFF, 0x9CFF, 0x9CFF, 0x9CFF, 0x9CFF, 0x9CFF, 
    0x9CFF, 0x9CFF, 0x9CFF, 0x9CFF, 0x9CFF, 0x9CFF, 0x9CFF, 0x9CFF, 0x9CFF, 0x9CFF, 0x9CFF, 0x9CFF, 
    0x9CFF, 0x9CFF, 0x9CFF, 0x9CFF, 0x9CFF, 0x9CFF, 0x9CFF, 0x9CFF, 0x9CFF, 0x9CFF, 0x9CFF, 0x9CFF, 
    0x9CFF, 0x9CFF, 0x9CFF, 0x9CFF, 0x9CFF, 0x9CFF, 0x9CFF, 0x9CFF, 0x9CFF, 0x9CFF, 0x9CFF, 0x9CFF, 
    0x9CFF, 0x9CFF, 0x9CFF, 0x9CFF, 0x9CFF, 0x9CFF, 0x9CFF, 0x9CFF, 0x9CFF, 0x9CFF, 0x9CFF, 0x9CFF, 
    0x9CFF, 0x9CFF, 0x9CFF, 0x9CFF, 0x9CFF, 0x9CFF, 0x9CFF, 0x9CFF, 0x9CFF, 0x9CFF, 0x9CFF, 0x9CFF, 
    0x9CFF, 0x9CFF, 0x9CFF, 0x9CFF, 0x9CFF, 0x9CFF, 0x9CFF, 0x9CFF, 0x9CFF, 0x9CFF, 0x9CFF, 0x9CFF, 
    0x9CFF, 0x9CFF, 0x9CFF, 0x9CFF, 0x9CFF, 0x9CFF, 0x9CFF, 0x9CFF, 0x9CFF, 0x9CFF, 0x9CFF, 0x9CFF, 
    0x9CFF, 0x9CFF, 0x9CFF, 0x9CFF, 0x9CFF, 0x9CFF, 0x9CFF, 0x9CFF, 0x9CFF, 0x9CFF, 0x9CFF, 0x9CFF, 
    0x9CFF, 0x9CFF, 0x9CFF, 0x9CFF, 0x9CFF, 0x9CFF, 0x9CFF, 0x9CFF, 0x9CFF, 0x9CFF, 0x9CFF, 0x9CFF, 
    0x9CFF, 0x9CFF, 0x9CFF, 0x9CFF, 0x9CFF, 0x9CFF, 0x9CFF, 0x9CFF, 0x9CFF, 0x9CFF, 0x9CFF, 0x9CFF, 
    0x9CFF, 0x9CFF, 0x9CFF, 0x9CFF, 0x9CFF, 0x9CFF, 0x9CFF, 0x9CFF, 0x9CFF, 0x9CFF, 0x9CFF, 0x9CFF, 
    0x9CFF, 0x9CFF, 0x9CFF, 0x9CFF, 0x9CFF, 0x9CFF, 0x9CFF, 0x9CFF, 0x9CFF, 0x9CFF, 0x9CFF, 0x9CFF, 
    0x9CFF, 0x9CFF, 0x9CFF, 0x9CFF, 0x9CFF, 0x9CFF, 0x9CFF, 0x9CFF, 0x9CFF, 0x9CFF, 0x9CFF, 0x9CFF, 
    0x9CFF, 0x9CFF, 0x9CFF, 0x9CFF, 0x9CFF, 0x9CFF, 0x9CFF, 0x9CFF, 0x9CFF, 0x9CFF, 0x9CFF, 0x9CFF, 
    0x9CFF, 0x9CFF, 0x9CFF, 0x9CFF, 0x9CFF, 0x9CFF, 0x9CFF, 0x9CFF, 0x9CFF, 0x9CFF, 0x9CFF, 0x9CFF, 
    0x9CFF, 0x9CFF, 0x9CFF, 0x9CFF, 0x9CFF, 0x9CFF, 0x9CFF, 0x9CFF, 0x9CFF, 0x9CFF, 0x9CFF, 0x9CFF, 
    0x9CFF, 0x9CFF, 0x9CFF, 0x9CFF, 0x9CFF, 0x9CFF, 0x9CFF, 0x9CFF, 0x9CFF, 0x9CFF, 0x9CFF, 0x9CFF, 
    0x9CFF, 0x9CFF, 0x9CFF, 0x9CFF, 0x9CFF, 0x9CFF, 0x7CFF, 0x9BFF, 0xBCFF, 0x5CEF, 0xD47C, 0x1A96, 
    0x1EBF, 0xFCBE, 0xFDBE, 0xFDBE, 0xFDBE, 0xFDBE, 0xFDBE, 0xFDBE, 0xFDBE, 0xFDBE, 0xFDBE, 0xFDBE, 
    0xFDBE, 0xFDBE, 0xFDBE, 0xFDBE, 0xFDBE, 0xFDBE, 0xFDBE, 0xFDBE, 0xFDBE, 0xFDBE, 0x1DBF, 0x9BAE
    
};
