// Auto-generated from main\images\ynfhaqi.jpg
// Image size: 278x240

#include <stdint.h>

#define YNFHAQI_WIDTH 278
#define YNFHAQI_HEIGHT 240

const uint16_t ynfhaqi_rgb565[66720] = {
    0xD995, 0xD995, 0xD995, 0xD995, 0xD995, 0xD995, 0xD995, 0xD995, 0xD995, 0xD995, 0xD995, 0xD995, 
    0xD995, 0xD995, 0xD995, 0xD995, 0xD995, 0xD995, 0xD995, 0xD995, 0xD995, 0xD995, 0xD995, 0xD995, 
    0xD995, 0xD995, 0xD995, 0xD995, 0xD995, 0xD995, 0xD995, 0xD995, 0xD995, 0xD995, 0xD995, 0xD995, 
    0xD995, 0xD995, 0xD995, 0xD995, 0xD995, 0xD995, 0xD995, 0xF995, 0xF995, 0xF995, 0xF995, 0xF995, 
    0xF995, 0xF995, 0xF995, 0xF995, 0xF995, 0xF995, 0xF995, 0xF995, 0xF995, 0xF995, 0xF995, 0xF995, 
    0xF995, 0xF995, 0xF995, 0xF995, 0xF995, 0xF995, 0xF995, 0xF995, 0xF995, 0xF995, 0xF995, 0xF995, 
    0xF99D, 0xF99D, 0xF99D, 0xF99D, 0xF99D, 0xF99D, 0xF99D, 0xFA95, 0x1996, 0xF8A5, 0xFA9D, 0x1996, 
    0xF89D, 0x1A96, 0xFA95, 0xD99D, 0xF99D, 0xF99D, 0xF99D, 0xF99D, 0xF99D, 0xF99D, 0xF99D, 0xF99D, 
    0xF99D, 0xF99D, 0xF99D, 0xF99D, 0xF99D, 0xF99D, 0xF99D, 0xFA95, 0xF99D, 0xF99D, 0xF995, 0xFA95, 
    0xF89D, 0xF8A5, 0xF99D, 0x1A9E, 0x199E, 0x199E, 0x199E, 0x199E, 0x199E, 0x199E, 0x199E, 0x3B8E, 
    0x19A6, 0x5AA6, 0x5C9E, 0x3BA6, 0x5AA6, 0x3BA6, 0x5AA6, 0x5BA6, 0x5BA6, 0x5BA6, 0x5BA6, 0x5BA6, 
    0x5BA6, 0x7BA6, 0x7BA6, 0x7BA6, 0x7BA6, 0x7BA6, 0x7BA6, 0x7BA6, 0x7BA6, 0x5BA6, 0x5BA6, 0x5BA6, 
    0x5BA6, 0x5BA6, 0x5BA6, 0x5BA6, 0x5BA6, 0x5BA6, 0x5BA6, 0x5BA6, 0x5BA6, 0x5AA6, 0x5AA6, 0x5AA6, 
    0x5AA6, 0x5AA6, 0x5AA6, 0x3AA6, 0x5AA6, 0x5AA6, 0x3AA6, 0x5AA6, 0x5AA6, 0x5AA6, 0x59AE, 0x39AE, 
    0x3B96, 0x3A9E, 0x19A6, 0x3A9E, 0x3A9E, 0x1AA6, 0x1AA6, 0x1A9E, 0x3A9E, 0x38B6, 0x5BA6, 0x5B9E, 
    0x5C9E, 0x5B9E, 0x5B9E, 0x5BA6, 0x5BA6, 0x5BA6, 0x5BA6, 0x5BA6, 0x5BA6, 0x5BA6, 0x5BA6, 0x5BA6, 
    0x5BA6, 0x5BA6, 0x5BA6, 0x5BA6, 0x5BA6, 0x5BA6, 0x7B9E, 0x5B9E, 0x3BA6, 0x5B96, 0x5B96, 0x3AA6, 
    0x3AA6, 0x3AA6, 0x3AA6, 0x3AA6, 0x3AA6, 0x3AA6, 0x3AA6, 0x3AA6, 0x3AA6, 0x3AA6, 0x3AA6, 0x3AA6, 
    0x3AA6, 0x3AA6, 0x3AA6, 0x3AA6, 0x3AA6, 0x5AA6, 0x5AA6, 0x5AA6, 0x5AA6, 0x5AA6, 0x5AA6, 0x5AA6, 
    0x5AA6, 0x5AA6, 0x5AA6, 0x5AA6, 0x5AA6, 0x5AA6, 0x5AA6, 0x5AA6, 0x5AA6, 0x5AA6, 0x5AA6, 0x5AA6, 
    0x5AA6, 0x5AA6, 0x5AA6, 0x5AA6, 0x5AA6, 0x5AA6, 0x5AA6, 0x5AA6, 0x5AA6, 0x5AA6, 0x5AA6, 0x5AA6, 
    0x5AA6, 0x5AA6, 0x5AA6, 0x5AA6, 0x5AA6, 0x5AA6, 0x5AA6, 0x5AA6, 0x5AA6, 0x5AA6, 0x5AA6, 0x5AA6, 
    0x5AA6, 0x5AA6, 0x5BA6, 0x5BA6, 0x5BA6, 0x5BA6, 0x5BA6, 0x5BA6, 0x5BA6, 0x5BA6, 0x5BA6, 0x5BA6, 
    0x5BA6, 0x5BA6, 
    0x1DBF, 0x1DBF, 0x1DBF, 0x1DBF, 0x1DBF, 0x1DBF, 0x1DBF, 0x1DBF, 0x1DBF, 0x1DBF, 
    0x1DBF, 0x1DBF, 0x1DBF, 0x1DBF, 0x1DBF, 0x1EBF, 0x1DBF, 0x1DBF, 0x1DBF, 0x1DBF, 0x1DBF, 0x1DBF, 
    0x1DBF, 0x1DBF, 0x1DBF, 0x1DBF, 0x1DBF, 0x1DBF, 0x1EBF, 0x1EBF, 0x1EBF, 0x1EBF, 0x1EBF, 0x1EBF, 
    0x1EBF, 0x1EBF, 0x1EBF, 0x1EBF, 0x1EBF, 0x1EBF, 0x1EBF, 0x1EBF, 0x1EBF, 0x1EBF, 0x1EBF, 0x1EBF, 
    0x1EBF, 0x1EBF, 0x1EBF, 0x1EBF, 0x1EBF, 0x1EBF, 0x1EBF, 0x1EBF, 0x1EBF, 0x1EBF, 0x1EBF, 0x1EBF, 
    0x1EBF, 0x1EBF, 0x1EBF, 0x1EBF, 0x1EBF, 0x1EBF, 0x1EBF, 0x1EBF, 0x1EBF, 0x1EBF, 0x1EBF, 0x1EBF, 
    0x1EBF, 0x1EBF, 0x1EBF, 0x1EBF, 0x1EBF, 0x1EBF, 0x1EBF, 0x1EBF, 0x1EBF, 0x1EBF, 0x1DBF, 0xFDC6, 
    0x1EBF, 0x1DB7, 0x1DC7, 0x3EB7, 0x3EC7, 0x5FCF, 0x5FC7, 0x5FC7, 0x5FC7, 0x5FC7, 0x5FC7, 0x5FC7, 
    0x5FC7, 0x5FC7, 0x5FC7, 0x5FC7, 0x5FC7, 0x5FC7, 0x5FC7, 0x5FC7, 0x5FC7, 0x5FC7, 0x5FC7, 0x5EC7, 
    0x5FC7, 0x5FBF, 0x5EC7, 0x3EC7, 0x3FBF, 0x1EBF, 0x1DBF, 0x1DBF, 0x1DBF, 0x1DBF, 0x1DBF, 0x1DBF, 
    0x1DBF, 0x3EB7, 0x9ABE, 0xB59D, 0xD79D, 0xB6A5, 0xB59D, 0x96A5, 0x959D, 0x74A5, 0x54A5, 0x54A5, 
    0x549D, 0x349D, 0x349D, 0x339D, 0x139D, 0x139D, 0x139D, 0x139D, 0x139D, 0xF39C, 0xF394, 0xF294, 
    0xF294, 0xD294, 0xD294, 0xD294, 0xD294, 0xB294, 0xB294, 0xB294, 0xB294, 0xB194, 0xB18C, 0x918C, 
    0x918C, 0x918C, 0x918C, 0x918C, 0x908C, 0x7094, 0x708C, 0x6F8C, 0x4F8C, 0x4F8C, 0x4F8C, 0x4F8C, 
    0x2F84, 0x59B6, 0x5FBF, 0x1EBF, 0x1DBF, 0x1EBF, 0x1EBF, 0xFDBE, 0x1DBF, 0x5FAF, 0xFDAE, 0xF6A5, 
    0x9AAE, 0xDBB6, 0xBBB6, 0xBBB6, 0xBBB6, 0xBCB6, 0xBCB6, 0xBCB6, 0xBCB6, 0xBCB6, 0xBCB6, 0xBCB6, 
    0xBCB6, 0xBCB6, 0xBCB6, 0xBCB6, 0xBCB6, 0xBCB6, 0xBCB6, 0xBCB6, 0xBBB6, 0x9ABE, 0xBCC6, 0x3EBF, 
    0x3DB7, 0xFDC6, 0x1DBF, 0x1EBF, 0x1EBF, 0x1DBF, 0x1DBF, 0x1DBF, 0x1DBF, 0x1DBF, 0x1DBF, 0x1DBF, 
    0x1DBF, 0x1DBF, 0x1DBF, 0x1DBF, 0x1DBF, 0x1DBF, 0x1DBF, 0x1EBF, 0x1DBF, 0x1DBF, 0x1DBF, 0x1DBF, 
    0x1DBF, 0x1DBF, 0x1DBF, 0x1DBF, 0x1DBF, 0x1DBF, 0x1DBF, 0x1DBF, 0x1DBF, 0x1DBF, 0x1DBF, 0x1DBF, 
    0x1DBF, 0x1DBF, 0x1DBF, 0x1DBF, 0x1DBF, 0x1DBF, 0x1DBF, 0x1DBF, 0x1DBF, 0x1DBF, 0x1DBF, 0x1DBF, 
    0x1DBF, 0x1DBF, 0x1DBF, 0x1DBF, 0x1DBF, 0x1DBF, 0x1DBF, 0x1DBF, 0x1DBF, 0x1DBF, 0x1DBF, 0x1DBF, 
    0x1DBF, 0x1DBF, 0x1DBF, 0x1DBF, 0x1DBF, 0x1DBF, 0x1DBF, 0x1DBF, 0x1DBF, 0x1DBF, 0x1DBF, 0x1DBF, 
    0x1DBF, 0x1DBF, 0x1DBF, 0x1DBF, 
    0x1DBF, 0x1DBF, 0x1DBF, 0x1DBF, 0x1DBF, 0x1DBF, 0x1DBF, 0x1DBF, 
    0x1DBF, 0x1DBF, 0x1DBF, 0x1DBF, 0xFDB6, 0xFDBE, 0xFDBE, 0x1DBF, 0x1DBF, 0x1DBF, 0x1DBF, 0x1DBF, 
    0x1DBF, 0x1DBF, 0x1DBF, 0x1DBF, 0xFDBE, 0xFDBE, 0xFDBE, 0xFDBE, 0xFDBE, 0xFDBE, 0xFDBE, 0xFDBE, 
    0xFDBE, 0xFDBE, 0xFDBE, 0xFDBE, 0xFDBE, 0xFDBE, 0xFDBE, 0xFDBE, 0xFDBE, 0xFDBE, 0xFDBE, 0xFDBE, 
    0xFDBE, 0xFDBE, 0xFDBE, 0xFDBE, 0xFDBE, 0xFDBE, 0xFDBE, 0xFDBE, 0xFDBE, 0xFDBE, 0xFDBE, 0xFDBE, 
    0xFDBE, 0xFDBE, 0xFDBE, 0xFDBE, 0xFDBE, 0xFDBE, 0xFDBE, 0xFDBE, 0xFDBE, 0xFDBE, 0xFDBE, 0xFDBE, 
    0xFDBE, 0xFDBE, 0xFDBE, 0xFDBE, 0xFDBE, 0xFDBE, 0xFDBE, 0xFDBE, 0xFDBE, 0xFDBE, 0xFDBE, 0xFDBE, 
    0xFDBE, 0xFDBE, 0xFEB6, 0x1DB7, 0xFCBE, 0x3EBF, 0xF7A5, 0xD294, 0xF394, 0xF394, 0xF394, 0xF394, 
    0xF394, 0xF394, 0xF394, 0xF394, 0xF394, 0xF394, 0xF394, 0xF394, 0xF394, 0xF394, 0xF394, 0xF394, 
    0xF294, 0xF29C, 0xF394, 0xF394, 0xF29C, 0x7084, 0x559D, 0x1DBF, 0xFDB6, 0xFDBE, 0xFDBE, 0xFDBE, 
    0xFDBE, 0xFDBE, 0xFDB6, 0x1DC7, 0x2F94, 0x665A, 0x8862, 0x676A, 0x6662, 0x6762, 0x6762, 0x6662, 
    0x6662, 0x6662, 0x6662, 0x665A, 0x6662, 0x465A, 0x465A, 0x4662, 0x4562, 0x4562, 0x4562, 0x4562, 
    0x4562, 0x4562, 0x4562, 0x4562, 0x4562, 0x4562, 0x4562, 0x4562, 0x4562, 0x4562, 0x4562, 0x4562, 
    0x4562, 0x4562, 0x4562, 0x255A, 0x255A, 0x255A, 0x255A, 0x255A, 0x255A, 0x255A, 0x255A, 0x255A, 
    0x255A, 0x4562, 0x2552, 0x959D, 0x5FBF, 0xDDB6, 0xFCBE, 0xFDB6, 0xFDBE, 0xFDBE, 0xDDBE, 0x1EC7, 
    0xD8AD, 0x6662, 0xC96A, 0xC86A, 0xC86A, 0xC872, 0xC86A, 0xC86A, 0xC86A, 0xC86A, 0xC86A, 0xC86A, 
    0xC86A, 0xC86A, 0xC86A, 0xC86A, 0xC86A, 0xC86A, 0xC86A, 0xC86A, 0xC86A, 0xC772, 0xE86A, 0xC862, 
    0x6D73, 0xDBBE, 0x1DB7, 0xFDBE, 0xFDBE, 0x1EB7, 0xFDB6, 0xFDBE, 0xFDBE, 0xFDBE, 0xFDBE, 0xFDBE, 
    0xFDBE, 0xFDBE, 0xFDBE, 0xFDBE, 0xFDBE, 0xFDBE, 0xFDBE, 0xFDBE, 0xFDBE, 0xFDBE, 0xFDBE, 0xFDBE, 
    0xFDBE, 0xFDBE, 0xFDBE, 0xFDBE, 0xFDBE, 0xFDBE, 0xFDBE, 0xFDBE, 0xFDBE, 0xFDBE, 0xFDBE, 0xFDBE, 
    0xFDBE, 0xFDBE, 0xFDBE, 0xFDBE, 0xFDBE, 0xFDBE, 0xFDBE, 0xFDBE, 0xFDBE, 0xFDBE, 0xFDBE, 0xFDBE, 
    0xFDBE, 0xFDBE, 0xFDBE, 0xFDBE, 0xFDBE, 0xFDBE, 0xFDBE, 0xFDBE, 0xFDBE, 0xFDBE, 0xFDBE, 0xFDBE, 
    0xFDBE, 0xFDBE, 0xFDBE, 0xFDBE, 0xFDBE, 0xFDBE, 0xFDBE, 0xFDBE, 0xFDBE, 0xFDBE, 0xFDBE, 0xFDBE, 
    0xFDBE, 0xFDBE, 0xFDBE, 0xFDBE, 0xFDBE, 0xFDBE, 
    0xFDBE, 0xFDBE, 0xFDBE, 0xFDBE, 0xFDBE, 0xFDBE, 
    0xFDBE, 0xFDBE, 0xFDBE, 0xFDBE, 0xFDBE, 0xFDBE, 0xFDBE, 0xFDBE, 0xFDBE, 0xFDBE, 0xFDBE, 0xFDBE, 
    0xFDBE, 0xFDBE, 0xFDBE, 0xFDBE, 0xFDBE, 0xFDBE, 0xFDBE, 0xFDBE, 0xFDBE, 0xFDBE, 0xFDBE, 0xFDBE, 
    0xFDBE, 0xFDBE, 0xFDBE, 0xFDBE, 0xFDBE, 0xFDBE, 0xFDBE, 0xFDBE, 0xFDBE, 0xFDBE, 0xFDBE, 0xFDBE, 
    0xFDBE, 0xFDBE, 0xFDBE, 0xFDBE, 0xFDBE, 0xFDBE, 0xFDBE, 0xFDBE, 0xFDBE, 0xFDBE, 0xFDBE, 0xFDBE, 
    0xFDBE, 0xFDBE, 0xFDBE, 0xFDBE, 0xFDBE, 0xFDBE, 0xFDBE, 0xFDBE, 0xFDBE, 0xFDBE, 0xFDBE, 0xFDBE, 
    0xFDBE, 0xFDBE, 0xFDBE, 0xFDBE, 0xFDBE, 0xFDBE, 0xFDBE, 0xFDBE, 0xFDBE, 0xFDBE, 0xFDBE, 0xFDBE, 
    0xFDBE, 0xFDBE, 0xFCBE, 0xFDBE, 0xFEB6, 0x1DB7, 0xFDBE, 0x3EC7, 0x9184, 0x255A, 0x4562, 0x4562, 
    0x4562, 0x4562, 0x4562, 0x4562, 0x4562, 0x4562, 0x4562, 0x4562, 0x4562, 0x4562, 0x4562, 0x4562, 
    0x4562, 0x4562, 0x4562, 0x4562, 0x4662, 0x465A, 0x4562, 0x255A, 0x0E8C, 0x3DC7, 0xFDB6, 0xFDBE, 
    0xFDBE, 0xFDBE, 0xFDBE, 0xFDBE, 0xFDBE, 0x1DBF, 0xAC7B, 0x8662, 0xE872, 0xC67A, 0xE672, 0xC772, 
    0xE772, 0xE872, 0xE872, 0xE872, 0xE872, 0xE872, 0xE872, 0xE872, 0xE872, 0xE87A, 0xE87A, 0xE87A, 
    0xE87A, 0x087B, 0x087B, 0x087B, 0x087B, 0x087B, 0x0883, 0x2983, 0x2983, 0x2983, 0x2983, 0x2983, 
    0x2983, 0x2983, 0x4983, 0x4983, 0x4983, 0xAB93, 0xCB93, 0xEB93, 0xEC93, 0xEC93, 0x0D94, 0x0D94, 
    0x0D94, 0x2D9C, 0x2D9C, 0xEC93, 0x665A, 0xB6A5, 0x3EBF, 0xFDBE, 0xFCBE, 0x1DBF, 0xFDBE, 0xFDBE, 
    0xFDBE, 0x3FBF, 0xF8A5, 0x8662, 0xA76A, 0x866A, 0x866A, 0x866A, 0x876A, 0x866A, 0x866A, 0x866A, 
    0x866A, 0x866A, 0x866A, 0x866A, 0x866A, 0x866A, 0x866A, 0x866A, 0x866A, 0x866A, 0x866A, 0x866A, 
    0xA66A, 0x866A, 0xA96A, 0x79BE, 0x3DBF, 0xFDBE, 0xFDBE, 0x1DB7, 0xFDBE, 0xFDBE, 0xFDBE, 0xFDBE, 
    0xFDBE, 0xFDBE, 0xFDBE, 0xFDBE, 0xFDBE, 0xFDBE, 0xFDBE, 0xFDBE, 0xFDBE, 0xFDBE, 0xFDBE, 0xFDBE, 
    0xFDBE, 0xFDBE, 0xFDBE, 0xFDBE, 0xFDBE, 0xFDBE, 0xFDBE, 0xFDBE, 0xFDBE, 0xFDBE, 0xFDBE, 0xFDBE, 
    0x1DBF, 0x1DBF, 0xFDBE, 0xFDBE, 0xFDBE, 0xFDBE, 0xFDBE, 0xFDBE, 0xFDBE, 0xFDBE, 0xFDBE, 0xFDBE, 
    0xFDBE, 0xFDBE, 0xFDBE, 0xFDBE, 0xFDBE, 0xFDBE, 0xFDBE, 0xFDBE, 0xFDBE, 0xFDBE, 0xFDBE, 0xFDBE, 
    0xFDBE, 0xFDBE, 0xFDBE, 0xFDBE, 0xFDBE, 0xFDBE, 0xFDBE, 0xFDBE, 0xFDBE, 0xFDBE, 0xFDBE, 0xFDBE, 
    0xFDBE, 0xFDBE, 0xFDBE, 0xFDBE, 0xFDBE, 0xFDBE, 0xFDBE, 0xFDBE, 
    0xFDBE, 0xFDBE, 0xFDBE, 0xFDBE, 
    0xFDBE, 0xFDBE, 0xFDBE, 0xFDBE, 0xFDBE, 0xFDBE, 0xFDBE, 0xFDBE, 0xFDBE, 0xFDBE, 0xFDBE, 0xFDBE, 
    0xFDBE, 0xFDBE, 0xFDBE, 0xFDBE, 0xFDBE, 0xFDBE, 0xFDBE, 0xFDBE, 0xFDBE, 0xFDBE, 0xFDBE, 0xFDBE, 
    0xFDBE, 0xFDBE, 0xFDBE, 0xFDBE, 0xFDBE, 0xFDBE, 0xFDBE, 0xFDBE, 0xFDBE, 0xFDBE, 0xFDBE, 0xFDBE, 
    0xFDBE, 0xFDBE, 0xFDBE, 0xFDBE, 0xFDBE, 0xFDBE, 0xFDBE, 0xFDBE, 0xFDBE, 0xFDBE, 0xFDBE, 0xFDBE, 
    0xFDBE, 0xFDBE, 0xFDBE, 0xFDBE, 0xFDBE, 0xFDBE, 0xFDBE, 0xFDBE, 0xFDBE, 0xFDBE, 0xFDBE, 0xFDBE, 
    0xFDBE, 0xFDBE, 0xFDBE, 0xFDBE, 0xFDBE, 0xFDBE, 0xFDBE, 0xFDBE, 0xFDBE, 0xFDBE, 0xFDBE, 0xFDBE, 
    0xFDBE, 0xFDBE, 0xFDBE, 0xFDBE, 0x1DBF, 0xFDBE, 0xFEB6, 0x1DB7, 0xFDBE, 0x3EC7, 0x9194, 0x666A, 
    0x087B, 0xE87A, 0xE87A, 0xE87A, 0xE87A, 0xE87A, 0xE87A, 0xE87A, 0xE87A, 0xE87A, 0xE87A, 0xE87A, 
    0xE87A, 0xE87A, 0xE87A, 0xE87A, 0xE87A, 0xE87A, 0xE972, 0xE972, 0xE87A, 0x8762, 0x4F84, 0x3DC7, 
    0xFDB6, 0xFDBE, 0xFDBE, 0xFDBE, 0xFDBE, 0xFDBE, 0xFDBE, 0x1EBF, 0x8D7B, 0x0773, 0x6EAC, 0x2DAC, 
    0x4DAC, 0x4EAC, 0x6DA4, 0x6EA4, 0x6EAC, 0x6EAC, 0x6EAC, 0x6EAC, 0x6EAC, 0x6EAC, 0x6EAC, 0x6EAC, 
    0x6EAC, 0x6EAC, 0x6EAC, 0x8EAC, 0x8EAC, 0x8EAC, 0x8EAC, 0x8EAC, 0x8EAC, 0x8EAC, 0x8EAC, 0x8EAC, 
    0x8EAC, 0x8EAC, 0x8EAC, 0x8EAC, 0x8EAC, 0x8EAC, 0xAFAC, 0xF3D5, 0x14D6, 0xF3D5, 0xF3D5, 0xF3DD, 
    0xF3DD, 0xF3DD, 0x13DE, 0xF4DD, 0x34DE, 0x71CD, 0x4562, 0x95A5, 0x3EC7, 0xFDBE, 0xFCBE, 0x1DB7, 
    0xFDBE, 0xFDBE, 0xFDBE, 0x3FBF, 0xF8AD, 0x666A, 0xAB93, 0x2CA4, 0x0CA4, 0x0C9C, 0x2D9C, 0x0D9C, 
    0x0D9C, 0x0D9C, 0x0D9C, 0x0D9C, 0x0D9C, 0x0D9C, 0x0D9C, 0x0D9C, 0x0D9C, 0x0D9C, 0x0D9C, 0x0D9C, 
    0x0D9C, 0x0D9C, 0x2CA4, 0x498B, 0xA96A, 0x9ABE, 0x3DB7, 0xFDBE, 0xFDBE, 0x1DBF, 0xFDBE, 0xFDBE, 
    0xFDBE, 0xFDBE, 0xFDBE, 0xFDBE, 0xFDBE, 0xFDBE, 0xFDBE, 0xFDBE, 0xFDBE, 0xFDBE, 0xFDBE, 0xFDBE, 
    0xFDBE, 0xFDBE, 0xFDBE, 0xFDBE, 0xFDBE, 0xFDBE, 0xFDBE, 0xFDBE, 0xFDBE, 0xFDBE, 0xFDBE, 0xFDBE, 
    0xFDBE, 0xFDBE, 0xFDBE, 0xFDBE, 0xFDBE, 0xFDBE, 0xFDBE, 0xFDBE, 0xFDBE, 0xFDBE, 0xFDBE, 0xFDBE, 
    0xFDBE, 0xFDBE, 0xFDBE, 0xFDBE, 0xFDBE, 0xFDBE, 0xFDBE, 0xFDBE, 0xFDBE, 0xFDBE, 0xFDBE, 0xFDBE, 
    0xFDBE, 0xFDBE, 0xFDBE, 0xFDBE, 0xFDBE, 0xFDBE, 0xFDBE, 0xFDBE, 0xFDBE, 0xFDBE, 0xFDBE, 0xFDBE, 
    0xFDBE, 0xFDBE, 0xFDBE, 0xFDBE, 0xFDBE, 0xFDBE, 0xFDBE, 0xFDBE, 0xFDBE, 0xFDBE, 
    0xFDBE, 0xFDBE, 
    0xFDBE, 0xFDBE, 0xFDBE, 0xFDBE, 0xFDBE, 0xFDBE, 0xFDBE, 0xFDBE, 0xFDBE, 0xFDBE, 0xFDBE, 0xFDBE, 
    0xFDBE, 0xFDBE, 0xFDBE, 0xFDBE, 0xFDBE, 0xFDBE, 0xFDBE, 0xFDBE, 0xFDBE, 0xFDBE, 0xFDBE, 0xFDBE, 
    0xFDBE, 0xFDBE, 0xFDBE, 0xFDBE, 0xFDBE, 0xFDBE, 0xFDBE, 0xFDBE, 0xFDBE, 0xFDBE, 0xFDBE, 0xFDBE, 
    0xFDBE, 0xFDBE, 0xFDBE, 0xFDBE, 0xFDBE, 0xFDBE, 0xFDBE, 0xFDBE, 0xFDBE, 0xFDBE, 0xFDBE, 0xFDBE, 
    0xFDBE, 0xFDBE, 0xFDBE, 0xFDBE, 0xFDBE, 0xFDBE, 0xFDBE, 0xFDBE, 0xFDBE, 0xFDBE, 0xFDBE, 0xFDBE, 
    0xFDBE, 0xFDBE, 0xFDBE, 0xFDBE, 0xFDBE, 0xFDBE, 0xFDBE, 0xFDBE, 0xFDBE, 0xFDBE, 0xFDBE, 0xFDBE, 
    0xFDBE, 0xFDBE, 0xFDBE, 0xFDBE, 0xFDBE, 0xFDBE, 0x1DB7, 0xFEBE, 0xFEBE, 0x1CBF, 0xDDB6, 0x5FBF, 
    0x2F8C, 0x8672, 0x8FAC, 0x6EAC, 0x6EAC, 0x6EAC, 0x6EAC, 0x6EAC, 0x6EAC, 0x6EAC, 0x6EAC, 0x6EAC, 
    0x6EAC, 0x6EAC, 0x6EAC, 0x6EAC, 0x6EAC, 0x6EA4, 0x6EAC, 0x6EAC, 0x6FA4, 0x6FAC, 0x6EAC, 0xC86A, 
    0x307C, 0x3EC7, 0xFDB6, 0xFDBE, 0xFDBE, 0xFDBE, 0xFDBE, 0xFDBE, 0xFDBE, 0x1EBF, 0x8D7B, 0x087B, 
    0x8FB4, 0x6EB4, 0x8EAC, 0x6FB4, 0x6EB4, 0x6EB4, 0x6EB4, 0x6EB4, 0x6EB4, 0x6EB4, 0x6EB4, 0x6EB4, 
    0x6EB4, 0x8EAC, 0x8EAC, 0x8EAC, 0x8EAC, 0x8EAC, 0x8EAC, 0x8EAC, 0x8EAC, 0x8EAC, 0x8EAC, 0x6EAC, 
    0x6EAC, 0x6EAC, 0x6EAC, 0x6EAC, 0x6EAC, 0x6EAC, 0x6EAC, 0x6DAC, 0xAEAC, 0xB2D5, 0xD3D5, 0xD2D5, 
    0xD2D5, 0xD3D5, 0xD3D5, 0xD3D5, 0xD3D5, 0xD2D5, 0xF3D5, 0x51C5, 0x4562, 0x95A5, 0x3EC7, 0xFDB6, 
    0xFCBE, 0x1DB7, 0xFDBE, 0xFDBE, 0xFDBE, 0x3EBF, 0x17AE, 0x656A, 0x0C9C, 0xAEB4, 0x8EAC, 0x8EAC, 
    0x8FAC, 0x8EAC, 0x8FAC, 0x8FAC, 0x8FAC, 0x8FAC, 0x8FAC, 0x8FAC, 0x8FAC, 0x8FAC, 0x8FAC, 0x8FAC, 
    0x8FAC, 0x8FAC, 0x8FAC, 0x8FAC, 0xAFB4, 0x8B93, 0xA962, 0xBAB6, 0x3DB7, 0xFDBE, 0xFDBE, 0xFDBE, 
    0xFDBE, 0xFDBE, 0xFDBE, 0xFDBE, 0xFDBE, 0xFDBE, 0xFDBE, 0xFDBE, 0xFDBE, 0xFDBE, 0xFDBE, 0xFDBE, 
    0xFDBE, 0xFDBE, 0xFDBE, 0xFDBE, 0xFDBE, 0xFDBE, 0xFDBE, 0xFDBE, 0xFDBE, 0xFDBE, 0xFDBE, 0xFDBE, 
    0xFDBE, 0xFDBE, 0xFDBE, 0xFDBE, 0xFDBE, 0xFDBE, 0xFDBE, 0xFDBE, 0xFDBE, 0xFDBE, 0xFDBE, 0xFDBE, 
    0xFDBE, 0xFDBE, 0xFDBE, 0xFDBE, 0xFDBE, 0xFDBE, 0xFDBE, 0xFDBE, 0xFDBE, 0xFDBE, 0xFDBE, 0xFDBE, 
    0xFDBE, 0xFDBE, 0xFDBE, 0xFDBE, 0xFDBE, 0xFDBE, 0xFDBE, 0xFDBE, 0xFDBE, 0xFDBE, 0xFDBE, 0xFDBE, 
    0xFDBE, 0xFDBE, 0xFDBE, 0xFDBE, 0xFDBE, 0xFDBE, 0xFDBE, 0xFDBE, 0xFDBE, 0xFDBE, 0xFDBE, 0xFDBE, 
    
    0xFDBE, 0xFDBE, 0xFDBE, 0xFDBE, 0xFDBE, 0xFDBE, 0xFDBE, 0xFDBE, 0xFDBE, 0xFDBE, 0xFDBE, 0xFDBE, 
    0xFDBE, 0xFDBE, 0xFDBE, 0xFDBE, 0xFDBE, 0xFDBE, 0xFDBE, 0xFDBE, 0xFDBE, 0xFDBE, 0xFDBE, 0xFDBE, 
    0xFDBE, 0xFDBE, 0xFDBE, 0xFDBE, 0xFDBE, 0xFDBE, 0xFDBE, 0xFDBE, 0xFDBE, 0xFDBE, 0xFDBE, 0xFDBE, 
    0xFDBE, 0xFDBE, 0xFDBE, 0xFDBE, 0xFDBE, 0xFDBE, 0xFDBE, 0xFDBE, 0xFDBE, 0xFDBE, 0xFDBE, 0xFDBE, 
    0xFDBE, 0xFDBE, 0xFDBE, 0xFDBE, 0xFDBE, 0xFDBE, 0xFDBE, 0xFDBE, 0xFDBE, 0xFDBE, 0xFDBE, 0xFDBE, 
    0xFDBE, 0xFDBE, 0xFDBE, 0xFDBE, 0xFDBE, 0xFDBE, 0xFDBE, 0xFDBE, 0xFDBE, 0xFDBE, 0xFDBE, 0xFDBE, 
    0xFDBE, 0xFDBE, 0xFDBE, 0xFDBE, 0xFDBE, 0xFDBE, 0xFDBE, 0xFDBE, 0x1DB7, 0xFEB6, 0xFDBE, 0xFCBE, 
    0xFDBE, 0x5FBF, 0x2F8C, 0x8672, 0x8EB4, 0x8EB4, 0x6EB4, 0x6EB4, 0x6EB4, 0x6EB4, 0x6EB4, 0x6EB4, 
    0x6EB4, 0x6EB4, 0x6EB4, 0x6EB4, 0x6EB4, 0x6EB4, 0x6EB4, 0x6EAC, 0x6EB4, 0x6EB4, 0x6FAC, 0x6EB4, 
    0x6DB4, 0xA76A, 0x2F84, 0x3EC7, 0xFDB6, 0xFDBE, 0xFDBE, 0xFDBE, 0xFDBE, 0xFDBE, 0xFDBE, 0x3EBF, 
    0xAC73, 0x0773, 0xAEAC, 0x8EAC, 0xAEA4, 0x8FAC, 0x8EAC, 0x6EAC, 0x6EB4, 0x6EB4, 0x6EB4, 0x6EB4, 
    0x6EB4, 0x6EB4, 0x6EB4, 0x6EAC, 0x6EAC, 0x6EAC, 0x6EAC, 0x6EB4, 0x6EB4, 0x6EB4, 0x6EB4, 0x6EB4, 
    0x6EB4, 0x6EB4, 0x6EB4, 0x6EB4, 0x6EB4, 0x6EB4, 0x6EB4, 0x6EB4, 0x6EB4, 0x6EAC, 0x8EB4, 0xB2D5, 
    0xF3D5, 0xD3D5, 0xF3D5, 0xD3CD, 0xD3CD, 0xD3D5, 0xD3D5, 0xD3CD, 0xF4D5, 0x51BD, 0x465A, 0x96A5, 
    0x3EBF, 0xFDB6, 0xFDBE, 0x1EB7, 0xFDB6, 0xFDBE, 0xFDBE, 0x3FBF, 0xF9AD, 0x676A, 0xCD9B, 0x6FB4, 
    0x4FAC, 0x4FAC, 0x6FAC, 0x6EAC, 0x6EAC, 0x6EAC, 0x6EAC, 0x6EAC, 0x6EAC, 0x6EAC, 0x6EAC, 0x6EAC, 
    0x6EAC, 0x6EAC, 0x6EAC, 0x6EAC, 0x6EAC, 0x6EAC, 0x8EB4, 0x8A8B, 0xA96A, 0x9AB6, 0x3DB7, 0xFDBE, 
    0xFDBE, 0xFDBE, 0xFDBE, 0xFDBE, 0xFDBE, 0xFDBE, 0xFDBE, 0xFDBE, 0xFDBE, 0xFDBE, 0xFDBE, 0xFDBE, 
    0xFDBE, 0xFDBE, 0xFDBE, 0xFDBE, 0xFDBE, 0xFDBE, 0xFDBE, 0xFDBE, 0xFDBE, 0xFDBE, 0xFDBE, 0xFDBE, 
    0xFDBE, 0xFDBE, 0xFDBE, 0xFDBE, 0xFDBE, 0xFDBE, 0xFDBE, 0xFDBE, 0xFDBE, 0xFDBE, 0xFDBE, 0xFDBE, 
    0xFDBE, 0xFDBE, 0xFDBE, 0xFDBE, 0xFDBE, 0xFDBE, 0xFDBE, 0xFDBE, 0xFDBE, 0xFDBE, 0xFDBE, 0xFDBE, 
    0xFDBE, 0xFDBE, 0xFDBE, 0xFDBE, 0xFDBE, 0xFDBE, 0xFDBE, 0xFDBE, 0xFDBE, 0xFDBE, 0xFDBE, 0xFDBE, 
    0xFDBE, 0xFDBE, 0xFDBE, 0xFDBE, 0xFDBE, 0xFDBE, 0xFDBE, 0xFDBE, 0xFDBE, 0xFDBE, 0xFDBE, 0xFDBE, 
    0xFDBE, 0xFDBE, 
    0xFDBE, 0xFDBE, 0xFDBE, 0xFDBE, 0xFDBE, 0xFDBE, 0xFDBE, 0xFDBE, 0xFDBE, 0xFDBE, 
    0xFDBE, 0xFDBE, 0xFDBE, 0xFDBE, 0xFDBE, 0xFDBE, 0xFDBE, 0xFDBE, 0xFDBE, 0xFDBE, 0xFDBE, 0xFDBE, 
    0xFDBE, 0xFDBE, 0xFDBE, 0xFDBE, 0xFDBE, 0xFDBE, 0xFDBE, 0xFDBE, 0xFDBE, 0xFDBE, 0xFDBE, 0xFDBE, 
    0xFDBE, 0xFDBE, 0xFDBE, 0xFDBE, 0xFDBE, 0xFDBE, 0xFDBE, 0xFDBE, 0xFDBE, 0xFDBE, 0xFDBE, 0xFDBE, 
    0xFDBE, 0xFDBE, 0xFDBE, 0xFDBE, 0xFDBE, 0xFDBE, 0xFDBE, 0xFDBE, 0xFDBE, 0xFDBE, 0xFDBE, 0xFDBE, 
    0xFDBE, 0xFDBE, 0xFDBE, 0xFDBE, 0xFDBE, 0xFDBE, 0xFDBE, 0xFDBE, 0xFDBE, 0xFDBE, 0xFDBE, 0xFDBE, 
    0xFDBE, 0xFDBE, 0xFDBE, 0xFDBE, 0xFDBE, 0xFDBE, 0xFDBE, 0xFDBE, 0xFDBE, 0xFDBE, 0x1DB7, 0xFEB6, 
    0xFDBE, 0xFCBE, 0xFDBE, 0x5FBF, 0x2F8C, 0x8672, 0x8EAC, 0x6EAC, 0x6EAC, 0x6EAC, 0x6EAC, 0x6EAC, 
    0x6EAC, 0x6EAC, 0x6EAC, 0x6EAC, 0x6EAC, 0x6EAC, 0x6EAC, 0x6EAC, 0x6EAC, 0x6EAC, 0x6EAC, 0x6EAC, 
    0x6FAC, 0x6EB4, 0x6DB4, 0xA772, 0x3084, 0x3EC7, 0xFDB6, 0xFDBE, 0xFDBE, 0xFDBE, 0xFDBE, 0xFDBE, 
    0xFDB6, 0x1DC7, 0x8C83, 0xE77A, 0x8EB4, 0x6EB4, 0x8EAC, 0x6EB4, 0x6DB4, 0x6EAC, 0x6EAC, 0x6EAC, 
    0x6EAC, 0x6EAC, 0x6EAC, 0x6EAC, 0x6EAC, 0x6EAC, 0x6EAC, 0x6EAC, 0x6EAC, 0x6EAC, 0x6EAC, 0x6EAC, 
    0x6EAC, 0x6EAC, 0x6EAC, 0x6EAC, 0x6EAC, 0x6EAC, 0x6EAC, 0x6EAC, 0x6EAC, 0x6EAC, 0x6EAC, 0x6EAC, 
    0x8EAC, 0xB3CD, 0xF3D5, 0xD3CD, 0xD3D5, 0xD3D5, 0xD3D5, 0xD3D5, 0xD3D5, 0xD3D5, 0xF4DD, 0x51C5, 
    0x4662, 0x96A5, 0x3FBF, 0xFDB6, 0xFDBE, 0x1EB7, 0x1DB7, 0xFDBE, 0xFDBE, 0x5EBF, 0x38AE, 0x866A, 
    0xEC93, 0x8EB4, 0x6EAC, 0x6DB4, 0x6EAC, 0x6EAC, 0x6EAC, 0x6EAC, 0x6EAC, 0x6EAC, 0x6EAC, 0x6EAC, 
    0x6EAC, 0x6EAC, 0x6EAC, 0x6EAC, 0x6EAC, 0x6EAC, 0x6EAC, 0x6EAC, 0xAEB4, 0x8A93, 0xA96A, 0x9ABE, 
    0x3DBF, 0xFDBE, 0xFDBE, 0xFDBE, 0xFDBE, 0xFDBE, 0xFDBE, 0xFDBE, 0xFDBE, 0xFDBE, 0xFDBE, 0xFDBE, 
    0xFDBE, 0xFDBE, 0xFDBE, 0xFDBE, 0xFDBE, 0xFDBE, 0xFDBE, 0xFDBE, 0xFDBE, 0xFDBE, 0xFDBE, 0xFDBE, 
    0xFDBE, 0xFDBE, 0xFDBE, 0xFDBE, 0xFDBE, 0xFDBE, 0xFDBE, 0xFDBE, 0xFDBE, 0xFDBE, 0xFDBE, 0xFDBE, 
    0xFDBE, 0xFDBE, 0xFDBE, 0xFDBE, 0xFDBE, 0xFDBE, 0xFDBE, 0xFDBE, 0xFDBE, 0xFDBE, 0xFDBE, 0xFDBE, 
    0xFDBE, 0xFDBE, 0xFDBE, 0xFDBE, 0xFDBE, 0xFDBE, 0xFDBE, 0xFDBE, 0xFDBE, 0xFDBE, 0xFDBE, 0xFDBE, 
    0xFDBE, 0xFDBE, 0xFDBE, 0xFDBE, 0xFDBE, 0xFDBE, 0xFDBE, 0xFDBE, 0xFDBE, 0xFDBE, 0xFDBE, 0xFDBE, 
    0xFDBE, 0xFDBE, 0xFDBE, 0xFDBE, 
    0xFDBE, 0xFDBE, 0xFDBE, 0xFDBE, 0xFDBE, 0xFDBE, 0xFDBE, 0xFDBE, 
    0xFDBE, 0xFDBE, 0xFDBE, 0xFDBE, 0xFDBE, 0xFDBE, 0xFDBE, 0xFDBE, 0xFDBE, 0xFDBE, 0xFDBE, 0xFDBE, 
    0xFDBE, 0xFDBE, 0xFDBE, 0xFDBE, 0xFDBE, 0xFDBE, 0xFDBE, 0xFDBE, 0xFDBE, 0xFDBE, 0xFDBE, 0xFDBE, 
    0xFDBE, 0xFDBE, 0xFDBE, 0xFDBE, 0xFDBE, 0xFDBE, 0xFDBE, 0xFDBE, 0xFDBE, 0xFDBE, 0xFDBE, 0xFDBE, 
    0xFDBE, 0xFDBE, 0xFDBE, 0xFDBE, 0xFDBE, 0xFDBE, 0xFDBE, 0xFDBE, 0xFDBE, 0xFDBE, 0xFDBE, 0xFDBE, 
    0xFDBE, 0xFDBE, 0xFDBE, 0xFDBE, 0xFDBE, 0xFDBE, 0xFDBE, 0xFDBE, 0xFDBE, 0xFDBE, 0xFDBE, 0xFDBE, 
    0xFDBE, 0xFDBE, 0xFDBE, 0xFDBE, 0xFDBE, 0xFDBE, 0xFDBE, 0xFDBE, 0xFDBE, 0xFDBE, 0xFDBE, 0xFDBE, 
    0x1DB7, 0x1DB7, 0xFDBE, 0xFEBE, 0xDDBE, 0x5EBF, 0x2F84, 0x8672, 0x8EAC, 0x6EAC, 0x6EAC, 0x6EB4, 
    0x6EAC, 0x6EAC, 0x6EAC, 0x6EAC, 0x6EAC, 0x6EAC, 0x6EAC, 0x6EAC, 0x6EAC, 0x6EAC, 0x6EAC, 0x6EB4, 
    0x6EAC, 0x6EAC, 0x6DAC, 0x8FAC, 0x6EAC, 0xA772, 0x2F84, 0x3EC7, 0xFDB6, 0xFDBE, 0xFDBE, 0xFDBE, 
    0xFDBE, 0xFDBE, 0xFDB6, 0x1EBF, 0x8C7B, 0x087B, 0x8FB4, 0x6DB4, 0x6FAC, 0x6EB4, 0x6EB4, 0x6EAC, 
    0x6EAC, 0x6EAC, 0x6EAC, 0x6EAC, 0x6EAC, 0x6EAC, 0x6EAC, 0x6EAC, 0x6EAC, 0x6EAC, 0x6EAC, 0x6EAC, 
    0x6EAC, 0x6EAC, 0x6EAC, 0x6EAC, 0x6EAC, 0x6EAC, 0x6EAC, 0x6EAC, 0x6EAC, 0x6EAC, 0x6EAC, 0x6EB4, 
    0x6EAC, 0x6EAC, 0x8EAC, 0xB2CD, 0xF3D5, 0xD3D5, 0xF3D5, 0xD3D5, 0xD3D5, 0xD3D5, 0xD3D5, 0xD3D5, 
    0x14D6, 0x51C5, 0x465A, 0x95A5, 0x3EBF, 0xFDB6, 0xFCBE, 0x1DB7, 0xFDBE, 0xFDBE, 0xFDBE, 0x3FBF, 
    0x39AE, 0x866A, 0xEC93, 0x8EB4, 0x6EAC, 0x6EB4, 0x6EAC, 0x6EAC, 0x6EAC, 0x6EAC, 0x6EAC, 0x6EAC, 
    0x6EAC, 0x6EAC, 0x6EAC, 0x6EAC, 0x6EAC, 0x6EAC, 0x6EAC, 0x6EAC, 0x6EAC, 0x6EAC, 0xAFB4, 0x8A8B, 
    0xC862, 0x9AB6, 0x1EB7, 0xFDBE, 0xFDBE, 0xFDBE, 0xFDBE, 0xFDBE, 0xFDBE, 0xFDBE, 0xFDBE, 0xFDBE, 
    0xFDBE, 0xFDBE, 0xFDBE, 0xFDBE, 0xFDBE, 0xFDBE, 0xFDBE, 0xFDBE, 0xFDBE, 0xFDBE, 0xFDBE, 0xFDBE, 
    0xFDBE, 0xFDBE, 0xFDBE, 0xFDBE, 0xFDBE, 0xFDBE, 0xFDBE, 0xFDBE, 0xFDBE, 0xFDBE, 0xFDBE, 0xFDBE, 
    0xFDBE, 0xFDBE, 0xFDBE, 0xFDBE, 0xFDBE, 0xFDBE, 0xFDBE, 0xFDBE, 0xFDBE, 0xFDBE, 0xFDBE, 0xFDBE, 
    0xFDBE, 0xFDBE, 0xFDBE, 0xFDBE, 0xFDBE, 0xFDBE, 0xFDBE, 0xFDBE, 0xFDBE, 0xFDBE, 0xFDBE, 0xFDBE, 
    0xFDBE, 0xFDBE, 0xFDBE, 0xFDBE, 0xFDBE, 0xFDBE, 0xFDBE, 0xFDBE, 0xFDBE, 0xFDBE, 0xFDBE, 0xFDBE, 
    0xFDBE, 0xFDBE, 0xFDBE, 0xFDBE, 0xFDBE, 0xFDBE, 
    0xFDBE, 0xFDBE, 0xFDBE, 0xFDBE, 0xFDBE, 0xFDBE, 
    0xFDBE, 0xFDBE, 0xFDBE, 0xFDBE, 0xFDBE, 0xFDBE, 0xFDBE, 0xFDBE, 0xFDBE, 0xFDBE, 0xFDBE, 0xFDBE, 
    0xFDBE, 0xFDBE, 0xFDBE, 0xFDBE, 0xFDBE, 0xFDBE, 0xFDBE, 0xFDBE, 0xFDBE, 0xFDBE, 0xFDBE, 0xFDBE, 
    0xFDBE, 0xFDBE, 0xFDBE, 0xFDBE, 0xFDBE, 0xFDBE, 0xFDBE, 0xFDBE, 0xFDBE, 0xFDBE, 0xFDBE, 0xFDBE, 
    0xFDBE, 0xFDBE, 0xFDBE, 0xFDBE, 0xFDBE, 0xFDBE, 0xFDBE, 0xFDBE, 0xFDBE, 0xFDBE, 0xFDBE, 0xFDBE, 
    0xFDBE, 0xFDBE, 0xFDBE, 0xFDBE, 0xFDBE, 0xFDBE, 0xFDBE, 0xFDBE, 0xFDBE, 0xFDBE, 0xFDBE, 0xFDBE, 
    0xFDBE, 0xFDBE, 0xFDBE, 0xFDBE, 0xFDBE, 0xFDBE, 0xFDBE, 0xFDBE, 0xFDBE, 0xFDBE, 0xFDBE, 0xFDBE, 
    0xFDBE, 0xFDBE, 0x1DB7, 0x1DB7, 0xFDBE, 0xFEBE, 0xDDBE, 0x5EBF, 0x2F84, 0x8672, 0x8EAC, 0x6EAC, 
    0x6EAC, 0x6EB4, 0x6EAC, 0x6EAC, 0x6EAC, 0x6EAC, 0x6EAC, 0x6EAC, 0x6EAC, 0x6EAC, 0x6EAC, 0x6EAC, 
    0x6EAC, 0x6EB4, 0x6EAC, 0x6EAC, 0x6DAC, 0x8FAC, 0x6EAC, 0xA772, 0x2F84, 0x3EC7, 0xFDB6, 0xFDBE, 
    0xFDBE, 0xFDBE, 0xFDBE, 0xFDBE, 0xFDB6, 0x1EBF, 0x8C7B, 0x087B, 0x8FAC, 0x6DB4, 0x6FAC, 0x6EAC, 
    0x6EB4, 0x6EAC, 0x6EAC, 0x6EAC, 0x6EAC, 0x6EAC, 0x6EAC, 0x6EAC, 0x6EAC, 0x6EAC, 0x6EAC, 0x6EAC, 
    0x6EAC, 0x6EAC, 0x6EAC, 0x6EAC, 0x6EAC, 0x6EAC, 0x6EAC, 0x6EAC, 0x6EAC, 0x6EAC, 0x6EAC, 0x6EAC, 
    0x6EAC, 0x6EB4, 0x6EAC, 0x6EAC, 0x8EAC, 0xB2CD, 0xF3D5, 0xD3D5, 0xF3D5, 0xD3D5, 0xD3D5, 0xD3D5, 
    0xD3D5, 0xD3D5, 0x14D6, 0x51C5, 0x465A, 0x95A5, 0x3EBF, 0xFDB6, 0xFCBE, 0x1DB7, 0xFDBE, 0xFDBE, 
    0xFDBE, 0x3FBF, 0x39AE, 0x876A, 0xCC93, 0x8EB4, 0x6EAC, 0x6EB4, 0x6EAC, 0x6EAC, 0x6EAC, 0x6EAC, 
    0x6EAC, 0x6EAC, 0x6EAC, 0x6EAC, 0x6EAC, 0x6EAC, 0x6EAC, 0x6EAC, 0x6EAC, 0x6EAC, 0x6EAC, 0x6EAC, 
    0xAFB4, 0x8A8B, 0xC862, 0x9AB6, 0x1EB7, 0xFDBE, 0xFDBE, 0xFDBE, 0xFDBE, 0xFDBE, 0xFDBE, 0xFDBE, 
    0xFDBE, 0xFDBE, 0xFDBE, 0xFDBE, 0xFDBE, 0xFDBE, 0xFDBE, 0xFDBE, 0xFDBE, 0xFDBE, 0xFDBE, 0xFDBE, 
    0xFDBE, 0xFDBE, 0xFDBE, 0xFDBE, 0xFDBE, 0xFDBE, 0xFDBE, 0xFDBE, 0xFDBE, 0xFDBE, 0xFDBE, 0xFDBE, 
    0xFDBE, 0xFDBE, 0xFDBE, 0xFDBE, 0xFDBE, 0xFDBE, 0xFDBE, 0xFDBE, 0xFDBE, 0xFDBE, 0xFDBE, 0xFDBE, 
    0xFDBE, 0xFDBE, 0xFDBE, 0xFDBE, 0xFDBE, 0xFDBE, 0xFDBE, 0xFDBE, 0xFDBE, 0xFDBE, 0xFDBE, 0xFDBE, 
    0xFDBE, 0xFDBE, 0xFDBE, 0xFDBE, 0xFDBE, 0xFDBE, 0xFDBE, 0xFDBE, 0xFDBE, 0xFDBE, 0xFDBE, 0xFDBE, 
    0xFDBE, 0xFDBE, 0xFDBE, 0xFDBE, 0xFDBE, 0xFDBE, 0xFDBE, 0xFDBE, 
    0xFDBE, 0xFDBE, 0xFDBE, 0xFDBE, 
    0xFDBE, 0xFDBE, 0xFDBE, 0xFDBE, 0xFDBE, 0xFDBE, 0xFDBE, 0xFDBE, 0xFDBE, 0xFDBE, 0xFDBE, 0xFDBE, 
    0xFDBE, 0xFDBE, 0xFDBE, 0xFDBE, 0xFDBE, 0xFDBE, 0xFDBE, 0xFDBE, 0xFDBE, 0xFDBE, 0xFDBE, 0xFDBE, 
    0xFDBE, 0xFDBE, 0xFDBE, 0xFDBE, 0xFDBE, 0xFDBE, 0xFDBE, 0xFDBE, 0xFDBE, 0xFDBE, 0xFDBE, 0xFDBE, 
    0xFDBE, 0xFDBE, 0xFDBE, 0xFDBE, 0xFDBE, 0xFDBE, 0xFDBE, 0xFDBE, 0xFDBE, 0xFDBE, 0xFDBE, 0xFDBE, 
    0xFDBE, 0xFDBE, 0xFDBE, 0xFDBE, 0xFDBE, 0xFDBE, 0xFDBE, 0xFDBE, 0xFDBE, 0xFDBE, 0xFDBE, 0xFDBE, 
    0xFDBE, 0xFDBE, 0xFDBE, 0xFDBE, 0xFDBE, 0xFDBE, 0xFDBE, 0xFDBE, 0xFDBE, 0xFDBE, 0xFDBE, 0xFDBE, 
    0xFDBE, 0xFDBE, 0xFDBE, 0xFDBE, 0x1DB7, 0x1DB7, 0xFDBE, 0xFEBE, 0xDDBE, 0x5EBF, 0x2F84, 0x8672, 
    0x8EAC, 0x6EAC, 0x6EAC, 0x6EB4, 0x6EAC, 0x6EAC, 0x6EAC, 0x6EAC, 0x6EAC, 0x6EAC, 0x6EAC, 0x6EAC, 
    0x6EAC, 0x6EAC, 0x6EAC, 0x6EB4, 0x6EAC, 0x6EAC, 0x6DAC, 0x8FAC, 0x6EAC, 0xA772, 0x2F84, 0x3EC7, 
    0xFDB6, 0xFDBE, 0xFDBE, 0xFDBE, 0xFDBE, 0xFDBE, 0xFDB6, 0x1EBF, 0x8C7B, 0x087B, 0x8FAC, 0x6DB4, 
    0x6FAC, 0x6EAC, 0x6EB4, 0x6EAC, 0x6EAC, 0x6EAC, 0x6EAC, 0x6EAC, 0x6EAC, 0x6EAC, 0x6EAC, 0x6EAC, 
    0x6EAC, 0x6EAC, 0x6EAC, 0x6EAC, 0x6EAC, 0x6EAC, 0x6EAC, 0x6EAC, 0x6EAC, 0x6EAC, 0x6EAC, 0x6EAC, 
    0x6EAC, 0x6EAC, 0x6EAC, 0x6EB4, 0x6EAC, 0x6EAC, 0x8EAC, 0xB2CD, 0xD3D5, 0xD3D5, 0xF3D5, 0xD3D5, 
    0xD3D5, 0xD3D5, 0xD3D5, 0xD3D5, 0x14D6, 0x51C5, 0x465A, 0x95A5, 0x3EBF, 0xFDB6, 0xFCBE, 0x1DB7, 
    0xFDBE, 0xFDBE, 0xFDBE, 0x3FBF, 0x39AE, 0xA76A, 0xCC93, 0x8EB4, 0x6EAC, 0x6EB4, 0x6EAC, 0x6EAC, 
    0x6EAC, 0x6EAC, 0x6EAC, 0x6EAC, 0x6EAC, 0x6EAC, 0x6EAC, 0x6EAC, 0x6EAC, 0x6EAC, 0x6EAC, 0x6EAC, 
    0x6EAC, 0x6EAC, 0xAFB4, 0x8A8B, 0xC862, 0x9AB6, 0x1EB7, 0xFDBE, 0xFDBE, 0xFDBE, 0xFDBE, 0xFDBE, 
    0xFDBE, 0xFDBE, 0xFDBE, 0xFDBE, 0xFDBE, 0xFDBE, 0xFDBE, 0xFDBE, 0xFDBE, 0xFDBE, 0xFDBE, 0xFDBE, 
    0xFDBE, 0xFDBE, 0xFDBE, 0xFDBE, 0xFDBE, 0xFDBE, 0xFDBE, 0xFDBE, 0xFDBE, 0xFDBE, 0xFDBE, 0xFDBE, 
    0xFDBE, 0xFDBE, 0xFDBE, 0xFDBE, 0xFDBE, 0xFDBE, 0xFDBE, 0xFDBE, 0xFDBE, 0xFDBE, 0xFDBE, 0xFDBE, 
    0xFDBE, 0xFDBE, 0xFDBE, 0xFDBE, 0xFDBE, 0xFDBE, 0xFDBE, 0xFDBE, 0xFDBE, 0xFDBE, 0xFDBE, 0xFDBE, 
    0xFDBE, 0xFDBE, 0xFDBE, 0xFDBE, 0xFDBE, 0xFDBE, 0xFDBE, 0xFDBE, 0xFDBE, 0xFDBE, 0xFDBE, 0xFDBE, 
    0xFDBE, 0xFDBE, 0xFDBE, 0xFDBE, 0xFDBE, 0xFDBE, 0xFDBE, 0xFDBE, 0xFDBE, 0xFDBE, 
    0xFDBE, 0xFDBE, 
    0xFDBE, 0xFDBE, 0xFDBE, 0xFDBE, 0xFDBE, 0xFDBE, 0xFDBE, 0xFDBE, 0xFDBE, 0xFDBE, 0xFDBE, 0xFDBE, 
    0xFDBE, 0xFDBE, 0xFDBE, 0xFDBE, 0xFDBE, 0xFDBE, 0xFDBE, 0xFDBE, 0xFDBE, 0xFDBE, 0xFDBE, 0xFDBE, 
    0xFDBE, 0xFDBE, 0xFDBE, 0xFDBE, 0xFDBE, 0xFDBE, 0xFDBE, 0xFDBE, 0xFDBE, 0xFDBE, 0xFDBE, 0xFDBE, 
    0xFDBE, 0xFDBE, 0xFDBE, 0xFDBE, 0xFDBE, 0xFDBE, 0xFDBE, 0xFDBE, 0xFDBE, 0xFDBE, 0xFDBE, 0xFDBE, 
    0xFDBE, 0xFDBE, 0xFDBE, 0xFDBE, 0xFDBE, 0xFDBE, 0xFDBE, 0xFDBE, 0xFDBE, 0xFDBE, 0xFDBE, 0xFDBE, 
    0xFDBE, 0xFDBE, 0xFDBE, 0xFDBE, 0xFDBE, 0xFDBE, 0xFDBE, 0xFDBE, 0xFDBE, 0xFDBE, 0xFDBE, 0xFDBE, 
    0xFDBE, 0xFDBE, 0xFDBE, 0xFDBE, 0xFDBE, 0xFDBE, 0x1DB7, 0x1DB7, 0xFDBE, 0xFEBE, 0xDDBE, 0x5EBF, 
    0x2F84, 0x8672, 0x8EAC, 0x6EAC, 0x6EAC, 0x6EB4, 0x6EAC, 0x6EAC, 0x6EAC, 0x6EAC, 0x6EAC, 0x6EAC, 
    0x6EAC, 0x6EAC, 0x6EAC, 0x6EAC, 0x6EAC, 0x6EB4, 0x6EAC, 0x6EAC, 0x6DAC, 0x8FAC, 0x6EAC, 0xA772, 
    0x2F84, 0x3EC7, 0xFDB6, 0xFDBE, 0xFDBE, 0xFDBE, 0xFDBE, 0xFDBE, 0xFDB6, 0x1EBF, 0x8C7B, 0x087B, 
    0x8FAC, 0x6DB4, 0x6FAC, 0x6EAC, 0x6EB4, 0x6EAC, 0x6EAC, 0x6EAC, 0x6EAC, 0x6EAC, 0x6EAC, 0x6EAC, 
    0x6EAC, 0x6EAC, 0x6EAC, 0x6EAC, 0x6EAC, 0x6EAC, 0x6EAC, 0x6EAC, 0x6EAC, 0x6EAC, 0x6EAC, 0x6EAC, 
    0x6EAC, 0x6EAC, 0x6EAC, 0x6EAC, 0x6EAC, 0x6EB4, 0x6EAC, 0x6EAC, 0x8EAC, 0xB2CD, 0xD3D5, 0xD3D5, 
    0xF3D5, 0xD3D5, 0xD3D5, 0xD3D5, 0xD3D5, 0xD3D5, 0x14D6, 0x51C5, 0x465A, 0x95A5, 0x3EBF, 0xFDB6, 
    0xFCBE, 0x1DB7, 0xFDBE, 0xFDBE, 0xFDBE, 0x3FBF, 0x39AE, 0xA76A, 0xCC93, 0x8EB4, 0x6EAC, 0x6EB4, 
    0x6EAC, 0x6EAC, 0x6EAC, 0x6EAC, 0x6EAC, 0x6EAC, 0x6EAC, 0x6EAC, 0x6EAC, 0x6EAC, 0x6EAC, 0x6EAC, 
    0x6EAC, 0x6EAC, 0x6EAC, 0x6EAC, 0xAFB4, 0x8A8B, 0xC862, 0x9AB6, 0x1EB7, 0xFDBE, 0xFDBE, 0xFDBE, 
    0xFDBE, 0xFDBE, 0xFDBE, 0xFDBE, 0xFDBE, 0xFDBE, 0xFDBE, 0xFDBE, 0xFDBE, 0xFDBE, 0xFDBE, 0xFDBE, 
    0xFDBE, 0xFDBE, 0xFDBE, 0xFDBE, 0xFDBE, 0xFDBE, 0xFDBE, 0xFDBE, 0xFDBE, 0xFDBE, 0xFDBE, 0xFDBE, 
    0xFDBE, 0xFDBE, 0xFDBE, 0xFDBE, 0xFDBE, 0xFDBE, 0xFDBE, 0xFDBE, 0xFDBE, 0xFDBE, 0xFDBE, 0xFDBE, 
    0xFDBE, 0xFDBE, 0xFDBE, 0xFDBE, 0xFDBE, 0xFDBE, 0xFDBE, 0xFDBE, 0xFDBE, 0xFDBE, 0xFDBE, 0xFDBE, 
    0xFDBE, 0xFDBE, 0xFDBE, 0xFDBE, 0xFDBE, 0xFDBE, 0xFDBE, 0xFDBE, 0xFDBE, 0xFDBE, 0xFDBE, 0xFDBE, 
    0xFDBE, 0xFDBE, 0xFDBE, 0xFDBE, 0xFDBE, 0xFDBE, 0xFDBE, 0xFDBE, 0xFDBE, 0xFDBE, 0xFDBE, 0xFDBE, 
    
    0xFDBE, 0xFDBE, 0xFDBE, 0xFDBE, 0xFDBE, 0xFDBE, 0xFDBE, 0xFDBE, 0xFDBE, 0xFDBE, 0xFDBE, 0xFDBE, 
    0xFDBE, 0xFDBE, 0xFDBE, 0xFDBE, 0xFDBE, 0xFDBE, 0xFDBE, 0xFDBE, 0xFDBE, 0xFDBE, 0xFDBE, 0xFDBE, 
    0xFDBE, 0xFDBE, 0xFDBE, 0xFDBE, 0xFDBE, 0xFDBE, 0xFDBE, 0xFDBE, 0xFDBE, 0xFDBE, 0xFDBE, 0xFDBE, 
    0xFDBE, 0xFDBE, 0xFDBE, 0xFDBE, 0xFDBE, 0xFDBE, 0xFDBE, 0xFDBE, 0xFDBE, 0xFDBE, 0xFDBE, 0xFDBE, 
    0xFDBE, 0xFDBE, 0xFDBE, 0xFDBE, 0xFDBE, 0xFDBE, 0xFDBE, 0xFDBE, 0xFDBE, 0xFDBE, 0xFDBE, 0xFDBE, 
    0xFDBE, 0xFDBE, 0xFDBE, 0xFDBE, 0xFDBE, 0xFDBE, 0xFDBE, 0xFDBE, 0xFDBE, 0xFDBE, 0xFDBE, 0xFDBE, 
    0xFDBE, 0xFDBE, 0xFDBE, 0xFDBE, 0xFDBE, 0xFDBE, 0xFDBE, 0xFDBE, 0x1DB7, 0x1DB7, 0xFDBE, 0xFEBE, 
    0xDDBE, 0x5EBF, 0x2F84, 0x8672, 0x8EAC, 0x6EAC, 0x6EAC, 0x6EB4, 0x6EAC, 0x6EAC, 0x6EAC, 0x6EAC, 
    0x6EAC, 0x6EAC, 0x6EAC, 0x6EAC, 0x6EAC, 0x6EAC, 0x6EAC, 0x6EB4, 0x6EAC, 0x6EAC, 0x6DAC, 0x8FAC, 
    0x6EAC, 0xA772, 0x2F84, 0x3EC7, 0xFDB6, 0xFDBE, 0xFDBE, 0xFDBE, 0xFDBE, 0xFDBE, 0xFDB6, 0x1EBF, 
    0x8C7B, 0x087B, 0x8FAC, 0x6DB4, 0x6FAC, 0x6EAC, 0x6EB4, 0x6EAC, 0x6EAC, 0x6EAC, 0x6EAC, 0x6EAC, 
    0x6EAC, 0x6EAC, 0x6EAC, 0x6EAC, 0x6EAC, 0x6EAC, 0x6EAC, 0x6EAC, 0x6EAC, 0x6EAC, 0x6EAC, 0x6EAC, 
    0x6EAC, 0x6EAC, 0x6EAC, 0x6EAC, 0x6EAC, 0x6EAC, 0x6EAC, 0x6EB4, 0x6EAC, 0x6EAC, 0x8EAC, 0xB2CD, 
    0xF3D5, 0xD3D5, 0xF3D5, 0xD3D5, 0xD3D5, 0xD3D5, 0xD3D5, 0xD3D5, 0x14D6, 0x51C5, 0x465A, 0x95A5, 
    0x3EBF, 0xFDB6, 0xFCBE, 0x1DB7, 0xFDBE, 0xFDBE, 0xFDBE, 0x3EBF, 0x39B6, 0xA76A, 0xCB8B, 0x8EB4, 
    0x6EAC, 0x6EB4, 0x6EAC, 0x6EAC, 0x6EAC, 0x6EAC, 0x6EAC, 0x6EAC, 0x6EAC, 0x6EAC, 0x6EAC, 0x6EAC, 
    0x6EAC, 0x6EAC, 0x6EAC, 0x6EAC, 0x6EAC, 0x6EAC, 0xAFB4, 0x8A8B, 0xC862, 0x9AB6, 0x1EB7, 0xFDBE, 
    0xFDBE, 0xFDBE, 0xFDBE, 0xFDBE, 0xFDBE, 0xFDBE, 0xFDBE, 0xFDBE, 0xFDBE, 0xFDBE, 0xFDBE, 0xFDBE, 
    0xFDBE, 0xFDBE, 0xFDBE, 0xFDBE, 0xFDBE, 0xFDBE, 0xFDBE, 0xFDBE, 0xFDBE, 0xFDBE, 0xFDBE, 0xFDBE, 
    0xFDBE, 0xFDBE, 0xFDBE, 0xFDBE, 0xFDBE, 0xFDBE, 0xFDBE, 0xFDBE, 0xFDBE, 0xFDBE, 0xFDBE, 0xFDBE, 
    0xFDBE, 0xFDBE, 0xFDBE, 0xFDBE, 0xFDBE, 0xFDBE, 0xFDBE, 0xFDBE, 0xFDBE, 0xFDBE, 0xFDBE, 0xFDBE, 
    0xFDBE, 0xFDBE, 0xFDBE, 0xFDBE, 0xFDBE, 0xFDBE, 0xFDBE, 0xFDBE, 0xFDBE, 0xFDBE, 0xFDBE, 0xFDBE, 
    0xFDBE, 0xFDBE, 0xFDBE, 0xFDBE, 0xFDBE, 0xFDBE, 0xFDBE, 0xFDBE, 0xFDBE, 0xFDBE, 0xFDBE, 0xFDBE, 
    0xFDBE, 0xFDBE, 
    0xFDBE, 0xFDBE, 0xFDBE, 0xFDBE, 0xFDBE, 0xFDBE, 0xFDBE, 0xFDBE, 0xFDBE, 0xFDBE, 
    0xFDBE, 0xFDBE, 0xFDBE, 0xFDBE, 0xFDBE, 0xFDBE, 0xFDBE, 0xFDBE, 0xFDBE, 0xFDBE, 0xFDBE, 0xFDBE, 
    0xFDBE, 0xFDBE, 0xFDBE, 0xFDBE, 0xFDBE, 0xFDBE, 0xFDBE, 0xFDBE, 0xFDBE, 0xFDBE, 0xFDBE, 0xFDBE, 
    0xFDBE, 0xFDBE, 0xFDBE, 0xFDBE, 0xFDBE, 0xFDBE, 0xFDBE, 0xFDBE, 0xFDBE, 0xFDBE, 0xFDBE, 0xFDBE, 
    0xFDBE, 0xFDBE, 0xFDBE, 0xFDBE, 0xFDBE, 0xFDBE, 0xFDBE, 0xFDBE, 0xFDBE, 0xFDBE, 0xFDBE, 0xFDBE, 
    0xFDBE, 0xFDBE, 0xFDBE, 0xFDBE, 0xFDBE, 0xFDBE, 0xFDBE, 0xFDBE, 0xFDBE, 0xFDBE, 0xFDBE, 0xFDBE, 
    0xFDBE, 0xFDBE, 0xFDBE, 0xFDBE, 0xFDBE, 0xFDBE, 0xFDBE, 0xFDBE, 0xFDBE, 0xFDBE, 0x1DB7, 0x1DB7, 
    0xFDBE, 0xFEBE, 0xDDBE, 0x5EBF, 0x2F84, 0x8672, 0x8EAC, 0x6EAC, 0x6EAC, 0x6EB4, 0x6EAC, 0x6EAC, 
    0x6EAC, 0x6EAC, 0x6EAC, 0x6EAC, 0x6EAC, 0x6EAC, 0x6EAC, 0x6EAC, 0x6EAC, 0x6EB4, 0x6EAC, 0x6EAC, 
    0x6DAC, 0x8FAC, 0x6EAC, 0xA772, 0x2F84, 0x3EC7, 0xFDB6, 0xFDBE, 0xFDBE, 0xFDBE, 0xFDBE, 0xFDBE, 
    0xFDB6, 0x1EBF, 0x8C7B, 0x087B, 0x8FAC, 0x6DB4, 0x6FAC, 0x6EAC, 0x6EB4, 0x6EAC, 0x6EAC, 0x6EAC, 
    0x6EAC, 0x6EAC, 0x6EAC, 0x6EAC, 0x6EAC, 0x6EAC, 0x6EAC, 0x6EAC, 0x6EAC, 0x6EAC, 0x6EAC, 0x6EAC, 
    0x6EAC, 0x6EAC, 0x6EAC, 0x6EAC, 0x6EAC, 0x6EAC, 0x6EAC, 0x6EAC, 0x6EAC, 0x6EB4, 0x6EAC, 0x6EAC, 
    0x8EAC, 0xB2CD, 0xF3D5, 0xD3D5, 0xF3D5, 0xD3D5, 0xD3D5, 0xD3D5, 0xD3D5, 0xD3D5, 0x14D6, 0x51C5, 
    0x465A, 0x95A5, 0x3EBF, 0xFDB6, 0xFCBE, 0x1DB7, 0xFDBE, 0xFDBE, 0xFDBE, 0x3EBF, 0x59B6, 0xA76A, 
    0xAB8B, 0x8EB4, 0x6EAC, 0x6EB4, 0x6EAC, 0x6EAC, 0x6EAC, 0x6EAC, 0x6EAC, 0x6EAC, 0x6EAC, 0x6EAC, 
    0x6EAC, 0x6EAC, 0x6EAC, 0x6EAC, 0x6EAC, 0x6EAC, 0x6EAC, 0x6EAC, 0xAFB4, 0x8A8B, 0xC862, 0x9AB6, 
    0x1EB7, 0xFDBE, 0xFDBE, 0xFDBE, 0xFDBE, 0xFDBE, 0xFDBE, 0xFDBE, 0xFDBE, 0xFDBE, 0xFDBE, 0xFDBE, 
    0xFDBE, 0xFDBE, 0xFDBE, 0xFDBE, 0xFDBE, 0xFDBE, 0xFDBE, 0xFDBE, 0xFDBE, 0xFDBE, 0xFDBE, 0xFDBE, 
    0xFDBE, 0xFDBE, 0xFDBE, 0xFDBE, 0xFDBE, 0xFDBE, 0xFDBE, 0xFDBE, 0xFDBE, 0xFDBE, 0xFDBE, 0xFDBE, 
    0xFDBE, 0xFDBE, 0xFDBE, 0xFDBE, 0xFDBE, 0xFDBE, 0xFDBE, 0xFDBE, 0xFDBE, 0xFDBE, 0xFDBE, 0xFDBE, 
    0xFDBE, 0xFDBE, 0xFDBE, 0xFDBE, 0xFDBE, 0xFDBE, 0xFDBE, 0xFDBE, 0xFDBE, 0xFDBE, 0xFDBE, 0xFDBE, 
    0xFDBE, 0xFDBE, 0xFDBE, 0xFDBE, 0xFDBE, 0xFDBE, 0xFDBE, 0xFDBE, 0xFDBE, 0xFDBE, 0xFDBE, 0xFDBE, 
    0xFDBE, 0xFDBE, 0xFDBE, 0xFDBE, 
    0xFDBE, 0xFDBE, 0xFDBE, 0xFDBE, 0xFDBE, 0xFDBE, 0xFDBE, 0xFDBE, 
    0xFDBE, 0xFDBE, 0xFDBE, 0xFDBE, 0xFDBE, 0xFDBE, 0xFDBE, 0xFDBE, 0xFDBE, 0xFDBE, 0xFDBE, 0xFDBE, 
    0xFDBE, 0xFDBE, 0xFDBE, 0xFDBE, 0xFDBE, 0xFDBE, 0xFDBE, 0xFDBE, 0xFDBE, 0xFDBE, 0xFDBE, 0xFDBE, 
    0xFDBE, 0xFDBE, 0xFDBE, 0xFDBE, 0xFDBE, 0xFDBE, 0xFDBE, 0xFDBE, 0xFDBE, 0xFDBE, 0xFDBE, 0xFDBE, 
    0xFDBE, 0xFDBE, 0xFDBE, 0xFDBE, 0xFDBE, 0xFDBE, 0xFDBE, 0xFDBE, 0xFDBE, 0xFDBE, 0xFDBE, 0xFDBE, 
    0xFDBE, 0xFDBE, 0xFDBE, 0xFDBE, 0xFDBE, 0xFDBE, 0xFDBE, 0xFDBE, 0xFDBE, 0xFDBE, 0xFDBE, 0xFDBE, 
    0xFDBE, 0xFDBE, 0xFDBE, 0xFDBE, 0xFDBE, 0xFDBE, 0xFDBE, 0xFDBE, 0xFDBE, 0xFDBE, 0xFDBE, 0xFDBE, 
    0x1DB7, 0x1DB7, 0xFDBE, 0xFEBE, 0xDDBE, 0x5EBF, 0x2F84, 0x8672, 0x8EAC, 0x6EAC, 0x6EAC, 0x6EB4, 
    0x6EAC, 0x6EAC, 0x6EAC, 0x6EAC, 0x6EAC, 0x6EAC, 0x6EAC, 0x6EAC, 0x6EAC, 0x6EAC, 0x6EAC, 0x6EB4, 
    0x6EAC, 0x6EAC, 0x6DAC, 0x8FAC, 0x6EAC, 0xA772, 0x2F84, 0x3EC7, 0xFDB6, 0xFDBE, 0xFDBE, 0xFDBE, 
    0xFDBE, 0xFDBE, 0xFDB6, 0x1EBF, 0x8C7B, 0x087B, 0x8FAC, 0x6DB4, 0x6FAC, 0x6EAC, 0x6EB4, 0x6EAC, 
    0x6EAC, 0x6EAC, 0x6EAC, 0x6EAC, 0x6EAC, 0x6EAC, 0x6EAC, 0x6EAC, 0x6EAC, 0x6EAC, 0x6EAC, 0x6EAC, 
    0x6EAC, 0x6EAC, 0x6EAC, 0x6EAC, 0x6EAC, 0x6EAC, 0x6EAC, 0x6EAC, 0x6EAC, 0x6EAC, 0x6EAC, 0x6EB4, 
    0x6EAC, 0x6EAC, 0x8EAC, 0x92CD, 0xF3D5, 0xD3D5, 0xF3D5, 0xD3D5, 0xD3D5, 0xD3D5, 0xD3D5, 0xD3D5, 
    0x14D6, 0x51C5, 0x465A, 0x95A5, 0x3FBF, 0xFDB6, 0xFCBE, 0x1DB7, 0xFDBE, 0xFDBE, 0xFDBE, 0x3EBF, 
    0x59B6, 0xC76A, 0xAB8B, 0x8EB4, 0x6EAC, 0x6EB4, 0x6EAC, 0x6EAC, 0x6EAC, 0x6EAC, 0x6EAC, 0x6EAC, 
    0x6EAC, 0x6EAC, 0x6EAC, 0x6EAC, 0x6EAC, 0x6EAC, 0x6EAC, 0x6EAC, 0x6EAC, 0x6EAC, 0xAFB4, 0x8A8B, 
    0xC862, 0x9AB6, 0x1EB7, 0xFDBE, 0xFDBE, 0xFDBE, 0xFDBE, 0xFDBE, 0xFDBE, 0xFDBE, 0xFDBE, 0xFDBE, 
    0xFDBE, 0xFDBE, 0xFDBE, 0xFDBE, 0xFDBE, 0xFDBE, 0xFDBE, 0xFDBE, 0xFDBE, 0xFDBE, 0xFDBE, 0xFDBE, 
    0xFDBE, 0xFDBE, 0xFDBE, 0xFDBE, 0xFDBE, 0xFDBE, 0xFDBE, 0xFDBE, 0xFDBE, 0xFDBE, 0xFDBE, 0xFDBE, 
    0xFDBE, 0xFDBE, 0xFDBE, 0xFDBE, 0xFDBE, 0xFDBE, 0xFDBE, 0xFDBE, 0xFDBE, 0xFDBE, 0xFDBE, 0xFDBE, 
    0xFDBE, 0xFDBE, 0xFDBE, 0xFDBE, 0xFDBE, 0xFDBE, 0xFDBE, 0xFDBE, 0xFDBE, 0xFDBE, 0xFDBE, 0xFDBE, 
    0xFDBE, 0xFDBE, 0xFDBE, 0xFDBE, 0xFDBE, 0xFDBE, 0xFDBE, 0xFDBE, 0xFDBE, 0xFDBE, 0xFDBE, 0xFDBE, 
    0xFDBE, 0xFDBE, 0xFDBE, 0xFDBE, 0xFDBE, 0xFDBE, 
    0xFDBE, 0xFDBE, 0xFDBE, 0xFDBE, 0xFDBE, 0xFDBE, 
    0xFDBE, 0xFDBE, 0xFDBE, 0xFDBE, 0xFDBE, 0xFDBE, 0xFDBE, 0xFDBE, 0xFDBE, 0xFDBE, 0xFDBE, 0xFDBE, 
    0xFDBE, 0xFDBE, 0xFDBE, 0xFDBE, 0xFDBE, 0xFDBE, 0xFDBE, 0xFDBE, 0xFDBE, 0xFDBE, 0xFDBE, 0xFDBE, 
    0xFDBE, 0xFDBE, 0xFDBE, 0xFDBE, 0xFDBE, 0xFDBE, 0xFDBE, 0xFDBE, 0xFDBE, 0xFDBE, 0xFDBE, 0xFDBE, 
    0xFDBE, 0xFDBE, 0xFDBE, 0xFDBE, 0xFDBE, 0xFDBE, 0xFDBE, 0xFDBE, 0xFDBE, 0xFDBE, 0xFDBE, 0xFDBE, 
    0xFDBE, 0xFDBE, 0xFDBE, 0xFDBE, 0xFDBE, 0xFDBE, 0xFDBE, 0xFDBE, 0xFDBE, 0xFDBE, 0xFDBE, 0xFDBE, 
    0xFDBE, 0xFDBE, 0xFDBE, 0xFDBE, 0xFDBE, 0xFDBE, 0xFDBE, 0xFDBE, 0xFDBE, 0xFDBE, 0xFDBE, 0xFDBE, 
    0xFDBE, 0xFDBE, 0x1DB7, 0x1CB7, 0xFDBE, 0xFEBE, 0xDDBE, 0x5FBF, 0x2F84, 0x8672, 0x8EAC, 0x6EAC, 
    0x6EAC, 0x6EAC, 0x6EAC, 0x6EAC, 0x6EAC, 0x6EAC, 0x6EAC, 0x6EAC, 0x6EAC, 0x6EAC, 0x6EAC, 0x6EAC, 
    0x6EAC, 0x6EB4, 0x6EAC, 0x6EAC, 0x6EAC, 0x8EAC, 0x6EAC, 0xA772, 0x2F84, 0x3EC7, 0xFDB6, 0xFDBE, 
    0xFDBE, 0xFDBE, 0xFDBE, 0xFDBE, 0x1DB7, 0x1EBF, 0x8C7B, 0x087B, 0x8EB4, 0x6DB4, 0x6EAC, 0x6EAC, 
    0x6EAC, 0x6EAC, 0x6EAC, 0x6EAC, 0x6EAC, 0x6EAC, 0x6EAC, 0x6EAC, 0x6EAC, 0x6EAC, 0x6EAC, 0x6EAC, 
    0x6EAC, 0x6EAC, 0x6EAC, 0x6EAC, 0x6EAC, 0x6EAC, 0x6EAC, 0x6EAC, 0x6EAC, 0x6EAC, 0x6EAC, 0x6EAC, 
    0x6EAC, 0x6EB4, 0x6EB4, 0x6EAC, 0x8EAC, 0x92CD, 0xF3D5, 0xD3D5, 0xF3D5, 0xD3D5, 0xD3D5, 0xD3D5, 
    0xD3D5, 0xD3D5, 0x14D6, 0x51C5, 0x465A, 0x95A5, 0x3EC7, 0xFDB6, 0xFCBE, 0x1DB7, 0xFDBE, 0xFDBE, 
    0xFDBE, 0x3FBF, 0x59B6, 0xC76A, 0xAB8B, 0x8EB4, 0x6EAC, 0x6EAC, 0x6EAC, 0x6EAC, 0x6EAC, 0x6EAC, 
    0x6EAC, 0x6EAC, 0x6EAC, 0x6EAC, 0x6EAC, 0x6EAC, 0x6EAC, 0x6EAC, 0x6EAC, 0x6EAC, 0x6EAC, 0x6EAC, 
    0xAFB4, 0x8A8B, 0xC862, 0x9AB6, 0x1EB7, 0xFDBE, 0xFDBE, 0xFDBE, 0xFDBE, 0xFDBE, 0xFDBE, 0xFDBE, 
    0xFDBE, 0xFDBE, 0xFDBE, 0xFDBE, 0xFDBE, 0xFDBE, 0xFDBE, 0xFDBE, 0xFDBE, 0xFDBE, 0xFDBE, 0xFDBE, 
    0xFDBE, 0xFDBE, 0xFDBE, 0xFDBE, 0xFDBE, 0xFDBE, 0xFDBE, 0xFDBE, 0xFDBE, 0xFDBE, 0xFDBE, 0xFDBE, 
    0xFDBE, 0xFDBE, 0xFDBE, 0xFDBE, 0xFDBE, 0xFDBE, 0xFDBE, 0xFDBE, 0xFDBE, 0xFDBE, 0xFDBE, 0xFDBE, 
    0xFDBE, 0xFDBE, 0xFDBE, 0xFDBE, 0xFDBE, 0xFDBE, 0xFDBE, 0xFDBE, 0xFDBE, 0xFDBE, 0xFDBE, 0xFDBE, 
    0xFDBE, 0xFDBE, 0xFDBE, 0xFDBE, 0xFDBE, 0xFDBE, 0xFDBE, 0xFDBE, 0xFDBE, 0xFDBE, 0xFDBE, 0xFDBE, 
    0xFDBE, 0xFDBE, 0xFDBE, 0xFDBE, 0xFDBE, 0xFDBE, 0xFDBE, 0xFDBE, 
    0xFDBE, 0xFDBE, 0xFDBE, 0xFDBE, 
    0xFDBE, 0xFDBE, 0xFDBE, 0xFDBE, 0xFDBE, 0xFDBE, 0xFDBE, 0xFDBE, 0xFDBE, 0xFDBE, 0xFDBE, 0xFDBE, 
    0xFDBE, 0xFDBE, 0xFDBE, 0xFDBE, 0xFDBE, 0xFDBE, 0xFDBE, 0xFDBE, 0xFDBE, 0xFDBE, 0xFDBE, 0xFDBE, 
    0xFDBE, 0xFDBE, 0xFDBE, 0xFDBE, 0xFDBE, 0xFDBE, 0xFDBE, 0xFDBE, 0xFDBE, 0xFDBE, 0xFDBE, 0xFDBE, 
    0xFDBE, 0xFDBE, 0xFDBE, 0xFDBE, 0xFDBE, 0xFDBE, 0xFDBE, 0xFDBE, 0xFDBE, 0xFDBE, 0xFDBE, 0xFDBE, 
    0xFDBE, 0xFDBE, 0xFDBE, 0xFDBE, 0xFDBE, 0xFDBE, 0xFDBE, 0xFDBE, 0xFDBE, 0xFDBE, 0xFDBE, 0xFDBE, 
    0xFDBE, 0xFDBE, 0xFDBE, 0xFDBE, 0xFDBE, 0xFDBE, 0xFDBE, 0xFDBE, 0xFDBE, 0xFDBE, 0xFDBE, 0xFDBE, 
    0xFDBE, 0xFDBE, 0xFDBE, 0xFDBE, 0xFEB6, 0x1CB7, 0xFCBE, 0xFDBE, 0xFDB6, 0x5FBF, 0x2F84, 0x8672, 
    0x8FAC, 0x6EAC, 0x6EB4, 0x6EAC, 0x6EAC, 0x6EB4, 0x6EB4, 0x6DB4, 0x6EAC, 0x8EAC, 0x6EAC, 0x8EAC, 
    0x6EB4, 0x6EAC, 0x6FAC, 0x6EB4, 0x6EAC, 0x6EAC, 0x6EAC, 0x6EB4, 0x6EB4, 0xC86A, 0x2F84, 0x1DC7, 
    0xFDB6, 0xFDBE, 0xFDB6, 0xFDBE, 0xFDBE, 0xFDBE, 0xFDB6, 0x1DBF, 0xAE73, 0xE97A, 0x8EB4, 0x8DAC, 
    0x6EB4, 0x6EB4, 0x8EAC, 0x8EAC, 0x6EAC, 0x6EB4, 0x6EB4, 0x6EAC, 0x6EAC, 0x6EAC, 0x6EAC, 0x8EAC, 
    0x8EAC, 0x8EAC, 0x8EAC, 0x6EAC, 0x6EAC, 0x6EAC, 0x6EAC, 0x6EAC, 0x6EAC, 0x6EAC, 0x6EAC, 0x6EAC, 
    0x6EAC, 0x6EAC, 0x6EAC, 0x4EB4, 0x6DB4, 0x4DB4, 0x6EB4, 0x92CD, 0xD3D5, 0xD3D5, 0xD3D5, 0xD3D5, 
    0xD3D5, 0xD3D5, 0xD3D5, 0xD3D5, 0x14D6, 0x51C5, 0x665A, 0x95A5, 0x1DC7, 0xDDB6, 0xFDB6, 0xFDBE, 
    0xFCBE, 0xFDBE, 0xFEB6, 0x1EB7, 0x59B6, 0xE962, 0x8B8B, 0x8EBC, 0x6DB4, 0x8EAC, 0x8EAC, 0x6EAC, 
    0x6EAC, 0x6EAC, 0x6EAC, 0x8FAC, 0x8EAC, 0x6DAC, 0x6DAC, 0x6EAC, 0x6EAC, 0x6EAC, 0x8EAC, 0x6EAC, 
    0x6EAC, 0x6EAC, 0xAEAC, 0x8A8B, 0xA962, 0x9ABE, 0x3DBF, 0xFDBE, 0xFDBE, 0xFDBE, 0xFDBE, 0xFDBE, 
    0xFDBE, 0xFDBE, 0xFDBE, 0xFDBE, 0xFDBE, 0xFDBE, 0xFDBE, 0xFDBE, 0xFDBE, 0xFDBE, 0xFDBE, 0xFDBE, 
    0xFDBE, 0xFDBE, 0xFDBE, 0xFDBE, 0xFDBE, 0xFDBE, 0xFDBE, 0xFDBE, 0xFDBE, 0xFDBE, 0xFDBE, 0xFDBE, 
    0xFDBE, 0xFDBE, 0xFDBE, 0xFDBE, 0xFDBE, 0xFDBE, 0xFDBE, 0xFDBE, 0xFDBE, 0xFDBE, 0xFDBE, 0xFDBE, 
    0xFDBE, 0xFDBE, 0xFDBE, 0xFDBE, 0xFDBE, 0xFDBE, 0xFDBE, 0xFDBE, 0xFDBE, 0xFDBE, 0xFDBE, 0xFDBE, 
    0xFDBE, 0xFDBE, 0xFDBE, 0xFDBE, 0xFDBE, 0xFDBE, 0xFDBE, 0xFDBE, 0xFDBE, 0xFDBE, 0xFDBE, 0xFDBE, 
    0xFDBE, 0xFDBE, 0xFDBE, 0xFDBE, 0xFDBE, 0xFDBE, 0xFDBE, 0xFDBE, 0xFDBE, 0xFDBE, 
    0xFDBE, 0xFDBE, 
    0xFDBE, 0xFDBE, 0xFDBE, 0xFDBE, 0xFDBE, 0xFDBE, 0xFDBE, 0xFDBE, 0xFDBE, 0xFDBE, 0xFDBE, 0xFDBE, 
    0xFDBE, 0xFDBE, 0xFDBE, 0xFDBE, 0xFDBE, 0xFDBE, 0xFDBE, 0xFDBE, 0xFDBE, 0xFDBE, 0xFDBE, 0xFDBE, 
    0xFDBE, 0xFDBE, 0xFDBE, 0xFDBE, 0xFDBE, 0xFDBE, 0xFDBE, 0xFDBE, 0xFDBE, 0xFDBE, 0xFDBE, 0xFDBE, 
    0xFDBE, 0xFDBE, 0xFDBE, 0xFDBE, 0xFDBE, 0xFDBE, 0xFDBE, 0xFDBE, 0xFDBE, 0xFDBE, 0xFDBE, 0xFDBE, 
    0xFDBE, 0xFDBE, 0xFDBE, 0xFDBE, 0xFDBE, 0xFDBE, 0xFDBE, 0xFDBE, 0xFDBE, 0xFDBE, 0xFDBE, 0xFDBE, 
    0xFDBE, 0xFDBE, 0xFDBE, 0xFDBE, 0xFDBE, 0xFDBE, 0xFDBE, 0xFDBE, 0xFDBE, 0xFDBE, 0xFDBE, 0xFDBE, 
    0xFDBE, 0xFDBE, 0xFDBE, 0xFDBE, 0xFDBE, 0xFDBE, 0xFEB6, 0x1CB7, 0xFDBE, 0xFEBE, 0xFDB6, 0x5FBF, 
    0x2F8C, 0x8672, 0x8EAC, 0x6EAC, 0x6EAC, 0x6EAC, 0x6EAC, 0x6EAC, 0x6EAC, 0x6EAC, 0x6EAC, 0x6EAC, 
    0x6EAC, 0x6EAC, 0x6EB4, 0x6EB4, 0x6EB4, 0x6EB4, 0x6EAC, 0x6EAC, 0x6EAC, 0x6EB4, 0x6DAC, 0xC86A, 
    0x2F8C, 0x7FCF, 0x3EBF, 0x3EC7, 0x3EC7, 0x3FC7, 0x3FC7, 0x3EC7, 0x3EBF, 0x5DCF, 0xAD7B, 0xE87A, 
    0x8EB4, 0x6EAC, 0x6EB4, 0x6EB4, 0x8EAC, 0x8EAC, 0x6EAC, 0x6EB4, 0x6EAC, 0x8EAC, 0x8FB4, 0xAEB4, 
    0x8EB4, 0x8EB4, 0x8EBC, 0x8EB4, 0x8EB4, 0x8EB4, 0x8EB4, 0x8EB4, 0x8EB4, 0x8EB4, 0x8EB4, 0x8EB4, 
    0x8EB4, 0x8EB4, 0x8EB4, 0x8EB4, 0x8EB4, 0xB0AC, 0xAFAC, 0x8FAC, 0xAFAC, 0xB3CD, 0xF3D5, 0xD2D5, 
    0xD2D5, 0xD3D5, 0xD3D5, 0xD3D5, 0xD3CD, 0xD3CD, 0xF4D5, 0x51C5, 0x465A, 0xD7A5, 0x7FCF, 0x3FBF, 
    0x5FBF, 0x3EC7, 0x3EC7, 0x3FC7, 0x3EBF, 0x5ECF, 0x99C6, 0x096B, 0x8A8B, 0x8EB4, 0x6EB4, 0x8EAC, 
    0x8EAC, 0x6EAC, 0x6EAC, 0x6EAC, 0x6EAC, 0x6EAC, 0x8EAC, 0x8EB4, 0x8EB4, 0x8EB4, 0x8EB4, 0x8EB4, 
    0x8EB4, 0x8EB4, 0x8EB4, 0x6EB4, 0xAEB4, 0x8A93, 0xA96A, 0x9ABE, 0x3DBF, 0xFDBE, 0xFDBE, 0xFDBE, 
    0xFDBE, 0xFDBE, 0xFDBE, 0xFDBE, 0xFDBE, 0xFDBE, 0xFDBE, 0xFDBE, 0xFDBE, 0xFDBE, 0xFDBE, 0xFDBE, 
    0xFDBE, 0xFDBE, 0xFDBE, 0xFDBE, 0xFDBE, 0xFDBE, 0xFDBE, 0xFDBE, 0xFDBE, 0xFDBE, 0xFDBE, 0xFDBE, 
    0xFDBE, 0xFDBE, 0xFDBE, 0xFDBE, 0xFDBE, 0xFDBE, 0xFDBE, 0xFDBE, 0xFDBE, 0xFDBE, 0xFDBE, 0xFDBE, 
    0xFDBE, 0xFDBE, 0xFDBE, 0xFDBE, 0xFDBE, 0xFDBE, 0xFDBE, 0xFDBE, 0xFDBE, 0xFDBE, 0xFDBE, 0xFDBE, 
    0xFDBE, 0xFDBE, 0xFDBE, 0xFDBE, 0xFDBE, 0xFDBE, 0xFDBE, 0xFDBE, 0xFDBE, 0xFDBE, 0xFDBE, 0xFDBE, 
    0xFDBE, 0xFDBE, 0xFDBE, 0xFDBE, 0xFDBE, 0xFDBE, 0xFDBE, 0xFDBE, 0xFDBE, 0xFDBE, 0xFDBE, 0xFDBE, 
    
    0xFDBE, 0xFDBE, 0xFDBE, 0xFDBE, 0xFDBE, 0xFDBE, 0xFDBE, 0xFDBE, 0xFDBE, 0xFDBE, 0xFDBE, 0xFDBE, 
    0xFDBE, 0xFDBE, 0xFDBE, 0xFDBE, 0xFDBE, 0xFDBE, 0xFDBE, 0xFDBE, 0xFDBE, 0xFDBE, 0xFDBE, 0xFDBE, 
    0xFDBE, 0xFDBE, 0xFDBE, 0xFDBE, 0xFDBE, 0xFDBE, 0xFDBE, 0xFDBE, 0xFDBE, 0xFDBE, 0xFDBE, 0xFDBE, 
    0xFDBE, 0xFDBE, 0xFDBE, 0xFDBE, 0xFDBE, 0xFDBE, 0xFDBE, 0xFDBE, 0xFDBE, 0xFDBE, 0xFDBE, 0xFDBE, 
    0xFDBE, 0xFDBE, 0xFDBE, 0xFDBE, 0xFDBE, 0xFDBE, 0xFDBE, 0xFDBE, 0xFDBE, 0xFDBE, 0xFDBE, 0xFDBE, 
    0xFDBE, 0xFDBE, 0xFDBE, 0xFDBE, 0xFDBE, 0xFDBE, 0xFDBE, 0xFDBE, 0xFDBE, 0xFDBE, 0xFDBE, 0xFDBE, 
    0xFDBE, 0xFDBE, 0xFDBE, 0xFDBE, 0xFDBE, 0xFDBE, 0xFDBE, 0xFDBE, 0xFDB6, 0x1DBF, 0x1DB7, 0xFEB6, 
    0xFCB6, 0x5EC7, 0x2F8C, 0x8672, 0xAFB4, 0x8FB4, 0x8FB4, 0x8FB4, 0x8EB4, 0x8FB4, 0x8FB4, 0x8FB4, 
    0x8FB4, 0x8FB4, 0x6FAC, 0x6EAC, 0x6EB4, 0x6EB4, 0x6EB4, 0x6EB4, 0x8EAC, 0x8FAC, 0x6EAC, 0x8EB4, 
    0x6DAC, 0xC86A, 0x6B7B, 0x139D, 0xF294, 0xF294, 0xD294, 0xD294, 0xD294, 0xB28C, 0xB18C, 0xB194, 
    0x096B, 0x0983, 0x8EB4, 0x6EAC, 0x6EAC, 0x6EAC, 0x8EAC, 0x6EAC, 0x6EAC, 0x6EAC, 0x8EB4, 0x2DA4, 
    0x6A8B, 0x8A8B, 0x8A8B, 0x8B8B, 0x8B8B, 0x8B8B, 0x8B8B, 0x8B8B, 0x8B8B, 0xAC8B, 0xAC93, 0xAC8B, 
    0xAC93, 0xCC93, 0xCC93, 0xCC93, 0xCC93, 0xEC93, 0xEC93, 0xEC93, 0xEC93, 0x0C9C, 0x0C9C, 0x92CD, 
    0xF3D5, 0xF3D5, 0xF3D5, 0xF3D5, 0xF3D5, 0xF3D5, 0xF3D5, 0xF3D5, 0x14DE, 0x71C5, 0x6662, 0x4F8C, 
    0x33A5, 0x1395, 0xF394, 0xF294, 0xD294, 0xD294, 0xD28C, 0xD294, 0x6F94, 0xC862, 0x8B8B, 0x8FB4, 
    0x6EAC, 0x6EAC, 0x8EAC, 0x6EAC, 0x6EAC, 0x6EAC, 0x6EAC, 0x6EAC, 0x6EAC, 0x2DA4, 0x2DA4, 0x2DA4, 
    0x2DA4, 0x2DA4, 0x2DA4, 0x2DA4, 0x2DA4, 0x2DA4, 0x4DAC, 0x698B, 0xA96A, 0x9ABE, 0x1DBF, 0xFDBE, 
    0xFDBE, 0x1DBF, 0xFDBE, 0xFDBE, 0xFDBE, 0xFDBE, 0xFDBE, 0xFDBE, 0xFDBE, 0xFDBE, 0xFDBE, 0xFDBE, 
    0xFDBE, 0xFDBE, 0xFDBE, 0xFDBE, 0xFDBE, 0xFDBE, 0xFDBE, 0xFDBE, 0xFDBE, 0xFDBE, 0xFDBE, 0xFDBE, 
    0xFDBE, 0xFDBE, 0xFDBE, 0xFDBE, 0xFDBE, 0xFDBE, 0xFDBE, 0xFDBE, 0xFDBE, 0xFDBE, 0xFDBE, 0xFDBE, 
    0xFDBE, 0xFDBE, 0xFDBE, 0xFDBE, 0xFDBE, 0xFDBE, 0xFDBE, 0xFDBE, 0xFDBE, 0xFDBE, 0xFDBE, 0xFDBE, 
    0xFDBE, 0xFDBE, 0xFDBE, 0xFDBE, 0xFDBE, 0xFDBE, 0xFDBE, 0xFDBE, 0xFDBE, 0xFDBE, 0xFDBE, 0xFDBE, 
    0xFDBE, 0xFDBE, 0xFDBE, 0xFDBE, 0xFDBE, 0xFDBE, 0xFDBE, 0xFDBE, 0xFDBE, 0xFDBE, 0xFDBE, 0xFDBE, 
    0xFDBE, 0xFDBE, 
    0xFDBE, 0xFDBE, 0xFDBE, 0xFDBE, 0xFDBE, 0xFDBE, 0xFDBE, 0xFDBE, 0xFDBE, 0xFDBE, 
    0xFDBE, 0xFDBE, 0xFDBE, 0xFDBE, 0xFDBE, 0xFDBE, 0xFDBE, 0xFDBE, 0xFDBE, 0xFDBE, 0xFDBE, 0xFDBE, 
    0xFDBE, 0xFDBE, 0xFDBE, 0xFDBE, 0xFDBE, 0xFDBE, 0xFDBE, 0xFDBE, 0xFDBE, 0xFDBE, 0xFDBE, 0xFDBE, 
    0xFDBE, 0xFDBE, 0xFDBE, 0xFDBE, 0xFDBE, 0xFDBE, 0xFDBE, 0xFDBE, 0xFDBE, 0xFDBE, 0xFDBE, 0xFDBE, 
    0xFDBE, 0xFDBE, 0xFDBE, 0xFDBE, 0xFDBE, 0xFDBE, 0xFDBE, 0xFDBE, 0xFDBE, 0xFDBE, 0xFDBE, 0xFDBE, 
    0xFDBE, 0xFDBE, 0xFDBE, 0xFDBE, 0xFDBE, 0xFDBE, 0xFDBE, 0xFDBE, 0xFDBE, 0xFDBE, 0xFDBE, 0xFDBE, 
    0xFDBE, 0xFDBE, 0xFDBE, 0xFDBE, 0xFDBE, 0xFDBE, 0xFDBE, 0xFDBE, 0xFDBE, 0xFDBE, 0xFDBE, 0x1DBF, 
    0x1DB7, 0x1EB7, 0xDCBE, 0x3EC7, 0x2F8C, 0x8672, 0x0C9C, 0xEC9B, 0xCB93, 0xCB93, 0xCB93, 0xAB93, 
    0x8B93, 0x8B93, 0x8A93, 0x2983, 0x6A8B, 0x6EAC, 0x6EAC, 0x6DAC, 0x6DAC, 0x6DAC, 0x4EAC, 0x6EAC, 
    0x6EAC, 0x6DAC, 0x2DA4, 0xA772, 0x8762, 0x4662, 0x4662, 0x4662, 0x4562, 0x4662, 0x4662, 0x4662, 
    0x4662, 0x665A, 0x6662, 0x0883, 0x8EAC, 0x6EAC, 0x6EAC, 0x6EAC, 0x6EAC, 0x6EB4, 0x6EAC, 0x6EAC, 
    0x8FB4, 0xCB93, 0x4662, 0x6662, 0x665A, 0x4662, 0x4662, 0x4662, 0x4662, 0x4662, 0x4662, 0x6662, 
    0x6662, 0x6662, 0x6662, 0x6662, 0x6662, 0x6662, 0x6662, 0x6662, 0x666A, 0x6472, 0x656A, 0x656A, 
    0x856A, 0x4883, 0xAEB4, 0x30BD, 0x10BD, 0x10BD, 0x10BD, 0x10BD, 0x10BD, 0x10BD, 0x30BD, 0xAFB4, 
    0xA772, 0x456A, 0x4662, 0x6662, 0x6662, 0x4562, 0x4562, 0x456A, 0x4662, 0x475A, 0x6662, 0x6662, 
    0x8A8B, 0x8FB4, 0x6EAC, 0x6EAC, 0x6EAC, 0x6EAC, 0x6EAC, 0x6EAC, 0x6EB4, 0x8EB4, 0xCB9B, 0xA76A, 
    0xA76A, 0xA76A, 0xA76A, 0xA76A, 0xA76A, 0x876A, 0x876A, 0x876A, 0xA66A, 0x866A, 0xCA6A, 0x9AB6, 
    0x3DBF, 0xFDBE, 0xFDBE, 0x1DB7, 0xFDBE, 0xFDBE, 0xFDBE, 0xFDBE, 0xFDBE, 0xFDBE, 0xFDBE, 0xFDBE, 
    0xFDBE, 0xFDBE, 0xFDBE, 0xFDBE, 0xFDBE, 0xFDBE, 0xFDBE, 0xFDBE, 0xFDBE, 0xFDBE, 0xFDBE, 0xFDBE, 
    0xFDBE, 0xFDBE, 0xFDBE, 0xFDBE, 0xFDBE, 0xFDBE, 0xFDBE, 0xFDBE, 0xFDBE, 0xFDBE, 0xFDBE, 0xFDBE, 
    0xFDBE, 0xFDBE, 0xFDBE, 0xFDBE, 0xFDBE, 0xFDBE, 0xFDBE, 0xFDBE, 0xFDBE, 0xFDBE, 0xFDBE, 0xFDBE, 
    0xFDBE, 0xFDBE, 0xFDBE, 0xFDBE, 0xFDBE, 0xFDBE, 0xFDBE, 0xFDBE, 0xFDBE, 0xFDBE, 0xFDBE, 0xFDBE, 
    0xFDBE, 0xFDBE, 0xFDBE, 0xFDBE, 0xFDBE, 0xFDBE, 0xFDBE, 0xFDBE, 0xFDBE, 0xFDBE, 0xFDBE, 0xFDBE, 
    0xFDBE, 0xFDBE, 0xFDBE, 0xFDBE, 
    0xFDBE, 0xFDBE, 0xFDBE, 0xFDBE, 0xFDBE, 0xFDBE, 0xFDBE, 0xFDBE, 
    0xFDBE, 0xFDBE, 0xFDBE, 0xFDBE, 0xFDBE, 0xFDBE, 0xFDBE, 0xFDBE, 0xFDBE, 0xFDBE, 0xFDBE, 0xFDBE, 
    0xFDBE, 0xFDBE, 0xFDBE, 0xFDBE, 0xFDBE, 0xFDBE, 0xFDBE, 0xFDBE, 0xFDBE, 0xFDBE, 0xFDBE, 0xFDBE, 
    0xFDBE, 0xFDBE, 0xFDBE, 0xFDBE, 0xFDBE, 0xFDBE, 0xFDBE, 0xFDBE, 0xFDBE, 0xFDBE, 0xFDBE, 0xFDBE, 
    0xFDBE, 0xFDBE, 0xFDBE, 0xFDBE, 0xFDBE, 0xFDBE, 0xFDBE, 0xFDBE, 0xFDBE, 0xFDBE, 0xFDBE, 0xFDBE, 
    0xFDBE, 0xFDBE, 0xFDBE, 0xFDBE, 0xFDBE, 0xFDBE, 0xFDBE, 0xFDBE, 0xFDBE, 0xFDBE, 0xFDBE, 0xFDBE, 
    0xFDBE, 0xFDBE, 0xFDBE, 0xFDBE, 0xFDBE, 0xFDBE, 0xFDBE, 0xFDBE, 0xFDBE, 0xFDBE, 0xFDBE, 0xFDBE, 
    0xFDBE, 0xFDBE, 0x1EB7, 0x1EB7, 0xFCBE, 0x3EC7, 0x5084, 0x4562, 0x666A, 0x656A, 0x656A, 0x656A, 
    0x656A, 0x456A, 0x656A, 0x6662, 0x6662, 0x4562, 0x0783, 0x51C5, 0x51C5, 0x51BD, 0x51C5, 0x51C5, 
    0x51C5, 0x51C5, 0x51C5, 0x51CD, 0x10BD, 0x4983, 0xE872, 0x097B, 0x0873, 0x0873, 0x0873, 0x0873, 
    0x0973, 0x0973, 0x297B, 0x087B, 0xE87A, 0x8A8B, 0x8EB4, 0x6EAC, 0x8EAC, 0x8EAC, 0x6EB4, 0x6EB4, 
    0x6EAC, 0x6EAC, 0x8FB4, 0xAB93, 0x866A, 0x8B7B, 0xAD73, 0x8B7B, 0x8B7B, 0x8B7B, 0x6B7B, 0x6B7B, 
    0x6A7B, 0x6A7B, 0x6A7B, 0x4A7B, 0x4A7B, 0x4A7B, 0x4A7B, 0x4A7B, 0x4A7B, 0x2A73, 0x2A73, 0x2A73, 
    0x2A73, 0x2A73, 0xE972, 0x866A, 0xEC9B, 0x8EAC, 0x6EA4, 0x6EAC, 0x6EAC, 0x6EAC, 0x6EAC, 0x6EAC, 
    0x4DAC, 0x6EAC, 0x8A8B, 0xE872, 0x0973, 0x0973, 0x2973, 0x0873, 0x087B, 0x097B, 0x087B, 0x087B, 
    0x087B, 0xE87A, 0xCB93, 0x8FAC, 0x6EAC, 0x6EAC, 0x6EAC, 0x6EAC, 0x6EAC, 0x6EAC, 0x6EB4, 0x8EB4, 
    0x698B, 0x8762, 0xC862, 0xC76A, 0xC86A, 0xC86A, 0xC86A, 0xC86A, 0xC86A, 0xC86A, 0xE86A, 0xC962, 
    0xEB62, 0x9AB6, 0x3DBF, 0xFDBE, 0xFDBE, 0x1DB7, 0xFDBE, 0xFDBE, 0xFDBE, 0xFDBE, 0xFDBE, 0xFDBE, 
    0xFDBE, 0xFDBE, 0xFDBE, 0xFDBE, 0xFDBE, 0xFDBE, 0xFDBE, 0xFDBE, 0xFDBE, 0xFDBE, 0xFDBE, 0xFDBE, 
    0xFDBE, 0xFDBE, 0xFDBE, 0xFDBE, 0xFDBE, 0xFDBE, 0xFDBE, 0xFDBE, 0xFDBE, 0xFDBE, 0xFDBE, 0xFDBE, 
    0xFDBE, 0xFDBE, 0xFDBE, 0xFDBE, 0xFDBE, 0xFDBE, 0xFDBE, 0xFDBE, 0xFDBE, 0xFDBE, 0xFDBE, 0xFDBE, 
    0xFDBE, 0xFDBE, 0xFDBE, 0xFDBE, 0xFDBE, 0xFDBE, 0xFDBE, 0xFDBE, 0xFDBE, 0xFDBE, 0xFDBE, 0xFDBE, 
    0xFDBE, 0xFDBE, 0xFDBE, 0xFDBE, 0xFDBE, 0xFDBE, 0xFDBE, 0xFDBE, 0xFDBE, 0xFDBE, 0xFDBE, 0xFDBE, 
    0xFDBE, 0xFDBE, 0xFDBE, 0xFDBE, 0xFDBE, 0xFDBE, 
    0xFDBE, 0xFDBE, 0xFDBE, 0xFDBE, 0xFDBE, 0xFDBE, 
    0xFDBE, 0xFDBE, 0xFDBE, 0xFDBE, 0xFDBE, 0xFDBE, 0xFDBE, 0xFDBE, 0xFDBE, 0xFDBE, 0xFDBE, 0xFDBE, 
    0xFDBE, 0xFDBE, 0xFDBE, 0xFDBE, 0xFDBE, 0xFDBE, 0xFDBE, 0xFDBE, 0xFDBE, 0xFDBE, 0xFDBE, 0xFDBE, 
    0xFDBE, 0xFDBE, 0xFDBE, 0xFDBE, 0xFDBE, 0xFDBE, 0xFDBE, 0xFDBE, 0xFDBE, 0xFDBE, 0xFDBE, 0xFDBE, 
    0xFDBE, 0xFDBE, 0xFDBE, 0xFDBE, 0xFDBE, 0xFDBE, 0xFDBE, 0xFDBE, 0xFDBE, 0xFDBE, 0xFDBE, 0xFDBE, 
    0xFDBE, 0xFDBE, 0xFDBE, 0xFDBE, 0xFDBE, 0xFDBE, 0xFDBE, 0xFDBE, 0xFDBE, 0xFDBE, 0xFDBE, 0xFDBE, 
    0xFDBE, 0xFDBE, 0xFDBE, 0xFDBE, 0xFDBE, 0xFDBE, 0xFDBE, 0xFDBE, 0xFDBE, 0xFDBE, 0xFDBE, 0xFDBE, 
    0xFDBE, 0x1DBF, 0xFDBE, 0xFDBE, 0x1DB7, 0x1DB7, 0xDCBE, 0x3FC7, 0x148D, 0x096B, 0x4A7B, 0x4A73, 
    0x4A7B, 0x6B7B, 0x6B7B, 0x8B7B, 0x8B7B, 0xAC73, 0xCD7B, 0xC772, 0x2883, 0x13DE, 0xF4D5, 0xF4D5, 
    0xF3D5, 0xF3D5, 0xF3D5, 0xF3D5, 0xF3D5, 0xF3D5, 0xF4DD, 0xCFB4, 0x6DAC, 0x6EAC, 0x6EAC, 0x6EAC, 
    0x6EAC, 0x6EAC, 0x6EAC, 0x6EB4, 0x6EB4, 0x6EB4, 0x8EAC, 0x8EAC, 0x6EB4, 0x6EB4, 0x6EAC, 0x8EAC, 
    0x6EB4, 0x6EB4, 0x6EAC, 0x6EAC, 0x8FB4, 0xAB93, 0x8762, 0x58C6, 0x1CCF, 0xFDBE, 0xFDBE, 0xFDBE, 
    0xFDBE, 0xFDB6, 0xFDB6, 0xFDB6, 0xFDB6, 0xDCB6, 0xDCB6, 0xDCB6, 0xDCB6, 0xBCB6, 0xBCB6, 0xBCB6, 
    0xBCB6, 0x9BB6, 0x9BB6, 0xBCBE, 0x349D, 0xA862, 0x0DA4, 0x8EB4, 0x6EAC, 0x6EB4, 0x6EB4, 0x6EB4, 
    0x6EB4, 0x8EB4, 0x6EB4, 0x6EB4, 0x6EAC, 0x6EAC, 0x6EAC, 0x6EAC, 0x6EAC, 0x6EAC, 0x6EAC, 0x6EAC, 
    0x6EAC, 0x6EB4, 0x6EAC, 0x8EAC, 0x6EAC, 0x6EAC, 0x6EAC, 0x6EB4, 0x6EB4, 0x6EB4, 0x6EAC, 0x6EAC, 
    0x6EB4, 0x8EB4, 0x297B, 0x2A6B, 0xF7B5, 0x39AE, 0x39AE, 0x39AE, 0x39AE, 0x39AE, 0x59AE, 0x5AAE, 
    0x59B6, 0x17B6, 0xF9B5, 0xFCB6, 0x1DB7, 0xFDBE, 0xFDBE, 0x1DB7, 0xFDB6, 0xFDBE, 0xFDBE, 0xFDBE, 
    0xFDBE, 0xFDBE, 0xFDBE, 0xFDBE, 0xFDBE, 0xFDBE, 0xFDBE, 0xFDBE, 0xFDBE, 0xFDBE, 0xFDBE, 0xFDBE, 
    0xFDBE, 0xFDBE, 0xFDBE, 0xFDBE, 0xFDBE, 0xFDBE, 0xFDBE, 0xFDBE, 0xFDBE, 0xFDBE, 0xFDBE, 0xFDBE, 
    0xFDBE, 0xFDBE, 0xFDBE, 0xFDBE, 0xFDBE, 0xFDBE, 0xFDBE, 0xFDBE, 0xFDBE, 0xFDBE, 0xFDBE, 0xFDBE, 
    0xFDBE, 0xFDBE, 0xFDBE, 0xFDBE, 0xFDBE, 0xFDBE, 0xFDBE, 0xFDBE, 0xFDBE, 0xFDBE, 0xFDBE, 0xFDBE, 
    0xFDBE, 0xFDBE, 0xFDBE, 0xFDBE, 0xFDBE, 0xFDBE, 0xFDBE, 0xFDBE, 0xFDBE, 0xFDBE, 0xFDBE, 0xFDBE, 
    0xFDBE, 0xFDBE, 0xFDBE, 0xFDBE, 0xFDBE, 0xFDBE, 0xFDBE, 0xFDBE, 
    0xFDBE, 0xFDBE, 0xFDBE, 0xFDBE, 
    0xFDBE, 0xFDBE, 0xFDBE, 0xFDBE, 0xFDBE, 0xFDBE, 0xFDBE, 0xFDBE, 0xFDBE, 0xFDBE, 0xFDBE, 0xFDBE, 
    0xFDBE, 0xFDBE, 0xFDBE, 0xFDBE, 0xFDBE, 0xFDBE, 0xFDBE, 0xFDBE, 0xFDBE, 0xFDBE, 0xFDBE, 0xFDBE, 
    0xFDBE, 0xFDBE, 0xFDBE, 0xFDBE, 0xFDBE, 0xFDBE, 0xFDBE, 0xFDBE, 0xFDBE, 0xFDBE, 0xFDBE, 0xFDBE, 
    0xFDBE, 0xFDBE, 0xFDBE, 0xFDBE, 0xFDBE, 0xFDBE, 0xFDBE, 0xFDBE, 0xFDBE, 0xFDBE, 0xFDBE, 0xFDBE, 
    0xFDBE, 0xFDBE, 0xFDBE, 0xFDBE, 0xFDBE, 0xFDBE, 0xFDBE, 0xFDBE, 0xFDBE, 0xFDBE, 0xFDBE, 0xFDBE, 
    0xFDBE, 0xFDBE, 0xFDBE, 0xFDBE, 0xFDBE, 0xFDBE, 0xFDBE, 0xFDBE, 0xFDBE, 0xFDBE, 0xFDBE, 0xFDBE, 
    0xFDBE, 0xFDBE, 0xFDBE, 0x1DB7, 0xFDBE, 0xDDC6, 0x1DB7, 0x1DB7, 0xFCC6, 0xFFB6, 0xDBBE, 0x9AB6, 
    0xBCB6, 0xBCB6, 0xDDB6, 0xDDB6, 0xDDB6, 0xFDB6, 0xFDB6, 0xFDBE, 0x3CD7, 0x0D84, 0x0873, 0xF3D5, 
    0xD3D5, 0xD3CD, 0xD3D5, 0xD3D5, 0xD3D5, 0xD3D5, 0xD3D5, 0xD3CD, 0xF3D5, 0xEFB4, 0x6DAC, 0x8EAC, 
    0x8EAC, 0x8EAC, 0x8EAC, 0x8EAC, 0x8EAC, 0x8EAC, 0x8EAC, 0x6EB4, 0x8EAC, 0x8EA4, 0x6EB4, 0x4EB4, 
    0x8EAC, 0x8EAC, 0x6EB4, 0x6EAC, 0x6EAC, 0x6EAC, 0x8EB4, 0xAB93, 0xA862, 0x59B6, 0x3EBF, 0xFDBE, 
    0xFDBE, 0xFDBE, 0xFDBE, 0xFDBE, 0xFDBE, 0xFDBE, 0x1DBF, 0xFDBE, 0x1DBF, 0x1DBF, 0x1DBF, 0x1DBF, 
    0x1DBF, 0x1DBF, 0x1DBF, 0x1EB7, 0x1EB7, 0x5EC7, 0x96A5, 0xA862, 0x0CA4, 0x8EB4, 0x6EAC, 0x6EAC, 
    0x6EAC, 0x6EAC, 0x6EAC, 0x6EAC, 0x6EAC, 0x6EAC, 0x6EAC, 0x8EAC, 0x8EAC, 0x8DB4, 0x8DB4, 0x8EAC, 
    0x8EAC, 0x6EAC, 0x6EAC, 0x6EAC, 0x6EAC, 0x6EAC, 0x6EAC, 0x6EAC, 0x6EB4, 0x6EB4, 0x6EB4, 0x6EB4, 
    0x6FAC, 0x6EAC, 0x6EB4, 0x8EB4, 0x4A7B, 0x6C6B, 0xDBC6, 0x3EBF, 0x1EBF, 0x1EBF, 0x3EBF, 0x3EBF, 
    0x1EBF, 0x1EBF, 0x3EBF, 0x1DC7, 0xFEC6, 0x1DB7, 0x1DB7, 0xDDC6, 0xFDBE, 0x1EB7, 0xFDB6, 0xFDBE, 
    0xFDBE, 0xFDBE, 0xFDBE, 0xFDBE, 0xFDBE, 0xFDBE, 0xFDBE, 0xFDBE, 0xFDBE, 0xFDBE, 0xFDBE, 0xFDBE, 
    0xFDBE, 0xFDBE, 0xFDBE, 0xFDBE, 0xFDBE, 0xFDBE, 0xFDBE, 0xFDBE, 0xFDBE, 0xFDBE, 0xFDBE, 0xFDBE, 
    0xFDBE, 0xFDBE, 0xFDBE, 0xFDBE, 0xFDBE, 0xFDBE, 0xFDBE, 0xFDBE, 0xFDBE, 0xFDBE, 0xFDBE, 0xFDBE, 
    0xFDBE, 0xFDBE, 0xFDBE, 0xFDBE, 0xFDBE, 0xFDBE, 0xFDBE, 0xFDBE, 0xFDBE, 0xFDBE, 0xFDBE, 0xFDBE, 
    0xFDBE, 0xFDBE, 0xFDBE, 0xFDBE, 0xFDBE, 0xFDBE, 0xFDBE, 0xFDBE, 0xFDBE, 0xFDBE, 0xFDBE, 0xFDBE, 
    0xFDBE, 0xFDBE, 0xFDBE, 0xFDBE, 0xFDBE, 0xFDBE, 0xFDBE, 0xFDBE, 0xFDBE, 0xFDBE, 
    0xFDBE, 0xFDBE, 
    0xFDBE, 0xFDBE, 0xFDBE, 0xFDBE, 0xFDBE, 0xFDBE, 0xFDBE, 0xFDBE, 0xFDBE, 0xFDBE, 0xFDBE, 0xFDBE, 
    0xFDBE, 0xFDBE, 0xFDBE, 0xFDBE, 0xFDBE, 0xFDBE, 0xFDBE, 0xFDBE, 0xFDBE, 0xFDBE, 0xFDBE, 0xFDBE, 
    0xFDBE, 0xFDBE, 0xFDBE, 0xFDBE, 0xFDBE, 0xFDBE, 0xFDBE, 0xFDBE, 0xFDBE, 0xFDBE, 0xFDBE, 0xFDBE, 
    0xFDBE, 0xFDBE, 0xFDBE, 0xFDBE, 0xFDBE, 0xFDBE, 0xFDBE, 0xFDBE, 0xFDBE, 0xFDBE, 0xFDBE, 0xFDBE, 
    0xFDBE, 0xFDBE, 0xFDBE, 0xFDBE, 0xFDBE, 0xFDBE, 0xFDBE, 0xFDBE, 0xFDBE, 0xFDBE, 0xFDBE, 0xFDBE, 
    0xFDBE, 0xFDBE, 0xFDBE, 0xFDBE, 0xFDBE, 0xFDBE, 0xFDBE, 0xFDBE, 0xFDBE, 0xFDBE, 0xFDBE, 0xFDBE, 
    0xFDBE, 0xFDBE, 0xFDBE, 0xFDBE, 0xFDBE, 0x1DB7, 0xFDB6, 0xFDBE, 0xFDBE, 0x1DB7, 0xFCBE, 0xFEB6, 
    0x1DBF, 0x1CC7, 0x1DBF, 0x1DBF, 0x1DBF, 0xFDBE, 0x1DBF, 0xFDBE, 0xFDBE, 0xFEB6, 0x3EC7, 0x0E7C, 
    0x0873, 0xF3D5, 0xD3D5, 0xD3D5, 0xD3D5, 0xD3D5, 0xF3D5, 0xF3D5, 0xF3D5, 0xF3D5, 0xF3D5, 0xCFB4, 
    0x6DAC, 0x6EAC, 0x6EAC, 0x6EAC, 0x6EAC, 0x6EAC, 0x6EAC, 0x6EAC, 0x6EAC, 0x6EB4, 0x8EAC, 0x8EAC, 
    0x6EB4, 0x6EB4, 0x8DAC, 0x8EAC, 0x6EB4, 0x6EAC, 0x6EAC, 0x6EAC, 0x8EB4, 0xAB93, 0xA862, 0x7AB6, 
    0x3FB7, 0xFDB6, 0xFDBE, 0xFDBE, 0xFDBE, 0xFDBE, 0xFDBE, 0xFDBE, 0xFDBE, 0xFDB6, 0xFDB6, 0xFDB6, 
    0xFDB6, 0xFDB6, 0xFDB6, 0xFDB6, 0xFDB6, 0xFDBE, 0xFDB6, 0x3DC7, 0x95A5, 0xA762, 0x0CA4, 0x8EB4, 
    0x6EAC, 0x6EAC, 0x6EAC, 0x6EAC, 0x6EAC, 0x6EAC, 0x8EAC, 0x6EAC, 0x6EAC, 0x6EAC, 0x6EB4, 0x6EB4, 
    0x6EB4, 0x6EAC, 0x6EAC, 0x6EAC, 0x6EAC, 0x6EAC, 0x6EAC, 0x6EAC, 0x6EAC, 0x6EAC, 0x6EB4, 0x6EB4, 
    0x6EB4, 0x6EB4, 0x6EAC, 0x6FAC, 0x6EB4, 0x8EB4, 0x297B, 0x6C6B, 0xBBBE, 0xFDBE, 0xFDBE, 0xFDBE, 
    0xFDBE, 0xFDBE, 0xFDBE, 0xFDBE, 0x1DB7, 0xFEB6, 0xDEBE, 0x1EB7, 0x1DB7, 0xFDBE, 0xFDBE, 0x1EB7, 
    0x1DB7, 0xFDBE, 0xFDBE, 0xFDBE, 0xFDBE, 0xFDBE, 0xFDBE, 0xFDBE, 0xFDBE, 0xFDBE, 0xFDBE, 0xFDBE, 
    0xFDBE, 0xFDBE, 0xFDBE, 0xFDBE, 0xFDBE, 0xFDBE, 0xFDBE, 0xFDBE, 0xFDBE, 0xFDBE, 0xFDBE, 0xFDBE, 
    0xFDBE, 0xFDBE, 0xFDBE, 0xFDBE, 0xFDBE, 0xFDBE, 0xFDBE, 0xFDBE, 0xFDBE, 0xFDBE, 0xFDBE, 0xFDBE, 
    0xFDBE, 0xFDBE, 0xFDBE, 0xFDBE, 0xFDBE, 0xFDBE, 0xFDBE, 0xFDBE, 0xFDBE, 0xFDBE, 0xFDBE, 0xFDBE, 
    0xFDBE, 0xFDBE, 0xFDBE, 0xFDBE, 0xFDBE, 0xFDBE, 0xFDBE, 0xFDBE, 0xFDBE, 0xFDBE, 0xFDBE, 0xFDBE, 
    0xFDBE, 0xFDBE, 0xFDBE, 0xFDBE, 0xFDBE, 0xFDBE, 0xFDBE, 0xFDBE, 0xFDBE, 0xFDBE, 0xFDBE, 0xFDBE, 
    
    0xFDBE, 0xFDBE, 0xFDBE, 0xFDBE, 0xFDBE, 0xFDBE, 0xFDBE, 0xFDBE, 0xFDBE, 0xFDBE, 0xFDBE, 0xFDBE, 
    0xFDBE, 0xFDBE, 0xFDBE, 0xFDBE, 0xFDBE, 0xFDBE, 0xFDBE, 0xFDBE, 0xFDBE, 0xFDBE, 0xFDBE, 0xFDBE, 
    0xFDBE, 0xFDBE, 0xFDBE, 0xFDBE, 0xFDBE, 0xFDBE, 0xFDBE, 0xFDBE, 0xFDBE, 0xFDBE, 0xFDBE, 0xFDBE, 
    0xFDBE, 0xFDBE, 0xFDBE, 0xFDBE, 0xFDBE, 0xFDBE, 0xFDBE, 0xFDBE, 0xFDBE, 0xFDBE, 0xFDBE, 0xFDBE, 
    0xFDBE, 0xFDBE, 0xFDBE, 0xFDBE, 0xFDBE, 0xFDBE, 0xFDBE, 0xFDBE, 0xFDBE, 0xFDBE, 0xFDBE, 0xFDBE, 
    0xFDBE, 0xFDBE, 0xFDBE, 0xFDBE, 0xFDBE, 0xFDBE, 0xFDBE, 0xFDBE, 0xFDBE, 0xFDBE, 0xFDBE, 0xFDBE, 
    0xFDBE, 0xFDBE, 0xFDBE, 0xFDBE, 0xFDBE, 0xFDBE, 0xFDBE, 0xFDBE, 0xFDBE, 0xFDBE, 0xFDBE, 0xFDBE, 
    0xFDBE, 0xFDBE, 0xFDBE, 0xFDBE, 0xFDBE, 0xFDBE, 0xFDBE, 0xFDBE, 0xFDBE, 0xFDBE, 0xFDBE, 0xFCBE, 
    0x5FBF, 0xEE83, 0xE87A, 0xF4D5, 0xD3D5, 0xD3D5, 0xD3D5, 0xD3D5, 0xD3D5, 0xD3D5, 0xD3D5, 0xD3D5, 
    0xF3D5, 0xEFBC, 0x6EAC, 0x8EAC, 0x6EAC, 0x6EAC, 0x6EAC, 0x6EAC, 0x6EAC, 0x6EAC, 0x6EAC, 0x6EAC, 
    0x6EAC, 0x6EAC, 0x6EAC, 0x6EAC, 0x6EAC, 0x6EAC, 0x6EAC, 0x6EAC, 0x6EB4, 0x6EAC, 0x8FB4, 0xAB93, 
    0x866A, 0x7AAE, 0x3EBF, 0xFDBE, 0xFDBE, 0xFDBE, 0xFDBE, 0xFDBE, 0xFDBE, 0xFDBE, 0xFDBE, 0xFDBE, 
    0xFDBE, 0xFDBE, 0xFDBE, 0xFDBE, 0xFDBE, 0xFDBE, 0xFDBE, 0xFDBE, 0xFDBE, 0x3EC7, 0x969D, 0x866A, 
    0x0C9C, 0x8EB4, 0x6EAC, 0x6EAC, 0x6EAC, 0x6EAC, 0x6EAC, 0x6EAC, 0x6EAC, 0x6EAC, 0x6EAC, 0x6EAC, 
    0x6EAC, 0x6EAC, 0x6EAC, 0x6EAC, 0x6EAC, 0x6EAC, 0x6EAC, 0x6EAC, 0x6EAC, 0x6EAC, 0x6EAC, 0x6EAC, 
    0x6EAC, 0x6EAC, 0x6EAC, 0x6EB4, 0x6EAC, 0x6EAC, 0x6DB4, 0x8FB4, 0x2883, 0x4B73, 0xDCBE, 0x1DBF, 
    0xFDBE, 0xFDBE, 0xFDBE, 0xFDBE, 0xFDBE, 0xFDBE, 0xFDBE, 0xFDBE, 0xFDBE, 0xFDBE, 0xFDBE, 0xFDBE, 
    0xFDBE, 0xFDBE, 0xFDBE, 0xFDBE, 0xFDBE, 0xFDBE, 0xFDBE, 0xFDBE, 0xFDBE, 0xFDBE, 0xFDBE, 0xFDBE, 
    0xFDBE, 0xFDBE, 0xFDBE, 0xFDBE, 0xFDBE, 0xFDBE, 0xFDBE, 0xFDBE, 0xFDBE, 0xFDBE, 0xFDBE, 0xFDBE, 
    0xFDBE, 0xFDBE, 0xFDBE, 0xFDBE, 0xFDBE, 0xFDBE, 0xFDBE, 0xFDBE, 0xFDBE, 0xFDBE, 0xFDBE, 0xFDBE, 
    0xFDBE, 0xFDBE, 0xFDBE, 0xFDBE, 0xFDBE, 0xFDBE, 0xFDBE, 0xFDB6, 0x1EBF, 0x1EBF, 0xFDBE, 0xFDBE, 
    0xFDBE, 0xFDBE, 0xFDBE, 0xFDBE, 0xFDBE, 0xFDBE, 0xFDBE, 0xFDBE, 0xFDBE, 0xFDBE, 0xFDBE, 0xFDBE, 
    0xFDBE, 0xFDBE, 0xFDBE, 0xFDBE, 0xFDBE, 0xFDBE, 0xFDBE, 0xFDBE, 0xFDBE, 0xFDBE, 0xFDBE, 0xFDBE, 
    0xFDBE, 0xFDBE, 
    0xFDBE, 0xFDBE, 0xFDBE, 0xFDBE, 0xFDBE, 0xFDBE, 0xFDBE, 0xFDBE, 0xFDBE, 0xFDBE, 
    0xFDBE, 0xFDBE, 0xFDBE, 0xFDBE, 0xFDBE, 0xFDBE, 0xFDBE, 0xFDBE, 0xFDBE, 0xFDBE, 0xFDBE, 0xFDBE, 
    0xFDBE, 0xFDBE, 0xFDBE, 0xFDBE, 0xFDBE, 0xFDBE, 0xFDBE, 0xFDBE, 0xFDBE, 0xFDBE, 0xFDBE, 0xFDBE, 
    0xFDBE, 0xFDBE, 0xFDBE, 0xFDBE, 0xFDBE, 0xFDBE, 0xFDBE, 0xFDBE, 0xFDBE, 0xFDBE, 0xFDBE, 0xFDBE, 
    0xFDBE, 0xFDBE, 0xFDBE, 0xFDBE, 0xFDBE, 0xFDBE, 0xFDBE, 0xFDBE, 0xFDBE, 0xFDBE, 0xFDBE, 0xFDBE, 
    0xFDBE, 0xFDBE, 0xFDBE, 0xFDBE, 0xFDBE, 0xFDBE, 0xFDBE, 0xFDBE, 0xFDBE, 0xFDBE, 0xFDBE, 0xFDBE, 
    0xFDBE, 0xFDBE, 0xFDBE, 0xFDBE, 0xFDBE, 0xFDBE, 0xFDBE, 0xFDBE, 0xFDBE, 0xFDBE, 0xFDBE, 0xFDBE, 
    0xFDBE, 0xFDBE, 0xFDBE, 0xFDBE, 0xFDBE, 0xFDBE, 0xFDBE, 0xFDBE, 0xFDBE, 0xFDBE, 0xFDBE, 0xFDBE, 
    0xFDBE, 0xFCBE, 0x5FBF, 0x0E84, 0xE87A, 0xF4D5, 0xD3D5, 0xD3D5, 0xD3D5, 0xD3D5, 0xD3D5, 0xD3D5, 
    0xD3D5, 0xD3D5, 0xF3D5, 0xEFBC, 0x6EAC, 0x8EAC, 0x6EAC, 0x6EAC, 0x6EAC, 0x6EAC, 0x6EAC, 0x6EAC, 
    0x6EAC, 0x6EAC, 0x6EAC, 0x6EAC, 0x6EAC, 0x6EAC, 0x6EAC, 0x6EAC, 0x6EAC, 0x6EAC, 0x6EB4, 0x6EAC, 
    0x8FB4, 0xAB93, 0x866A, 0x7AAE, 0x3EBF, 0xFDBE, 0xFDBE, 0xFDBE, 0xFDBE, 0xFDBE, 0xFDBE, 0xFDBE, 
    0xFDBE, 0xFDBE, 0xFDBE, 0xFDBE, 0xFDBE, 0xFDBE, 0xFDBE, 0xFDBE, 0xFDBE, 0xFDBE, 0xFDBE, 0x3EC7, 
    0x969D, 0x866A, 0x0C9C, 0x8EB4, 0x6EAC, 0x6EAC, 0x6EAC, 0x6EAC, 0x6EAC, 0x6EAC, 0x6EAC, 0x6EAC, 
    0x6EAC, 0x6EAC, 0x6EAC, 0x6EAC, 0x6EAC, 0x6EAC, 0x6EAC, 0x6EAC, 0x6EAC, 0x6EAC, 0x6EAC, 0x6EAC, 
    0x6EAC, 0x6EAC, 0x6EAC, 0x6EAC, 0x6EAC, 0x6EB4, 0x6EAC, 0x6EAC, 0x6DB4, 0x8FB4, 0x2883, 0x4B73, 
    0xDCBE, 0x1DBF, 0xFDBE, 0xFDBE, 0xFDBE, 0xFDBE, 0xFDBE, 0xFDBE, 0xFDBE, 0xFDBE, 0xFDBE, 0xFDBE, 
    0xFDBE, 0xFDBE, 0xFDBE, 0xFDBE, 0xFDBE, 0xFDBE, 0xFDBE, 0xFDBE, 0xFDBE, 0xFDBE, 0xFDBE, 0xFDBE, 
    0xFDBE, 0xFDBE, 0xFDBE, 0xFDBE, 0xFDBE, 0xFDBE, 0xFDBE, 0xFDBE, 0xFDBE, 0xFDBE, 0xFDBE, 0xFDBE, 
    0xFDBE, 0xFDBE, 0xFDBE, 0xFDBE, 0xFDBE, 0xFDBE, 0xFDBE, 0xFDBE, 0xFDBE, 0xFDBE, 0xFDBE, 0xFDBE, 
    0xFDBE, 0xFDBE, 0xFDBE, 0xFDBE, 0xFDBE, 0xFDBE, 0xFDBE, 0xFDBE, 0xFDBE, 0xFDB6, 0xF995, 0x5BA6, 
    0x1DBF, 0xFDBE, 0xFDBE, 0xFDBE, 0xFDBE, 0xFDBE, 0xFDBE, 0xFDBE, 0xFDBE, 0xFDBE, 0xFDBE, 0xFDBE, 
    0xFDBE, 0xFDBE, 0xFDBE, 0xFDBE, 0xFDBE, 0xFDBE, 0xFDBE, 0xFDBE, 0xFDBE, 0xFDBE, 0xFDBE, 0xFDBE, 
    0xFDBE, 0xFDBE, 0xFDBE, 0xFDBE, 
    0xFDBE, 0xFDBE, 0xFDBE, 0xFDBE, 0xFDBE, 0xFDBE, 0xFDBE, 0xFDBE, 
    0xFDBE, 0xFDBE, 0xFDBE, 0xFDBE, 0xFDBE, 0xFDBE, 0xFDBE, 0xFDBE, 0xFDBE, 0xFDBE, 0xFDBE, 0xFDBE, 
    0xFDBE, 0xFDBE, 0xFDBE, 0xFDBE, 0xFDBE, 0xFDBE, 0xFDBE, 0xFDBE, 0xFDBE, 0xFDBE, 0xFDBE, 0xFDBE, 
    0xFDBE, 0xFDBE, 0xFDBE, 0xFDBE, 0xFDBE, 0xFDBE, 0xFDBE, 0xFDBE, 0xFDBE, 0xFDBE, 0xFDBE, 0xFDBE, 
    0xFDBE, 0xFDBE, 0xFDBE, 0xFDBE, 0xFDBE, 0xFDBE, 0xFDBE, 0xFDBE, 0xFDBE, 0xFDBE, 0xFDBE, 0xFDBE, 
    0xFDBE, 0xFDBE, 0xFDBE, 0xFDBE, 0xFDBE, 0xFDBE, 0xFDBE, 0xFDBE, 0xFDBE, 0xFDBE, 0xFDBE, 0xFDBE, 
    0xFDBE, 0xFDBE, 0xFDBE, 0xFDBE, 0xFDBE, 0xFDBE, 0xFDBE, 0xFDBE, 0xFDBE, 0xFDBE, 0xFDBE, 0xFDBE, 
    0xFDBE, 0xFDBE, 0xFDBE, 0xFDBE, 0xFDBE, 0xFDBE, 0xFDBE, 0xFDBE, 0xFDBE, 0xFDBE, 0xFDBE, 0xFDBE, 
    0xFDBE, 0xFDBE, 0xFDBE, 0xFCBE, 0x5FBF, 0x0E84, 0xE87A, 0xF3D5, 0xD3D5, 0xD3D5, 0xD3D5, 0xD3D5, 
    0xD3D5, 0xD3D5, 0xD3D5, 0xD3D5, 0xF3D5, 0xEFBC, 0x6EAC, 0x8EAC, 0x6EAC, 0x6EAC, 0x6EAC, 0x6EAC, 
    0x6EAC, 0x6EAC, 0x6EAC, 0x6EAC, 0x6EAC, 0x6EAC, 0x6EAC, 0x6EAC, 0x6EAC, 0x6EAC, 0x6EAC, 0x6EAC, 
    0x6EB4, 0x6EAC, 0x8FB4, 0xAB93, 0x866A, 0x7AAE, 0x3EBF, 0xFDBE, 0xFDBE, 0xFDBE, 0xFDBE, 0xFDBE, 
    0xFDBE, 0xFDBE, 0xFDBE, 0xFDBE, 0xFDBE, 0xFDBE, 0xFDBE, 0xFDBE, 0xFDBE, 0xFDBE, 0xFDBE, 0xFDBE, 
    0xFDBE, 0x3EC7, 0x969D, 0x866A, 0x0C9C, 0x8EB4, 0x6EAC, 0x6EAC, 0x6EAC, 0x6EAC, 0x6EAC, 0x6EAC, 
    0x6EAC, 0x6EAC, 0x6EAC, 0x6EAC, 0x6EAC, 0x6EAC, 0x6EAC, 0x6EAC, 0x6EAC, 0x6EAC, 0x6EAC, 0x6EAC, 
    0x6EAC, 0x6EAC, 0x6EAC, 0x6EAC, 0x6EAC, 0x6EAC, 0x6EAC, 0x6EB4, 0x6EAC, 0x6EAC, 0x6DB4, 0x8FB4, 
    0x2883, 0x4B73, 0xDCBE, 0x1DBF, 0xFDBE, 0xFDBE, 0xFDBE, 0xFDBE, 0xFDBE, 0xFDBE, 0xFDBE, 0xFDBE, 
    0xFDBE, 0xFDBE, 0xFDBE, 0xFDBE, 0xFDBE, 0xFDBE, 0xFDBE, 0xFDBE, 0xFDBE, 0xFDBE, 0xFDBE, 0xFDBE, 
    0xFDBE, 0xFDBE, 0xFDBE, 0xFDBE, 0xFDBE, 0xFDBE, 0xFDBE, 0xFDBE, 0xFDBE, 0xFDBE, 0xFDBE, 0xFDBE, 
    0xFDBE, 0xFDBE, 0xFDBE, 0xFDBE, 0xFDBE, 0xFDBE, 0xFDBE, 0xFDBE, 0xFDBE, 0xFDBE, 0xFDBE, 0xFDBE, 
    0xFDBE, 0xFDBE, 0xFDBE, 0xFDBE, 0xFDBE, 0xFDBE, 0xFDBE, 0xFDBE, 0xFDBE, 0xFDBE, 0x1DBF, 0xDDB6, 
    0xF574, 0xB895, 0x1EBF, 0xFDBE, 0xFDBE, 0xFDBE, 0xFDBE, 0xFDBE, 0xFDBE, 0xFDBE, 0xFDBE, 0xFDBE, 
    0xFDBE, 0xFDBE, 0xFDBE, 0xFDBE, 0xFDBE, 0xFDBE, 0xFDBE, 0xFDBE, 0xFDBE, 0xFDBE, 0xFDBE, 0xFDBE, 
    0xFDBE, 0xFDBE, 0xFDBE, 0xFDBE, 0xFDBE, 0xFDBE, 
    0xFDBE, 0xFDBE, 0xFDBE, 0xFDBE, 0xFDBE, 0xFDBE, 
    0xFDBE, 0xFDBE, 0xFDBE, 0xFDBE, 0xFDBE, 0xFDBE, 0xFDBE, 0xFDBE, 0xFDBE, 0xFDBE, 0xFDBE, 0xFDBE, 
    0xFDBE, 0xFDBE, 0xFDBE, 0xFDBE, 0xFDBE, 0xFDBE, 0xFDBE, 0xFDBE, 0xFDBE, 0xFDBE, 0xFDBE, 0xFDBE, 
    0xFDBE, 0xFDBE, 0xFDBE, 0xFDBE, 0xFDBE, 0xFDBE, 0xFDBE, 0xFDBE, 0xFDBE, 0xFDBE, 0xFDBE, 0xFDBE, 
    0xFDBE, 0xFDBE, 0xFDBE, 0xFDBE, 0xFDBE, 0xFDBE, 0xFDBE, 0xFDBE, 0xFDBE, 0xFDBE, 0xFDBE, 0xFDBE, 
    0xFDBE, 0xFDBE, 0xFDBE, 0xFDBE, 0xFDBE, 0xFDBE, 0xFDBE, 0xFDBE, 0xFDBE, 0xFDBE, 0xFDBE, 0xFDBE, 
    0xFDBE, 0xFDBE, 0xFDBE, 0xFDBE, 0xFDBE, 0xFDBE, 0xFDBE, 0xFDBE, 0xFDBE, 0xFDBE, 0xFDBE, 0xFDBE, 
    0xFDBE, 0xFDBE, 0xFDBE, 0xFDBE, 0xFDBE, 0xFDBE, 0xFDBE, 0xFDBE, 0xFDBE, 0xFDBE, 0xFDBE, 0xFDBE, 
    0xFDBE, 0xFDBE, 0xFDBE, 0xFDBE, 0xFDBE, 0xFCBE, 0x5FBF, 0x0E84, 0xE872, 0xF3D5, 0xD3D5, 0xD3D5, 
    0xD3D5, 0xD3D5, 0xD3D5, 0xD3D5, 0xD3D5, 0xD3D5, 0xF3D5, 0xEFBC, 0x6EAC, 0x8EAC, 0x6EAC, 0x6EAC, 
    0x6EAC, 0x6EAC, 0x6EAC, 0x6EAC, 0x6EAC, 0x6EAC, 0x6EAC, 0x6EAC, 0x6EAC, 0x6EAC, 0x6EAC, 0x6EAC, 
    0x6EAC, 0x6EAC, 0x6EB4, 0x6EAC, 0x8FB4, 0xAB93, 0x866A, 0x7AAE, 0x3EBF, 0xFDBE, 0xFDBE, 0xFDBE, 
    0xFDBE, 0xFDBE, 0xFDBE, 0xFDBE, 0xFDBE, 0xFDBE, 0xFDBE, 0xFDBE, 0xFDBE, 0xFDBE, 0xFDBE, 0xFDBE, 
    0xFDBE, 0xFDBE, 0xFDBE, 0x3EC7, 0x969D, 0x866A, 0x0C9C, 0x8EB4, 0x6EAC, 0x6EAC, 0x6EAC, 0x6EAC, 
    0x6EAC, 0x6EAC, 0x6EAC, 0x6EAC, 0x6EAC, 0x6EAC, 0x6EAC, 0x6EAC, 0x6EAC, 0x6EAC, 0x6EAC, 0x6EAC, 
    0x6EAC, 0x6EAC, 0x6EAC, 0x6EAC, 0x6EAC, 0x6EAC, 0x6EAC, 0x6EAC, 0x6EAC, 0x6EB4, 0x6EAC, 0x6EAC, 
    0x6DB4, 0x8FB4, 0x2883, 0x4B73, 0xDCBE, 0x1DBF, 0xFDBE, 0xFDBE, 0xFDBE, 0xFDBE, 0xFDBE, 0xFDBE, 
    0xFDBE, 0xFDBE, 0xFDBE, 0xFDBE, 0xFDBE, 0xFDBE, 0xFDBE, 0xFDBE, 0xFDBE, 0xFDBE, 0xFDBE, 0xFDBE, 
    0xFDBE, 0xFDBE, 0xFDBE, 0xFDBE, 0xFDBE, 0xFDBE, 0xFDBE, 0xFDBE, 0xFDBE, 0xFDBE, 0xFDBE, 0xFDBE, 
    0xFDBE, 0xFDBE, 0xFDBE, 0xFDBE, 0xFDBE, 0xFDBE, 0xFDBE, 0xFDBE, 0xFDBE, 0xFDBE, 0xFDBE, 0xFDBE, 
    0xFDBE, 0xFDBE, 0xFDBE, 0xFDBE, 0xFDBE, 0xFDBE, 0xFDBE, 0xFDBE, 0xFDBE, 0xFDBE, 0xFDBE, 0xFDBE, 
    0x1DBF, 0xDDB6, 0x167D, 0xD995, 0x1EBF, 0xFDBE, 0xFDBE, 0xFDBE, 0xFDBE, 0xFDBE, 0xFDBE, 0xFDBE, 
    0xFDBE, 0xFDBE, 0xFDBE, 0xFDBE, 0xFDBE, 0xFDBE, 0xFDBE, 0xFDBE, 0xFDBE, 0xFDBE, 0xFDBE, 0xFDBE, 
    0xFDBE, 0xFDBE, 0xFDBE, 0xFDBE, 0xFDBE, 0xFDBE, 0xFDBE, 0xFDBE, 
    0xFDBE, 0xFDBE, 0xFDBE, 0xFDBE, 
    0xFDBE, 0xFDBE, 0xFDBE, 0xFDBE, 0xFDBE, 0xFDBE, 0xFDBE, 0xFDBE, 0xFDBE, 0xFDBE, 0xFDBE, 0xFDBE, 
    0xFDBE, 0xFDBE, 0xFDBE, 0xFDBE, 0xFDBE, 0xFDBE, 0xFDBE, 0xFDBE, 0xFDBE, 0xFDBE, 0xFDBE, 0xFDBE, 
    0xFDBE, 0xFDBE, 0xFDBE, 0xFDBE, 0xFDBE, 0xFDBE, 0xFDBE, 0xFDBE, 0xFDBE, 0xFDBE, 0xFDBE, 0xFDBE, 
    0xFDBE, 0xFDBE, 0xFDBE, 0xFDBE, 0xFDBE, 0xFDBE, 0xFDBE, 0xFDBE, 0xFDBE, 0xFDBE, 0xFDBE, 0xFDBE, 
    0xFDBE, 0xFDBE, 0xFDBE, 0xFDBE, 0xFDBE, 0xFDBE, 0xFDBE, 0xFDBE, 0xFDBE, 0xFDBE, 0xFDBE, 0xFDBE, 
    0xFDBE, 0xFDBE, 0xFDBE, 0xFDBE, 0xFDBE, 0xFDBE, 0xFDBE, 0xFDBE, 0xFDBE, 0xFDBE, 0xFDBE, 0xFDBE, 
    0xFDBE, 0xFDBE, 0xFDBE, 0xFDBE, 0xFDBE, 0xFDBE, 0xFDBE, 0xFDBE, 0xFDBE, 0xFDBE, 0xFDBE, 0xFDBE, 
    0xFDBE, 0xFDBE, 0xFDBE, 0xFDBE, 0xFDBE, 0xFDBE, 0xFDBE, 0xFCBE, 0x5FBF, 0x0E84, 0xE872, 0xD3D5, 
    0xD3D5, 0xD3D5, 0xD3D5, 0xD3D5, 0xD3D5, 0xD3D5, 0xD3D5, 0xD3D5, 0xF3D5, 0xEFBC, 0x6EAC, 0x8EAC, 
    0x6EAC, 0x6EAC, 0x6EAC, 0x6EAC, 0x6EAC, 0x6EAC, 0x6EAC, 0x6EAC, 0x6EAC, 0x6EAC, 0x6EAC, 0x6EAC, 
    0x6EAC, 0x6EAC, 0x6EAC, 0x6EAC, 0x6EB4, 0x6EAC, 0x8FB4, 0xAB93, 0x866A, 0x7AAE, 0x3EBF, 0xFDBE, 
    0xFDBE, 0xFDBE, 0xFDBE, 0xFDBE, 0xFDBE, 0xFDBE, 0xFDBE, 0xFDBE, 0xFDBE, 0xFDBE, 0xFDBE, 0xFDBE, 
    0xFDBE, 0xFDBE, 0xFDBE, 0xFDBE, 0xFDBE, 0x3EC7, 0x969D, 0x866A, 0x0C9C, 0x8EB4, 0x6EAC, 0x6EAC, 
    0x6EAC, 0x6EAC, 0x6EAC, 0x6EAC, 0x6EAC, 0x6EAC, 0x6EAC, 0x6EAC, 0x6EAC, 0x6EAC, 0x6EAC, 0x6EAC, 
    0x6EAC, 0x6EAC, 0x6EAC, 0x6EAC, 0x6EAC, 0x6EAC, 0x6EAC, 0x6EAC, 0x6EAC, 0x6EAC, 0x6EAC, 0x6EB4, 
    0x6EAC, 0x6EAC, 0x6DB4, 0x8FB4, 0x2883, 0x4B73, 0xDCBE, 0x1DBF, 0xFDBE, 0xFDBE, 0xFDBE, 0xFDBE, 
    0xFDBE, 0xFDBE, 0xFDBE, 0xFDBE, 0xFDBE, 0xFDBE, 0xFDBE, 0xFDBE, 0xFDBE, 0xFDBE, 0xFDBE, 0xFDBE, 
    0xFDBE, 0xFDBE, 0xFDBE, 0xFDBE, 0xFDBE, 0xFDBE, 0xFDBE, 0xFDBE, 0xFDBE, 0xFDBE, 0xFDBE, 0xFDBE, 
    0xFDBE, 0xFDBE, 0xFDBE, 0xFDBE, 0xFDBE, 0xFDBE, 0xFDBE, 0xFDBE, 0xFDBE, 0xFDBE, 0xFDBE, 0xFDBE, 
    0xFDBE, 0xFDBE, 0xFDBE, 0xFDBE, 0xFDBE, 0xFDBE, 0xFDBE, 0xFDBE, 0xFDBE, 0xFDBE, 0xFDBE, 0xFDBE, 
    0xFDBE, 0xFDBE, 0x1DBF, 0xDDB6, 0x167D, 0xD995, 0x1EBF, 0xFDBE, 0xFDBE, 0xFDBE, 0xFDBE, 0xFDBE, 
    0xFDBE, 0xFDBE, 0xFDBE, 0xFDBE, 0xFDBE, 0xFDBE, 0xFDBE, 0xFDBE, 0xFDBE, 0xFDBE, 0xFDBE, 0xFDBE, 
    0xFDBE, 0xFDBE, 0xFDBE, 0xFDBE, 0xFDBE, 0xFDBE, 0xFDBE, 0xFDBE, 0xFDBE, 0xFDBE, 
    0xFDBE, 0xFDBE, 
    0xFDBE, 0xFDBE, 0xFDBE, 0xFDBE, 0xFDBE, 0xFDBE, 0xFDBE, 0xFDBE, 0xFDBE, 0xFDBE, 0xFDBE, 0xFDBE, 
    0xFDBE, 0xFDBE, 0xFDBE, 0xFDBE, 0xFDBE, 0xFDBE, 0xFDBE, 0xFDBE, 0xFDBE, 0xFDBE, 0xFDBE, 0xFDBE, 
    0xFDBE, 0xFDBE, 0xFDBE, 0xFDBE, 0xFDBE, 0xFDBE, 0xFDBE, 0xFDBE, 0xFDBE, 0xFDBE, 0xFDBE, 0xFDBE, 
    0xFDBE, 0xFDBE, 0xFDBE, 0xFDBE, 0xFDBE, 0xFDBE, 0xFDBE, 0xFDBE, 0xFDBE, 0xFDBE, 0xFDBE, 0xFDBE, 
    0xFDBE, 0xFDBE, 0xFDBE, 0xFDBE, 0xFDBE, 0xFDBE, 0xFDBE, 0xFDBE, 0xFDBE, 0xFDBE, 0xFDBE, 0xFDBE, 
    0xFDBE, 0xFDBE, 0xFDBE, 0xFDBE, 0xFDBE, 0xFDBE, 0xFDBE, 0xFDBE, 0xFDBE, 0xFDBE, 0xFDBE, 0xFDBE, 
    0xFDBE, 0xFDBE, 0xFDBE, 0xFDBE, 0xFDBE, 0xFDBE, 0xFDBE, 0xFDBE, 0xFDBE, 0xFDBE, 0xFDBE, 0xFDBE, 
    0xFDBE, 0xFDBE, 0xFDBE, 0xFDBE, 0xFDBE, 0xFDBE, 0xFDBE, 0xFDBE, 0xFDBE, 0xFCBE, 0x5FBF, 0x2E8C, 
    0xE872, 0xD3CD, 0xD3D5, 0xD3D5, 0xD3D5, 0xD3D5, 0xD3D5, 0xD3D5, 0xD3D5, 0xD3D5, 0xF3D5, 0xEFBC, 
    0x6EAC, 0x8EAC, 0x6EAC, 0x6EAC, 0x6EAC, 0x6EAC, 0x6EAC, 0x6EAC, 0x6EAC, 0x6EAC, 0x6EAC, 0x6EAC, 
    0x6EAC, 0x6EAC, 0x6EAC, 0x6EAC, 0x6EAC, 0x6EAC, 0x6EB4, 0x6EAC, 0x8FB4, 0xAB93, 0x866A, 0x7AAE, 
    0x3EBF, 0xFDBE, 0xFDBE, 0xFDBE, 0xFDBE, 0xFDBE, 0xFDBE, 0xFDBE, 0xFDBE, 0xFDBE, 0xFDBE, 0xFDBE, 
    0xFDBE, 0xFDBE, 0xFDBE, 0xFDBE, 0xFDBE, 0xFDBE, 0xFDBE, 0x3EC7, 0x969D, 0x866A, 0x0C9C, 0x8EB4, 
    0x6EAC, 0x6EAC, 0x6EAC, 0x6EAC, 0x6EAC, 0x6EAC, 0x6EAC, 0x6EAC, 0x6EAC, 0x6EAC, 0x6EAC, 0x6EAC, 
    0x6EAC, 0x6EAC, 0x6EAC, 0x6EAC, 0x6EAC, 0x6EAC, 0x6EAC, 0x6EAC, 0x6EAC, 0x6EAC, 0x6EAC, 0x6EAC, 
    0x6EAC, 0x6EB4, 0x6EAC, 0x6EAC, 0x6DB4, 0x8FB4, 0x2883, 0x4B73, 0xDCBE, 0x1DBF, 0xFDBE, 0xFDBE, 
    0xFDBE, 0xFDBE, 0xFDBE, 0xFDBE, 0xFDBE, 0xFDBE, 0xFDBE, 0xFDBE, 0xFDBE, 0xFDBE, 0xFDBE, 0xFDBE, 
    0xFDBE, 0xFDBE, 0xFDBE, 0xFDBE, 0xFDBE, 0xFDBE, 0xFDBE, 0xFDBE, 0xFDBE, 0xFDBE, 0xFDBE, 0xFDBE, 
    0xFDBE, 0xFDBE, 0xFDBE, 0xFDBE, 0xFDBE, 0xFDBE, 0xFDBE, 0xFDBE, 0xFDBE, 0xFDBE, 0xFDBE, 0xFDBE, 
    0xFDBE, 0xFDBE, 0xFDBE, 0xFDBE, 0xFDBE, 0xFDBE, 0xFDBE, 0xFDBE, 0xFDBE, 0xFDBE, 0xFDBE, 0xFDBE, 
    0xFDBE, 0xFDBE, 0xFDBE, 0xFDBE, 0x1DBF, 0xDDB6, 0x167D, 0xD995, 0x1EBF, 0xFDBE, 0xFDBE, 0xFDBE, 
    0xFDBE, 0xFDBE, 0xFDBE, 0xFDBE, 0xFDBE, 0xFDBE, 0xFDBE, 0xFDBE, 0xFDBE, 0xFDBE, 0xFDBE, 0xFDBE, 
    0xFDBE, 0xFDBE, 0xFDBE, 0xFDBE, 0xFDBE, 0xFDBE, 0xFDBE, 0xFDBE, 0xFDBE, 0xFDBE, 0xFDBE, 0xFDBE, 
    
    0xFDBE, 0xFDBE, 0xFDBE, 0xFDBE, 0xFDBE, 0xFDBE, 0xFDBE, 0xFDBE, 0xFDBE, 0xFDBE, 0xFDBE, 0xFDBE, 
    0xFDBE, 0xFDBE, 0xFDBE, 0xFDBE, 0xFDBE, 0xFDBE, 0xFDBE, 0xFDBE, 0xFDBE, 0xFDBE, 0xFDBE, 0xFDBE, 
    0xFDBE, 0xFDBE, 0xFDBE, 0xFDBE, 0xFDBE, 0xFDBE, 0xFDBE, 0xFDBE, 0xFDBE, 0xFDBE, 0xFDBE, 0xFDBE, 
    0xFDBE, 0xFDBE, 0xFDBE, 0xFDBE, 0xFDBE, 0xFDBE, 0xFDBE, 0xFDBE, 0xFDBE, 0xFDBE, 0xFDBE, 0xFDBE, 
    0xFDBE, 0xFDBE, 0xFDBE, 0xFDBE, 0xFDBE, 0xFDBE, 0xFDBE, 0xFDBE, 0xFDBE, 0xFDBE, 0xFDBE, 0xFDBE, 
    0xFDBE, 0xFDBE, 0xFDBE, 0xFDBE, 0xFDBE, 0xFDBE, 0xFDBE, 0xFDBE, 0xFDBE, 0xFDBE, 0xFDBE, 0xFDBE, 
    0xFDBE, 0xFDBE, 0xFDBE, 0xFDBE, 0xFDBE, 0xFDBE, 0xFDBE, 0xFDBE, 0xFDBE, 0xFDBE, 0xFDBE, 0xFDBE, 
    0xFDBE, 0xFDBE, 0xFDBE, 0xFDBE, 0xFDBE, 0xFDBE, 0xFDBE, 0xFDBE, 0xFDBE, 0xFDBE, 0xFDBE, 0xFCBE, 
    0x5FBF, 0x2F8C, 0xE772, 0xD3CD, 0xF3D5, 0xD3D5, 0xD3D5, 0xD3D5, 0xD3D5, 0xD3D5, 0xD3D5, 0xD3D5, 
    0xF3D5, 0xEFBC, 0x6EAC, 0x8EAC, 0x6EAC, 0x6EAC, 0x6EAC, 0x6EAC, 0x6EAC, 0x6EAC, 0x6EAC, 0x6EAC, 
    0x6EAC, 0x6EAC, 0x6EAC, 0x6EAC, 0x6EAC, 0x6EAC, 0x6EAC, 0x6EAC, 0x6EB4, 0x6EAC, 0x8FB4, 0xAB93, 
    0x876A, 0x7BAE, 0x3EBF, 0xFDBE, 0xFDBE, 0xFDBE, 0xFDBE, 0xFDBE, 0xFDBE, 0xFDBE, 0xFDBE, 0xFDBE, 
    0xFDBE, 0xFDBE, 0xFDBE, 0xFDBE, 0xFDBE, 0xFDBE, 0xFDBE, 0xFDBE, 0xFDBE, 0x3EC7, 0x969D, 0x866A, 
    0x0C9C, 0x8EB4, 0x6EAC, 0x6EAC, 0x6EAC, 0x6EAC, 0x6EAC, 0x6EAC, 0x6EAC, 0x6EAC, 0x6EAC, 0x6EAC, 
    0x6EAC, 0x6EAC, 0x6EAC, 0x6EAC, 0x6EAC, 0x6EAC, 0x6EAC, 0x6EAC, 0x6EAC, 0x6EAC, 0x6EAC, 0x6EAC, 
    0x6EAC, 0x6EAC, 0x6EAC, 0x6EB4, 0x6EAC, 0x6EAC, 0x6DB4, 0x8FB4, 0x2883, 0x4B73, 0xDCBE, 0x1DBF, 
    0xFDBE, 0xFDBE, 0xFDBE, 0xFDBE, 0xFDBE, 0xFDBE, 0xFDBE, 0xFDBE, 0xFDBE, 0xFDBE, 0xFDBE, 0xFDBE, 
    0xFDBE, 0xFDBE, 0xFDBE, 0xFDBE, 0xFDBE, 0xFDBE, 0xFDBE, 0xFDBE, 0xFDBE, 0xFDBE, 0xFDBE, 0xFDBE, 
    0xFDBE, 0xFDBE, 0xFDBE, 0xFDBE, 0xFDBE, 0xFDBE, 0xFDBE, 0xFDBE, 0xFDBE, 0xFDBE, 0xFDBE, 0xFDBE, 
    0xFDBE, 0xFDBE, 0xFDBE, 0xFDBE, 0xFDBE, 0xFDBE, 0xFDBE, 0xFDBE, 0xFDBE, 0xFDBE, 0xFDBE, 0xFDBE, 
    0xFDBE, 0xFDBE, 0xFDBE, 0xFDBE, 0xFDBE, 0xFDBE, 0x1DBF, 0xDDB6, 0x167D, 0xD995, 0x1EBF, 0xFDBE, 
    0xFDBE, 0xFDBE, 0xFDBE, 0xFDBE, 0xFDBE, 0xFDBE, 0xFDBE, 0xFDBE, 0xFDBE, 0xFDBE, 0xFDBE, 0xFDBE, 
    0xFDBE, 0xFDBE, 0xFDBE, 0xFDBE, 0xFDBE, 0xFDBE, 0xFDBE, 0xFDBE, 0xFDBE, 0xFDBE, 0xFDBE, 0xFDBE, 
    0xFDBE, 0xFDBE, 
    0xFDBE, 0xFDBE, 0xFDBE, 0xFDBE, 0xFDBE, 0xFDBE, 0xFDBE, 0xFDBE, 0xFDBE, 0xFDBE, 
    0xFDBE, 0xFDBE, 0xFDBE, 0xFDBE, 0xFDBE, 0xFDBE, 0xFDBE, 0xFDBE, 0xFDBE, 0xFDBE, 0xFDBE, 0xFDBE, 
    0xFDBE, 0xFDBE, 0xFDBE, 0xFDBE, 0xFDBE, 0xFDBE, 0xFDBE, 0xFDBE, 0xFDBE, 0xFDBE, 0xFDBE, 0xFDBE, 
    0xFDBE, 0xFDBE, 0xFDBE, 0xFDBE, 0xFDBE, 0xFDBE, 0xFDBE, 0xFDBE, 0xFDBE, 0xFDBE, 0xFDBE, 0xFDBE, 
    0xFDBE, 0xFDBE, 0xFDBE, 0xFDBE, 0xFDBE, 0xFDBE, 0xFDBE, 0xFDBE, 0xFDBE, 0xFDBE, 0xFDBE, 0xFDBE, 
    0xFDBE, 0xFDBE, 0xFDBE, 0xFDBE, 0xFDBE, 0xFDBE, 0xFDBE, 0xFDBE, 0xFDBE, 0xFDBE, 0xFDBE, 0xFDBE, 
    0xFDBE, 0xFDBE, 0xFDBE, 0xFDBE, 0xFDBE, 0xFDBE, 0xFDBE, 0xFDBE, 0xFDBE, 0xFDBE, 0xFDBE, 0xFDBE, 
    0xFDBE, 0xFDBE, 0xFDBE, 0xFDBE, 0xFDBE, 0xFDBE, 0xFDBE, 0xFDBE, 0xFDBE, 0xFDBE, 0xFDBE, 0xFDBE, 
    0xFDBE, 0xFDBE, 0x5EBF, 0x2F8C, 0xE77A, 0xD3CD, 0xF3D5, 0xD3D5, 0xD3D5, 0xD3D5, 0xF3D5, 0xF3D5, 
    0xF3D5, 0xF3D5, 0xF3D5, 0xEFB4, 0x6EAC, 0x8EAC, 0x6EAC, 0x6EAC, 0x6EAC, 0x6EAC, 0x6EAC, 0x6EAC, 
    0x6EAC, 0x6EAC, 0x6EAC, 0x6EAC, 0x6EAC, 0x6EAC, 0x6EAC, 0x6EAC, 0x6EAC, 0x6DAC, 0x6EB4, 0x6EAC, 
    0x8EB4, 0xAB93, 0x866A, 0x7AAE, 0x3EBF, 0xFDBE, 0xFDBE, 0xFDBE, 0xFDBE, 0xFDBE, 0xFDBE, 0xFDBE, 
    0xFDBE, 0xFDBE, 0xFDBE, 0xFDBE, 0xFDBE, 0xFDBE, 0xFDBE, 0xFDBE, 0xFDBE, 0xFDBE, 0xFDBE, 0x3EC7, 
    0x969D, 0x866A, 0x0CA4, 0x8EB4, 0x6EB4, 0x8EAC, 0x8EAC, 0x8EAC, 0x8EAC, 0x8EAC, 0x8EAC, 0x8EAC, 
    0x8EAC, 0x6EAC, 0x6EAC, 0x6EAC, 0x6EAC, 0x6EAC, 0x6EAC, 0x6EAC, 0x6EAC, 0x8EAC, 0x8EAC, 0x8EAC, 
    0x8EAC, 0x8EAC, 0x8EAC, 0x8EAC, 0x8EAC, 0x6EAC, 0x8EAC, 0x8EAC, 0x6EB4, 0x8FB4, 0x2883, 0x6B73, 
    0xDCBE, 0x1DBF, 0xFDBE, 0xFDBE, 0xFDBE, 0xFDBE, 0xFDBE, 0xFDBE, 0xFDBE, 0xFDBE, 0xFDBE, 0xFDBE, 
    0xFDBE, 0xFDBE, 0xFDBE, 0xFDBE, 0xFDBE, 0xFDBE, 0xFDBE, 0xFDBE, 0xFDBE, 0xFDBE, 0xFDBE, 0xFDBE, 
    0xFDBE, 0xFDBE, 0xFDBE, 0xFDBE, 0xFDBE, 0xFDBE, 0xFDBE, 0xFDBE, 0xFDBE, 0xFDBE, 0xFDBE, 0xFDBE, 
    0xFDBE, 0xFDBE, 0xFDBE, 0xFDBE, 0xFDBE, 0xFDBE, 0xFDBE, 0xFDBE, 0xFDBE, 0xFDBE, 0xFDBE, 0xFDBE, 
    0xFDBE, 0xFDBE, 0xFDBE, 0xFDBE, 0xFDBE, 0xFDBE, 0xFDBE, 0xFDBE, 0x1DBF, 0xDDB6, 0x167D, 0xD995, 
    0x1EBF, 0xFDBE, 0xFDBE, 0xFDBE, 0xFDBE, 0xFDBE, 0xFDBE, 0xFDBE, 0xFDBE, 0xFDBE, 0xFDBE, 0xFDBE, 
    0xFDBE, 0xFDBE, 0xFDBE, 0xFDBE, 0xFDBE, 0xFDBE, 0xFDBE, 0xFDBE, 0xFDBE, 0xFDBE, 0xFDBE, 0xFDBE, 
    0xFDBE, 0xFDBE, 0xFDBE, 0xFDBE, 
    0xFDBE, 0xFDBE, 0xFDBE, 0xFDBE, 0xFDBE, 0xFDBE, 0xFDBE, 0xFDBE, 
    0xFDBE, 0xFDBE, 0xFDBE, 0xFDBE, 0xFDBE, 0xFDBE, 0xFDBE, 0xFDBE, 0xFDBE, 0xFDBE, 0xFDBE, 0xFDBE, 
    0xFDBE, 0xFDBE, 0xFDBE, 0xFDBE, 0xFDBE, 0xFDBE, 0xFDBE, 0xFDBE, 0xFDBE, 0xFDBE, 0xFDBE, 0xFDBE, 
    0xFDBE, 0xFDBE, 0xFDBE, 0xFDBE, 0xFDBE, 0xFDBE, 0xFDBE, 0xFDBE, 0xFDBE, 0xFDBE, 0xFDBE, 0xFDBE, 
    0xFDBE, 0xFDBE, 0xFDBE, 0xFDBE, 0xFDBE, 0xFDBE, 0xFDBE, 0xFDBE, 0xFDBE, 0xFDBE, 0xFDBE, 0xFDBE, 
    0xFDBE, 0xFDBE, 0xFDBE, 0xFDBE, 0xFDBE, 0xFDBE, 0xFDBE, 0xFDBE, 0xFDBE, 0xFDBE, 0xFDBE, 0xFDBE, 
    0xFDBE, 0xFDBE, 0xFDBE, 0xFDBE, 0xFDBE, 0xFDBE, 0xFDBE, 0xFDBE, 0xFDBE, 0xFDBE, 0xFDBE, 0xFDBE, 
    0xFDBE, 0xFDBE, 0xFDBE, 0xFDBE, 0xFDBE, 0xFDBE, 0xFDBE, 0xFDBE, 0xFDBE, 0xFDBE, 0xFDBE, 0xFDBE, 
    0xFDBE, 0xFDBE, 0xFDBE, 0xFDB6, 0x5EBF, 0x4F8C, 0xC77A, 0xD3CD, 0xD4CD, 0xD2CD, 0xF3D5, 0xD3D5, 
    0xD3CD, 0xD3CD, 0xD3CD, 0xD3CD, 0xF3D5, 0xEFB4, 0x6EAC, 0x6EAC, 0x6EAC, 0x6EAC, 0x6EAC, 0x6EAC, 
    0x6EAC, 0x6EAC, 0x6EAC, 0x6EAC, 0x6EAC, 0x6EAC, 0x6EAC, 0x6EAC, 0x6EAC, 0x6EAC, 0x6EAC, 0x6DAC, 
    0x6FAC, 0x6EAC, 0xAFB4, 0xAB93, 0x876A, 0x7AAE, 0x1FBF, 0xFDBE, 0xFDBE, 0xFDBE, 0xFDBE, 0xFDBE, 
    0xFDBE, 0xFDBE, 0xFDBE, 0xFDBE, 0xFDBE, 0xFDBE, 0xFDBE, 0xFDBE, 0xFDBE, 0xFDBE, 0xFDBE, 0xFDBE, 
    0xFCBE, 0x3EBF, 0x969D, 0x866A, 0x0BA4, 0x8EB4, 0x6EAC, 0x6EAC, 0x6EAC, 0x6EAC, 0x6EAC, 0x6EAC, 
    0x6EAC, 0x6EAC, 0x6EAC, 0x6EAC, 0x6EAC, 0x6EAC, 0x6EAC, 0x6EAC, 0x6EAC, 0x6EAC, 0x6EAC, 0x6EAC, 
    0x6EAC, 0x6EAC, 0x6EAC, 0x6EAC, 0x6EAC, 0x6EAC, 0x6EAC, 0x6EAC, 0x8FAC, 0x6EAC, 0x6EAC, 0x8EAC, 
    0x2883, 0x6C6B, 0xDCBE, 0x1DBF, 0xFDBE, 0xFDBE, 0xFDBE, 0xFDBE, 0xFDBE, 0xFDBE, 0xFDBE, 0xFDBE, 
    0xFDBE, 0xFDBE, 0xFDBE, 0xFDBE, 0xFDBE, 0xFDBE, 0xFDBE, 0xFDBE, 0xFDBE, 0xFDBE, 0xFDBE, 0xFDBE, 
    0xFDBE, 0xFDBE, 0xFDBE, 0xFDBE, 0xFDBE, 0xFDBE, 0xFDBE, 0xFDBE, 0xFDBE, 0xFDBE, 0xFDBE, 0xFDBE, 
    0xFDBE, 0xFDBE, 0xFDBE, 0xFDBE, 0xFDBE, 0xFDBE, 0xFDBE, 0xFDBE, 0xFDBE, 0xFDBE, 0xFDBE, 0xFDBE, 
    0xFDBE, 0xFDBE, 0xFDBE, 0xFDBE, 0xFDBE, 0xFDBE, 0xFDBE, 0xFDBE, 0xFDBE, 0xFDBE, 0x1DBF, 0xDDB6, 
    0x167D, 0xF995, 0x1EBF, 0xFDBE, 0xFDBE, 0xFDBE, 0xFDBE, 0xFDBE, 0xFDBE, 0xFDBE, 0xFDBE, 0xFDBE, 
    0xFDBE, 0xFDBE, 0xFDBE, 0xFDBE, 0xFDBE, 0xFDBE, 0xFDBE, 0xFDBE, 0xFDBE, 0xFDBE, 0xFDBE, 0xFDBE, 
    0xFDBE, 0xFDBE, 0xFDBE, 0xFDBE, 0xFDBE, 0xFDBE, 
    0xFDBE, 0xFDBE, 0xFDBE, 0xFDBE, 0xFDBE, 0xFDBE, 
    0xFDBE, 0xFDBE, 0xFDBE, 0xFDBE, 0xFDBE, 0xFDBE, 0xFDBE, 0xFDBE, 0xFDBE, 0xFDBE, 0xFDBE, 0xFDBE, 
    0xFDBE, 0xFDBE, 0xFDBE, 0xFDBE, 0xFDBE, 0xFDBE, 0xFDBE, 0xFDBE, 0xFDBE, 0xFDBE, 0xFDBE, 0xFDBE, 
    0xFDBE, 0xFDBE, 0xFDBE, 0xFDBE, 0xFDBE, 0xFDBE, 0xFDBE, 0xFDBE, 0xFDBE, 0xFDBE, 0xFDBE, 0xFDBE, 
    0xFDBE, 0xFDBE, 0xFDBE, 0xFDBE, 0xFDBE, 0xFDBE, 0xFDBE, 0xFDBE, 0xFDBE, 0xFDBE, 0xFDBE, 0xFDBE, 
    0xFDBE, 0xFDBE, 0xFDBE, 0xFDBE, 0xFDBE, 0xFDBE, 0xFDBE, 0xFDBE, 0xFDBE, 0xFDBE, 0xFDBE, 0xFDBE, 
    0xFDBE, 0xFDBE, 0xFDBE, 0xFDBE, 0xFDBE, 0xFDBE, 0xFDBE, 0xFDBE, 0xFDBE, 0xFDBE, 0xFDBE, 0xFDBE, 
    0xFDBE, 0xFDBE, 0xFDBE, 0xFDBE, 0xFDBE, 0xFDBE, 0xFDBE, 0xFDBE, 0xFDBE, 0xFDBE, 0xFDBE, 0xFDBE, 
    0xFDBE, 0xFDBE, 0xFDBE, 0xFDBE, 0xFDBE, 0xFEB6, 0x5FBF, 0x5084, 0xE87A, 0x14CE, 0x15D6, 0x13D6, 
    0x14D6, 0xF4DD, 0xF3DD, 0xF3DD, 0xF3DD, 0xF3DD, 0x14E6, 0xEFC4, 0x6DB4, 0x8EB4, 0x8EB4, 0x8EB4, 
    0x8EB4, 0x8EB4, 0x8EB4, 0x8EB4, 0x8EB4, 0x8EB4, 0x8EB4, 0x8EB4, 0x8EB4, 0x8EB4, 0x8EB4, 0x8EB4, 
    0x8DB4, 0x8EB4, 0x6FB4, 0x8EAC, 0xAFB4, 0xCB93, 0x676A, 0x7AAE, 0x1FBF, 0xFDBE, 0xFDBE, 0xFDBE, 
    0xFDBE, 0xFDBE, 0xFDBE, 0xFDBE, 0xFDBE, 0xFDBE, 0xFDBE, 0xFDBE, 0xFDBE, 0xFDBE, 0xFDBE, 0xFDBE, 
    0xFDBE, 0xFDBE, 0xFCBE, 0x3EBF, 0x969D, 0xA762, 0x2DA4, 0xD0AC, 0x8FAC, 0x8DB4, 0x8DB4, 0x8DB4, 
    0x8DB4, 0x8DB4, 0x8DB4, 0x8DB4, 0x8DB4, 0xADB4, 0x8DB4, 0x8DB4, 0x8DB4, 0x8DB4, 0x8DB4, 0x8EB4, 
    0x8DB4, 0x8DB4, 0x8DB4, 0x8DB4, 0x8DB4, 0x8DB4, 0x8DB4, 0x8DB4, 0x6DBC, 0x6EB4, 0x8FB4, 0x6EBC, 
    0x6EB4, 0xAFBC, 0x088B, 0x4B7B, 0xBCC6, 0x1DBF, 0xFDBE, 0xFDBE, 0xFDBE, 0xFDBE, 0xFDBE, 0xFDBE, 
    0xFDBE, 0xFDBE, 0xFDBE, 0xFDBE, 0xFDBE, 0xFDBE, 0xFDBE, 0xFDBE, 0xFDBE, 0xFDBE, 0xFDBE, 0xFDBE, 
    0xFDBE, 0xFDBE, 0xFDBE, 0xFDBE, 0xFDBE, 0xFDBE, 0xFDBE, 0xFDBE, 0xFDBE, 0xFDBE, 0xFDBE, 0xFDBE, 
    0xFDBE, 0xFDBE, 0xFDBE, 0xFDBE, 0xFDBE, 0xFDBE, 0xFDBE, 0xFDBE, 0xFDBE, 0xFDBE, 0xFDBE, 0xFDBE, 
    0xFDBE, 0xFDBE, 0xFDBE, 0xFDBE, 0xFDBE, 0xFDBE, 0xFDBE, 0xFDBE, 0xFDBE, 0xFDBE, 0xFDBE, 0xFDBE, 
    0x1DBF, 0xDDB6, 0x167D, 0xF995, 0x1EBF, 0xFDBE, 0xFDBE, 0xFDBE, 0xFDBE, 0xFDBE, 0xFDBE, 0xFDBE, 
    0xFDBE, 0xFDBE, 0xFDBE, 0xFDBE, 0xFDBE, 0xFDBE, 0xFDBE, 0xFDBE, 0xFDBE, 0xFDBE, 0xFDBE, 0xFDBE, 
    0xFDBE, 0xFDBE, 0xFDBE, 0xFDBE, 0xFDBE, 0xFDBE, 0xFDBE, 0xFDBE, 
    0xFDBE, 0xFDBE, 0xFDBE, 0xFDBE, 
    0xFDBE, 0xFDBE, 0xFDBE, 0xFDBE, 0xFDBE, 0xFDBE, 0xFDBE, 0xFDBE, 0xFDBE, 0xFDBE, 0xFDBE, 0xFDBE, 
    0xFDBE, 0xFDBE, 0xFDBE, 0xFDBE, 0xFDBE, 0xFDBE, 0xFDBE, 0xFDBE, 0xFDBE, 0xFDBE, 0xFDBE, 0xFDBE, 
    0xFDBE, 0xFDBE, 0xFDBE, 0xFDBE, 0xFDBE, 0xFDBE, 0xFDBE, 0xFDBE, 0xFDBE, 0xFDBE, 0xFDBE, 0xFDBE, 
    0xFDBE, 0xFDBE, 0xFDBE, 0xFDBE, 0xFDBE, 0xFDBE, 0xFDBE, 0xFDBE, 0xFDBE, 0xFDBE, 0xFDBE, 0xFDBE, 
    0xFDBE, 0xFDBE, 0xFDBE, 0xFDBE, 0xFDBE, 0xFDBE, 0xFDBE, 0xFDBE, 0xFDBE, 0xFDBE, 0xFDBE, 0xFDBE, 
    0xFDBE, 0xFDBE, 0xFDBE, 0xFDBE, 0xFDBE, 0xFDBE, 0xFDBE, 0xFDBE, 0xFDBE, 0xFDBE, 0xFDBE, 0xFDBE, 
    0xFDBE, 0xFDBE, 0xFDBE, 0xFDBE, 0xFDBE, 0xFDBE, 0xFDBE, 0xFDBE, 0xFDBE, 0xFDBE, 0xFDBE, 0xFDBE, 
    0xFDBE, 0xFDBE, 0xFDBE, 0xFDBE, 0xFDBE, 0xFDBE, 0xFDBE, 0xFDB6, 0x5EBF, 0x508C, 0xA672, 0x8EA4, 
    0x6EAC, 0x6DAC, 0x6DAC, 0x6EA4, 0x6D9C, 0x6D9C, 0x6D9C, 0x6D9C, 0x6D9C, 0xEB93, 0xAA8B, 0x8B8B, 
    0x8B8B, 0x8B8B, 0x8B8B, 0x8B8B, 0x8B8B, 0x8B83, 0x8B83, 0x8B83, 0x8B83, 0x6B83, 0x6B83, 0x6B83, 
    0x6B83, 0x6B83, 0x6A83, 0x6983, 0x6A83, 0x6983, 0x698B, 0x087B, 0xA76A, 0x79AE, 0x3EBF, 0xFDBE, 
    0xFDBE, 0xFDBE, 0xFDBE, 0xFDBE, 0xFDBE, 0xFDBE, 0xFDBE, 0xFDBE, 0xFDBE, 0xFDBE, 0xFDBE, 0xFDBE, 
    0xFDBE, 0xFDBE, 0xFDBE, 0xFEBE, 0xFDBE, 0x3EBF, 0x969D, 0x8762, 0x2883, 0x498B, 0x498B, 0x4A83, 
    0x4A83, 0x4A83, 0x4A83, 0x4A83, 0x4A83, 0x4A83, 0x4A83, 0x4A83, 0x4A83, 0x4A83, 0x4A83, 0x4A83, 
    0x4A83, 0x4A83, 0x4A83, 0x4A83, 0x4A83, 0x4A83, 0x4A83, 0x4A83, 0x4A83, 0x4A83, 0x4A83, 0x4A83, 
    0x4A83, 0x4983, 0x4A7B, 0x6A83, 0xC772, 0x8C73, 0xDCBE, 0x1DBF, 0xFDBE, 0xFDBE, 0xFDBE, 0xFDBE, 
    0xFDBE, 0xFDBE, 0xFDBE, 0xFDBE, 0xFDBE, 0xFDBE, 0xFDBE, 0xFDBE, 0xFDBE, 0xFDBE, 0xFDBE, 0xFDBE, 
    0xFDBE, 0xFDBE, 0xFDBE, 0xFDBE, 0xFDBE, 0xFDBE, 0xFDBE, 0xFDBE, 0xFDBE, 0xFDBE, 0xFDBE, 0xFDBE, 
    0xFDBE, 0xFDBE, 0xFDBE, 0xFDBE, 0xFDBE, 0xFDBE, 0xFDBE, 0xFDBE, 0xFDBE, 0xFDBE, 0xFDBE, 0xFDBE, 
    0xFDBE, 0xFDBE, 0xFDBE, 0xFDBE, 0xFDBE, 0xFDBE, 0xFDBE, 0xFDBE, 0xFDBE, 0xFDBE, 0xFDBE, 0xFDBE, 
    0xFDBE, 0xFDBE, 0x1DBF, 0xDDB6, 0x167D, 0xF995, 0x1EBF, 0xFDBE, 0xFDBE, 0xFDBE, 0xFDBE, 0xFDBE, 
    0xFDBE, 0xFDBE, 0xFDBE, 0xFDBE, 0xFDBE, 0xFDBE, 0xFDBE, 0xFDBE, 0xFDBE, 0xFDBE, 0xFDBE, 0xFDBE, 
    0xFDBE, 0xFDBE, 0xFDBE, 0xFDBE, 0xFDBE, 0xFDBE, 0xFDBE, 0xFDBE, 0xFDBE, 0xFDBE, 
    0xFDBE, 0xFDBE, 
    0xFDBE, 0xFDBE, 0xFDBE, 0xFDBE, 0xFDBE, 0xFDBE, 0xFDBE, 0xFDBE, 0xFDBE, 0xFDBE, 0xFDBE, 0xFDBE, 
    0xFDBE, 0xFDBE, 0xFDBE, 0xFDBE, 0xFDBE, 0xFDBE, 0xFDBE, 0xFDBE, 0xFDBE, 0xFDBE, 0xFDBE, 0xFDBE, 
    0xFDBE, 0xFDBE, 0xFDBE, 0xFDBE, 0xFDBE, 0xFDBE, 0xFDBE, 0xFDBE, 0xFDBE, 0xFDBE, 0xFDBE, 0xFDBE, 
    0xFDBE, 0xFDBE, 0xFDBE, 0xFDBE, 0xFDBE, 0xFDBE, 0xFDBE, 0xFDBE, 0xFDBE, 0xFDBE, 0xFDBE, 0xFDBE, 
    0xFDBE, 0xFDBE, 0xFDBE, 0xFDBE, 0xFDBE, 0xFDBE, 0xFDBE, 0xFDBE, 0xFDBE, 0xFDBE, 0xFDBE, 0xFDBE, 
    0xFDBE, 0xFDBE, 0xFDBE, 0xFDBE, 0xFDBE, 0xFDBE, 0xFDBE, 0xFDBE, 0xFDBE, 0xFDBE, 0xFDBE, 0xFDBE, 
    0xFDBE, 0xFDBE, 0xFDBE, 0xFDBE, 0xFDBE, 0xFDBE, 0xFDBE, 0xFDBE, 0xFDBE, 0xFDBE, 0xFDBE, 0xFDBE, 
    0xFDBE, 0xFDBE, 0xFDBE, 0xFDBE, 0xFDBE, 0xFDBE, 0xFDBE, 0xFDBE, 0xFDBE, 0xFDBE, 0x3DC7, 0x9194, 
    0x2562, 0x6562, 0x4562, 0x4462, 0x4562, 0x4662, 0x2562, 0x4662, 0x4662, 0x4662, 0x4562, 0x4662, 
    0x4662, 0x4562, 0x4562, 0x4562, 0x4562, 0x4562, 0x4562, 0x4562, 0x4562, 0x4562, 0x4562, 0x4562, 
    0x4562, 0x4562, 0x4562, 0x4562, 0x4562, 0x4562, 0x2662, 0x4562, 0x2562, 0x4562, 0x876A, 0x59B6, 
    0xFDC6, 0xFDBE, 0xFDBE, 0xFDBE, 0xFDBE, 0xFDBE, 0xFDBE, 0xFDBE, 0xFDBE, 0xFDBE, 0xFDBE, 0xFDBE, 
    0xFDBE, 0xFDBE, 0xFDBE, 0xFDBE, 0xFDBE, 0xFEBE, 0xFDBE, 0x3EC7, 0xB6A5, 0x8762, 0x256A, 0x4562, 
    0x246A, 0x4562, 0x4562, 0x4562, 0x4562, 0x4562, 0x4562, 0x4562, 0x4562, 0x256A, 0x256A, 0x256A, 
    0x256A, 0x2562, 0x2562, 0x466A, 0x466A, 0x4562, 0x4562, 0x4562, 0x4562, 0x4562, 0x4562, 0x4562, 
    0x4562, 0x4562, 0x4562, 0x4462, 0x4562, 0x455A, 0x2462, 0x4A73, 0xBBBE, 0x1DBF, 0xFDBE, 0xFDBE, 
    0xFDBE, 0xFDBE, 0xFDBE, 0xFDBE, 0xFDBE, 0xFDBE, 0xFDBE, 0xFDBE, 0xFDBE, 0xFDBE, 0xFDBE, 0xFDBE, 
    0xFDBE, 0xFDBE, 0xFDBE, 0xFDBE, 0xFDBE, 0xFDBE, 0xFDBE, 0xFDBE, 0xFDBE, 0xFDBE, 0xFDBE, 0xFDBE, 
    0xFDBE, 0xFDBE, 0xFDBE, 0xFDBE, 0xFDBE, 0xFDBE, 0xFDBE, 0xFDBE, 0xFDBE, 0xFDBE, 0xFDBE, 0xFDBE, 
    0xFDBE, 0xFDBE, 0xFDBE, 0xFDBE, 0xFDBE, 0xFDBE, 0xFDBE, 0xFDBE, 0xFDBE, 0xFDBE, 0xFDBE, 0xFDBE, 
    0xFDBE, 0xFDBE, 0xFDBE, 0xFDBE, 0x1DBF, 0xDDB6, 0x167D, 0xF995, 0x1EBF, 0xFDBE, 0xFDBE, 0xFDBE, 
    0xFDBE, 0xFDBE, 0xFDBE, 0xFDBE, 0xFDBE, 0xFDBE, 0xFDBE, 0xFDBE, 0xFDBE, 0xFDBE, 0xFDBE, 0xFDBE, 
    0xFDBE, 0xFDBE, 0xFDBE, 0xFDBE, 0xFDBE, 0xFDBE, 0xFDBE, 0xFDBE, 0xFDBE, 0xFDBE, 0xFDBE, 0xFDBE, 
    
    0xFDBE, 0xFDBE, 0xFDBE, 0xFDBE, 0xFDBE, 0xFDBE, 0xFDBE, 0xFDBE, 0xFDBE, 0xFDBE, 0xFDBE, 0xFDBE, 
    0xFDBE, 0xFDBE, 0xFDBE, 0xFDBE, 0xFDBE, 0xFDBE, 0xFDBE, 0xFDBE, 0xFDBE, 0xFDBE, 0xFDBE, 0xFDBE, 
    0xFDBE, 0xFDBE, 0xFDBE, 0xFDBE, 0xFDBE, 0xFDBE, 0x1DBF, 0xFDBE, 0xFDB6, 0x1EBF, 0x1EBF, 0x1EBF, 
    0x1EBF, 0x1EBF, 0x1EBF, 0x1EBF, 0x1EBF, 0x1EBF, 0x1EBF, 0xFDBE, 0xFDBE, 0xFDBE, 0xFDBE, 0xFDBE, 
    0xFDBE, 0xFDBE, 0xFDBE, 0xFDBE, 0xFDBE, 0xFDBE, 0xFDBE, 0xFDBE, 0xFDBE, 0xFDBE, 0xFDBE, 0xFDBE, 
    0xFDBE, 0xFDBE, 0xFDBE, 0xFDBE, 0xFDBE, 0xFDBE, 0xFDBE, 0xFDBE, 0xFDBE, 0xFDBE, 0xFDBE, 0xFDBE, 
    0xFDBE, 0xFDBE, 0xFDBE, 0xFDBE, 0xFDBE, 0xFDBE, 0xFDBE, 0xFDBE, 0xFDBE, 0xFDBE, 0xFDBE, 0xFDBE, 
    0xFDBE, 0xFDBE, 0xFDBE, 0xFDBE, 0xFDBE, 0xFDBE, 0xFDBE, 0xFDBE, 0xFDBE, 0xFDBE, 0xFDBE, 0xFDBE, 
    0x3EBF, 0x18B6, 0x6C73, 0x8C73, 0x8C7B, 0x8C7B, 0x8D73, 0x8C7B, 0xAB7B, 0x6B7B, 0x296B, 0x8B7B, 
    0xAC7B, 0x8B7B, 0x8B7B, 0xAC7B, 0xAC7B, 0xAC83, 0xAC83, 0xAC83, 0xAC83, 0xCC83, 0xCC83, 0xCC83, 
    0xCC83, 0xCD83, 0xCD83, 0xCD83, 0xCD83, 0xCD83, 0xED83, 0xED7B, 0xEE83, 0xED83, 0x0E84, 0xCD7B, 
    0x8C73, 0x9AAE, 0x1DBF, 0xFDBE, 0xFDBE, 0xFDBE, 0xFDBE, 0xFDBE, 0xFDBE, 0xFDBE, 0xFDBE, 0xFDBE, 
    0xFDBE, 0xFDBE, 0xFDBE, 0xFDBE, 0xFDBE, 0xFDBE, 0xFDBE, 0xFDBE, 0xFCBE, 0x1DBF, 0xDCBE, 0xF29C, 
    0xEE7B, 0x0F7C, 0x0E84, 0x0E8C, 0x0E84, 0x0E84, 0x0E84, 0x0E84, 0x0E84, 0x0E84, 0x0E84, 0x0E8C, 
    0x0E8C, 0x0E8C, 0xEE83, 0xEE83, 0x0E8C, 0xAD7B, 0x4B73, 0xED83, 0x0E84, 0x0E84, 0x0E84, 0x0E84, 
    0x0E84, 0x0E84, 0x0E8C, 0xEE83, 0x0E84, 0xED8B, 0x0F84, 0x0F84, 0xCD83, 0x708C, 0xDCBE, 0x1DBF, 
    0xFDBE, 0xFDBE, 0xFDBE, 0xFDBE, 0xFDBE, 0xFDBE, 0xFDBE, 0xFDBE, 0xFDBE, 0xFDBE, 0xFDBE, 0xFDBE, 
    0xFDBE, 0xFDBE, 0xFDBE, 0xFDBE, 0xFDBE, 0xFDBE, 0xFDBE, 0xFDBE, 0xFDBE, 0xFDBE, 0xFDBE, 0xFDBE, 
    0xFDBE, 0xFDBE, 0xFDBE, 0xFDBE, 0xFDBE, 0xFDBE, 0xFDBE, 0xFDBE, 0xFDBE, 0xFDBE, 0xFDBE, 0xFDBE, 
    0xFDBE, 0xFDBE, 0xFDBE, 0xFDBE, 0xFDBE, 0xFDBE, 0xFDBE, 0xFDBE, 0xFDBE, 0xFDBE, 0xFDBE, 0xFDBE, 
    0xFDBE, 0xFDBE, 0xFDBE, 0xFDBE, 0xFDBE, 0xFDBE, 0x1DBF, 0xDDB6, 0x167D, 0xF995, 0x1EBF, 0xFDBE, 
    0xFDBE, 0xFDBE, 0xFDBE, 0xFDBE, 0xFDBE, 0xFDBE, 0xFDBE, 0xFDBE, 0xFDBE, 0xFDBE, 0xFDBE, 0xFDBE, 
    0xFDBE, 0xFDBE, 0xFDBE, 0xFDBE, 0xFDBE, 0xFDBE, 0xFDBE, 0xFDBE, 0xFDBE, 0xFDBE, 0xFDBE, 0xFDBE, 
    0xFDBE, 0xFDBE, 
    0xFDBE, 0xFDBE, 0xFDBE, 0xFDBE, 0xFDBE, 0xFDBE, 0xFDBE, 0xFDBE, 0xFDBE, 0xFDBE, 
    0xFDBE, 0xFDBE, 0xFDBE, 0xFDBE, 0xFDBE, 0xFDBE, 0xFDBE, 0xFDBE, 0xFDBE, 0xFDBE, 0xFDBE, 0xFDBE, 
    0xFDBE, 0xFDBE, 0xFDBE, 0xFDBE, 0xFDBE, 0xFDBE, 0xFDBE, 0xFDBE, 0x1DBF, 0xF99D, 0x5785, 0x778D, 
    0x988D, 0x778D, 0x988D, 0x988D, 0x988D, 0x988D, 0x9885, 0x988D, 0xBCAE, 0x1EBF, 0xFDBE, 0xFDBE, 
    0xFDBE, 0xFDBE, 0xFDBE, 0xFDBE, 0xFDBE, 0xFDBE, 0xFDBE, 0xFDBE, 0xFDBE, 0xFDBE, 0xFDBE, 0xFDBE, 
    0xFDBE, 0xFDBE, 0xFDBE, 0xFDBE, 0xFDBE, 0xFDBE, 0xFDBE, 0xFDBE, 0xFDBE, 0xFDBE, 0xFDBE, 0xFDBE, 
    0xFDBE, 0xFDBE, 0xFDBE, 0xFDBE, 0xFDBE, 0xFDBE, 0xFDBE, 0xFDBE, 0xFDBE, 0xFDBE, 0xFDBE, 0xFDBE, 
    0xFDBE, 0xFDBE, 0xFDBE, 0xFDBE, 0xFDBE, 0xFDBE, 0xFDBE, 0xFDBE, 0xFDBE, 0xFDBE, 0xFDBE, 0xFDBE, 
    0xFDBE, 0xFDB6, 0x1FAF, 0xFEBE, 0xBBC6, 0xDCBE, 0xDCBE, 0xDBC6, 0xDCBE, 0xDDBE, 0x1DBF, 0x3AA6, 
    0xB474, 0x9BAE, 0x1DBF, 0xFDBE, 0xFDBE, 0xFDBE, 0xFDBE, 0xFDBE, 0x1EBF, 0x1EBF, 0x1EBF, 0x1EBF, 
    0x1EBF, 0x1EBF, 0x1EBF, 0x1EBF, 0x1EBF, 0x1EBF, 0x1EBF, 0x1EBF, 0x1EBF, 0x3DBF, 0x1EC7, 0x3DC7, 
    0x3EC7, 0x1DBF, 0xDCBE, 0x3EA7, 0x1EB7, 0xFDBE, 0xFDBE, 0xFDBE, 0xFDBE, 0xFDBE, 0xFDBE, 0xFDBE, 
    0xFDBE, 0xFDBE, 0xFDBE, 0xFDBE, 0xFDBE, 0xFDBE, 0xFDBE, 0xFDBE, 0xFDBE, 0xFCBE, 0xFCBE, 0x1EB7, 
    0x1EB7, 0x1DC7, 0x3EC7, 0x5FBF, 0x3EBF, 0x3FBF, 0x3FBF, 0x3FBF, 0x3FBF, 0x3FBF, 0x3FBF, 0x3FBF, 
    0x3FBF, 0x5EBF, 0x5FBF, 0x5FBF, 0x5FB7, 0x5FB7, 0x7FBF, 0x5B9E, 0x3675, 0xFEB6, 0x5FC7, 0x3FBF, 
    0x3FBF, 0x3FBF, 0x3FBF, 0x3FBF, 0x3EBF, 0x3EBF, 0x3EBF, 0x3DC7, 0x3EBF, 0x5FBF, 0x1DC7, 0x3EBF, 
    0x1FAF, 0xFDBE, 0xFDBE, 0xFDBE, 0xFDBE, 0xFDBE, 0xFDBE, 0xFDBE, 0xFDBE, 0xFDBE, 0xFDBE, 0xFDBE, 
    0xFDBE, 0xFDBE, 0xFDBE, 0xFDBE, 0xFDBE, 0xFDBE, 0xFDBE, 0xFDBE, 0xFDBE, 0xFDBE, 0xFDBE, 0xFDBE, 
    0xFDBE, 0xFDBE, 0xFDBE, 0xFDBE, 0xFDBE, 0xFDBE, 0xFDBE, 0xFDBE, 0xFDBE, 0xFDBE, 0xFDBE, 0xFDBE, 
    0xFDBE, 0xFDBE, 0xFDBE, 0xFDBE, 0xFDBE, 0xFDBE, 0xFDBE, 0xFDBE, 0xFDBE, 0xFDBE, 0xFDBE, 0xFDBE, 
    0xFDBE, 0xFDBE, 0xFDBE, 0xFDBE, 0xFDBE, 0xFDBE, 0xFDBE, 0xFDBE, 0x1DBF, 0xDDB6, 0x167D, 0xF995, 
    0x1EBF, 0xFDBE, 0xFDBE, 0xFDBE, 0xFDBE, 0xFDBE, 0xFDBE, 0xFDBE, 0xFDBE, 0xFDBE, 0xFDBE, 0xFDBE, 
    0xFDBE, 0xFDBE, 0xFDBE, 0xFDBE, 0xFDBE, 0xFDBE, 0xFDBE, 0xFDBE, 0xFDBE, 0xFDBE, 0xFDBE, 0xFDBE, 
    0xFDBE, 0xFDBE, 0xFDBE, 0xFDBE, 
    0xFDBE, 0xFDBE, 0xFDBE, 0xFDBE, 0xFDBE, 0xFDBE, 0xFDBE, 0xFDBE, 
    0xFDBE, 0xFDBE, 0xFDBE, 0xFDBE, 0xFDBE, 0xFDBE, 0xFDBE, 0xFDBE, 0xFDBE, 0xFDBE, 0xFDBE, 0xFDBE, 
    0xFDBE, 0xFDBE, 0xFDBE, 0xFDBE, 0xFDBE, 0xFDBE, 0xFDBE, 0xFDBE, 0xFDBE, 0xFDBE, 0x1EBF, 0xB88D, 
    0xB56C, 0xB56C, 0xB56C, 0xB56C, 0xB56C, 0xB56C, 0xB56C, 0xB56C, 0xD56C, 0xB46C, 0x3A9E, 0x1EBF, 
    0xFDBE, 0xFDBE, 0xFDBE, 0xFDBE, 0xFDBE, 0xFDBE, 0xFDBE, 0xFDBE, 0xFDBE, 0xFDBE, 0xFDBE, 0xFDBE, 
    0xFDBE, 0xFDBE, 0xFDBE, 0xFDBE, 0xFDBE, 0xFDBE, 0xFDBE, 0xFDBE, 0xFDBE, 0xFDBE, 0xFDBE, 0xFDBE, 
    0xFDBE, 0xFDBE, 0xFDBE, 0xFDBE, 0xFDBE, 0xFDBE, 0xFDBE, 0xFDBE, 0xFDBE, 0xFDBE, 0xFDBE, 0xFDBE, 
    0xFDBE, 0xFDBE, 0xFDBE, 0xFDBE, 0xFDBE, 0xFDBE, 0xFDBE, 0xFDBE, 0xFDBE, 0xFDBE, 0xFDBE, 0xFDBE, 
    0xFDBE, 0xFDBE, 0xFDBE, 0xFCBE, 0x1DB7, 0xFEBE, 0xFDBE, 0x3EB7, 0x1EBF, 0x1DBF, 0x1EB7, 0xFEBE, 
    0x1EC7, 0x5BAE, 0xB574, 0x9CAE, 0x1EBF, 0xFDBE, 0xFDBE, 0xFDBE, 0xFDBE, 0xFDBE, 0xFDBE, 0xFDBE, 
    0xFDBE, 0xFDBE, 0xFDBE, 0xFDBE, 0xFDBE, 0xFDBE, 0xFDBE, 0xFDBE, 0xFDBE, 0xFDBE, 0xFCBE, 0xFDBE, 
    0xDEC6, 0xFCBE, 0xDDBE, 0xFDBE, 0xDCCE, 0x1DB7, 0xFCC6, 0xFDBE, 0xFDBE, 0xFDBE, 0xFDBE, 0xFDBE, 
    0xFDBE, 0xFDBE, 0xFDBE, 0xFDBE, 0xFDBE, 0xFDBE, 0xFDBE, 0xFDBE, 0xFDBE, 0xFDBE, 0xFDBE, 0xFDBE, 
    0xFCBE, 0x1EB7, 0x1EB7, 0xFDBE, 0xFDB6, 0x1EAF, 0xFDB6, 0xFDBE, 0xFDBE, 0xFDBE, 0xFDBE, 0xFDBE, 
    0xFDBE, 0xFDBE, 0xFDBE, 0xFCBE, 0xFDBE, 0xFDBE, 0xFDB6, 0xFDB6, 0x1DBF, 0x199E, 0xF574, 0xBCB6, 
    0xFDBE, 0xFCB6, 0xFDBE, 0xFDBE, 0xFDBE, 0xFDBE, 0xFDBE, 0xFDB6, 0xFCBE, 0xFCBE, 0xFDB6, 0xFDB6, 
    0xFBC6, 0xFCBE, 0xFDB6, 0xFDBE, 0xFDBE, 0xFDBE, 0xFDBE, 0xFDBE, 0xFDBE, 0xFDBE, 0xFDBE, 0xFDBE, 
    0xFDBE, 0xFDBE, 0xFDBE, 0xFDBE, 0xFDBE, 0xFDBE, 0xFDBE, 0xFDBE, 0xFDBE, 0xFDBE, 0xFDBE, 0xFDBE, 
    0xFDBE, 0xFDBE, 0xFDBE, 0xFDBE, 0xFDBE, 0xFDBE, 0xFDBE, 0xFDBE, 0xFDBE, 0xFDBE, 0xFDBE, 0xFDBE, 
    0xFDBE, 0xFDBE, 0xFDBE, 0xFDBE, 0xFDBE, 0xFDBE, 0xFDBE, 0xFDBE, 0xFDBE, 0xFDBE, 0xFDBE, 0xFDBE, 
    0xFDBE, 0xFDBE, 0xFDBE, 0xFDBE, 0xFDBE, 0xFDBE, 0xFDBE, 0xFDBE, 0xFDBE, 0xFDBE, 0x1DBF, 0xDDB6, 
    0x167D, 0xF995, 0x1EBF, 0xFDBE, 0xFDBE, 0xFDBE, 0xFDBE, 0xFDBE, 0xFDBE, 0xFDBE, 0xFDBE, 0xFDBE, 
    0xFDBE, 0xFDBE, 0xFDBE, 0xFDBE, 0xFDBE, 0xFDBE, 0xFDBE, 0xFDBE, 0xFDBE, 0xFDBE, 0xFDBE, 0xFDBE, 
    0xFDBE, 0xFDBE, 0xFDBE, 0xFDBE, 0xFDBE, 0xFDBE, 
    0xFDBE, 0xFDBE, 0xFDBE, 0xFDBE, 0xFDBE, 0xFDBE, 
    0xFDBE, 0xFDBE, 0xFDBE, 0xFDBE, 0xFDBE, 0xFDBE, 0xFDBE, 0xFDBE, 0xFDBE, 0xFDBE, 0xFDBE, 0xFDBE, 
    0xFDBE, 0xFDBE, 0xFDBE, 0xFDBE, 0xFDBE, 0xFDBE, 0xFDBE, 0xFDBE, 0xFDBE, 0xFDBE, 0x1DBF, 0xFDBE, 
    0x3EBF, 0xB88D, 0x167D, 0xF8A5, 0x19AE, 0xF8AD, 0x18AE, 0x19A6, 0xF9AD, 0x19AE, 0xF89D, 0xF574, 
    0x5BA6, 0x1DBF, 0xFDBE, 0xFDBE, 0xFDBE, 0xFDBE, 0xFDBE, 0xFDBE, 0xFDBE, 0xFDBE, 0xFDBE, 0xFDBE, 
    0xFDBE, 0xFDBE, 0xFDBE, 0xFDBE, 0xFDBE, 0xFDBE, 0xFDBE, 0xFDBE, 0xFDBE, 0xFDBE, 0xFDBE, 0xFDBE, 
    0xFDBE, 0xFDBE, 0xFDBE, 0xFDBE, 0xFDBE, 0xFDBE, 0xFDBE, 0xFDBE, 0xFDBE, 0xFDBE, 0xFDBE, 0xFDBE, 
    0xFDBE, 0xFDBE, 0xFDBE, 0xFDBE, 0xFDBE, 0xFDBE, 0xFDBE, 0xFDBE, 0xFDBE, 0xFDBE, 0xFDBE, 0xFDBE, 
    0xFDBE, 0xFDBE, 0xFDBE, 0xFDBE, 0xFDBE, 0xFCC6, 0x1DBF, 0xFDBE, 0xFDBE, 0x1DB7, 0xFDB6, 0x1DBF, 
    0x1DB7, 0xFDB6, 0x3EBF, 0x5BA6, 0xD574, 0x9BAE, 0x1EBF, 0xFDB6, 0xFDB6, 0xFDB6, 0xFDB6, 0xFDB6, 
    0xFDB6, 0x1DBF, 0xFDB6, 0xFDB6, 0xFDB6, 0xFDB6, 0xFDB6, 0xFDB6, 0x1DB7, 0xFDB6, 0xFDB6, 0xFDBE, 
    0x1DBF, 0x1DB7, 0xFEB6, 0x1DB7, 0x1EB7, 0x1EB7, 0xFDBE, 0x1DB7, 0xFCBE, 0xFDBE, 0xFDBE, 0xFDBE, 
    0xFDBE, 0xFDBE, 0xFDBE, 0xFDBE, 0xFDBE, 0xFDBE, 0xFDBE, 0xFDBE, 0xFDBE, 0xFDBE, 0xFDBE, 0xFDBE, 
    0xFDBE, 0x1DB7, 0x1DBF, 0x1DB7, 0x1DB7, 0xFCC6, 0xFCBE, 0xFDBE, 0xFCBE, 0xFDBE, 0xFDBE, 0xFDBE, 
    0xFDBE, 0xFDBE, 0xFDBE, 0xFDBE, 0xFDBE, 0xFDBE, 0xFDBE, 0xFDBE, 0xFDBE, 0xFDBE, 0x1EBF, 0x1A9E, 
    0xF574, 0xBCAE, 0x1EBF, 0xFDB6, 0xFDB6, 0x1DB7, 0x1DB7, 0x1DB7, 0x1DBF, 0xFEB6, 0xFEBE, 0xFDBE, 
    0xFEB6, 0xFEB6, 0xFDBE, 0xFDBE, 0xFEB6, 0xFDBE, 0xFDBE, 0xFDBE, 0xFDBE, 0xFDBE, 0xFDBE, 0xFDBE, 
    0xFDBE, 0xFDBE, 0xFDBE, 0xFDBE, 0xFDBE, 0xFDBE, 0xFDBE, 0xFDBE, 0xFDBE, 0xFDBE, 0xFDBE, 0xFDBE, 
    0xFDBE, 0xFDBE, 0xFDBE, 0xFDBE, 0xFDBE, 0xFDBE, 0xFDBE, 0xFDBE, 0xFDBE, 0xFDBE, 0xFDBE, 0xFDBE, 
    0xFDBE, 0xFDBE, 0xFDBE, 0xFDBE, 0xFDBE, 0xFDBE, 0xFDBE, 0xFDBE, 0xFDBE, 0xFDBE, 0xFDBE, 0xFDBE, 
    0xFDBE, 0xFDBE, 0xFDBE, 0xFDBE, 0xFDBE, 0xFDBE, 0xFDBE, 0xFDBE, 0xFDBE, 0xFDBE, 0xFDBE, 0xFDBE, 
    0x1DBF, 0xDDB6, 0x167D, 0xF995, 0x1EBF, 0xFDBE, 0xFDBE, 0xFDBE, 0xFDBE, 0xFDBE, 0xFDBE, 0xFDBE, 
    0xFDBE, 0xFDBE, 0xFDBE, 0xFDBE, 0xFDBE, 0xFDBE, 0xFDBE, 0xFDBE, 0xFDBE, 0xFDBE, 0xFDBE, 0xFDBE, 
    0xFDBE, 0xFDBE, 0xFDBE, 0xFDBE, 0xFDBE, 0xFDBE, 0xFDBE, 0xFDBE, 
    0xFDBE, 0xFDBE, 0xFDBE, 0xFDBE, 
    0xFDBE, 0xFDBE, 0xFDBE, 0xFDBE, 0xFDBE, 0xFDBE, 0xFDBE, 0xFDBE, 0xFDBE, 0xFDBE, 0xFDBE, 0xFDBE, 
    0xFDBE, 0xFDBE, 0xFDBE, 0xFDBE, 0xFDBE, 0xFDBE, 0xFDBE, 0xFDBE, 0xFDBE, 0xFDBE, 0xFDBE, 0xFDBE, 
    0xFDBE, 0xFDBE, 0x1EBF, 0xB88D, 0x368D, 0x9CFF, 0xDCFF, 0x9DFF, 0xBCFF, 0xBCFF, 0x9DFF, 0xDCFF, 
    0x3BE7, 0xD574, 0x3BA6, 0x3DBF, 0xFDB6, 0xFDBE, 0x1DB7, 0xFDBE, 0xFDBE, 0xFDBE, 0xFDBE, 0xFDBE, 
    0xFDBE, 0xFDBE, 0xFDBE, 0xFDBE, 0xFDBE, 0xFDBE, 0xFDBE, 0xFDBE, 0xFDBE, 0xFDBE, 0xFDBE, 0xFDBE, 
    0xFDBE, 0xFDBE, 0xFDBE, 0xFDBE, 0xFDBE, 0xFDBE, 0xFDBE, 0xFDBE, 0xFDBE, 0xFDBE, 0xFDBE, 0xFDBE, 
    0xFDBE, 0xFDBE, 0xFDBE, 0xFDBE, 0xFDBE, 0xFDBE, 0xFDBE, 0xFDBE, 0xFDBE, 0xFDBE, 0xFDBE, 0xFDBE, 
    0xFDBE, 0xFDBE, 0xFDBE, 0xFDBE, 0xFDBE, 0xFDBE, 0xFDBE, 0xFDBE, 0xFDBE, 0xFDBE, 0xFDBE, 0xFDBE, 
    0xFDBE, 0xFDBE, 0xFDBE, 0xFDBE, 0x1EBF, 0x5BA6, 0xD574, 0x9CAE, 0x1EBF, 0xFDBE, 0xFDBE, 0xFDBE, 
    0xFDBE, 0xFDBE, 0xFDBE, 0xFDBE, 0xFDBE, 0xFDBE, 0xFDBE, 0xFDBE, 0xFDBE, 0xFDBE, 0xFDBE, 0xFDBE, 
    0xFDBE, 0xFDBE, 0xFDBE, 0xFDBE, 0xFDBE, 0xFDBE, 0xFDBE, 0xFDBE, 0xFDBE, 0xFDBE, 0xFDBE, 0xFDBE, 
    0xFDBE, 0xFDBE, 0xFDBE, 0xFDBE, 0xFDBE, 0xFDBE, 0xFDBE, 0xFDBE, 0xFDBE, 0xFDBE, 0xFDBE, 0xFDBE, 
    0xFDBE, 0xFDBE, 0xFDBE, 0xFDBE, 0xFDBE, 0xFDBE, 0xFDBE, 0xFDBE, 0xFDBE, 0xFDBE, 0xFDBE, 0xFDBE, 
    0xFDBE, 0xFDBE, 0xFDBE, 0xFDBE, 0xFDBE, 0xFDBE, 0xFDBE, 0xFDBE, 0xFDBE, 0xFDBE, 0xFDBE, 0xFDBE, 
    0x1EBF, 0x1A9E, 0xF574, 0xBCAE, 0x1EBF, 0xFDBE, 0xFDBE, 0xFDBE, 0xFDBE, 0xFDBE, 0xFDBE, 0xFCBE, 
    0xFDBE, 0xFDBE, 0xFDBE, 0x1DBF, 0x1DB7, 0x1DB7, 0x1DBF, 0xFDBE, 0xFDBE, 0xFDBE, 0xFDBE, 0xFDBE, 
    0xFDBE, 0xFDBE, 0xFDBE, 0xFDBE, 0xFDBE, 0xFDBE, 0xFDBE, 0xFDBE, 0xFDBE, 0xFDBE, 0xFDBE, 0xFDBE, 
    0xFDBE, 0xFDBE, 0xFDBE, 0xFDBE, 0xFDBE, 0xFDBE, 0xFDBE, 0xFDBE, 0xFDBE, 0xFDBE, 0xFDBE, 0xFDBE, 
    0xFDBE, 0xFDBE, 0xFDBE, 0xFDBE, 0xFDBE, 0xFDBE, 0xFDBE, 0xFDBE, 0xFDBE, 0xFDBE, 0xFDBE, 0xFDBE, 
    0xFDBE, 0xFDBE, 0xFDBE, 0xFDBE, 0xFDBE, 0xFDBE, 0xFDBE, 0xFDBE, 0xFDBE, 0xFDBE, 0xFDBE, 0xFDBE, 
    0xFDBE, 0xFDBE, 0x1DBF, 0xDDB6, 0x167D, 0xF995, 0x1EBF, 0xFDBE, 0xFDBE, 0xFDBE, 0xFDBE, 0xFDBE, 
    0xFDBE, 0xFDBE, 0xFDBE, 0xFDBE, 0xFDBE, 0xFDBE, 0xFDBE, 0xFDBE, 0xFDBE, 0xFDBE, 0xFDBE, 0xFDBE, 
    0xFDBE, 0xFDBE, 0xFDBE, 0xFDBE, 0xFDBE, 0xFDBE, 0xFDBE, 0xFDBE, 0xFDBE, 0xFDBE, 
    0xFDBE, 0xFDBE, 
    0xFDBE, 0xFDBE, 0xFDBE, 0xFDBE, 0xFDBE, 0xFDBE, 0xFDBE, 0xFDBE, 0xFDBE, 0xFDBE, 0xFDBE, 0xFDBE, 
    0xFDBE, 0xFDBE, 0xFDBE, 0xFDBE, 0xFDBE, 0xFDBE, 0xFDBE, 0xFDBE, 0xFDBE, 0xFDBE, 0xFDBE, 0xFDBE, 
    0xFDBE, 0xFDBE, 0xFDBE, 0xFDBE, 0x1EBF, 0xB88D, 0x368D, 0x7CFF, 0x9CFF, 0x7CFF, 0x9CFF, 0x9CFF, 
    0x7CFF, 0x9CFF, 0x1BDF, 0xD574, 0x3BA6, 0x3DBF, 0xFDB6, 0xFDBE, 0x1DB7, 0xFDBE, 0xFDBE, 0xFDBE, 
    0xFDBE, 0xFDBE, 0xFDBE, 0xFDBE, 0xFDBE, 0xFDBE, 0xFDBE, 0xFDBE, 0xFDBE, 0xFDBE, 0xFDBE, 0xFDBE, 
    0xFDBE, 0xFDBE, 0xFDBE, 0xFDBE, 0xFDBE, 0xFDBE, 0xFDBE, 0xFDBE, 0xFDBE, 0xFDBE, 0xFDBE, 0xFDBE, 
    0xFDBE, 0xFDBE, 0xFDBE, 0xFDBE, 0xFDBE, 0xFDBE, 0xFDBE, 0xFDBE, 0xFDBE, 0xFDBE, 0xFDBE, 0xFDBE, 
    0xFDBE, 0xFDBE, 0xFDBE, 0xFDBE, 0xFDBE, 0xFDBE, 0xFDBE, 0xFDBE, 0xFDBE, 0xFDBE, 0xFDBE, 0xFDBE, 
    0xFDBE, 0xFDBE, 0xFDBE, 0xFDBE, 0xFDBE, 0xFDBE, 0x1EBF, 0x5BA6, 0xD574, 0x9CAE, 0x1EBF, 0xFDBE, 
    0xFDBE, 0xFDBE, 0xFDBE, 0xFDBE, 0xFDBE, 0xFDBE, 0xFDBE, 0xFDBE, 0xFDBE, 0xFDBE, 0xFDBE, 0xFDBE, 
    0xFDBE, 0xFDBE, 0xFDBE, 0xFDBE, 0xFDBE, 0xFDBE, 0xFDBE, 0xFDBE, 0xFDBE, 0xFDBE, 0xFDBE, 0xFDBE, 
    0xFDBE, 0xFDBE, 0xFDBE, 0xFDBE, 0xFDBE, 0xFDBE, 0xFDBE, 0xFDBE, 0xFDBE, 0xFDBE, 0xFDBE, 0xFDBE, 
    0xFDBE, 0xFDBE, 0xFDBE, 0xFDBE, 0xFDBE, 0xFDBE, 0xFDBE, 0xFDBE, 0xFDBE, 0xFDBE, 0xFDBE, 0xFDBE, 
    0xFDBE, 0xFDBE, 0xFDBE, 0xFDBE, 0xFDBE, 0xFDBE, 0xFDBE, 0xFDBE, 0xFDBE, 0xFDBE, 0xFDBE, 0xFDBE, 
    0xFDBE, 0xFDBE, 0x1EBF, 0x1A9E, 0xF574, 0xBCAE, 0x1EBF, 0xFDBE, 0xFDBE, 0xFDBE, 0xFDBE, 0xFDBE, 
    0xFDBE, 0xFDBE, 0xFDBE, 0xFDBE, 0xFDBE, 0xFDBE, 0x1DBF, 0x1DBF, 0x1DBF, 0xFDBE, 0xFDBE, 0xFDBE, 
    0xFDBE, 0xFDBE, 0xFDBE, 0xFDBE, 0xFDBE, 0xFDBE, 0xFDBE, 0xFDBE, 0xFDBE, 0xFDBE, 0xFDBE, 0xFDBE, 
    0xFDBE, 0xFDBE, 0xFDBE, 0xFDBE, 0xFDBE, 0xFDBE, 0xFDBE, 0xFDBE, 0xFDBE, 0xFDBE, 0xFDBE, 0xFDBE, 
    0xFDBE, 0xFDBE, 0xFDBE, 0xFDBE, 0xFDBE, 0xFDBE, 0xFDBE, 0xFDBE, 0xFDBE, 0xFDBE, 0xFDBE, 0xFDBE, 
    0xFDBE, 0xFDBE, 0xFDBE, 0xFDBE, 0xFDBE, 0xFDBE, 0xFDBE, 0xFDBE, 0xFDBE, 0xFDBE, 0xFDBE, 0xFDBE, 
    0xFDBE, 0xFDBE, 0xFDBE, 0xFDBE, 0x1DBF, 0xDDB6, 0x167D, 0xF995, 0x1EBF, 0xFDBE, 0xFDBE, 0xFDBE, 
    0xFDBE, 0xFDBE, 0xFDBE, 0xFDBE, 0xFDBE, 0xFDBE, 0xFDBE, 0xFDBE, 0xFDBE, 0xFDBE, 0xFDBE, 0xFDBE, 
    0xFDBE, 0xFDBE, 0xFDBE, 0xFDBE, 0xFDBE, 0xFDBE, 0xFDBE, 0xFDBE, 0xFDBE, 0xFDBE, 0xFDBE, 0xFDBE, 
    
    0xFDBE, 0xFDBE, 0xFDBE, 0xFDBE, 0xFDBE, 0xFDBE, 0xFDBE, 0xFDBE, 0xFDBE, 0xFDBE, 0xFDBE, 0xFDBE, 
    0xFDBE, 0xFDBE, 0xFDBE, 0xFDBE, 0xFDBE, 0xFDBE, 0xFDBE, 0xFDBE, 0xFDBE, 0xFDBE, 0xFDBE, 0xFDBE, 
    0xFDBE, 0xFDBE, 0xFDBE, 0xFDBE, 0xFDBE, 0xFDBE, 0x1EBF, 0xB88D, 0x368D, 0x7CFF, 0xBCFF, 0x7DFF, 
    0x9CFF, 0x9CFF, 0x7CFF, 0xBCFF, 0x1BE7, 0xD574, 0x3BA6, 0x3DBF, 0xFDB6, 0xFDBE, 0x1DB7, 0xFDBE, 
    0xFDBE, 0xFDBE, 0xFDBE, 0xFDBE, 0xFDBE, 0xFDBE, 0xFDBE, 0xFDBE, 0xFDBE, 0xFDBE, 0xFDBE, 0xFDBE, 
    0xFDBE, 0xFDBE, 0xFDBE, 0xFDBE, 0xFDBE, 0xFDBE, 0xFDBE, 0xFDBE, 0xFDBE, 0xFDBE, 0xFDBE, 0xFDBE, 
    0xFDBE, 0xFDBE, 0xFDBE, 0xFDBE, 0xFDBE, 0xFDBE, 0xFDBE, 0xFDBE, 0xFDBE, 0xFDBE, 0xFDBE, 0xFDBE, 
    0xFDBE, 0xFDBE, 0xFDBE, 0xFDBE, 0xFDBE, 0xFDBE, 0xFDBE, 0xFDBE, 0xFDBE, 0xFDBE, 0xFDBE, 0xFDBE, 
    0xFDBE, 0xFDBE, 0xFDBE, 0xFDBE, 0xFDBE, 0xFDBE, 0xFDBE, 0xFDBE, 0x1EBF, 0x5BA6, 0xD574, 0x9CAE, 
    0x1EBF, 0xFDBE, 0xFDBE, 0xFDBE, 0xFDBE, 0xFDBE, 0xFDBE, 0xFDBE, 0xFDBE, 0xFDBE, 0xFDBE, 0xFDBE, 
    0xFDBE, 0xFDBE, 0xFDBE, 0xFDBE, 0xFDBE, 0xFDBE, 0xFDBE, 0xFDBE, 0xFDBE, 0xFDBE, 0xFDBE, 0xFDBE, 
    0xFDBE, 0xFDBE, 0xFDBE, 0xFDBE, 0xFDBE, 0xFDBE, 0xFDBE, 0xFDBE, 0xFDBE, 0xFDBE, 0xFDBE, 0xFDBE, 
    0xFDBE, 0xFDBE, 0xFDBE, 0xFDBE, 0xFDBE, 0xFDBE, 0xFDBE, 0xFDBE, 0xFDBE, 0xFDBE, 0xFDBE, 0xFDBE, 
    0xFDBE, 0xFDBE, 0xFDBE, 0xFDBE, 0xFDBE, 0xFDBE, 0xFDBE, 0xFDBE, 0xFDBE, 0xFDBE, 0xFDBE, 0xFDBE, 
    0xFDBE, 0xFDBE, 0xFDBE, 0xFDBE, 0x1EBF, 0x1A9E, 0xF574, 0xBCAE, 0x1DBF, 0xFDBE, 0xFDBE, 0xFDBE, 
    0xFDBE, 0xFDBE, 0xFDBE, 0xFDBE, 0xFDBE, 0xFDBE, 0xFDBE, 0xFDBE, 0x1DBF, 0x1DBF, 0x1DBF, 0xFDBE, 
    0xFDBE, 0xFDBE, 0xFDBE, 0xFDBE, 0xFDBE, 0xFDBE, 0xFDBE, 0xFDBE, 0xFDBE, 0xFDBE, 0xFDBE, 0xFDBE, 
    0xFDBE, 0xFDBE, 0xFDBE, 0xFDBE, 0xFDBE, 0xFDBE, 0xFDBE, 0xFDBE, 0xFDBE, 0xFDBE, 0xFDBE, 0xFDBE, 
    0xFDBE, 0xFDBE, 0xFDBE, 0xFDBE, 0xFDBE, 0xFDBE, 0xFDBE, 0xFDBE, 0xFDBE, 0xFDBE, 0xFDBE, 0xFDBE, 
    0xFDBE, 0xFDBE, 0xFDBE, 0xFDBE, 0xFDBE, 0xFDBE, 0xFDBE, 0xFDBE, 0xFDBE, 0xFDBE, 0xFDBE, 0xFDBE, 
    0xFDBE, 0xFDBE, 0xFDBE, 0xFDBE, 0xFDBE, 0xFDBE, 0x1DBF, 0xDDB6, 0x167D, 0xF995, 0x1EBF, 0xFDBE, 
    0xFDBE, 0xFDBE, 0xFDBE, 0xFDBE, 0xFDBE, 0xFDBE, 0xFDBE, 0xFDBE, 0xFDBE, 0xFDBE, 0xFDBE, 0xFDBE, 
    0xFDBE, 0xFDBE, 0xFDBE, 0xFDBE, 0xFDBE, 0xFDBE, 0xFDBE, 0xFDBE, 0xFDBE, 0xFDBE, 0xFDBE, 0xFDBE, 
    0xFDBE, 0xFDBE, 
    0xFDBE, 0xFDBE, 0xFDBE, 0xFDBE, 0xFDBE, 0xFDBE, 0xFDBE, 0xFDBE, 0xFDBE, 0xFDBE, 
    0xFDBE, 0xFDBE, 0xFDBE, 0xFDBE, 0xFDBE, 0xFDBE, 0xFDBE, 0xFDBE, 0xFDBE, 0xFDBE, 0xFDBE, 0xFDBE, 
    0xFDBE, 0xFDBE, 0xFDBE, 0xFDBE, 0xFDBE, 0xFDBE, 0xFDBE, 0xFDBE, 0x1EBF, 0xB88D, 0x368D, 0x7CFF, 
    0x9CFF, 0x7CFF, 0x9CFF, 0x9CFF, 0x7CFF, 0xBCFF, 0x1BE7, 0xD574, 0x3BA6, 0x3DBF, 0xFDB6, 0xFDBE, 
    0x1DB7, 0xFDBE, 0xFDBE, 0xFDBE, 0xFDBE, 0xFDBE, 0xFDBE, 0xFDBE, 0xFDBE, 0xFDBE, 0xFDBE, 0xFDBE, 
    0xFDBE, 0xFDBE, 0xFDBE, 0xFDBE, 0xFDBE, 0xFDBE, 0xFDBE, 0xFDBE, 0xFDBE, 0xFDBE, 0xFDBE, 0xFDBE, 
    0xFDBE, 0xFDBE, 0xFDBE, 0xFDBE, 0xFDBE, 0xFDBE, 0xFDBE, 0xFDBE, 0xFDBE, 0xFDBE, 0xFDBE, 0xFDBE, 
    0xFDBE, 0xFDBE, 0xFDBE, 0xFDBE, 0xFDBE, 0xFDBE, 0xFDBE, 0xFDBE, 0xFDBE, 0xFDBE, 0xFDBE, 0xFDBE, 
    0xFDBE, 0xFDBE, 0xFDBE, 0xFDBE, 0xFDBE, 0xFDBE, 0xFDBE, 0xFDBE, 0xFDBE, 0xFDBE, 0x1EBF, 0x5BA6, 
    0xD574, 0x9CAE, 0x1EBF, 0xFDBE, 0xFDBE, 0xFDBE, 0xFDBE, 0xFDBE, 0xFDBE, 0xFDBE, 0xFDBE, 0xFDBE, 
    0xFDBE, 0xFDBE, 0xFDBE, 0xFDBE, 0xFDBE, 0xFDBE, 0xFDBE, 0xFDBE, 0xFDBE, 0xFDBE, 0xFDBE, 0xFDBE, 
    0xFDBE, 0xFDBE, 0xFDBE, 0xFDBE, 0xFDBE, 0xFDBE, 0xFDBE, 0xFDBE, 0xFDBE, 0xFDBE, 0xFDBE, 0xFDBE, 
    0xFDBE, 0xFDBE, 0xFDBE, 0xFDBE, 0xFDBE, 0xFDBE, 0xFDBE, 0xFDBE, 0xFDBE, 0xFDBE, 0xFDBE, 0xFDBE, 
    0xFDBE, 0xFDBE, 0xFDBE, 0xFDBE, 0xFDBE, 0xFDBE, 0xFDBE, 0xFDBE, 0xFDBE, 0xFDBE, 0xFDBE, 0xFDBE, 
    0xFDBE, 0xFDBE, 0xFDBE, 0xFDBE, 0xFDBE, 0xFDBE, 0x1EBF, 0x1A9E, 0xF574, 0xBCAE, 0x1DBF, 0xFDBE, 
    0xFDBE, 0xFDBE, 0xFDBE, 0xFDBE, 0xFDBE, 0xFDBE, 0xFDBE, 0xFDBE, 0xFDBE, 0xFDBE, 0xFDBE, 0xFDBE, 
    0xFDBE, 0xFDBE, 0xFDBE, 0xFDBE, 0xFDBE, 0xFDBE, 0xFDBE, 0xFDBE, 0xFDBE, 0xFDBE, 0xFDBE, 0xFDBE, 
    0xFDBE, 0xFDBE, 0xFDBE, 0xFDBE, 0xFDBE, 0xFDBE, 0xFDBE, 0xFDBE, 0xFDBE, 0xFDBE, 0xFDBE, 0xFDBE, 
    0xFDBE, 0xFDBE, 0xFDBE, 0xFDBE, 0xFDBE, 0xFDBE, 0xFDBE, 0xFDBE, 0xFDBE, 0xFDBE, 0xFDBE, 0xFDBE, 
    0xFDBE, 0xFDBE, 0xFDBE, 0xFDBE, 0xFDBE, 0xFDBE, 0xFDBE, 0xFDBE, 0xFDBE, 0xFDBE, 0xFDBE, 0xFDBE, 
    0xFDBE, 0xFDBE, 0xFDBE, 0xFDBE, 0xFDBE, 0xFDBE, 0xFDBE, 0xFDBE, 0x1DBF, 0xDDB6, 0x167D, 0xF995, 
    0x1EBF, 0xFDBE, 0xFDBE, 0xFDBE, 0xFDBE, 0xFDBE, 0xFDBE, 0xFDBE, 0xFDBE, 0xFDBE, 0xFDBE, 0xFDBE, 
    0xFDBE, 0xFDBE, 0xFDBE, 0xFDBE, 0xFDBE, 0xFDBE, 0xFDBE, 0xFDBE, 0xFDBE, 0xFDBE, 0xFDBE, 0xFDBE, 
    0xFDBE, 0xFDBE, 0xFDBE, 0xFDBE, 
    0xFDBE, 0xFDBE, 0xFDBE, 0xFDBE, 0xFDBE, 0xFDBE, 0xFDBE, 0xFDBE, 
    0xFDBE, 0xFDBE, 0xFDBE, 0xFDBE, 0xFDBE, 0xFDBE, 0xFDBE, 0xFDBE, 0xFDBE, 0xFDBE, 0xFDBE, 0xFDBE, 
    0xFDBE, 0xFDBE, 0xFDBE, 0xFDBE, 0xFDBE, 0xFDBE, 0xFDBE, 0xFDBE, 0xFDBE, 0xFDBE, 0x1EBF, 0xB88D, 
    0x368D, 0x7CFF, 0x9CFF, 0x7CFF, 0x9CFF, 0x9CFF, 0x7CFF, 0xBCFF, 0x1BDF, 0xD574, 0x3AA6, 0x3DBF, 
    0xFDB6, 0xFDBE, 0x1DB7, 0xFDBE, 0xFDBE, 0xFDBE, 0xFDBE, 0xFDBE, 0xFDBE, 0xFDBE, 0xFDBE, 0xFDBE, 
    0xFDBE, 0xFDBE, 0xFDBE, 0xFDBE, 0xFDBE, 0xFDBE, 0xFDBE, 0xFDBE, 0xFDBE, 0xFDBE, 0xFDBE, 0xFDBE, 
    0xFDBE, 0xFDBE, 0xFDBE, 0xFDBE, 0xFDBE, 0xFDBE, 0xFDBE, 0xFDBE, 0xFDBE, 0xFDBE, 0xFDBE, 0xFDBE, 
    0xFDBE, 0xFDBE, 0xFDBE, 0xFDBE, 0xFDBE, 0xFDBE, 0xFDBE, 0xFDBE, 0xFDBE, 0xFDBE, 0xFDBE, 0xFDBE, 
    0xFDBE, 0x1DBF, 0x1DBF, 0x1DBF, 0xFDBE, 0xFDBE, 0xFDBE, 0xFDBE, 0xFDBE, 0xFDBE, 0xFDBE, 0xFDBE, 
    0x1EBF, 0x5BA6, 0xD574, 0x9CAE, 0x1EBF, 0xFDBE, 0xFDBE, 0xFDBE, 0xFDBE, 0xFDBE, 0xFDBE, 0xFDBE, 
    0xFDBE, 0xFDBE, 0xFDBE, 0xFDBE, 0xFDBE, 0xFDBE, 0xFDBE, 0xFDBE, 0xFDBE, 0xFDBE, 0xFDBE, 0xFDBE, 
    0xFDBE, 0xFDBE, 0xFDBE, 0xFDBE, 0xFDBE, 0xFDBE, 0xFDBE, 0xFDBE, 0xFDBE, 0xFDBE, 0xFDBE, 0xFDBE, 
    0xFDBE, 0xFDBE, 0xFDBE, 0xFDBE, 0xFDBE, 0xFDBE, 0xFDBE, 0xFDBE, 0xFDBE, 0xFDBE, 0xFDBE, 0xFDBE, 
    0xFDBE, 0xFDBE, 0xFDBE, 0xFDBE, 0xFDBE, 0xFDBE, 0xFDBE, 0xFDBE, 0xFDBE, 0xFDBE, 0xFDBE, 0xFDBE, 
    0xFDBE, 0xFDBE, 0xFDBE, 0xFDBE, 0xFDBE, 0xFDBE, 0xFDBE, 0xFDBE, 0x1EBF, 0x1A9E, 0xF574, 0xBCAE, 
    0x1DBF, 0xFDBE, 0xFDBE, 0xFDBE, 0xFDBE, 0x1DBF, 0x1EBF, 0xFDBE, 0xFDBE, 0xFDBE, 0x1DBF, 0xFDBE, 
    0xFDBE, 0xFDBE, 0xFDBE, 0xFDBE, 0xFDBE, 0xFDBE, 0xFDBE, 0xFDBE, 0xFDBE, 0xFDBE, 0xFDBE, 0xFDBE, 
    0xFDBE, 0xFDBE, 0xFDBE, 0xFDBE, 0xFDBE, 0xFDBE, 0xFDBE, 0xFDBE, 0xFDBE, 0xFDBE, 0xFDBE, 0xFDBE, 
    0xFDBE, 0xFDBE, 0xFDBE, 0xFDBE, 0xFDBE, 0xFDBE, 0xFDBE, 0xFDBE, 0xFDBE, 0xFDBE, 0xFDBE, 0xFDBE, 
    0xFDBE, 0xFDBE, 0xFDBE, 0xFDBE, 0xFDBE, 0xFDBE, 0xFDBE, 0xFDBE, 0xFDBE, 0xFDBE, 0xFDBE, 0xFDBE, 
    0xFDBE, 0xFDBE, 0xFDBE, 0xFDBE, 0xFDBE, 0xFDBE, 0xFDBE, 0xFDBE, 0xFDBE, 0xFDBE, 0x1DBF, 0xDDB6, 
    0x167D, 0xF995, 0x1EBF, 0xFDBE, 0xFDBE, 0xFDBE, 0xFDBE, 0xFDBE, 0xFDBE, 0xFDBE, 0xFDBE, 0xFDBE, 
    0xFDBE, 0xFDBE, 0xFDBE, 0xFDBE, 0xFDBE, 0xFDBE, 0xFDBE, 0xFDBE, 0xFDBE, 0xFDBE, 0xFDBE, 0xFDBE, 
    0xFDBE, 0xFDBE, 0xFDBE, 0xFDBE, 0xFDBE, 0xFDBE, 
    0xFDBE, 0xFDBE, 0xFDBE, 0xFDBE, 0xFDBE, 0xFDBE, 
    0xFDBE, 0xFDBE, 0xFDBE, 0xFDBE, 0xFDBE, 0xFDBE, 0xFDBE, 0xFDBE, 0xFDBE, 0xFDBE, 0xFDBE, 0xFDBE, 
    0xFDBE, 0xFDBE, 0xFDBE, 0xFDBE, 0xFDBE, 0xFDBE, 0xFDBE, 0xFDBE, 0xFDBE, 0xFDBE, 0xFDBE, 0xFDBE, 
    0x1EBF, 0xB88D, 0x368D, 0x7CFF, 0x9CFF, 0x7CFF, 0x9CFF, 0x9CFF, 0x7CFF, 0xBCFF, 0x1BDF, 0xD574, 
    0x3AA6, 0x3DBF, 0xFDB6, 0xFDBE, 0x1DB7, 0xFDBE, 0xFDBE, 0xFDBE, 0xFDBE, 0xFDBE, 0xFDBE, 0xFDBE, 
    0xFDBE, 0xFDBE, 0xFDBE, 0xFDBE, 0xFDBE, 0xFDBE, 0xFDBE, 0xFDBE, 0xFDBE, 0xFDBE, 0xFDBE, 0xFDBE, 
    0xFDBE, 0xFDBE, 0xFDBE, 0xFDBE, 0xFDBE, 0xFDBE, 0xFDBE, 0xFDBE, 0xFDBE, 0xFDBE, 0xFDBE, 0xFDBE, 
    0xFDBE, 0xFDBE, 0xFDBE, 0xFDBE, 0xFDBE, 0xFDBE, 0xFDBE, 0xFDBE, 0xFDBE, 0xFDBE, 0xFDBE, 0xFDBE, 
    0xFDBE, 0x1EB7, 0xDDB6, 0x9CA6, 0x1EB7, 0xFDB6, 0xFDBE, 0xFDBE, 0xFDBE, 0xFDBE, 0xFDBE, 0xFDBE, 
    0xFDBE, 0xFDBE, 0x1EBF, 0x5BA6, 0xD574, 0x9CAE, 0x1EBF, 0xFDBE, 0xFDBE, 0xFDBE, 0xFDBE, 0xFDBE, 
    0xFDBE, 0xFDBE, 0xFDBE, 0xFDBE, 0xFDBE, 0xFDBE, 0xFDBE, 0xFDBE, 0xFDBE, 0xFDBE, 0xFDBE, 0xFDBE, 
    0xFDBE, 0xFDBE, 0xFDBE, 0xFDBE, 0xFDBE, 0xFDBE, 0xFDBE, 0xFDBE, 0xFDBE, 0xFDBE, 0xFDBE, 0xFDBE, 
    0xFDBE, 0xFDBE, 0xFDBE, 0xFDBE, 0xFDBE, 0xFDBE, 0xFDBE, 0xFDBE, 0xFDBE, 0xFDBE, 0xFDBE, 0xFDBE, 
    0xFDBE, 0xFDBE, 0xFDBE, 0xFDBE, 0xFDBE, 0xFDBE, 0xFDBE, 0xFDBE, 0xFDBE, 0xFDBE, 0xFDBE, 0xFDBE, 
    0xFDBE, 0xFDBE, 0xFDBE, 0xFDBE, 0xFDBE, 0xFDBE, 0xFDBE, 0xFDBE, 0xFDBE, 0xFDBE, 0x1EBF, 0x1A9E, 
    0xF574, 0xBCB6, 0x1DBF, 0xFDBE, 0xFDBE, 0xFDBE, 0x1EB7, 0xFDB6, 0x7CA6, 0x1EBF, 0xFDB6, 0x1DBF, 
    0xFDBE, 0xFDBE, 0xFDBE, 0xFDBE, 0xFDBE, 0xFDBE, 0xFDBE, 0xFDBE, 0xFDBE, 0xFDBE, 0xFDBE, 0xFDBE, 
    0xFDBE, 0xFDBE, 0xFDBE, 0xFDBE, 0xFDBE, 0xFDBE, 0xFDBE, 0xFDBE, 0xFDBE, 0xFDBE, 0xFDBE, 0xFDBE, 
    0xFDBE, 0xFDBE, 0xFDBE, 0xFDBE, 0xFDBE, 0xFDBE, 0xFDBE, 0xFDBE, 0xFDBE, 0xFDBE, 0xFDBE, 0xFDBE, 
    0xFDBE, 0xFDBE, 0xFDBE, 0xFDBE, 0xFDBE, 0xFDBE, 0xFDBE, 0xFDBE, 0xFDBE, 0xFDBE, 0xFDBE, 0xFDBE, 
    0xFDBE, 0xFDBE, 0xFDBE, 0xFDBE, 0xFDBE, 0xFDBE, 0xFDBE, 0xFDBE, 0xFDBE, 0xFDBE, 0xFDBE, 0xFDBE, 
    0x1DBF, 0xDDB6, 0x167D, 0xF995, 0x1EBF, 0xFDBE, 0xFDBE, 0xFDBE, 0xFDBE, 0xFDBE, 0xFDBE, 0xFDBE, 
    0xFDBE, 0xFDBE, 0xFDBE, 0xFDBE, 0xFDBE, 0xFDBE, 0xFDBE, 0xFDBE, 0xFDBE, 0xFDBE, 0xFDBE, 0xFDBE, 
    0xFDBE, 0xFDBE, 0xFDBE, 0xFDBE, 0xFDBE, 0xFDBE, 0xFDBE, 0xFDBE, 
    0xFDBE, 0xFDBE, 0xFDBE, 0xFDBE, 
    0xFDBE, 0xFDBE, 0xFDBE, 0xFDBE, 0xFDBE, 0xFDBE, 0xFDBE, 0xFDBE, 0xFDBE, 0xFDBE, 0xFDBE, 0xFDBE, 
    0xFDBE, 0xFDBE, 0xFDBE, 0xFDBE, 0xFDBE, 0xFDBE, 0xFDBE, 0xFDBE, 0xFDBE, 0xFDBE, 0xFDBE, 0xFDBE, 
    0xFDBE, 0xFDBE, 0x1EBF, 0xB88D, 0x368D, 0x7CFF, 0x9CFF, 0x7CFF, 0x9CFF, 0x9CFF, 0x7CFF, 0xBCFF, 
    0x1BDF, 0xD574, 0x3AA6, 0x3DBF, 0xFDB6, 0xFDBE, 0x1DB7, 0xFDBE, 0xFDBE, 0xFDBE, 0xFDBE, 0xFDBE, 
    0xFDBE, 0xFDBE, 0xFDBE, 0xFDBE, 0xFDBE, 0xFDBE, 0xFDBE, 0xFDBE, 0xFDBE, 0xFDBE, 0xFDBE, 0xFDBE, 
    0xFDBE, 0xFDBE, 0xFDBE, 0xFDBE, 0xFDBE, 0xFDBE, 0xFDBE, 0xFDBE, 0xFDBE, 0xFDBE, 0xFDBE, 0xFDBE, 
    0xFDBE, 0xFDBE, 0xFDBE, 0xFDBE, 0xFDBE, 0xFDBE, 0xFDBE, 0xFDBE, 0xFDBE, 0xFDBE, 0xFDBE, 0xFDBE, 
    0xFDBE, 0xFDBE, 0xFDB6, 0x3EBF, 0x9885, 0x1254, 0xDDAE, 0x1EBF, 0xFDBE, 0xFDBE, 0xFDBE, 0xFDBE, 
    0xFDBE, 0xFDBE, 0xFDBE, 0xFDBE, 0x1EBF, 0x5BA6, 0xD574, 0x9CAE, 0x1EBF, 0xFDBE, 0xFDBE, 0xFDBE, 
    0xFDBE, 0xFDBE, 0xFDBE, 0xFDBE, 0xFDBE, 0xFDBE, 0xFDBE, 0xFDBE, 0xFDBE, 0xFDBE, 0xFDBE, 0xFDBE, 
    0xFDBE, 0xFDBE, 0xFDBE, 0xFDBE, 0xFDBE, 0xFDBE, 0xFDBE, 0xFDBE, 0xFDBE, 0xFDBE, 0xFDBE, 0xFDBE, 
    0xFDBE, 0xFDBE, 0xFDBE, 0xFDBE, 0xFDBE, 0xFDBE, 0xFDBE, 0xFDBE, 0xFDBE, 0xFDBE, 0xFDBE, 0xFDBE, 
    0xFDBE, 0xFDBE, 0xFDBE, 0xFDBE, 0xFDBE, 0xFDBE, 0xFDBE, 0xFDBE, 0xFDBE, 0xFDBE, 0xFDBE, 0xFDBE, 
    0xFDBE, 0xFDBE, 0xFDBE, 0xFDBE, 0xFDBE, 0xFDBE, 0xFDBE, 0xFDBE, 0xFDBE, 0xFDBE, 0xFDBE, 0xFDBE, 
    0x1EBF, 0x1A9E, 0xF574, 0xBCB6, 0x1DBF, 0xFDBE, 0xFDBE, 0xFDB6, 0x3FBF, 0xD98D, 0xD24B, 0x9CAE, 
    0x1EBF, 0xFDB6, 0x1DBF, 0xFDBE, 0xFDBE, 0xFDBE, 0xFDBE, 0xFDBE, 0xFDBE, 0xFDBE, 0xFDBE, 0xFDBE, 
    0xFDBE, 0xFDBE, 0xFDBE, 0xFDBE, 0xFDBE, 0xFDBE, 0xFDBE, 0xFDBE, 0xFDBE, 0xFDBE, 0xFDBE, 0xFDBE, 
    0xFDBE, 0xFDBE, 0xFDBE, 0xFDBE, 0xFDBE, 0xFDBE, 0xFDBE, 0xFDBE, 0xFDBE, 0xFDBE, 0xFDBE, 0xFDBE, 
    0xFDBE, 0xFDBE, 0xFDBE, 0xFDBE, 0xFDBE, 0xFDBE, 0xFDBE, 0xFDBE, 0xFDBE, 0xFDBE, 0xFDBE, 0xFDBE, 
    0xFDBE, 0xFDBE, 0xFDBE, 0xFDBE, 0xFDBE, 0xFDBE, 0xFDBE, 0xFDBE, 0xFDBE, 0xFDBE, 0xFDBE, 0xFDBE, 
    0xFDBE, 0xFDBE, 0x1DBF, 0xDDB6, 0x167D, 0xF995, 0x1EBF, 0xFDBE, 0xFDBE, 0xFDBE, 0xFDBE, 0xFDBE, 
    0xFDBE, 0xFDBE, 0xFDBE, 0xFDBE, 0xFDBE, 0xFDBE, 0xFDBE, 0xFDBE, 0xFDBE, 0xFDBE, 0xFDBE, 0xFDBE, 
    0xFDBE, 0xFDBE, 0xFDBE, 0xFDBE, 0xFDBE, 0xFDBE, 0xFDBE, 0xFDBE, 0xFDBE, 0xFDBE, 
    0xFDBE, 0xFDBE, 
    0xFDBE, 0xFDBE, 0xFDBE, 0xFDBE, 0xFDBE, 0xFDBE, 0xFDBE, 0xFDBE, 0xFDBE, 0xFDBE, 0xFDBE, 0xFDBE, 
    0xFDBE, 0xFDBE, 0xFDBE, 0xFDBE, 0xFDBE, 0xFDBE, 0xFDBE, 0xFDBE, 0xFDBE, 0xFDBE, 0xFDBE, 0xFDBE, 
    0xFDBE, 0xFDBE, 0xFDBE, 0xFDBE, 0x1EBF, 0xB88D, 0x368D, 0x7CFF, 0x9CFF, 0x7CFF, 0x9CFF, 0x9CFF, 
    0x7CFF, 0xBCFF, 0x1BDF, 0xD574, 0x3AA6, 0x3DBF, 0xFDB6, 0xFDBE, 0x1DB7, 0xFDBE, 0xFDBE, 0xFDBE, 
    0xFDBE, 0xFDBE, 0xFDBE, 0xFDBE, 0xFDBE, 0xFDBE, 0xFDBE, 0xFDBE, 0xFDBE, 0xFDBE, 0xFDBE, 0xFDBE, 
    0xFDBE, 0xFDBE, 0xFDBE, 0xFDBE, 0xFDBE, 0xFDBE, 0xFDBE, 0xFDBE, 0xFDBE, 0xFDBE, 0xFDBE, 0xFDBE, 
    0xFDBE, 0xFDBE, 0xFDBE, 0xFDBE, 0xFDBE, 0xFDBE, 0xFDBE, 0xFDBE, 0xFDBE, 0xFDBE, 0xFDBE, 0xFDBE, 
    0xFDBE, 0xFDBE, 0xFDBE, 0xFDBE, 0x3EBF, 0xBDA6, 0xB13B, 0xCE1A, 0x376D, 0x3EBF, 0xFDBE, 0x1DBF, 
    0x1DBF, 0xFDBE, 0xFDBE, 0xFDBE, 0xFDBE, 0xFDBE, 0x1EBF, 0x5BA6, 0xD574, 0x9CAE, 0x1EBF, 0xFDBE, 
    0xFDBE, 0xFDBE, 0xFDBE, 0xFDBE, 0xFDBE, 0xFDBE, 0xFDBE, 0xFDBE, 0xFDBE, 0xFDBE, 0xFDBE, 0xFDBE, 
    0xFDBE, 0xFDBE, 0xFDBE, 0xFDBE, 0xFDBE, 0xFDBE, 0xFDBE, 0xFDBE, 0xFDBE, 0xFDBE, 0xFDBE, 0xFDBE, 
    0xFDBE, 0xFDBE, 0xFDBE, 0xFDBE, 0xFDBE, 0xFDBE, 0xFDBE, 0xFDBE, 0xFDBE, 0xFDBE, 0xFDBE, 0xFDBE, 
    0xFDBE, 0xFDBE, 0xFDBE, 0xFDBE, 0xFDBE, 0xFDBE, 0xFDBE, 0xFDBE, 0xFDBE, 0xFDBE, 0xFDBE, 0xFDBE, 
    0xFDBE, 0xFDBE, 0xFDBE, 0xFDBE, 0xFDBE, 0xFDBE, 0xFDBE, 0xFDBE, 0xFDBE, 0xFDBE, 0xFDBE, 0xFDBE, 
    0xFDBE, 0xFDBE, 0x1EBF, 0x1A9E, 0xF674, 0xBCB6, 0x1DBF, 0x1CB7, 0xFDB6, 0x1EBF, 0xBDAE, 0xF243, 
    0xAE1A, 0xB664, 0x3EB7, 0xFDBE, 0xFDBE, 0xFDBE, 0xFDB6, 0xFDBE, 0xFDBE, 0xFDBE, 0xFDBE, 0xFDBE, 
    0xFDBE, 0xFDBE, 0xFDBE, 0xFDBE, 0xFDBE, 0xFDBE, 0xFDBE, 0xFDBE, 0xFDBE, 0xFDBE, 0xFDBE, 0xFDBE, 
    0xFDBE, 0xFDBE, 0xFDBE, 0xFDBE, 0xFDBE, 0xFDBE, 0xFDBE, 0xFDBE, 0xFDBE, 0xFDBE, 0xFDBE, 0xFDBE, 
    0xFDBE, 0xFDBE, 0xFDBE, 0xFDBE, 0xFDBE, 0xFDBE, 0xFDBE, 0xFDBE, 0xFDBE, 0xFDBE, 0xFDBE, 0xFDBE, 
    0xFDBE, 0xFDBE, 0xFDBE, 0xFDBE, 0xFDBE, 0xFDBE, 0xFDBE, 0xFDBE, 0xFDBE, 0xFDBE, 0xFDBE, 0xFDBE, 
    0xFDBE, 0xFDBE, 0xFDBE, 0xFDBE, 0x1DBF, 0xDDB6, 0x167D, 0xF995, 0x1EBF, 0xFDBE, 0xFDBE, 0xFDBE, 
    0xFDBE, 0xFDBE, 0xFDBE, 0xFDBE, 0xFDBE, 0xFDBE, 0xFDBE, 0xFDBE, 0xFDBE, 0xFDBE, 0xFDBE, 0xFDBE, 
    0xFDBE, 0xFDBE, 0xFDBE, 0xFDBE, 0xFDBE, 0xFDBE, 0xFDBE, 0xFDBE, 0xFDBE, 0xFDBE, 0xFDBE, 0xFDBE, 
    
    0xFDBE, 0xFDBE, 0xFDBE, 0xFDBE, 0xFDBE, 0xFDBE, 0xFDBE, 0xFDBE, 0xFDBE, 0xFDBE, 0xFDBE, 0xFDBE, 
    0xFDBE, 0xFDBE, 0xFDBE, 0xFDBE, 0xFDBE, 0xFDBE, 0xFDBE, 0xFDBE, 0xFDBE, 0xFDBE, 0xFDBE, 0xFDBE, 
    0xFDBE, 0xFDBE, 0xFDBE, 0xFDBE, 0xFDBE, 0xFDBE, 0x1EBF, 0xB88D, 0x368D, 0x7CFF, 0x9CFF, 0x7CFF, 
    0x9CFF, 0x9CFF, 0x7CFF, 0xBCFF, 0x1BDF, 0xD574, 0x3AA6, 0x3DBF, 0xFDB6, 0xFDBE, 0x1DB7, 0xFDBE, 
    0xFDBE, 0xFDBE, 0xFDBE, 0xFDBE, 0xFDBE, 0xFDBE, 0xFDBE, 0xFDBE, 0xFDBE, 0xFDBE, 0xFDBE, 0xFDBE, 
    0xFDBE, 0xFDBE, 0xFDBE, 0xFDBE, 0xFDBE, 0xFDBE, 0xFDBE, 0xFDBE, 0xFDBE, 0xFDBE, 0xFDBE, 0xFDBE, 
    0xFDBE, 0xFDBE, 0xFDBE, 0xFDBE, 0xFDBE, 0xFDBE, 0xFDBE, 0xFDBE, 0xFDBE, 0xFDBE, 0xFDBE, 0xFDBE, 
    0xFDBE, 0xFDBE, 0xFDBE, 0xFDBE, 0xFDBE, 0xFCBE, 0x1DB7, 0xD65C, 0xF012, 0xF012, 0x512B, 0x1B9E, 
    0x1EC7, 0xFCBE, 0x1CBF, 0x1DBF, 0xFEBE, 0xFEBE, 0xFDBE, 0xFDBE, 0x1EBF, 0x5BA6, 0xD574, 0x9CAE, 
    0x1EBF, 0xFDBE, 0xFDBE, 0xFDBE, 0xFDBE, 0xFDBE, 0xFDBE, 0xFDBE, 0xFDBE, 0xFDBE, 0xFDBE, 0xFDBE, 
    0xFDBE, 0xFDBE, 0xFDBE, 0xFDBE, 0xFDBE, 0xFDBE, 0xFDBE, 0xFDBE, 0xFDBE, 0xFDBE, 0xFDBE, 0xFDBE, 
    0xFDBE, 0xFDBE, 0xFDBE, 0xFDBE, 0xFDBE, 0xFDBE, 0xFDBE, 0xFDBE, 0xFDBE, 0xFDBE, 0xFDBE, 0xFDBE, 
    0xFDBE, 0xFDBE, 0xFDBE, 0xFDBE, 0xFDBE, 0xFDBE, 0xFDBE, 0xFDBE, 0xFDBE, 0xFDBE, 0xFDBE, 0xFDBE, 
    0xFDBE, 0xFDBE, 0xFDBE, 0xFDBE, 0xFDBE, 0xFDBE, 0xFDBE, 0xFDBE, 0xFDBE, 0xFDBE, 0xFDBE, 0xFDBE, 
    0xFDBE, 0xFDBE, 0xFDBE, 0xFDBE, 0x1EBF, 0x1A9E, 0xF674, 0x9DB6, 0x1DBF, 0x1CB7, 0x1CB7, 0x1EBF, 
    0xF76C, 0xEF12, 0x100B, 0x311B, 0xB985, 0x1DBF, 0xFCBE, 0xFDBE, 0x1EB7, 0xFDBE, 0xFDBE, 0xFDBE, 
    0xFDBE, 0xFDBE, 0xFDBE, 0xFDBE, 0xFDBE, 0xFDBE, 0xFDBE, 0xFDBE, 0xFDBE, 0xFDBE, 0xFDBE, 0xFDBE, 
    0xFDBE, 0xFDBE, 0xFDBE, 0xFDBE, 0xFDBE, 0xFDBE, 0xFDBE, 0xFDBE, 0xFDBE, 0xFDBE, 0xFDBE, 0xFDBE, 
    0xFDBE, 0xFDBE, 0xFDBE, 0xFDBE, 0xFDBE, 0xFDBE, 0xFDBE, 0xFDBE, 0xFDBE, 0xFDBE, 0xFDBE, 0xFDBE, 
    0xFDBE, 0xFDBE, 0xFDBE, 0xFDBE, 0xFDBE, 0xFDBE, 0xFDBE, 0xFDBE, 0xFDBE, 0xFDBE, 0xFDBE, 0xFDBE, 
    0xFDBE, 0xFDBE, 0xFDBE, 0xFDBE, 0xFDBE, 0xFDBE, 0x1DBF, 0xDDB6, 0x167D, 0xF995, 0x1EBF, 0xFDBE, 
    0xFDBE, 0xFDBE, 0xFDBE, 0xFDBE, 0xFDBE, 0xFDBE, 0xFDBE, 0xFDBE, 0xFDBE, 0xFDBE, 0xFDBE, 0xFDBE, 
    0xFDBE, 0xFDBE, 0xFDBE, 0xFDBE, 0xFDBE, 0xFDBE, 0xFDBE, 0xFDBE, 0xFDBE, 0xFDBE, 0xFDBE, 0xFDBE, 
    0xFDBE, 0xFDBE, 
    0xFDBE, 0xFDBE, 0xFDBE, 0xFDBE, 0xFDBE, 0xFDBE, 0xFDBE, 0xFDBE, 0xFDBE, 0xFDBE, 
    0xFDBE, 0xFDBE, 0xFDBE, 0xFDBE, 0xFDBE, 0xFDBE, 0xFDBE, 0xFDBE, 0xFDBE, 0xFDBE, 0xFDBE, 0xFDBE, 
    0xFDBE, 0xFDBE, 0xFDBE, 0xFDBE, 0xFDBE, 0xFDBE, 0xFDBE, 0xFDBE, 0x1EBF, 0xB88D, 0x368D, 0x7CFF, 
    0x9CFF, 0x7CFF, 0x9CFF, 0x9CFF, 0x7CFF, 0xBCFF, 0x1BDF, 0xD574, 0x3AA6, 0x3DBF, 0xFDB6, 0xFDBE, 
    0x1DB7, 0xFDBE, 0xFDBE, 0xFDBE, 0xFDBE, 0xFDBE, 0xFDBE, 0xFDBE, 0xFDBE, 0xFDBE, 0xFDBE, 0xFDBE, 
    0xFDBE, 0xFDBE, 0xFDBE, 0xFDBE, 0xFDBE, 0xFDBE, 0xFDBE, 0xFDBE, 0xFDBE, 0xFDBE, 0xFDBE, 0xFDBE, 
    0xFDBE, 0xFDBE, 0xFDBE, 0xFDBE, 0xFDBE, 0xFDBE, 0xFDBE, 0xFDBE, 0xFDBE, 0xFDBE, 0xFDBE, 0xFDBE, 
    0xFDBE, 0xFDBE, 0xFDBE, 0xFDBE, 0xFDBE, 0x1DBF, 0xFDB6, 0x1DBF, 0x5BA6, 0x502B, 0xEF12, 0x101B, 
    0xCF12, 0x134C, 0xDDB6, 0xFDBE, 0xFDBE, 0xFDBE, 0xFDB6, 0xFDBE, 0xFDBE, 0xFDBE, 0x1EBF, 0x5BA6, 
    0xD574, 0x9CAE, 0x1EBF, 0xFDBE, 0xFDBE, 0xFDBE, 0xFDBE, 0xFDBE, 0xFDBE, 0xFDBE, 0xFDBE, 0xFDBE, 
    0xFDBE, 0xFDBE, 0xFDBE, 0xFDBE, 0xFDBE, 0xFDBE, 0xFDBE, 0xFDBE, 0xFDBE, 0xFDBE, 0xFDBE, 0xFDBE, 
    0xFDBE, 0xFDBE, 0xFDBE, 0xFDBE, 0xFDBE, 0xFDBE, 0xFDBE, 0xFDBE, 0xFDBE, 0xFDBE, 0xFDBE, 0xFDBE, 
    0xFDBE, 0xFDBE, 0xFDBE, 0xFDBE, 0xFDBE, 0xFDBE, 0xFDBE, 0xFDBE, 0xFDBE, 0xFDBE, 0xFDBE, 0xFDBE, 
    0xFDBE, 0xFDBE, 0xFDBE, 0xFDBE, 0xFDBE, 0xFDBE, 0xFDBE, 0xFDBE, 0xFDBE, 0xFDBE, 0xFDBE, 0xFDBE, 
    0xFDBE, 0xFDBE, 0xFDBE, 0xFDBE, 0xFDBE, 0xFDBE, 0x1EBF, 0x1A9E, 0xF674, 0xBCB6, 0x1DBF, 0xFCBE, 
    0x3EBF, 0xFA95, 0x302B, 0xF012, 0x1013, 0xCF12, 0x535C, 0xFDBE, 0xFDBE, 0xFDBE, 0x1EB7, 0xFDBE, 
    0xFDBE, 0xFDBE, 0xFDBE, 0xFDBE, 0xFDBE, 0xFDBE, 0xFDBE, 0xFDBE, 0xFDBE, 0xFDBE, 0xFDBE, 0xFDBE, 
    0xFDBE, 0xFDBE, 0xFDBE, 0xFDBE, 0xFDBE, 0xFDBE, 0xFDBE, 0xFDBE, 0xFDBE, 0xFDBE, 0xFDBE, 0xFDBE, 
    0xFDBE, 0xFDBE, 0xFDBE, 0xFDBE, 0xFDBE, 0xFDBE, 0xFDBE, 0xFDBE, 0xFDBE, 0xFDBE, 0xFDBE, 0xFDBE, 
    0xFDBE, 0xFDBE, 0xFDBE, 0xFDBE, 0xFDBE, 0xFDBE, 0xFDBE, 0xFDBE, 0xFDBE, 0xFDBE, 0xFDBE, 0xFDBE, 
    0xFDBE, 0xFDBE, 0xFDBE, 0xFDBE, 0xFDBE, 0xFDBE, 0xFDBE, 0xFDBE, 0x1DBF, 0xDDB6, 0x167D, 0xF995, 
    0x1EBF, 0xFDBE, 0xFDBE, 0xFDBE, 0xFDBE, 0xFDBE, 0xFDBE, 0xFDBE, 0xFDBE, 0xFDBE, 0xFDBE, 0xFDBE, 
    0xFDBE, 0xFDBE, 0xFDBE, 0xFDBE, 0xFDBE, 0xFDBE, 0xFDBE, 0xFDBE, 0xFDBE, 0xFDBE, 0xFDBE, 0xFDBE, 
    0xFDBE, 0xFDBE, 0xFDBE, 0xFDBE, 
    0xFDBE, 0xFDBE, 0xFDBE, 0xFDBE, 0xFDBE, 0xFDBE, 0xFDBE, 0xFDBE, 
    0xFDBE, 0xFDBE, 0xFDBE, 0xFDBE, 0xFDBE, 0xFDBE, 0xFDBE, 0xFDBE, 0xFDBE, 0xFDBE, 0xFDBE, 0xFDBE, 
    0xFDBE, 0xFDBE, 0xFDBE, 0xFDBE, 0xFDBE, 0xFDBE, 0xFDBE, 0xFDBE, 0xFDBE, 0xFDBE, 0x1EBF, 0xB88D, 
    0x368D, 0x7CFF, 0x9CFF, 0x7CFF, 0x9CFF, 0x9CFF, 0x7CFF, 0xBCFF, 0x1BDF, 0xD574, 0x3AA6, 0x3DBF, 
    0xFDB6, 0xFDBE, 0x1DB7, 0xFDBE, 0xFDBE, 0xFDBE, 0xFDBE, 0xFDBE, 0xFDBE, 0xFDBE, 0xFDBE, 0xFDBE, 
    0xFDBE, 0xFDBE, 0xFDBE, 0xFDBE, 0xFDBE, 0xFDBE, 0xFDBE, 0xFDBE, 0xFDBE, 0xFDBE, 0xFDBE, 0xFDBE, 
    0xFDBE, 0xFDBE, 0xFDBE, 0xFDBE, 0xFDBE, 0xFDBE, 0xFDBE, 0xFDBE, 0xFDBE, 0xFDBE, 0xFDBE, 0xFDBE, 
    0xFDBE, 0xFDBE, 0xFDBE, 0xFDBE, 0xFDBE, 0xFDBE, 0xFDBE, 0x1DB7, 0x1DBF, 0xFDBE, 0x1DBF, 0xB664, 
    0xCF1A, 0x1013, 0x1013, 0xEF1A, 0x3775, 0x3FBF, 0xFDBE, 0xFDBE, 0x1DB7, 0x1DB7, 0xFDBE, 0xFDBE, 
    0x1EBF, 0x5BA6, 0xD574, 0x9CAE, 0x1EBF, 0xFDBE, 0xFDBE, 0xFDBE, 0xFDBE, 0xFDBE, 0xFDBE, 0xFDBE, 
    0xFDBE, 0xFDBE, 0xFDBE, 0xFDBE, 0xFDBE, 0xFDBE, 0xFDBE, 0xFDBE, 0xFDBE, 0xFDBE, 0xFDBE, 0xFDBE, 
    0xFDBE, 0xFDBE, 0xFDBE, 0xFDBE, 0xFDBE, 0xFDBE, 0xFDBE, 0xFDBE, 0xFDBE, 0xFDBE, 0xFDBE, 0xFDBE, 
    0xFDBE, 0xFDBE, 0xFDBE, 0xFDBE, 0xFDBE, 0xFDBE, 0xFDBE, 0xFDBE, 0xFDBE, 0xFDBE, 0xFDBE, 0xFDBE, 
    0xFDBE, 0xFDBE, 0xFDBE, 0xFDBE, 0xFDBE, 0xFDBE, 0xFDBE, 0xFDBE, 0xFDBE, 0xFDBE, 0xFDBE, 0xFDBE, 
    0xFDBE, 0xFDBE, 0xFDBE, 0xFDBE, 0xFDBE, 0xFDBE, 0xFDBE, 0xFDBE, 0x1EBF, 0x1A9E, 0xF574, 0xBCAE, 
    0xFDBE, 0xFDBE, 0xDDAE, 0x1344, 0xEF12, 0x1013, 0xF012, 0x302B, 0x1A96, 0x1EBF, 0xFDBE, 0xFDBE, 
    0xFDBE, 0xFDBE, 0xFDBE, 0xFDBE, 0xFDBE, 0xFDBE, 0xFDBE, 0xFDBE, 0xFDBE, 0xFDBE, 0xFDBE, 0xFDBE, 
    0xFDBE, 0xFDBE, 0xFDBE, 0xFDBE, 0xFDBE, 0xFDBE, 0xFDBE, 0xFDBE, 0xFDBE, 0xFDBE, 0xFDBE, 0xFDBE, 
    0xFDBE, 0xFDBE, 0xFDBE, 0xFDBE, 0xFDBE, 0xFDBE, 0xFDBE, 0xFDBE, 0xFDBE, 0xFDBE, 0xFDBE, 0xFDBE, 
    0xFDBE, 0xFDBE, 0xFDBE, 0xFDBE, 0xFDBE, 0xFDBE, 0xFDBE, 0xFDBE, 0xFDBE, 0xFDBE, 0xFDBE, 0xFDBE, 
    0xFDBE, 0xFDBE, 0xFDBE, 0xFDBE, 0xFDBE, 0xFDBE, 0xFDBE, 0xFDBE, 0xFDBE, 0xFDBE, 0x1DBF, 0xDDB6, 
    0x167D, 0xF995, 0x1EBF, 0xFDBE, 0xFDBE, 0xFDBE, 0xFDBE, 0xFDBE, 0xFDBE, 0xFDBE, 0xFDBE, 0xFDBE, 
    0xFDBE, 0xFDBE, 0xFDBE, 0xFDBE, 0xFDBE, 0xFDBE, 0xFDBE, 0xFDBE, 0xFDBE, 0xFDBE, 0xFDBE, 0xFDBE, 
    0xFDBE, 0xFDBE, 0xFDBE, 0xFDBE, 0xFDBE, 0xFDBE, 
    0xFDBE, 0xFDBE, 0xFDBE, 0xFDBE, 0xFDBE, 0xFDBE, 
    0xFDBE, 0xFDBE, 0xFDBE, 0xFDBE, 0xFDBE, 0xFDBE, 0xFDBE, 0xFDBE, 0xFDBE, 0xFDBE, 0xFDBE, 0xFDBE, 
    0xFDBE, 0xFDBE, 0xFDBE, 0xFDBE, 0xFDBE, 0xFDBE, 0xFDBE, 0xFDBE, 0xFDBE, 0xFDBE, 0xFDBE, 0xFDBE, 
    0x1EBF, 0xB88D, 0x368D, 0x7CFF, 0x9CFF, 0x7CFF, 0x9CFF, 0x9CFF, 0x7CFF, 0xBCFF, 0x1BDF, 0xD574, 
    0x3AA6, 0x3DBF, 0xFDB6, 0xFDBE, 0x1DB7, 0xFDBE, 0xFDBE, 0xFDBE, 0xFDBE, 0xFDBE, 0xFDBE, 0xFDBE, 
    0xFDBE, 0xFDBE, 0xFDBE, 0xFDBE, 0xFDBE, 0xFDBE, 0xFDBE, 0xFDBE, 0xFDBE, 0xFDBE, 0xFDBE, 0xFDBE, 
    0xFDBE, 0xFDBE, 0xFDBE, 0xFDBE, 0xFDBE, 0xFDBE, 0xFDBE, 0xFDBE, 0xFDBE, 0xFDBE, 0xFDBE, 0xFDBE, 
    0xFDBE, 0xFDBE, 0xFDBE, 0xFDBE, 0xFDBE, 0xFDBE, 0xFDBE, 0xFDBE, 0xFDBE, 0x1DB7, 0x1DB7, 0xFDBE, 
    0x1EBF, 0xBDAE, 0xD23B, 0xCF12, 0x1013, 0xF00A, 0x512B, 0x3B9E, 0x1EC7, 0xFCBE, 0x1CB7, 0x1DB7, 
    0xFDBE, 0xFDBE, 0x1EBF, 0x5BA6, 0xD574, 0x9CAE, 0x1EBF, 0xFDBE, 0xFDBE, 0xFDBE, 0xFDBE, 0xFDBE, 
    0xFDBE, 0xFDBE, 0xFDBE, 0xFDBE, 0xFDBE, 0xFDBE, 0xFDBE, 0xFDBE, 0xFDBE, 0xFDBE, 0xFDBE, 0xFDBE, 
    0xFDBE, 0xFDBE, 0xFDBE, 0xFDBE, 0xFDBE, 0xFDBE, 0xFDBE, 0xFDBE, 0xFDBE, 0xFDBE, 0xFDBE, 0xFDBE, 
    0xFDBE, 0xFDBE, 0xFDBE, 0xFDBE, 0xFDBE, 0xFDBE, 0xFDBE, 0xFDBE, 0xFDBE, 0xFDBE, 0xFDBE, 0xFDBE, 
    0xFDBE, 0xFDBE, 0xFDBE, 0xFDBE, 0xFDBE, 0xFDBE, 0xFDBE, 0xFDBE, 0xFDBE, 0xFDBE, 0xFDBE, 0xFDBE, 
    0xFDBE, 0xFDBE, 0xFDBE, 0xFDBE, 0xFDBE, 0xFDBE, 0xFDBE, 0xFDBE, 0xFDBE, 0xFDBE, 0x1EBF, 0x1A9E, 
    0x1575, 0xDCAE, 0xFDBE, 0x1EC7, 0xF774, 0xEF12, 0x1013, 0x1013, 0xCF12, 0xF66C, 0x3FBF, 0xFDB6, 
    0xFDBE, 0xFDBE, 0xFDBE, 0xFDBE, 0xFDBE, 0xFDBE, 0xFDBE, 0xFDBE, 0xFDBE, 0xFDBE, 0xFDBE, 0xFDBE, 
    0xFDBE, 0xFDBE, 0xFDBE, 0xFDBE, 0xFDBE, 0xFDBE, 0xFDBE, 0xFDBE, 0xFDBE, 0xFDBE, 0xFDBE, 0xFDBE, 
    0xFDBE, 0xFDBE, 0xFDBE, 0xFDBE, 0xFDBE, 0xFDBE, 0xFDBE, 0xFDBE, 0xFDBE, 0xFDBE, 0xFDBE, 0xFDBE, 
    0xFDBE, 0xFDBE, 0xFDBE, 0xFDBE, 0xFDBE, 0xFDBE, 0xFDBE, 0xFDBE, 0xFDBE, 0xFDBE, 0xFDBE, 0xFDBE, 
    0xFDBE, 0xFDBE, 0xFDBE, 0xFDBE, 0xFDBE, 0xFDBE, 0xFDBE, 0xFDBE, 0xFDBE, 0xFDBE, 0xFDBE, 0xFDBE, 
    0x1DBF, 0xDDB6, 0x167D, 0xF995, 0x1EBF, 0xFDBE, 0xFDBE, 0xFDBE, 0xFDBE, 0xFDBE, 0xFDBE, 0xFDBE, 
    0xFDBE, 0xFDBE, 0xFDBE, 0xFDBE, 0xFDBE, 0xFDBE, 0xFDBE, 0xFDBE, 0xFDBE, 0xFDBE, 0xFDBE, 0xFDBE, 
    0xFDBE, 0xFDBE, 0xFDBE, 0xFDBE, 0xFDBE, 0xFDBE, 0xFDBE, 0xFDBE, 
    0xFDBE, 0xFDBE, 0xFDBE, 0xFDBE, 
    0xFDBE, 0xFDBE, 0xFDBE, 0xFDBE, 0xFDBE, 0xFDBE, 0xFDBE, 0xFDBE, 0xFDBE, 0xFDBE, 0xFDBE, 0xFDBE, 
    0xFDBE, 0xFDBE, 0xFDBE, 0xFDBE, 0xFDBE, 0xFDBE, 0xFDBE, 0xFDBE, 0xFDBE, 0xFDBE, 0xFDBE, 0xFDBE, 
    0xFDBE, 0xFDBE, 0x1EBF, 0xB88D, 0x368D, 0x7CFF, 0x9CFF, 0x7CFF, 0x9CFF, 0x9CFF, 0x7CFF, 0xBCFF, 
    0x1BDF, 0xD574, 0x3AA6, 0x3DBF, 0xFDB6, 0xFDBE, 0x1DB7, 0xFDBE, 0xFDBE, 0xFDBE, 0xFDBE, 0xFDBE, 
    0xFDBE, 0xFDBE, 0xFDBE, 0xFDBE, 0xFDBE, 0xFDBE, 0xFDBE, 0xFDBE, 0xFDBE, 0xFDBE, 0xFDBE, 0xFDBE, 
    0xFDBE, 0xFDBE, 0xFDBE, 0xFDBE, 0xFDBE, 0xFDBE, 0xFDBE, 0xFDBE, 0xFDBE, 0xFDBE, 0xFDBE, 0xFDBE, 
    0xFDBE, 0xFDBE, 0xFDBE, 0xFDBE, 0xFDBE, 0xFDBE, 0xFDBE, 0xFDBE, 0xFDBE, 0xFDBE, 0xFDBE, 0x1DB7, 
    0x1DB7, 0xFDBE, 0xFDBE, 0x1EBF, 0xDA85, 0x1023, 0xF012, 0x3013, 0xCF12, 0x144C, 0xFEB6, 0x1DBF, 
    0x1CBF, 0x1DBF, 0xFDBE, 0xFDBE, 0x1EBF, 0x5BA6, 0xD574, 0x9CAE, 0x1EBF, 0xFDBE, 0xFDBE, 0xFDBE, 
    0xFDBE, 0xFDBE, 0xFDBE, 0xFDBE, 0xFDBE, 0xFDBE, 0xFDBE, 0xFDBE, 0xFDBE, 0xFDBE, 0xFDBE, 0xFDBE, 
    0xFDBE, 0xFDBE, 0xFDBE, 0xFDBE, 0xFDBE, 0xFDBE, 0xFDBE, 0xFDBE, 0xFDBE, 0xFDBE, 0xFDBE, 0xFDBE, 
    0xFDBE, 0xFDBE, 0xFDBE, 0xFDBE, 0xFDBE, 0xFDBE, 0xFDBE, 0xFDBE, 0xFDBE, 0xFDBE, 0xFDBE, 0xFDBE, 
    0xFDBE, 0xFDBE, 0xFDBE, 0xFDBE, 0xFDBE, 0xFDBE, 0xFDBE, 0xFDBE, 0xFDBE, 0xFDBE, 0xFDBE, 0xFDBE, 
    0xFDBE, 0xFDBE, 0xFDBE, 0xFDBE, 0xFDBE, 0xFDBE, 0xFDBE, 0xFDBE, 0xFDBE, 0xFDBE, 0xFDBE, 0xFDBE, 
    0x1EBF, 0x1A9E, 0x1575, 0xBCAE, 0x3EC7, 0x1B9E, 0x302B, 0xF012, 0x1013, 0xCF12, 0xF343, 0xDDAE, 
    0x1EB7, 0xFDB6, 0xFDBE, 0xFDBE, 0xFDBE, 0xFDBE, 0xFDBE, 0xFDBE, 0xFDBE, 0xFDBE, 0xFDBE, 0xFDBE, 
    0xFDBE, 0xFDBE, 0xFDBE, 0xFDBE, 0xFDBE, 0xFDBE, 0xFDBE, 0xFDBE, 0xFDBE, 0xFDBE, 0xFDBE, 0xFDBE, 
    0xFDBE, 0xFDBE, 0xFDBE, 0xFDBE, 0xFDBE, 0xFDBE, 0xFDBE, 0xFDBE, 0xFDBE, 0xFDBE, 0xFDBE, 0xFDBE, 
    0xFDBE, 0xFDBE, 0xFDBE, 0xFDBE, 0xFDBE, 0xFDBE, 0xFDBE, 0xFDBE, 0xFDBE, 0xFDBE, 0xFDBE, 0xFDBE, 
    0xFDBE, 0xFDBE, 0xFDBE, 0xFDBE, 0xFDBE, 0xFDBE, 0xFDBE, 0xFDBE, 0xFDBE, 0xFDBE, 0xFDBE, 0xFDBE, 
    0xFDBE, 0xFDBE, 0x1DBF, 0xDDB6, 0x167D, 0xF995, 0x1EBF, 0xFDBE, 0xFDBE, 0xFDBE, 0xFDBE, 0xFDBE, 
    0xFDBE, 0xFDBE, 0xFDBE, 0xFDBE, 0xFDBE, 0xFDBE, 0xFDBE, 0xFDBE, 0xFDBE, 0xFDBE, 0xFDBE, 0xFDBE, 
    0xFDBE, 0xFDBE, 0xFDBE, 0xFDBE, 0xFDBE, 0xFDBE, 0xFDBE, 0xFDBE, 0xFDBE, 0xFDBE, 
    0xFDBE, 0xFDBE, 
    0xFDBE, 0xFDBE, 0xFDBE, 0xFDBE, 0xFDBE, 0xFDBE, 0xFDBE, 0xFDBE, 0xFDBE, 0xFDBE, 0xFDBE, 0xFDBE, 
    0xFDBE, 0xFDBE, 0xFDBE, 0xFDBE, 0xFDBE, 0xFDBE, 0xFDBE, 0xFDBE, 0xFDBE, 0xFDBE, 0xFDBE, 0xFDBE, 
    0xFDBE, 0xFDBE, 0xFDBE, 0xFDBE, 0x1EBF, 0xB88D, 0x368D, 0x7CFF, 0x9CFF, 0x7CFF, 0x9CFF, 0x9CFF, 
    0x7CFF, 0xBCFF, 0x1BDF, 0xD574, 0x3AA6, 0x3DBF, 0xFDB6, 0xFDBE, 0x1DB7, 0xFDBE, 0xFDBE, 0xFDBE, 
    0xFDBE, 0xFDBE, 0xFDBE, 0xFDBE, 0xFDBE, 0xFDBE, 0xFDBE, 0xFDBE, 0xFDBE, 0xFDBE, 0xFDBE, 0xFDBE, 
    0xFDBE, 0xFDBE, 0xFDBE, 0xFDBE, 0xFDBE, 0xFDBE, 0xFDBE, 0xFDBE, 0xFDBE, 0xFDBE, 0xFDBE, 0xFDBE, 
    0xFDBE, 0xFDBE, 0xFDBE, 0xFDBE, 0xFDBE, 0xFDBE, 0xFDBE, 0xFDBE, 0xFDBE, 0xFDBE, 0xFDBE, 0xFDBE, 
    0xFDBE, 0x1DB7, 0x1DBF, 0xFDBE, 0xFDBE, 0xFDBE, 0x1EB7, 0xB664, 0xCE1A, 0x1013, 0x1013, 0xEF1A, 
    0x5875, 0x3EBF, 0xFCBE, 0xFDBE, 0xFDBE, 0xFDBE, 0x1EBF, 0x5BA6, 0xD574, 0x9CAE, 0x1EBF, 0xFDBE, 
    0xFDBE, 0xFDBE, 0xFDBE, 0xFDBE, 0xFDBE, 0xFDBE, 0xFDBE, 0xFDBE, 0xFDBE, 0xFDBE, 0xFDBE, 0xFDBE, 
    0xFDBE, 0xFDBE, 0xFDBE, 0xFDBE, 0xFDBE, 0xFDBE, 0xFDBE, 0xFDBE, 0xFDBE, 0xFDBE, 0xFDBE, 0xFDBE, 
    0xFDBE, 0xFDBE, 0xFDBE, 0xFDBE, 0xFDBE, 0xFDBE, 0xFDBE, 0xFDBE, 0xFDBE, 0xFDBE, 0xFDBE, 0xFDBE, 
    0xFDBE, 0xFDBE, 0xFDBE, 0xFDBE, 0xFDBE, 0xFDBE, 0xFDBE, 0xFDBE, 0xFDBE, 0xFDBE, 0xFDBE, 0xFDBE, 
    0xFDBE, 0xFDBE, 0xFDBE, 0xFDBE, 0xFDBE, 0xFDBE, 0xFDBE, 0xFDBE, 0xFDBE, 0xFDBE, 0xFDBE, 0xFDBE, 
    0xFDBE, 0xFDBE, 0x1EBF, 0x1A9E, 0xF574, 0xDDAE, 0xFEB6, 0x134C, 0xCF12, 0x1013, 0xF012, 0x1023, 
    0xFA8D, 0x3EBF, 0xFDB6, 0xFDBE, 0x1DBF, 0xFDBE, 0xFDBE, 0xFDBE, 0xFDBE, 0xFDBE, 0xFDBE, 0xFDBE, 
    0xFDBE, 0xFDBE, 0xFDBE, 0xFDBE, 0xFDBE, 0xFDBE, 0xFDBE, 0xFDBE, 0xFDBE, 0xFDBE, 0xFDBE, 0xFDBE, 
    0xFDBE, 0xFDBE, 0xFDBE, 0xFDBE, 0xFDBE, 0xFDBE, 0xFDBE, 0xFDBE, 0xFDBE, 0xFDBE, 0xFDBE, 0xFDBE, 
    0xFDBE, 0xFDBE, 0xFDBE, 0xFDBE, 0xFDBE, 0xFDBE, 0xFDBE, 0xFDBE, 0xFDBE, 0xFDBE, 0xFDBE, 0xFDBE, 
    0xFDBE, 0xFDBE, 0xFDBE, 0xFDBE, 0xFDBE, 0xFDBE, 0xFDBE, 0xFDBE, 0xFDBE, 0xFDBE, 0xFDBE, 0xFDBE, 
    0xFDBE, 0xFDBE, 0xFDBE, 0xFDBE, 0x1DBF, 0xDDB6, 0x167D, 0xF995, 0x1EBF, 0xFDBE, 0xFDBE, 0xFDBE, 
    0xFDBE, 0xFDBE, 0xFDBE, 0xFDBE, 0xFDBE, 0xFDBE, 0xFDBE, 0xFDBE, 0xFDBE, 0xFDBE, 0xFDBE, 0xFDBE, 
    0xFDBE, 0xFDBE, 0xFDBE, 0xFDBE, 0xFDBE, 0xFDBE, 0xFDBE, 0xFDBE, 0xFDBE, 0xFDBE, 0xFDBE, 0xFDBE, 
    
    0xFDBE, 0xFDBE, 0xFDBE, 0xFDBE, 0xFDBE, 0xFDBE, 0xFDBE, 0xFDBE, 0xFDBE, 0xFDBE, 0xFDBE, 0xFDBE, 
    0xFDBE, 0xFDBE, 0xFDBE, 0xFDBE, 0xFDBE, 0xFDBE, 0xFDBE, 0xFDBE, 0xFDBE, 0xFDBE, 0xFDBE, 0xFDBE, 
    0xFDBE, 0xFDBE, 0xFDBE, 0xFDBE, 0xFDBE, 0xFDBE, 0x1EBF, 0xB88D, 0x368D, 0x7CFF, 0x9CFF, 0x7CFF, 
    0x9CFF, 0x9CFF, 0x7CFF, 0xBCFF, 0x1BDF, 0xD574, 0x3AA6, 0x3DBF, 0xFDB6, 0xFDBE, 0x1DB7, 0xFDBE, 
    0xFDBE, 0xFDBE, 0xFDBE, 0xFDBE, 0xFDBE, 0xFDBE, 0xFDBE, 0xFDBE, 0xFDBE, 0xFDBE, 0xFDBE, 0xFDBE, 
    0xFDBE, 0xFDBE, 0xFDBE, 0xFDBE, 0xFDBE, 0xFDBE, 0xFDBE, 0xFDBE, 0xFDBE, 0xFDBE, 0xFDBE, 0xFDBE, 
    0xFDBE, 0xFDBE, 0xFDBE, 0xFDBE, 0xFDBE, 0xFDBE, 0xFDBE, 0xFDBE, 0xFDBE, 0xFDBE, 0xFDBE, 0xFDBE, 
    0xFDBE, 0xFDBE, 0xFDBE, 0xFDBE, 0xFDBE, 0xFDBE, 0xFDBE, 0xFDBE, 0x1DBF, 0xBDA6, 0xB23B, 0xCF1A, 
    0x1013, 0xF012, 0x712B, 0x3B9E, 0x1DC7, 0xDCBE, 0x1DB7, 0xFDB6, 0x1EBF, 0x5BA6, 0xD574, 0x9CAE, 
    0x1EBF, 0xFDBE, 0xFDBE, 0xFDBE, 0xFDBE, 0xFDBE, 0xFDBE, 0xFDBE, 0xFDBE, 0xFDBE, 0xFDBE, 0xFDBE, 
    0xFDBE, 0xFDBE, 0xFDBE, 0xFDBE, 0xFDBE, 0xFDBE, 0xFDBE, 0xFDBE, 0xFDBE, 0xFDBE, 0xFDBE, 0xFDBE, 
    0xFDBE, 0xFDBE, 0xFDBE, 0xFDBE, 0xFDBE, 0xFDBE, 0xFDBE, 0xFDBE, 0xFDBE, 0xFDBE, 0xFDBE, 0xFDBE, 
    0xFDBE, 0xFDBE, 0xFDBE, 0xFDBE, 0xFDBE, 0xFDBE, 0xFDBE, 0xFDBE, 0xFDBE, 0xFDBE, 0xFDBE, 0xFDBE, 
    0xFDBE, 0xFDBE, 0xFDBE, 0xFDBE, 0xFDBE, 0xFDBE, 0xFDBE, 0xFDBE, 0xFDBE, 0xFDBE, 0xFDBE, 0xFDBE, 
    0xFDBE, 0xFDBE, 0xFDBE, 0xFDBE, 0x1EBF, 0x1A9E, 0xF574, 0xDEB6, 0x3775, 0xEF1A, 0x1013, 0x1113, 
    0xCF12, 0xD66C, 0x1EBF, 0xFDBE, 0xFDBE, 0x1DB7, 0x1DBF, 0xFDBE, 0xFDBE, 0xFDBE, 0xFDBE, 0xFDBE, 
    0xFDBE, 0xFDBE, 0xFDBE, 0xFDBE, 0xFDBE, 0xFDBE, 0xFDBE, 0xFDBE, 0xFDBE, 0xFDBE, 0xFDBE, 0xFDBE, 
    0xFDBE, 0xFDBE, 0xFDBE, 0xFDBE, 0xFDBE, 0xFDBE, 0xFDBE, 0xFDBE, 0xFDBE, 0xFDBE, 0xFDBE, 0xFDBE, 
    0xFDBE, 0xFDBE, 0xFDBE, 0xFDBE, 0xFDBE, 0xFDBE, 0xFDBE, 0xFDBE, 0xFDBE, 0xFDBE, 0xFDBE, 0xFDBE, 
    0xFDBE, 0xFDBE, 0xFDBE, 0xFDBE, 0xFDBE, 0xFDBE, 0xFDBE, 0xFDBE, 0xFDBE, 0xFDBE, 0xFDBE, 0xFDBE, 
    0xFDBE, 0xFDBE, 0xFDBE, 0xFDBE, 0xFDBE, 0xFDBE, 0x1DBF, 0xDDB6, 0x167D, 0xF995, 0x1EBF, 0xFDBE, 
    0xFDBE, 0xFDBE, 0xFDBE, 0xFDBE, 0xFDBE, 0xFDBE, 0xFDBE, 0xFDBE, 0xFDBE, 0xFDBE, 0xFDBE, 0xFDBE, 
    0xFDBE, 0xFDBE, 0xFDBE, 0xFDBE, 0xFDBE, 0xFDBE, 0xFDBE, 0xFDBE, 0xFDBE, 0xFDBE, 0xFDBE, 0xFDBE, 
    0xFDBE, 0xFDBE, 
    0xFDBE, 0xFDBE, 0xFDBE, 0xFDBE, 0xFDBE, 0xFDBE, 0xFDBE, 0xFDBE, 0xFDBE, 0xFDBE, 
    0xFDBE, 0xFDBE, 0xFDBE, 0xFDBE, 0xFDBE, 0xFDBE, 0xFDBE, 0xFDBE, 0xFDBE, 0xFDBE, 0xFDBE, 0xFDBE, 
    0xFDBE, 0xFDBE, 0xFDBE, 0xFDBE, 0xFDBE, 0xFDBE, 0xFDBE, 0xFDBE, 0x1EBF, 0xB88D, 0x368D, 0x7CFF, 
    0x9CFF, 0x7CFF, 0x9CFF, 0x9CFF, 0x7CFF, 0xBCFF, 0x1BDF, 0xD574, 0x3AA6, 0x3DBF, 0xFDB6, 0xFDBE, 
    0x1DB7, 0xFDBE, 0xFDBE, 0xFDBE, 0xFDBE, 0xFDBE, 0xFDBE, 0xFDBE, 0xFDBE, 0xFDBE, 0xFDBE, 0xFDBE, 
    0xFDBE, 0xFDBE, 0xFDBE, 0xFDBE, 0xFDBE, 0xFDBE, 0xFDBE, 0xFDBE, 0xFDBE, 0xFDBE, 0xFDBE, 0xFDBE, 
    0xFDBE, 0xFDBE, 0xFDBE, 0xFDBE, 0xFDBE, 0xFDBE, 0xFDBE, 0xFDBE, 0xFDBE, 0xFDBE, 0xFDBE, 0xFDBE, 
    0xFDBE, 0xFDBE, 0xFDBE, 0xFDBE, 0xFDBE, 0xFDBE, 0xFDBE, 0xFDBE, 0xFDBE, 0xFDBE, 0xFDBE, 0x3EBF, 
    0xB98D, 0x0F23, 0xF012, 0x1113, 0xCF12, 0x3454, 0xDDBE, 0xFDBE, 0xFDB6, 0xFDB6, 0x1EBF, 0x5BA6, 
    0xD574, 0x9CAE, 0x1EBF, 0xFDBE, 0xFDBE, 0xFDBE, 0xFDBE, 0xFDBE, 0xFDBE, 0xFDBE, 0xFDBE, 0xFDBE, 
    0xFDBE, 0xFDBE, 0xFDBE, 0xFDBE, 0xFDBE, 0xFDBE, 0xFDBE, 0xFDBE, 0xFDBE, 0xFDBE, 0xFDBE, 0xFDBE, 
    0xFDBE, 0xFDBE, 0xFDBE, 0xFDBE, 0xFDBE, 0xFDBE, 0xFDBE, 0xFDBE, 0xFDBE, 0xFDBE, 0xFDBE, 0xFDBE, 
    0xFDBE, 0xFDBE, 0xFDBE, 0xFDBE, 0xFDBE, 0xFDBE, 0xFDBE, 0xFDBE, 0xFDBE, 0xFDBE, 0xFDBE, 0xFDBE, 
    0xFDBE, 0xFDBE, 0xFDBE, 0xFDBE, 0xFDBE, 0xFDBE, 0xFDBE, 0xFDBE, 0xFDBE, 0xFDBE, 0xFDBE, 0xFDBE, 
    0xFDBE, 0x1DB7, 0xFDBE, 0xFDBE, 0xFDBE, 0xFDB6, 0x1EBF, 0x1A9E, 0x167D, 0xFA95, 0x712B, 0xF012, 
    0x1113, 0xCF12, 0xD243, 0xBDAE, 0x1DBF, 0xFDBE, 0xFDBE, 0xFDB6, 0xFDBE, 0xFDBE, 0xFDBE, 0xFDBE, 
    0xFDBE, 0xFDBE, 0xFDBE, 0xFDBE, 0xFDBE, 0xFDBE, 0xFDBE, 0xFDBE, 0xFDBE, 0xFDBE, 0xFDBE, 0xFDBE, 
    0xFDBE, 0xFDBE, 0xFDBE, 0xFDBE, 0xFDBE, 0xFDBE, 0xFDBE, 0xFDBE, 0xFDBE, 0xFDBE, 0xFDBE, 0xFDBE, 
    0xFDBE, 0xFDBE, 0xFDBE, 0xFDBE, 0xFDBE, 0xFDBE, 0xFDBE, 0xFDBE, 0xFDBE, 0xFDBE, 0xFDBE, 0xFDBE, 
    0xFDBE, 0xFDBE, 0xFDBE, 0xFDBE, 0xFDBE, 0xFDBE, 0xFDBE, 0xFDBE, 0xFDBE, 0xFDBE, 0xFDBE, 0xFDBE, 
    0xFDBE, 0xFDBE, 0xFDBE, 0xFDBE, 0xFDBE, 0xFDBE, 0xFDBE, 0xFDBE, 0x1DBF, 0xDDB6, 0x167D, 0xF995, 
    0x3EBF, 0x1DBF, 0x1EBF, 0x1EBF, 0x1EBF, 0x1EBF, 0x1EBF, 0x1EBF, 0x1DBF, 0x1DBF, 0x1EBF, 0x1DBF, 
    0xFDBE, 0xFDBE, 0xFDBE, 0xFDBE, 0xFDBE, 0xFDBE, 0xFDBE, 0xFDBE, 0xFDBE, 0xFDBE, 0xFDBE, 0xFDBE, 
    0xFDBE, 0xFDBE, 0xFDBE, 0xFDBE, 
    0xFDBE, 0xFDBE, 0xFDBE, 0xFDBE, 0xFDBE, 0xFDBE, 0xFDBE, 0xFDBE, 
    0xFDBE, 0xFDBE, 0xFDBE, 0xFDBE, 0xFDBE, 0xFDBE, 0xFDBE, 0xFDBE, 0xFDBE, 0xFDBE, 0xFDBE, 0xFDBE, 
    0xFDBE, 0xFDBE, 0xFDBE, 0xFDBE, 0xFDBE, 0xFDBE, 0xFDBE, 0xFDBE, 0xFDBE, 0xFDBE, 0x1EBF, 0xB88D, 
    0x368D, 0x7CFF, 0x9CFF, 0x7CFF, 0x9CFF, 0x9CFF, 0x7CFF, 0xBCFF, 0x1BDF, 0xD574, 0x3AA6, 0x3DBF, 
    0xFDB6, 0xFDBE, 0x1DB7, 0xFDBE, 0xFDBE, 0xFDBE, 0xFDBE, 0xFDBE, 0xFDBE, 0xFDBE, 0xFDBE, 0xFDBE, 
    0xFDBE, 0xFDBE, 0xFDBE, 0xFDBE, 0xFDBE, 0xFDBE, 0xFDBE, 0xFDBE, 0xFDBE, 0xFDBE, 0xFDBE, 0xFDBE, 
    0xFDBE, 0xFDBE, 0xFDBE, 0xFDBE, 0xFDBE, 0xFDBE, 0xFDBE, 0xFDBE, 0xFDBE, 0xFDBE, 0xFDBE, 0xFDBE, 
    0xFDBE, 0xFDBE, 0xFDBE, 0xFDBE, 0xFDBE, 0xFDBE, 0xFDBE, 0xFDBE, 0xFDBE, 0xFDBE, 0xFDBE, 0x1DBF, 
    0xFDBE, 0x1DBF, 0x1DBF, 0xB564, 0xEF12, 0x1013, 0xF112, 0xEF1A, 0x5875, 0x3EBF, 0xFDBE, 0xFDBE, 
    0x1EBF, 0x5BA6, 0xD574, 0x9CAE, 0x1EBF, 0xFDBE, 0xFDBE, 0xFDBE, 0xFDBE, 0xFDBE, 0xFDBE, 0xFDBE, 
    0xFDBE, 0xFDBE, 0xFDBE, 0xFDBE, 0xFDBE, 0xFDBE, 0xFDBE, 0xFDBE, 0xFDBE, 0xFDBE, 0xFDBE, 0xFDBE, 
    0xFDBE, 0xFDBE, 0xFDBE, 0xFDBE, 0xFDBE, 0xFDBE, 0xFDBE, 0xFDBE, 0xFDBE, 0xFDBE, 0xFDBE, 0xFDBE, 
    0xFDBE, 0xFDBE, 0xFDBE, 0xFDBE, 0xFDBE, 0xFDBE, 0xFDBE, 0xFDBE, 0xFDBE, 0xFDBE, 0xFDBE, 0xFDBE, 
    0xFDBE, 0xFDBE, 0xFDBE, 0xFDBE, 0xFDBE, 0xFDBE, 0xFDBE, 0xFDBE, 0xFDBE, 0xFDBE, 0xFDBE, 0xFDBE, 
    0xFDBE, 0xFDBE, 0xFDBE, 0x1DB7, 0xFDBE, 0xFDBE, 0xFEBE, 0xFDB6, 0x3EBF, 0x1A9E, 0xF574, 0x134C, 
    0xCF12, 0x1113, 0xF012, 0x102B, 0xD98D, 0x1EBF, 0xFDBE, 0xFDBE, 0xFDBE, 0xFDBE, 0xFDBE, 0xFDBE, 
    0xFDBE, 0xFDBE, 0xFDBE, 0xFDBE, 0xFDBE, 0xFDBE, 0xFDBE, 0xFDBE, 0xFDBE, 0xFDBE, 0xFDBE, 0xFDBE, 
    0xFDBE, 0xFDBE, 0xFDBE, 0xFDBE, 0xFDBE, 0xFDBE, 0xFDBE, 0xFDBE, 0xFDBE, 0xFDBE, 0xFDBE, 0xFDBE, 
    0xFDBE, 0xFDBE, 0xFDBE, 0xFDBE, 0xFDBE, 0xFDBE, 0xFDBE, 0xFDBE, 0xFDBE, 0xFDBE, 0xFDBE, 0xFDBE, 
    0xFDBE, 0xFDBE, 0xFDBE, 0xFDBE, 0xFDBE, 0xFDBE, 0xFDBE, 0xFDBE, 0xFDBE, 0xFDBE, 0xFDBE, 0xFDBE, 
    0xFDBE, 0xFDBE, 0xFDBE, 0xFDBE, 0xFDBE, 0xFDBE, 0xFDBE, 0xFDBE, 0xFDBE, 0xFDBE, 0x1EBF, 0xDDB6, 
    0x167D, 0x988D, 0x9CAE, 0x7BA6, 0x7BA6, 0x7BA6, 0x7BA6, 0x7BA6, 0x7BA6, 0x7BA6, 0x7BA6, 0x7BA6, 
    0x3A9E, 0x7BA6, 0x1DBF, 0xFDBE, 0xFDBE, 0xFDBE, 0xFDBE, 0xFDBE, 0xFDBE, 0xFDBE, 0xFDBE, 0xFDBE, 
    0xFDBE, 0xFDBE, 0xFDBE, 0xFDBE, 0xFDBE, 0xFDBE, 
    0xFDBE, 0xFDBE, 0xFDBE, 0xFDBE, 0xFDBE, 0xFDBE, 
    0xFDBE, 0xFDBE, 0xFDBE, 0xFDBE, 0xFDBE, 0xFDBE, 0xFDBE, 0xFDBE, 0xFDBE, 0xFDBE, 0xFDBE, 0xFDBE, 
    0xFDBE, 0xFDBE, 0xFDBE, 0xFDBE, 0xFDBE, 0xFDBE, 0xFDBE, 0xFDBE, 0xFDBE, 0xFDBE, 0xFDBE, 0xFDBE, 
    0x1EBF, 0xB88D, 0x368D, 0x7CFF, 0x9CFF, 0x7CFF, 0x9CFF, 0x9CFF, 0x7CFF, 0xBCFF, 0x1BDF, 0xD574, 
    0x3AA6, 0x3DBF, 0xFDB6, 0xFDBE, 0x1DB7, 0xFDBE, 0xFDBE, 0xFDBE, 0xFDBE, 0xFDBE, 0xFDBE, 0xFDBE, 
    0xFDBE, 0xFDBE, 0xFDBE, 0xFDBE, 0xFDBE, 0xFDBE, 0xFDBE, 0xFDBE, 0xFDBE, 0xFDBE, 0xFDBE, 0xFDBE, 
    0xFDBE, 0xFDBE, 0xFDBE, 0xFDBE, 0xFDBE, 0xFDBE, 0xFDBE, 0xFDBE, 0xFDBE, 0xFDBE, 0xFDBE, 0xFDBE, 
    0xFDBE, 0xFDBE, 0xFDBE, 0xFDBE, 0xFDBE, 0xFDBE, 0xFDBE, 0xFDBE, 0xFDBE, 0xFDBE, 0xFDBE, 0xFDBE, 
    0xFDBE, 0x1DBF, 0xFDBE, 0xFDBE, 0x1DBF, 0xBCA6, 0xB23B, 0xCF12, 0x1113, 0xEF12, 0x5033, 0x5B9E, 
    0x1EBF, 0xFDBE, 0x1EBF, 0x5BA6, 0xD574, 0x9CAE, 0x1EBF, 0xFDBE, 0xFDBE, 0xFDBE, 0xFDBE, 0xFDBE, 
    0xFDBE, 0xFDBE, 0xFDBE, 0xFDBE, 0xFDBE, 0xFDBE, 0xFDBE, 0xFDBE, 0xFDBE, 0xFDBE, 0xFDBE, 0xFDBE, 
    0xFDBE, 0xFDBE, 0xFDBE, 0xFDBE, 0xFDBE, 0xFDBE, 0xFDBE, 0xFDBE, 0xFDBE, 0xFDBE, 0xFDBE, 0xFDBE, 
    0xFDBE, 0xFDBE, 0xFDBE, 0xFDBE, 0xFDBE, 0xFDBE, 0xFDBE, 0xFDBE, 0xFDBE, 0xFDBE, 0xFDBE, 0xFDBE, 
    0xFDBE, 0xFDBE, 0xFDBE, 0xFDBE, 0xFDBE, 0xFDBE, 0xFDBE, 0xFDBE, 0xFDBE, 0xFDBE, 0xFDBE, 0xFDBE, 
    0xFDBE, 0xFDBE, 0xFDBE, 0xFDBE, 0xFDBE, 0xFDBE, 0xFDBE, 0xFDBE, 0xFDBE, 0xFDBE, 0x1EBF, 0x3A9E, 
    0x5454, 0x0F1B, 0xF012, 0xF012, 0xEF1A, 0xD664, 0x1EB7, 0xFDBE, 0xFDBE, 0xFDBE, 0xFDBE, 0xFDBE, 
    0xFDBE, 0xFDBE, 0xFDBE, 0xFDBE, 0xFDBE, 0xFDBE, 0xFDBE, 0xFDBE, 0xFDBE, 0xFDBE, 0xFDBE, 0xFDBE, 
    0xFDBE, 0xFDBE, 0xFDBE, 0xFDBE, 0xFDBE, 0xFDBE, 0xFDBE, 0xFDBE, 0xFDBE, 0xFDBE, 0xFDBE, 0xFDBE, 
    0xFDBE, 0xFDBE, 0xFDBE, 0xFDBE, 0xFDBE, 0xFDBE, 0xFDBE, 0xFDBE, 0xFDBE, 0xFDBE, 0xFDBE, 0xFDBE, 
    0xFDBE, 0xFDBE, 0xFDBE, 0xFDBE, 0xFDBE, 0xFDBE, 0xFDBE, 0xFDBE, 0xFDBE, 0xFDBE, 0xFDBE, 0xFDBE, 
    0xFDBE, 0xFDBE, 0xFDBE, 0xFDBE, 0xFDBE, 0xFDBE, 0xFDBE, 0xFDBE, 0xFDBE, 0xFDBE, 0xFDBE, 0xFDBE, 
    0x1DBF, 0xDDB6, 0x167D, 0xD574, 0xF574, 0xF574, 0xF574, 0xF574, 0xF574, 0xF574, 0xF574, 0xF574, 
    0xF574, 0xF674, 0xB56C, 0x9885, 0x1DBF, 0xFDBE, 0xFDBE, 0xFDBE, 0xFDBE, 0xFDBE, 0xFDBE, 0xFDBE, 
    0xFDBE, 0xFDBE, 0xFDBE, 0xFDBE, 0xFDBE, 0xFDBE, 0xFDBE, 0xFDBE, 
    0xFDBE, 0xFDBE, 0xFDBE, 0xFDBE, 
    0xFDBE, 0xFDBE, 0xFDBE, 0xFDBE, 0xFDBE, 0xFDBE, 0xFDBE, 0xFDBE, 0xFDBE, 0xFDBE, 0xFDBE, 0xFDBE, 
    0xFDBE, 0xFDBE, 0xFDBE, 0xFDBE, 0xFDBE, 0xFDBE, 0xFDBE, 0xFDBE, 0xFDBE, 0xFDBE, 0xFDBE, 0xFDBE, 
    0xFDBE, 0xFDBE, 0x1EBF, 0xB88D, 0x368D, 0x7CFF, 0x9CFF, 0x7CFF, 0x9CFF, 0x9CFF, 0x7CFF, 0xBCFF, 
    0x1BDF, 0xD574, 0x3AA6, 0x3DBF, 0xFDB6, 0xFDBE, 0x1DB7, 0xFDBE, 0xFDBE, 0xFDBE, 0xFDBE, 0xFDBE, 
    0xFDBE, 0xFDBE, 0xFDBE, 0xFDBE, 0xFDBE, 0xFDBE, 0xFDBE, 0xFDBE, 0xFDBE, 0xFDBE, 0xFDBE, 0xFDBE, 
    0xFDBE, 0xFDBE, 0xFDBE, 0xFDBE, 0xFDBE, 0xFDBE, 0xFDBE, 0xFDBE, 0xFDBE, 0xFDBE, 0xFDBE, 0xFDBE, 
    0xFDBE, 0xFDBE, 0xFDBE, 0xFDBE, 0xFDBE, 0xFDBE, 0xFDBE, 0xFDBE, 0xFDBE, 0xFDBE, 0xFDBE, 0xFDBE, 
    0xFDBE, 0xFDBE, 0xFDBE, 0x1DBF, 0xFDBE, 0xFDBE, 0xFDBE, 0x3EBF, 0xB985, 0x0F23, 0x1013, 0x1013, 
    0xCF12, 0x5454, 0xFEB6, 0xFDBE, 0x1DBF, 0x5AA6, 0xD474, 0x9CAE, 0x1EBF, 0xFDBE, 0xFDBE, 0xFDBE, 
    0xFDBE, 0xFDBE, 0xFDBE, 0xFDBE, 0xFDBE, 0xFDBE, 0xFDBE, 0xFDBE, 0xFDBE, 0xFDBE, 0xFDBE, 0xFDBE, 
    0xFDBE, 0xFDBE, 0xFDBE, 0xFDBE, 0xFDBE, 0xFDBE, 0xFDBE, 0xFDBE, 0xFDBE, 0xFDBE, 0xFDBE, 0xFDBE, 
    0xFDBE, 0xFDBE, 0xFDBE, 0xFDBE, 0xFDBE, 0xFDBE, 0xFDBE, 0xFDBE, 0xFDBE, 0xFDBE, 0xFDBE, 0xFDBE, 
    0xFDBE, 0xFDBE, 0xFDBE, 0xFDBE, 0xFDBE, 0xFDBE, 0xFDBE, 0xFDBE, 0xFDBE, 0xFDBE, 0xFDBE, 0xFDBE, 
    0xFDBE, 0xFDBE, 0xFDBE, 0xFDBE, 0xFDBE, 0xFDBE, 0xFDBE, 0xFDBE, 0x1DB7, 0x1DB7, 0xFCBE, 0xDDC6, 
    0x1FC7, 0xFA8D, 0x702B, 0xF012, 0x1013, 0xCF12, 0xB23B, 0xBDA6, 0x1EBF, 0xFDBE, 0xFDBE, 0xFDBE, 
    0xFDBE, 0xFDBE, 0xFDBE, 0xFDBE, 0xFDBE, 0xFDBE, 0xFDBE, 0xFDBE, 0xFDBE, 0xFDBE, 0xFDBE, 0xFDBE, 
    0xFDBE, 0xFDBE, 0xFDBE, 0xFDBE, 0xFDBE, 0xFDBE, 0xFDBE, 0xFDBE, 0xFDBE, 0xFDBE, 0xFDBE, 0xFDBE, 
    0xFDBE, 0xFDBE, 0xFDBE, 0xFDBE, 0xFDBE, 0xFDBE, 0xFDBE, 0xFDBE, 0xFDBE, 0xFDBE, 0xFDBE, 0xFDBE, 
    0xFDBE, 0xFDBE, 0xFDBE, 0xFDBE, 0xFDBE, 0xFDBE, 0xFDBE, 0xFDBE, 0xFDBE, 0xFDBE, 0xFDBE, 0xFDBE, 
    0xFDBE, 0xFDBE, 0xFDBE, 0xFDBE, 0xFDBE, 0xFDBE, 0xFDBE, 0xFDBE, 0xFDBE, 0xFDBE, 0xFDBE, 0xFDBE, 
    0xFDBE, 0xFDBE, 0x1DBF, 0xFDBE, 0x1A9E, 0xF57C, 0x157D, 0x157D, 0x157D, 0x157D, 0x1675, 0x1675, 
    0x1675, 0x1675, 0x1675, 0x1675, 0xF574, 0x9885, 0x1DBF, 0xFDBE, 0xFDBE, 0xFDBE, 0xFDBE, 0xFDBE, 
    0xFDBE, 0xFDBE, 0xFDBE, 0xFDBE, 0xFDBE, 0xFDBE, 0xFDBE, 0xFDBE, 0xFDBE, 0xFDBE, 
    0xFDBE, 0xFDBE, 
    0xFDBE, 0xFDBE, 0xFDBE, 0xFDBE, 0xFDBE, 0xFDBE, 0xFDBE, 0xFDBE, 0xFDBE, 0xFDBE, 0xFDBE, 0xFDBE, 
    0xFDBE, 0xFDBE, 0xFDBE, 0xFDBE, 0xFDBE, 0xFDBE, 0xFDBE, 0xFDBE, 0xFDBE, 0xFDBE, 0xFDBE, 0xFDBE, 
    0xFDBE, 0xFDBE, 0xFDBE, 0xFDBE, 0x1EBF, 0xB88D, 0x368D, 0x7CFF, 0x9CFF, 0x7CFF, 0x9CFF, 0x9CFF, 
    0x7CFF, 0xBCFF, 0x1BDF, 0xD574, 0x3AA6, 0x3DBF, 0xFDB6, 0xFDBE, 0x1DB7, 0xFDBE, 0xFDBE, 0xFDBE, 
    0xFDBE, 0xFDBE, 0xFDBE, 0xFDBE, 0xFDBE, 0xFDBE, 0xFDBE, 0xFDBE, 0xFDBE, 0xFDBE, 0xFDBE, 0xFDBE, 
    0xFDBE, 0xFDBE, 0xFDBE, 0xFDBE, 0xFDBE, 0xFDBE, 0xFDBE, 0xFDBE, 0xFDBE, 0xFDBE, 0xFDBE, 0xFDBE, 
    0xFDBE, 0xFDBE, 0xFDBE, 0xFDBE, 0xFDBE, 0xFDBE, 0xFDBE, 0xFDBE, 0xFDBE, 0xFDBE, 0xFDBE, 0xFDBE, 
    0xFDBE, 0xFDBE, 0xFDBE, 0xFDBE, 0xFDBE, 0xFDBE, 0xFDBE, 0xFDBE, 0xFDBE, 0xFDBE, 0x1EBF, 0xB55C, 
    0xCF12, 0x1013, 0x1013, 0xEF1A, 0x5875, 0x3EBF, 0x1DBF, 0x5BA6, 0xD474, 0x9BAE, 0x1DBF, 0xFDBE, 
    0xFDBE, 0xFDBE, 0xFDBE, 0xFDBE, 0xFDBE, 0xFDBE, 0xFDBE, 0xFDBE, 0xFDBE, 0xFDBE, 0xFDBE, 0xFDBE, 
    0xFDBE, 0xFDBE, 0xFDBE, 0xFDBE, 0xFDBE, 0xFDBE, 0xFDBE, 0xFDBE, 0xFDBE, 0xFDBE, 0xFDBE, 0xFDBE, 
    0xFDBE, 0xFDBE, 0xFDBE, 0xFDBE, 0xFDBE, 0xFDBE, 0xFDBE, 0xFDBE, 0xFDBE, 0xFDBE, 0xFDBE, 0xFDBE, 
    0xFDBE, 0xFDBE, 0xFDBE, 0xFDBE, 0xFDBE, 0xFDBE, 0xFDBE, 0xFDBE, 0xFDBE, 0xFDBE, 0xFDBE, 0xFDBE, 
    0xFDBE, 0xFDBE, 0xFDBE, 0xFDBE, 0xFDBE, 0xFDBE, 0xFDBE, 0xFDBE, 0xFDBE, 0xFEBE, 0x1DB7, 0x1CB7, 
    0xFCBE, 0xDDC6, 0xDEBE, 0x7454, 0xEF0A, 0x1113, 0xF012, 0x0F23, 0xD985, 0x3EBF, 0xFDBE, 0xFDBE, 
    0xFDBE, 0xFDBE, 0xFDBE, 0xFDBE, 0xFDBE, 0xFDBE, 0xFDBE, 0xFDBE, 0xFDBE, 0xFDBE, 0xFDBE, 0xFDBE, 
    0xFDBE, 0xFDBE, 0xFDBE, 0xFDBE, 0xFDBE, 0xFDBE, 0xFDBE, 0xFDBE, 0xFDBE, 0xFDBE, 0xFDBE, 0xFDBE, 
    0xFDBE, 0xFDBE, 0xFDBE, 0xFDBE, 0xFDBE, 0xFDBE, 0xFDBE, 0xFDBE, 0xFDBE, 0xFDBE, 0xFDBE, 0xFDBE, 
    0xFDBE, 0xFDBE, 0xFDBE, 0xFDBE, 0xFDBE, 0xFDBE, 0xFDBE, 0xFDBE, 0xFDBE, 0xFDBE, 0xFDBE, 0xFDBE, 
    0xFDBE, 0xFDBE, 0xFDBE, 0xFDBE, 0xFDBE, 0xFDBE, 0xFDBE, 0xFDBE, 0xFDBE, 0xFDBE, 0xFDBE, 0xFDBE, 
    0xFDBE, 0xFDBE, 0xFDBE, 0xFDBE, 0xFDBE, 0xFDBE, 0x1DBF, 0xDDB6, 0xDDB6, 0xDDB6, 0xDDB6, 0xDDB6, 
    0xDDB6, 0xDDB6, 0xDDB6, 0xDDB6, 0xDDB6, 0xFDB6, 0x5785, 0x7785, 0x1DBF, 0xFDBE, 0xFDBE, 0xFDBE, 
    0xFDBE, 0xFDBE, 0xFDBE, 0xFDBE, 0xFDBE, 0xFDBE, 0xFDBE, 0xFDBE, 0xFDBE, 0xFDBE, 0xFDBE, 0xFDBE, 
    
    0xFDBE, 0xFDBE, 0xFDBE, 0xFDBE, 0xFDBE, 0xFDBE, 0xFDBE, 0xFDBE, 0xFDBE, 0xFDBE, 0xFDBE, 0xFDBE, 
    0xFDBE, 0xFDBE, 0xFDBE, 0xFDBE, 0xFDBE, 0xFDBE, 0xFDBE, 0xFDBE, 0xFDBE, 0xFDBE, 0xFDBE, 0xFDBE, 
    0xFDBE, 0xFDBE, 0xFDBE, 0xFDBE, 0xFDBE, 0xFDBE, 0x1EBF, 0xB88D, 0x368D, 0x7CFF, 0x9CFF, 0x7CFF, 
    0x9CFF, 0x9CFF, 0x7CFF, 0xBCFF, 0x1BDF, 0xD574, 0x3AA6, 0x3DBF, 0xFDB6, 0xFDBE, 0x1DB7, 0xFDBE, 
    0xFDBE, 0xFDBE, 0xFDBE, 0xFDBE, 0xFDBE, 0xFDBE, 0xFDBE, 0xFDBE, 0xFDBE, 0xFDBE, 0xFDBE, 0xFDBE, 
    0xFDBE, 0xFDBE, 0xFDBE, 0xFDBE, 0xFDBE, 0xFDBE, 0xFDBE, 0xFDBE, 0xFDBE, 0xFDBE, 0xFDBE, 0xFDBE, 
    0xFDBE, 0xFDBE, 0xFDBE, 0xFDBE, 0xFDBE, 0xFDBE, 0xFDBE, 0xFDBE, 0xFDBE, 0xFDBE, 0xFDBE, 0xFDBE, 
    0xFDBE, 0xFDBE, 0xFDBE, 0xFDBE, 0xFDBE, 0xFDBE, 0xFDBE, 0xFDBE, 0xFDBE, 0xFDBE, 0xFDBE, 0xFDBE, 
    0x1DBF, 0x9CA6, 0xB133, 0xEF12, 0x1013, 0xCF12, 0x7133, 0x5B9E, 0x3EBF, 0x5BA6, 0xD574, 0x9CAE, 
    0x1DBF, 0xFDBE, 0xFDBE, 0xFDBE, 0xFDBE, 0xFDBE, 0xFDBE, 0xFDBE, 0xFDBE, 0xFDBE, 0xFDBE, 0xFDBE, 
    0xFDBE, 0xFDBE, 0xFDBE, 0xFDBE, 0xFDBE, 0xFDBE, 0xFDBE, 0xFDBE, 0xFDBE, 0xFDBE, 0xFDBE, 0xFDBE, 
    0xFDBE, 0xFDBE, 0xFDBE, 0xFDBE, 0xFDBE, 0xFDBE, 0xFDBE, 0xFDBE, 0xFDBE, 0xFDBE, 0xFDBE, 0xFDBE, 
    0xFDBE, 0xFDBE, 0xFDBE, 0xFDBE, 0xFDBE, 0xFDBE, 0xFDBE, 0xFDBE, 0xFDBE, 0xFDBE, 0xFDBE, 0xFDBE, 
    0xFDBE, 0xFDBE, 0xFDBE, 0xFDBE, 0xFDBE, 0xFDBE, 0xFDBE, 0xFDBE, 0xFDBE, 0xFDBE, 0xFDBE, 0xFDBE, 
    0x1DBF, 0x1DB7, 0xFCBE, 0x1EC7, 0x7985, 0xEF1A, 0x100B, 0x1113, 0xCF1A, 0x9564, 0x1EBF, 0xFDBE, 
    0xFDBE, 0xFDBE, 0xFDBE, 0xFDBE, 0xFDBE, 0xFDBE, 0xFDBE, 0xFDBE, 0xFDBE, 0xFDBE, 0xFDBE, 0xFDBE, 
    0xFDBE, 0xFDBE, 0xFDBE, 0xFDBE, 0xFDBE, 0xFDBE, 0xFDBE, 0xFDBE, 0xFDBE, 0xFDBE, 0xFDBE, 0xFDBE, 
    0xFDBE, 0xFDBE, 0xFDBE, 0xFDBE, 0xFDBE, 0xFDBE, 0xFDBE, 0xFDBE, 0xFDBE, 0xFDBE, 0xFDBE, 0xFDBE, 
    0xFDBE, 0xFDBE, 0xFDBE, 0xFDBE, 0xFDBE, 0xFDBE, 0xFDBE, 0xFDBE, 0xFDBE, 0xFDBE, 0xFDBE, 0xFDBE, 
    0xFDBE, 0xFDBE, 0xFDBE, 0xFDBE, 0xFDBE, 0xFDBE, 0xFDBE, 0xFDBE, 0xFDBE, 0xFDBE, 0xFDBE, 0xFDBE, 
    0xFDBE, 0xFDBE, 0xFDBE, 0xFDBE, 0xFDBE, 0xFDBE, 0xFDBE, 0xFDBE, 0xFDBE, 0xFDBE, 0xFDBE, 0xFDBE, 
    0xFDBE, 0xFDBE, 0xFDBE, 0xFDBE, 0xFDBE, 0xFDBE, 0xFDBE, 0x1DBF, 0x5785, 0x7785, 0x1DBF, 0xFDBE, 
    0xFDBE, 0xFDBE, 0xFDBE, 0xFDBE, 0xFDBE, 0xFDBE, 0xFDBE, 0xFDBE, 0xFDBE, 0xFDBE, 0xFDBE, 0xFDBE, 
    0xFDBE, 0xFDBE, 
    0xFDBE, 0xFDBE, 0xFDBE, 0xFDBE, 0xFDBE, 0xFDBE, 0xFDBE, 0xFDBE, 0xFDBE, 0xFDBE, 
    0xFDBE, 0xFDBE, 0xFDBE, 0xFDBE, 0xFDBE, 0xFDBE, 0xFDBE, 0xFDBE, 0xFDBE, 0xFDBE, 0xFDBE, 0xFDBE, 
    0xFDBE, 0xFDBE, 0xFDBE, 0xFDBE, 0xFDBE, 0xFDBE, 0xFDBE, 0xFDBE, 0x1EBF, 0xB88D, 0x368D, 0x7CFF, 
    0x9CFF, 0x7CFF, 0x9CFF, 0x9CFF, 0x7CFF, 0xBCFF, 0x1BDF, 0xD574, 0x3AA6, 0x3DBF, 0xFDB6, 0xFDBE, 
    0x1DB7, 0xFDBE, 0xFDBE, 0xFDBE, 0xFDBE, 0xFDBE, 0xFDBE, 0xFDBE, 0xFDBE, 0xFDBE, 0xFDBE, 0xFDBE, 
    0xFDBE, 0xFDBE, 0xFDBE, 0xFDBE, 0xFDBE, 0xFDBE, 0xFDBE, 0xFDBE, 0xFDBE, 0xFDBE, 0xFDBE, 0xFDBE, 
    0xFDBE, 0xFDBE, 0xFDBE, 0xFDBE, 0xFDBE, 0xFDBE, 0xFDBE, 0xFDBE, 0xFDBE, 0xFDBE, 0xFDBE, 0xFDBE, 
    0xFDBE, 0xFDBE, 0xFDBE, 0xFDBE, 0xFDBE, 0xFDBE, 0xFDBE, 0xFDBE, 0xFDBE, 0xFDBE, 0xFDBE, 0xFDBE, 
    0xFDBE, 0xFDBE, 0xFDBE, 0x3EBF, 0xB985, 0xEF22, 0xF012, 0x101B, 0xCF12, 0x3454, 0x1EB7, 0x7B9E, 
    0xD56C, 0x9CAE, 0x1DBF, 0xFDBE, 0xFDBE, 0xFDBE, 0xFDBE, 0xFDBE, 0xFDBE, 0xFDBE, 0xFDBE, 0xFDBE, 
    0xFDBE, 0xFDBE, 0xFDBE, 0xFDBE, 0xFDBE, 0xFDBE, 0xFDBE, 0xFDBE, 0xFDBE, 0xFDBE, 0xFDBE, 0xFDBE, 
    0xFDBE, 0xFDBE, 0xFDBE, 0xFDBE, 0xFDBE, 0xFDBE, 0xFDBE, 0xFDBE, 0xFDBE, 0xFDBE, 0xFDBE, 0xFDBE, 
    0xFDBE, 0xFDBE, 0xFDBE, 0xFDBE, 0xFDBE, 0xFDBE, 0xFDBE, 0xFDBE, 0xFDBE, 0xFDBE, 0xFDBE, 0xFDBE, 
    0xFDBE, 0xFDBE, 0xFDBE, 0xFDBE, 0xFDBE, 0xFDBE, 0xFDBE, 0xFDBE, 0xFDBE, 0xFDBE, 0xFDBE, 0xFDBE, 
    0xFDBE, 0xFDBE, 0xFDBE, 0xFDB6, 0x1EBF, 0x7CA6, 0x9133, 0xCF12, 0x1113, 0xF012, 0x913B, 0x9CA6, 
    0x1EBF, 0xFDBE, 0xFDBE, 0xFDBE, 0xFDBE, 0xFDBE, 0xFDBE, 0xFDBE, 0xFDBE, 0xFDBE, 0xFDBE, 0xFDBE, 
    0xFDBE, 0xFDBE, 0xFDBE, 0xFDBE, 0xFDBE, 0xFDBE, 0xFDBE, 0xFDBE, 0xFDBE, 0xFDBE, 0xFDBE, 0xFDBE, 
    0xFDBE, 0xFDBE, 0xFDBE, 0xFDBE, 0xFDBE, 0xFDBE, 0xFDBE, 0xFDBE, 0xFDBE, 0xFDBE, 0xFDBE, 0xFDBE, 
    0xFDBE, 0xFDBE, 0xFDBE, 0xFDBE, 0xFDBE, 0xFDBE, 0xFDBE, 0xFDBE, 0xFDBE, 0xFDBE, 0xFDBE, 0xFDBE, 
    0xFDBE, 0xFDBE, 0xFDBE, 0xFDBE, 0xFDBE, 0xFDBE, 0xFDBE, 0xFDBE, 0xFDBE, 0xFDBE, 0xFDBE, 0xFDBE, 
    0xFDBE, 0xFDBE, 0xFDBE, 0xFDBE, 0xFDBE, 0xFDBE, 0xFDBE, 0xFDBE, 0xFDBE, 0xFDBE, 0xFDBE, 0xFDBE, 
    0xFDBE, 0xFDBE, 0xFDBE, 0xFDBE, 0xFDBE, 0xFDBE, 0xFDBE, 0xFDBE, 0xFDBE, 0x1DBF, 0x5785, 0x7785, 
    0x1DBF, 0xFDBE, 0xFDBE, 0xFDBE, 0xFDBE, 0xFDBE, 0xFDBE, 0xFDBE, 0xFDBE, 0xFDBE, 0xFDBE, 0xFDBE, 
    0xFDBE, 0xFDBE, 0xFDBE, 0xFDBE, 
    0xFDBE, 0xFDBE, 0xFDBE, 0xFDBE, 0xFDBE, 0xFDBE, 0xFDBE, 0xFDBE, 
    0xFDBE, 0xFDBE, 0xFDBE, 0xFDBE, 0xFDBE, 0xFDBE, 0xFDBE, 0xFDBE, 0xFDBE, 0xFDBE, 0xFDBE, 0xFDBE, 
    0xFDBE, 0xFDBE, 0xFDBE, 0xFDBE, 0xFDBE, 0xFDBE, 0xFDBE, 0xFDBE, 0xFDBE, 0xFDB6, 0x1EBF, 0xB88D, 
    0x368D, 0x7CFF, 0x9CFF, 0x7DFF, 0x9CFF, 0x9CFF, 0x7CFF, 0xBCFF, 0x1BDF, 0xD574, 0x3AA6, 0x3DB7, 
    0xFDB6, 0xFDBE, 0x1DB7, 0xFDBE, 0xFDBE, 0xFDBE, 0xFDBE, 0xFDBE, 0xFDBE, 0xFDBE, 0xFDBE, 0xFDBE, 
    0xFDBE, 0xFDBE, 0xFDBE, 0xFDBE, 0xFDBE, 0xFDBE, 0xFDBE, 0xFDBE, 0xFDBE, 0xFDBE, 0xFDBE, 0xFDBE, 
    0xFDBE, 0xFDBE, 0xFDBE, 0xFDBE, 0xFDBE, 0xFDBE, 0xFDBE, 0xFDBE, 0xFDBE, 0xFDBE, 0xFDBE, 0xFDBE, 
    0xFDBE, 0xFDBE, 0xFDBE, 0xFDBE, 0xFDBE, 0xFDBE, 0xFDBE, 0xFDBE, 0xFDBE, 0xFDBE, 0xFDBE, 0xFDBE, 
    0xFDBE, 0xFDBE, 0xFDBE, 0xFDB6, 0xFDBE, 0xFDBE, 0x1EBF, 0x955C, 0xCF12, 0x1013, 0x1013, 0xCE22, 
    0x7885, 0x9DA6, 0xD56C, 0x9CAE, 0x1EBF, 0xFDBE, 0xFDBE, 0xFDBE, 0xFDBE, 0xFDBE, 0xFDBE, 0xFDBE, 
    0xFDBE, 0xFDBE, 0xFDBE, 0xFDBE, 0xFDBE, 0xFDBE, 0xFDBE, 0xFDBE, 0xFDBE, 0xFDBE, 0xFDBE, 0xFDBE, 
    0xFDBE, 0xFDBE, 0xFDBE, 0xFDBE, 0xFDBE, 0xFDBE, 0xFDBE, 0xFDBE, 0xFDBE, 0xFDBE, 0xFDBE, 0xFDBE, 
    0xFDBE, 0xFDBE, 0xFDBE, 0xFDBE, 0xFDBE, 0xFDBE, 0xFDBE, 0xFDBE, 0xFDBE, 0xFDBE, 0xFDBE, 0xFDBE, 
    0xFDBE, 0xFDBE, 0xFDBE, 0xFDBE, 0xFDBE, 0xFDBE, 0xFDBE, 0xFDBE, 0xFDBE, 0xFDBE, 0xFDBE, 0xFDBE, 
    0xFDBE, 0xFDBE, 0xFDBE, 0x1DBF, 0xFDBE, 0xFDBE, 0x1EB7, 0x955C, 0xCE12, 0x1013, 0xF012, 0x101B, 
    0xB985, 0x1EBF, 0xDDBE, 0xFDBE, 0xFDB6, 0x1DB7, 0x1DBF, 0xFDBE, 0xFDBE, 0xFDBE, 0xFDBE, 0xFDBE, 
    0xFDBE, 0xFDBE, 0xFDBE, 0xFDBE, 0xFDBE, 0xFDBE, 0xFDBE, 0xFDBE, 0xFDBE, 0xFDBE, 0xFDBE, 0xFDBE, 
    0xFDBE, 0xFDBE, 0xFDBE, 0xFDBE, 0xFDBE, 0xFDBE, 0xFDBE, 0xFDBE, 0xFDBE, 0xFDBE, 0xFDBE, 0xFDBE, 
    0xFDBE, 0xFDBE, 0xFDBE, 0xFDBE, 0xFDBE, 0xFDBE, 0xFDBE, 0xFDBE, 0xFDBE, 0xFDBE, 0xFDBE, 0xFDBE, 
    0xFDBE, 0xFDBE, 0xFDBE, 0xFDBE, 0xFDBE, 0xFDBE, 0xFDBE, 0xFDBE, 0xFDBE, 0xFDBE, 0xFDBE, 0xFDBE, 
    0xFDBE, 0xFDBE, 0xFDBE, 0xFDBE, 0xFDBE, 0xFDBE, 0xFDBE, 0xFDBE, 0xFDBE, 0xFDBE, 0xFDBE, 0xFDBE, 
    0xFDBE, 0xFDBE, 0xFDBE, 0xFDBE, 0xFDBE, 0xFDBE, 0xFDBE, 0xFDBE, 0xFDBE, 0xFDBE, 0xFDB6, 0x1EBF, 
    0x5785, 0x7785, 0x1DBF, 0xFDBE, 0xFDBE, 0xFDBE, 0xFDBE, 0xFDBE, 0xFDBE, 0xFDBE, 0xFDBE, 0xFDBE, 
    0xFDBE, 0xFDBE, 0xFDBE, 0xFDBE, 0xFDBE, 0xFDBE, 
    0xFDBE, 0xFDBE, 0xFDBE, 0xFDBE, 0xFDBE, 0xFDBE, 
    0xFDBE, 0xFDBE, 0xFDBE, 0xFDBE, 0xFDBE, 0xFDBE, 0xFDBE, 0xFDBE, 0xFDBE, 0xFDBE, 0xFDBE, 0xFDBE, 
    0xFDBE, 0xFDBE, 0xFDBE, 0xFDBE, 0x1DBF, 0x3EBF, 0x3DBF, 0x1DBF, 0x1DC7, 0x1DBF, 0x1DBF, 0x1DBF, 
    0x3EC7, 0xB88D, 0x3685, 0x7DFF, 0x9CFF, 0x9CFF, 0x9CFF, 0x9CFF, 0x7CFF, 0xBCFF, 0x1BE7, 0xD574, 
    0x5B9E, 0x3DBF, 0xFDB6, 0xFDBE, 0xFCBE, 0xFDB6, 0xFDB6, 0xFDBE, 0xFDBE, 0xFDBE, 0xFDBE, 0xFDBE, 
    0xFDBE, 0xFDBE, 0xFDBE, 0xFDBE, 0xFDBE, 0xFDBE, 0xFDBE, 0xFDBE, 0xFDBE, 0xFDBE, 0xFDBE, 0xFDBE, 
    0xFDBE, 0xFDBE, 0xFDBE, 0xFDBE, 0xFDBE, 0xFDBE, 0xFDBE, 0xFDBE, 0xFDBE, 0xFDBE, 0xFDBE, 0xFDBE, 
    0xFDBE, 0xFDBE, 0xFDBE, 0xFDBE, 0xFDBE, 0xFDBE, 0xFDBE, 0xFDBE, 0xFDBE, 0xFDBE, 0xFDBE, 0xFDBE, 
    0xFDBE, 0xFDBE, 0xFDBE, 0xFDBE, 0xFDBE, 0x1DB7, 0x1DBF, 0xFDBE, 0x1EBF, 0x9CA6, 0x913B, 0xEF12, 
    0x1113, 0xCF12, 0x9133, 0xB985, 0xF674, 0x7BAE, 0x1DBF, 0xFDB6, 0x1DB7, 0xFDBE, 0xFDBE, 0xFDBE, 
    0xFDBE, 0xFDBE, 0xFDBE, 0xFDBE, 0xFDBE, 0xFDBE, 0xFDBE, 0xFDBE, 0xFDBE, 0xFDBE, 0xFDBE, 0xFDBE, 
    0xFDBE, 0xFDBE, 0xFDBE, 0xFDBE, 0xFDBE, 0xFDBE, 0xFDBE, 0xFDBE, 0xFDBE, 0xFDBE, 0xFDBE, 0xFDBE, 
    0xFDBE, 0xFDBE, 0xFDBE, 0xFDBE, 0xFDBE, 0xFDBE, 0xFDBE, 0xFDBE, 0xFDBE, 0xFDBE, 0xFDBE, 0xFDBE, 
    0xFDBE, 0xFDBE, 0xFDBE, 0xFDBE, 0xFDBE, 0xFDBE, 0xFDBE, 0xFDBE, 0xFDBE, 0xFDBE, 0xFDBE, 0xFDBE, 
    0xFDBE, 0xFDBE, 0xFDBE, 0xFDBE, 0xFDBE, 0xFCBE, 0xFCB6, 0x1EC7, 0x9985, 0x2F1B, 0x1013, 0x1013, 
    0xCF12, 0x745C, 0x1EB7, 0x1DBF, 0xFDBE, 0xFDBE, 0xFDBE, 0xFDBE, 0xFDBE, 0xFDBE, 0xFDBE, 0xFDBE, 
    0xFDBE, 0xFDBE, 0xFDBE, 0xFDBE, 0xFDBE, 0xFDBE, 0xFDBE, 0xFDBE, 0xFDBE, 0xFDBE, 0xFDBE, 0xFDBE, 
    0xFDBE, 0xFDBE, 0xFDBE, 0xFDBE, 0xFDBE, 0xFDBE, 0xFDBE, 0xFDBE, 0xFDBE, 0xFDBE, 0xFDBE, 0xFDBE, 
    0xFDBE, 0xFDBE, 0xFDBE, 0xFDBE, 0xFDBE, 0xFDBE, 0xFDBE, 0xFDBE, 0xFDBE, 0xFDBE, 0xFDBE, 0xFDBE, 
    0xFDBE, 0xFDBE, 0xFDBE, 0xFDBE, 0xFDBE, 0xFDBE, 0xFDBE, 0xFDBE, 0xFDBE, 0xFDBE, 0xFDBE, 0xFDBE, 
    0xFDBE, 0xFDBE, 0xFDBE, 0xFDBE, 0xFDBE, 0xFDBE, 0xFDBE, 0xFDBE, 0xFDBE, 0xFDBE, 0xFDBE, 0xFDBE, 
    0xFDBE, 0xFDBE, 0xFDBE, 0xFDBE, 0xFDBE, 0xFDBE, 0xFDBE, 0xFDBE, 0xFDBE, 0xFDBE, 0xFDBE, 0xFDBE, 
    0xFDB6, 0x1EBF, 0x5785, 0x7885, 0x1DBF, 0xFDBE, 0xFDBE, 0xFDBE, 0xFDBE, 0xFDBE, 0xFDBE, 0xFDBE, 
    0xFDBE, 0xFDBE, 0xFDBE, 0xFDBE, 0xFDBE, 0xFDBE, 0xFDBE, 0xFDBE, 
    0xFDBE, 0xFDBE, 0xFDBE, 0xFDBE, 
    0xFDBE, 0xFDBE, 0xFDBE, 0xFDBE, 0xFDBE, 0xFDBE, 0xFDBE, 0xFDBE, 0xFDBE, 0xFDBE, 0xFDBE, 0xFDBE, 
    0xFDBE, 0xFDBE, 0xFDBE, 0xFDBE, 0xFDBE, 0x1DBF, 0xDDB6, 0x3A9E, 0x3A96, 0x3A9E, 0x5AA6, 0x5BA6, 
    0x7BA6, 0x7CA6, 0xBCAE, 0x9785, 0x5685, 0x7EF7, 0x7CFF, 0xBBFF, 0xBCFF, 0x7CFF, 0x7CFF, 0xDCFF, 
    0xFBE6, 0xF674, 0x5B9E, 0x3EBF, 0x1EB7, 0x1EBF, 0x1EBF, 0x3EB7, 0x1EBF, 0xFDBE, 0x1DBF, 0xFDBE, 
    0xFDBE, 0xFDBE, 0xFDBE, 0xFDBE, 0xFDBE, 0xFDBE, 0xFDBE, 0xFDBE, 0xFDBE, 0xFDBE, 0xFDBE, 0xFDBE, 
    0xFDBE, 0xFDBE, 0xFDBE, 0xFDBE, 0xFDBE, 0xFDBE, 0xFDBE, 0xFDBE, 0xFDBE, 0xFDBE, 0xFDBE, 0xFDBE, 
    0xFDBE, 0xFDBE, 0xFDBE, 0xFDBE, 0xFDBE, 0xFDBE, 0xFDBE, 0xFDBE, 0xFDBE, 0xFDBE, 0xFDBE, 0xFDBE, 
    0xFDBE, 0xFDBE, 0xFDBE, 0xFDBE, 0xFDBE, 0xFDBE, 0xFDBE, 0x1DBF, 0xFDBE, 0xFDBE, 0xFDBE, 0x3EBF, 
    0xB885, 0x0F23, 0xF012, 0x1013, 0xEF12, 0x1344, 0xF674, 0x7BAE, 0x1DBF, 0xFDBE, 0x1DB7, 0xFDBE, 
    0xFDBE, 0xFDBE, 0xFDBE, 0xFDBE, 0xFDBE, 0xFDBE, 0xFDBE, 0xFDBE, 0xFDBE, 0xFDBE, 0xFDBE, 0xFDBE, 
    0xFDBE, 0xFDBE, 0xFDBE, 0xFDBE, 0xFDBE, 0xFDBE, 0xFDBE, 0xFDBE, 0xFDBE, 0xFDBE, 0xFDBE, 0xFDBE, 
    0xFDBE, 0xFDBE, 0xFDBE, 0xFDBE, 0xFDBE, 0xFDBE, 0xFDBE, 0xFDBE, 0xFDBE, 0xFDBE, 0xFDBE, 0xFDBE, 
    0xFDBE, 0xFDBE, 0xFDBE, 0xFDBE, 0xFDBE, 0xFDBE, 0xFDBE, 0xFDBE, 0xFDBE, 0xFDBE, 0xFDBE, 0xFDBE, 
    0xFDBE, 0xFDBE, 0xFDBE, 0xFDBE, 0xFDBE, 0xFDBE, 0xFDBE, 0xFCBE, 0x1DBF, 0x9CAE, 0x923B, 0xEF0A, 
    0x3013, 0xEF12, 0x9133, 0x5BA6, 0x3EBF, 0xFDB6, 0xFDBE, 0xFDBE, 0xFDBE, 0xFDBE, 0xFDBE, 0xFDBE, 
    0xFDBE, 0xFDBE, 0xFDBE, 0xFDBE, 0xFDBE, 0xFDBE, 0xFDBE, 0xFDBE, 0xFDBE, 0xFDBE, 0xFDBE, 0xFDBE, 
    0xFDBE, 0xFDBE, 0xFDBE, 0xFDBE, 0xFDBE, 0xFDBE, 0xFDBE, 0xFDBE, 0xFDBE, 0xFDBE, 0xFDBE, 0xFDBE, 
    0xFDBE, 0xFDBE, 0xFDBE, 0xFDBE, 0xFDBE, 0xFDBE, 0xFDBE, 0xFDBE, 0xFDBE, 0xFDBE, 0xFDBE, 0xFDBE, 
    0xFDBE, 0xFDBE, 0xFDBE, 0xFDBE, 0xFDBE, 0xFDBE, 0xFDBE, 0xFDBE, 0xFDBE, 0xFDBE, 0xFDBE, 0xFDBE, 
    0xFDBE, 0xFDBE, 0xFDBE, 0xFDBE, 0xFDBE, 0xFDBE, 0xFDBE, 0xFDBE, 0xFDBE, 0xFDBE, 0xFDBE, 0xFDBE, 
    0xFDBE, 0xFDBE, 0xFDBE, 0xFDBE, 0xFDBE, 0xFDBE, 0xFDBE, 0xFDBE, 0xFDBE, 0xFDBE, 0xFDBE, 0xFDBE, 
    0xFDBE, 0xFDBE, 0xFDBE, 0x1DBF, 0x5785, 0x7785, 0x1DBF, 0xFDBE, 0xFDBE, 0xFDBE, 0xFDBE, 0xFDBE, 
    0xFDBE, 0xFDBE, 0xFDBE, 0xFDBE, 0xFDBE, 0xFDBE, 0xFDBE, 0xFDBE, 0xFDBE, 0xFDBE, 
    0xFDBE, 0xFDBE, 
    0xFDBE, 0xFDBE, 0xFDBE, 0xFDBE, 0xFDBE, 0xFDBE, 0xFDBE, 0xFDBE, 0xFDBE, 0xFDBE, 0xFDBE, 0xFDBE, 
    0xFDBE, 0xFDBE, 0xFDBE, 0xFDBE, 0xFDBE, 0xFDBE, 0xFDBE, 0x1EBF, 0x3A9E, 0xD56C, 0xD664, 0xD66C, 
    0xD56C, 0xD66C, 0xD66C, 0xD66C, 0xF66C, 0xD56C, 0x558D, 0x5DF7, 0x7CFF, 0xBBFF, 0xBCFF, 0x7CFF, 
    0x9CFF, 0xDCFF, 0x1BE7, 0xF57C, 0x5785, 0x978D, 0x988D, 0x9795, 0xB895, 0xB88D, 0x5BA6, 0x1DBF, 
    0x1DBF, 0xFDBE, 0xFDBE, 0xFDBE, 0xFDBE, 0xFDBE, 0xFDBE, 0xFDBE, 0xFDBE, 0xFDBE, 0xFDBE, 0xFDBE, 
    0xFDBE, 0xFDBE, 0xFDBE, 0xFDBE, 0xFDBE, 0xFDBE, 0xFDBE, 0xFDBE, 0xFDBE, 0xFDBE, 0xFDBE, 0xFDBE, 
    0xFDBE, 0xFDBE, 0xFDBE, 0xFDBE, 0xFDBE, 0xFDBE, 0xFDBE, 0xFDBE, 0xFDBE, 0xFDBE, 0xFDBE, 0xFDBE, 
    0xFDBE, 0xFDBE, 0xFDBE, 0xFDBE, 0xFDBE, 0xFDBE, 0xFDBE, 0xFDBE, 0xFDBE, 0x1DBF, 0x1DBF, 0xFDBE, 
    0xFDBE, 0xFDBE, 0x1EB7, 0x955C, 0xCF12, 0x1013, 0xF012, 0x1023, 0x745C, 0xBCAE, 0xFDBE, 0xFDBE, 
    0xFDBE, 0xFDBE, 0xFDBE, 0xFDBE, 0xFDBE, 0xFDBE, 0xFDBE, 0xFDBE, 0xFDBE, 0xFDBE, 0xFDBE, 0xFDBE, 
    0xFDBE, 0xFDBE, 0xFDBE, 0xFDBE, 0xFDBE, 0xFDBE, 0xFDBE, 0xFDBE, 0xFDBE, 0xFDBE, 0xFDBE, 0xFDBE, 
    0xFDBE, 0xFDBE, 0xFDBE, 0xFDBE, 0xFDBE, 0xFDBE, 0xFDBE, 0xFDBE, 0xFDBE, 0xFDBE, 0xFDBE, 0xFDBE, 
    0xFDBE, 0xFDBE, 0xFDBE, 0xFDBE, 0xFDBE, 0xFDBE, 0xFDBE, 0xFDBE, 0xFDBE, 0xFDBE, 0xFDBE, 0xFDBE, 
    0xFDBE, 0xFDBE, 0xFDBE, 0xFDBE, 0xFDBE, 0xFDBE, 0xFDBE, 0xFDBE, 0xFDBE, 0xFDBE, 0xFEC6, 0xB55C, 
    0xCF1A, 0xF01A, 0xF012, 0x101B, 0x9564, 0xDDB6, 0x1EBF, 0xFDBE, 0xFDBE, 0xFDBE, 0xFDBE, 0xFDBE, 
    0xFDBE, 0xFDBE, 0xFDBE, 0xFDBE, 0xFDBE, 0xFDBE, 0xFDBE, 0xFDBE, 0xFDBE, 0xFDBE, 0xFDBE, 0xFDBE, 
    0xFDBE, 0xFDBE, 0xFDBE, 0xFDBE, 0xFDBE, 0xFDBE, 0xFDBE, 0xFDBE, 0xFDBE, 0xFDBE, 0xFDBE, 0xFDBE, 
    0xFDBE, 0xFDBE, 0xFDBE, 0xFDBE, 0xFDBE, 0xFDBE, 0xFDBE, 0xFDBE, 0xFDBE, 0xFDBE, 0xFDBE, 0xFDBE, 
    0xFDBE, 0xFDBE, 0xFDBE, 0xFDBE, 0xFDBE, 0xFDBE, 0xFDBE, 0xFDBE, 0xFDBE, 0xFDBE, 0xFDBE, 0xFDBE, 
    0xFDBE, 0xFDBE, 0xFDBE, 0xFDBE, 0xFDBE, 0xFDBE, 0xFDBE, 0xFDBE, 0xFDBE, 0xFDBE, 0xFDBE, 0xFDBE, 
    0xFDBE, 0xFDBE, 0xFDBE, 0xFDBE, 0xFDBE, 0xFDBE, 0xFDBE, 0xFDBE, 0xFDBE, 0xFDBE, 0xFDBE, 0xFDBE, 
    0xFDBE, 0xFDBE, 0xFDBE, 0xFDBE, 0xFDBE, 0x1DBF, 0x5785, 0x7785, 0x1DBF, 0xFDBE, 0xFDBE, 0xFDBE, 
    0xFDBE, 0xFDBE, 0xFDBE, 0xFDBE, 0xFDBE, 0xFDBE, 0xFDBE, 0xFDBE, 0xFDBE, 0xFDBE, 0xFDBE, 0xFDBE, 
    
    0xFDBE, 0xFDBE, 0xFDBE, 0xFDBE, 0xFDBE, 0xFDBE, 0xFDBE, 0xFDBE, 0xFDBE, 0xFDBE, 0xFDBE, 0xFDBE, 
    0xFDBE, 0xFDBE, 0xFDBE, 0xFDBE, 0xFDBE, 0xFDBE, 0xFDBE, 0xFDBE, 0xFDBE, 0x1EBF, 0x5B9E, 0xF574, 
    0x568D, 0x568D, 0x368D, 0x158D, 0x168D, 0x3685, 0x1585, 0xF484, 0x759D, 0x7DFF, 0x7CFF, 0x9CFF, 
    0xBCFF, 0x7DFF, 0x9CFF, 0xBDFF, 0x5DE7, 0xF674, 0x9564, 0xB56C, 0xB564, 0xB56C, 0xB56C, 0xB564, 
    0x978D, 0x1EBF, 0xFDB6, 0xFDBE, 0xFDBE, 0xFDBE, 0xFDBE, 0xFDBE, 0xFDBE, 0xFDBE, 0xFDBE, 0xFDBE, 
    0xFDBE, 0xFDBE, 0xFDBE, 0xFDBE, 0xFDBE, 0xFDBE, 0xFDBE, 0xFDBE, 0xFDBE, 0xFDBE, 0xFDBE, 0xFDBE, 
    0xFDBE, 0xFDBE, 0xFDBE, 0xFDBE, 0xFDBE, 0xFDBE, 0xFDBE, 0xFDBE, 0xFDBE, 0xFDBE, 0xFDBE, 0xFDBE, 
    0xFDBE, 0xFDBE, 0xFDBE, 0xFDBE, 0xFDBE, 0xFDBE, 0xFDBE, 0xFDBE, 0xFDBE, 0xFDBE, 0xFDBE, 0xFDBE, 
    0x1DBF, 0xFDBE, 0xFDBE, 0xFDBE, 0x1EBF, 0x9CA6, 0x913B, 0xF012, 0x1113, 0xF012, 0x712B, 0x5B9E, 
    0x3EBF, 0xFDBE, 0xFDBE, 0xFDBE, 0xFDBE, 0xFDBE, 0xFDBE, 0xFDBE, 0xFDBE, 0xFDBE, 0xFDBE, 0xFDBE, 
    0xFDBE, 0xFDBE, 0xFDBE, 0xFDBE, 0xFDBE, 0xFDBE, 0xFDBE, 0xFDBE, 0xFDBE, 0xFDBE, 0xFDBE, 0xFDBE, 
    0xFDBE, 0xFDBE, 0xFDBE, 0xFDBE, 0xFDBE, 0xFDBE, 0xFDBE, 0xFDBE, 0xFDBE, 0xFDBE, 0xFDBE, 0xFDBE, 
    0xFDBE, 0xFDBE, 0xFDBE, 0xFDBE, 0xFDBE, 0xFDBE, 0xFDBE, 0xFDBE, 0xFDBE, 0xFDBE, 0xFDBE, 0xFDBE, 
    0xFDBE, 0xFDBE, 0xFDBE, 0xFDBE, 0xFDBE, 0xFDBE, 0xFDBE, 0xFDBE, 0xFDBE, 0xFDBE, 0xFDB6, 0x3FC7, 
    0xBA8D, 0x3023, 0x100B, 0xF01A, 0xEF1A, 0xF343, 0x177D, 0xBCAE, 0x1EBF, 0xFDBE, 0xFDBE, 0xFDBE, 
    0xFDBE, 0xFDBE, 0xFDBE, 0xFDBE, 0xFDBE, 0xFDBE, 0xFDBE, 0xFDBE, 0xFDBE, 0xFDBE, 0xFDBE, 0xFDBE, 
    0xFDBE, 0xFDBE, 0xFDBE, 0xFDBE, 0xFDBE, 0xFDBE, 0xFDBE, 0xFDBE, 0xFDBE, 0xFDBE, 0xFDBE, 0xFDBE, 
    0xFDBE, 0xFDBE, 0xFDBE, 0xFDBE, 0xFDBE, 0xFDBE, 0xFDBE, 0xFDBE, 0xFDBE, 0xFDBE, 0xFDBE, 0xFDBE, 
    0xFDBE, 0xFDBE, 0xFDBE, 0xFDBE, 0xFDBE, 0xFDBE, 0xFDBE, 0xFDBE, 0xFDBE, 0xFDBE, 0xFDBE, 0xFDBE, 
    0xFDBE, 0xFDBE, 0xFDBE, 0xFDBE, 0xFDBE, 0xFDBE, 0xFDBE, 0xFDBE, 0xFDBE, 0xFDBE, 0xFDBE, 0xFDBE, 
    0xFDBE, 0xFDBE, 0xFDBE, 0xFDBE, 0xFDBE, 0xFDBE, 0xFDBE, 0xFDBE, 0xFDBE, 0xFDBE, 0xFDBE, 0xFDBE, 
    0xFDBE, 0xFDBE, 0xFDBE, 0xFDBE, 0xFDBE, 0xFDBE, 0xFDBE, 0x1DBF, 0x5785, 0x7785, 0x1DBF, 0xFDBE, 
    0xFDBE, 0xFDBE, 0xFDBE, 0xFDBE, 0xFDBE, 0xFDBE, 0xFDBE, 0xFDBE, 0xFDBE, 0xFDBE, 0xFDBE, 0xFDBE, 
    0xFDBE, 0xFDBE, 
    0xFDBE, 0xFDBE, 0xFDBE, 0xFDBE, 0xFDBE, 0xFDBE, 0xFDBE, 0xFDBE, 0xFDBE, 0xFDBE, 
    0xFDBE, 0xFDBE, 0xFDBE, 0xFDBE, 0xFDBE, 0xFDBE, 0xFDBE, 0xFDBE, 0xFDBE, 0xFDBE, 0xFDBE, 0x1EBF, 
    0x3B9E, 0xF57C, 0x1BDF, 0xBDF7, 0x7CF7, 0x5CF7, 0x5CEF, 0x5CEF, 0x5CEF, 0x5BE7, 0x5CE7, 0x9DFF, 
    0x7CFF, 0x9CFF, 0x9CFF, 0x9CFF, 0x9CFF, 0x9CFF, 0x7CF7, 0x79C6, 0x38BE, 0x38B6, 0x19B6, 0xF7B5, 
    0x18B6, 0x3685, 0x7785, 0x1DBF, 0x1DBF, 0xFDBE, 0xFDBE, 0xFDBE, 0xFDBE, 0xFDBE, 0xFDBE, 0xFDBE, 
    0xFDBE, 0xFDBE, 0xFDBE, 0xFDBE, 0xFDBE, 0xFDBE, 0xFDBE, 0xFDBE, 0xFDBE, 0xFDBE, 0xFDBE, 0xFDBE, 
    0xFDBE, 0xFDBE, 0xFDBE, 0xFDBE, 0xFDBE, 0xFDBE, 0xFDBE, 0xFDBE, 0xFDBE, 0xFDBE, 0xFDBE, 0xFDBE, 
    0xFDBE, 0xFDBE, 0xFDBE, 0xFDBE, 0xFDBE, 0xFDBE, 0xFDBE, 0xFDBE, 0xFDBE, 0xFDBE, 0xFDBE, 0xFDBE, 
    0xFDBE, 0xFDBE, 0xFDBE, 0xFDBE, 0xFDBE, 0xFDBE, 0xFDBE, 0x3EBF, 0x9885, 0x101B, 0xF012, 0x1113, 
    0xEF12, 0x7454, 0xFDB6, 0xFDBE, 0xFDBE, 0xFDBE, 0xFDBE, 0xFDBE, 0xFDBE, 0xFDBE, 0xFDBE, 0xFDBE, 
    0xFDBE, 0xFDBE, 0xFDBE, 0xFDBE, 0xFDBE, 0xFDBE, 0xFDBE, 0xFDBE, 0xFDBE, 0xFDBE, 0xFDBE, 0xFDBE, 
    0xFDBE, 0xFDBE, 0xFDBE, 0xFDBE, 0xFDBE, 0xFDBE, 0xFDBE, 0xFDBE, 0xFDBE, 0xFDBE, 0xFDBE, 0xFDBE, 
    0xFDBE, 0xFDBE, 0xFDBE, 0xFDBE, 0xFDBE, 0xFDBE, 0xFDBE, 0xFDBE, 0xFDBE, 0xFDBE, 0xFDBE, 0xFDBE, 
    0xFDBE, 0xFDBE, 0xFDBE, 0xFDBE, 0xFDBE, 0xFDBE, 0xFDBE, 0xFDBE, 0xFDBE, 0xFDBE, 0xFDBE, 0xFDBE, 
    0x1DBF, 0x7CA6, 0xD23B, 0xF012, 0x110B, 0xF00A, 0x7133, 0x587D, 0x167D, 0xBCAE, 0x1EBF, 0xFDBE, 
    0xFDBE, 0xFDBE, 0xFDBE, 0xFDBE, 0xFDBE, 0xFDBE, 0xFDBE, 0xFDBE, 0xFDBE, 0xFDBE, 0xFDBE, 0xFDBE, 
    0xFDBE, 0xFDBE, 0xFDBE, 0xFDBE, 0xFDBE, 0xFDBE, 0xFDBE, 0xFDBE, 0xFDBE, 0xFDBE, 0xFDBE, 0xFDBE, 
    0xFDBE, 0xFDBE, 0xFDBE, 0xFDBE, 0xFDBE, 0xFDBE, 0xFDBE, 0xFDBE, 0xFDBE, 0xFDBE, 0xFDBE, 0xFDBE, 
    0xFDBE, 0xFDBE, 0xFDBE, 0xFDBE, 0xFDBE, 0xFDBE, 0xFDBE, 0xFDBE, 0xFDBE, 0xFDBE, 0xFDBE, 0xFDBE, 
    0xFDBE, 0xFDBE, 0xFDBE, 0xFDBE, 0xFDBE, 0xFDBE, 0xFDBE, 0xFDBE, 0xFDBE, 0xFDBE, 0xFDBE, 0xFDBE, 
    0xFDBE, 0xFDBE, 0xFDBE, 0xFDBE, 0xFDBE, 0xFDBE, 0xFDBE, 0xFDBE, 0xFDBE, 0xFDBE, 0xFDBE, 0xFDBE, 
    0xFDBE, 0xFDBE, 0xFDBE, 0xFDBE, 0xFDBE, 0xFDBE, 0xFDBE, 0xFDBE, 0xFDBE, 0x1DBF, 0x7785, 0x7785, 
    0x1DBF, 0xFDBE, 0xFDBE, 0xFDBE, 0xFDBE, 0xFDBE, 0xFDBE, 0xFDBE, 0xFDBE, 0xFDBE, 0xFDBE, 0xFDBE, 
    0xFDBE, 0xFDBE, 0xFDBE, 0xFDBE, 
    0xFDBE, 0xFDBE, 0xFDBE, 0xFDBE, 0xFDBE, 0xFDBE, 0xFDBE, 0xFDBE, 
    0xFDBE, 0xFDBE, 0xFDBE, 0xFDBE, 0xFDBE, 0xFDBE, 0xFDBE, 0xFDBE, 0xFDBE, 0xFDBE, 0xFDBE, 0xFDBE, 
    0xFDBE, 0x1EBF, 0x3B9E, 0xF57C, 0x1AE7, 0xBDFF, 0x9CFF, 0x9CFF, 0x9CFF, 0xBCFF, 0x9CFF, 0xBCFF, 
    0xBDFF, 0x9CFF, 0x9CFF, 0x9CFF, 0x9CFF, 0x9CFF, 0x9CFF, 0x9CFF, 0x9BFF, 0xDCFF, 0xDCFF, 0xDDFF, 
    0xDDFF, 0xBCFF, 0xDDFF, 0x969D, 0x577D, 0x1DBF, 0x1DBF, 0xFDBE, 0xFDBE, 0xFDBE, 0xFDBE, 0xFDBE, 
    0xFDBE, 0xFDBE, 0xFDBE, 0xFDBE, 0xFDBE, 0xFDBE, 0xFDBE, 0xFDBE, 0xFDBE, 0xFDBE, 0xFDBE, 0xFDBE, 
    0xFDBE, 0xFDBE, 0xFDBE, 0xFDBE, 0xFDBE, 0xFDBE, 0xFDBE, 0xFDBE, 0xFDBE, 0xFDBE, 0xFDBE, 0xFDBE, 
    0xFDBE, 0xFDBE, 0xFDBE, 0xFDBE, 0xFDBE, 0xFDBE, 0xFDBE, 0xFDBE, 0xFDBE, 0xFDBE, 0xFDBE, 0xFDBE, 
    0xFDBE, 0xFDBE, 0xFDBE, 0xFDBE, 0xFDBE, 0xFDBE, 0xFDBE, 0xFDBE, 0xFDBE, 0xFDBE, 0xFEB6, 0x7554, 
    0xEF12, 0x1013, 0xEF12, 0x9033, 0x9BA6, 0x1DBF, 0xFDB6, 0xFDBE, 0xFDBE, 0xFDBE, 0xFDBE, 0xFDBE, 
    0xFDBE, 0xFDBE, 0xFDBE, 0xFDBE, 0xFDBE, 0xFDBE, 0xFDBE, 0xFDBE, 0xFDBE, 0xFDBE, 0xFDBE, 0xFDBE, 
    0xFDBE, 0xFDBE, 0xFDBE, 0xFDBE, 0xFDBE, 0xFDBE, 0xFDBE, 0xFDBE, 0xFDBE, 0xFDBE, 0xFDBE, 0xFDBE, 
    0xFDBE, 0xFDBE, 0xFDBE, 0xFDBE, 0xFDBE, 0xFDBE, 0xFDBE, 0xFDBE, 0xFDBE, 0xFDBE, 0xFDBE, 0xFDBE, 
    0xFDBE, 0xFDBE, 0xFDBE, 0xFDBE, 0xFDBE, 0xFDBE, 0xFDBE, 0xFDBE, 0xFDBE, 0xFDBE, 0xFDBE, 0xFDBE, 
    0xFDBE, 0xFDB6, 0x1EC7, 0x988D, 0x0F1B, 0xF012, 0x1113, 0x0F13, 0x587D, 0x3BA6, 0xF574, 0xBCAE, 
    0x1DBF, 0xFDBE, 0xFDBE, 0xFDBE, 0xFDBE, 0xFDBE, 0xFDBE, 0xFDBE, 0xFDBE, 0xFDBE, 0xFDBE, 0xFDBE, 
    0xFDBE, 0xFDBE, 0xFDBE, 0xFDBE, 0xFDBE, 0xFDBE, 0xFDBE, 0xFDBE, 0xFDBE, 0xFDBE, 0xFDBE, 0xFDBE, 
    0xFDBE, 0xFDBE, 0xFDBE, 0xFDBE, 0xFDBE, 0xFDBE, 0xFDBE, 0xFDBE, 0xFDBE, 0xFDBE, 0xFDBE, 0xFDBE, 
    0xFDBE, 0xFDBE, 0xFDBE, 0xFDBE, 0xFDBE, 0xFDBE, 0xFDBE, 0xFDBE, 0xFDBE, 0xFDBE, 0xFDBE, 0xFDBE, 
    0xFDBE, 0xFDBE, 0xFDBE, 0xFDBE, 0xFDBE, 0xFDBE, 0xFDBE, 0xFDBE, 0xFDBE, 0xFDBE, 0xFDBE, 0xFDBE, 
    0xFDBE, 0xFDBE, 0xFDBE, 0xFDBE, 0xFDBE, 0xFDBE, 0xFDBE, 0xFDBE, 0xFDBE, 0xFDBE, 0xFDBE, 0xFDBE, 
    0xFDBE, 0xFDBE, 0xFDBE, 0xFDBE, 0xFDBE, 0xFDBE, 0xFDBE, 0xFDBE, 0xFDBE, 0xFDBE, 0xFDBE, 0x1DBF, 
    0x7785, 0x7785, 0x1DBF, 0xFDBE, 0xFDBE, 0xFDBE, 0xFDBE, 0xFDBE, 0xFDBE, 0xFDBE, 0xFDBE, 0xFDBE, 
    0xFDBE, 0xFDBE, 0xFDBE, 0xFDBE, 0xFDBE, 0xFDBE, 
    0xFDBE, 0xFDBE, 0xFDBE, 0xFDBE, 0xFDBE, 0xFDBE, 
    0xFDBE, 0xFDBE, 0xFDBE, 0xFDBE, 0xFDBE, 0xFDBE, 0xFDBE, 0xFDBE, 0xFDBE, 0xFDBE, 0xFDBE, 0xFDBE, 
    0xFDBE, 0xFDBE, 0xFDBE, 0x1EBF, 0x3B9E, 0xF57C, 0x1BE7, 0xBDFF, 0x9CFF, 0x9CFF, 0x9CFF, 0x9CFF, 
    0x9CFF, 0x9CFF, 0x9CFF, 0x9CFF, 0x9CFF, 0x9CFF, 0x9CFF, 0x9CFF, 0x9CFF, 0x9CFF, 0x9DFF, 0x9CFF, 
    0x9BFF, 0x9DF7, 0x9EF7, 0x7CFF, 0xDEFF, 0x979D, 0x5785, 0x1DBF, 0x1DBF, 0xFDBE, 0xFDBE, 0xFDBE, 
    0xFDBE, 0xFDBE, 0xFDBE, 0xFDBE, 0xFDBE, 0xFDBE, 0xFDBE, 0xFDBE, 0xFDBE, 0xFDBE, 0xFDBE, 0xFDBE, 
    0xFDBE, 0xFDBE, 0xFDBE, 0xFDBE, 0xFDBE, 0xFDBE, 0xFDBE, 0xFDBE, 0xFDBE, 0xFDBE, 0xFDBE, 0xFDBE, 
    0xFDBE, 0xFDBE, 0xFDBE, 0xFDBE, 0xFDBE, 0xFDBE, 0xFDBE, 0xFDBE, 0xFDBE, 0xFDBE, 0xFDBE, 0xFDBE, 
    0xFDBE, 0xFDBE, 0xFDBE, 0xFDBE, 0xFDBE, 0xFDBE, 0xFDBE, 0x1DB7, 0xFDB6, 0xFDBE, 0xFCBE, 0xFDBE, 
    0x1EBF, 0x7CA6, 0x7133, 0xCF12, 0x101B, 0x787D, 0x3DBF, 0xFDBE, 0x1DB7, 0xFDBE, 0xFDBE, 0xFDBE, 
    0xFDBE, 0xFDBE, 0xFDBE, 0xFDBE, 0xFDBE, 0xFDBE, 0xFDBE, 0xFDBE, 0xFDBE, 0xFDBE, 0xFDBE, 0xFDBE, 
    0xFDBE, 0xFDBE, 0xFDBE, 0xFDBE, 0xFDBE, 0xFDBE, 0xFDBE, 0xFDBE, 0xFDBE, 0xFDBE, 0xFDBE, 0xFDBE, 
    0xFDBE, 0xFDBE, 0xFDBE, 0xFDBE, 0xFDBE, 0xFDBE, 0xFDBE, 0xFDBE, 0xFDBE, 0xFDBE, 0xFDBE, 0xFDBE, 
    0xFDBE, 0xFDBE, 0xFDBE, 0xFDBE, 0xFDBE, 0xFDBE, 0xFDBE, 0xFDBE, 0xFDBE, 0xFDBE, 0xFDBE, 0xFDBE, 
    0xFDBE, 0xFDBE, 0xFDBE, 0xFDBE, 0xFDBE, 0xDDB6, 0x744C, 0xEF12, 0xCF12, 0x334C, 0xFEB6, 0x1A9E, 
    0x1575, 0xBCB6, 0x1DBF, 0xFDBE, 0xFDBE, 0xFDBE, 0xFDBE, 0xFDBE, 0xFDBE, 0xFDBE, 0xFDBE, 0xFDBE, 
    0xFDBE, 0xFDBE, 0xFDBE, 0xFDBE, 0xFDBE, 0xFDBE, 0xFDBE, 0xFDBE, 0xFDBE, 0xFDBE, 0xFDBE, 0xFDBE, 
    0xFDBE, 0xFDBE, 0xFDBE, 0xFDBE, 0xFDBE, 0xFDBE, 0xFDBE, 0xFDBE, 0xFDBE, 0xFDBE, 0xFDBE, 0xFDBE, 
    0xFDBE, 0xFDBE, 0xFDBE, 0xFDBE, 0xFDBE, 0xFDBE, 0xFDBE, 0xFDBE, 0xFDBE, 0xFDBE, 0xFDBE, 0xFDBE, 
    0xFDBE, 0xFDBE, 0xFDBE, 0xFDBE, 0xFDBE, 0xFDBE, 0xFDBE, 0xFDBE, 0xFDBE, 0xFDBE, 0xFDBE, 0xFDBE, 
    0xFDBE, 0xFDBE, 0xFDBE, 0xFDBE, 0xFDBE, 0xFDBE, 0xFDBE, 0xFDBE, 0xFDBE, 0xFDBE, 0xFDBE, 0xFDBE, 
    0xFDBE, 0xFDBE, 0xFDBE, 0xFDBE, 0xFDBE, 0xFDBE, 0xFDBE, 0xFDBE, 0xFDBE, 0xFDBE, 0xFDBE, 0xFDBE, 
    0xFDBE, 0x1DBF, 0x7785, 0x7785, 0x1DBF, 0xFDBE, 0xFDBE, 0xFDBE, 0xFDBE, 0xFDBE, 0xFDBE, 0xFDBE, 
    0xFDBE, 0xFDBE, 0xFDBE, 0xFDBE, 0xFDBE, 0xFDBE, 0xFDBE, 0xFDBE, 
    0xFDBE, 0xFDBE, 0xFDBE, 0xFDBE, 
    0xFDBE, 0xFDBE, 0xFDBE, 0xFDBE, 0xFDBE, 0xFDBE, 0xFDBE, 0xFDBE, 0xFDBE, 0xFDBE, 0xFDBE, 0xFDBE, 
    0xFDBE, 0xFDBE, 0xFDBE, 0xFDBE, 0xFDBE, 0x1EBF, 0x3B9E, 0xF57C, 0x1BE7, 0xBDFF, 0x9CFF, 0x9CFF, 
    0x9CFF, 0x9CFF, 0x9CFF, 0x9CFF, 0x9CFF, 0x9CFF, 0x9CFF, 0x9CFF, 0x9CFF, 0x9CFF, 0x9CFF, 0x9CFF, 
    0x9DFF, 0x9CFF, 0x9BFF, 0x9CFF, 0x9DFF, 0x7BFF, 0xBDFF, 0x979D, 0x577D, 0x1DBF, 0x1DBF, 0xFDBE, 
    0xFDBE, 0xFDBE, 0xFDBE, 0xFDBE, 0xFDBE, 0xFDBE, 0xFDBE, 0xFDBE, 0xFDBE, 0xFDBE, 0xFDBE, 0xFDBE, 
    0xFDBE, 0xFDBE, 0xFDBE, 0xFDBE, 0xFDBE, 0xFDBE, 0xFDBE, 0xFDBE, 0xFDBE, 0xFDBE, 0xFDBE, 0xFDBE, 
    0xFDBE, 0xFDBE, 0xFDBE, 0xFDBE, 0xFDBE, 0xFDBE, 0xFDBE, 0xFDBE, 0xFDBE, 0xFDBE, 0xFDBE, 0xFDBE, 
    0xFDBE, 0xFDBE, 0xFDBE, 0xFDBE, 0xFDBE, 0xFDBE, 0xFDBE, 0xFDBE, 0xFDBE, 0x1DB7, 0x1DB7, 0x1DBF, 
    0xFCBE, 0xFDBE, 0xFDBE, 0x1EC7, 0x7885, 0xF022, 0xD343, 0x9DA6, 0x1DC7, 0xFCBE, 0x1DB7, 0x1DB7, 
    0xFDBE, 0xFDBE, 0xFDBE, 0xFDBE, 0xFDBE, 0xFDBE, 0xFDBE, 0xFDBE, 0xFDBE, 0xFDBE, 0xFDBE, 0xFDBE, 
    0xFDBE, 0xFDBE, 0xFDBE, 0xFDBE, 0xFDBE, 0xFDBE, 0xFDBE, 0xFDBE, 0xFDBE, 0xFDBE, 0xFDBE, 0xFDBE, 
    0xFDBE, 0xFDBE, 0xFDBE, 0xFDBE, 0xFDBE, 0xFDBE, 0xFDBE, 0xFDBE, 0xFDBE, 0xFDBE, 0xFDBE, 0xFDBE, 
    0xFDBE, 0xFDBE, 0xFDBE, 0xFDBE, 0xFDBE, 0xFDBE, 0xFDBE, 0xFDBE, 0xFDBE, 0xFDBE, 0xFDBE, 0xFDBE, 
    0xFDBE, 0xFDBE, 0xFDBE, 0xFDBE, 0xFDBE, 0xFDBE, 0xFDBE, 0x1DC7, 0x5C9E, 0x7123, 0x302B, 0x1BA6, 
    0x3EC7, 0x1996, 0x1575, 0xBCB6, 0x1DBF, 0xFDBE, 0xFDBE, 0xFDBE, 0xFDBE, 0xFDBE, 0xFDBE, 0xFDBE, 
    0xFDBE, 0xFDBE, 0xFDBE, 0xFDBE, 0xFDBE, 0xFDBE, 0xFDBE, 0xFDBE, 0xFDBE, 0xFDBE, 0xFDBE, 0xFDBE, 
    0xFDBE, 0xFDBE, 0xFDBE, 0xFDBE, 0xFDBE, 0xFDBE, 0xFDBE, 0xFDBE, 0xFDBE, 0xFDBE, 0xFDBE, 0xFDBE, 
    0xFDBE, 0xFDBE, 0xFDBE, 0xFDBE, 0xFDBE, 0xFDBE, 0xFDBE, 0xFDBE, 0xFDBE, 0xFDBE, 0xFDBE, 0xFDBE, 
    0xFDBE, 0xFDBE, 0xFDBE, 0xFDBE, 0xFDBE, 0xFDBE, 0xFDBE, 0xFDBE, 0xFDBE, 0xFDBE, 0xFDBE, 0xFDBE, 
    0xFDBE, 0xFDBE, 0xFDBE, 0xFDBE, 0xFDBE, 0xFDBE, 0xFDBE, 0xFDBE, 0xFDBE, 0xFDBE, 0xFDBE, 0xFDBE, 
    0xFDBE, 0xFDBE, 0xFDBE, 0xFDBE, 0xFDBE, 0xFDBE, 0xFDBE, 0xFDBE, 0xFDBE, 0xFDBE, 0xFDBE, 0xFDBE, 
    0xFDBE, 0xFDBE, 0xFDBE, 0x1DBF, 0x7785, 0x7785, 0x1DBF, 0xFDBE, 0xFDBE, 0xFDBE, 0xFDBE, 0xFDBE, 
    0xFDBE, 0xFDBE, 0xFDBE, 0xFDBE, 0xFDBE, 0xFDBE, 0xFDBE, 0xFDBE, 0xFDBE, 0xFDBE, 
    0xFDBE, 0xFDBE, 
    0xFDBE, 0xFDBE, 0xFDBE, 0xFDBE, 0xFDBE, 0xFDBE, 0xFDBE, 0xFDBE, 0xFDBE, 0xFDBE, 0xFDBE, 0xFDBE, 
    0xFDBE, 0xFDBE, 0xFDBE, 0xFDBE, 0xFDBE, 0xFDBE, 0xFDBE, 0x1EBF, 0x3B9E, 0xF57C, 0x1BE7, 0xBDFF, 
    0x7CFF, 0x9CFF, 0x9CFF, 0x9CFF, 0x9CFF, 0x9CFF, 0x9CFF, 0x9CFF, 0x9CFF, 0x9CFF, 0x9CFF, 0x9CFF, 
    0x9CFF, 0x9CFF, 0xBDFF, 0x9CFF, 0x9CFF, 0x9CFF, 0x9CFF, 0x7CFF, 0xBEFF, 0x969D, 0x777D, 0x1DBF, 
    0xFDBE, 0xFDBE, 0xFDBE, 0xFDBE, 0xFDBE, 0xFDBE, 0xFDBE, 0xFDBE, 0xFDBE, 0xFDBE, 0xFDBE, 0xFDBE, 
    0xFDBE, 0xFDBE, 0xFDBE, 0xFDBE, 0xFDBE, 0xFDBE, 0xFDBE, 0xFDBE, 0xFDBE, 0xFDBE, 0xFDBE, 0xFDBE, 
    0xFDBE, 0xFDBE, 0xFDBE, 0xFDBE, 0xFDBE, 0xFDBE, 0xFDBE, 0xFDBE, 0xFDBE, 0xFDBE, 0xFDBE, 0xFDBE, 
    0xFDBE, 0xFDBE, 0xFDBE, 0xFDBE, 0xFDBE, 0xFDBE, 0xFDBE, 0xFDBE, 0xFDBE, 0xFDBE, 0xFDBE, 0xFDBE, 
    0xFDBE, 0xFDBE, 0xFDBE, 0xFDBE, 0xFDBE, 0xFDC6, 0xDEBE, 0x956C, 0x9564, 0x9CAE, 0xFDC6, 0xFDBE, 
    0xFDBE, 0xFDBE, 0xFDBE, 0xFDBE, 0xFDBE, 0xFDBE, 0xFDBE, 0xFDBE, 0xFDBE, 0xFDBE, 0xFDBE, 0xFDBE, 
    0xFDBE, 0xFDBE, 0xFDBE, 0xFDBE, 0xFDBE, 0xFDBE, 0xFDBE, 0xFDBE, 0xFDBE, 0xFDBE, 0xFDBE, 0xFDBE, 
    0xFDBE, 0xFDBE, 0xFDBE, 0xFDBE, 0xFDBE, 0xFDBE, 0xFDBE, 0xFDBE, 0xFDBE, 0xFDBE, 0xFDBE, 0xFDBE, 
    0xFDBE, 0xFDBE, 0xFDBE, 0xFDBE, 0xFDBE, 0xFDBE, 0xFDBE, 0xFDBE, 0xFDBE, 0xFDBE, 0xFDBE, 0xFDBE, 
    0xFDBE, 0xFDBE, 0xFDBE, 0xFDBE, 0xFDBE, 0xFDBE, 0xFDBE, 0xFDBE, 0xFDBE, 0xFDB6, 0x3FBF, 0x5775, 
    0xF674, 0x1EC7, 0x1EBF, 0x3A96, 0xF574, 0xBCB6, 0x1DBF, 0xFDBE, 0xFDBE, 0xFDBE, 0xFDBE, 0xFDBE, 
    0xFDBE, 0xFDBE, 0xFDBE, 0xFDBE, 0xFDBE, 0xFDBE, 0xFDBE, 0xFDBE, 0xFDBE, 0xFDBE, 0xFDBE, 0xFDBE, 
    0xFDBE, 0xFDBE, 0xFDBE, 0xFDBE, 0xFDBE, 0xFDBE, 0xFDBE, 0xFDBE, 0xFDBE, 0xFDBE, 0xFDBE, 0xFDBE, 
    0xFDBE, 0xFDBE, 0xFDBE, 0xFDBE, 0xFDBE, 0xFDBE, 0xFDBE, 0xFDBE, 0xFDBE, 0xFDBE, 0xFDBE, 0xFDBE, 
    0xFDBE, 0xFDBE, 0xFDBE, 0xFDBE, 0xFDBE, 0xFDBE, 0xFDBE, 0xFDBE, 0xFDBE, 0xFDBE, 0xFDBE, 0xFDBE, 
    0xFDBE, 0xFDBE, 0xFDBE, 0xFDBE, 0xFDBE, 0xFDBE, 0xFDBE, 0xFDBE, 0xFDBE, 0xFDBE, 0xFDBE, 0xFDBE, 
    0xFDBE, 0xFDBE, 0xFDBE, 0xFDBE, 0xFEBE, 0xFEBE, 0xFDBE, 0xFDBE, 0xFDBE, 0xFDBE, 0xFDBE, 0xFDBE, 
    0xFDBE, 0xFDBE, 0xFDBE, 0x1DBF, 0x1DB7, 0x1EBF, 0x7785, 0x7785, 0x1DBF, 0xFDBE, 0xFDBE, 0xFDBE, 
    0xFDBE, 0xFDBE, 0xFDBE, 0xFDBE, 0xFDBE, 0xFDBE, 0xFDBE, 0xFDBE, 0xFDBE, 0xFDBE, 0xFDBE, 0xFDBE, 
    
    0xFDBE, 0xFDBE, 0xFDBE, 0xFDBE, 0xFDBE, 0xFDBE, 0xFDBE, 0xFDBE, 0xFDBE, 0xFDBE, 0xFDBE, 0xFDBE, 
    0xFDBE, 0xFDBE, 0xFDBE, 0xFDBE, 0xFDBE, 0xFDBE, 0xFDBE, 0xFDBE, 0xFDBE, 0x1EBF, 0x3B9E, 0xF57C, 
    0x1BE7, 0xBDFF, 0x7CFF, 0x9CFF, 0x9CFF, 0x9CFF, 0x9CFF, 0x9CFF, 0x9CFF, 0x9CFF, 0x9CFF, 0x9CFF, 
    0x9CFF, 0x9CFF, 0x9CFF, 0x9CFF, 0xBCFF, 0x9CFF, 0x9CFF, 0x9CFF, 0x9CFF, 0x7DFF, 0xBEFF, 0x969D, 
    0x5685, 0xFDBE, 0xFDBE, 0xFDBE, 0x1DB7, 0x1DB7, 0xFEBE, 0xFDBE, 0x1DBF, 0x1DBF, 0x1DBF, 0x1DBF, 
    0x1DBF, 0x1DBF, 0x1DBF, 0x1DBF, 0x1DBF, 0x1DBF, 0x1DBF, 0x1DBF, 0x1DBF, 0x1DBF, 0x1DBF, 0x1DBF, 
    0x1DBF, 0x1DBF, 0x1DBF, 0x1DBF, 0x1DBF, 0x1DBF, 0x1DBF, 0x1DBF, 0x1DBF, 0x1DBF, 0x1DBF, 0x1DBF, 
    0x1DBF, 0x1DBF, 0x1DBF, 0x1DBF, 0x1DBF, 0x1DBF, 0x1DBF, 0x1DBF, 0x1DBF, 0x1DBF, 0x1DBF, 0x1DBF, 
    0x1DBF, 0x1DBF, 0x1DBF, 0x1DBF, 0x1DBF, 0x1DBF, 0x1DBF, 0xFDB6, 0x1EBF, 0x5B9E, 0xD56C, 0x9CAE, 
    0x1DBF, 0xFCBE, 0xFDBE, 0xFDB6, 0xFDB6, 0xFDB6, 0xFDB6, 0xFDB6, 0xFDB6, 0xFDB6, 0xFDB6, 0xFDB6, 
    0xFDB6, 0xFDB6, 0xFDB6, 0xFDB6, 0xFDB6, 0xFDB6, 0xFDB6, 0xFDB6, 0xFDB6, 0xFDB6, 0xFDB6, 0xFDB6, 
    0xFDB6, 0xFDB6, 0xFDB6, 0xFDB6, 0xFDB6, 0xFDB6, 0xFDB6, 0xFDB6, 0xFDB6, 0xFDB6, 0xFDB6, 0xFDB6, 
    0xFDB6, 0xFDB6, 0xFDB6, 0xFDB6, 0xFDB6, 0xFDB6, 0xFDB6, 0xFDB6, 0xFDB6, 0xFDB6, 0xFDB6, 0xFDB6, 
    0xFDB6, 0xFDB6, 0xFDB6, 0xFDB6, 0xFDB6, 0xFDB6, 0xFDB6, 0xFDB6, 0xFDB6, 0xFDB6, 0x1DB7, 0xFDBE, 
    0x1DBF, 0xDCB6, 0xDCB6, 0xFDBE, 0x1EBF, 0x1A9E, 0xF574, 0xBCAE, 0x1EBF, 0xFDB6, 0xFDB6, 0xFDB6, 
    0xFDB6, 0xFDB6, 0xFDBE, 0x1DBF, 0x1DBF, 0x1DBF, 0x1DBF, 0x1DBF, 0x1DBF, 0x1DBF, 0x1DBF, 0x1DBF, 
    0x1DBF, 0x1DBF, 0x1DBF, 0x1DBF, 0x1DBF, 0x1DBF, 0x1DBF, 0x1DBF, 0x1DBF, 0x1DBF, 0x1DBF, 0x1DBF, 
    0x1DBF, 0x1DBF, 0x1DBF, 0x1DBF, 0x1DBF, 0x1DBF, 0x1DBF, 0x1DBF, 0x1DBF, 0x1DBF, 0x1DBF, 0x1DBF, 
    0x1DBF, 0x1DBF, 0x1DBF, 0x1DBF, 0x1DBF, 0x1DBF, 0xFDBE, 0x1DBF, 0x1DBF, 0x1DBF, 0x1DB7, 0x1DB7, 
    0x1DB7, 0x1DB7, 0x1DB7, 0xFDB6, 0xFDB6, 0xFDB6, 0xFDB6, 0xFDB6, 0xFDB6, 0xFDB6, 0xFDB6, 0xFDB6, 
    0xFDB6, 0xFDB6, 0xFDB6, 0xFDB6, 0xFDB6, 0xFDB6, 0x1DB7, 0x1DB7, 0x1DBF, 0x1CBF, 0x1CBF, 0x1CB7, 
    0x1DB7, 0x1DB7, 0xFDBE, 0xFDBE, 0xFDBE, 0xFDBE, 0xFDB6, 0x1EBF, 0x7785, 0x7785, 0x1DBF, 0xFDBE, 
    0xFDBE, 0xFDBE, 0xFDBE, 0xFDBE, 0xFDBE, 0xFDBE, 0xFDBE, 0xFDBE, 0xFDBE, 0xFDBE, 0xFDBE, 0xFDBE, 
    0xFDBE, 0xFDBE, 
    0xFDBE, 0xFDBE, 0xFDBE, 0xFDBE, 0xFDBE, 0xFDBE, 0xFDBE, 0xFDBE, 0xFDBE, 0xFDBE, 
    0xFDBE, 0xFDBE, 0xFDBE, 0xFDBE, 0xFDBE, 0xFDBE, 0xFDBE, 0xFDBE, 0xFDBE, 0xFDBE, 0xFDBE, 0x1EBF, 
    0x3B9E, 0xF57C, 0x1BE7, 0xBDFF, 0x7CFF, 0x9CFF, 0x9CFF, 0x9CFF, 0x9CFF, 0x9CFF, 0x9CFF, 0x9CFF, 
    0x9CFF, 0x9CFF, 0x9CFF, 0x9CFF, 0x9CFF, 0x9CFF, 0x9CFF, 0x7CFF, 0x9CFF, 0x9CFF, 0x9CFF, 0x9CFF, 
    0xDEFF, 0x969D, 0x577D, 0xFDBE, 0xFDBE, 0xFDBE, 0x1DB7, 0x1DB7, 0x1DB7, 0xFDBE, 0xFDBE, 0xFDBE, 
    0xFDBE, 0xFDBE, 0xFDBE, 0xFDBE, 0xFDBE, 0xFDBE, 0xFDBE, 0xFDBE, 0xFDBE, 0xFDBE, 0xFDBE, 0xFDBE, 
    0xFDBE, 0xFDBE, 0xFDBE, 0xFDBE, 0xFDBE, 0xFDBE, 0xFDBE, 0xFDBE, 0xFDBE, 0xFDBE, 0xFDBE, 0xFDBE, 
    0xFDBE, 0xFDBE, 0xFDBE, 0xFDBE, 0xFDBE, 0xFDBE, 0xFDBE, 0xFDBE, 0xFDBE, 0xFDBE, 0xFDBE, 0xFDBE, 
    0xFDBE, 0xFDBE, 0xFDBE, 0xFDBE, 0xFDBE, 0xFDBE, 0xFDBE, 0xFDBE, 0xFDBE, 0x1DB7, 0x3DB7, 0x7B9E, 
    0xF56C, 0xBBA6, 0x1DBF, 0xFDB6, 0x1DB7, 0x1DB7, 0x1DBF, 0x1DBF, 0x1DBF, 0x1DBF, 0x1DBF, 0x1DBF, 
    0x1DBF, 0x1DBF, 0x1DBF, 0x1DBF, 0x1DBF, 0x1DBF, 0x1DBF, 0x1DBF, 0x1DBF, 0x1DBF, 0x1DBF, 0x1DBF, 
    0x1DBF, 0x1DBF, 0x1DBF, 0x1DBF, 0x1DBF, 0x1DBF, 0x1DBF, 0x1DBF, 0x1DBF, 0x1DBF, 0x1DBF, 0x1DBF, 
    0x1DBF, 0x1DBF, 0x1DBF, 0x1DBF, 0x1DBF, 0x1DBF, 0x1DBF, 0x1DBF, 0x1DBF, 0x1DBF, 0x1DBF, 0x1DBF, 
    0x1DBF, 0x1DBF, 0x1DBF, 0x1DBF, 0x1DBF, 0x1DBF, 0x1DBF, 0x1DBF, 0x1DBF, 0x1DBF, 0x1DBF, 0x1DBF, 
    0xFDBE, 0xFDBE, 0xFDBE, 0xFDBE, 0xFDBE, 0xFDBE, 0x1EBF, 0x1A9E, 0xF57C, 0xBCB6, 0x1EBF, 0xFDBE, 
    0xFDBE, 0xFDBE, 0xFDBE, 0xFDBE, 0xFDBE, 0xFDBE, 0xFDBE, 0xFDBE, 0xFDBE, 0xFDBE, 0xFDBE, 0xFDBE, 
    0xFDBE, 0xFDBE, 0xFDBE, 0xFDBE, 0xFDBE, 0xFDBE, 0xFDBE, 0xFDBE, 0xFDBE, 0xFDBE, 0xFDBE, 0xFDBE, 
    0xFDBE, 0xFDBE, 0xFDBE, 0xFDBE, 0xFDBE, 0xFDBE, 0xFDBE, 0xFDBE, 0xFDBE, 0xFDBE, 0xFDBE, 0xFDBE, 
    0xFDBE, 0xFDBE, 0xFDBE, 0xFDBE, 0xFDBE, 0xFDBE, 0xFDBE, 0xFDBE, 0xFDBE, 0xFDBE, 0xFDBE, 0xFDBE, 
    0xFDBE, 0xFDBE, 0xFDBE, 0xFDBE, 0xFDBE, 0x1DBF, 0x1DBF, 0x1DBF, 0x1DBF, 0x1DBF, 0x1DBF, 0x1DBF, 
    0x1DBF, 0x1DBF, 0x1DBF, 0x1DBF, 0x1DBF, 0x1DBF, 0x1DBF, 0x1DBF, 0xFDBE, 0xFDC6, 0xFDBE, 0xFDBE, 
    0xFDBE, 0xFDBE, 0xFDBE, 0xFDBE, 0xFDBE, 0xFDBE, 0xFDBE, 0xFDBE, 0xFDBE, 0x1EBF, 0x7785, 0x5785, 
    0x1DBF, 0xFDBE, 0xFDBE, 0xFDBE, 0xFDBE, 0xFDBE, 0xFDBE, 0xFDBE, 0xFDBE, 0xFDBE, 0xFDBE, 0xFDBE, 
    0xFDBE, 0xFDBE, 0xFDBE, 0xFDBE, 
    0xFDBE, 0xFDBE, 0xFDBE, 0xFDBE, 0xFDBE, 0xFDBE, 0xFDBE, 0xFDBE, 
    0xFDBE, 0xFDBE, 0xFDBE, 0xFDBE, 0xFDBE, 0xFDBE, 0xFDBE, 0xFDBE, 0xFDBE, 0xFDBE, 0xFDBE, 0xFDBE, 
    0xFDBE, 0x1EBF, 0x3B9E, 0xF57C, 0x1BE7, 0xBDFF, 0x7CFF, 0x9CFF, 0x9CFF, 0x9CFF, 0x9CFF, 0x9CFF, 
    0x9CFF, 0x9CFF, 0x9CFF, 0x9CFF, 0x9CFF, 0x9CFF, 0x9CFF, 0x9CFF, 0x9CFF, 0x7CFF, 0x9CFF, 0x9CFF, 
    0x9CFF, 0x9CFF, 0xDDFF, 0x969D, 0x787D, 0x1EB7, 0xFDBE, 0xFDBE, 0x1CBF, 0x1CBF, 0xFCBE, 0xFDBE, 
    0xFDBE, 0xFDBE, 0xFDBE, 0xFDBE, 0xFDBE, 0xFDBE, 0xFDBE, 0xFDBE, 0xFDBE, 0xFDBE, 0xFDBE, 0xFDBE, 
    0xFDBE, 0xFDBE, 0xFDBE, 0xFDBE, 0xFDBE, 0xFDBE, 0xFDBE, 0xFDBE, 0xFDBE, 0xFDBE, 0xFDBE, 0xFDBE, 
    0xFDBE, 0xFDBE, 0xFDBE, 0xFDBE, 0xFDBE, 0xFDBE, 0xFDBE, 0xFDBE, 0xFDBE, 0xFDBE, 0xFDBE, 0xFDBE, 
    0xFDBE, 0xFDBE, 0xFDBE, 0xFDBE, 0xFDBE, 0xFDBE, 0xFDBE, 0xFDBE, 0xFDBE, 0xFDBE, 0xFDBE, 0xFCBE, 
    0x1DBF, 0x5AA6, 0xD474, 0x9BAE, 0x1DBF, 0xFDB6, 0xFEB6, 0xFDBE, 0xFDBE, 0xFDBE, 0xFDBE, 0xFDBE, 
    0xFDBE, 0xFDBE, 0xFDBE, 0xFDBE, 0xFDBE, 0xFDBE, 0xFDBE, 0xFDBE, 0xFDBE, 0xFDBE, 0xFDBE, 0xFDBE, 
    0xFDBE, 0xFDBE, 0xFDBE, 0xFDBE, 0xFDBE, 0xFDBE, 0xFDBE, 0xFDBE, 0xFDBE, 0xFDBE, 0xFDBE, 0xFDBE, 
    0xFDBE, 0xFDBE, 0xFDBE, 0xFDBE, 0xFDBE, 0xFDBE, 0xFDBE, 0xFDBE, 0xFDBE, 0xFDBE, 0xFDBE, 0xFDBE, 
    0xFDBE, 0xFDBE, 0xFDBE, 0xFDBE, 0xFDBE, 0xFDBE, 0xFDBE, 0xFDBE, 0xFDBE, 0xFDBE, 0xFDBE, 0xFDBE, 
    0xFDBE, 0xFDBE, 0xFDBE, 0x1DB7, 0x1DB7, 0x1DB7, 0xFDB6, 0xFDB6, 0x3EBF, 0x3A96, 0xF574, 0xBCB6, 
    0xFDBE, 0xFDBE, 0xFDBE, 0xFDBE, 0xFDBE, 0xFDBE, 0xFDBE, 0xFDBE, 0xFDBE, 0xFDBE, 0xFDBE, 0xFDBE, 
    0xFDBE, 0xFDBE, 0xFDBE, 0xFDBE, 0xFDBE, 0xFDBE, 0xFDBE, 0xFDBE, 0xFDBE, 0xFDBE, 0xFDBE, 0xFDBE, 
    0xFDBE, 0xFDBE, 0xFDBE, 0xFDBE, 0xFDBE, 0xFDBE, 0xFDBE, 0xFDBE, 0xFDBE, 0xFDBE, 0xFDBE, 0xFDBE, 
    0xFDBE, 0xFDBE, 0xFDBE, 0xFDBE, 0xFDBE, 0xFDBE, 0xFDBE, 0xFDBE, 0xFDBE, 0xFDBE, 0xFDBE, 0xFDBE, 
    0xFDBE, 0xFDBE, 0xFEBE, 0xFEBE, 0xFDBE, 0xFEBE, 0xFDBE, 0xFDBE, 0xFDBE, 0xFDBE, 0xFDBE, 0xFDBE, 
    0xFDBE, 0xFDBE, 0xFDBE, 0xFDBE, 0xFDBE, 0xFDBE, 0xFDBE, 0xFDBE, 0xFDBE, 0xFDBE, 0xFDBE, 0xFDBE, 
    0xFEBE, 0xFEB6, 0xFEB6, 0xFEB6, 0xFEBE, 0xFDBE, 0xFDBE, 0xFDBE, 0xFDBE, 0xFDBE, 0xFDBE, 0x1EBF, 
    0x7785, 0x7785, 0x1DBF, 0xFDBE, 0xFDBE, 0xFDBE, 0xFDBE, 0xFDBE, 0xFDBE, 0xFDBE, 0xFDBE, 0xFDBE, 
    0xFDBE, 0xFDBE, 0xFDBE, 0xFDBE, 0xFDBE, 0xFDBE, 
    0xFDBE, 0xFDBE, 0xFDBE, 0xFDBE, 0xFDBE, 0xFDBE, 
    0xFDBE, 0xFDBE, 0xFDBE, 0xFDBE, 0xFDBE, 0xFDBE, 0xFDBE, 0xFDBE, 0xFDBE, 0xFDBE, 0xFDBE, 0xFDBE, 
    0xFDBE, 0xFDBE, 0xFDBE, 0x1EBF, 0x3B9E, 0xF57C, 0x1BE7, 0xBDFF, 0x7CFF, 0x9CFF, 0x9CFF, 0x9CFF, 
    0x9CFF, 0x9CFF, 0x9CFF, 0x9CFF, 0x9CFF, 0x9CFF, 0x9CFF, 0x9CFF, 0x9CFF, 0x9CFF, 0x9CFF, 0x7CFF, 
    0x9CFF, 0x9CFF, 0x9CFF, 0x9CFF, 0xDDFF, 0x959D, 0x7685, 0x1DBF, 0x1DBF, 0x1DBF, 0x1DB7, 0x1EB7, 
    0x1EB7, 0x1EB7, 0x1DB7, 0x1DB7, 0x1DB7, 0x1DB7, 0x1DB7, 0x1DB7, 0x1DB7, 0x1DB7, 0x1DB7, 0x1DB7, 
    0x1DB7, 0x1DB7, 0x1DB7, 0x1DB7, 0x1DB7, 0x1DB7, 0x1DB7, 0x1DB7, 0x1DB7, 0x1DB7, 0x1DB7, 0x1DB7, 
    0x1DB7, 0x1DB7, 0x1DB7, 0x1DB7, 0x1DB7, 0x1DB7, 0x1DB7, 0x1DB7, 0x1DB7, 0x1DB7, 0x1DB7, 0x1DB7, 
    0x1DB7, 0x1DB7, 0x1DB7, 0x1DB7, 0x1DB7, 0x1DB7, 0x1DB7, 0x1DB7, 0x1DB7, 0x1DB7, 0x1DB7, 0x1DB7, 
    0x1DB7, 0xFEBE, 0x3FBF, 0x7CA6, 0xD574, 0x9CB6, 0x1DC7, 0xFDC6, 0xFDBE, 0xFEBE, 0x1EBF, 0x1EBF, 
    0x1EBF, 0x1EBF, 0x1EBF, 0x1EBF, 0x1EBF, 0x1EBF, 0x1EBF, 0x1EBF, 0x1EBF, 0x1EBF, 0x1EBF, 0x1EBF, 
    0x1EBF, 0x1EBF, 0x1EBF, 0x1EBF, 0x1EBF, 0x1EBF, 0x1EBF, 0x1EBF, 0x1EBF, 0x1EBF, 0x1EBF, 0x1EBF, 
    0x1EBF, 0x1EBF, 0x1EBF, 0x1EBF, 0x1EBF, 0x1EBF, 0x1EBF, 0x1EBF, 0x1EBF, 0x1EBF, 0x1EBF, 0x1EBF, 
    0x1EBF, 0x1EBF, 0x1EBF, 0x1EBF, 0x1EBF, 0x1EBF, 0x1EBF, 0x1EBF, 0x1EBF, 0x1EBF, 0x1EBF, 0x1EBF, 
    0x1EBF, 0x1EBF, 0x1EBF, 0x1EBF, 0x1EBF, 0x1DB7, 0x1DBF, 0x3DBF, 0x1DB7, 0x1DB7, 0x3EBF, 0x3996, 
    0x1575, 0xDCAE, 0x3DBF, 0x1DB7, 0x1DB7, 0x1DB7, 0x1DB7, 0x1DB7, 0x1DB7, 0x1DB7, 0x1DB7, 0x1DB7, 
    0x1DB7, 0x1DB7, 0x1DB7, 0x1DB7, 0x1DB7, 0x1DB7, 0x1DB7, 0x1DB7, 0x1DB7, 0x1DB7, 0x1DB7, 0x1DB7, 
    0x1DB7, 0x1DB7, 0x1DB7, 0x1DB7, 0x1DB7, 0x1DB7, 0x1DB7, 0x1DB7, 0x1DB7, 0x1DB7, 0x1DB7, 0x1DB7, 
    0x1DB7, 0x1DB7, 0x1DB7, 0x1DB7, 0x1DB7, 0x1DB7, 0x1DB7, 0x1DB7, 0x1DBF, 0x3DBF, 0x1DBF, 0x1DBF, 
    0x1DBF, 0x1DB7, 0x1DB7, 0x1DB7, 0x1DBF, 0x1DBF, 0x1DBF, 0x1DBF, 0x1EBF, 0x1EBF, 0x1EBF, 0x1EBF, 
    0x1EBF, 0x1EBF, 0x1EBF, 0x1EBF, 0x1EBF, 0x1EBF, 0x1EBF, 0x1EBF, 0x1EBF, 0x1EBF, 0x1EBF, 0x1EBF, 
    0x1DBF, 0x1DBF, 0x1DB7, 0x3EB7, 0x1DB7, 0x1DBF, 0x1CBF, 0x1CBF, 0x1DBF, 0x1EBF, 0x1EBF, 0x1EBF, 
    0x1EBF, 0x3EBF, 0x7785, 0x7785, 0x1DBF, 0xFDBE, 0xFDBE, 0xFDBE, 0xFDBE, 0xFDBE, 0xFDBE, 0xFDBE, 
    0xFDBE, 0xFDBE, 0xFDBE, 0xFDBE, 0xFDBE, 0xFDBE, 0xFDBE, 0xFDBE, 
    0xFDBE, 0xFDBE, 0xFDBE, 0xFDBE, 
    0xFDBE, 0xFDBE, 0xFDBE, 0xFDBE, 0xFDBE, 0xFDBE, 0xFDBE, 0xFDBE, 0xFDBE, 0xFDBE, 0xFDBE, 0xFDBE, 
    0xFDBE, 0xFDBE, 0xFDBE, 0xFDBE, 0xFDBE, 0x1EBF, 0x3B9E, 0xF57C, 0x1BE7, 0xBDFF, 0x7CFF, 0x9CFF, 
    0x9CFF, 0x9CFF, 0x9CFF, 0x9CFF, 0x9CFF, 0x9CFF, 0x9CFF, 0x9CFF, 0x9CFF, 0x9CFF, 0x9CFF, 0x9CFF, 
    0x9CFF, 0x7CFF, 0x9CFF, 0x9CFF, 0x9CFF, 0x7CFF, 0xBDFF, 0xB6A5, 0x1575, 0xB88D, 0x988D, 0x9885, 
    0x9885, 0x9885, 0x788D, 0x788D, 0x988D, 0x988D, 0x988D, 0x988D, 0x988D, 0x988D, 0x988D, 0x988D, 
    0x988D, 0x988D, 0x988D, 0x988D, 0x988D, 0x988D, 0x988D, 0x988D, 0x988D, 0x988D, 0x988D, 0x988D, 
    0x988D, 0x988D, 0x988D, 0x988D, 0x988D, 0x988D, 0x988D, 0x988D, 0x988D, 0x988D, 0x988D, 0x988D, 
    0x988D, 0x988D, 0x988D, 0x988D, 0x988D, 0x988D, 0x988D, 0x988D, 0x988D, 0x988D, 0x988D, 0x988D, 
    0x988D, 0x988D, 0x988D, 0x988D, 0x988D, 0x777D, 0xF574, 0x7785, 0xB88D, 0xB885, 0xB885, 0x988D, 
    0x978D, 0x978D, 0x978D, 0x978D, 0x978D, 0x978D, 0x978D, 0x978D, 0x978D, 0x978D, 0x978D, 0x978D, 
    0x978D, 0x978D, 0x978D, 0x978D, 0x978D, 0x978D, 0x978D, 0x978D, 0x978D, 0x978D, 0x978D, 0x978D, 
    0x978D, 0x978D, 0x978D, 0x978D, 0x978D, 0x978D, 0x978D, 0x978D, 0x978D, 0x978D, 0x978D, 0x978D, 
    0x978D, 0x978D, 0x978D, 0x978D, 0x978D, 0x978D, 0x978D, 0x978D, 0x978D, 0x978D, 0x978D, 0x978D, 
    0x978D, 0x978D, 0x978D, 0x978D, 0x978D, 0x978D, 0x978D, 0x778D, 0x778D, 0x778D, 0x778D, 0x778D, 
    0x988D, 0x3785, 0xD574, 0x7785, 0x9785, 0x9785, 0x978D, 0x978D, 0x978D, 0x978D, 0x978D, 0x988D, 
    0x988D, 0x988D, 0x988D, 0x988D, 0x988D, 0x988D, 0x988D, 0x988D, 0x988D, 0x988D, 0x988D, 0x988D, 
    0x988D, 0x988D, 0x988D, 0x988D, 0x988D, 0x988D, 0x988D, 0x988D, 0x988D, 0x988D, 0x988D, 0x988D, 
    0x988D, 0x988D, 0x988D, 0x988D, 0x988D, 0x988D, 0x978D, 0x978D, 0x978D, 0x978D, 0x978D, 0x978D, 
    0x978D, 0x978D, 0x988D, 0x988D, 0x988D, 0x988D, 0x988D, 0x988D, 0x988D, 0x988D, 0x988D, 0x978D, 
    0x978D, 0x978D, 0x978D, 0x978D, 0x978D, 0x978D, 0x978D, 0x978D, 0x978D, 0x978D, 0x978D, 0x978D, 
    0x978D, 0x978D, 0x988D, 0x988D, 0x988D, 0x988D, 0x988D, 0x9895, 0x978D, 0x778D, 0x988D, 0x988D, 
    0x988D, 0x988D, 0x9885, 0x988D, 0x1675, 0x7785, 0x1DBF, 0xFDBE, 0xFDBE, 0xFDBE, 0xFDBE, 0xFDBE, 
    0xFDBE, 0xFDBE, 0xFDBE, 0xFDBE, 0xFDBE, 0xFDBE, 0xFDBE, 0xFDBE, 0xFDBE, 0xFDBE, 
    0xFDBE, 0xFDBE, 
    0xFDBE, 0xFDBE, 0xFDBE, 0xFDBE, 0xFDBE, 0xFDBE, 0xFDBE, 0xFDBE, 0xFDBE, 0xFDBE, 0xFDBE, 0xFDBE, 
    0xFDBE, 0xFDBE, 0xFDBE, 0xFDBE, 0xFDBE, 0xFDBE, 0xFDBE, 0x1EBF, 0x3B9E, 0xF57C, 0x1BE7, 0xBDFF, 
    0x7CFF, 0x9CFF, 0x9CFF, 0x9CFF, 0x9CFF, 0x9CFF, 0x9CFF, 0x9CFF, 0x9CFF, 0x9CFF, 0x9CFF, 0x9CFF, 
    0x9CFF, 0x9CFF, 0x9CFF, 0x7CFF, 0x9CFF, 0xBCFF, 0x9CFF, 0x7CFF, 0xBDFF, 0xB6A5, 0x9564, 0xB56C, 
    0xB56C, 0x1675, 0x1675, 0xF574, 0xF47C, 0xD57C, 0xD77C, 0xD67C, 0xD67C, 0xD67C, 0xD67C, 0xD67C, 
    0xD67C, 0xD67C, 0xD67C, 0xD67C, 0xD67C, 0xD67C, 0xD67C, 0xD67C, 0xD67C, 0xD67C, 0xD67C, 0xD67C, 
    0xD67C, 0xD67C, 0xD67C, 0xD67C, 0xD67C, 0xD67C, 0xD67C, 0xD67C, 0xD67C, 0xD67C, 0xD67C, 0xD67C, 
    0xD67C, 0xD67C, 0xD67C, 0xD67C, 0xD67C, 0xD67C, 0xD67C, 0xD67C, 0xD67C, 0xD67C, 0xD67C, 0xD67C, 
    0xD67C, 0xD67C, 0xD67C, 0xD67C, 0xD67C, 0xF57C, 0xF47C, 0xF574, 0x1575, 0xD46C, 0xB46C, 0xB464, 
    0xD564, 0xB564, 0xB564, 0xB564, 0xB564, 0xB564, 0xB564, 0xB564, 0xB564, 0xB564, 0xB564, 0xB564, 
    0xB564, 0xB564, 0xB564, 0xB564, 0xB564, 0xB564, 0xB564, 0xB564, 0xB564, 0xB564, 0xB564, 0xB564, 
    0xB564, 0xB564, 0xB564, 0xB564, 0xB564, 0xB564, 0xB564, 0xB564, 0xB564, 0xB564, 0xB564, 0xB564, 
    0xB564, 0xB564, 0xB564, 0xB564, 0xB564, 0xB564, 0xB564, 0xB564, 0xB564, 0xB564, 0xB564, 0xB564, 
    0xB564, 0xB564, 0xB564, 0xB564, 0xB564, 0xB564, 0xB564, 0xB564, 0xB564, 0xF674, 0xF674, 0xF674, 
    0xF674, 0xF674, 0xF674, 0xF774, 0x177D, 0xF67C, 0xF67C, 0xD67C, 0xF67C, 0xF67C, 0xF67C, 0xF67C, 
    0xF67C, 0xD67C, 0xD67C, 0xD67C, 0xD67C, 0xD67C, 0xD67C, 0xD67C, 0xD67C, 0xD67C, 0xD67C, 0xD67C, 
    0xD67C, 0xD67C, 0xD67C, 0xD67C, 0xD67C, 0xD67C, 0xD67C, 0xD67C, 0xD67C, 0xD67C, 0xD67C, 0xD67C, 
    0xD67C, 0xD67C, 0xD67C, 0xD67C, 0xD67C, 0xD67C, 0xD67C, 0xD67C, 0xD67C, 0xD67C, 0xD67C, 0xD67C, 
    0xF67C, 0xD67C, 0xF67C, 0xF67C, 0xD674, 0xB564, 0xB564, 0xB564, 0xB564, 0xB564, 0xB464, 0xB464, 
    0xB564, 0xB564, 0xB564, 0xB564, 0xB564, 0xB564, 0xB564, 0xB564, 0xB564, 0xB564, 0xB564, 0xB564, 
    0xB564, 0xB564, 0xB564, 0xB564, 0xB564, 0xB564, 0x9564, 0x946C, 0xB46C, 0x9464, 0xD564, 0xF664, 
    0xB56C, 0xB46C, 0xB46C, 0xB46C, 0xB46C, 0xB46C, 0xB46C, 0x9885, 0x1DBF, 0xFDBE, 0xFDBE, 0xFDBE, 
    0xFDBE, 0xFDBE, 0xFDBE, 0xFDBE, 0xFDBE, 0xFDBE, 0xFDBE, 0xFDBE, 0xFDBE, 0xFDBE, 0xFDBE, 0xFDBE, 
    
    0xFDBE, 0xFDBE, 0xFDBE, 0xFDBE, 0xFDBE, 0xFDBE, 0xFDBE, 0xFDBE, 0xFDBE, 0xFDBE, 0xFDBE, 0xFDBE, 
    0xFDBE, 0xFDBE, 0xFDBE, 0xFDBE, 0xFDBE, 0xFDBE, 0xFDBE, 0xFDBE, 0xFDBE, 0x1EBF, 0x3B9E, 0xF57C, 
    0x1BE7, 0xBDFF, 0x7CFF, 0x9CFF, 0x9CFF, 0x9CFF, 0x9CFF, 0x9CFF, 0x9CFF, 0x9CFF, 0x9CFF, 0x9CFF, 
    0x9CFF, 0x9CFF, 0x9CFF, 0x9CFF, 0x9CFF, 0x9CFF, 0x9CFF, 0xBCFF, 0x9CFF, 0x7CFF, 0xBDFF, 0xFADE, 
    0x38C6, 0x9BC6, 0x7895, 0xD24B, 0xF33B, 0x133C, 0x133C, 0xF33B, 0xF33B, 0xF33B, 0xF33B, 0xF33B, 
    0xF33B, 0xF33B, 0xF33B, 0xF33B, 0xF33B, 0xF33B, 0xF33B, 0xF33B, 0xF33B, 0xF33B, 0xF33B, 0xF33B, 
    0xF33B, 0xF33B, 0xF33B, 0xF33B, 0xF33B, 0xF33B, 0xF33B, 0xF33B, 0xF33B, 0xF33B, 0xF33B, 0xF33B, 
    0xF33B, 0xF33B, 0xF33B, 0xF33B, 0xF33B, 0xF33B, 0xF33B, 0xF33B, 0xF33B, 0xF33B, 0xF33B, 0xF33B, 
    0xF33B, 0xF33B, 0xF33B, 0xF33B, 0xF33B, 0xF33B, 0xF33B, 0xF33B, 0xF23B, 0x5354, 0xF574, 0x19A6, 
    0x79C6, 0x59C6, 0x39C6, 0x59BE, 0x59BE, 0x59BE, 0x59BE, 0x59BE, 0x59BE, 0x59BE, 0x59BE, 0x59BE, 
    0x59BE, 0x59BE, 0x59BE, 0x59BE, 0x59BE, 0x59BE, 0x59BE, 0x59BE, 0x59BE, 0x59BE, 0x59BE, 0x59BE, 
    0x59BE, 0x59BE, 0x59BE, 0x59BE, 0x59BE, 0x59BE, 0x59BE, 0x59BE, 0x59BE, 0x59BE, 0x59BE, 0x59BE, 
    0x59BE, 0x59BE, 0x59BE, 0x59BE, 0x59BE, 0x59BE, 0x59BE, 0x59BE, 0x59BE, 0x59BE, 0x59BE, 0x59BE, 
    0x59BE, 0x59BE, 0x59BE, 0x59BE, 0x59BE, 0x59BE, 0x59BE, 0x59BE, 0x59BE, 0x59C6, 0x19AE, 0x344C, 
    0xF243, 0x1344, 0xF33B, 0xF33B, 0x133C, 0xF343, 0xF343, 0xF33B, 0x133C, 0x133C, 0xF33B, 0xF33B, 
    0xF33B, 0xF33B, 0xF33B, 0xF33B, 0xF33B, 0xF33B, 0xF33B, 0xF33B, 0xF33B, 0xF33B, 0xF33B, 0xF33B, 
    0xF33B, 0xF33B, 0xF33B, 0xF33B, 0xF33B, 0xF33B, 0xF33B, 0xF33B, 0xF33B, 0xF33B, 0xF33B, 0xF33B, 
    0xF33B, 0xF33B, 0xF33B, 0xF33B, 0xF33B, 0xF33B, 0xF33B, 0xF33B, 0xF33B, 0xF33B, 0x133C, 0x123C, 
    0x123C, 0x123C, 0x123C, 0xF23B, 0x1344, 0xF233, 0xF47C, 0x79C6, 0x79BE, 0x79BE, 0x59BE, 0x59BE, 
    0x59BE, 0x59BE, 0x59BE, 0x59BE, 0x59BE, 0x59BE, 0x59BE, 0x59BE, 0x59BE, 0x59BE, 0x59BE, 0x59BE, 
    0x59BE, 0x59BE, 0x59BE, 0x59BE, 0x59BE, 0x59BE, 0x59BE, 0x59BE, 0x58C6, 0x58C6, 0x59BE, 0x9ABE, 
    0xB895, 0xF574, 0xF995, 0x1A9E, 0x1A9E, 0x1A9E, 0x1A9E, 0x1A9E, 0xFA9D, 0x5BA6, 0x1DBF, 0xFDBE, 
    0xFDBE, 0xFDBE, 0xFDBE, 0xFDBE, 0xFDBE, 0xFDBE, 0xFDBE, 0xFDBE, 0xFDBE, 0xFDBE, 0xFDBE, 0xFDBE, 
    0xFDBE, 0xFDBE, 
    0xFDBE, 0xFDBE, 0xFDBE, 0xFDBE, 0xFDBE, 0xFDBE, 0xFDBE, 0xFDBE, 0xFDBE, 0xFDBE, 
    0xFDBE, 0xFDBE, 0xFDBE, 0xFDBE, 0xFDBE, 0xFDBE, 0xFDBE, 0xFDBE, 0xFDBE, 0xFDBE, 0xFDBE, 0x1EBF, 
    0x3B9E, 0xF57C, 0x1BE7, 0xBDFF, 0x7CFF, 0x9CFF, 0x9CFF, 0x9CFF, 0x9CFF, 0x9CFF, 0x9CFF, 0x9CFF, 
    0x9CFF, 0x9CFF, 0x9CFF, 0x9CFF, 0x9CFF, 0x9CFF, 0x9CFF, 0x9CFF, 0x9CFF, 0x9CFF, 0x9CFF, 0x9CFF, 
    0x9CFF, 0xBCFF, 0x9CFF, 0xFDFF, 0xF8AD, 0xAF12, 0xEF12, 0xF00A, 0xF00A, 0xEF0A, 0xEF0A, 0xEF0A, 
    0xEF0A, 0xEF0A, 0xEF0A, 0xEF0A, 0xEF0A, 0xEF0A, 0xEF0A, 0xEF0A, 0xEF0A, 0xEF0A, 0xEF0A, 0xEF0A, 
    0xEF0A, 0xEF0A, 0xEF0A, 0xEF0A, 0xEF0A, 0xEF0A, 0xEF0A, 0xEF0A, 0xEF0A, 0xEF0A, 0xEF0A, 0xEF0A, 
    0xEF0A, 0xEF0A, 0xEF0A, 0xEF0A, 0xEF0A, 0xEF0A, 0xEF0A, 0xEF0A, 0xEF0A, 0xEF0A, 0xEF0A, 0xEF0A, 
    0xEF0A, 0xEF0A, 0xEF0A, 0xEF0A, 0xEF0A, 0xEF0A, 0xEF0A, 0xEF0A, 0xEF0A, 0xF012, 0xCF0A, 0x111B, 
    0x18AE, 0xBDF7, 0xBEFF, 0xBCFF, 0xBDFF, 0xBCFF, 0xBCFF, 0xBCFF, 0xBCFF, 0xBCFF, 0xBCFF, 0xBCFF, 
    0xBCFF, 0xBCFF, 0xBCFF, 0xBCFF, 0xBCFF, 0xBCFF, 0xBCFF, 0xBCFF, 0xBCFF, 0xBCFF, 0xBCFF, 0xBCFF, 
    0xBCFF, 0xBCFF, 0xBCFF, 0xBCFF, 0xBCFF, 0xBCFF, 0xBCFF, 0xBCFF, 0xBCFF, 0xBCFF, 0xBCFF, 0xBCFF, 
    0xBCFF, 0xBCFF, 0xBCFF, 0xBCFF, 0xBCFF, 0xBCFF, 0xBCFF, 0xBCFF, 0xBCFF, 0xBCFF, 0xBCFF, 0xBCFF, 
    0xBCFF, 0xBCFF, 0xBCFF, 0xBCFF, 0xBCFF, 0xBCFF, 0xBCFF, 0xBCFF, 0xBCFF, 0xBCFF, 0xBCFF, 0xDDFF, 
    0x3CE7, 0x5123, 0xCE12, 0xEF12, 0xEF12, 0xEF12, 0xEF12, 0xEF12, 0xEF12, 0xEF0A, 0xEF0A, 0xEF0A, 
    0xEF0A, 0xEF0A, 0xEF0A, 0xEF0A, 0xEF0A, 0xEF0A, 0xEF0A, 0xEF0A, 0xEF0A, 0xEF0A, 0xEF0A, 0xEF0A, 
    0xEF0A, 0xEF0A, 0xEF0A, 0xEF0A, 0xEF0A, 0xEF0A, 0xEF0A, 0xEF0A, 0xEF0A, 0xEF0A, 0xEF0A, 0xEF0A, 
    0xEF0A, 0xEF0A, 0xEF0A, 0xEF0A, 0xEF0A, 0xEF0A, 0xEF0A, 0xEF0A, 0xEF0A, 0xEF0A, 0xEF0A, 0xEF0A, 
    0xEF0A, 0xEF0A, 0xEF0A, 0xEF0A, 0xEF0A, 0xEF12, 0xEF12, 0xAF02, 0xD47C, 0xDEFF, 0xBCFF, 0xBDFF, 
    0xBDFF, 0xBDFF, 0xBCFF, 0xBDFF, 0xBDFF, 0xBCFF, 0xBCFF, 0xBCFF, 0xBCFF, 0xBCFF, 0xBCFF, 0xBCFF, 
    0xBCFF, 0xBCFF, 0xBCFF, 0xBCFF, 0xBCFF, 0xBCFF, 0xBCFF, 0xBCFF, 0xBCFF, 0xBDFF, 0x9DFF, 0xBDFF, 
    0xBCFF, 0xDEFF, 0x59C6, 0xD57C, 0xDDB6, 0x1EBF, 0x1EBF, 0x1EBF, 0x1EBF, 0x1EBF, 0x1EBF, 0x1EBF, 
    0xFDBE, 0xFDBE, 0xFDBE, 0xFDBE, 0xFDBE, 0xFDBE, 0xFDBE, 0xFDBE, 0xFDBE, 0xFDBE, 0xFDBE, 0xFDBE, 
    0xFDBE, 0xFDBE, 0xFDBE, 0xFDBE, 
    0xFDBE, 0xFDBE, 0xFDBE, 0xFDBE, 0xFDBE, 0xFDBE, 0xFDBE, 0xFDBE, 
    0xFDBE, 0xFDBE, 0xFDBE, 0xFDBE, 0xFDBE, 0xFDBE, 0xFDBE, 0xFDBE, 0xFDBE, 0xFDBE, 0xFDBE, 0xFDBE, 
    0xFDBE, 0x1EBF, 0x3B9E, 0xF57C, 0x1BE7, 0xBDFF, 0x7CFF, 0x9CFF, 0x9CFF, 0x9CFF, 0x9CFF, 0x9CFF, 
    0x9CFF, 0x9CFF, 0x9CFF, 0x9CFF, 0x9CFF, 0x9CFF, 0x9CFF, 0x9CFF, 0x9CFF, 0x9CFF, 0x9CFF, 0x9CFF, 
    0x9CFF, 0x9CFF, 0x9CFF, 0x9CFF, 0x7CFF, 0xBBFF, 0xF8A5, 0xF00A, 0x0F1B, 0x1013, 0x1013, 0xF012, 
    0xF012, 0xF012, 0xF012, 0xF012, 0xF012, 0xF012, 0xF012, 0xF012, 0xF012, 0xF012, 0xF012, 0xF012, 
    0xF012, 0xF012, 0xF012, 0xF012, 0xF012, 0xF012, 0xF012, 0xF012, 0xF012, 0xF012, 0xF012, 0xF012, 
    0xF012, 0xF012, 0xF012, 0xF012, 0xF012, 0xF012, 0xF012, 0xF012, 0xF012, 0xF012, 0xF012, 0xF012, 
    0xF012, 0xF012, 0xF012, 0xF012, 0xF012, 0xF012, 0xF012, 0xF012, 0xF012, 0xF012, 0xF012, 0x101B, 
    0xF012, 0x1113, 0xB9CE, 0xBCFF, 0x7CFF, 0x7CFF, 0x9CFF, 0x9CFF, 0x9CFF, 0x9CFF, 0x9CFF, 0x9CFF, 
    0x9CFF, 0x9CFF, 0x9CFF, 0x9CFF, 0x9CFF, 0x9CFF, 0x9CFF, 0x9CFF, 0x9CFF, 0x9CFF, 0x9CFF, 0x9CFF, 
    0x9CFF, 0x9CFF, 0x9CFF, 0x9CFF, 0x9CFF, 0x9CFF, 0x9CFF, 0x9CFF, 0x9CFF, 0x9CFF, 0x9CFF, 0x9CFF, 
    0x9CFF, 0x9CFF, 0x9CFF, 0x9CFF, 0x9CFF, 0x9CFF, 0x9CFF, 0x9CFF, 0x9CFF, 0x9CFF, 0x9CFF, 0x9CFF, 
    0x9CFF, 0x9CFF, 0x9CFF, 0x9CFF, 0x9CFF, 0x9CFF, 0x9CFF, 0x9CFF, 0x9CFF, 0x9CFF, 0x9CFF, 0x9CFF, 
    0x7CFF, 0x9CFF, 0x1BE7, 0x712B, 0xEF12, 0x1013, 0x1013, 0x1013, 0x1013, 0x1013, 0x1013, 0xF012, 
    0x1013, 0xF012, 0xF012, 0xF012, 0xF012, 0xF012, 0xF012, 0xF012, 0xF012, 0xF012, 0xF012, 0xF012, 
    0xF012, 0xF012, 0xF012, 0xF012, 0xF012, 0xF012, 0xF012, 0xF012, 0xF012, 0xF012, 0xF012, 0xF012, 
    0xF012, 0xF012, 0xF012, 0xF012, 0xF012, 0xF012, 0xF012, 0xF012, 0xF012, 0xF012, 0xF012, 0xF012, 
    0xF012, 0xF012, 0xF012, 0xF012, 0xF012, 0x1013, 0x1013, 0xF012, 0x101B, 0xD00A, 0xD574, 0xBDFF, 
    0x7CFF, 0x9CFF, 0x9DFF, 0x9CFF, 0x9BFF, 0x9CFF, 0x9CFF, 0x9CFF, 0x9CFF, 0x9CFF, 0x9CFF, 0x9CFF, 
    0x9CFF, 0x9CFF, 0x9CFF, 0x9CFF, 0x9CFF, 0x9CFF, 0x9CFF, 0x9CFF, 0x9CFF, 0x9CFF, 0x9CFF, 0x9CFF, 
    0x7DFF, 0x9CFF, 0x9BFF, 0x9DFF, 0x59BE, 0xF574, 0xBCB6, 0xFDBE, 0xFDBE, 0xFDBE, 0xFDBE, 0xFDBE, 
    0xFDBE, 0xFDBE, 0xFDBE, 0xFDBE, 0xFDBE, 0xFDBE, 0xFDBE, 0xFDBE, 0xFDBE, 0xFDBE, 0xFDBE, 0xFDBE, 
    0xFDBE, 0xFDBE, 0xFDBE, 0xFDBE, 0xFDBE, 0xFDBE, 
    0xFDBE, 0xFDBE, 0xFDBE, 0xFDBE, 0xFDBE, 0xFDBE, 
    0xFDBE, 0xFDBE, 0xFDBE, 0xFDBE, 0xFDBE, 0xFDBE, 0xFDBE, 0xFDBE, 0xFDBE, 0xFDBE, 0xFDBE, 0xFDBE, 
    0xFDBE, 0xFDBE, 0xFDBE, 0x1EBF, 0x3B9E, 0xF57C, 0x1BE7, 0xBDFF, 0x7CFF, 0x9CFF, 0x9CFF, 0x9CFF, 
    0x9CFF, 0x9CFF, 0x9CFF, 0x9CFF, 0x9CFF, 0x9CFF, 0x9CFF, 0x9CFF, 0x9CFF, 0x9CFF, 0x9CFF, 0x9CFF, 
    0x9CFF, 0x9CFF, 0x9CFF, 0x9CFF, 0x9CFF, 0x9CFF, 0x7CFF, 0xDCFF, 0xF8A5, 0xD00A, 0xEF1A, 0x1013, 
    0x1013, 0xF012, 0xF012, 0xF012, 0xF012, 0xF012, 0xF012, 0xF012, 0xF012, 0xF012, 0xF012, 0xF012, 
    0xF012, 0xF012, 0xF012, 0xF012, 0xF012, 0xF012, 0xF012, 0xF012, 0xF012, 0xF012, 0xF012, 0xF012, 
    0xF012, 0xF012, 0xF012, 0xF012, 0xF012, 0xF012, 0xF012, 0xF012, 0xF012, 0xF012, 0xF012, 0xF012, 
    0xF012, 0xF012, 0xF012, 0xF012, 0xF012, 0xF012, 0xF012, 0xF012, 0xF012, 0xF012, 0xF012, 0xF012, 
    0xF012, 0xF012, 0x1013, 0x111B, 0x99CE, 0xDCFF, 0x9CFF, 0x9CFF, 0x9CFF, 0x9CFF, 0x9CFF, 0x9CFF, 
    0x9CFF, 0x9CFF, 0x9CFF, 0x9CFF, 0x9CFF, 0x9CFF, 0x9CFF, 0x9CFF, 0x9CFF, 0x9CFF, 0x9CFF, 0x9CFF, 
    0x9CFF, 0x9CFF, 0x9CFF, 0x9CFF, 0x9CFF, 0x9CFF, 0x9CFF, 0x9CFF, 0x9CFF, 0x9CFF, 0x9CFF, 0x9CFF, 
    0x9CFF, 0x9CFF, 0x9CFF, 0x9CFF, 0x9CFF, 0x9CFF, 0x9CFF, 0x9CFF, 0x9CFF, 0x9CFF, 0x9CFF, 0x9CFF, 
    0x9CFF, 0x9CFF, 0x9CFF, 0x9CFF, 0x9CFF, 0x9CFF, 0x9CFF, 0x9CFF, 0x9CFF, 0x9CFF, 0x9CFF, 0x9CFF, 
    0x9CFF, 0x9CFF, 0x9CFF, 0xBCFF, 0x1BE7, 0x712B, 0xCF12, 0x1013, 0x1013, 0xF012, 0xF012, 0x1013, 
    0x1013, 0xF012, 0xF012, 0xF012, 0xF012, 0xF012, 0xF012, 0xF012, 0xF012, 0xF012, 0xF012, 0xF012, 
    0xF012, 0xF012, 0xF012, 0xF012, 0xF012, 0xF012, 0xF012, 0xF012, 0xF012, 0xF012, 0xF012, 0xF012, 
    0xF012, 0xF012, 0xF012, 0xF012, 0xF012, 0xF012, 0xF012, 0xF012, 0xF012, 0xF012, 0xF012, 0xF012, 
    0xF012, 0xF012, 0xF012, 0xF012, 0xF012, 0xF012, 0xF012, 0x1013, 0x1013, 0xF012, 0x101B, 0xCF0A, 
    0xD57C, 0xBDFF, 0x9CFF, 0x9CFF, 0x9DFF, 0x9CFF, 0x9BFF, 0x9CFF, 0x9CFF, 0x9CFF, 0x9CFF, 0x9CFF, 
    0x9CFF, 0x9CFF, 0x9CFF, 0x9CFF, 0x9CFF, 0x9CFF, 0x9CFF, 0x9CFF, 0x9CFF, 0x9CFF, 0x9CFF, 0x9CFF, 
    0x9CFF, 0x9CFF, 0x7DFF, 0x9CFF, 0x9BFF, 0xBDFF, 0x59BE, 0xF574, 0xDCB6, 0x1DBF, 0xFDBE, 0xFDBE, 
    0xFDBE, 0xFDBE, 0xFDBE, 0xFDBE, 0xFDBE, 0xFDBE, 0xFDBE, 0xFDBE, 0xFDBE, 0xFDBE, 0xFDBE, 0xFDBE, 
    0xFDBE, 0xFDBE, 0xFDBE, 0xFDBE, 0xFDBE, 0xFDBE, 0xFDBE, 0xFDBE, 
    0xFDBE, 0xFDBE, 0xFDBE, 0xFDBE, 
    0xFDBE, 0xFDBE, 0xFDBE, 0xFDBE, 0xFDBE, 0xFDBE, 0xFDBE, 0xFDBE, 0xFDBE, 0xFDBE, 0xFDBE, 0xFDBE, 
    0xFDBE, 0xFDBE, 0xFDBE, 0xFDBE, 0xFDBE, 0x1EBF, 0x3B9E, 0xF57C, 0x1BE7, 0xBDFF, 0x7CFF, 0x9CFF, 
    0x9CFF, 0x9CFF, 0x9CFF, 0x9CFF, 0x9CFF, 0x9CFF, 0x9CFF, 0x9CFF, 0x9CFF, 0x9CFF, 0x9CFF, 0x9CFF, 
    0x9CFF, 0x9CFF, 0x9CFF, 0x9CFF, 0x9CFF, 0x9CFF, 0x9CFF, 0x9CFF, 0x7CFF, 0xDCFF, 0xF8A5, 0xD00A, 
    0xEF1A, 0x1013, 0x1013, 0xF012, 0xF012, 0xF012, 0xF012, 0xF012, 0xF012, 0xF012, 0xF012, 0xF012, 
    0xF012, 0xF012, 0xF012, 0xF012, 0xF012, 0xF012, 0xF012, 0xF012, 0xF012, 0xF012, 0xF012, 0xF012, 
    0xF012, 0xF012, 0xF012, 0xF012, 0xF012, 0xF012, 0xF012, 0xF012, 0xF012, 0xF012, 0xF012, 0xF012, 
    0xF012, 0xF012, 0xF012, 0xF012, 0xF012, 0xF012, 0xF012, 0xF012, 0xF012, 0xF012, 0xF012, 0xF012, 
    0xF012, 0xF012, 0xF012, 0xEF12, 0xF012, 0x111B, 0x99CE, 0xBCFF, 0x9CFF, 0x9CFF, 0x9CFF, 0x9CFF, 
    0x9CFF, 0x9CFF, 0x9CFF, 0x9CFF, 0x9CFF, 0x9CFF, 0x9CFF, 0x9CFF, 0x9CFF, 0x9CFF, 0x9CFF, 0x9CFF, 
    0x9CFF, 0x9CFF, 0x9CFF, 0x9CFF, 0x9CFF, 0x9CFF, 0x9CFF, 0x9CFF, 0x9CFF, 0x9CFF, 0x9CFF, 0x9CFF, 
    0x9CFF, 0x9CFF, 0x9CFF, 0x9CFF, 0x9CFF, 0x9CFF, 0x9CFF, 0x9CFF, 0x9CFF, 0x9CFF, 0x9CFF, 0x9CFF, 
    0x9CFF, 0x9CFF, 0x9CFF, 0x9CFF, 0x9CFF, 0x9CFF, 0x9CFF, 0x9CFF, 0x9CFF, 0x9CFF, 0x9CFF, 0x9CFF, 
    0x9CFF, 0x9CFF, 0x9CFF, 0x9CFF, 0x9CFF, 0xBCFF, 0x1BE7, 0x712B, 0xCF12, 0x1013, 0x1013, 0xF012, 
    0xF012, 0x1013, 0x1013, 0xF012, 0xF012, 0xF012, 0xF012, 0xF012, 0xF012, 0xF012, 0xF012, 0xF012, 
    0xF012, 0xF012, 0xF012, 0xF012, 0xF012, 0xF012, 0xF012, 0xF012, 0xF012, 0xF012, 0xF012, 0xF012, 
    0xF012, 0xF012, 0xF012, 0xF012, 0xF012, 0xF012, 0xF012, 0xF012, 0xF012, 0xF012, 0xF012, 0xF012, 
    0xF012, 0xF012, 0xF012, 0xF012, 0xF012, 0xF012, 0xF012, 0xF012, 0xF012, 0x1013, 0x1013, 0xF012, 
    0x101B, 0xCF0A, 0xD57C, 0xBDFF, 0x9CFF, 0x9CFF, 0x9DFF, 0x9CFF, 0x9BFF, 0x9CFF, 0x9CFF, 0x9CFF, 
    0x9CFF, 0x9CFF, 0x9CFF, 0x9CFF, 0x9CFF, 0x9CFF, 0x9CFF, 0x9CFF, 0x9CFF, 0x9CFF, 0x9CFF, 0x9CFF, 
    0x9CFF, 0x9CFF, 0x9CFF, 0x9CFF, 0x7DFF, 0x9CFF, 0x9BFF, 0xBDFF, 0x59BE, 0xF574, 0xDCB6, 0x1DBF, 
    0xFDBE, 0xFDBE, 0xFDBE, 0xFDBE, 0xFDBE, 0xFDBE, 0xFDBE, 0xFDBE, 0xFDBE, 0xFDBE, 0xFDBE, 0xFDBE, 
    0xFDBE, 0xFDBE, 0xFDBE, 0xFDBE, 0xFDBE, 0xFDBE, 0xFDBE, 0xFDBE, 0xFDBE, 0xFDBE, 
    0xFDBE, 0xFDBE, 
    0xFDBE, 0xFDBE, 0xFDBE, 0xFDBE, 0xFDBE, 0xFDBE, 0xFDBE, 0xFDBE, 0xFDBE, 0xFDBE, 0xFDBE, 0xFDBE, 
    0xFDBE, 0xFDBE, 0xFDBE, 0xFDBE, 0xFDBE, 0xFDBE, 0xFDBE, 0x1EBF, 0x3B9E, 0xF57C, 0x1BE7, 0xBDFF, 
    0x7CFF, 0x9CFF, 0x9CFF, 0x9CFF, 0x9CFF, 0x9CFF, 0x9CFF, 0x9CFF, 0x9CFF, 0x9CFF, 0x9CFF, 0x9CFF, 
    0x9CFF, 0x9CFF, 0x9CFF, 0x9CFF, 0x9CFF, 0x9CFF, 0x9CFF, 0x9CFF, 0x9CFF, 0x9CFF, 0x7CFF, 0xDCFF, 
    0xF8A5, 0xD00A, 0xEF1A, 0x1013, 0x1013, 0xF012, 0xF012, 0xF012, 0xF012, 0xF012, 0xF012, 0xF012, 
    0xF012, 0xF012, 0xF012, 0xF012, 0xF012, 0xF012, 0xF012, 0xF012, 0xF012, 0xF012, 0xF012, 0xF012, 
    0xF012, 0xF012, 0xF012, 0xF012, 0xF012, 0xF012, 0xF012, 0xF012, 0xF012, 0xF012, 0xF012, 0xF012, 
    0xF012, 0xF012, 0xF012, 0xF012, 0xF012, 0xF012, 0xF012, 0xF012, 0xF012, 0xF012, 0xF012, 0xF012, 
    0xF012, 0xF012, 0xF012, 0xF012, 0xF012, 0x1013, 0xF012, 0x1113, 0x99CE, 0xBCFF, 0x9CFF, 0x9CFF, 
    0x9CFF, 0x9CFF, 0x9CFF, 0x9CFF, 0x9CFF, 0x9CFF, 0x9CFF, 0x9CFF, 0x9CFF, 0x9CFF, 0x9CFF, 0x9CFF, 
    0x9CFF, 0x9CFF, 0x9CFF, 0x9CFF, 0x9CFF, 0x9CFF, 0x9CFF, 0x9CFF, 0x9CFF, 0x9CFF, 0x9CFF, 0x9CFF, 
    0x9CFF, 0x9CFF, 0x9CFF, 0x9CFF, 0x9CFF, 0x9CFF, 0x9CFF, 0x9CFF, 0x9CFF, 0x9CFF, 0x9CFF, 0x9CFF, 
    0x9CFF, 0x9CFF, 0x9CFF, 0x9CFF, 0x9CFF, 0x9CFF, 0x9CFF, 0x9CFF, 0x9CFF, 0x9CFF, 0x9CFF, 0x9CFF, 
    0x9CFF, 0x9CFF, 0x9CFF, 0x9CFF, 0x9CFF, 0x9CFF, 0x9CFF, 0xBCFF, 0x1BE7, 0x712B, 0xCF12, 0x1013, 
    0x1013, 0xF012, 0xF012, 0x1013, 0x1013, 0xF012, 0xF012, 0xF012, 0xF012, 0xF012, 0xF012, 0xF012, 
    0xF012, 0xF012, 0xF012, 0xF012, 0xF012, 0xF012, 0xF012, 0xF012, 0xF012, 0xF012, 0xF012, 0xF012, 
    0xF012, 0xF012, 0xF012, 0xF012, 0xF012, 0xF012, 0xF012, 0xF012, 0xF012, 0xF012, 0xF012, 0xF012, 
    0xF012, 0xF012, 0xF012, 0xF012, 0xF012, 0xF012, 0xF012, 0xF012, 0xF012, 0xF012, 0xF012, 0x1013, 
    0x1013, 0xF012, 0x101B, 0xCF0A, 0xD57C, 0xBDFF, 0x9CFF, 0x9CFF, 0x9DFF, 0x9CFF, 0x9BFF, 0x9CFF, 
    0x9CFF, 0x9CFF, 0x9CFF, 0x9CFF, 0x9CFF, 0x9CFF, 0x9CFF, 0x9CFF, 0x9CFF, 0x9CFF, 0x9CFF, 0x9CFF, 
    0x9CFF, 0x9CFF, 0x9CFF, 0x9CFF, 0x9CFF, 0x9CFF, 0x7DFF, 0x9CFF, 0x9BFF, 0xBDFF, 0x59BE, 0xF574, 
    0xDCB6, 0x1DBF, 0xFDBE, 0xFDBE, 0xFDBE, 0xFDBE, 0xFDBE, 0xFDBE, 0xFDBE, 0xFDBE, 0xFDBE, 0xFDBE, 
    0xFDBE, 0xFDBE, 0xFDBE, 0xFDBE, 0xFDBE, 0xFDBE, 0xFDBE, 0xFDBE, 0xFDBE, 0xFDBE, 0xFDBE, 0xFDBE, 
    
    0xFDBE, 0xFDBE, 0xFDBE, 0xFDBE, 0xFDBE, 0xFDBE, 0xFDBE, 0xFDBE, 0xFDBE, 0xFDBE, 0xFDBE, 0xFDBE, 
    0xFDBE, 0xFDBE, 0xFDBE, 0xFDBE, 0xFDBE, 0xFDBE, 0xFDBE, 0xFDBE, 0xFDBE, 0x1EBF, 0x3B9E, 0xF57C, 
    0x1BE7, 0xBDFF, 0x7CFF, 0x9CFF, 0x9CFF, 0x9CFF, 0x9CFF, 0x9CFF, 0x9CFF, 0x9CFF, 0x9CFF, 0x9CFF, 
    0x9CFF, 0x9CFF, 0x9CFF, 0x9CFF, 0x9CFF, 0x9CFF, 0x9CFF, 0x9CFF, 0x9CFF, 0x9CFF, 0x9CFF, 0x9CFF, 
    0x7CFF, 0xDCFF, 0xF8A5, 0xD00A, 0xEF1A, 0x1013, 0x1013, 0xF012, 0xF012, 0xF012, 0xF012, 0xF012, 
    0xF012, 0xF012, 0xF012, 0xF012, 0xF012, 0xF012, 0xF012, 0xF012, 0xF012, 0xF012, 0xF012, 0xF012, 
    0xF012, 0xF012, 0xF012, 0xF012, 0xF012, 0xF012, 0xF012, 0xF012, 0xF012, 0xF012, 0xF012, 0xF012, 
    0xF012, 0xF012, 0xF012, 0xF012, 0xF012, 0xF012, 0xF012, 0xF012, 0xF012, 0xF012, 0xF012, 0xF012, 
    0xF012, 0xF012, 0xF012, 0xF012, 0xF012, 0xF012, 0xF012, 0x1013, 0xF012, 0x1113, 0x99CE, 0xBCFF, 
    0x9CFF, 0x9CFF, 0x9CFF, 0x9CFF, 0x9CFF, 0x9CFF, 0x9CFF, 0x9CFF, 0x9CFF, 0x9CFF, 0x9CFF, 0x9CFF, 
    0x9CFF, 0x9CFF, 0x9CFF, 0x9CFF, 0x9CFF, 0x9CFF, 0x9CFF, 0x9CFF, 0x9CFF, 0x9CFF, 0x9CFF, 0x9CFF, 
    0x9CFF, 0x9CFF, 0x9CFF, 0x9CFF, 0x9CFF, 0x9CFF, 0x9CFF, 0x9CFF, 0x9CFF, 0x9CFF, 0x9CFF, 0x9CFF, 
    0x9CFF, 0x9CFF, 0x9CFF, 0x9CFF, 0x9CFF, 0x9CFF, 0x9CFF, 0x9CFF, 0x9CFF, 0x9CFF, 0x9CFF, 0x9CFF, 
    0x9CFF, 0x9CFF, 0x9CFF, 0x9CFF, 0x9CFF, 0x9CFF, 0x9CFF, 0x9CFF, 0x9CFF, 0xBCFF, 0x1BE7, 0x712B, 
    0xCF12, 0x1013, 0x1013, 0xF012, 0xF012, 0x1013, 0x1013, 0xF012, 0xF012, 0xF012, 0xF012, 0xF012, 
    0xF012, 0xF012, 0xF012, 0xF012, 0xF012, 0xF012, 0xF012, 0xF012, 0xF012, 0xF012, 0xF012, 0xF012, 
    0xF012, 0xF012, 0xF012, 0xF012, 0xF012, 0xF012, 0xF012, 0xF012, 0xF012, 0xF012, 0xF012, 0xF012, 
    0xF012, 0xF012, 0xF012, 0xF012, 0xF012, 0xF012, 0xF012, 0xF012, 0xF012, 0xF012, 0xF012, 0xF012, 
    0xF012, 0x1013, 0x1013, 0xF012, 0x101B, 0xCF0A, 0xD57C, 0xBDFF, 0x9CFF, 0x9CFF, 0x9DFF, 0x9CFF, 
    0x9BFF, 0x9CFF, 0x9CFF, 0x9CFF, 0x9CFF, 0x9CFF, 0x9CFF, 0x9CFF, 0x9CFF, 0x9CFF, 0x9CFF, 0x9CFF, 
    0x9CFF, 0x9CFF, 0x9CFF, 0x9CFF, 0x9CFF, 0x9CFF, 0x9CFF, 0x9CFF, 0x7DFF, 0x9CFF, 0x9BFF, 0xBDFF, 
    0x59BE, 0xF574, 0xDCB6, 0x1DBF, 0xFDBE, 0xFDBE, 0xFDBE, 0xFDBE, 0xFDBE, 0xFDBE, 0xFDBE, 0xFDBE, 
    0xFDBE, 0xFDBE, 0xFDBE, 0xFDBE, 0xFDBE, 0xFDBE, 0xFDBE, 0xFDBE, 0xFDBE, 0xFDBE, 0xFDBE, 0xFDBE, 
    0xFDBE, 0xFDBE, 
    0xFDBE, 0xFDBE, 0xFDBE, 0xFDBE, 0xFDBE, 0xFDBE, 0xFDBE, 0xFDBE, 0xFDBE, 0xFDBE, 
    0xFDBE, 0xFDBE, 0xFDBE, 0xFDBE, 0xFDBE, 0xFDBE, 0xFDBE, 0xFDBE, 0xFDBE, 0xFDBE, 0xFDBE, 0x1EBF, 
    0x3B9E, 0xF57C, 0x1BE7, 0xBDFF, 0x7CFF, 0x9CFF, 0x9CFF, 0x9CFF, 0x9CFF, 0x9CFF, 0x9CFF, 0x9CFF, 
    0x9CFF, 0x9CFF, 0x9CFF, 0x9CFF, 0x9CFF, 0x9CFF, 0x9CFF, 0x9CFF, 0x9CFF, 0x9CFF, 0x9CFF, 0x9CFF, 
    0x9CFF, 0x9CFF, 0x7CFF, 0xDCFF, 0xF8A5, 0xD00A, 0xEF1A, 0x1013, 0x1013, 0xF012, 0xF012, 0xF012, 
    0xF012, 0xF012, 0xF012, 0xF012, 0xF012, 0xF012, 0xF012, 0xF012, 0xF012, 0xF012, 0xF012, 0xF012, 
    0xF012, 0xF012, 0xF012, 0xF012, 0xF012, 0xF012, 0xF012, 0xF012, 0xF012, 0xF012, 0xF012, 0xF012, 
    0xF012, 0xF012, 0xF012, 0xF012, 0xF012, 0xF012, 0xF012, 0xF012, 0xF012, 0xF012, 0xF012, 0xF012, 
    0xF012, 0xF012, 0xF012, 0xF012, 0xF012, 0xF012, 0xF012, 0xF012, 0xF012, 0x1013, 0xF012, 0x1113, 
    0x99CE, 0xBCFF, 0x9CFF, 0x9CFF, 0x9CFF, 0x9CFF, 0x9CFF, 0x9CFF, 0x9CFF, 0x9CFF, 0x9CFF, 0x9CFF, 
    0x9CFF, 0x9CFF, 0x9CFF, 0x9CFF, 0x9CFF, 0x9CFF, 0x9CFF, 0x9CFF, 0x9CFF, 0x9CFF, 0x9CFF, 0x9CFF, 
    0x9CFF, 0x9CFF, 0x9CFF, 0x9CFF, 0x9CFF, 0x9CFF, 0x9CFF, 0x9CFF, 0x9CFF, 0x9CFF, 0x9CFF, 0x9CFF, 
    0x9CFF, 0x9CFF, 0x9CFF, 0x9CFF, 0x9CFF, 0x9CFF, 0x9CFF, 0x9CFF, 0x9CFF, 0x9CFF, 0x9CFF, 0x9CFF, 
    0x9CFF, 0x9CFF, 0x9CFF, 0x9CFF, 0x9CFF, 0x9CFF, 0x9CFF, 0x9CFF, 0x9CFF, 0x9CFF, 0x9CFF, 0xBCFF, 
    0x1BE7, 0x712B, 0xCF12, 0x1013, 0x1013, 0xF012, 0xF012, 0x1013, 0x1013, 0xF012, 0xF012, 0xF012, 
    0xF012, 0xF012, 0xF012, 0xF012, 0xF012, 0xF012, 0xF012, 0xF012, 0xF012, 0xF012, 0xF012, 0xF012, 
    0xF012, 0xF012, 0xF012, 0xF012, 0xF012, 0xF012, 0xF012, 0xF012, 0xF012, 0xF012, 0xF012, 0xF012, 
    0xF012, 0xF012, 0xF012, 0xF012, 0xF012, 0xF012, 0xF012, 0xF012, 0xF012, 0xF012, 0xF012, 0xF012, 
    0xF012, 0xF012, 0xF012, 0x1013, 0x1013, 0xF012, 0x101B, 0xCF0A, 0xD57C, 0xBDFF, 0x9CFF, 0x9CFF, 
    0x9DFF, 0x9CFF, 0x9BFF, 0x9CFF, 0x9CFF, 0x9CFF, 0x9CFF, 0x9CFF, 0x9CFF, 0x9CFF, 0x9CFF, 0x9CFF, 
    0x9CFF, 0x9CFF, 0x9CFF, 0x9CFF, 0x9CFF, 0x9CFF, 0x9CFF, 0x9CFF, 0x9CFF, 0x9CFF, 0x7DFF, 0x9CFF, 
    0x9BFF, 0xBDFF, 0x59BE, 0xF574, 0xDCB6, 0x1DBF, 0xFDBE, 0xFDBE, 0xFDBE, 0xFDBE, 0xFDBE, 0xFDBE, 
    0xFDBE, 0xFDBE, 0xFDBE, 0xFDBE, 0xFDBE, 0xFDBE, 0xFDBE, 0xFDBE, 0xFDBE, 0xFDBE, 0xFDBE, 0xFDBE, 
    0xFDBE, 0xFDBE, 0xFDBE, 0xFDBE, 
    0xFDBE, 0xFDBE, 0xFDBE, 0xFDBE, 0xFDBE, 0xFDBE, 0xFDBE, 0xFDBE, 
    0xFDBE, 0xFDBE, 0xFDBE, 0xFDBE, 0xFDBE, 0xFDBE, 0xFDBE, 0xFDBE, 0xFDBE, 0xFDBE, 0xFDBE, 0xFDBE, 
    0xFDBE, 0x1EBF, 0x3B9E, 0xF57C, 0x1BE7, 0xBDFF, 0x7CFF, 0x9CFF, 0x9CFF, 0x9CFF, 0x9CFF, 0x9CFF, 
    0x9CFF, 0x9CFF, 0x9CFF, 0x9CFF, 0x9CFF, 0x9CFF, 0x9CFF, 0x9CFF, 0x9CFF, 0x9CFF, 0x9CFF, 0x9CFF, 
    0x9CFF, 0x9CFF, 0x9CFF, 0x9CFF, 0x7CFF, 0xDCFF, 0xF8A5, 0xD00A, 0xEF1A, 0x1013, 0x1013, 0xF012, 
    0xF012, 0xF012, 0xF012, 0xF012, 0xF012, 0xF012, 0xF012, 0xF012, 0xF012, 0xF012, 0xF012, 0xF012, 
    0xF012, 0xF012, 0xF012, 0xF012, 0xF012, 0xF012, 0xF012, 0xF012, 0xF012, 0xF012, 0xF012, 0xF012, 
    0xF012, 0xF012, 0xF012, 0xF012, 0xF012, 0xF012, 0xF012, 0xF012, 0xF012, 0xF012, 0xF012, 0xF012, 
    0xF012, 0xF012, 0xF012, 0xF012, 0xF012, 0xF012, 0xF012, 0xF012, 0xF012, 0xF012, 0xF012, 0x1013, 
    0xF012, 0x1113, 0x99CE, 0xBCFF, 0x9CFF, 0x9CFF, 0x9CFF, 0x9CFF, 0x9CFF, 0x9CFF, 0x9CFF, 0x9CFF, 
    0x9CFF, 0x9CFF, 0x9CFF, 0x9CFF, 0x9CFF, 0x9CFF, 0x9CFF, 0x9CFF, 0x9CFF, 0x9CFF, 0x9CFF, 0x9CFF, 
    0x9CFF, 0x9CFF, 0x9CFF, 0x9CFF, 0x9CFF, 0x9CFF, 0x9CFF, 0x9CFF, 0x9CFF, 0x9CFF, 0x9CFF, 0x9CFF, 
    0x9CFF, 0x9CFF, 0x9CFF, 0x9CFF, 0x9CFF, 0x9CFF, 0x9CFF, 0x9CFF, 0x9CFF, 0x9CFF, 0x9CFF, 0x9CFF, 
    0x9CFF, 0x9CFF, 0x9CFF, 0x9CFF, 0x9CFF, 0x9CFF, 0x9CFF, 0x9CFF, 0x9CFF, 0x9CFF, 0x9CFF, 0x9CFF, 
    0x9CFF, 0xBCFF, 0x1BE7, 0x712B, 0xCF12, 0x1013, 0x1013, 0xF012, 0xF012, 0x1013, 0x1013, 0xF012, 
    0xF012, 0xF012, 0xF012, 0xF012, 0xF012, 0xF012, 0xF012, 0xF012, 0xF012, 0xF012, 0xF012, 0xF012, 
    0xF012, 0xF012, 0xF012, 0xF012, 0xF012, 0xF012, 0xF012, 0xF012, 0xF012, 0xF012, 0xF012, 0xF012, 
    0xF012, 0xF012, 0xF012, 0xF012, 0xF012, 0xF012, 0xF012, 0xF012, 0xF012, 0xF012, 0xF012, 0xF012, 
    0xF012, 0xF012, 0xF012, 0xF012, 0xF012, 0x1013, 0x1013, 0xF012, 0x101B, 0xCF0A, 0xD57C, 0xBDFF, 
    0x9CFF, 0x9CFF, 0x9DFF, 0x9CFF, 0x9BFF, 0x9CFF, 0x9CFF, 0x9CFF, 0x9CFF, 0x9CFF, 0x9CFF, 0x9CFF, 
    0x9CFF, 0x9CFF, 0x9CFF, 0x9CFF, 0x9CFF, 0x9CFF, 0x9CFF, 0x9CFF, 0x9CFF, 0x9CFF, 0x9CFF, 0x9CFF, 
    0x7DFF, 0x9CFF, 0x9BFF, 0xBDFF, 0x59BE, 0xF574, 0xDCB6, 0x1DBF, 0xFDBE, 0xFDBE, 0xFDBE, 0xFDBE, 
    0xFDBE, 0xFDBE, 0xFDBE, 0xFDBE, 0xFDBE, 0xFDBE, 0xFDBE, 0xFDBE, 0xFDBE, 0xFDBE, 0xFDBE, 0xFDBE, 
    0xFDBE, 0xFDBE, 0xFDBE, 0xFDBE, 0xFDBE, 0xFDBE, 
    0xFDBE, 0xFDBE, 0xFDBE, 0xFDBE, 0xFDBE, 0xFDBE, 
    0xFDBE, 0xFDBE, 0xFDBE, 0xFDBE, 0xFDBE, 0xFDBE, 0xFDBE, 0xFDBE, 0xFDBE, 0xFDBE, 0xFDBE, 0xFDBE, 
    0xFDBE, 0xFDBE, 0xFDBE, 0x1EBF, 0x5B9E, 0xF57C, 0x1BE7, 0xBDFF, 0x7CFF, 0x9CFF, 0x9CFF, 0x7CFF, 
    0x9CFF, 0x9CFF, 0x9CFF, 0x9CFF, 0x9CFF, 0x9CFF, 0x9CFF, 0x9CFF, 0x9CFF, 0x9CFF, 0x9CFF, 0x9CFF, 
    0x9CFF, 0x9CFF, 0x9CFF, 0x9CFF, 0x9CFF, 0x9CFF, 0x9CFF, 0xDCFF, 0xF7AD, 0xCF12, 0xF012, 0xEF1A, 
    0xEF1A, 0xF012, 0xF012, 0xF012, 0xF012, 0xF012, 0xF012, 0xF012, 0x1013, 0xF012, 0xF012, 0xF012, 
    0xEF12, 0xF012, 0xF01A, 0xF01A, 0xF01A, 0xF012, 0x1013, 0x1013, 0x1013, 0x1013, 0x1013, 0x1013, 
    0x1013, 0x1013, 0x1013, 0x1013, 0x1013, 0x1013, 0x1013, 0x1013, 0x1013, 0x1013, 0x1013, 0x1013, 
    0x1013, 0x1013, 0x1013, 0x1013, 0x1013, 0x1013, 0x1013, 0x1013, 0x1013, 0x1013, 0x1013, 0x1013, 
    0x1013, 0x1013, 0xF012, 0x1013, 0x9ACE, 0xBDFF, 0x9DFF, 0x9BFF, 0x9CFF, 0x9CFF, 0x9CFF, 0x9CFF, 
    0x9CFF, 0x9CFF, 0x9CFF, 0x9CFF, 0x9CFF, 0x9CFF, 0x9CFF, 0x9CFF, 0x9CFF, 0x9CFF, 0x9CFF, 0x9CFF, 
    0x9CFF, 0x9CFF, 0x9CFF, 0x9CFF, 0x9CFF, 0x9CFF, 0x9CFF, 0x9CFF, 0x9CFF, 0x9CFF, 0x9CFF, 0x9CFF, 
    0x9CFF, 0x9CFF, 0x9CFF, 0x9CFF, 0x9CFF, 0x9CFF, 0x9CFF, 0x9CFF, 0x9CFF, 0x9CFF, 0x9CFF, 0x9CFF, 
    0x9CFF, 0x9CFF, 0x9CFF, 0x9CFF, 0x9CFF, 0x9CFF, 0x9CFF, 0x9CFF, 0x9CFF, 0x9CFF, 0x9CFF, 0x9CFF, 
    0x9CFF, 0x9CFF, 0x9CFF, 0xBCFF, 0x1BE7, 0x5233, 0xF112, 0x1013, 0xF012, 0xF112, 0xD01A, 0x1013, 
    0x100B, 0x1013, 0x1013, 0x1013, 0x1013, 0x1013, 0x1013, 0x1013, 0xEF12, 0xEF1A, 0xEF12, 0x0F13, 
    0x0F13, 0x0F13, 0x0F13, 0x0F13, 0x0F13, 0x0F13, 0x0F13, 0x0F13, 0xF012, 0xF012, 0xF012, 0xF012, 
    0xF012, 0x1013, 0x1013, 0x1013, 0x1013, 0x1013, 0x1013, 0x1013, 0x1013, 0x1013, 0xF01A, 0xD11A, 
    0x1013, 0x1013, 0x1113, 0xF11A, 0x1013, 0x1013, 0x1013, 0x1013, 0x1013, 0x1013, 0x101B, 0xF00A, 
    0xD47C, 0xBDFF, 0x9CFF, 0x9CFF, 0x9CFF, 0x9CFF, 0x9CFF, 0x9CFF, 0x9CFF, 0x9CFF, 0x9CFF, 0x9CFF, 
    0x9CFF, 0x9CFF, 0x9CFF, 0x9CFF, 0x9CFF, 0x9CFF, 0x9CFF, 0x9CFF, 0x9CFF, 0x9CFF, 0x9CFF, 0x9CFF, 
    0x9CFF, 0x9CFF, 0x7DFF, 0x9CFF, 0x9BFF, 0xBDFF, 0x59BE, 0xF574, 0xDCB6, 0x1DBF, 0xFDBE, 0xFDBE, 
    0xFDBE, 0xFDBE, 0xFDBE, 0xFDBE, 0xFDBE, 0xFDBE, 0xFDBE, 0xFDBE, 0xFDBE, 0xFDBE, 0xFDBE, 0xFDBE, 
    0xFDBE, 0xFDBE, 0xFDBE, 0xFDBE, 0xFDBE, 0xFDBE, 0xFDBE, 0xFDBE, 
    0xFDBE, 0xFDBE, 0xFDBE, 0xFDBE, 
    0xFDBE, 0xFDBE, 0xFDBE, 0xFDBE, 0xFDBE, 0xFDBE, 0xFDBE, 0xFDBE, 0xFDBE, 0xFDBE, 0xFDBE, 0xFDBE, 
    0xFDBE, 0xFDBE, 0xFDBE, 0xFDBE, 0xFDBE, 0x1EBF, 0x5B9E, 0xF57C, 0x1BE7, 0xBDFF, 0x7CFF, 0x9CFF, 
    0x9CFF, 0x7CFF, 0x9CFF, 0x9CFF, 0x9CFF, 0x9CFF, 0x9CFF, 0x9CFF, 0x9CFF, 0x9CFF, 0x9CFF, 0x9CFF, 
    0x9CFF, 0x9CFF, 0x9CFF, 0x9CFF, 0x9CFF, 0x9CFF, 0x9CFF, 0x9DFF, 0x7CFF, 0xDCFF, 0xF8AD, 0xF012, 
    0x320B, 0x1013, 0x1013, 0x1113, 0x1013, 0x1013, 0x1013, 0x1013, 0x1013, 0x1013, 0x1013, 0x101B, 
    0x1013, 0x1013, 0x1013, 0xF012, 0xF01A, 0xF012, 0xF012, 0x1013, 0xF012, 0xF012, 0xF012, 0xF012, 
    0xF012, 0xF012, 0xF012, 0xF012, 0xF012, 0xF012, 0xF012, 0xF012, 0xF012, 0xF012, 0xF012, 0xF012, 
    0xF012, 0xF012, 0xF012, 0xF012, 0xF012, 0xF012, 0xF012, 0xF012, 0xF012, 0xF012, 0xF012, 0xF012, 
    0xF012, 0xF012, 0xF012, 0xF012, 0xF012, 0x101B, 0x9BCE, 0xBDFF, 0x9DFF, 0x9BFF, 0x9CFF, 0x9DFF, 
    0x9CFF, 0x9CFF, 0x9CFF, 0x9CFF, 0x9CFF, 0x9CFF, 0x9CFF, 0x9CFF, 0x9CFF, 0x9CFF, 0x9CFF, 0x9CFF, 
    0x9CFF, 0x9CFF, 0x9CFF, 0x9CFF, 0x9CFF, 0x9CFF, 0x9CFF, 0x9CFF, 0x9CFF, 0x9CFF, 0x9CFF, 0x9CFF, 
    0x9CFF, 0x9CFF, 0x9CFF, 0x9CFF, 0x9CFF, 0x9CFF, 0x9CFF, 0x9CFF, 0x9CFF, 0x9CFF, 0x9CFF, 0x9CFF, 
    0x9CFF, 0x9CFF, 0x9CFF, 0x9CFF, 0x9CFF, 0x9CFF, 0x9CFF, 0x9CFF, 0x9CFF, 0x9CFF, 0x9CFF, 0x9CFF, 
    0x9CFF, 0x9CFF, 0x9CFF, 0x9CFF, 0x9CFF, 0xBCFF, 0x1BE7, 0x1023, 0xAE0A, 0xCE0A, 0xCF12, 0x110B, 
    0xD01A, 0x0F13, 0x1013, 0xF012, 0xF012, 0xF012, 0xF012, 0xF012, 0xF012, 0xEF12, 0xF012, 0xF112, 
    0x1113, 0x110B, 0x1013, 0xF012, 0xF012, 0xF012, 0xF012, 0xF012, 0xF012, 0xF012, 0xF012, 0x1013, 
    0x1013, 0x1013, 0x1013, 0xF012, 0xF012, 0xF012, 0xF012, 0xF012, 0xF012, 0xF012, 0xF012, 0x1013, 
    0xEF1A, 0xF11A, 0xEF12, 0xED0A, 0xCF0A, 0xAE12, 0xCF0A, 0xCF0A, 0xCF0A, 0xAF0A, 0xAF0A, 0xCF0A, 
    0xCF0A, 0x8F02, 0xB374, 0xDDFF, 0x9DFF, 0x7CFF, 0x9CFF, 0x9CFF, 0x9CFF, 0x9CFF, 0x9CFF, 0x9CFF, 
    0x9CFF, 0x9CFF, 0x9CFF, 0x9CFF, 0x9CFF, 0x9CFF, 0x9CFF, 0x9CFF, 0x9CFF, 0x9CFF, 0x9CFF, 0x9CFF, 
    0x9CFF, 0x9CFF, 0x9CFF, 0x9CFF, 0x7DFF, 0x9CFF, 0x9BFF, 0xBDFF, 0x59BE, 0xF574, 0xDCB6, 0x1DBF, 
    0xFDBE, 0xFDBE, 0xFDBE, 0xFDBE, 0xFDBE, 0xFDBE, 0xFDBE, 0xFDBE, 0xFDBE, 0xFDBE, 0xFDBE, 0xFDBE, 
    0xFDBE, 0xFDBE, 0xFDBE, 0xFDBE, 0xFDBE, 0xFDBE, 0xFDBE, 0xFDBE, 0xFDBE, 0xFDBE, 
    0xFDBE, 0xFDBE, 
    0xFDBE, 0xFDBE, 0xFDBE, 0xFDBE, 0xFDBE, 0xFDBE, 0xFDBE, 0xFDBE, 0xFDBE, 0xFDBE, 0xFDBE, 0xFDBE, 
    0xFDBE, 0xFDBE, 0xFDBE, 0xFDBE, 0xFDBE, 0xFDBE, 0xFDBE, 0x1EBF, 0x5B9E, 0xF57C, 0x1BE7, 0xBDFF, 
    0x7CFF, 0x9CFF, 0x9CFF, 0x7CFF, 0x9CFF, 0x9CFF, 0x9CFF, 0x9CFF, 0x9CFF, 0x9CFF, 0x9CFF, 0x9CFF, 
    0x9CFF, 0x9CFF, 0x9CFF, 0x9CFF, 0x9CFF, 0x9CFF, 0x9CFF, 0x9CFF, 0x9CFF, 0x9DFF, 0x7DFF, 0xDDFF, 
    0xD7A5, 0x8E0A, 0xF00A, 0xCF0A, 0xCF0A, 0xD002, 0xCF0A, 0xCF0A, 0xCF0A, 0xCF0A, 0xCF0A, 0xCF0A, 
    0xCF0A, 0xCF0A, 0xCE0A, 0xEF0A, 0x1013, 0xF012, 0xF01A, 0x0F13, 0x2F13, 0x1013, 0xF01A, 0xF01A, 
    0xF01A, 0xF01A, 0xF01A, 0xF01A, 0xF01A, 0xF01A, 0xF01A, 0xF01A, 0xF01A, 0xF01A, 0xF01A, 0xF01A, 
    0xF01A, 0xF01A, 0xF01A, 0xF01A, 0xF01A, 0xF01A, 0xF01A, 0xF01A, 0xF01A, 0xF01A, 0xF01A, 0xF01A, 
    0xF01A, 0xF01A, 0xF01A, 0xF01A, 0xF01A, 0xF01A, 0xF012, 0xEF1A, 0x79CE, 0xBDFF, 0x9CFF, 0x9BFF, 
    0x9CFF, 0x9CFF, 0x9CFF, 0x9CFF, 0x9CFF, 0x9CFF, 0x9CFF, 0x9CFF, 0x9CFF, 0x9CFF, 0x9CFF, 0x9CFF, 
    0x9CFF, 0x9CFF, 0x9CFF, 0x9CFF, 0x9CFF, 0x9CFF, 0x9CFF, 0x9CFF, 0x9CFF, 0x9CFF, 0x9CFF, 0x9CFF, 
    0x9CFF, 0x9CFF, 0x9CFF, 0x9CFF, 0x9CFF, 0x9CFF, 0x9CFF, 0x9CFF, 0x9CFF, 0x9CFF, 0x9CFF, 0x9CFF, 
    0x9CFF, 0x9CFF, 0x9CFF, 0x9CFF, 0x9CFF, 0x9CFF, 0x9CFF, 0x9CFF, 0x9CFF, 0x9CFF, 0x9CFF, 0x9CFF, 
    0x9CFF, 0x9CFF, 0x9CFF, 0x9CFF, 0x9CFF, 0x9CFF, 0x9CFF, 0xBCFF, 0x3BE7, 0xB36C, 0x9364, 0x936C, 
    0x3354, 0xB32B, 0x9233, 0xB233, 0x9333, 0xB333, 0xB333, 0xB333, 0xB333, 0xB333, 0xB333, 0xB333, 
    0xB233, 0x9233, 0xB233, 0xB233, 0x9333, 0x933B, 0x933B, 0x9333, 0x9333, 0x9333, 0x9333, 0xB333, 
    0xB333, 0xB233, 0xB233, 0xB133, 0xB233, 0xB333, 0xB333, 0xB333, 0xB333, 0xB333, 0xB333, 0xB333, 
    0x9333, 0x9333, 0xB233, 0x932B, 0xF243, 0x9364, 0x9464, 0x936C, 0x9464, 0x746C, 0x746C, 0x746C, 
    0x746C, 0x746C, 0x946C, 0x5464, 0x96A5, 0xBDFF, 0x9CFF, 0x9CFF, 0x9CFF, 0x9CFF, 0x9CFF, 0x9CFF, 
    0x9CFF, 0x9CFF, 0x9CFF, 0x9CFF, 0x9CFF, 0x9CFF, 0x9CFF, 0x9CFF, 0x9CFF, 0x9CFF, 0x9CFF, 0x9CFF, 
    0x9CFF, 0x9CFF, 0x9CFF, 0x9CFF, 0x9CFF, 0x9CFF, 0x7DFF, 0x9CFF, 0x9BFF, 0xBDFF, 0x59BE, 0xF574, 
    0xDCB6, 0x1DBF, 0xFDBE, 0xFDBE, 0xFDBE, 0xFDBE, 0xFDBE, 0xFDBE, 0xFDBE, 0xFDBE, 0xFDBE, 0xFDBE, 
    0xFDBE, 0xFDBE, 0xFDBE, 0xFDBE, 0xFDBE, 0xFDBE, 0xFDBE, 0xFDBE, 0xFDBE, 0xFDBE, 0xFDBE, 0xFDBE, 
    
    0xFDBE, 0xFDBE, 0xFDBE, 0xFDBE, 0xFDBE, 0xFDBE, 0xFDBE, 0xFDBE, 0xFDBE, 0xFDBE, 0xFDBE, 0xFDBE, 
    0xFDBE, 0xFDBE, 0xFDBE, 0xFDBE, 0xFDBE, 0xFDBE, 0xFDBE, 0xFDBE, 0xFDBE, 0x1EBF, 0x5B9E, 0xF57C, 
    0x1BE7, 0xBDFF, 0x7CFF, 0x9CFF, 0x9CFF, 0x7CFF, 0x9CFF, 0x9CFF, 0x9CFF, 0x9CFF, 0x9CFF, 0x9CFF, 
    0x9CFF, 0x9CFF, 0x9CFF, 0x9CFF, 0x9CFF, 0x9CFF, 0x9CFF, 0x9CFF, 0x9CFF, 0x9CFF, 0x9CFF, 0x9CFF, 
    0x9CFF, 0xBCFF, 0x58C6, 0x7364, 0x946C, 0x9374, 0x9474, 0x946C, 0x956C, 0x956C, 0x956C, 0x956C, 
    0x956C, 0x956C, 0x956C, 0x946C, 0x9474, 0x3454, 0x932B, 0xB333, 0xB233, 0xB333, 0xB233, 0xB233, 
    0xB333, 0xB333, 0xB333, 0xB333, 0xB333, 0xB333, 0xB333, 0xB333, 0xB333, 0xB333, 0xB333, 0xB333, 
    0xB333, 0xB333, 0xB333, 0xB333, 0xB333, 0xB333, 0xB333, 0xB333, 0xB333, 0xB333, 0xB333, 0xB333, 
    0xB333, 0xB333, 0xB333, 0xB333, 0xB333, 0xB333, 0xB333, 0xB233, 0xB32B, 0xF23B, 0xDADE, 0xBCFF, 
    0x9CFF, 0x9BFF, 0x9CFF, 0x9CFF, 0x9CFF, 0x9CFF, 0x9CFF, 0x9CFF, 0x9CFF, 0x9CFF, 0x9CFF, 0x9CFF, 
    0x9CFF, 0x9CFF, 0x9CFF, 0x9CFF, 0x9CFF, 0x9CFF, 0x9CFF, 0x9CFF, 0x9CFF, 0x9CFF, 0x9CFF, 0x9CFF, 
    0x9CFF, 0x9CFF, 0x9CFF, 0x9CFF, 0x9CFF, 0x9CFF, 0x9CFF, 0x9CFF, 0x9CFF, 0x9CFF, 0x9CFF, 0x9CFF, 
    0x9CFF, 0x9CFF, 0x9CFF, 0x9CFF, 0x9CFF, 0x9CFF, 0x9CFF, 0x9CFF, 0x9CFF, 0x9CFF, 0x9CFF, 0x9CFF, 
    0x9CFF, 0x9CFF, 0x9CFF, 0x9CFF, 0x9CFF, 0x9CFF, 0x9CFF, 0x9CFF, 0x9CFF, 0x9CFF, 0x9CFF, 0xBEFF, 
    0x9EFF, 0xFFFF, 0x779D, 0xCF12, 0x101B, 0x0F1B, 0xF01A, 0xF01A, 0xF01A, 0xF01A, 0xF01A, 0xF01A, 
    0xF01A, 0xF01A, 0xF01A, 0x0F1B, 0x0F1B, 0x0F1B, 0xF01A, 0xF01A, 0xF01A, 0x101B, 0x101B, 0x101B, 
    0x1013, 0x1013, 0x1113, 0x111B, 0xF01A, 0xF01A, 0xF01A, 0xF01A, 0xF01A, 0xF01A, 0xF01A, 0xF01A, 
    0xF01A, 0xF01A, 0xF022, 0xF01A, 0x101B, 0xAF12, 0x9474, 0xDFFF, 0x9FFF, 0x9EFF, 0xBEFF, 0xBDFF, 
    0xBDFF, 0xBDFF, 0xBDFF, 0xBDFF, 0xBDFF, 0xBDFF, 0xBDFF, 0x9CFF, 0x9CFF, 0x9CFF, 0x9CFF, 0x9CFF, 
    0x9CFF, 0x9DFF, 0x9CFF, 0x9CFF, 0x9CFF, 0x9CFF, 0x9CFF, 0x9CFF, 0x9CFF, 0x9CFF, 0x9CFF, 0x9CFF, 
    0x9CFF, 0x9CFF, 0x9CFF, 0x9CFF, 0x9CFF, 0x9CFF, 0x9CFF, 0x9CFF, 0x7DFF, 0x9CFF, 0x9BFF, 0xBDFF, 
    0x59BE, 0xF574, 0xDCB6, 0x1DBF, 0xFDBE, 0xFDBE, 0xFDBE, 0xFDBE, 0xFDBE, 0xFDBE, 0xFDBE, 0xFDBE, 
    0xFDBE, 0xFDBE, 0xFDBE, 0xFDBE, 0xFDBE, 0xFDBE, 0xFDBE, 0xFDBE, 0xFDBE, 0xFDBE, 0xFDBE, 0xFDBE, 
    0xFDBE, 0xFDBE, 
    0xFDBE, 0xFDBE, 0xFDBE, 0xFDBE, 0xFDBE, 0xFDBE, 0xFDBE, 0xFDBE, 0xFDBE, 0xFDBE, 
    0xFDBE, 0xFDBE, 0xFDBE, 0xFDBE, 0xFDBE, 0xFDBE, 0xFDBE, 0xFDBE, 0xFDBE, 0xFDBE, 0xFDBE, 0x1EBF, 
    0x5B9E, 0xF57C, 0x1BE7, 0xBDFF, 0x7CFF, 0x9CFF, 0x9CFF, 0x7CFF, 0x9CFF, 0x9CFF, 0x9CFF, 0x9CFF, 
    0x9CFF, 0x9CFF, 0x9CFF, 0x9CFF, 0x9CFF, 0x9CFF, 0x9CFF, 0x9CFF, 0x9CFF, 0x9CFF, 0x9CFF, 0x9CFF, 
    0x9CFF, 0x9CFF, 0x9BFF, 0x9BFF, 0xBCFF, 0xDEF7, 0xDEFF, 0xBEFF, 0xBEFF, 0xBEFF, 0xBDFF, 0xBDFF, 
    0xBDFF, 0xBDFF, 0xBDFF, 0xBDFF, 0xBDFF, 0xBEFF, 0xFFFF, 0x9795, 0x8F0A, 0x0F1B, 0xEF1A, 0xF01A, 
    0xF01A, 0xF01A, 0x101B, 0xF01A, 0xF01A, 0xF01A, 0xF01A, 0xF01A, 0xF01A, 0xF01A, 0xF01A, 0xF01A, 
    0xF01A, 0xF01A, 0xF01A, 0xF01A, 0xF01A, 0xF01A, 0xF01A, 0xF01A, 0xF01A, 0xF01A, 0xF01A, 0xF01A, 
    0xF01A, 0xF01A, 0xF01A, 0xF01A, 0xF01A, 0xF01A, 0xF01A, 0xF01A, 0xF01A, 0x101B, 0xAF12, 0x945C, 
    0xDEFF, 0x7CFF, 0x9CFF, 0x9CFF, 0x9CFF, 0x9CFF, 0x9CFF, 0x9CFF, 0x9CFF, 0x9CFF, 0x9CFF, 0x9CFF, 
    0x9CFF, 0x9CFF, 0x9CFF, 0x9CFF, 0x9CFF, 0x9CFF, 0x9CFF, 0x9CFF, 0x9CFF, 0x9CFF, 0x9CFF, 0x9CFF, 
    0x9CFF, 0x9CFF, 0x9CFF, 0x9CFF, 0x9CFF, 0x9CFF, 0x9CFF, 0x9CFF, 0x9CFF, 0x9CFF, 0x9CFF, 0x9CFF, 
    0x9CFF, 0x9CFF, 0x9CFF, 0x9CFF, 0x9CFF, 0x9CFF, 0x9CFF, 0x9CFF, 0x9CFF, 0x9CFF, 0x9CFF, 0x9CFF, 
    0x9CFF, 0x9CFF, 0x9CFF, 0x9CFF, 0x9CFF, 0x9CFF, 0x9CFF, 0x9CFF, 0x9CFF, 0x9CFF, 0x9CFF, 0x9CFF, 
    0x9CFF, 0x9CFF, 0x7CFF, 0xBEFF, 0x769D, 0xEE02, 0x300B, 0x2F0B, 0xF012, 0xF012, 0xF012, 0xF012, 
    0xF012, 0xF012, 0xF012, 0xF012, 0xF012, 0x110B, 0x110B, 0x100B, 0xF012, 0x1013, 0x0F13, 0x0F13, 
    0x0F13, 0xEF1A, 0xF01A, 0xF012, 0x1013, 0x1013, 0xF012, 0xF012, 0xF012, 0xF012, 0xF012, 0xF012, 
    0xF012, 0xF012, 0xF012, 0xF012, 0xF012, 0x100B, 0x300B, 0xCF02, 0x936C, 0x9DFF, 0x7DFF, 0x7CFF, 
    0x9CFF, 0x9CFF, 0x9CFF, 0x9CFF, 0x9CFF, 0x9CFF, 0x9CFF, 0x9CFF, 0x9CFF, 0x9CFF, 0x9CFF, 0x9CFF, 
    0x9CFF, 0x9CFF, 0x9CFF, 0x9DFF, 0x9CFF, 0x9CFF, 0x9CFF, 0x9CFF, 0x9CFF, 0x9CFF, 0x9CFF, 0x9CFF, 
    0x9CFF, 0x9CFF, 0x9CFF, 0x9CFF, 0x9CFF, 0x9CFF, 0x9CFF, 0x9CFF, 0x9CFF, 0x9CFF, 0x7DFF, 0x9CFF, 
    0x9BFF, 0xBDFF, 0x59BE, 0xF574, 0xDCB6, 0x1DBF, 0xFDBE, 0xFDBE, 0xFDBE, 0xFDBE, 0xFDBE, 0xFDBE, 
    0xFDBE, 0xFDBE, 0xFDBE, 0xFDBE, 0xFDBE, 0xFDBE, 0xFDBE, 0xFDBE, 0xFDBE, 0xFDBE, 0xFDBE, 0xFDBE, 
    0xFDBE, 0xFDBE, 0xFDBE, 0xFDBE, 
    0xFDBE, 0xFDBE, 0xFDBE, 0xFDBE, 0xFDBE, 0xFDBE, 0xFDBE, 0xFDBE, 
    0xFDBE, 0xFDBE, 0xFDBE, 0xFDBE, 0xFDBE, 0xFDBE, 0xFDBE, 0xFDBE, 0xFDBE, 0xFDBE, 0xFDBE, 0xFDBE, 
    0xFDBE, 0x1EBF, 0x5B9E, 0xF57C, 0x1BE7, 0xBDFF, 0x7CFF, 0x9CFF, 0x9CFF, 0x7CFF, 0x9CFF, 0x9CFF, 
    0x9CFF, 0x9CFF, 0x9CFF, 0x9CFF, 0x9CFF, 0x9CFF, 0x9CFF, 0x9CFF, 0x9CFF, 0x9CFF, 0x9CFF, 0x9CFF, 
    0x9CFF, 0x9CFF, 0x9CFF, 0x9CFF, 0x7CFF, 0x7CFF, 0x9CFF, 0x9DFF, 0x9CFF, 0x9CFF, 0x9CFF, 0x9BFF, 
    0x9BFF, 0x9BFF, 0x9BFF, 0x9BFF, 0x9BFF, 0x9BFF, 0x9BFF, 0x7CFF, 0xBDFF, 0x9595, 0xAF02, 0x2F13, 
    0x0F0B, 0xF112, 0xF012, 0xF01A, 0x1013, 0x1013, 0x1013, 0x1013, 0x1013, 0x1013, 0x1013, 0x1013, 
    0x1013, 0x1013, 0x1013, 0x1013, 0x1013, 0x1013, 0x1013, 0x1013, 0x1013, 0x1013, 0x1013, 0x1013, 
    0x1013, 0x1013, 0x1013, 0x1013, 0x1013, 0x1013, 0x1013, 0x1013, 0x1013, 0x1013, 0x1013, 0x0F1B, 
    0xAF0A, 0x735C, 0xDDFF, 0x7CFF, 0x9CFF, 0xBCFF, 0x9CFF, 0x9CFF, 0x9CFF, 0x9CFF, 0x9CFF, 0x9CFF, 
    0x9CFF, 0x9CFF, 0x9CFF, 0x9CFF, 0x9CFF, 0x9CFF, 0x9CFF, 0x9CFF, 0x9CFF, 0x9CFF, 0x9CFF, 0x9CFF, 
    0x9CFF, 0x9CFF, 0x9CFF, 0x9CFF, 0x9CFF, 0x9CFF, 0x9CFF, 0x9CFF, 0x9CFF, 0x9CFF, 0x9CFF, 0x9CFF, 
    0x9CFF, 0x9CFF, 0x9CFF, 0x9CFF, 0x9CFF, 0x9CFF, 0x9CFF, 0x9CFF, 0x9CFF, 0x9CFF, 0x9CFF, 0x9CFF, 
    0x9CFF, 0x9CFF, 0x9CFF, 0x9CFF, 0x9CFF, 0x9CFF, 0x9CFF, 0x9CFF, 0x9CFF, 0x9CFF, 0x9CFF, 0x9CFF, 
    0x9CFF, 0x9CFF, 0x9CFF, 0xBBFF, 0x9CFF, 0xDDFF, 0x769D, 0xCF0A, 0x310B, 0x1013, 0xF01A, 0xF012, 
    0xF012, 0xF012, 0xF012, 0xF012, 0xF012, 0xF012, 0xF012, 0xEF1A, 0xF01A, 0xF012, 0xF012, 0xF012, 
    0xF012, 0x0F13, 0x0F13, 0xF012, 0xF012, 0xEF12, 0xEF12, 0xEF1A, 0xEF1A, 0xEF1A, 0xEF12, 0x1013, 
    0xF012, 0xF012, 0xF012, 0xF012, 0xF012, 0xF012, 0xF012, 0xF112, 0x1013, 0xCF02, 0x936C, 0xBDFF, 
    0x9CFF, 0x9BFF, 0x9CFF, 0x9DFF, 0x9DFF, 0x9DFF, 0x9CFF, 0x9DFF, 0x9DFF, 0x9DFF, 0x9CFF, 0x9CFF, 
    0x9CFF, 0x9CFF, 0x9CFF, 0x9CFF, 0x9CFF, 0x9CFF, 0x9CFF, 0x9CFF, 0x9CFF, 0x9CFF, 0x9CFF, 0x9CFF, 
    0x9CFF, 0x9CFF, 0x9CFF, 0x9CFF, 0x9CFF, 0x9CFF, 0x9CFF, 0x9CFF, 0x9CFF, 0x9CFF, 0x9CFF, 0x9CFF, 
    0x7DFF, 0x9CFF, 0x9BFF, 0xBDFF, 0x59BE, 0xF574, 0xDCB6, 0x1DBF, 0xFDBE, 0xFDBE, 0xFDBE, 0xFDBE, 
    0xFDBE, 0xFDBE, 0xFDBE, 0xFDBE, 0xFDBE, 0xFDBE, 0xFDBE, 0xFDBE, 0xFDBE, 0xFDBE, 0xFDBE, 0xFDBE, 
    0xFDBE, 0xFDBE, 0xFDBE, 0xFDBE, 0xFDBE, 0xFDBE, 
    0xFDBE, 0xFDBE, 0xFDBE, 0xFDBE, 0xFDBE, 0xFDBE, 
    0xFDBE, 0xFDBE, 0xFDBE, 0xFDBE, 0xFDBE, 0xFDBE, 0xFDBE, 0xFDBE, 0xFDBE, 0xFDBE, 0xFDBE, 0xFDBE, 
    0xFDBE, 0xFDBE, 0xFDBE, 0x1EBF, 0x5B9E, 0xF57C, 0x1BE7, 0xBDFF, 0x7CFF, 0x9CFF, 0x9CFF, 0x7CFF, 
    0x9CFF, 0x9CFF, 0x9CFF, 0x9CFF, 0x9CFF, 0x9CFF, 0x9CFF, 0x9CFF, 0x9CFF, 0x9CFF, 0x9CFF, 0x9CFF, 
    0x9CFF, 0x9CFF, 0x9CFF, 0x9CFF, 0x9CFF, 0x9CFF, 0x7DFF, 0x7DFF, 0x9DFF, 0x9CFF, 0x9CFF, 0x9CFF, 
    0x9CFF, 0x9CFF, 0x7DFF, 0x7DFF, 0x7DFF, 0x7DFF, 0x7DFF, 0x7DFF, 0x7DFF, 0x7CF7, 0xDCFF, 0x9595, 
    0xB002, 0x2F13, 0x0F0B, 0x1113, 0x100B, 0xF012, 0xF012, 0xF012, 0xF012, 0xF012, 0xF012, 0xF012, 
    0xF012, 0xF012, 0xF012, 0xF012, 0x1013, 0x1013, 0x1013, 0x1013, 0x1013, 0x1013, 0x1013, 0x1013, 
    0x1013, 0xF012, 0xF012, 0xF012, 0xF012, 0xF012, 0xF012, 0xF012, 0xF012, 0xF012, 0xF012, 0xF012, 
    0xF012, 0x101B, 0xB00A, 0x735C, 0xDDFF, 0x7CFF, 0x9CFF, 0xBDFF, 0x9CFF, 0x9CFF, 0x9CFF, 0x9CFF, 
    0x9CFF, 0x9CFF, 0x9CFF, 0x9CFF, 0x9CFF, 0x9CFF, 0x9CFF, 0x9CFF, 0x9CFF, 0x9CFF, 0x9CFF, 0x9CFF, 
    0x9CFF, 0x9CFF, 0x9CFF, 0x9CFF, 0x9CFF, 0x9CFF, 0x9CFF, 0x9CFF, 0x9CFF, 0x9CFF, 0x9CFF, 0x9CFF, 
    0x9CFF, 0x9CFF, 0x9CFF, 0x9CFF, 0x9CFF, 0x9CFF, 0x9CFF, 0x9CFF, 0x9CFF, 0x9CFF, 0x9CFF, 0x9CFF, 
    0x9CFF, 0x9CFF, 0x9CFF, 0x9CFF, 0x9CFF, 0x9CFF, 0x9CFF, 0x9CFF, 0x9CFF, 0x9CFF, 0x9CFF, 0x9CFF, 
    0x9CFF, 0x9CFF, 0x9CFF, 0x9CFF, 0x9CFF, 0x9CFF, 0x7CFF, 0xDDFF, 0x76A5, 0xAF12, 0xF11A, 0xF01A, 
    0xD01A, 0xF012, 0xF012, 0xF012, 0xF012, 0xF012, 0xF012, 0xF012, 0xF01A, 0xCF22, 0xEF1A, 0xF012, 
    0xF012, 0xF11A, 0x111B, 0xF01A, 0x111B, 0x3113, 0x3013, 0x101B, 0x101B, 0xF01A, 0xF112, 0xF112, 
    0xF112, 0xF012, 0xF012, 0xF012, 0xF012, 0xF012, 0xF012, 0xF012, 0xF01A, 0xD022, 0xF022, 0xAF02, 
    0x7374, 0x9DFF, 0x9CFF, 0x9BFF, 0x9CFF, 0x9CFF, 0x9CFF, 0x9CFF, 0x9CFF, 0x9CFF, 0x9CFF, 0x9CFF, 
    0x9CFF, 0x9CFF, 0x9CFF, 0x9CFF, 0x9CFF, 0x9CFF, 0x9CFF, 0x9CFF, 0x9CFF, 0x9CFF, 0x9CFF, 0x9CFF, 
    0x9CFF, 0x9CFF, 0x9CFF, 0x9CFF, 0x9CFF, 0x9CFF, 0x9CFF, 0x9CFF, 0x9CFF, 0x9CFF, 0x9CFF, 0x9CFF, 
    0x9CFF, 0x9CFF, 0x7DFF, 0x9CFF, 0x9BFF, 0xBDFF, 0x59BE, 0xF574, 0xDCB6, 0x1DBF, 0xFDBE, 0xFDBE, 
    0xFDBE, 0xFDBE, 0xFDBE, 0xFDBE, 0xFDBE, 0xFDBE, 0xFDBE, 0xFDBE, 0xFDBE, 0xFDBE, 0xFDBE, 0xFDBE, 
    0xFDBE, 0xFDBE, 0xFDBE, 0xFDBE, 0xFDBE, 0xFDBE, 0xFDBE, 0xFDBE, 
    0xFDBE, 0xFDBE, 0xFDBE, 0xFDBE, 
    0xFDBE, 0xFDBE, 0xFDBE, 0xFDBE, 0xFDBE, 0xFDBE, 0xFDBE, 0xFDBE, 0xFDBE, 0xFDBE, 0xFDBE, 0xFDBE, 
    0xFDBE, 0xFDBE, 0xFDBE, 0xFDBE, 0xFDBE, 0x1EBF, 0x5B9E, 0xF57C, 0x1BE7, 0xBDFF, 0x7CFF, 0x9CFF, 
    0x9CFF, 0x7CFF, 0x9CFF, 0x9CFF, 0x9CFF, 0x9CFF, 0x9CFF, 0x9CFF, 0x9CFF, 0x9CFF, 0x9CFF, 0x9CFF, 
    0x9CFF, 0x9CFF, 0x9CFF, 0x9CFF, 0x9CFF, 0x9CFF, 0x9CFF, 0x9CFF, 0x9CFF, 0x9CFF, 0x9CFF, 0x9BFF, 
    0x9BFF, 0x9CFF, 0x9CFF, 0x9CFF, 0x9CFF, 0x9CFF, 0x9CFF, 0x9CFF, 0x9CFF, 0x9CFF, 0x9CFF, 0x9CF7, 
    0xDCFF, 0x9695, 0x9102, 0xF022, 0xF01A, 0xF112, 0x2F13, 0xF01A, 0xF012, 0xF012, 0xF012, 0xF012, 
    0xF012, 0xF012, 0xF012, 0xF012, 0xF012, 0xF012, 0xCF0A, 0xAF0A, 0xAF0A, 0xAF0A, 0xAF0A, 0xAF0A, 
    0xAF0A, 0xAF0A, 0xF012, 0xF012, 0xF012, 0xF012, 0xF012, 0xF012, 0xF012, 0xF012, 0xF012, 0xF012, 
    0xF012, 0xF012, 0xF012, 0x101B, 0xB002, 0x735C, 0xDDFF, 0x7CFF, 0x9CFF, 0xBDF7, 0x9CFF, 0x7CFF, 
    0x9CFF, 0x9CFF, 0x9CFF, 0x9CFF, 0x9CFF, 0x9CFF, 0x9CFF, 0x9CFF, 0x9CFF, 0x9CFF, 0x9CFF, 0x9CFF, 
    0x9CFF, 0x9CFF, 0x9CFF, 0x9CFF, 0x9CFF, 0x9CFF, 0x9CFF, 0x9CFF, 0x9CFF, 0x9CFF, 0x9CFF, 0x9CFF, 
    0x9CFF, 0x9CFF, 0x9CFF, 0x9CFF, 0x9CFF, 0x9CFF, 0x9CFF, 0x9CFF, 0x9CFF, 0x9CFF, 0x9CFF, 0x9CFF, 
    0x9CFF, 0x9CFF, 0x9CFF, 0x9CFF, 0x9CFF, 0x9CFF, 0x9CFF, 0x9CFF, 0x9CFF, 0x9CFF, 0x9CFF, 0x9CFF, 
    0x9CFF, 0x9CFF, 0x9CFF, 0x9CFF, 0x9CFF, 0x9CFF, 0x9CFF, 0x9CFF, 0x7CFF, 0xFDFF, 0x769D, 0xCF0A, 
    0x1013, 0x0F0B, 0x0F13, 0xF012, 0xF012, 0xF012, 0xF012, 0xF012, 0xF012, 0xF012, 0x1013, 0x110B, 
    0x100B, 0x0F13, 0xCD1A, 0xF995, 0x1CCF, 0xDACE, 0xDAD6, 0xDACE, 0xDACE, 0xDACE, 0x3CCF, 0xD46C, 
    0xAD12, 0x3113, 0x100B, 0xF012, 0xF012, 0xF012, 0xF012, 0xF012, 0xF012, 0xF012, 0x0F13, 0x1013, 
    0x101B, 0xCF02, 0x936C, 0xBDFF, 0xBCF7, 0x9CFF, 0x7CFF, 0x9CFF, 0x9CFF, 0x9CFF, 0x9CFF, 0x9CFF, 
    0x9CFF, 0x9CFF, 0x9CFF, 0x9CFF, 0x9CFF, 0x9CFF, 0x9CFF, 0x9CFF, 0x9CFF, 0x9CFF, 0x9CFF, 0x9CFF, 
    0x9CFF, 0x9CFF, 0x9CFF, 0x9CFF, 0x9CFF, 0x9CFF, 0x9CFF, 0x9CFF, 0x9CFF, 0x9CFF, 0x9CFF, 0x9CFF, 
    0x9CFF, 0x9CFF, 0x9CFF, 0x9CFF, 0x7DFF, 0x9CFF, 0x9BFF, 0xBDFF, 0x59BE, 0xF574, 0xDCB6, 0x1DBF, 
    0xFDBE, 0xFDBE, 0xFDBE, 0xFDBE, 0xFDBE, 0xFDBE, 0xFDBE, 0xFDBE, 0xFDBE, 0xFDBE, 0xFDBE, 0xFDBE, 
    0xFDBE, 0xFDBE, 0xFDBE, 0xFDBE, 0xFDBE, 0xFDBE, 0xFDBE, 0xFDBE, 0xFDBE, 0xFDBE, 
    0xFDBE, 0xFDBE, 
    0xFDBE, 0xFDBE, 0xFDBE, 0xFDBE, 0xFDBE, 0xFDBE, 0xFDBE, 0xFDBE, 0xFDBE, 0xFDBE, 0xFDBE, 0xFDBE, 
    0xFDBE, 0xFDBE, 0xFDBE, 0xFDBE, 0xFDBE, 0xFDBE, 0xFDBE, 0x1EBF, 0x5B9E, 0xF57C, 0x1BE7, 0xBDFF, 
    0x7CFF, 0x9CFF, 0x9CFF, 0x7CFF, 0x9CFF, 0x9CFF, 0x9CFF, 0x9CFF, 0x9CFF, 0x9CFF, 0x9CFF, 0x9CFF, 
    0x9CFF, 0x9CFF, 0x9CFF, 0x9CFF, 0x9CFF, 0x9CFF, 0x9CFF, 0x9CFF, 0x9CFF, 0x9CFF, 0x9CFF, 0x9CFF, 
    0x9CFF, 0x9CFF, 0x9CFF, 0x9CFF, 0x9CFF, 0x9CFF, 0x9CFF, 0x9CFF, 0x9CFF, 0x9CFF, 0x9CFF, 0x9CFF, 
    0x9CFF, 0x9CFF, 0xDDFF, 0x9795, 0xAF02, 0xF01A, 0xF012, 0xF01A, 0xF012, 0xF012, 0xF012, 0xF012, 
    0xF012, 0xF012, 0xF012, 0xF012, 0xF012, 0xF012, 0x1013, 0xF00A, 0x157D, 0x18B6, 0xF8A5, 0xF7AD, 
    0xF8AD, 0xF8AD, 0xD8AD, 0x18BE, 0x334C, 0xD00A, 0x101B, 0x1013, 0xF012, 0xF012, 0xF012, 0xF012, 
    0xF012, 0xF012, 0xF012, 0xF012, 0xF012, 0x101B, 0xAF0A, 0x7364, 0xDDFF, 0x7CFF, 0x9CFF, 0x9CFF, 
    0x9CFF, 0x9CFF, 0x9CFF, 0x9CFF, 0x9CFF, 0x9CFF, 0x9CFF, 0x9CFF, 0x9CFF, 0x9CFF, 0x9CFF, 0x9CFF, 
    0x9CFF, 0x9CFF, 0x9CFF, 0x9CFF, 0x9CFF, 0x9CFF, 0x9CFF, 0x9CFF, 0x9CFF, 0x9CFF, 0x9CFF, 0x9CFF, 
    0x9CFF, 0x9CFF, 0x9CFF, 0x9CFF, 0x9CFF, 0x9CFF, 0x9CFF, 0x9CFF, 0x9CFF, 0x9CFF, 0x9CFF, 0x9CFF, 
    0x9CFF, 0x9CFF, 0x9CFF, 0x9CFF, 0x9CFF, 0x9CFF, 0x9CFF, 0x9CFF, 0x9CFF, 0x9CFF, 0x9CFF, 0x9CFF, 
    0x9CFF, 0x9CFF, 0x9CFF, 0x9CFF, 0x9CFF, 0x9CFF, 0x9CFF, 0x9CFF, 0x9CFF, 0x9CFF, 0x7CFF, 0xDDFF, 
    0x969D, 0xCF0A, 0x1013, 0x1013, 0x1013, 0xF012, 0xF012, 0xF012, 0xF012, 0xF012, 0xF012, 0xF012, 
    0xF012, 0x1013, 0x1013, 0x0F13, 0xCE12, 0x9ABE, 0xFEFF, 0xBDFF, 0xBCFF, 0xBDFF, 0xBDFF, 0xBDFF, 
    0xFEFF, 0x3585, 0xAF0A, 0x0F1B, 0x1013, 0xF012, 0xF012, 0xF012, 0xF012, 0xF012, 0xF012, 0xF012, 
    0x0F13, 0x1013, 0x1013, 0xCF02, 0x936C, 0xBDFF, 0xBCFF, 0x9CFF, 0x9CFF, 0x9CFF, 0x9CFF, 0x9CFF, 
    0x9CFF, 0x9CFF, 0x9CFF, 0x9CFF, 0x9CFF, 0x9CFF, 0x9CFF, 0x9CFF, 0x9CFF, 0x9CFF, 0x9CFF, 0x9CFF, 
    0x9CFF, 0x9CFF, 0x9CFF, 0x9CFF, 0x9CFF, 0x9CFF, 0x9CFF, 0x9CFF, 0x9CFF, 0x9CFF, 0x9CFF, 0x9CFF, 
    0x9CFF, 0x9CFF, 0x9CFF, 0x9CFF, 0x9CFF, 0x9CFF, 0x7DFF, 0x9CFF, 0x9BFF, 0xBDFF, 0x59BE, 0xF574, 
    0xDCB6, 0x1DBF, 0xFDBE, 0xFDBE, 0xFDBE, 0xFDBE, 0xFDBE, 0xFDBE, 0xFDBE, 0xFDBE, 0xFDBE, 0xFDBE, 
    0xFDBE, 0xFDBE, 0xFDBE, 0xFDBE, 0xFDBE, 0xFDBE, 0xFDBE, 0xFDBE, 0xFDBE, 0xFDBE, 0xFDBE, 0xFDBE, 
    
    0xFDBE, 0xFDBE, 0xFDBE, 0xFDBE, 0xFDBE, 0xFDBE, 0xFDBE, 0xFDBE, 0xFDBE, 0xFDBE, 0xFDBE, 0xFDBE, 
    0xFDBE, 0xFDBE, 0xFDBE, 0xFDBE, 0xFDBE, 0xFDBE, 0xFDBE, 0xFDBE, 0xFDBE, 0x1EBF, 0x5B9E, 0xF57C, 
    0x1BE7, 0xBDFF, 0x7CFF, 0x9CFF, 0x9CFF, 0x7CFF, 0x9CFF, 0x9CFF, 0x9CFF, 0x9CFF, 0x9CFF, 0x9CFF, 
    0x9CFF, 0x9CFF, 0x9CFF, 0x9CFF, 0x9CFF, 0x9CFF, 0x9CFF, 0x9CFF, 0x9CFF, 0x9CFF, 0x9CFF, 0x9CFF, 
    0x9CFF, 0x9CFF, 0x9CFF, 0x9CFF, 0x9CFF, 0x9CFF, 0x9CFF, 0x9CFF, 0x9CFF, 0x9CFF, 0x9CFF, 0x9CFF, 
    0x9CFF, 0x9CFF, 0x9CFF, 0x7CFF, 0xDDFF, 0x9795, 0xAF02, 0x101B, 0x1013, 0xF012, 0xF012, 0x1013, 
    0xF012, 0xF012, 0xF012, 0xF012, 0xF012, 0xF012, 0xF012, 0xF012, 0x101B, 0xEF0A, 0x59B6, 0xFEFF, 
    0xDEFF, 0xFDFF, 0xFEFF, 0xFEFF, 0xDEFF, 0xFEFF, 0xF56C, 0xB002, 0x101B, 0x0F13, 0xF012, 0xF012, 
    0xF012, 0xF012, 0xF012, 0xF012, 0xF012, 0xF012, 0xF012, 0x1013, 0xAF0A, 0x7364, 0xFDFF, 0x7BFF, 
    0x9CFF, 0x9CFF, 0x9CFF, 0x9CFF, 0x9CFF, 0x9CFF, 0x9CFF, 0x9CFF, 0x9CFF, 0x9CFF, 0x9CFF, 0x9CFF, 
    0x9CFF, 0x9CFF, 0x9CFF, 0x9CFF, 0x9CFF, 0x9CFF, 0x9CFF, 0x9CFF, 0x9CFF, 0x9CFF, 0x9CFF, 0x9CFF, 
    0x9CFF, 0x9CFF, 0x9CFF, 0x9CFF, 0x9CFF, 0x9CFF, 0x9CFF, 0x9CFF, 0x9CFF, 0x9CFF, 0x9CFF, 0x9CFF, 
    0x9CFF, 0x9CFF, 0x9CFF, 0x9CFF, 0x9CFF, 0x9CFF, 0x9CFF, 0x9CFF, 0x9CFF, 0x9CFF, 0x9CFF, 0x9CFF, 
    0x9CFF, 0x9CFF, 0x9CFF, 0x9CFF, 0x9CFF, 0x9CFF, 0x9CFF, 0x9CFF, 0x9CFF, 0x9CFF, 0x9CFF, 0x9CFF, 
    0x7CFF, 0xDDFF, 0x969D, 0xCF0A, 0x101B, 0xF012, 0x1013, 0xF012, 0xF012, 0xF012, 0xF012, 0xF012, 
    0xF012, 0xF012, 0xF012, 0xF012, 0x1013, 0x1013, 0xCF12, 0x7AB6, 0xDDFF, 0x9DF7, 0x9CF7, 0x9CF7, 
    0x9DF7, 0x9DF7, 0xDDFF, 0x167D, 0xB002, 0x101B, 0x1013, 0xF012, 0xF012, 0xF012, 0xF012, 0xF012, 
    0xF012, 0xF012, 0x1013, 0xF012, 0x101B, 0xCF02, 0x936C, 0xBDFF, 0x9CFF, 0x9CFF, 0x9CFF, 0x9CFF, 
    0x9CFF, 0x9CFF, 0x9CFF, 0x9CFF, 0x9CFF, 0x9CFF, 0x9CFF, 0x9CFF, 0x9CFF, 0x9CFF, 0x9CFF, 0x9CFF, 
    0x9CFF, 0x9CFF, 0x9CFF, 0x9CFF, 0x9CFF, 0x9CFF, 0x9CFF, 0x9CFF, 0x9CFF, 0x9CFF, 0x9CFF, 0x9CFF, 
    0x9CFF, 0x9CFF, 0x9CFF, 0x9CFF, 0x9CFF, 0x9CFF, 0x9CFF, 0x9CFF, 0x7DFF, 0x9CFF, 0x9BFF, 0xBDFF, 
    0x59BE, 0xF574, 0xDCB6, 0x1DBF, 0xFDBE, 0xFDBE, 0xFDBE, 0xFDBE, 0xFDBE, 0xFDBE, 0xFDBE, 0xFDBE, 
    0xFDBE, 0xFDBE, 0xFDBE, 0xFDBE, 0xFDBE, 0xFDBE, 0xFDBE, 0xFDBE, 0xFDBE, 0xFDBE, 0xFDBE, 0xFDBE, 
    0xFDBE, 0xFDBE, 
    0xFDBE, 0xFDBE, 0xFDBE, 0xFDBE, 0xFDBE, 0xFDBE, 0xFDBE, 0xFDBE, 0xFDBE, 0xFDBE, 
    0xFDBE, 0xFDBE, 0xFDBE, 0xFDBE, 0xFDBE, 0xFDBE, 0xFDBE, 0xFDBE, 0xFDBE, 0xFDBE, 0xFDBE, 0x1EBF, 
    0x5B9E, 0xF57C, 0x1BE7, 0xBDFF, 0x7CFF, 0x9CFF, 0x9CFF, 0x7CFF, 0x9CFF, 0x9CFF, 0x9CFF, 0x9CFF, 
    0x9CFF, 0x9CFF, 0x9CFF, 0x9CFF, 0x9CFF, 0x9CFF, 0x9CFF, 0x9CFF, 0x9CFF, 0x9CFF, 0x9CFF, 0x9CFF, 
    0x9CFF, 0x9CFF, 0x9CFF, 0x9CFF, 0x9CFF, 0x9CFF, 0x9CFF, 0x9CFF, 0x9CFF, 0x9CFF, 0x9CFF, 0x9CFF, 
    0x9CFF, 0x9CFF, 0x9CFF, 0x9CFF, 0x9CFF, 0x7CFF, 0xDDFF, 0x9795, 0xAF02, 0x101B, 0x1013, 0xF012, 
    0xF012, 0x1013, 0xF012, 0xF012, 0xF012, 0xF012, 0xF012, 0xF012, 0xF012, 0xF01A, 0xF01A, 0xCF0A, 
    0x18AE, 0xBDFF, 0x7DF7, 0x9CF7, 0x9DF7, 0x9DF7, 0x7DF7, 0xDDFF, 0xD56C, 0xB002, 0x101B, 0x0F13, 
    0xF012, 0xF012, 0xF012, 0xF012, 0xF012, 0xF012, 0xF012, 0xF012, 0xF012, 0x1013, 0xAF0A, 0x7364, 
    0xFDFF, 0x7BFF, 0x9CFF, 0x9CFF, 0x9CFF, 0x9CFF, 0x9CFF, 0x9CFF, 0x9CFF, 0x9CFF, 0x9CFF, 0x9CFF, 
    0x9CFF, 0x9CFF, 0x9CFF, 0x9CFF, 0x9CFF, 0x9CFF, 0x9CFF, 0x9CFF, 0x9CFF, 0x9CFF, 0x9CFF, 0x9CFF, 
    0x9CFF, 0x9CFF, 0x9CFF, 0x9CFF, 0x9CFF, 0x9CFF, 0x9CFF, 0x9CFF, 0x9CFF, 0x9CFF, 0x9CFF, 0x9CFF, 
    0x9CFF, 0x9CFF, 0x9CFF, 0x9CFF, 0x9CFF, 0x9CFF, 0x9CFF, 0x9CFF, 0x9CFF, 0x9CFF, 0x9CFF, 0x9CFF, 
    0x9CFF, 0x9CFF, 0x9CFF, 0x9CFF, 0x9CFF, 0x9CFF, 0x9CFF, 0x9CFF, 0x9CFF, 0x9CFF, 0x9CFF, 0x9CFF, 
    0x9CFF, 0x9CFF, 0x7CFF, 0xDDFF, 0x969D, 0xCF0A, 0x101B, 0xF012, 0x1013, 0xF012, 0xF012, 0xF012, 
    0xF012, 0xF012, 0xF012, 0xF012, 0xF012, 0xF012, 0x1013, 0x1013, 0xCF12, 0x7AB6, 0xDDFF, 0x9DF7, 
    0x9CFF, 0xBCF7, 0x9DF7, 0x9DF7, 0xDDFF, 0x3685, 0xB002, 0x101B, 0x1013, 0xF012, 0xF012, 0xF012, 
    0xF012, 0xF012, 0xF012, 0xF012, 0x1013, 0xF012, 0x101B, 0xCF02, 0x936C, 0xBDFF, 0x9CFF, 0x9CFF, 
    0x9CFF, 0x9CFF, 0x9CFF, 0x9CFF, 0x9CFF, 0x9CFF, 0x9CFF, 0x9CFF, 0x9CFF, 0x9CFF, 0x9CFF, 0x9CFF, 
    0x9CFF, 0x9CFF, 0x9CFF, 0x9CFF, 0x9CFF, 0x9CFF, 0x9CFF, 0x9CFF, 0x9CFF, 0x9CFF, 0x9CFF, 0x9CFF, 
    0x9CFF, 0x9CFF, 0x9CFF, 0x9CFF, 0x9CFF, 0x9CFF, 0x9CFF, 0x9CFF, 0x9CFF, 0x9CFF, 0x7DFF, 0x9CFF, 
    0x9BFF, 0xBDFF, 0x59BE, 0xF574, 0xDCB6, 0x1DBF, 0xFDBE, 0xFDBE, 0xFDBE, 0xFDBE, 0xFDBE, 0xFDBE, 
    0xFDBE, 0xFDBE, 0xFDBE, 0xFDBE, 0xFDBE, 0xFDBE, 0xFDBE, 0xFDBE, 0xFDBE, 0xFDBE, 0xFDBE, 0xFDBE, 
    0xFDBE, 0xFDBE, 0xFDBE, 0xFDBE, 
    0xFDBE, 0xFDBE, 0xFDBE, 0xFDBE, 0xFDBE, 0xFDBE, 0xFDBE, 0xFDBE, 
    0xFDBE, 0xFDBE, 0xFDBE, 0xFDBE, 0xFDBE, 0xFDBE, 0xFDBE, 0xFDBE, 0xFDBE, 0xFDBE, 0xFDBE, 0xFDBE, 
    0xFDBE, 0x1EBF, 0x5B9E, 0xF57C, 0x1BE7, 0xBDFF, 0x7CFF, 0x9CFF, 0x9CFF, 0x7CFF, 0x9CFF, 0x9CFF, 
    0x9CFF, 0x9CFF, 0x9CFF, 0x9CFF, 0x9CFF, 0x9CFF, 0x9CFF, 0x9CFF, 0x9CFF, 0x9CFF, 0x9CFF, 0x9CFF, 
    0x9CFF, 0x9CFF, 0x9CFF, 0x9CFF, 0x9CFF, 0x9CFF, 0x9CFF, 0x9CFF, 0x9CFF, 0x9CFF, 0x9CFF, 0x9CFF, 
    0x9CFF, 0x9CFF, 0x9CFF, 0x9CFF, 0x9CFF, 0x9CFF, 0x9CFF, 0x7CFF, 0xDDFF, 0x9795, 0xAF02, 0x101B, 
    0x1013, 0xF012, 0xF012, 0x1013, 0xF012, 0xF012, 0xF012, 0xF012, 0xF012, 0xF012, 0xF012, 0xF012, 
    0xF01A, 0xEF0A, 0x18AE, 0xDDFF, 0x9DF7, 0x9CFF, 0x9DFF, 0xBCF7, 0x9DF7, 0xDDFF, 0xD56C, 0xB00A, 
    0x101B, 0x0F13, 0xF012, 0xF012, 0xF012, 0xF012, 0xF012, 0xF012, 0xF012, 0xF012, 0xF012, 0x1013, 
    0xAF0A, 0x7364, 0xFDFF, 0x7BFF, 0x9CFF, 0x9CFF, 0x9CFF, 0x9CFF, 0x9CFF, 0x9CFF, 0x9CFF, 0x9CFF, 
    0x9CFF, 0x9CFF, 0x9CFF, 0x9CFF, 0x9CFF, 0x9CFF, 0x9CFF, 0x9CFF, 0x9CFF, 0x9CFF, 0x9CFF, 0x9CFF, 
    0x9CFF, 0x9CFF, 0x9CFF, 0x9CFF, 0x9CFF, 0x9CFF, 0x9CFF, 0x9CFF, 0x9CFF, 0x9CFF, 0x9CFF, 0x9CFF, 
    0x9CFF, 0x9CFF, 0x9CFF, 0x9CFF, 0x9CFF, 0x9CFF, 0x9CFF, 0x9CFF, 0x9CFF, 0x9CFF, 0x9CFF, 0x9CFF, 
    0x9CFF, 0x9CFF, 0x9CFF, 0x9CFF, 0x9CFF, 0x9CFF, 0x9CFF, 0x9CFF, 0x9CFF, 0x9CFF, 0x9CFF, 0x9CFF, 
    0x9CFF, 0x9CFF, 0x9CFF, 0x9CFF, 0x7CFF, 0xDDFF, 0x969D, 0xCF0A, 0x101B, 0xF012, 0x1013, 0xF012, 
    0xF012, 0xF012, 0xF012, 0xF012, 0xF012, 0xF012, 0xF012, 0xF012, 0x1013, 0x1013, 0xCF12, 0x7AB6, 
    0xDDFF, 0x9DF7, 0x9CFF, 0xBCF7, 0x9DF7, 0x9DF7, 0xDDFF, 0x3685, 0xB002, 0x101B, 0x1013, 0xF012, 
    0xF012, 0xF012, 0xF012, 0xF012, 0xF012, 0xF012, 0x1013, 0xF012, 0x101B, 0xCF02, 0x936C, 0xBDFF, 
    0x9CFF, 0x9CFF, 0x9CFF, 0x9CFF, 0x9CFF, 0x9CFF, 0x9CFF, 0x9CFF, 0x9CFF, 0x9CFF, 0x9CFF, 0x9CFF, 
    0x9CFF, 0x9CFF, 0x9CFF, 0x9CFF, 0x9CFF, 0x9CFF, 0x9CFF, 0x9CFF, 0x9CFF, 0x9CFF, 0x9CFF, 0x9CFF, 
    0x9CFF, 0x9CFF, 0x9CFF, 0x9CFF, 0x9CFF, 0x9CFF, 0x9CFF, 0x9CFF, 0x9CFF, 0x9CFF, 0x9CFF, 0x9CFF, 
    0x7DFF, 0x9CFF, 0x9BFF, 0xBDFF, 0x59BE, 0xF574, 0xDCB6, 0x1DBF, 0xFDBE, 0xFDBE, 0xFDBE, 0xFDBE, 
    0xFDBE, 0xFDBE, 0xFDBE, 0xFDBE, 0xFDBE, 0xFDBE, 0xFDBE, 0xFDBE, 0xFDBE, 0xFDBE, 0xFDBE, 0xFDBE, 
    0xFDBE, 0xFDBE, 0xFDBE, 0xFDBE, 0xFDBE, 0xFDBE, 
    0xFDBE, 0xFDBE, 0xFDBE, 0xFDBE, 0xFDBE, 0xFDBE, 
    0xFDBE, 0xFDBE, 0xFDBE, 0xFDBE, 0xFDBE, 0xFDBE, 0xFDBE, 0xFDBE, 0xFDBE, 0xFDBE, 0xFDBE, 0xFDBE, 
    0xFDBE, 0xFDBE, 0xFDBE, 0x1EBF, 0x5B9E, 0xF57C, 0x1BE7, 0xBDFF, 0x9CFF, 0x9CFF, 0x9CFF, 0x7CFF, 
    0x9CFF, 0x9CFF, 0x9CFF, 0x9CFF, 0x9CFF, 0x9CFF, 0x9CFF, 0x9CFF, 0x9CFF, 0x9CFF, 0x9CFF, 0x9CFF, 
    0x9CFF, 0x9CFF, 0x9CFF, 0x9CFF, 0x9CFF, 0x9CFF, 0x9CFF, 0x9CFF, 0x9CFF, 0x9CFF, 0x9CFF, 0x9CFF, 
    0x9CFF, 0x9CFF, 0x9CFF, 0x9CFF, 0x9CFF, 0x9CFF, 0x9CFF, 0x9CFF, 0x9CFF, 0x7CFF, 0xDDFF, 0x9795, 
    0xAF02, 0x101B, 0x1013, 0xF012, 0xF012, 0x1013, 0xF012, 0xF012, 0xF012, 0xF012, 0xF012, 0xF012, 
    0xF012, 0xF012, 0x1013, 0xEF0A, 0x38AE, 0xDDFF, 0x9DF7, 0x9BFF, 0x9CF7, 0xBCF7, 0x9CF7, 0xDDFF, 
    0xD574, 0xAF0A, 0x101B, 0x0F13, 0xF012, 0xF012, 0xF012, 0xF012, 0xF012, 0xF012, 0xF012, 0xF012, 
    0xF012, 0x1013, 0xAF0A, 0x7364, 0xFDFF, 0x7BFF, 0x9CFF, 0x9CFF, 0x9CFF, 0x9CFF, 0x9CFF, 0x9CFF, 
    0x9CFF, 0x9CFF, 0x9CFF, 0x9CFF, 0x9CFF, 0x9CFF, 0x9CFF, 0x9CFF, 0x9CFF, 0x9CFF, 0x9CFF, 0x9CFF, 
    0x9CFF, 0x9CFF, 0x9CFF, 0x9CFF, 0x9CFF, 0x9CFF, 0x9CFF, 0x9CFF, 0x9CFF, 0x9CFF, 0x9CFF, 0x9CFF, 
    0x9CFF, 0x9CFF, 0x9CFF, 0x9CFF, 0x9CFF, 0x9CFF, 0x9CFF, 0x9CFF, 0x9CFF, 0x9CFF, 0x9CFF, 0x9CFF, 
    0x9CFF, 0x9CFF, 0x9CFF, 0x9CFF, 0x9CFF, 0x9CFF, 0x9CFF, 0x9CFF, 0x9CFF, 0x9CFF, 0x9CFF, 0x9CFF, 
    0x9CFF, 0x9CFF, 0x9CFF, 0x9CFF, 0x9CFF, 0x9CFF, 0x7CFF, 0xDDFF, 0x969D, 0xCF0A, 0x101B, 0xF012, 
    0x1013, 0xF012, 0xF012, 0xF012, 0xF012, 0xF012, 0xF012, 0xF012, 0xF012, 0xF012, 0x1013, 0x1013, 
    0xCF12, 0x7AB6, 0xDDFF, 0x9DF7, 0x9CFF, 0xBCF7, 0x9DF7, 0x9DF7, 0xDDFF, 0x3685, 0xB002, 0x101B, 
    0x1013, 0xF012, 0xF012, 0xF012, 0xF012, 0xF012, 0xF012, 0xF012, 0x1013, 0xF012, 0x101B, 0xCF02, 
    0x936C, 0xBDFF, 0x9CFF, 0x9CFF, 0x9CFF, 0x9CFF, 0x9CFF, 0x9CFF, 0x9CFF, 0x9CFF, 0x9CFF, 0x9CFF, 
    0x9CFF, 0x9CFF, 0x9CFF, 0x9CFF, 0x9CFF, 0x9CFF, 0x9CFF, 0x9CFF, 0x9CFF, 0x9CFF, 0x9CFF, 0x9CFF, 
    0x9CFF, 0x9CFF, 0x9CFF, 0x9CFF, 0x9CFF, 0x9CFF, 0x9CFF, 0x9CFF, 0x9CFF, 0x9CFF, 0x9CFF, 0x9CFF, 
    0x9CFF, 0x9CFF, 0x7DFF, 0x9CFF, 0x9BFF, 0xBDFF, 0x79C6, 0xF574, 0xDCB6, 0x1DBF, 0xFDBE, 0xFDBE, 
    0xFDBE, 0xFDBE, 0xFDBE, 0xFDBE, 0xFDBE, 0xFDBE, 0xFDBE, 0xFDBE, 0xFDBE, 0xFDBE, 0xFDBE, 0xFDBE, 
    0xFDBE, 0xFDBE, 0xFDBE, 0xFDBE, 0xFDBE, 0xFDBE, 0xFDBE, 0xFDBE, 
    0xFDBE, 0xFDBE, 0xFDBE, 0xFDBE, 
    0xFDBE, 0xFDBE, 0xFDBE, 0xFDBE, 0xFDBE, 0xFDBE, 0xFDBE, 0xFDBE, 0xFDBE, 0xFDBE, 0xFDBE, 0xFDBE, 
    0xFDBE, 0xFDBE, 0xFDBE, 0xFDBE, 0xFDBE, 0x1EBF, 0x5B9E, 0xF57C, 0x1BE7, 0xBDFF, 0x9CFF, 0x9CFF, 
    0x9CFF, 0x7CFF, 0x9CFF, 0x9CFF, 0x9CFF, 0x9CFF, 0x9CFF, 0x9CFF, 0x9CFF, 0x9CFF, 0x9CFF, 0x9CFF, 
    0x9CFF, 0x9CFF, 0x9CFF, 0x9CFF, 0x9CFF, 0x9CFF, 0x9CFF, 0x9CFF, 0x9CFF, 0x9CFF, 0x9CFF, 0x9CFF, 
    0x9CFF, 0x9CFF, 0x9CFF, 0x9CFF, 0x9CFF, 0x9CFF, 0x9CFF, 0x9CFF, 0x9CFF, 0x9CFF, 0x9CFF, 0x7CFF, 
    0xDDFF, 0x9795, 0xAF02, 0x101B, 0x1013, 0xF012, 0xF012, 0x1013, 0xF012, 0xF012, 0xF012, 0xF012, 
    0xF012, 0xF012, 0xF012, 0xF012, 0x1013, 0xEF0A, 0x38AE, 0xDDFF, 0x9DF7, 0xBCFF, 0xBCF7, 0xBCF7, 
    0x9CF7, 0xDDFF, 0xD574, 0xAF0A, 0x101B, 0x0F13, 0xF012, 0xF012, 0xF012, 0xF012, 0xF012, 0xF012, 
    0xF012, 0xF012, 0xF012, 0x1013, 0xAF0A, 0x7364, 0xFDFF, 0x7BFF, 0x9CFF, 0x9CFF, 0x9CFF, 0x9CFF, 
    0x9CFF, 0x9CFF, 0x9CFF, 0x9CFF, 0x9CFF, 0x9CFF, 0x9CFF, 0x9CFF, 0x9CFF, 0x9CFF, 0x9CFF, 0x9CFF, 
    0x9CFF, 0x9CFF, 0x9CFF, 0x9CFF, 0x9CFF, 0x9CFF, 0x9CFF, 0x9CFF, 0x9CFF, 0x9CFF, 0x9CFF, 0x9CFF, 
    0x9CFF, 0x9CFF, 0x9CFF, 0x9CFF, 0x9CFF, 0x9CFF, 0x9CFF, 0x9CFF, 0x9CFF, 0x9CFF, 0x9CFF, 0x9CFF, 
    0x9CFF, 0x9CFF, 0x9CFF, 0x9CFF, 0x9CFF, 0x9CFF, 0x9CFF, 0x9CFF, 0x9CFF, 0x9CFF, 0x9CFF, 0x9CFF, 
    0x9CFF, 0x9CFF, 0x9CFF, 0x9CFF, 0x9CFF, 0x9CFF, 0x9CFF, 0x9CFF, 0x7CFF, 0xDDFF, 0x969D, 0xCF0A, 
    0x101B, 0xF012, 0x1013, 0xF012, 0xF012, 0xF012, 0xF012, 0xF012, 0xF012, 0xF012, 0xF012, 0xF012, 
    0x1013, 0x1013, 0xCF12, 0x7AB6, 0xDDFF, 0x9DF7, 0x9CFF, 0xBCF7, 0x9DF7, 0x9DF7, 0xDDFF, 0x3685, 
    0xB002, 0x101B, 0x1013, 0xF012, 0xF012, 0xF012, 0xF012, 0xF012, 0xF012, 0xF012, 0x1013, 0xF012, 
    0x101B, 0xCF02, 0x936C, 0xBDFF, 0x9CFF, 0x9CFF, 0x9CFF, 0x9CFF, 0x9CFF, 0x9CFF, 0x9CFF, 0x9CFF, 
    0x9CFF, 0x9CFF, 0x9CFF, 0x9CFF, 0x9CFF, 0x9CFF, 0x9CFF, 0x9CFF, 0x9CFF, 0x9CFF, 0x9CFF, 0x9CFF, 
    0x9CFF, 0x9CFF, 0x9CFF, 0x9CFF, 0x9CFF, 0x9CFF, 0x9CFF, 0x9CFF, 0x9CFF, 0x9CFF, 0x9CFF, 0x9CFF, 
    0x9CFF, 0x9CFF, 0x9CFF, 0x9CFF, 0x7DFF, 0x9CFF, 0x9BFF, 0xBDFF, 0x79C6, 0xF574, 0xDCB6, 0x1DBF, 
    0xFDBE, 0xFDBE, 0xFDBE, 0xFDBE, 0xFDBE, 0xFDBE, 0xFDBE, 0xFDBE, 0xFDBE, 0xFDBE, 0xFDBE, 0xFDBE, 
    0xFDBE, 0xFDBE, 0xFDBE, 0xFDBE, 0xFDBE, 0xFDBE, 0xFDBE, 0xFDBE, 0xFDBE, 0xFDBE, 
    0xFDBE, 0xFDBE, 
    0xFDBE, 0xFDBE, 0xFDBE, 0xFDBE, 0xFDBE, 0xFDBE, 0xFDBE, 0xFDBE, 0xFDBE, 0xFDBE, 0xFDBE, 0xFDBE, 
    0xFDBE, 0xFDBE, 0xFDBE, 0xFDBE, 0xFDBE, 0xFDBE, 0xFDBE, 0x1EBF, 0x5B9E, 0xF57C, 0x1BE7, 0xBDFF, 
    0x9CFF, 0x9CFF, 0x9CFF, 0x7CFF, 0x9CFF, 0x9CFF, 0x9CFF, 0x9CFF, 0x9CFF, 0x9CFF, 0x9CFF, 0x9CFF, 
    0x9CFF, 0x9CFF, 0x9CFF, 0x9CFF, 0x9CFF, 0x9CFF, 0x9CFF, 0x9CFF, 0x9CFF, 0x9CFF, 0x9CFF, 0x9CFF, 
    0x9CFF, 0x9CFF, 0x9CFF, 0x9CFF, 0x9CFF, 0x9CFF, 0x9CFF, 0x9CFF, 0x9CFF, 0x9CFF, 0x9CFF, 0x9CFF, 
    0x9CFF, 0x7CFF, 0xDDFF, 0x9795, 0xAF02, 0x101B, 0x1013, 0xF012, 0xF012, 0x1013, 0xF012, 0xF012, 
    0xF012, 0xF012, 0xF012, 0xF012, 0xF012, 0xF012, 0x1013, 0xEF0A, 0x38AE, 0xDDFF, 0x9DF7, 0xBCFF, 
    0xBDF7, 0xBDF7, 0x9DF7, 0xFDFF, 0xD574, 0xB002, 0x101B, 0x0F13, 0xF012, 0xF012, 0xF012, 0xF012, 
    0xF012, 0xF012, 0xF012, 0xF012, 0xF012, 0x1013, 0xAF0A, 0x7364, 0xFDFF, 0x7BFF, 0x9CFF, 0x9CFF, 
    0x9CFF, 0x9CFF, 0x9CFF, 0x9CFF, 0x9CFF, 0x9CFF, 0x9CFF, 0x9CFF, 0x9CFF, 0x9CFF, 0x9CFF, 0x9CFF, 
    0x9CFF, 0x9CFF, 0x9CFF, 0x9CFF, 0x9CFF, 0x9CFF, 0x9CFF, 0x9CFF, 0x9CFF, 0x9CFF, 0x9CFF, 0x9CFF, 
    0x9CFF, 0x9CFF, 0x9CFF, 0x9CFF, 0x9CFF, 0x9CFF, 0x9CFF, 0x9CFF, 0x9CFF, 0x9CFF, 0x9CFF, 0x9CFF, 
    0x9CFF, 0x9CFF, 0x9CFF, 0x9CFF, 0x9CFF, 0x9CFF, 0x9CFF, 0x9CFF, 0x9CFF, 0x9CFF, 0x9CFF, 0x9CFF, 
    0x9CFF, 0x9CFF, 0x9CFF, 0x9CFF, 0x9CFF, 0x9CFF, 0x9CFF, 0x9CFF, 0x9CFF, 0x9CFF, 0x7CFF, 0xDDFF, 
    0x969D, 0xCF0A, 0x101B, 0xF012, 0x1013, 0xF012, 0xF012, 0xF012, 0xF012, 0xF012, 0xF012, 0xF012, 
    0xF012, 0xF012, 0x1013, 0x1013, 0xCF12, 0x7AB6, 0xDDFF, 0x9DF7, 0x9CFF, 0xBCF7, 0x9DF7, 0x9DF7, 
    0xDDFF, 0x3685, 0xB002, 0x101B, 0x1013, 0xF012, 0xF012, 0xF012, 0xF012, 0xF012, 0xF012, 0xF012, 
    0x1013, 0xF012, 0x101B, 0xCF02, 0x936C, 0xBDFF, 0x9CFF, 0x9CFF, 0x9CFF, 0x9CFF, 0x9CFF, 0x9CFF, 
    0x9CFF, 0x9CFF, 0x9CFF, 0x9CFF, 0x9CFF, 0x9CFF, 0x9CFF, 0x9CFF, 0x9CFF, 0x9CFF, 0x9CFF, 0x9CFF, 
    0x9CFF, 0x9CFF, 0x9CFF, 0x9CFF, 0x9CFF, 0x9CFF, 0x9CFF, 0x9CFF, 0x9CFF, 0x9CFF, 0x9CFF, 0x9CFF, 
    0x9CFF, 0x9CFF, 0x9CFF, 0x9CFF, 0x9CFF, 0x9CFF, 0x7DFF, 0x9CFF, 0x9BFF, 0xBDFF, 0x79C6, 0xF574, 
    0xDCB6, 0x1DBF, 0xFDBE, 0xFDBE, 0xFDBE, 0xFDBE, 0xFDBE, 0xFDBE, 0xFDBE, 0xFDBE, 0xFDBE, 0xFDBE, 
    0xFDBE, 0xFDBE, 0xFDBE, 0xFDBE, 0xFDBE, 0xFDBE, 0xFDBE, 0xFDBE, 0xFDBE, 0xFDBE, 0xFDBE, 0xFDBE, 
    
    0xFDBE, 0xFDBE, 0xFDBE, 0xFDBE, 0xFDBE, 0xFDBE, 0xFDBE, 0xFDBE, 0xFDBE, 0xFDBE, 0xFDBE, 0xFDBE, 
    0xFDBE, 0xFDBE, 0xFDBE, 0xFDBE, 0xFDBE, 0xFDBE, 0xFDBE, 0xFDBE, 0xFDBE, 0x1EBF, 0x5B9E, 0xF57C, 
    0x1BE7, 0xBDFF, 0x9CFF, 0x9CFF, 0x9CFF, 0x7CFF, 0x9CFF, 0x9CFF, 0x9CFF, 0x9CFF, 0x9CFF, 0x9CFF, 
    0x9CFF, 0x9CFF, 0x9CFF, 0x9CFF, 0x9CFF, 0x9CFF, 0x9CFF, 0x9CFF, 0x9CFF, 0x9CFF, 0x9CFF, 0x9CFF, 
    0x9CFF, 0x9CFF, 0x9CFF, 0x9CFF, 0x9CFF, 0x9CFF, 0x9CFF, 0x9CFF, 0x9CFF, 0x9CFF, 0x9CFF, 0x9CFF, 
    0x9CFF, 0x9CFF, 0x9CFF, 0x7CFF, 0xDDFF, 0x9795, 0xAF02, 0x101B, 0x1013, 0xF012, 0xF012, 0x1013, 
    0xF012, 0xF012, 0xF012, 0xF012, 0xF012, 0xF012, 0xF012, 0xF012, 0xF01A, 0xCF0A, 0x38AE, 0xDDFF, 
    0x9DF7, 0x9CFF, 0x9DF7, 0xBDF7, 0x9DF7, 0xFDFF, 0xF56C, 0xB002, 0x101B, 0x0F13, 0xF012, 0xF012, 
    0xF012, 0xF012, 0xF012, 0xF012, 0xF012, 0xF012, 0xF012, 0x1013, 0xAF0A, 0x7364, 0xFDFF, 0x7BFF, 
    0x9CFF, 0x9CFF, 0x9CFF, 0x9CFF, 0x9CFF, 0x9CFF, 0x9CFF, 0x9CFF, 0x9CFF, 0x9CFF, 0x9CFF, 0x9CFF, 
    0x9CFF, 0x9CFF, 0x9CFF, 0x9CFF, 0x9CFF, 0x9CFF, 0x9CFF, 0x9CFF, 0x9CFF, 0x9CFF, 0x9CFF, 0x9CFF, 
    0x9CFF, 0x9CFF, 0x9CFF, 0x9CFF, 0x9CFF, 0x9CFF, 0x9CFF, 0x9CFF, 0x9CFF, 0x9CFF, 0x9CFF, 0x9CFF, 
    0x9CFF, 0x9CFF, 0x9CFF, 0x9CFF, 0x9CFF, 0x9CFF, 0x9CFF, 0x9CFF, 0x9CFF, 0x9CFF, 0x9CFF, 0x9CFF, 
    0x9CFF, 0x9CFF, 0x9CFF, 0x9CFF, 0x9CFF, 0x9CFF, 0x9CFF, 0x9CFF, 0x9CFF, 0x9CFF, 0x9CFF, 0x9CFF, 
    0x7CFF, 0xDDFF, 0x969D, 0xCF0A, 0x101B, 0xF012, 0x1013, 0xF012, 0xF012, 0xF012, 0xF012, 0xF012, 
    0xF012, 0xF012, 0xF012, 0xF012, 0x1013, 0x1013, 0xCF12, 0x7AB6, 0xDDFF, 0x9DF7, 0x9CFF, 0xBCF7, 
    0x9DF7, 0x9DF7, 0xDDFF, 0x3685, 0xB002, 0x101B, 0x1013, 0xF012, 0xF012, 0xF012, 0xF012, 0xF012, 
    0xF012, 0xF012, 0x1013, 0xF012, 0x101B, 0xCF02, 0x936C, 0xBDFF, 0x9CFF, 0x9CFF, 0x9CFF, 0x9CFF, 
    0x9CFF, 0x9CFF, 0x9CFF, 0x9CFF, 0x9CFF, 0x9CFF, 0x9CFF, 0x9CFF, 0x9CFF, 0x9CFF, 0x9CFF, 0x9CFF, 
    0x9CFF, 0x9CFF, 0x9CFF, 0x9CFF, 0x9CFF, 0x9CFF, 0x9CFF, 0x9CFF, 0x9CFF, 0x9CFF, 0x9CFF, 0x9CFF, 
    0x9CFF, 0x9CFF, 0x9CFF, 0x9CFF, 0x9CFF, 0x9CFF, 0x9CFF, 0x9CFF, 0x7DFF, 0x9CFF, 0x9BFF, 0xBDFF, 
    0x79C6, 0xF574, 0xDCB6, 0x1DBF, 0xFDBE, 0xFDBE, 0xFDBE, 0xFDBE, 0xFDBE, 0xFDBE, 0xFDBE, 0xFDBE, 
    0xFDBE, 0xFDBE, 0xFDBE, 0xFDBE, 0xFDBE, 0xFDBE, 0xFDBE, 0xFDBE, 0xFDBE, 0xFDBE, 0xFDBE, 0xFDBE, 
    0xFDBE, 0xFDBE, 
    0xFDBE, 0xFDBE, 0xFDBE, 0xFDBE, 0xFDBE, 0xFDBE, 0xFDBE, 0xFDBE, 0xFDBE, 0xFDBE, 
    0xFDBE, 0xFDBE, 0xFDBE, 0xFDBE, 0xFDBE, 0xFDBE, 0xFDBE, 0xFDBE, 0xFDBE, 0xFDBE, 0xFDBE, 0x1EBF, 
    0x5B9E, 0xF57C, 0x1BE7, 0xBDFF, 0x9CFF, 0x9CFF, 0x9CFF, 0x7CFF, 0x9CFF, 0x9CFF, 0x9CFF, 0x9CFF, 
    0x9CFF, 0x9CFF, 0x9CFF, 0x9CFF, 0x9CFF, 0x9CFF, 0x9CFF, 0x9CFF, 0x9CFF, 0x9CFF, 0x9CFF, 0x9CFF, 
    0x9CFF, 0x9CFF, 0x9CFF, 0x9CFF, 0x9CFF, 0x9CFF, 0x9CFF, 0x9CFF, 0x9CFF, 0x9CFF, 0x9CFF, 0x9CFF, 
    0x9CFF, 0x9CFF, 0x9CFF, 0x9CFF, 0x9CFF, 0x7CFF, 0xDDFF, 0x9795, 0xAF02, 0x101B, 0x1013, 0xF012, 
    0xF012, 0x1013, 0xF012, 0xF012, 0xF012, 0xF012, 0xF012, 0xF012, 0xF012, 0xF012, 0xF01A, 0xD00A, 
    0x38AE, 0xDDFF, 0x9DF7, 0x9CFF, 0xBDF7, 0xBDF7, 0x9DF7, 0xFDFF, 0xF56C, 0xB002, 0x101B, 0x0F13, 
    0xF012, 0xF012, 0xF012, 0xF012, 0xF012, 0xF012, 0xF012, 0xF012, 0xF012, 0x1013, 0xAF0A, 0x7364, 
    0xFDFF, 0x7BFF, 0x9CFF, 0x9CFF, 0x9CFF, 0x9CFF, 0x9CFF, 0x9CFF, 0x9CFF, 0x9CFF, 0x9CFF, 0x9CFF, 
    0x9CFF, 0x9CFF, 0x9CFF, 0x9CFF, 0x9CFF, 0x9CFF, 0x9CFF, 0x9CFF, 0x9CFF, 0x9CFF, 0x9CFF, 0x9CFF, 
    0x9CFF, 0x9CFF, 0x9CFF, 0x9CFF, 0x9CFF, 0x9CFF, 0x9CFF, 0x9CFF, 0x9CFF, 0x9CFF, 0x9CFF, 0x9CFF, 
    0x9CFF, 0x9CFF, 0x9CFF, 0x9CFF, 0x9CFF, 0x9CFF, 0x9CFF, 0x9CFF, 0x9CFF, 0x9CFF, 0x9CFF, 0x9CFF, 
    0x9CFF, 0x9CFF, 0x9CFF, 0x9CFF, 0x9CFF, 0x9CFF, 0x9CFF, 0x9CFF, 0x9CFF, 0x9CFF, 0x9CFF, 0x9CFF, 
    0x9CFF, 0x9CFF, 0x7CFF, 0xDDFF, 0x969D, 0xCF0A, 0x1013, 0xF012, 0xEF1A, 0x1013, 0x1013, 0x1013, 
    0x1013, 0x1013, 0x1013, 0x1013, 0xF012, 0xF012, 0x1013, 0x0F13, 0xCF12, 0x7AB6, 0xDDFF, 0x9DF7, 
    0x9CFF, 0x9DF7, 0x9DF7, 0x9DF7, 0xDDFF, 0x357D, 0xB002, 0x0F1B, 0x1013, 0x1013, 0x1013, 0x1013, 
    0x1013, 0x1013, 0x1013, 0x1013, 0x1013, 0xF012, 0x101B, 0xCF02, 0x936C, 0xBDFF, 0x9CFF, 0x9CFF, 
    0x9CFF, 0x9CFF, 0x9CFF, 0x9CFF, 0x9CFF, 0x9CFF, 0x9CFF, 0x9CFF, 0x9CFF, 0x9CFF, 0x9CFF, 0x9CFF, 
    0x9CFF, 0x9CFF, 0x9CFF, 0x9CFF, 0x9CFF, 0x9CFF, 0x9CFF, 0x9CFF, 0x9CFF, 0x9CFF, 0x9CFF, 0x9CFF, 
    0x9CFF, 0x9CFF, 0x9CFF, 0x9CFF, 0x9CFF, 0x9CFF, 0x9CFF, 0x9CFF, 0x9CFF, 0xBCFF, 0x7CFF, 0x9CFF, 
    0x9CFF, 0xBDFF, 0x79C6, 0xF574, 0xDDB6, 0x1DBF, 0xFDBE, 0xFDBE, 0xFDBE, 0xFDBE, 0xFDBE, 0xFDBE, 
    0xFDBE, 0xFDBE, 0xFDBE, 0xFDBE, 0xFDBE, 0xFDBE, 0xFDBE, 0xFDBE, 0xFDBE, 0xFDBE, 0xFDBE, 0xFDBE, 
    0xFDBE, 0xFDBE, 0xFDBE, 0xFDBE, 
    0xFDBE, 0xFDBE, 0xFDBE, 0xFDBE, 0xFDBE, 0xFDBE, 0xFDBE, 0xFDBE, 
    0xFDBE, 0xFDBE, 0xFDBE, 0xFDBE, 0xFDBE, 0xFDBE, 0xFDBE, 0xFDBE, 0xFDBE, 0xFDBE, 0xFDBE, 0xFDBE, 
    0xFDBE, 0x1EBF, 0x5B9E, 0xF57C, 0x1BE7, 0xBDFF, 0x9CFF, 0x9CFF, 0x9CFF, 0x7CFF, 0x9CFF, 0x9CFF, 
    0x9CFF, 0x9CFF, 0x9CFF, 0x9CFF, 0x9CFF, 0x9CFF, 0x9CFF, 0x9CFF, 0x9CFF, 0x9CFF, 0x9CFF, 0x9CFF, 
    0x9CFF, 0x9CFF, 0x9CFF, 0x9CFF, 0x9CFF, 0x9CFF, 0x9CFF, 0x9CFF, 0x9CFF, 0x9CFF, 0x9CFF, 0x9CFF, 
    0x9CFF, 0x9CFF, 0x9CFF, 0x9CFF, 0x9CFF, 0x9CFF, 0x9CFF, 0x7CFF, 0xDDFF, 0x9795, 0xAF02, 0x101B, 
    0x1013, 0xF012, 0xF012, 0x1013, 0xF012, 0xF012, 0xF012, 0xF012, 0xF012, 0xF012, 0xF012, 0xF012, 
    0xF01A, 0xD00A, 0x38AE, 0xDDFF, 0x9DF7, 0x9DFF, 0xBDF7, 0xBCF7, 0x9DF7, 0xFDFF, 0xF56C, 0xB002, 
    0x101B, 0x0F13, 0xF012, 0xF012, 0xF012, 0xF012, 0xF012, 0xF012, 0xF012, 0xF012, 0xF012, 0x1013, 
    0xAF0A, 0x7364, 0xFDFF, 0x7BFF, 0x9CFF, 0x9CFF, 0x9CFF, 0x9CFF, 0x9CFF, 0x9CFF, 0x9CFF, 0x9CFF, 
    0x9CFF, 0x9CFF, 0x9CFF, 0x9CFF, 0x9CFF, 0x9CFF, 0x9CFF, 0x9CFF, 0x9CFF, 0x9CFF, 0x9CFF, 0x9CFF, 
    0x9CFF, 0x9CFF, 0x9CFF, 0x9CFF, 0x9CFF, 0x9CFF, 0x9CFF, 0x9CFF, 0x9CFF, 0x9CFF, 0x9CFF, 0x9CFF, 
    0x9CFF, 0x9CFF, 0x9CFF, 0x9CFF, 0x9CFF, 0x9CFF, 0x9CFF, 0x9CFF, 0x9CFF, 0x9CFF, 0x9CFF, 0x9CFF, 
    0x9CFF, 0x9CFF, 0x9CFF, 0x9CFF, 0x9CFF, 0x9CFF, 0x9CFF, 0x9CFF, 0x9CFF, 0x9CFF, 0x9CFF, 0x9CFF, 
    0x9CFF, 0x9CFF, 0x9CFF, 0x9CFF, 0x7CFF, 0xDDFF, 0x969D, 0xCF0A, 0x1013, 0xF012, 0xEF1A, 0xF012, 
    0xF012, 0xF012, 0xF012, 0xF012, 0xF012, 0xF012, 0xF012, 0xF012, 0x1013, 0x0F13, 0xCF12, 0x7AB6, 
    0xDDFF, 0x9DF7, 0x9CFF, 0x9DF7, 0x9DF7, 0x9DF7, 0xDDFF, 0x357D, 0xB002, 0x0F1B, 0x1013, 0xF012, 
    0xF012, 0xF012, 0xF012, 0xF012, 0xF012, 0xF012, 0x1013, 0xF012, 0x101B, 0xCF02, 0x936C, 0xBDFF, 
    0x9CFF, 0x9CFF, 0x9CFF, 0x9CFF, 0x9CFF, 0x9CFF, 0x9CFF, 0x9CFF, 0x9CFF, 0x9CFF, 0x9CFF, 0x9CFF, 
    0x9CFF, 0x9CFF, 0x9CFF, 0x9CFF, 0x9CFF, 0x9CFF, 0x9CFF, 0x9CFF, 0x9CFF, 0x9CFF, 0x9CFF, 0x9CFF, 
    0x9CFF, 0x9CFF, 0x9CFF, 0x9CFF, 0x9CFF, 0x9CFF, 0x9CFF, 0x9CFF, 0x9CFF, 0x9CFF, 0x9CFF, 0xBCFF, 
    0x7CFF, 0x9CFF, 0x9CFF, 0xBDFF, 0x79C6, 0xF574, 0xDDB6, 0x1DBF, 0xFDBE, 0xFDBE, 0xFDBE, 0xFDBE, 
    0xFDBE, 0xFDBE, 0xFDBE, 0xFDBE, 0xFDBE, 0xFDBE, 0xFDBE, 0xFDBE, 0xFDBE, 0xFDBE, 0xFDBE, 0xFDBE, 
    0xFDBE, 0xFDBE, 0xFDBE, 0xFDBE, 0xFDBE, 0xFDBE, 
    0xFDBE, 0xFDBE, 0xFDBE, 0xFDBE, 0xFDBE, 0xFDBE, 
    0xFDBE, 0xFDBE, 0xFDBE, 0xFDBE, 0xFDBE, 0xFDBE, 0xFDBE, 0xFDBE, 0xFDBE, 0xFDBE, 0xFDBE, 0xFDBE, 
    0xFDBE, 0xFDBE, 0xFDBE, 0x1EBF, 0x5B9E, 0xF57C, 0x1BE7, 0xBDFF, 0x9CFF, 0x9CFF, 0x9CFF, 0x7CFF, 
    0x9CFF, 0x9CFF, 0x9CFF, 0x9CFF, 0x9CFF, 0x9CFF, 0x9CFF, 0x9CFF, 0x9CFF, 0x9CFF, 0x9CFF, 0x9CFF, 
    0x9CFF, 0x9CFF, 0x9CFF, 0x9CFF, 0x9CFF, 0x9CFF, 0x9CFF, 0x9CFF, 0x9CFF, 0x9CFF, 0x9CFF, 0x9CFF, 
    0x9CFF, 0x9CFF, 0x9CFF, 0x9CFF, 0x9CFF, 0x9CFF, 0x9CFF, 0x9CFF, 0x9CFF, 0x7CFF, 0xDDFF, 0x9795, 
    0xAF02, 0x101B, 0x1013, 0xF012, 0xF012, 0x1013, 0xF012, 0xF012, 0xF012, 0xF012, 0xF012, 0xF012, 
    0xF012, 0xF012, 0xF01A, 0xD00A, 0x38AE, 0xDDFF, 0x9DF7, 0x9DFF, 0xBDF7, 0xBCF7, 0x9DF7, 0xFDFF, 
    0xF56C, 0xB002, 0x101B, 0x0F13, 0xF012, 0xF012, 0xF012, 0xF012, 0xF012, 0xF012, 0xF012, 0xF012, 
    0xF012, 0x1013, 0xAF0A, 0x7364, 0xFDFF, 0x7BFF, 0x9CFF, 0x9CFF, 0x9CFF, 0x9CFF, 0x9CFF, 0x9CFF, 
    0x9CFF, 0x9CFF, 0x9CFF, 0x9CFF, 0x9CFF, 0x9CFF, 0x9CFF, 0x9CFF, 0x9CFF, 0x9CFF, 0x9CFF, 0x9CFF, 
    0x9CFF, 0x9CFF, 0x9CFF, 0x9CFF, 0x9CFF, 0x9CFF, 0x9CFF, 0x9CFF, 0x9CFF, 0x9CFF, 0x9CFF, 0x9CFF, 
    0x9CFF, 0x9CFF, 0x9CFF, 0x9CFF, 0x9CFF, 0x9CFF, 0x9CFF, 0x9CFF, 0x9CFF, 0x9CFF, 0x9CFF, 0x9CFF, 
    0x9CFF, 0x9CFF, 0x9CFF, 0x9CFF, 0x9CFF, 0x9CFF, 0x9CFF, 0x9CFF, 0x9CFF, 0x9CFF, 0x9CFF, 0x9CFF, 
    0x9CFF, 0x9CFF, 0x9CFF, 0x9CFF, 0x9CFF, 0x9CFF, 0x7CFF, 0xDDFF, 0x969D, 0xCF0A, 0x1013, 0xF012, 
    0xEF1A, 0xF012, 0xF012, 0xF012, 0xF012, 0xF012, 0xF012, 0xF012, 0xF012, 0xF012, 0x1013, 0x0F13, 
    0xCF12, 0x7AB6, 0xDDFF, 0x9DF7, 0x9CFF, 0x9DF7, 0x9DF7, 0x9DF7, 0xDDFF, 0x357D, 0xB002, 0x0F1B, 
    0x1013, 0xF012, 0xF012, 0xF012, 0xF012, 0xF012, 0xF012, 0xF012, 0x1013, 0xF012, 0x101B, 0xCF02, 
    0x936C, 0xBDFF, 0x9CFF, 0x9CFF, 0x9CFF, 0x9CFF, 0x9CFF, 0x9CFF, 0x9CFF, 0x9CFF, 0x9CFF, 0x9CFF, 
    0x9CFF, 0x9CFF, 0x9CFF, 0x9CFF, 0x9CFF, 0x9CFF, 0x9CFF, 0x9CFF, 0x9CFF, 0x9CFF, 0x9CFF, 0x9CFF, 
    0x9CFF, 0x9CFF, 0x9CFF, 0x9CFF, 0x9CFF, 0x9CFF, 0x9CFF, 0x9CFF, 0x9CFF, 0x9CFF, 0x9CFF, 0x9CFF, 
    0x9CFF, 0xBCFF, 0x7CFF, 0x9CFF, 0x9CFF, 0xBDFF, 0x79C6, 0xF574, 0xDDB6, 0x1DBF, 0xFDBE, 0xFDBE, 
    0xFDBE, 0xFDBE, 0xFDBE, 0xFDBE, 0xFDBE, 0xFDBE, 0xFDBE, 0xFDBE, 0xFDBE, 0xFDBE, 0xFDBE, 0xFDBE, 
    0xFDBE, 0xFDBE, 0xFDBE, 0xFDBE, 0xFDBE, 0xFDBE, 0xFDBE, 0xFDBE, 
    0xFDBE, 0xFDBE, 0xFDBE, 0xFDBE, 
    0xFDBE, 0xFDBE, 0xFDBE, 0xFDBE, 0xFDBE, 0xFDBE, 0xFDBE, 0xFDBE, 0xFDBE, 0xFDBE, 0xFDBE, 0xFDBE, 
    0xFDBE, 0xFDBE, 0xFDBE, 0xFDBE, 0xFDBE, 0x1EBF, 0x5B9E, 0xF57C, 0x1BE7, 0xBDFF, 0x9CFF, 0x9CFF, 
    0x9CFF, 0x7CFF, 0x9CFF, 0x9CFF, 0x9CFF, 0x9CFF, 0x9CFF, 0x9CFF, 0x9CFF, 0x9CFF, 0x9CFF, 0x9CFF, 
    0x9CFF, 0x9CFF, 0x9CFF, 0x9CFF, 0x9CFF, 0x9CFF, 0x9CFF, 0x9CFF, 0x9CFF, 0x9CFF, 0x9CFF, 0x9CFF, 
    0x9CFF, 0x9CFF, 0x9CFF, 0x9CFF, 0x9CFF, 0x9CFF, 0x9CFF, 0x9CFF, 0x9CFF, 0x9CFF, 0x9CFF, 0x7CFF, 
    0xDDFF, 0x9795, 0xAF02, 0x101B, 0x1013, 0xF012, 0xF012, 0x1013, 0xF012, 0xF012, 0xF012, 0xF012, 
    0xF012, 0xF012, 0xF012, 0xF012, 0xF01A, 0xD00A, 0x38AE, 0xDDFF, 0x9DF7, 0x9DFF, 0xBDF7, 0xBCF7, 
    0x9DF7, 0xFDFF, 0xF56C, 0xB002, 0x101B, 0x0F13, 0xF012, 0xF012, 0xF012, 0xF012, 0xF012, 0xF012, 
    0xF012, 0xF012, 0xF012, 0x1013, 0xAF0A, 0x7364, 0xFDFF, 0x7BFF, 0x9CFF, 0x9CFF, 0x9CFF, 0x9CFF, 
    0x9CFF, 0x9CFF, 0x9CFF, 0x9CFF, 0x9CFF, 0x9CFF, 0x9CFF, 0x9CFF, 0x9CFF, 0x9CFF, 0x9CFF, 0x9CFF, 
    0x9CFF, 0x9CFF, 0x9CFF, 0x9CFF, 0x9CFF, 0x9CFF, 0x9CFF, 0x9CFF, 0x9CFF, 0x9CFF, 0x9CFF, 0x9CFF, 
    0x9CFF, 0x9CFF, 0x9CFF, 0x9CFF, 0x9CFF, 0x9CFF, 0x9CFF, 0x9CFF, 0x9CFF, 0x9CFF, 0x9CFF, 0x9CFF, 
    0x9CFF, 0x9CFF, 0x9CFF, 0x9CFF, 0x9CFF, 0x9CFF, 0x9CFF, 0x9CFF, 0x9CFF, 0x9CFF, 0x9CFF, 0x9CFF, 
    0x9CFF, 0x9CFF, 0x9CFF, 0x9CFF, 0x9CFF, 0x9CFF, 0x9CFF, 0x9CFF, 0x7CFF, 0xDDFF, 0x969D, 0xCF0A, 
    0x1013, 0xF012, 0xEF12, 0x1013, 0x1013, 0x1013, 0x1013, 0x1013, 0x1013, 0x1013, 0xF012, 0xF012, 
    0x1013, 0x0F13, 0xCF12, 0x7AB6, 0xDDFF, 0x9DF7, 0x9CFF, 0x9DF7, 0x9DF7, 0x9DF7, 0xDDFF, 0x357D, 
    0xB002, 0x0F1B, 0x1013, 0x1013, 0x1013, 0x1013, 0x1013, 0x1013, 0x1013, 0x1013, 0x1013, 0xF012, 
    0x101B, 0xCF02, 0x936C, 0xBDFF, 0x9CFF, 0x9CFF, 0x9CFF, 0x9CFF, 0x9CFF, 0x9CFF, 0x9CFF, 0x9CFF, 
    0x9CFF, 0x9CFF, 0x9CFF, 0x9CFF, 0x9CFF, 0x9CFF, 0x9CFF, 0x9CFF, 0x9CFF, 0x9CFF, 0x9CFF, 0x9CFF, 
    0x9CFF, 0x9CFF, 0x9CFF, 0x9CFF, 0x9CFF, 0x9CFF, 0x9CFF, 0x9CFF, 0x9CFF, 0x9CFF, 0x9CFF, 0x9CFF, 
    0x9CFF, 0x9CFF, 0x9CFF, 0xBCFF, 0x7CFF, 0x9CFF, 0x9CFF, 0xBDFF, 0x79C6, 0xF574, 0xDDB6, 0x1DBF, 
    0xFDBE, 0xFDBE, 0xFDBE, 0xFDBE, 0xFDBE, 0xFDBE, 0xFDBE, 0xFDBE, 0xFDBE, 0xFDBE, 0xFDBE, 0xFDBE, 
    0xFDBE, 0xFDBE, 0xFDBE, 0xFDBE, 0xFDBE, 0xFDBE, 0xFDBE, 0xFDBE, 0xFDBE, 0xFDBE, 
    0xFDBE, 0xFDBE, 
    0xFDBE, 0xFDBE, 0xFDBE, 0xFDBE, 0xFDBE, 0xFDBE, 0xFDBE, 0xFDBE, 0xFDBE, 0xFDBE, 0xFDBE, 0xFDBE, 
    0xFDBE, 0xFDBE, 0xFDBE, 0xFDBE, 0xFDBE, 0xFDBE, 0xFDBE, 0x1EBF, 0x5B9E, 0xF57C, 0x1BE7, 0xBDFF, 
    0x9CFF, 0x9CFF, 0x9CFF, 0x7CFF, 0x9CFF, 0x9CFF, 0x9CFF, 0x9CFF, 0x9CFF, 0x9CFF, 0x9CFF, 0x9CFF, 
    0x9CFF, 0x9CFF, 0x9CFF, 0x9CFF, 0x9CFF, 0x9CFF, 0x9CFF, 0x9CFF, 0x9CFF, 0x9CFF, 0x9CFF, 0x9CFF, 
    0x9CFF, 0x9CFF, 0x9CFF, 0x9CFF, 0x9CFF, 0x9CFF, 0x9CFF, 0x9CFF, 0x9CFF, 0x9CFF, 0x9CFF, 0x9CFF, 
    0x9CFF, 0x7CFF, 0xDDFF, 0x9795, 0xAF02, 0x101B, 0x1013, 0xF012, 0xF012, 0x1013, 0xF012, 0xF012, 
    0xF012, 0xF012, 0xF012, 0xF012, 0xF012, 0xF012, 0xF01A, 0xD00A, 0x38AE, 0xDDFF, 0x9DF7, 0x9DFF, 
    0xBDF7, 0xBCF7, 0x9DF7, 0xFDFF, 0xF56C, 0xB002, 0x101B, 0x0F13, 0xF012, 0xF012, 0xF012, 0xF012, 
    0xF012, 0xF012, 0xF012, 0xF012, 0xF012, 0x1013, 0xAF0A, 0x7364, 0xFDFF, 0x7BFF, 0x9CFF, 0x9CFF, 
    0x9CFF, 0x9CFF, 0x9CFF, 0x9CFF, 0x9CFF, 0x9CFF, 0x9CFF, 0x9CFF, 0x9CFF, 0x9CFF, 0x9CFF, 0x9CFF, 
    0x9CFF, 0x9CFF, 0x9CFF, 0x9CFF, 0x9CFF, 0x9CFF, 0x9CFF, 0x9CFF, 0x9CFF, 0x9CFF, 0x9CFF, 0x9CFF, 
    0x9CFF, 0x9CFF, 0x9CFF, 0x9CFF, 0x9CFF, 0x9CFF, 0x9CFF, 0x9CFF, 0x9CFF, 0x9CFF, 0x9CFF, 0x9CFF, 
    0x9CFF, 0x9CFF, 0x9CFF, 0x9CFF, 0x9CFF, 0x9CFF, 0x9CFF, 0x9CFF, 0x9CFF, 0x9CFF, 0x9CFF, 0x9CFF, 
    0x9CFF, 0x9CFF, 0x9CFF, 0x9CFF, 0x9CFF, 0x9CFF, 0x9CFF, 0x9CFF, 0x9CFF, 0x9CFF, 0x7CFF, 0xFDFF, 
    0x969D, 0xCF0A, 0x1013, 0x1013, 0xEF1A, 0x1013, 0x1013, 0x1013, 0x1013, 0x1013, 0x1013, 0x1013, 
    0xF012, 0xF012, 0x1013, 0x0F13, 0xCF12, 0x7AB6, 0xDDFF, 0x9DF7, 0x9CFF, 0x9DF7, 0x9DF7, 0x9DF7, 
    0xDDFF, 0x357D, 0xB002, 0x0F1B, 0x1013, 0x1013, 0x1013, 0x1013, 0x1013, 0x1013, 0x1013, 0x1013, 
    0x1013, 0xF012, 0x101B, 0xCF02, 0x936C, 0xBDFF, 0xBCFF, 0x9CFF, 0x9CFF, 0x9CFF, 0x9CFF, 0x9CFF, 
    0x9CFF, 0x9CFF, 0x9CFF, 0x9CFF, 0x9CFF, 0x9CFF, 0x9CFF, 0x9CFF, 0x9CFF, 0x9CFF, 0x9CFF, 0x9CFF, 
    0x9CFF, 0x9CFF, 0x9CFF, 0x9CFF, 0x9CFF, 0x9CFF, 0x9CFF, 0x9CFF, 0x9CFF, 0x9CFF, 0x9CFF, 0x9CFF, 
    0x9CFF, 0x9CFF, 0x9CFF, 0x9CFF, 0x9CFF, 0xBCFF, 0x7CFF, 0x9CFF, 0x9CFF, 0xBDFF, 0x79C6, 0xF574, 
    0xDDB6, 0x1DBF, 0xFDBE, 0xFDBE, 0xFDBE, 0xFDBE, 0xFDBE, 0xFDBE, 0xFDBE, 0xFDBE, 0xFDBE, 0xFDBE, 
    0xFDBE, 0xFDBE, 0xFDBE, 0xFDBE, 0xFDBE, 0xFDBE, 0xFDBE, 0xFDBE, 0xFDBE, 0xFDBE, 0xFDBE, 0xFDBE, 
    
    0xFDBE, 0xFDBE, 0xFDBE, 0xFDBE, 0xFDBE, 0xFDBE, 0xFDBE, 0xFDBE, 0xFDBE, 0xFDBE, 0xFDBE, 0xFDBE, 
    0xFDBE, 0xFDBE, 0xFDBE, 0xFDBE, 0xFDBE, 0xFDBE, 0xFDBE, 0xFDBE, 0xFDBE, 0x1EBF, 0x5B9E, 0xF57C, 
    0x1BE7, 0xBDFF, 0x9CFF, 0x9CFF, 0x9CFF, 0x7CFF, 0x9CFF, 0x9CFF, 0x9CFF, 0x9CFF, 0x9CFF, 0x9CFF, 
    0x9CFF, 0x9CFF, 0x9CFF, 0x9CFF, 0x9CFF, 0x9CFF, 0x9CFF, 0x9CFF, 0x9CFF, 0x9CFF, 0x9CFF, 0x9CFF, 
    0x9CFF, 0x9CFF, 0x9CFF, 0x9CFF, 0x9CFF, 0x9CFF, 0x9CFF, 0x9CFF, 0x9CFF, 0x9CFF, 0x9CFF, 0x9CFF, 
    0x9CFF, 0x9CFF, 0x9CFF, 0x7CFF, 0xDDFF, 0x9795, 0xAF02, 0x101B, 0x1013, 0xF012, 0xF012, 0x1013, 
    0xF012, 0xF012, 0xF012, 0xF012, 0xF012, 0xF012, 0xF012, 0xF012, 0xF01A, 0xD00A, 0x38AE, 0xDDFF, 
    0x9DF7, 0x9DFF, 0xBDF7, 0xBCF7, 0x9DF7, 0xFDFF, 0xF56C, 0xB002, 0x101B, 0x0F13, 0xF012, 0xF012, 
    0xF012, 0xF012, 0xF012, 0xF012, 0xF012, 0xF012, 0xF012, 0x1013, 0xAF0A, 0x7364, 0xFDFF, 0x7BFF, 
    0x9CFF, 0x9CFF, 0x9CFF, 0x9CFF, 0x9CFF, 0x9CFF, 0x9CFF, 0x9CFF, 0x9CFF, 0x9CFF, 0x9CFF, 0x9CFF, 
    0x9CFF, 0x9CFF, 0x9CFF, 0x9CFF, 0x9CFF, 0x9CFF, 0x9CFF, 0x9CFF, 0x9CFF, 0x9CFF, 0x9CFF, 0x9CFF, 
    0x9CFF, 0x9CFF, 0x9CFF, 0x9CFF, 0x9CFF, 0x9CFF, 0x9CFF, 0x9CFF, 0x9CFF, 0x9CFF, 0x9CFF, 0x9CFF, 
    0x9CFF, 0x9CFF, 0x9CFF, 0x9CFF, 0x9CFF, 0x9CFF, 0x9CFF, 0x9CFF, 0x9CFF, 0x9CFF, 0x9CFF, 0x9CFF, 
    0x9CFF, 0x9CFF, 0x9CFF, 0x9CFF, 0x9CFF, 0x9CFF, 0x9CFF, 0x9CFF, 0x9CFF, 0x9CFF, 0x9CFF, 0x9CFF, 
    0x7CFF, 0xDDFF, 0x969D, 0xCF0A, 0x1013, 0x1013, 0xF01A, 0x1013, 0x1013, 0x1013, 0x1013, 0x1013, 
    0x1013, 0x1013, 0xF01A, 0xF012, 0x1013, 0x101B, 0xCF12, 0x7ABE, 0xDDFF, 0x9DF7, 0xBCFF, 0x9DF7, 
    0x9DF7, 0x9DF7, 0xFDFF, 0x3685, 0xD002, 0x101B, 0x1013, 0x1013, 0x1013, 0x1013, 0x1013, 0x1013, 
    0x1013, 0x1013, 0x1013, 0x1013, 0x101B, 0xD002, 0x936C, 0xBDFF, 0x9CFF, 0x9CFF, 0x9CFF, 0x9CFF, 
    0x9CFF, 0x9CFF, 0x9CFF, 0x9CFF, 0x9CFF, 0x9CFF, 0x9CFF, 0x9CFF, 0x9CFF, 0x9CFF, 0x9CFF, 0x9CFF, 
    0x9CFF, 0x9CFF, 0x9CFF, 0x9CFF, 0x9CFF, 0x9CFF, 0x9CFF, 0x9CFF, 0x9CFF, 0x9CFF, 0x9CFF, 0x9CFF, 
    0x9CFF, 0x9CFF, 0x9CFF, 0x9CFF, 0x9CFF, 0x9CFF, 0x9CFF, 0xBCFF, 0x7CFF, 0x9CFF, 0x9CFF, 0xBDFF, 
    0x79C6, 0xF574, 0xDDB6, 0x1DBF, 0xFDBE, 0xFDBE, 0xFDBE, 0xFDBE, 0xFDBE, 0xFDBE, 0xFDBE, 0xFDBE, 
    0xFDBE, 0xFDBE, 0xFDBE, 0xFDBE, 0xFDBE, 0xFDBE, 0xFDBE, 0xFDBE, 0xFDBE, 0xFDBE, 0xFDBE, 0xFDBE, 
    0xFDBE, 0xFDBE, 
    0xFDBE, 0xFDBE, 0xFDBE, 0xFDBE, 0xFDBE, 0xFDBE, 0xFDBE, 0xFDBE, 0xFDBE, 0xFDBE, 
    0xFDBE, 0xFDBE, 0xFDBE, 0xFDBE, 0xFDBE, 0xFDBE, 0xFDBE, 0xFDBE, 0xFDBE, 0xFDBE, 0xFDBE, 0x1EBF, 
    0x5B9E, 0xF57C, 0x1BE7, 0xBDFF, 0x9CFF, 0x9CFF, 0x9CFF, 0x7CFF, 0x9CFF, 0x9CFF, 0x9CFF, 0x9CFF, 
    0x9CFF, 0x9CFF, 0x9CFF, 0x9CFF, 0x9CFF, 0x9CFF, 0x9CFF, 0x9CFF, 0x9CFF, 0x9CFF, 0x9CFF, 0x9CFF, 
    0x9CFF, 0x9CFF, 0x9CFF, 0x9CFF, 0x9CFF, 0x9CFF, 0x9CFF, 0x9CFF, 0x9CFF, 0x9CFF, 0x9CFF, 0x9CFF, 
    0x9CFF, 0x9CFF, 0x9CFF, 0x9CFF, 0x9CFF, 0x7CFF, 0xDDFF, 0x9795, 0xAF02, 0x101B, 0x1013, 0x101B, 
    0x111B, 0x1013, 0x1013, 0x1013, 0x1013, 0x1013, 0x1013, 0x1013, 0x1013, 0x1013, 0x101B, 0xF00A, 
    0x38AE, 0xDDFF, 0x9DF7, 0x9DFF, 0xBDF7, 0xBCF7, 0x9DF7, 0xFDFF, 0xF56C, 0xB00A, 0x101B, 0x3013, 
    0x101B, 0x1013, 0x1013, 0x1013, 0x1013, 0x1013, 0x1013, 0x1013, 0x1013, 0x301B, 0xCF0A, 0x7364, 
    0xFDFF, 0x7BFF, 0x9CFF, 0x9CFF, 0x9CFF, 0x9CFF, 0x9CFF, 0x9CFF, 0x9CFF, 0x9CFF, 0x9CFF, 0x9CFF, 
    0x9CFF, 0x9CFF, 0x9CFF, 0x9CFF, 0x9CFF, 0x9CFF, 0x9CFF, 0x9CFF, 0x9CFF, 0x9CFF, 0x9CFF, 0x9CFF, 
    0x9CFF, 0x9CFF, 0x9CFF, 0x9CFF, 0x9CFF, 0x9CFF, 0x9CFF, 0x9CFF, 0x9CFF, 0x9CFF, 0x9CFF, 0x9CFF, 
    0x9CFF, 0x9CFF, 0x9CFF, 0x9CFF, 0x9CFF, 0x9CFF, 0x9CFF, 0x9CFF, 0x9CFF, 0x9CFF, 0x9CFF, 0x9CFF, 
    0x9CFF, 0x9CFF, 0x9CFF, 0x9CFF, 0x9CFF, 0x9CFF, 0x9CFF, 0x9CFF, 0x9CFF, 0x9CFF, 0x9CFF, 0x9CFF, 
    0x9CFF, 0x9CFF, 0x7CFF, 0xFDFF, 0x759D, 0x8E02, 0xCF0A, 0xCF0A, 0xAE12, 0xCF0A, 0xCF0A, 0xCF0A, 
    0xCF0A, 0xCF0A, 0xCF0A, 0xCF0A, 0xAF12, 0xAF0A, 0xCF0A, 0xCF12, 0x8E0A, 0x5AB6, 0xDDFF, 0x9DF7, 
    0x9CFF, 0x9DF7, 0x9DF7, 0x9DF7, 0xFDFF, 0x157D, 0x6F02, 0xCF12, 0xCF0A, 0xCF0A, 0xCF0A, 0xCF0A, 
    0xCF0A, 0xCF0A, 0xCF0A, 0xCF0A, 0xCF0A, 0xCF0A, 0xCF12, 0x8E02, 0x536C, 0xBDFF, 0x9CFF, 0x9CFF, 
    0x9CFF, 0x9CFF, 0x9CFF, 0x9CFF, 0x9CFF, 0x9CFF, 0x9CFF, 0x9CFF, 0x9CFF, 0x9CFF, 0x9CFF, 0x9CFF, 
    0x9CFF, 0x9CFF, 0x9CFF, 0x9CFF, 0x9CFF, 0x9CFF, 0x9CFF, 0x9CFF, 0x9CFF, 0x9CFF, 0x9CFF, 0x9CFF, 
    0x9CFF, 0x9CFF, 0x9CFF, 0x9CFF, 0x9CFF, 0x9CFF, 0x9CFF, 0x9CFF, 0x9CFF, 0xBCFF, 0x7CFF, 0x9CFF, 
    0x9CFF, 0xBDFF, 0x79C6, 0xF574, 0xDDB6, 0x1DBF, 0xFDBE, 0xFDBE, 0xFDBE, 0xFDBE, 0xFDBE, 0xFDBE, 
    0xFDBE, 0xFDBE, 0xFDBE, 0xFDBE, 0xFDBE, 0xFDBE, 0xFDBE, 0xFDBE, 0xFDBE, 0xFDBE, 0xFDBE, 0xFDBE, 
    0xFDBE, 0xFDBE, 0xFDBE, 0xFDBE, 
    0xFDBE, 0xFDBE, 0xFDBE, 0xFDBE, 0xFDBE, 0xFDBE, 0xFDBE, 0xFDBE, 
    0xFDBE, 0xFDBE, 0xFDBE, 0xFDBE, 0xFDBE, 0xFDBE, 0xFDBE, 0xFDBE, 0xFDBE, 0xFDBE, 0xFDBE, 0xFDBE, 
    0xFDBE, 0x1EBF, 0x5B9E, 0xF57C, 0x1BE7, 0xBDFF, 0x9CFF, 0x9CFF, 0x9CFF, 0x7CFF, 0x9CFF, 0x9CFF, 
    0x9CFF, 0x9CFF, 0x9CFF, 0x9CFF, 0x9CFF, 0x9CFF, 0x9CFF, 0x9CFF, 0x9CFF, 0x9CFF, 0x9CFF, 0x9CFF, 
    0x9CFF, 0x9CFF, 0x9CFF, 0x9CFF, 0x9CFF, 0x9CFF, 0x9CFF, 0x9CFF, 0x9CFF, 0x9CFF, 0x9CFF, 0x9CFF, 
    0x9CFF, 0x9CFF, 0x9CFF, 0x9CFF, 0x9CFF, 0x9CFF, 0x9CFF, 0x7CFF, 0xFDFF, 0x778D, 0x6E02, 0xCF12, 
    0xCF0A, 0xAF12, 0xAF0A, 0xCF0A, 0xCF0A, 0xCF0A, 0xCF0A, 0xCF0A, 0xCF0A, 0xCF0A, 0xCF0A, 0xCF0A, 
    0xCF12, 0xAF02, 0x18AE, 0xDDFF, 0x9DF7, 0x9DFF, 0xBDF7, 0xBCF7, 0x9DF7, 0xFDFF, 0xD46C, 0x6F02, 
    0xCF12, 0xCE0A, 0xCF0A, 0xAF0A, 0xCF0A, 0xCF0A, 0xCF0A, 0xCF0A, 0xCF0A, 0xCF0A, 0xCF0A, 0xCF12, 
    0x6E02, 0x335C, 0xFDFF, 0x7BFF, 0x9CFF, 0x9CFF, 0x9CFF, 0x9CFF, 0x9CFF, 0x9CFF, 0x9CFF, 0x9CFF, 
    0x9CFF, 0x9CFF, 0x9CFF, 0x9CFF, 0x9CFF, 0x9CFF, 0x9CFF, 0x9CFF, 0x9CFF, 0x9CFF, 0x9CFF, 0x9CFF, 
    0x9CFF, 0x9CFF, 0x9CFF, 0x9CFF, 0x9CFF, 0x9CFF, 0x9CFF, 0x9CFF, 0x9CFF, 0x9CFF, 0x9CFF, 0x9CFF, 
    0x9CFF, 0x9CFF, 0x9CFF, 0x9CFF, 0x9CFF, 0x9CFF, 0x9CFF, 0x9CFF, 0x9CFF, 0x9CFF, 0x9CFF, 0x9CFF, 
    0x9CFF, 0x9CFF, 0x9CFF, 0x9CFF, 0x9CFF, 0x9CFF, 0x9CFF, 0x9CFF, 0x9CFF, 0x9CFF, 0x9CFF, 0x9CFF, 
    0x9CFF, 0x9CFF, 0x9CFF, 0x9CFF, 0x7CFF, 0xDDFF, 0x18AE, 0xF433, 0x353C, 0x343C, 0x143C, 0x343C, 
    0x343C, 0x343C, 0x343C, 0x343C, 0x343C, 0x343C, 0x143C, 0x153C, 0x353C, 0x343C, 0xF33B, 0xDBC6, 
    0xDDFF, 0x9DF7, 0x9CFF, 0x9DF7, 0x9DF7, 0x9DF7, 0xDDFF, 0xD895, 0xF42B, 0x3444, 0x343C, 0x343C, 
    0x343C, 0x343C, 0x343C, 0x343C, 0x343C, 0x343C, 0x343C, 0x353C, 0x353C, 0xF42B, 0x5685, 0x9CFF, 
    0x9CFF, 0x9CFF, 0x9CFF, 0x9CFF, 0x9CFF, 0x9CFF, 0x9CFF, 0x9CFF, 0x9CFF, 0x9CFF, 0x9CFF, 0x9CFF, 
    0x9CFF, 0x9CFF, 0x9CFF, 0x9CFF, 0x9CFF, 0x9CFF, 0x9CFF, 0x9CFF, 0x9CFF, 0x9CFF, 0x9CFF, 0x9CFF, 
    0x9CFF, 0x9CFF, 0x9CFF, 0x9CFF, 0x9CFF, 0x9CFF, 0x9CFF, 0x9CFF, 0x9CFF, 0x9CFF, 0x9CFF, 0xBCFF, 
    0x7CFF, 0x9CFF, 0x9CFF, 0xBDFF, 0x79C6, 0xF574, 0xDDB6, 0x1DBF, 0xFDBE, 0xFDBE, 0xFDBE, 0xFDBE, 
    0xFDBE, 0xFDBE, 0xFDBE, 0xFDBE, 0xFDBE, 0xFDBE, 0xFDBE, 0xFDBE, 0xFDBE, 0xFDBE, 0xFDBE, 0xFDBE, 
    0xFDBE, 0xFDBE, 0xFDBE, 0xFDBE, 0xFDBE, 0xFDBE, 
    0xFDBE, 0xFDBE, 0xFDBE, 0xFDBE, 0xFDBE, 0xFDBE, 
    0xFDBE, 0xFDBE, 0xFDBE, 0xFDBE, 0xFDBE, 0xFDBE, 0xFDBE, 0xFDBE, 0xFDBE, 0xFDBE, 0xFDBE, 0xFDBE, 
    0xFDBE, 0xFDBE, 0xFDBE, 0x1EBF, 0x5B9E, 0xF57C, 0x1BE7, 0xBDFF, 0x9CFF, 0x9CFF, 0x9CFF, 0x7CFF, 
    0x9CFF, 0x9CFF, 0x9CFF, 0x9CFF, 0x9CFF, 0x9CFF, 0x9CFF, 0x9CFF, 0x9CFF, 0x9CFF, 0x9CFF, 0x9CFF, 
    0x9CFF, 0x9CFF, 0x9CFF, 0x9CFF, 0x9CFF, 0x9CFF, 0x9CFF, 0x9CFF, 0x9CFF, 0x9CFF, 0x9CFF, 0x9CFF, 
    0x9CFF, 0x9CFF, 0x9CFF, 0x9CFF, 0x9CFF, 0x9CFF, 0x9CFF, 0x9CFF, 0x9CFF, 0x9CFF, 0xDDFF, 0x19A6, 
    0xF333, 0x3444, 0x343C, 0x3444, 0x1444, 0x3444, 0x3444, 0x3444, 0x3444, 0x3444, 0x3444, 0x3444, 
    0x3444, 0x1444, 0x1444, 0x143C, 0x7ABE, 0xDDFF, 0x9DF7, 0xBCF7, 0x9DFF, 0x9DFF, 0x9DF7, 0xFDFF, 
    0x778D, 0xF433, 0x3444, 0x3344, 0x3444, 0x3444, 0x3444, 0x3444, 0x3444, 0x3444, 0x3444, 0x3444, 
    0x3444, 0x3444, 0xF33B, 0x3685, 0xDDFF, 0x7CFF, 0x9DFF, 0x9CFF, 0x9CFF, 0x9CFF, 0x9CFF, 0x9CFF, 
    0x9CFF, 0x9CFF, 0x9CFF, 0x9CFF, 0x9CFF, 0x9CFF, 0x9CFF, 0x9CFF, 0x9CFF, 0x9CFF, 0x9CFF, 0x9CFF, 
    0x9CFF, 0x9CFF, 0x9CFF, 0x9CFF, 0x9CFF, 0x9CFF, 0x9CFF, 0x9CFF, 0x9CFF, 0x9CFF, 0x9CFF, 0x9CFF, 
    0x9CFF, 0x9CFF, 0x9CFF, 0x9CFF, 0x9CFF, 0x9CFF, 0x9CFF, 0x9CFF, 0x9CFF, 0x9CFF, 0x9CFF, 0x9CFF, 
    0x9CFF, 0x9CFF, 0x9CFF, 0x9CFF, 0x9CFF, 0x9CFF, 0x9CFF, 0x9CFF, 0x9CFF, 0x9CFF, 0x9CFF, 0x9CFF, 
    0x9CFF, 0x9CFF, 0x9CFF, 0x9CFF, 0x9CFF, 0x9CFF, 0x9CFF, 0xBDFF, 0xDBCE, 0xFC7D, 0x1C86, 0x1C86, 
    0x1C86, 0x1C86, 0x1C86, 0x1C86, 0x1C86, 0x1C86, 0x1C86, 0x1C86, 0x1C86, 0x1C86, 0x1C86, 0x1B86, 
    0xFB85, 0x5DD7, 0xBCFF, 0x9DF7, 0x9DFF, 0x9DF7, 0xBDF7, 0x9DF7, 0xBDFF, 0xDCBE, 0x1C7E, 0x1B86, 
    0x1C86, 0x1C86, 0x1C86, 0x1C86, 0x1C86, 0x1C86, 0x1C86, 0x1C86, 0x1C86, 0x1C86, 0x1C86, 0x1C7E, 
    0x9BB6, 0xBCFF, 0x9DFF, 0x9CFF, 0x9CFF, 0x9CFF, 0x9CFF, 0x9CFF, 0x9CFF, 0x9CFF, 0x9CFF, 0x9CFF, 
    0x9CFF, 0x9CFF, 0x9CFF, 0x9CFF, 0x9CFF, 0x9CFF, 0x9CFF, 0x9CFF, 0x9CFF, 0x9CFF, 0x9CFF, 0x9CFF, 
    0x9CFF, 0x9CFF, 0x9CFF, 0x9CFF, 0x9CFF, 0x9CFF, 0x9CFF, 0x9CFF, 0x9CFF, 0x9CFF, 0x9CFF, 0x9CFF, 
    0x9CFF, 0x9CFF, 0x9CFF, 0x9CFF, 0x9CFF, 0xDDFF, 0x59C6, 0xF574, 0xDDB6, 0x1DBF, 0xFDBE, 0xFDBE, 
    0xFDBE, 0xFDBE, 0xFDBE, 0xFDBE, 0xFDBE, 0xFDBE, 0xFDBE, 0xFDBE, 0xFDBE, 0xFDBE, 0xFDBE, 0xFDBE, 
    0xFDBE, 0xFDBE, 0xFDBE, 0xFDBE, 0xFDBE, 0xFDBE, 0xFDBE, 0xFDBE, 
    0xFDBE, 0xFDBE, 0xFDBE, 0xFDBE, 
    0xFDBE, 0xFDBE, 0xFDBE, 0xFDBE, 0xFDBE, 0xFDBE, 0xFDBE, 0xFDBE, 0xFDBE, 0xFDBE, 0xFDBE, 0xFDBE, 
    0xFDBE, 0xFDBE, 0xFDBE, 0xFDBE, 0xFDBE, 0x1EBF, 0x5B9E, 0xF57C, 0x1BE7, 0xBDFF, 0x9CFF, 0x9CFF, 
    0x9CFF, 0x7CFF, 0x9CFF, 0x9CFF, 0x9CFF, 0x9CFF, 0x9CFF, 0x9CFF, 0x9CFF, 0x9CFF, 0x9CFF, 0x9CFF, 
    0x9CFF, 0x9CFF, 0x9CFF, 0x9CFF, 0x9CFF, 0x9CFF, 0x9CFF, 0x9CFF, 0x9CFF, 0x9CFF, 0x9CFF, 0x9CFF, 
    0x9CFF, 0x9CFF, 0x9CFF, 0x9CFF, 0x9CFF, 0x9CFF, 0x9CFF, 0x9CFF, 0x9CFF, 0x9CFF, 0x9CFF, 0x9CFF, 
    0xBCFF, 0xFCC6, 0x1C76, 0x1C86, 0x3C7E, 0x1C86, 0x1C86, 0x3C86, 0x1C86, 0x1C86, 0x1C86, 0x1C86, 
    0x1C86, 0x1C86, 0x1C86, 0x1C86, 0x1B86, 0x1C7E, 0x3CD7, 0xBCFF, 0xBDF7, 0xBCF7, 0x9DFF, 0x9DFF, 
    0x9DF7, 0xDCFF, 0xBCB6, 0xFC75, 0x3C86, 0x1B86, 0x1C86, 0x1C86, 0x1C86, 0x1C86, 0x1C86, 0x1C86, 
    0x1C86, 0x1C86, 0x1C86, 0x1C86, 0xFC7D, 0x7CAE, 0xBDFF, 0x7CFF, 0x9DFF, 0x9CFF, 0x9CFF, 0x9CFF, 
    0x9CFF, 0x9CFF, 0x9CFF, 0x9CFF, 0x9CFF, 0x9CFF, 0x9CFF, 0x9CFF, 0x9CFF, 0x9CFF, 0x9CFF, 0x9CFF, 
    0x9CFF, 0x9CFF, 0x9CFF, 0x9CFF, 0x9CFF, 0x9CFF, 0x9CFF, 0x9CFF, 0x9CFF, 0x9CFF, 0x9CFF, 0x9CFF, 
    0x9CFF, 0x9CFF, 0x9CFF, 0x9CFF, 0x9CFF, 0x9CFF, 0x9CFF, 0x9CFF, 0x9CFF, 0x9CFF, 0x9CFF, 0x9CFF, 
    0x9CFF, 0x9CFF, 0x9CFF, 0x9CFF, 0x9CFF, 0x9CFF, 0x9CFF, 0x9CFF, 0x9CFF, 0x9CFF, 0x9CFF, 0x9CFF, 
    0x9CFF, 0x9CFF, 0x9CFF, 0x9CFF, 0x9CFF, 0x9CFF, 0x9CFF, 0x9CFF, 0x9CFF, 0xBDFF, 0xBBCE, 0xBB7D, 
    0xDB7D, 0xDB7D, 0xDA7D, 0xDB7D, 0xDB7D, 0xDB7D, 0xDB7D, 0xDB7D, 0xDB7D, 0xDB7D, 0xDA7D, 0xDB7D, 
    0xDB7D, 0xDA7D, 0xBA7D, 0x3CD7, 0xBCFF, 0x9DF7, 0x9DFF, 0x9DF7, 0xBCF7, 0x9DF7, 0xBDFF, 0x9CB6, 
    0xDA75, 0xDA85, 0xDB7D, 0xDB7D, 0xDB7D, 0xDB7D, 0xDB7D, 0xDB7D, 0xDB7D, 0xDB7D, 0xDA7D, 0xDB7D, 
    0xFB7D, 0xBB75, 0x5AAE, 0xBCFF, 0x9DFF, 0x9CFF, 0x9CFF, 0x9CFF, 0x9CFF, 0x9CFF, 0x9CFF, 0x9CFF, 
    0x9CFF, 0x9CFF, 0x9CFF, 0x9CFF, 0x9CFF, 0x9CFF, 0x9CFF, 0x9CFF, 0x9CFF, 0x9CFF, 0x9CFF, 0x9CFF, 
    0x9CFF, 0x9CFF, 0x9CFF, 0x9CFF, 0x9CFF, 0x9CFF, 0x9CFF, 0x9CFF, 0x9CFF, 0x9CFF, 0x9CFF, 0x9CFF, 
    0x9CFF, 0x9CFF, 0x9CFF, 0x9CFF, 0x9CFF, 0x9CFF, 0x9CFF, 0xDDFF, 0x59C6, 0xF574, 0xDDB6, 0x1DBF, 
    0xFDBE, 0xFDBE, 0xFDBE, 0xFDBE, 0xFDBE, 0xFDBE, 0xFDBE, 0xFDBE, 0xFDBE, 0xFDBE, 0xFDBE, 0xFDBE, 
    0xFDBE, 0xFDBE, 0xFDBE, 0xFDBE, 0xFDBE, 0xFDBE, 0xFDBE, 0xFDBE, 0xFDBE, 0xFDBE, 
    0xFDBE, 0xFDBE, 
    0xFDBE, 0xFDBE, 0xFDBE, 0xFDBE, 0xFDBE, 0xFDBE, 0xFDBE, 0xFDBE, 0xFDBE, 0xFDBE, 0xFDBE, 0xFDBE, 
    0xFDBE, 0xFDBE, 0xFDBE, 0xFDBE, 0xFDBE, 0xFDBE, 0xFDBE, 0x1EBF, 0x5B9E, 0xF57C, 0x1BE7, 0xBDFF, 
    0x9CFF, 0x9CFF, 0x9CFF, 0x7CFF, 0x9CFF, 0x9CFF, 0x9CFF, 0x9CFF, 0x9CFF, 0x9CFF, 0x9CFF, 0x9CFF, 
    0x9CFF, 0x9CFF, 0x9CFF, 0x9CFF, 0x9CFF, 0x9CFF, 0x9CFF, 0x9CFF, 0x9CFF, 0x9CFF, 0x9CFF, 0x9CFF, 
    0x9CFF, 0x9CFF, 0x9CFF, 0x9CFF, 0x9CFF, 0x9CFF, 0x9CFF, 0x9CFF, 0x9CFF, 0x9CFF, 0x9CFF, 0x9CFF, 
    0x9CFF, 0x9CFF, 0xBCFF, 0xDCC6, 0xBA6D, 0xDB7D, 0xDB75, 0xDB7D, 0xDB7D, 0xDB7D, 0xDB7D, 0xDB7D, 
    0xDB7D, 0xDB7D, 0xDB7D, 0xDB7D, 0xDB7D, 0xDB7D, 0xDA7D, 0xDB75, 0x1CCF, 0xBDFF, 0xBDF7, 0xBCF7, 
    0x9DFF, 0x9DF7, 0x9DF7, 0xDCFF, 0x9BAE, 0xBB6D, 0xDB7D, 0xDA7D, 0xDB7D, 0xDB75, 0xDB7D, 0xDB7D, 
    0xDB7D, 0xDB7D, 0xDB7D, 0xDB7D, 0xDB7D, 0xFB7D, 0xBB75, 0x5BA6, 0xBDFF, 0x7CFF, 0x9DFF, 0x9CFF, 
    0x9CFF, 0x9CFF, 0x9CFF, 0x9CFF, 0x9CFF, 0x9CFF, 0x9CFF, 0x9CFF, 0x9CFF, 0x9CFF, 0x9CFF, 0x9CFF, 
    0x9CFF, 0x9CFF, 0x9CFF, 0x9CFF, 0x9CFF, 0x9CFF, 0x9CFF, 0x9CFF, 0x9CFF, 0x9CFF, 0x9CFF, 0x9CFF, 
    0x9CFF, 0x9CFF, 0x9CFF, 0x9CFF, 0x9CFF, 0x9CFF, 0x9CFF, 0x9CFF, 0x9CFF, 0x9CFF, 0x9CFF, 0x9CFF, 
    0x9CFF, 0x9CFF, 0x9CFF, 0x9CFF, 0x9CFF, 0x9CFF, 0x9CFF, 0x9CFF, 0x9CFF, 0x9CFF, 0x9CFF, 0x9CFF, 
    0x9CFF, 0x9CFF, 0x9CFF, 0x9CFF, 0x9CFF, 0x9CFF, 0x9CFF, 0x9CFF, 0x9CFF, 0x9CFF, 0x9CFF, 0xBDFF, 
    0xDBCE, 0xDB7D, 0xFB7D, 0xFB7D, 0xDB7D, 0xDB7D, 0xDB7D, 0xDB7D, 0xDB7D, 0xDB7D, 0xDB7D, 0xDB7D, 
    0xDB7D, 0xFB7D, 0xFB7D, 0xFB7D, 0xDA7D, 0x3DD7, 0xBCFF, 0x9DF7, 0x9DFF, 0x9DF7, 0xBCF7, 0x9DF7, 
    0xBDFF, 0xBCB6, 0xDB75, 0xDA85, 0xDB7D, 0xDB7D, 0xDB7D, 0xDB7D, 0xDB7D, 0xDB7D, 0xDB7D, 0xDB7D, 
    0xDB7D, 0xFB7D, 0xFB7D, 0xDB75, 0x7BB6, 0xBCFF, 0x9DFF, 0x9CFF, 0x9CFF, 0x9CFF, 0x9CFF, 0x9CFF, 
    0x9CFF, 0x9CFF, 0x9CFF, 0x9CFF, 0x9CFF, 0x9CFF, 0x9CFF, 0x9CFF, 0x9CFF, 0x9CFF, 0x9CFF, 0x9CFF, 
    0x9CFF, 0x9CFF, 0x9CFF, 0x9CFF, 0x9CFF, 0x9CFF, 0x9CFF, 0x9CFF, 0x9CFF, 0x9CFF, 0x9CFF, 0x9CFF, 
    0x9CFF, 0x9CFF, 0x9CFF, 0x9CFF, 0x9CFF, 0x9CFF, 0x9CFF, 0x9CFF, 0x9CFF, 0xDDFF, 0x59C6, 0xF574, 
    0xDDB6, 0x1DBF, 0xFDBE, 0xFDBE, 0xFDBE, 0xFDBE, 0xFDBE, 0xFDBE, 0xFDBE, 0xFDBE, 0xFDBE, 0xFDBE, 
    0xFDBE, 0xFDBE, 0xFDBE, 0xFDBE, 0xFDBE, 0xFDBE, 0xFDBE, 0xFDBE, 0xFDBE, 0xFDBE, 0xFDBE, 0xFDBE, 
    
    0xFDBE, 0xFDBE, 0xFDBE, 0xFDBE, 0xFDBE, 0xFDBE, 0xFDBE, 0xFDBE, 0xFDBE, 0xFDBE, 0xFDBE, 0xFDBE, 
    0xFDBE, 0xFDBE, 0xFDBE, 0xFDBE, 0xFDBE, 0xFDBE, 0xFDBE, 0xFDBE, 0xFDBE, 0x1EBF, 0x5B9E, 0xF57C, 
    0x1BE7, 0xBDFF, 0x9CFF, 0x9CFF, 0x9CFF, 0x7CFF, 0x9CFF, 0x9CFF, 0x9CFF, 0x9CFF, 0x9CFF, 0x9CFF, 
    0x9CFF, 0x9CFF, 0x9CFF, 0x9CFF, 0x9CFF, 0x9CFF, 0x9CFF, 0x9CFF, 0x9CFF, 0x9CFF, 0x9CFF, 0x9CFF, 
    0x9CFF, 0x9CFF, 0x9CFF, 0x9CFF, 0x9CFF, 0x9CFF, 0x9CFF, 0x9CFF, 0x9CFF, 0x9CFF, 0x9CFF, 0x9CFF, 
    0x9CFF, 0x9CFF, 0x9CFF, 0x9CFF, 0x9CFF, 0xDCC6, 0xBB75, 0xDB85, 0xFB7D, 0xDB7D, 0xDB7D, 0xFB7D, 
    0xFB7D, 0xFB7D, 0xFB7D, 0xFB7D, 0xFB7D, 0xFB7D, 0xFB7D, 0xDB7D, 0xFB7D, 0xFB75, 0x1CCF, 0xBCFF, 
    0xBDF7, 0xBCF7, 0x9DFF, 0x9DFF, 0x9DF7, 0xBCFF, 0x9BAE, 0xDC75, 0xFB7D, 0xDA7D, 0xFB7D, 0xFB7D, 
    0xFB7D, 0xFB7D, 0xFB7D, 0xFB7D, 0xFB7D, 0xFB7D, 0xFB7D, 0xFB7D, 0xBB75, 0x5BAE, 0xBDFF, 0x7CFF, 
    0x9DFF, 0x9CFF, 0x9CFF, 0x9CFF, 0x9CFF, 0x9CFF, 0x9CFF, 0x9CFF, 0x9CFF, 0x9CFF, 0x9CFF, 0x9CFF, 
    0x9CFF, 0x9CFF, 0x9CFF, 0x9CFF, 0x9CFF, 0x9CFF, 0x9CFF, 0x9CFF, 0x9CFF, 0x9CFF, 0x9CFF, 0x9CFF, 
    0x9CFF, 0x9CFF, 0x9CFF, 0x9CFF, 0x9CFF, 0x9CFF, 0x9CFF, 0x9CFF, 0x9CFF, 0x9CFF, 0x9CFF, 0x9CFF, 
    0x9CFF, 0x9CFF, 0x9CFF, 0x9CFF, 0x9CFF, 0x9CFF, 0x9CFF, 0x9CFF, 0x9CFF, 0x9CFF, 0x9CFF, 0x9CFF, 
    0x9CFF, 0x9CFF, 0x9CFF, 0x9CFF, 0x9CFF, 0x9CFF, 0x9CFF, 0x9CFF, 0x9CFF, 0x9CFF, 0x9CFF, 0x9CFF, 
    0x9CFF, 0xBDFF, 0xDBCE, 0xDB7D, 0xFB7D, 0xFB7D, 0xDB7D, 0xDB7D, 0xDB7D, 0xDB7D, 0xDB7D, 0xDB7D, 
    0xDB7D, 0xDB7D, 0xDB7D, 0xFB7D, 0xFB7D, 0xFB7D, 0xDA7D, 0x3DD7, 0xBCFF, 0x9DF7, 0x9DFF, 0x9DF7, 
    0xBCF7, 0x9DF7, 0xBDFF, 0xBCB6, 0xDB75, 0xDA85, 0xDB7D, 0xDB7D, 0xDB7D, 0xDB7D, 0xDB7D, 0xDB7D, 
    0xDB7D, 0xDB7D, 0xDB7D, 0xFB7D, 0xFB7D, 0xDB75, 0x7BB6, 0xBCFF, 0x9DFF, 0x9CFF, 0x9CFF, 0x9CFF, 
    0x9CFF, 0x9CFF, 0x9CFF, 0x9CFF, 0x9CFF, 0x9CFF, 0x9CFF, 0x9CFF, 0x9CFF, 0x9CFF, 0x9CFF, 0x9CFF, 
    0x9CFF, 0x9CFF, 0x9CFF, 0x9CFF, 0x9CFF, 0x9CFF, 0x9CFF, 0x9CFF, 0x9CFF, 0x9CFF, 0x9CFF, 0x9CFF, 
    0x9CFF, 0x9CFF, 0x9CFF, 0x9CFF, 0x9CFF, 0x9CFF, 0x9CFF, 0x9CFF, 0x9CFF, 0x9CFF, 0x9CFF, 0xDDFF, 
    0x59C6, 0xF574, 0xDDB6, 0x1DBF, 0xFDBE, 0xFDBE, 0xFDBE, 0xFDBE, 0xFDBE, 0xFDBE, 0xFDBE, 0xFDBE, 
    0xFDBE, 0xFDBE, 0xFDBE, 0xFDBE, 0xFDBE, 0xFDBE, 0xFDBE, 0xFDBE, 0xFDBE, 0xFDBE, 0xFDBE, 0xFDBE, 
    0xFDBE, 0xFDBE, 
    0xFDBE, 0xFDBE, 0xFDBE, 0xFDBE, 0xFDBE, 0xFDBE, 0xFDBE, 0xFDBE, 0xFDBE, 0xFDBE, 
    0xFDBE, 0xFDBE, 0xFDBE, 0xFDBE, 0xFDBE, 0xFDBE, 0xFDBE, 0xFDBE, 0xFDBE, 0xFDBE, 0xFDBE, 0x1EBF, 
    0x5B9E, 0xF57C, 0x1BE7, 0xBDFF, 0x7CFF, 0x9CFF, 0x9CFF, 0x7CFF, 0x9CFF, 0x9CFF, 0x9CFF, 0x9CFF, 
    0x9CFF, 0x9CFF, 0x9CFF, 0x9CFF, 0x9CFF, 0x9CFF, 0x9CFF, 0x9CFF, 0x9CFF, 0x9CFF, 0x9CFF, 0x9CFF, 
    0x9CFF, 0x9CFF, 0x9CFF, 0x9CFF, 0x9CFF, 0x9CFF, 0x9CFF, 0x9CFF, 0x9CFF, 0x9CFF, 0x9CFF, 0x9CFF, 
    0x9CFF, 0x9CFF, 0x9CFF, 0x9CFF, 0x9CFF, 0x9CFF, 0x9CFF, 0xDCC6, 0xDB75, 0xDB85, 0xFB7D, 0xDB7D, 
    0xDB85, 0xFB7D, 0xFB7D, 0xFB7D, 0xFB7D, 0xFB7D, 0xFB7D, 0xFB7D, 0xFB7D, 0xDB7D, 0xFB7D, 0xDB75, 
    0x1CD7, 0xBDFF, 0xBDF7, 0xBCF7, 0x9DFF, 0x9DFF, 0x9DF7, 0xBCFF, 0x9BAE, 0xDC75, 0xFB7D, 0xDA7D, 
    0xDB7D, 0xFB7D, 0xFA7D, 0xFB7D, 0xFB7D, 0xFB7D, 0xFB7D, 0xFB7D, 0xFB7D, 0xFB7D, 0xBB75, 0x5BAE, 
    0xBDFF, 0x7CFF, 0x9DFF, 0x9CFF, 0x9CFF, 0x9CFF, 0x9CFF, 0x9CFF, 0x9CFF, 0x9CFF, 0x9CFF, 0x9CFF, 
    0x9CFF, 0x9CFF, 0x9CFF, 0x9CFF, 0x9CFF, 0x9CFF, 0x9CFF, 0x9CFF, 0x9CFF, 0x9CFF, 0x9CFF, 0x9CFF, 
    0x9CFF, 0x9CFF, 0x9CFF, 0x9CFF, 0x9CFF, 0x9CFF, 0x9CFF, 0x9CFF, 0x9CFF, 0x9CFF, 0x9CFF, 0x9CFF, 
    0x9CFF, 0x9CFF, 0x9CFF, 0x9CFF, 0x9CFF, 0x9CFF, 0x9CFF, 0x9CFF, 0x9CFF, 0x9CFF, 0x9CFF, 0x9CFF, 
    0x9CFF, 0x9CFF, 0x9CFF, 0x9CFF, 0x9CFF, 0x9CFF, 0x9CFF, 0x9CFF, 0x9CFF, 0x9CFF, 0x9CFF, 0x9CFF, 
    0x9CFF, 0x9CFF, 0x9CFF, 0xBDFF, 0xDBCE, 0xDB7D, 0xFB7D, 0xFB7D, 0xDB7D, 0xDB7D, 0xDB7D, 0xDB7D, 
    0xDB7D, 0xDB7D, 0xDB7D, 0xDB7D, 0xDB7D, 0xFB7D, 0xFB7D, 0xFB7D, 0xDA7D, 0x3DD7, 0xBCFF, 0x9DF7, 
    0x9DFF, 0x9DF7, 0xBCF7, 0x9DF7, 0xBDFF, 0xBCB6, 0xDB75, 0xDA85, 0xDB7D, 0xDB7D, 0xDB7D, 0xDB7D, 
    0xDB7D, 0xDB7D, 0xDB7D, 0xDB7D, 0xDB7D, 0xFB7D, 0xFB7D, 0xDB75, 0x7BB6, 0xBCFF, 0x9DFF, 0x9CFF, 
    0x9CFF, 0x9CFF, 0x9CFF, 0x9CFF, 0x9CFF, 0x9CFF, 0x9CFF, 0x9CFF, 0x9CFF, 0x9CFF, 0x9CFF, 0x9CFF, 
    0x9CFF, 0x9CFF, 0x9CFF, 0x9CFF, 0x9CFF, 0x9CFF, 0x9CFF, 0x9CFF, 0x9CFF, 0x9CFF, 0x9CFF, 0x9CFF, 
    0x9CFF, 0x9CFF, 0x9CFF, 0x9CFF, 0x9CFF, 0x9CFF, 0x9CFF, 0x9CFF, 0x9CFF, 0x9CFF, 0x9CFF, 0x9CFF, 
    0x9CFF, 0xDDFF, 0x59C6, 0xD574, 0xDDB6, 0x1DBF, 0xFDBE, 0xFDBE, 0xFDBE, 0xFDBE, 0xFDBE, 0xFDBE, 
    0xFDBE, 0xFDBE, 0xFDBE, 0xFDBE, 0xFDBE, 0xFDBE, 0xFDBE, 0xFDBE, 0xFDBE, 0xFDBE, 0xFDBE, 0xFDBE, 
    0xFDBE, 0xFDBE, 0xFDBE, 0xFDBE, 
    0xFDBE, 0xFDBE, 0xFDBE, 0xFDBE, 0xFDBE, 0xFDBE, 0xFDBE, 0xFDBE, 
    0xFDBE, 0xFDBE, 0xFDBE, 0xFDBE, 0xFDBE, 0xFDBE, 0xFDBE, 0xFDBE, 0xFDBE, 0xFDBE, 0xFDBE, 0xFDBE, 
    0xFDBE, 0x1EBF, 0x5B9E, 0xF57C, 0x1BE7, 0xBDFF, 0x7CFF, 0x9CFF, 0x9CFF, 0x7CFF, 0x9CFF, 0x9CFF, 
    0x9CFF, 0x9CFF, 0x9CFF, 0x9CFF, 0x9CFF, 0x9CFF, 0x9CFF, 0x9CFF, 0x9CFF, 0x9CFF, 0x9CFF, 0x9CFF, 
    0x9CFF, 0x9CFF, 0x9CFF, 0x9CFF, 0x9CFF, 0x9CFF, 0x9CFF, 0x9CFF, 0x9CFF, 0x9CFF, 0x9CFF, 0x9CFF, 
    0x9CFF, 0x9CFF, 0x9CFF, 0x9CFF, 0x9CFF, 0x9CFF, 0x9CFF, 0x9CFF, 0x9CFF, 0xDBC6, 0xDA75, 0xDB85, 
    0xFB7D, 0xDB7D, 0xDB7D, 0xFB7D, 0xDB7D, 0xDB7D, 0xDB7D, 0xDB7D, 0xDB7D, 0xDB7D, 0xDB7D, 0xDB7D, 
    0xFB7D, 0xDB75, 0x1CD7, 0xBDFF, 0xBDF7, 0xBCF7, 0x9DFF, 0x9DFF, 0x9DF7, 0xBCFF, 0x9BAE, 0xBC75, 
    0xFB7D, 0xDA7D, 0xDB7D, 0xDB7D, 0xDB7D, 0xDB7D, 0xDB7D, 0xDB7D, 0xDB7D, 0xDB7D, 0xDB7D, 0xFB7D, 
    0xBB75, 0x5BAE, 0xBDFF, 0x7CFF, 0x9DFF, 0x9CFF, 0x9CFF, 0x9CFF, 0x9CFF, 0x9CFF, 0x9CFF, 0x9CFF, 
    0x9CFF, 0x9CFF, 0x9CFF, 0x9CFF, 0x9CFF, 0x9CFF, 0x9CFF, 0x9CFF, 0x9CFF, 0x9CFF, 0x9CFF, 0x9CFF, 
    0x9CFF, 0x9CFF, 0x9CFF, 0x9CFF, 0x9CFF, 0x9CFF, 0x9CFF, 0x9CFF, 0x9CFF, 0x9CFF, 0x9CFF, 0x9CFF, 
    0x9CFF, 0x9CFF, 0x9CFF, 0x9CFF, 0x9CFF, 0x9CFF, 0x9CFF, 0x9CFF, 0x9CFF, 0x9CFF, 0x9CFF, 0x9CFF, 
    0x9CFF, 0x9CFF, 0x9CFF, 0x9CFF, 0x9CFF, 0x9CFF, 0x9CFF, 0x9CFF, 0x9CFF, 0x9CFF, 0x9CFF, 0x9CFF, 
    0x9CFF, 0x9CFF, 0x9CFF, 0x9CFF, 0x9CFF, 0xBDFF, 0xDBCE, 0xDB7D, 0xFB7D, 0xFB7D, 0xDB7D, 0xDB7D, 
    0xDB7D, 0xDB7D, 0xDB7D, 0xDB7D, 0xDB7D, 0xDB7D, 0xDB7D, 0xFB7D, 0xFB7D, 0xFB7D, 0xDA7D, 0x3DD7, 
    0xBCFF, 0x9DF7, 0x9DFF, 0x9DF7, 0xBCF7, 0x9DF7, 0xBDFF, 0xBCB6, 0xDB75, 0xDA85, 0xDB7D, 0xDB7D, 
    0xDB7D, 0xDB7D, 0xDB7D, 0xDB7D, 0xDB7D, 0xDB7D, 0xDB7D, 0xFB7D, 0xFB7D, 0xDB75, 0x7BB6, 0xBCFF, 
    0x9DFF, 0x9CFF, 0x9CFF, 0x9CFF, 0x9CFF, 0x9CFF, 0x9CFF, 0x9CFF, 0x9CFF, 0x9CFF, 0x9CFF, 0x9CFF, 
    0x9CFF, 0x9CFF, 0x9CFF, 0x9CFF, 0x9CFF, 0x9CFF, 0x9CFF, 0x9CFF, 0x9CFF, 0x9CFF, 0x9CFF, 0x9CFF, 
    0x9CFF, 0x9CFF, 0x9CFF, 0x9CFF, 0x9CFF, 0x9CFF, 0x9CFF, 0x9CFF, 0x9CFF, 0x9CFF, 0x9CFF, 0x9CFF, 
    0x9CFF, 0x9CFF, 0x9CFF, 0xDDFF, 0x59C6, 0xD574, 0xDDB6, 0x1DBF, 0xFDBE, 0xFDBE, 0xFDBE, 0xFDBE, 
    0xFDBE, 0xFDBE, 0xFDBE, 0xFDBE, 0xFDBE, 0xFDBE, 0xFDBE, 0xFDBE, 0xFDBE, 0xFDBE, 0xFDBE, 0xFDBE, 
    0xFDBE, 0xFDBE, 0xFDBE, 0xFDBE, 0xFDBE, 0xFDBE, 
    0xFDBE, 0xFDBE, 0xFDBE, 0xFDBE, 0xFDBE, 0xFDBE, 
    0xFDBE, 0xFDBE, 0xFDBE, 0xFDBE, 0xFDBE, 0xFDBE, 0xFDBE, 0xFDBE, 0xFDBE, 0xFDBE, 0xFDBE, 0xFDBE, 
    0xFDBE, 0xFDBE, 0xFDBE, 0x1EBF, 0x5B9E, 0xF57C, 0x1BE7, 0xBDFF, 0x7CFF, 0x9CFF, 0x9CFF, 0x7CFF, 
    0x9CFF, 0x9CFF, 0x9CFF, 0x9CFF, 0x9CFF, 0x9CFF, 0x9CFF, 0x9CFF, 0x9CFF, 0x9CFF, 0x9CFF, 0x9CFF, 
    0x9CFF, 0x9CFF, 0x9CFF, 0x9CFF, 0x9CFF, 0x9CFF, 0x9CFF, 0x9CFF, 0x9CFF, 0x9CFF, 0x9CFF, 0x9CFF, 
    0x9CFF, 0x9CFF, 0x9CFF, 0x9CFF, 0x9CFF, 0x9CFF, 0x9CFF, 0x9CFF, 0x9CFF, 0x9CFF, 0xBCFF, 0xDBC6, 
    0xDA75, 0xFB85, 0xFB7D, 0xDB7D, 0xDB7D, 0xFB7D, 0xDB7D, 0xDB7D, 0xDB7D, 0xDB7D, 0xDB7D, 0xDB7D, 
    0xDB7D, 0xDB7D, 0xFB7D, 0xDB75, 0x1CD7, 0xBDFF, 0xBDF7, 0xBCF7, 0x9DFF, 0x9DFF, 0x9DF7, 0xBCFF, 
    0x9BAE, 0xDC75, 0xDB7D, 0xDA7D, 0xDB7D, 0xDB7D, 0xDB7D, 0xDB7D, 0xDB7D, 0xDB7D, 0xDB7D, 0xDB7D, 
    0xDB7D, 0xFB7D, 0xBB75, 0x5BAE, 0xBDFF, 0x7CFF, 0x9DFF, 0x9CFF, 0x9CFF, 0x9CFF, 0x9CFF, 0x9CFF, 
    0x9CFF, 0x9CFF, 0x9CFF, 0x9CFF, 0x9CFF, 0x9CFF, 0x9CFF, 0x9CFF, 0x9CFF, 0x9CFF, 0x9CFF, 0x9CFF, 
    0x9CFF, 0x9CFF, 0x9CFF, 0x9CFF, 0x9CFF, 0x9CFF, 0x9CFF, 0x9CFF, 0x9CFF, 0x9CFF, 0x9CFF, 0x9CFF, 
    0x9CFF, 0x9CFF, 0x9CFF, 0x9CFF, 0x9CFF, 0x9CFF, 0x9CFF, 0x9CFF, 0x9CFF, 0x9CFF, 0x9CFF, 0x9CFF, 
    0x9CFF, 0x9CFF, 0x9CFF, 0x9CFF, 0x9CFF, 0x9CFF, 0x9CFF, 0x9CFF, 0x9CFF, 0x9CFF, 0x9CFF, 0x9CFF, 
    0x9CFF, 0x9CFF, 0x9CFF, 0x9CFF, 0x9CFF, 0x9CFF, 0x9CFF, 0xBDFF, 0xDBCE, 0xDB7D, 0xFB7D, 0xFB7D, 
    0xDB7D, 0xDB7D, 0xDB7D, 0xDB7D, 0xDB7D, 0xDB7D, 0xDB7D, 0xDB7D, 0xDB7D, 0xFB7D, 0xFB7D, 0xFB7D, 
    0xDA7D, 0x3DD7, 0xBCFF, 0x9DF7, 0x9DFF, 0x9DF7, 0xBCF7, 0x9DF7, 0xBDFF, 0xBCB6, 0xDB75, 0xDA85, 
    0xDB7D, 0xDB7D, 0xDB7D, 0xDB7D, 0xDB7D, 0xDB7D, 0xDB7D, 0xDB7D, 0xDB7D, 0xFB7D, 0xFB7D, 0xDB75, 
    0x7BB6, 0xBCFF, 0x9DFF, 0x9CFF, 0x9CFF, 0x9CFF, 0x9CFF, 0x9CFF, 0x9CFF, 0x9CFF, 0x9CFF, 0x9CFF, 
    0x9CFF, 0x9CFF, 0x9CFF, 0x9CFF, 0x9CFF, 0x9CFF, 0x9CFF, 0x9CFF, 0x9CFF, 0x9CFF, 0x9CFF, 0x9CFF, 
    0x9CFF, 0x9CFF, 0x9CFF, 0x9CFF, 0x9CFF, 0x9CFF, 0x9CFF, 0x9CFF, 0x9CFF, 0x9CFF, 0x9CFF, 0x9CFF, 
    0x9CFF, 0x9CFF, 0x9CFF, 0x9CFF, 0x9CFF, 0xDDFF, 0x59C6, 0xD574, 0xDDB6, 0x1DBF, 0xFDBE, 0xFDBE, 
    0xFDBE, 0xFDBE, 0xFDBE, 0xFDBE, 0xFDBE, 0xFDBE, 0xFDBE, 0xFDBE, 0xFDBE, 0xFDBE, 0xFDBE, 0xFDBE, 
    0xFDBE, 0xFDBE, 0xFDBE, 0xFDBE, 0xFDBE, 0xFDBE, 0xFDBE, 0xFDBE, 
    0xFDBE, 0xFDBE, 0xFDBE, 0xFDBE, 
    0xFDBE, 0xFDBE, 0xFDBE, 0xFDBE, 0xFDBE, 0xFDBE, 0xFDBE, 0xFDBE, 0xFDBE, 0xFDBE, 0xFDBE, 0xFDBE, 
    0xFDBE, 0xFDBE, 0xFDBE, 0xFDBE, 0xFDBE, 0x1EBF, 0x5B9E, 0xF57C, 0x1BE7, 0xBDFF, 0x7CFF, 0x9CFF, 
    0x9CFF, 0x7CFF, 0x9CFF, 0x9CFF, 0x9CFF, 0x9CFF, 0x9CFF, 0x9CFF, 0x9CFF, 0x9CFF, 0x9CFF, 0x9CFF, 
    0x9CFF, 0x9CFF, 0x9CFF, 0x9CFF, 0x9CFF, 0x9CFF, 0x9CFF, 0x9CFF, 0x9CFF, 0x9CFF, 0x9CFF, 0x9CFF, 
    0x9CFF, 0x9CFF, 0x9CFF, 0x9CFF, 0x9CFF, 0x9CFF, 0x9CFF, 0x9CFF, 0x9CFF, 0x9CFF, 0x9CFF, 0x9CFF, 
    0xBCFF, 0xDBC6, 0xDA75, 0xFB85, 0xFB7D, 0xDB7D, 0xDB7D, 0xFA7D, 0xFB7D, 0xFB7D, 0xFB7D, 0xFB7D, 
    0xFB7D, 0xFB7D, 0xFB7D, 0xDB7D, 0xFB7D, 0xDB75, 0x1CD7, 0xBDFF, 0xBDF7, 0xBCF7, 0x9DFF, 0x9DFF, 
    0x9DF7, 0xBCFF, 0x9BB6, 0xBC75, 0xDB7D, 0xDA7D, 0xDB7D, 0xFB7D, 0xFB7D, 0xFB7D, 0xFB7D, 0xFB7D, 
    0xFB7D, 0xFB7D, 0xFB7D, 0xFB7D, 0xBB75, 0x5BAE, 0xBDFF, 0x7CFF, 0x9DFF, 0x9CFF, 0x9CFF, 0x9CFF, 
    0x9CFF, 0x9CFF, 0x9CFF, 0x9CFF, 0x9CFF, 0x9CFF, 0x9CFF, 0x9CFF, 0x9CFF, 0x9CFF, 0x9CFF, 0x9CFF, 
    0x9CFF, 0x9CFF, 0x9CFF, 0x9CFF, 0x9CFF, 0x9CFF, 0x9CFF, 0x9CFF, 0x9CFF, 0x9CFF, 0x9CFF, 0x9CFF, 
    0x9CFF, 0x9CFF, 0x9CFF, 0x9CFF, 0x9CFF, 0x9CFF, 0x9CFF, 0x9CFF, 0x9CFF, 0x9CFF, 0x9CFF, 0x9CFF, 
    0x9CFF, 0x9CFF, 0x9CFF, 0x9CFF, 0x9CFF, 0x9CFF, 0x9CFF, 0x9CFF, 0x9CFF, 0x9CFF, 0x9CFF, 0x9CFF, 
    0x9CFF, 0x9CFF, 0x9CFF, 0x9CFF, 0x9CFF, 0x9CFF, 0x9CFF, 0x9CFF, 0x9CFF, 0xBDFF, 0xDBCE, 0xDB7D, 
    0xFB7D, 0xFB7D, 0xDB7D, 0xDB7D, 0xDB7D, 0xDB7D, 0xDB7D, 0xDB7D, 0xDB7D, 0xDB7D, 0xDB7D, 0xFB7D, 
    0xFB7D, 0xFB7D, 0xDA7D, 0x3DD7, 0xBCFF, 0x9DF7, 0x9DFF, 0x9DF7, 0xBCF7, 0x9DF7, 0xBDFF, 0xBCB6, 
    0xDB75, 0xDA85, 0xDB7D, 0xDB7D, 0xDB7D, 0xDB7D, 0xDB7D, 0xDB7D, 0xDB7D, 0xDB7D, 0xDB7D, 0xFB7D, 
    0xFB7D, 0xDB75, 0x7BB6, 0xBCFF, 0x9DFF, 0x9CFF, 0x9CFF, 0x9CFF, 0x9CFF, 0x9CFF, 0x9CFF, 0x9CFF, 
    0x9CFF, 0x9CFF, 0x9CFF, 0x9CFF, 0x9CFF, 0x9CFF, 0x9CFF, 0x9CFF, 0x9CFF, 0x9CFF, 0x9CFF, 0x9CFF, 
    0x9CFF, 0x9CFF, 0x9CFF, 0x9CFF, 0x9CFF, 0x9CFF, 0x9CFF, 0x9CFF, 0x9CFF, 0x9CFF, 0x9CFF, 0x9CFF, 
    0x9CFF, 0x9CFF, 0x9CFF, 0x9CFF, 0x9CFF, 0x9CFF, 0x9CFF, 0xDDFF, 0x59C6, 0xD574, 0xDDB6, 0x1DBF, 
    0xFDBE, 0xFDBE, 0xFDBE, 0xFDBE, 0xFDBE, 0xFDBE, 0xFDBE, 0xFDBE, 0xFDBE, 0xFDBE, 0xFDBE, 0xFDBE, 
    0xFDBE, 0xFDBE, 0xFDBE, 0xFDBE, 0xFDBE, 0xFDBE, 0xFDBE, 0xFDBE, 0xFDBE, 0xFDBE, 
    0xFDBE, 0xFDBE, 
    0xFDBE, 0xFDBE, 0xFDBE, 0xFDBE, 0xFDBE, 0xFDBE, 0xFDBE, 0xFDBE, 0xFDBE, 0xFDBE, 0xFDBE, 0xFDBE, 
    0xFDBE, 0xFDBE, 0xFDBE, 0xFDBE, 0xFDBE, 0xFDBE, 0xFDBE, 0x1EBF, 0x5B9E, 0xF57C, 0x1BE7, 0xBDFF, 
    0x9CFF, 0x9CFF, 0x9CFF, 0x7CFF, 0x9CFF, 0x9CFF, 0x9CFF, 0x9CFF, 0x9CFF, 0x9CFF, 0x9CFF, 0x9CFF, 
    0x9CFF, 0x9CFF, 0x9CFF, 0x9CFF, 0x9CFF, 0x9CFF, 0x9CFF, 0x9CFF, 0x9CFF, 0x9CFF, 0x9CFF, 0x9CFF, 
    0x9CFF, 0x9CFF, 0x9CFF, 0x9CFF, 0x9CFF, 0x9CFF, 0x9CFF, 0x9CFF, 0x9CFF, 0x9CFF, 0x9CFF, 0x9CFF, 
    0x9CFF, 0x9CFF, 0xBCFF, 0xDCC6, 0xDB75, 0xDB85, 0xFB7D, 0xDB7D, 0xDB7D, 0xFB7D, 0xDB7D, 0xDB7D, 
    0xDB7D, 0xDB7D, 0xDB7D, 0xDB7D, 0xDB7D, 0xDB7D, 0xFB85, 0xDB75, 0x1CD7, 0xBDFF, 0xBDF7, 0xBCFF, 
    0x9DFF, 0x9DFF, 0x9DF7, 0xBCFF, 0x9BAE, 0xBC75, 0xFB7D, 0xDA7D, 0xDB7D, 0xDB7D, 0xDB7D, 0xDB7D, 
    0xDB7D, 0xDB7D, 0xDB7D, 0xDB7D, 0xDB7D, 0xFB7D, 0xBB75, 0x5BAE, 0xBDFF, 0x9CFF, 0x9DFF, 0x9CFF, 
    0x9CFF, 0x9CFF, 0x9CFF, 0x9CFF, 0x9CFF, 0x9CFF, 0x9CFF, 0x9CFF, 0x9CFF, 0x9CFF, 0x9CFF, 0x9CFF, 
    0x9CFF, 0x9CFF, 0x9CFF, 0x9CFF, 0x9CFF, 0x9CFF, 0x9CFF, 0x9CFF, 0x9CFF, 0x9CFF, 0x9CFF, 0x9CFF, 
    0x9CFF, 0x9CFF, 0x9CFF, 0x9CFF, 0x9CFF, 0x9CFF, 0x9CFF, 0x9CFF, 0x9CFF, 0x9CFF, 0x9CFF, 0x9CFF, 
    0x9CFF, 0x9CFF, 0x9CFF, 0x9CFF, 0x9CFF, 0x9CFF, 0x9CFF, 0x9CFF, 0x9CFF, 0x9CFF, 0x9CFF, 0x9CFF, 
    0x9CFF, 0x9CFF, 0x9CFF, 0x9CFF, 0x9CFF, 0x9CFF, 0x9CFF, 0x9CFF, 0x9CFF, 0x9CFF, 0x9CFF, 0xBDFF, 
    0xDBCE, 0xDB7D, 0xFB7D, 0xFB7D, 0xDB7D, 0xDB7D, 0xDB7D, 0xDB7D, 0xDB7D, 0xDB7D, 0xDB7D, 0xDB7D, 
    0xDB7D, 0xFB7D, 0xFB7D, 0xFB7D, 0xDA7D, 0x3DD7, 0xBCFF, 0x9DF7, 0x9DFF, 0x9DF7, 0xBCF7, 0x9DF7, 
    0xBDFF, 0xBCB6, 0xDB75, 0xDA85, 0xDB7D, 0xDB7D, 0xDB7D, 0xDB7D, 0xDB7D, 0xDB7D, 0xDB7D, 0xDB7D, 
    0xDB7D, 0xFB7D, 0xFB7D, 0xDB75, 0x7BB6, 0xBCFF, 0x9DFF, 0x9CFF, 0x9CFF, 0x9CFF, 0x9CFF, 0x9CFF, 
    0x9CFF, 0x9CFF, 0x9CFF, 0x9CFF, 0x9CFF, 0x9CFF, 0x9CFF, 0x9CFF, 0x9CFF, 0x9CFF, 0x9CFF, 0x9CFF, 
    0x9CFF, 0x9CFF, 0x9CFF, 0x9CFF, 0x9CFF, 0x9CFF, 0x9CFF, 0x9CFF, 0x9CFF, 0x9CFF, 0x9CFF, 0x9CFF, 
    0x9CFF, 0x9CFF, 0x9CFF, 0x9CFF, 0x9CFF, 0x9CFF, 0x9CFF, 0x9CFF, 0x9CFF, 0xDDFF, 0x79C6, 0xF574, 
    0xDDB6, 0x1DBF, 0xFDBE, 0xFDBE, 0xFDBE, 0xFDBE, 0xFDBE, 0xFDBE, 0xFDBE, 0xFDBE, 0xFDBE, 0xFDBE, 
    0xFDBE, 0xFDBE, 0xFDBE, 0xFDBE, 0xFDBE, 0xFDBE, 0xFDBE, 0xFDBE, 0xFDBE, 0xFDBE, 0xFDBE, 0xFDBE, 
    
    0xFDBE, 0xFDBE, 0xFDBE, 0xFDBE, 0xFDBE, 0xFDBE, 0xFDBE, 0xFDBE, 0xFDBE, 0xFDBE, 0xFDBE, 0xFDBE, 
    0xFDBE, 0xFDBE, 0xFDBE, 0xFDBE, 0xFDBE, 0xFDBE, 0xFDBE, 0xFDBE, 0xFDBE, 0x1EBF, 0x5B9E, 0xF57C, 
    0x1BE7, 0xBDFF, 0x9CFF, 0x9CFF, 0x9CFF, 0x7CFF, 0x9CFF, 0x9CFF, 0x9CFF, 0x9CFF, 0x9CFF, 0x9CFF, 
    0x9CFF, 0x9CFF, 0x9CFF, 0x9CFF, 0x9CFF, 0x9CFF, 0x9CFF, 0x9CFF, 0x9CFF, 0x9CFF, 0x9CFF, 0x9CFF, 
    0x9CFF, 0x9CFF, 0x9CFF, 0x9CFF, 0x9CFF, 0x9CFF, 0x9CFF, 0x9CFF, 0x9CFF, 0x9CFF, 0x9CFF, 0x9CFF, 
    0x9CFF, 0x9CFF, 0x9CFF, 0x9CFF, 0xBCFF, 0xDCC6, 0xDB75, 0xDB85, 0xFB7D, 0xDB7D, 0xDB7D, 0xFB7D, 
    0xDB7D, 0xDB7D, 0xDB7D, 0xDB7D, 0xDB7D, 0xDB7D, 0xDB7D, 0xDB7D, 0xFB85, 0xDB75, 0x1CD7, 0xBDFF, 
    0xBDF7, 0xBCFF, 0x9DFF, 0x9DFF, 0x9DF7, 0xBCFF, 0x9BAE, 0xBC75, 0xFB7D, 0xDA7D, 0xDB7D, 0xDB7D, 
    0xDB7D, 0xDB7D, 0xDB7D, 0xDB7D, 0xDB7D, 0xDB7D, 0xDB7D, 0xFB7D, 0xBB75, 0x5BAE, 0xBDFF, 0x9CFF, 
    0x9DFF, 0x9CFF, 0x9CFF, 0x9CFF, 0x9CFF, 0x9CFF, 0x9CFF, 0x9CFF, 0x9CFF, 0x9CFF, 0x9CFF, 0x9CFF, 
    0x9CFF, 0x9CFF, 0x9CFF, 0x9CFF, 0x9CFF, 0x9CFF, 0x9CFF, 0x9CFF, 0x9CFF, 0x9CFF, 0x9CFF, 0x9CFF, 
    0x9CFF, 0x9CFF, 0x9CFF, 0x9CFF, 0x9CFF, 0x9CFF, 0x9CFF, 0x9CFF, 0x9CFF, 0x9CFF, 0x9CFF, 0x9CFF, 
    0x9CFF, 0x9CFF, 0x9CFF, 0x9CFF, 0x9CFF, 0x9CFF, 0x9CFF, 0x9CFF, 0x9CFF, 0x9CFF, 0x9CFF, 0x9CFF, 
    0x9CFF, 0x9CFF, 0x9CFF, 0x9CFF, 0x9CFF, 0x9CFF, 0x9CFF, 0x9CFF, 0x9CFF, 0x9CFF, 0x9CFF, 0x9CFF, 
    0x9CFF, 0xBDFF, 0xDBCE, 0xDB7D, 0xFB7D, 0xFB7D, 0xDB7D, 0xDB7D, 0xDB7D, 0xDB7D, 0xDB7D, 0xDB7D, 
    0xDB7D, 0xDB7D, 0xDB7D, 0xFB7D, 0xFB7D, 0xFB7D, 0xDA7D, 0x3DD7, 0xBCFF, 0x9DF7, 0x9DFF, 0x9DF7, 
    0xBCF7, 0x9DF7, 0xBDFF, 0xBCB6, 0xDB75, 0xDA85, 0xDB7D, 0xDB7D, 0xDB7D, 0xDB7D, 0xDB7D, 0xDB7D, 
    0xDB7D, 0xDB7D, 0xDB7D, 0xFB7D, 0xFB7D, 0xDB75, 0x7BB6, 0xBCFF, 0x9DFF, 0x9CFF, 0x9CFF, 0x9CFF, 
    0x9CFF, 0x9CFF, 0x9CFF, 0x9CFF, 0x9CFF, 0x9CFF, 0x9CFF, 0x9CFF, 0x9CFF, 0x9CFF, 0x9CFF, 0x9CFF, 
    0x9CFF, 0x9CFF, 0x9CFF, 0x9CFF, 0x9CFF, 0x9CFF, 0x9CFF, 0x9CFF, 0x9CFF, 0x9CFF, 0x9CFF, 0x9CFF, 
    0x9CFF, 0x9CFF, 0x9CFF, 0x9CFF, 0x9CFF, 0x9CFF, 0x9CFF, 0x9CFF, 0x9CFF, 0x9CFF, 0x9CFF, 0xDDFF, 
    0x79C6, 0xF574, 0xDDB6, 0x1DBF, 0xFDBE, 0xFDBE, 0xFDBE, 0xFDBE, 0xFDBE, 0xFDBE, 0xFDBE, 0xFDBE, 
    0xFDBE, 0xFDBE, 0xFDBE, 0xFDBE, 0xFDBE, 0xFDBE, 0xFDBE, 0xFDBE, 0xFDBE, 0xFDBE, 0xFDBE, 0xFDBE, 
    0xFDBE, 0xFDBE, 
    0xFDBE, 0xFDBE, 0xFDBE, 0xFDBE, 0xFDBE, 0xFDBE, 0xFDBE, 0xFDBE, 0xFDBE, 0xFDBE, 
    0xFDBE, 0xFDBE, 0xFDBE, 0xFDBE, 0xFDBE, 0xFDBE, 0xFDBE, 0xFDBE, 0xFDBE, 0xFDBE, 0xFDBE, 0x1EBF, 
    0x5B9E, 0xF57C, 0x1BE7, 0xBDFF, 0x9CFF, 0x9CFF, 0x9CFF, 0x7CFF, 0x9CFF, 0x9CFF, 0x9CFF, 0x9CFF, 
    0x9CFF, 0x9CFF, 0x9CFF, 0x9CFF, 0x9CFF, 0x9CFF, 0x9CFF, 0x9CFF, 0x9CFF, 0x9CFF, 0x9CFF, 0x9CFF, 
    0x9CFF, 0x9CFF, 0x9CFF, 0x9CFF, 0x9CFF, 0x9CFF, 0x9CFF, 0x9CFF, 0x9CFF, 0x9CFF, 0x9CFF, 0x9CFF, 
    0x9CFF, 0x9CFF, 0x9CFF, 0x9CFF, 0x9CFF, 0x9CFF, 0xBCFF, 0xDCC6, 0xDB75, 0xDB85, 0xFB7D, 0xDB7D, 
    0xDB7D, 0xFB7D, 0xDB7D, 0xDB7D, 0xDB7D, 0xDB7D, 0xDB7D, 0xDB7D, 0xDB7D, 0xDB7D, 0xFB85, 0xDB75, 
    0x1CD7, 0xBDFF, 0xBDF7, 0xBCFF, 0x9DFF, 0x9DFF, 0x9DF7, 0xBCFF, 0x9BAE, 0xBC75, 0xFB7D, 0xDA7D, 
    0xDB7D, 0xDB7D, 0xDB7D, 0xDB7D, 0xDB7D, 0xDB7D, 0xDB7D, 0xDB7D, 0xDB7D, 0xFB7D, 0xBB75, 0x5BAE, 
    0xBDFF, 0x9CFF, 0x9DFF, 0x9CFF, 0x9CFF, 0x9CFF, 0x9CFF, 0x9CFF, 0x9CFF, 0x9CFF, 0x9CFF, 0x9CFF, 
    0x9CFF, 0x9CFF, 0x9CFF, 0x9CFF, 0x9CFF, 0x9CFF, 0x9CFF, 0x9CFF, 0x9CFF, 0x9CFF, 0x9CFF, 0x9CFF, 
    0x9CFF, 0x9CFF, 0x9CFF, 0x9CFF, 0x9CFF, 0x9CFF, 0x9CFF, 0x9CFF, 0x9CFF, 0x9CFF, 0x9CFF, 0x9CFF, 
    0x9CFF, 0x9CFF, 0x9CFF, 0x9CFF, 0x9CFF, 0x9CFF, 0x9CFF, 0x9CFF, 0x9CFF, 0x9CFF, 0x9CFF, 0x9CFF, 
    0x9CFF, 0x9CFF, 0x9CFF, 0x9CFF, 0x9CFF, 0x9CFF, 0x9CFF, 0x9CFF, 0x9CFF, 0x9CFF, 0x9CFF, 0x9CFF, 
    0x9CFF, 0x9CFF, 0x9CFF, 0xBDFF, 0xDBCE, 0xDB7D, 0xFB7D, 0xFB7D, 0xDB7D, 0xDB7D, 0xDB7D, 0xDB7D, 
    0xDB7D, 0xDB7D, 0xDB7D, 0xDB7D, 0xDB7D, 0xFB7D, 0xFB7D, 0xFB7D, 0xDA7D, 0x3DD7, 0xBCFF, 0x9DF7, 
    0x9DFF, 0x9DF7, 0xBCF7, 0x9DF7, 0xBDFF, 0xBCB6, 0xDB75, 0xDA85, 0xDB7D, 0xDB7D, 0xDB7D, 0xDB7D, 
    0xDB7D, 0xDB7D, 0xDB7D, 0xDB7D, 0xDB7D, 0xFB7D, 0xFB7D, 0xDB75, 0x7BB6, 0xBCFF, 0x9DFF, 0x9CFF, 
    0x9CFF, 0x9CFF, 0x9CFF, 0x9CFF, 0x9CFF, 0x9CFF, 0x9CFF, 0x9CFF, 0x9CFF, 0x9CFF, 0x9CFF, 0x9CFF, 
    0x9CFF, 0x9CFF, 0x9CFF, 0x9CFF, 0x9CFF, 0x9CFF, 0x9CFF, 0x9CFF, 0x9CFF, 0x9CFF, 0x9CFF, 0x9CFF, 
    0x9CFF, 0x9CFF, 0x9CFF, 0x9CFF, 0x9CFF, 0x9CFF, 0x9CFF, 0x9CFF, 0x9CFF, 0x9CFF, 0x9CFF, 0x9CFF, 
    0x9CFF, 0xDDFF, 0x79C6, 0xF574, 0xDDB6, 0x1DBF, 0xFDBE, 0xFDBE, 0xFDBE, 0xFDBE, 0xFDBE, 0xFDBE, 
    0xFDBE, 0xFDBE, 0xFDBE, 0xFDBE, 0xFDBE, 0xFDBE, 0xFDBE, 0xFDBE, 0xFDBE, 0xFDBE, 0xFDBE, 0xFDBE, 
    0xFDBE, 0xFDBE, 0xFDBE, 0xFDBE, 
    0xFDBE, 0xFDBE, 0xFDBE, 0xFDBE, 0xFDBE, 0xFDBE, 0xFDBE, 0xFDBE, 
    0xFDBE, 0xFDBE, 0xFDBE, 0xFDBE, 0xFDBE, 0xFDBE, 0xFDBE, 0xFDBE, 0xFDBE, 0xFDBE, 0xFDBE, 0xFDBE, 
    0xFDBE, 0x1EBF, 0x5B9E, 0xF57C, 0x1BE7, 0xBDFF, 0x9CFF, 0x9CFF, 0x9CFF, 0x7CFF, 0x9CFF, 0x9CFF, 
    0x9CFF, 0x9CFF, 0x9CFF, 0x9CFF, 0x9CFF, 0x9CFF, 0x9CFF, 0x9CFF, 0x9CFF, 0x9CFF, 0x9CFF, 0x9CFF, 
    0x9CFF, 0x9CFF, 0x9CFF, 0x9CFF, 0x9CFF, 0x9CFF, 0x9CFF, 0x9CFF, 0x9CFF, 0x9CFF, 0x9CFF, 0x9CFF, 
    0x9CFF, 0x9CFF, 0x9CFF, 0x9CFF, 0x9CFF, 0x9CFF, 0x9CFF, 0x9CFF, 0xBCFF, 0xDCC6, 0xDB75, 0xDB85, 
    0xFB7D, 0xDB7D, 0xDB7D, 0xFB7D, 0xDB7D, 0xDB7D, 0xDB7D, 0xDB7D, 0xDB7D, 0xDB7D, 0xDB7D, 0xDB7D, 
    0xFB85, 0xDB75, 0x1CD7, 0xBDFF, 0xBDF7, 0xBCFF, 0x9DFF, 0x9DFF, 0x9DF7, 0xBCFF, 0x9BAE, 0xBC75, 
    0xFB7D, 0xDA7D, 0xDB7D, 0xDB7D, 0xDB7D, 0xDB7D, 0xDB7D, 0xDB7D, 0xDB7D, 0xDB7D, 0xDB7D, 0xFB7D, 
    0xBB75, 0x5BAE, 0xBDFF, 0x9CFF, 0x9DFF, 0x9CFF, 0x9CFF, 0x9CFF, 0x9CFF, 0x9CFF, 0x9CFF, 0x9CFF, 
    0x9CFF, 0x9CFF, 0x9CFF, 0x9CFF, 0x9CFF, 0x9CFF, 0x9CFF, 0x9CFF, 0x9CFF, 0x9CFF, 0x9CFF, 0x9CFF, 
    0x9CFF, 0x9CFF, 0x9CFF, 0x9CFF, 0x9CFF, 0x9CFF, 0x9CFF, 0x9CFF, 0x9CFF, 0x9CFF, 0x9CFF, 0x9CFF, 
    0x9CFF, 0x9CFF, 0x9CFF, 0x9CFF, 0x9CFF, 0x9CFF, 0x9CFF, 0x9CFF, 0x9CFF, 0x9CFF, 0x9CFF, 0x9CFF, 
    0x9CFF, 0x9CFF, 0x9CFF, 0x9CFF, 0x9CFF, 0x9CFF, 0x9CFF, 0x9CFF, 0x9CFF, 0x9CFF, 0x9CFF, 0x9CFF, 
    0x9CFF, 0x9CFF, 0x9CFF, 0x9CFF, 0x9CFF, 0xBDFF, 0xDBCE, 0xDB7D, 0xFB7D, 0xFB7D, 0xDB7D, 0xDB7D, 
    0xDB7D, 0xDB7D, 0xDB7D, 0xDB7D, 0xDB7D, 0xDB7D, 0xDB7D, 0xFB7D, 0xFB7D, 0xFB7D, 0xDA7D, 0x3DD7, 
    0xBCFF, 0x9DF7, 0x9DFF, 0x9DF7, 0xBCF7, 0x9DF7, 0xBDFF, 0xBCB6, 0xDB75, 0xDA85, 0xDB7D, 0xDB7D, 
    0xDB7D, 0xDB7D, 0xDB7D, 0xDB7D, 0xDB7D, 0xDB7D, 0xDB7D, 0xFB7D, 0xFB7D, 0xDB75, 0x7BB6, 0xBCFF, 
    0x9DFF, 0x9CFF, 0x9CFF, 0x9CFF, 0x9CFF, 0x9CFF, 0x9CFF, 0x9CFF, 0x9CFF, 0x9CFF, 0x9CFF, 0x9CFF, 
    0x9CFF, 0x9CFF, 0x9CFF, 0x9CFF, 0x9CFF, 0x9CFF, 0x9CFF, 0x9CFF, 0x9CFF, 0x9CFF, 0x9CFF, 0x9CFF, 
    0x9CFF, 0x9CFF, 0x9CFF, 0x9CFF, 0x9CFF, 0x9CFF, 0x9CFF, 0x9CFF, 0x9CFF, 0x9CFF, 0x9CFF, 0x9CFF, 
    0x9CFF, 0x9CFF, 0x9CFF, 0xDDFF, 0x79C6, 0xF574, 0xDDB6, 0x1DBF, 0xFDBE, 0xFDBE, 0xFDBE, 0xFDBE, 
    0xFDBE, 0xFDBE, 0xFDBE, 0xFDBE, 0xFDBE, 0xFDBE, 0xFDBE, 0xFDBE, 0xFDBE, 0xFDBE, 0xFDBE, 0xFDBE, 
    0xFDBE, 0xFDBE, 0xFDBE, 0xFDBE, 0xFDBE, 0xFDBE, 
    0xFDBE, 0xFDBE, 0xFDBE, 0xFDBE, 0xFDBE, 0xFDBE, 
    0xFDBE, 0xFDBE, 0xFDBE, 0xFDBE, 0xFDBE, 0xFDBE, 0xFDBE, 0xFDBE, 0xFDBE, 0xFDBE, 0xFDBE, 0xFDBE, 
    0xFDBE, 0xFDBE, 0xFDBE, 0x1EBF, 0x5B9E, 0xF57C, 0x1BE7, 0xBDFF, 0x9CFF, 0x9CFF, 0x9CFF, 0x7CFF, 
    0x9CFF, 0x9CFF, 0x9CFF, 0x9CFF, 0x9CFF, 0x9CFF, 0x9CFF, 0x9CFF, 0x9CFF, 0x9CFF, 0x9CFF, 0x9CFF, 
    0x9CFF, 0x9CFF, 0x9CFF, 0x9CFF, 0x9CFF, 0x9CFF, 0x9CFF, 0x9CFF, 0x9CFF, 0x9CFF, 0x9CFF, 0x9CFF, 
    0x9CFF, 0x9CFF, 0x9CFF, 0x9CFF, 0x9CFF, 0x9CFF, 0x9CFF, 0x9CFF, 0x9CFF, 0x9CFF, 0xBCFF, 0xDCC6, 
    0xDB75, 0xDB85, 0xFB7D, 0xDB7D, 0xDB7D, 0xFB7D, 0xDB7D, 0xDB7D, 0xDB7D, 0xDB7D, 0xDB7D, 0xDB7D, 
    0xDB7D, 0xDB7D, 0xFB85, 0xDB75, 0x1CD7, 0xBDFF, 0xBDF7, 0xBCFF, 0x9DFF, 0x9DFF, 0x9DF7, 0xBCFF, 
    0x9BAE, 0xBC75, 0xFB7D, 0xDA7D, 0xDB7D, 0xDB7D, 0xDB7D, 0xDB7D, 0xDB7D, 0xDB7D, 0xDB7D, 0xDB7D, 
    0xDB7D, 0xFB7D, 0xBB75, 0x5BAE, 0xBDFF, 0x9CFF, 0x9DFF, 0x9CFF, 0x9CFF, 0x9CFF, 0x9CFF, 0x9CFF, 
    0x9CFF, 0x9CFF, 0x9CFF, 0x9CFF, 0x9CFF, 0x9CFF, 0x9CFF, 0x9CFF, 0x9CFF, 0x9CFF, 0x9CFF, 0x9CFF, 
    0x9CFF, 0x9CFF, 0x9CFF, 0x9CFF, 0x9CFF, 0x9CFF, 0x9CFF, 0x9CFF, 0x9CFF, 0x9CFF, 0x9CFF, 0x9CFF, 
    0x9CFF, 0x9CFF, 0x9CFF, 0x9CFF, 0x9CFF, 0x9CFF, 0x9CFF, 0x9CFF, 0x9CFF, 0x9CFF, 0x9CFF, 0x9CFF, 
    0x9CFF, 0x9CFF, 0x9CFF, 0x9CFF, 0x9CFF, 0x9CFF, 0x9CFF, 0x9CFF, 0x9CFF, 0x9CFF, 0x9CFF, 0x9CFF, 
    0x9CFF, 0x9CFF, 0x9CFF, 0x9CFF, 0x9CFF, 0x9CFF, 0x9CFF, 0xBDFF, 0xDBCE, 0xDB7D, 0xFB7D, 0xFB7D, 
    0xDB7D, 0xDB7D, 0xDB7D, 0xDB7D, 0xDB7D, 0xDB7D, 0xDB7D, 0xDB7D, 0xDB7D, 0xFB7D, 0xFB7D, 0xFB7D, 
    0xDA7D, 0x3DD7, 0xBCFF, 0x9DF7, 0x9DFF, 0x9DF7, 0xBCF7, 0x9DF7, 0xBDFF, 0xBCB6, 0xDB75, 0xDA85, 
    0xDB7D, 0xDB7D, 0xDB7D, 0xDB7D, 0xDB7D, 0xDB7D, 0xDB7D, 0xDB7D, 0xDB7D, 0xFB7D, 0xFB7D, 0xDB75, 
    0x7BB6, 0xBCFF, 0x9DFF, 0x9CFF, 0x9CFF, 0x9CFF, 0x9CFF, 0x9CFF, 0x9CFF, 0x9CFF, 0x9CFF, 0x9CFF, 
    0x9CFF, 0x9CFF, 0x9CFF, 0x9CFF, 0x9CFF, 0x9CFF, 0x9CFF, 0x9CFF, 0x9CFF, 0x9CFF, 0x9CFF, 0x9CFF, 
    0x9CFF, 0x9CFF, 0x9CFF, 0x9CFF, 0x9CFF, 0x9CFF, 0x9CFF, 0x9CFF, 0x9CFF, 0x9CFF, 0x9CFF, 0x9CFF, 
    0x9CFF, 0x9CFF, 0x9CFF, 0x9CFF, 0x9CFF, 0xDDFF, 0x79C6, 0xF574, 0xDDB6, 0x1DBF, 0xFDBE, 0xFDBE, 
    0xFDBE, 0xFDBE, 0xFDBE, 0xFDBE, 0xFDBE, 0xFDBE, 0xFDBE, 0xFDBE, 0xFDBE, 0xFDBE, 0xFDBE, 0xFDBE, 
    0xFDBE, 0xFDBE, 0xFDBE, 0xFDBE, 0xFDBE, 0xFDBE, 0xFDBE, 0xFDBE, 
    0xFDBE, 0xFDBE, 0xFDBE, 0xFDBE, 
    0xFDBE, 0xFDBE, 0xFDBE, 0xFDBE, 0xFDBE, 0xFDBE, 0xFDBE, 0xFDBE, 0xFDBE, 0xFDBE, 0xFDBE, 0xFDBE, 
    0xFDBE, 0xFDBE, 0xFDBE, 0xFDBE, 0xFDBE, 0x1EBF, 0x5B9E, 0xF57C, 0x1BE7, 0xBDFF, 0x9CFF, 0x9CFF, 
    0x9CFF, 0x7CFF, 0x9CFF, 0x9CFF, 0x9CFF, 0x9CFF, 0x9CFF, 0x9CFF, 0x9CFF, 0x9CFF, 0x9CFF, 0x9CFF, 
    0x9CFF, 0x9CFF, 0x9CFF, 0x9CFF, 0x9CFF, 0x9CFF, 0x9CFF, 0x9CFF, 0x9CFF, 0x9CFF, 0x9CFF, 0x9CFF, 
    0x9CFF, 0x9CFF, 0x9CFF, 0x9CFF, 0x9CFF, 0x9CFF, 0x9CFF, 0x9CFF, 0x9CFF, 0x9CFF, 0x9CFF, 0x9CFF, 
    0xBCFF, 0xDCC6, 0xDB75, 0xDB85, 0xFB7D, 0xDB7D, 0xDB7D, 0xFB7D, 0xDB7D, 0xDB7D, 0xDB7D, 0xDB7D, 
    0xDB7D, 0xDB7D, 0xDB7D, 0xDB7D, 0xFB85, 0xDB75, 0x1CD7, 0xBDFF, 0xBDF7, 0xBCFF, 0x9DFF, 0x9DFF, 
    0x9DF7, 0xBCFF, 0x9BAE, 0xBC75, 0xFB7D, 0xDA7D, 0xDB7D, 0xDB7D, 0xDB7D, 0xDB7D, 0xDB7D, 0xDB7D, 
    0xDB7D, 0xDB7D, 0xDB7D, 0xFB7D, 0xBB75, 0x5BAE, 0xBDFF, 0x9CFF, 0x9DFF, 0x9CFF, 0x9CFF, 0x9CFF, 
    0x9CFF, 0x9CFF, 0x9CFF, 0x9CFF, 0x9CFF, 0x9CFF, 0x9CFF, 0x9CFF, 0x9CFF, 0x9CFF, 0x9CFF, 0x9CFF, 
    0x9CFF, 0x9CFF, 0x9CFF, 0x9CFF, 0x9CFF, 0x9CFF, 0x9CFF, 0x9CFF, 0x9CFF, 0x9CFF, 0x9CFF, 0x9CFF, 
    0x9CFF, 0x9CFF, 0x9CFF, 0x9CFF, 0x9CFF, 0x9CFF, 0x9CFF, 0x9CFF, 0x9CFF, 0x9CFF, 0x9CFF, 0x9CFF, 
    0x9CFF, 0x9CFF, 0x9CFF, 0x9CFF, 0x9CFF, 0x9CFF, 0x9CFF, 0x9CFF, 0x9CFF, 0x9CFF, 0x9CFF, 0x9CFF, 
    0x9CFF, 0x9CFF, 0x9CFF, 0x9CFF, 0x9CFF, 0x9CFF, 0x9CFF, 0x9CFF, 0x9CFF, 0xBDFF, 0xDBCE, 0xDB7D, 
    0xFB7D, 0xFB7D, 0xDB7D, 0xDB7D, 0xDB7D, 0xDB7D, 0xDB7D, 0xDB7D, 0xDB7D, 0xDB7D, 0xDB7D, 0xFB7D, 
    0xFB7D, 0xFB7D, 0xDA7D, 0x3DD7, 0xBCFF, 0x9DF7, 0x9DFF, 0x9DF7, 0xBCF7, 0x9DF7, 0xBDFF, 0xBCB6, 
    0xDB75, 0xDA85, 0xDB7D, 0xDB7D, 0xDB7D, 0xDB7D, 0xDB7D, 0xDB7D, 0xDB7D, 0xDB7D, 0xDB7D, 0xFB7D, 
    0xFB7D, 0xDB75, 0x7BB6, 0xBCFF, 0x9DFF, 0x9CFF, 0x9CFF, 0x9CFF, 0x9CFF, 0x9CFF, 0x9CFF, 0x9CFF, 
    0x9CFF, 0x9CFF, 0x9CFF, 0x9CFF, 0x9CFF, 0x9CFF, 0x9CFF, 0x9CFF, 0x9CFF, 0x9CFF, 0x9CFF, 0x9CFF, 
    0x9CFF, 0x9CFF, 0x9CFF, 0x9CFF, 0x9CFF, 0x9CFF, 0x9CFF, 0x9CFF, 0x9CFF, 0x9CFF, 0x9CFF, 0x9CFF, 
    0x9CFF, 0x9CFF, 0x9CFF, 0x9CFF, 0x9CFF, 0x9CFF, 0x9CFF, 0xDDFF, 0x79C6, 0xF574, 0xDDB6, 0x1DBF, 
    0xFDBE, 0xFDBE, 0xFDBE, 0xFDBE, 0xFDBE, 0xFDBE, 0xFDBE, 0xFDBE, 0xFDBE, 0xFDBE, 0xFDBE, 0xFDBE, 
    0xFDBE, 0xFDBE, 0xFDBE, 0xFDBE, 0xFDBE, 0xFDBE, 0xFDBE, 0xFDBE, 0xFDBE, 0xFDBE, 
    0xFDBE, 0xFDBE, 
    0xFDBE, 0xFDBE, 0xFDBE, 0xFDBE, 0xFDBE, 0xFDBE, 0xFDBE, 0xFDBE, 0xFDBE, 0xFDBE, 0xFDBE, 0xFDBE, 
    0xFDBE, 0xFDBE, 0xFDBE, 0xFDBE, 0xFDBE, 0xFDBE, 0xFDBE, 0x1EBF, 0x5B9E, 0xF57C, 0x1BE7, 0xBDFF, 
    0x9CFF, 0x9CFF, 0x9CFF, 0x7CFF, 0x9CFF, 0x9CFF, 0x9CFF, 0x9CFF, 0x9CFF, 0x9CFF, 0x9CFF, 0x9CFF, 
    0x9CFF, 0x9CFF, 0x9CFF, 0x9CFF, 0x9CFF, 0x9CFF, 0x9CFF, 0x9CFF, 0x9CFF, 0x9CFF, 0x9CFF, 0x9CFF, 
    0x9CFF, 0x9CFF, 0x9CFF, 0x9CFF, 0x9CFF, 0x9CFF, 0x9CFF, 0x9CFF, 0x9CFF, 0x9CFF, 0x9CFF, 0x9CFF, 
    0x9CFF, 0x9CFF, 0xBCFF, 0xDCC6, 0xDB75, 0xDB85, 0xFB7D, 0xDB7D, 0xDB7D, 0xFB7D, 0xDB7D, 0xDB7D, 
    0xDB7D, 0xDB7D, 0xDB7D, 0xDB7D, 0xDB7D, 0xDB7D, 0xFB85, 0xDB75, 0x1CD7, 0xBDFF, 0xBDF7, 0xBCFF, 
    0x9DFF, 0x9DFF, 0x9DF7, 0xBCFF, 0x9BAE, 0xBC75, 0xFB7D, 0xDA7D, 0xDB7D, 0xDB7D, 0xDB7D, 0xDB7D, 
    0xDB7D, 0xDB7D, 0xDB7D, 0xDB7D, 0xDB7D, 0xFB7D, 0xBB75, 0x5BAE, 0xBDFF, 0x9CFF, 0x9DFF, 0x9CFF, 
    0x9CFF, 0x9CFF, 0x9CFF, 0x9CFF, 0x9CFF, 0x9CFF, 0x9CFF, 0x9CFF, 0x9CFF, 0x9CFF, 0x9CFF, 0x9CFF, 
    0x9CFF, 0x9CFF, 0x9CFF, 0x9CFF, 0x9CFF, 0x9CFF, 0x9CFF, 0x9CFF, 0x9CFF, 0x9CFF, 0x9CFF, 0x9CFF, 
    0x9CFF, 0x9CFF, 0x9CFF, 0x9CFF, 0x9CFF, 0x9CFF, 0x9CFF, 0x9CFF, 0x9CFF, 0x9CFF, 0x9CFF, 0x9CFF, 
    0x9CFF, 0x9CFF, 0x9CFF, 0x9CFF, 0x9CFF, 0x9CFF, 0x9CFF, 0x9CFF, 0x9CFF, 0x9CFF, 0x9CFF, 0x9CFF, 
    0x9CFF, 0x9CFF, 0x9CFF, 0x9CFF, 0x9CFF, 0x9CFF, 0x9CFF, 0x9CFF, 0x9CFF, 0x9CFF, 0x9CFF, 0xBDFF, 
    0xDBCE, 0xDB7D, 0xFB7D, 0xFB7D, 0xDB7D, 0xDB7D, 0xDB7D, 0xDB7D, 0xDB7D, 0xDB7D, 0xDB7D, 0xDB7D, 
    0xDB7D, 0xFB7D, 0xFB7D, 0xFB7D, 0xDA7D, 0x3DD7, 0xBCFF, 0x9DF7, 0x9DFF, 0x9DF7, 0xBCF7, 0x9DF7, 
    0xBDFF, 0xBCB6, 0xDB75, 0xDA85, 0xDB7D, 0xDB7D, 0xDB7D, 0xDB7D, 0xDB7D, 0xDB7D, 0xDB7D, 0xDB7D, 
    0xDB7D, 0xFB7D, 0xFB7D, 0xDB75, 0x7BB6, 0xBCFF, 0x9DFF, 0x9CFF, 0x9CFF, 0x9CFF, 0x9CFF, 0x9CFF, 
    0x9CFF, 0x9CFF, 0x9CFF, 0x9CFF, 0x9CFF, 0x9CFF, 0x9CFF, 0x9CFF, 0x9CFF, 0x9CFF, 0x9CFF, 0x9CFF, 
    0x9CFF, 0x9CFF, 0x9CFF, 0x9CFF, 0x9CFF, 0x9CFF, 0x9CFF, 0x9CFF, 0x9CFF, 0x9CFF, 0x9CFF, 0x9CFF, 
    0x9CFF, 0x9CFF, 0x9CFF, 0x9CFF, 0x9CFF, 0x9CFF, 0x9CFF, 0x9CFF, 0x9CFF, 0xDDFF, 0x79C6, 0xF574, 
    0xDDB6, 0x1DBF, 0xFDBE, 0xFDBE, 0xFDBE, 0xFDBE, 0xFDBE, 0xFDBE, 0xFDBE, 0xFDBE, 0xFDBE, 0xFDBE, 
    0xFDBE, 0xFDBE, 0xFDBE, 0xFDBE, 0xFDBE, 0xFDBE, 0xFDBE, 0xFDBE, 0xFDBE, 0xFDBE, 0xFDBE, 0xFDBE, 
    
    0xFDBE, 0xFDBE, 0xFDBE, 0xFDBE, 0xFDBE, 0xFDBE, 0xFDBE, 0xFDBE, 0xFDBE, 0xFDBE, 0xFDBE, 0xFDBE, 
    0xFDBE, 0xFDBE, 0xFDBE, 0xFDBE, 0xFDBE, 0xFDBE, 0xFDBE, 0xFDBE, 0xFDBE, 0x1EBF, 0x5B9E, 0xF57C, 
    0x1BE7, 0xBDFF, 0x9CFF, 0x9CFF, 0x9CFF, 0x7CFF, 0x9CFF, 0x9CFF, 0x9CFF, 0x9CFF, 0x9CFF, 0x9CFF, 
    0x9CFF, 0x9CFF, 0x9CFF, 0x9CFF, 0x9CFF, 0x9CFF, 0x9CFF, 0x9CFF, 0x9CFF, 0x9CFF, 0x9CFF, 0x9CFF, 
    0x9CFF, 0x9CFF, 0x9CFF, 0x9CFF, 0x9CFF, 0x9CFF, 0x9CFF, 0x9CFF, 0x9CFF, 0x9CFF, 0x9CFF, 0x9CFF, 
    0x9CFF, 0x9CFF, 0x9CFF, 0x9CFF, 0xBCFF, 0xDCC6, 0xDB75, 0xDB85, 0xFB7D, 0xDB7D, 0xDB7D, 0xFB7D, 
    0xDB7D, 0xDB7D, 0xDB7D, 0xDB7D, 0xDB7D, 0xDB7D, 0xDB7D, 0xDB7D, 0xFB85, 0xDB75, 0x1CD7, 0xBDFF, 
    0xBDF7, 0xBCFF, 0x9DFF, 0x9DFF, 0x9DF7, 0xBCFF, 0x9BAE, 0xBC75, 0xFB7D, 0xDA7D, 0xDB7D, 0xDB7D, 
    0xDB7D, 0xDB7D, 0xDB7D, 0xDB7D, 0xDB7D, 0xDB7D, 0xDB7D, 0xFB7D, 0xBB75, 0x5BAE, 0xBDFF, 0x9CFF, 
    0x9DFF, 0x9CFF, 0x9CFF, 0x9CFF, 0x9CFF, 0x9CFF, 0x9CFF, 0x9CFF, 0x9CFF, 0x9CFF, 0x9CFF, 0x9CFF, 
    0x9CFF, 0x9CFF, 0x9CFF, 0x9CFF, 0x9CFF, 0x9CFF, 0x9CFF, 0x9CFF, 0x9CFF, 0x9CFF, 0x9CFF, 0x9CFF, 
    0x9CFF, 0x9CFF, 0x9CFF, 0x9CFF, 0x9CFF, 0x9CFF, 0x9CFF, 0x9CFF, 0x9CFF, 0x9CFF, 0x9CFF, 0x9CFF, 
    0x9CFF, 0x9CFF, 0x9CFF, 0x9CFF, 0x9CFF, 0x9CFF, 0x9CFF, 0x9CFF, 0x9CFF, 0x9CFF, 0x9CFF, 0x9CFF, 
    0x9CFF, 0x9CFF, 0x9CFF, 0x9CFF, 0x9CFF, 0x9CFF, 0x9CFF, 0x9CFF, 0x9CFF, 0x9CFF, 0x9CFF, 0x9CFF, 
    0x9CFF, 0xBDFF, 0xDBCE, 0xDB7D, 0xFB7D, 0xFB7D, 0xDB7D, 0xDB7D, 0xDB7D, 0xDB7D, 0xDB7D, 0xDB7D, 
    0xDB7D, 0xDB7D, 0xDB7D, 0xFB7D, 0xFB7D, 0xFB7D, 0xDA7D, 0x3DD7, 0xBCFF, 0x9DF7, 0x9DFF, 0x9DF7, 
    0xBCF7, 0x9DF7, 0xBDFF, 0xBCB6, 0xDB75, 0xDA85, 0xDB7D, 0xDB7D, 0xDB7D, 0xDB7D, 0xDB7D, 0xDB7D, 
    0xDB7D, 0xDB7D, 0xDB7D, 0xFB7D, 0xFB7D, 0xDB75, 0x7BB6, 0xBCFF, 0x9DFF, 0x9CFF, 0x9CFF, 0x9CFF, 
    0x9CFF, 0x9CFF, 0x9CFF, 0x9CFF, 0x9CFF, 0x9CFF, 0x9CFF, 0x9CFF, 0x9CFF, 0x9CFF, 0x9CFF, 0x9CFF, 
    0x9CFF, 0x9CFF, 0x9CFF, 0x9CFF, 0x9CFF, 0x9CFF, 0x9CFF, 0x9CFF, 0x9CFF, 0x9CFF, 0x9CFF, 0x9CFF, 
    0x9CFF, 0x9CFF, 0x9CFF, 0x9CFF, 0x9CFF, 0x9CFF, 0x9CFF, 0x9CFF, 0x9CFF, 0x9CFF, 0x9CFF, 0xDDFF, 
    0x79C6, 0xF574, 0xDDB6, 0x1DBF, 0xFDBE, 0xFDBE, 0xFDBE, 0xFDBE, 0xFDBE, 0xFDBE, 0xFDBE, 0xFDBE, 
    0xFDBE, 0xFDBE, 0xFDBE, 0xFDBE, 0xFDBE, 0xFDBE, 0xFDBE, 0xFDBE, 0xFDBE, 0xFDBE, 0xFDBE, 0xFDBE, 
    0xFDBE, 0xFDBE, 
    0xFDBE, 0xFDBE, 0xFDBE, 0xFDBE, 0xFDBE, 0xFDBE, 0xFDBE, 0xFDBE, 0xFDBE, 0xFDBE, 
    0xFDBE, 0xFDBE, 0xFDBE, 0xFDBE, 0xFDBE, 0xFDBE, 0xFDBE, 0xFDBE, 0xFDBE, 0xFDBE, 0xFDBE, 0x1EBF, 
    0x5B9E, 0xF57C, 0x1BE7, 0xBDFF, 0x9CFF, 0x9CFF, 0x9CFF, 0x7CFF, 0x9CFF, 0x9CFF, 0x9CFF, 0x9CFF, 
    0x9CFF, 0x9CFF, 0x9CFF, 0x9CFF, 0x9CFF, 0x9CFF, 0x9CFF, 0x9CFF, 0x9CFF, 0x9CFF, 0x9CFF, 0x9CFF, 
    0x9CFF, 0x9CFF, 0x9CFF, 0x9CFF, 0x9CFF, 0x9CFF, 0x9CFF, 0x9CFF, 0x9CFF, 0x9CFF, 0x9CFF, 0x9CFF, 
    0x9CFF, 0x9CFF, 0x9CFF, 0x9CFF, 0x9CFF, 0x9CFF, 0xBCFF, 0xDCC6, 0xDB75, 0xDB85, 0xFB7D, 0xDB7D, 
    0xDB7D, 0xFB7D, 0xDB7D, 0xDB7D, 0xDB7D, 0xDB7D, 0xDB7D, 0xDB7D, 0xDB7D, 0xDB7D, 0xFB85, 0xDB75, 
    0x1CD7, 0xBDFF, 0xBDF7, 0xBCFF, 0x9DFF, 0x9DFF, 0x9DF7, 0xBCFF, 0x9BAE, 0xBC75, 0xFB7D, 0xDA7D, 
    0xDB7D, 0xDB7D, 0xDB7D, 0xDB7D, 0xDB7D, 0xDB7D, 0xDB7D, 0xDB7D, 0xDB7D, 0xFB7D, 0xBB75, 0x5BAE, 
    0xBDFF, 0x9CFF, 0x9DFF, 0x9CFF, 0x9CFF, 0x9CFF, 0x9CFF, 0x9CFF, 0x9CFF, 0x9CFF, 0x9CFF, 0x9CFF, 
    0x9CFF, 0x9CFF, 0x9CFF, 0x9CFF, 0x9CFF, 0x9CFF, 0x9CFF, 0x9CFF, 0x9CFF, 0x9CFF, 0x9CFF, 0x9CFF, 
    0x9CFF, 0x9CFF, 0x9CFF, 0x9CFF, 0x9CFF, 0x9CFF, 0x9CFF, 0x9CFF, 0x9CFF, 0x9CFF, 0x9CFF, 0x9CFF, 
    0x9CFF, 0x9CFF, 0x9CFF, 0x9CFF, 0x9CFF, 0x9CFF, 0x9CFF, 0x9CFF, 0x9CFF, 0x9CFF, 0x9CFF, 0x9CFF, 
    0x9CFF, 0x9CFF, 0x9CFF, 0x9CFF, 0x9CFF, 0x9CFF, 0x9CFF, 0x9CFF, 0x9CFF, 0x9CFF, 0x9CFF, 0x9CFF, 
    0x9CFF, 0x9CFF, 0x9CFF, 0xBDFF, 0xDBCE, 0xDB7D, 0xFB7D, 0xFB7D, 0xDB7D, 0xDB7D, 0xDB7D, 0xDB7D, 
    0xDB7D, 0xDB7D, 0xDB7D, 0xDB7D, 0xDB7D, 0xFB7D, 0xFB7D, 0xDB7D, 0xDA7D, 0x3DCF, 0xBDFF, 0xBCF7, 
    0x9DF7, 0x9DF7, 0x9CFF, 0x9DF7, 0xBDFF, 0xBBBE, 0xBB7D, 0xDA85, 0xFB7D, 0xDB7D, 0xDB7D, 0xDB7D, 
    0xDB7D, 0xDB7D, 0xDB7D, 0xDB7D, 0xDB7D, 0xFB7D, 0xFB7D, 0xDB75, 0x7BB6, 0xBCFF, 0x9DFF, 0x9CFF, 
    0x9CFF, 0x9CFF, 0x9CFF, 0x9CFF, 0x9CFF, 0x9CFF, 0x9CFF, 0x9CFF, 0x9CFF, 0x9CFF, 0x9CFF, 0x9CFF, 
    0x9CFF, 0x9CFF, 0x9CFF, 0x9CFF, 0x9CFF, 0x9CFF, 0x9CFF, 0x9CFF, 0x9CFF, 0x9CFF, 0x9CFF, 0x9CFF, 
    0x9CFF, 0x9CFF, 0x9CFF, 0x9CFF, 0x9CFF, 0x9CFF, 0x9CFF, 0x9CFF, 0x9CFF, 0x9CFF, 0x9CFF, 0x9CFF, 
    0x9CFF, 0xDDFF, 0x79C6, 0xF574, 0xDDB6, 0x1DBF, 0xFDBE, 0xFDBE, 0xFDBE, 0xFDBE, 0xFDBE, 0xFDBE, 
    0xFDBE, 0xFDBE, 0xFDBE, 0xFDBE, 0xFDBE, 0xFDBE, 0xFDBE, 0xFDBE, 0xFDBE, 0xFDBE, 0xFDBE, 0xFDBE, 
    0xFDBE, 0xFDBE, 0xFDBE, 0xFDBE, 
    0xFDBE, 0xFDBE, 0xFDBE, 0xFDBE, 0xFDBE, 0xFDBE, 0xFDBE, 0xFDBE, 
    0xFDBE, 0xFDBE, 0xFDBE, 0xFDBE, 0xFDBE, 0xFDBE, 0xFDBE, 0xFDBE, 0xFDBE, 0xFDBE, 0xFDBE, 0xFDBE, 
    0xFDBE, 0x1EBF, 0x5B9E, 0xF57C, 0x1BE7, 0xBDFF, 0x9CFF, 0x9CFF, 0x9CFF, 0x7CFF, 0x9CFF, 0x9CFF, 
    0x9CFF, 0x9CFF, 0x9CFF, 0x9CFF, 0x9CFF, 0x9CFF, 0x9CFF, 0x9CFF, 0x9CFF, 0x9CFF, 0x9CFF, 0x9CFF, 
    0x9CFF, 0x9CFF, 0x9CFF, 0x9CFF, 0x9CFF, 0x9CFF, 0x9CFF, 0x9CFF, 0x9CFF, 0x9CFF, 0x9CFF, 0x9CFF, 
    0x9CFF, 0x9CFF, 0x9CFF, 0x9CFF, 0x9CFF, 0x9CFF, 0x9CFF, 0x9CFF, 0xBCFF, 0xDCC6, 0xDB75, 0xDB85, 
    0xFB7D, 0xDB7D, 0xDB7D, 0xFB7D, 0xDB7D, 0xDB7D, 0xDB7D, 0xDB7D, 0xDB7D, 0xDB7D, 0xDB7D, 0xDB7D, 
    0xFB85, 0xDB75, 0x1CD7, 0xBDFF, 0xBDF7, 0xBCFF, 0x9DFF, 0x9DFF, 0x9DF7, 0xBCFF, 0x9BAE, 0xBC75, 
    0xFB7D, 0xDA7D, 0xDB7D, 0xDB7D, 0xDB7D, 0xDB7D, 0xDB7D, 0xDB7D, 0xDB7D, 0xDB7D, 0xDB7D, 0xFB7D, 
    0xBB75, 0x5BAE, 0xBDFF, 0x9CFF, 0x9DFF, 0x9CFF, 0x9CFF, 0x9CFF, 0x9CFF, 0x9CFF, 0x9CFF, 0x9CFF, 
    0x9CFF, 0x9CFF, 0x9CFF, 0x9CFF, 0x9CFF, 0x9CFF, 0x9CFF, 0x9CFF, 0x9CFF, 0x9CFF, 0x9CFF, 0x9CFF, 
    0x9CFF, 0x9CFF, 0x9CFF, 0x9CFF, 0x9CFF, 0x9CFF, 0x9CFF, 0x9CFF, 0x9CFF, 0x9CFF, 0x9CFF, 0x9CFF, 
    0x9CFF, 0x9CFF, 0x9CFF, 0x9CFF, 0x9CFF, 0x9CFF, 0x9CFF, 0x9CFF, 0x9CFF, 0x9CFF, 0x9CFF, 0x9CFF, 
    0x9CFF, 0x9CFF, 0x9CFF, 0x9CFF, 0x9CFF, 0x9CFF, 0x9CFF, 0x9CFF, 0x9CFF, 0x9CFF, 0x9CFF, 0x9CFF, 
    0x9CFF, 0x9CFF, 0x9CFF, 0x9CFF, 0x9CFF, 0xBDFF, 0xDBCE, 0xDB7D, 0xFB7D, 0xFB7D, 0xDB7D, 0xDB7D, 
    0xDB7D, 0xDB7D, 0xDB7D, 0xDB7D, 0xDB7D, 0xDB7D, 0xDB7D, 0xFB7D, 0xFB7D, 0xDB7D, 0xDA7D, 0x3DD7, 
    0xBDFF, 0x9CF7, 0x9DFF, 0x9DF7, 0x9DFF, 0x9DF7, 0xBDFF, 0xBCB6, 0xBB7D, 0xDA85, 0xFB7D, 0xDB7D, 
    0xDB7D, 0xDB7D, 0xDB7D, 0xDB7D, 0xDB7D, 0xDB7D, 0xDB7D, 0xFB7D, 0xFB7D, 0xDB75, 0x7BB6, 0xBCFF, 
    0x9DFF, 0x9CFF, 0x9CFF, 0x9CFF, 0x9CFF, 0x9CFF, 0x9CFF, 0x9CFF, 0x9CFF, 0x9CFF, 0x9CFF, 0x9CFF, 
    0x9CFF, 0x9CFF, 0x9CFF, 0x9CFF, 0x9CFF, 0x9CFF, 0x9CFF, 0x9CFF, 0x9CFF, 0x9CFF, 0x9CFF, 0x9CFF, 
    0x9CFF, 0x9CFF, 0x9CFF, 0x9CFF, 0x9CFF, 0x9CFF, 0x9CFF, 0x9CFF, 0x9CFF, 0x9CFF, 0x9CFF, 0x9CFF, 
    0x9CFF, 0x9CFF, 0x9CFF, 0xDDFF, 0x79C6, 0xF574, 0xDDB6, 0x1DBF, 0xFDBE, 0xFDBE, 0xFDBE, 0xFDBE, 
    0xFDBE, 0xFDBE, 0xFDBE, 0xFDBE, 0xFDBE, 0xFDBE, 0xFDBE, 0xFDBE, 0xFDBE, 0xFDBE, 0xFDBE, 0xFDBE, 
    0xFDBE, 0xFDBE, 0xFDBE, 0xFDBE, 0xFDBE, 0xFDBE, 
    0xFDBE, 0xFDBE, 0xFDBE, 0xFDBE, 0xFDBE, 0xFDBE, 
    0xFDBE, 0xFDBE, 0xFDBE, 0xFDBE, 0xFDBE, 0xFDBE, 0xFDBE, 0xFDBE, 0xFDBE, 0xFDBE, 0xFDBE, 0xFDBE, 
    0xFDBE, 0xFDBE, 0xFDBE, 0x1EBF, 0x5B9E, 0xF57C, 0x1BE7, 0xBDFF, 0x9CFF, 0x9CFF, 0x9CFF, 0x7CFF, 
    0x9CFF, 0x9CFF, 0x9CFF, 0x9CFF, 0x9CFF, 0x9CFF, 0x9CFF, 0x9CFF, 0x9CFF, 0x9CFF, 0x9CFF, 0x9CFF, 
    0x9CFF, 0x9CFF, 0x9CFF, 0x9CFF, 0x9CFF, 0x9CFF, 0x9CFF, 0x9CFF, 0x9CFF, 0x9CFF, 0x9CFF, 0x9CFF, 
    0x9CFF, 0x9CFF, 0x9CFF, 0x9CFF, 0x9CFF, 0x9CFF, 0x9CFF, 0x9CFF, 0x9CFF, 0x9CFF, 0xBCFF, 0xDCC6, 
    0xDB75, 0xDB85, 0xFB7D, 0xDB7D, 0xDB7D, 0xFB7D, 0xDB7D, 0xDB7D, 0xDB7D, 0xDB7D, 0xDB7D, 0xDB7D, 
    0xDB7D, 0xDB7D, 0xFB85, 0xDB75, 0x1CD7, 0xBDFF, 0xBDF7, 0xBCFF, 0x9DFF, 0x9DFF, 0x9DF7, 0xBCFF, 
    0x9BAE, 0xBC75, 0xFB7D, 0xDA7D, 0xDB7D, 0xDB7D, 0xDB7D, 0xDB7D, 0xDB7D, 0xDB7D, 0xDB7D, 0xDB7D, 
    0xDB7D, 0xFB7D, 0xBB75, 0x5BAE, 0xBDFF, 0x9CFF, 0x9DFF, 0x9CFF, 0x9CFF, 0x9CFF, 0x9CFF, 0x9CFF, 
    0x9CFF, 0x9CFF, 0x9CFF, 0x9CFF, 0x9CFF, 0x9CFF, 0x9CFF, 0x9CFF, 0x9CFF, 0x9CFF, 0x9CFF, 0x9CFF, 
    0x9CFF, 0x9CFF, 0x9CFF, 0x9CFF, 0x9CFF, 0x9CFF, 0x9CFF, 0x9CFF, 0x9CFF, 0x9CFF, 0x9CFF, 0x9CFF, 
    0x9CFF, 0x9CFF, 0x9CFF, 0x9CFF, 0x9CFF, 0x9CFF, 0x9CFF, 0x9CFF, 0x9CFF, 0x9CFF, 0x9CFF, 0x9CFF, 
    0x9CFF, 0x9CFF, 0x9CFF, 0x9CFF, 0x9CFF, 0x9CFF, 0x9CFF, 0x9CFF, 0x9CFF, 0x9CFF, 0x9CFF, 0x9CFF, 
    0x9CFF, 0x9CFF, 0x9CFF, 0x9CFF, 0x9CFF, 0x9CFF, 0x9CFF, 0xBDFF, 0xDBCE, 0xDB7D, 0xFB7D, 0xFB7D, 
    0xDB7D, 0xDB7D, 0xDB7D, 0xDB7D, 0xDB7D, 0xDB7D, 0xDB7D, 0xDB7D, 0xDB7D, 0xFB7D, 0xFB7D, 0xDB7D, 
    0xDA7D, 0x3DD7, 0xBCFF, 0x9CF7, 0x9DFF, 0xBDF7, 0x9DFF, 0x9DF7, 0xBDFF, 0xBCB6, 0xDB75, 0xFB7D, 
    0xFC7D, 0xDB7D, 0xDB7D, 0xDB7D, 0xDB7D, 0xDB7D, 0xDB7D, 0xDB7D, 0xDB7D, 0xFB7D, 0xFB7D, 0xDB75, 
    0x7BB6, 0xBCFF, 0x9DFF, 0x9CFF, 0x9CFF, 0x9CFF, 0x9CFF, 0x9CFF, 0x9CFF, 0x9CFF, 0x9CFF, 0x9CFF, 
    0x9CFF, 0x9CFF, 0x9CFF, 0x9CFF, 0x9CFF, 0x9CFF, 0x9CFF, 0x9CFF, 0x9CFF, 0x9CFF, 0x9CFF, 0x9CFF, 
    0x9CFF, 0x9CFF, 0x9CFF, 0x9CFF, 0x9CFF, 0x9CFF, 0x9CFF, 0x9CFF, 0x9CFF, 0x9CFF, 0x9CFF, 0x9CFF, 
    0x9CFF, 0x9CFF, 0x9CFF, 0x9CFF, 0x9CFF, 0xDDFF, 0x79C6, 0xF574, 0xDDB6, 0x1DBF, 0xFDBE, 0xFDBE, 
    0xFDBE, 0xFDBE, 0xFDBE, 0xFDBE, 0xFDBE, 0xFDBE, 0xFDBE, 0xFDBE, 0xFDBE, 0xFDBE, 0xFDBE, 0xFDBE, 
    0xFDBE, 0xFDBE, 0xFDBE, 0xFDBE, 0xFDBE, 0xFDBE, 0xFDBE, 0xFDBE, 
    0xFDBE, 0xFDBE, 0xFDBE, 0xFDBE, 
    0xFDBE, 0xFDBE, 0xFDBE, 0xFDBE, 0xFDBE, 0xFDBE, 0xFDBE, 0xFDBE, 0xFDBE, 0xFDBE, 0xFDBE, 0xFDBE, 
    0xFDBE, 0xFDBE, 0xFDBE, 0xFDBE, 0xFDBE, 0x1EBF, 0x5B9E, 0xF57C, 0x1BE7, 0xBDFF, 0x9CFF, 0x9CFF, 
    0x9CFF, 0x7CFF, 0x9CFF, 0x9CFF, 0x9CFF, 0x9CFF, 0x9CFF, 0x9CFF, 0x9CFF, 0x9CFF, 0x9CFF, 0x9CFF, 
    0x9CFF, 0x9CFF, 0x9CFF, 0x9CFF, 0x9CFF, 0x9CFF, 0x9CFF, 0x9CFF, 0x9CFF, 0x9CFF, 0x9CFF, 0x9CFF, 
    0x9CFF, 0x9CFF, 0x9CFF, 0x9CFF, 0x9CFF, 0x9CFF, 0x9CFF, 0x9CFF, 0x9CFF, 0x9CFF, 0x9CFF, 0x9CFF, 
    0xBCFF, 0xDCC6, 0xDB75, 0xDB85, 0xFB7D, 0xDB7D, 0xDB7D, 0xFB7D, 0xDB7D, 0xDB7D, 0xDB7D, 0xDB7D, 
    0xDB7D, 0xDB7D, 0xDB7D, 0xDB7D, 0xFB85, 0xDB75, 0x1CD7, 0xBDFF, 0xBDF7, 0xBCFF, 0x9DFF, 0x9DFF, 
    0x9DF7, 0xBCFF, 0x9BAE, 0xBC75, 0xFB7D, 0xDA7D, 0xDB7D, 0xDB7D, 0xDB7D, 0xDB7D, 0xDB7D, 0xDB7D, 
    0xDB7D, 0xDB7D, 0xDB7D, 0xFB7D, 0xBB75, 0x5BAE, 0xBDFF, 0x9CFF, 0x9DFF, 0x9CFF, 0x9CFF, 0x9CFF, 
    0x9CFF, 0x9CFF, 0x9CFF, 0x9CFF, 0x9CFF, 0x9CFF, 0x9CFF, 0x9CFF, 0x9CFF, 0x9CFF, 0x9CFF, 0x9CFF, 
    0x9CFF, 0x9CFF, 0x9CFF, 0x9CFF, 0x9CFF, 0x9CFF, 0x9CFF, 0x9CFF, 0x9CFF, 0x9CFF, 0x9CFF, 0x9CFF, 
    0x9CFF, 0x9CFF, 0x9CFF, 0x9CFF, 0x9CFF, 0x9CFF, 0x9CFF, 0x9CFF, 0x9CFF, 0x9CFF, 0x9CFF, 0x9CFF, 
    0x9CFF, 0x9CFF, 0x9CFF, 0x9CFF, 0x9CFF, 0x9CFF, 0x9CFF, 0x9CFF, 0x9CFF, 0x9CFF, 0x9CFF, 0x9CFF, 
    0x9CFF, 0x9CFF, 0x9CFF, 0x9CFF, 0x9CFF, 0x9CFF, 0x9CFF, 0x9CFF, 0x9CFF, 0xBDFF, 0xDBCE, 0xDB7D, 
    0xFB7D, 0xFB7D, 0xDB7D, 0xDB7D, 0xDB7D, 0xDB7D, 0xDB7D, 0xDB7D, 0xDB7D, 0xDB7D, 0xDB7D, 0xFB7D, 
    0xFB7D, 0xDB7D, 0xDA7D, 0x3DD7, 0xBCFF, 0x9CF7, 0x9DFF, 0x9DF7, 0x9CFF, 0x9DF7, 0xBDFF, 0xBCB6, 
    0xBB75, 0xFB85, 0xFB7D, 0xDB7D, 0xDB7D, 0xDB7D, 0xDB7D, 0xDB7D, 0xDB7D, 0xDB7D, 0xDB7D, 0xFB7D, 
    0xFB7D, 0xDB75, 0x7BB6, 0xBCFF, 0x9DFF, 0x9CFF, 0x9CFF, 0x9CFF, 0x9CFF, 0x9CFF, 0x9CFF, 0x9CFF, 
    0x9CFF, 0x9CFF, 0x9CFF, 0x9CFF, 0x9CFF, 0x9CFF, 0x9CFF, 0x9CFF, 0x9CFF, 0x9CFF, 0x9CFF, 0x9CFF, 
    0x9CFF, 0x9CFF, 0x9CFF, 0x9CFF, 0x9CFF, 0x9CFF, 0x9CFF, 0x9CFF, 0x9CFF, 0x9CFF, 0x9CFF, 0x9CFF, 
    0x9CFF, 0x9CFF, 0x9CFF, 0x9CFF, 0x9CFF, 0x9CFF, 0x9CFF, 0xDDFF, 0x79C6, 0xF574, 0xDDB6, 0x1DBF, 
    0xFDBE, 0xFDBE, 0xFDBE, 0xFDBE, 0xFDBE, 0xFDBE, 0xFDBE, 0xFDBE, 0xFDBE, 0xFDBE, 0xFDBE, 0xFDBE, 
    0xFDBE, 0xFDBE, 0xFDBE, 0xFDBE, 0xFDBE, 0xFDBE, 0xFDBE, 0xFDBE, 0xFDBE, 0xFDBE, 
    0xFDBE, 0xFDBE, 
    0xFDBE, 0xFDBE, 0xFDBE, 0xFDBE, 0xFDBE, 0xFDBE, 0xFDBE, 0xFDBE, 0xFDBE, 0xFDBE, 0xFDBE, 0xFDBE, 
    0xFDBE, 0xFDBE, 0xFDBE, 0xFDBE, 0xFDBE, 0xFDBE, 0xFDBE, 0x1EBF, 0x5B9E, 0xF57C, 0x1BE7, 0xBDFF, 
    0x9CFF, 0x9CFF, 0x9CFF, 0x7CFF, 0x9CFF, 0x9CFF, 0x9CFF, 0x9CFF, 0x9CFF, 0x9CFF, 0x9CFF, 0x9CFF, 
    0x9CFF, 0x9CFF, 0x9CFF, 0x9CFF, 0x9CFF, 0x9CFF, 0x9CFF, 0x9CFF, 0x9CFF, 0x9CFF, 0x9CFF, 0x9CFF, 
    0x9CFF, 0x9CFF, 0x9CFF, 0x9CFF, 0x9CFF, 0x9CFF, 0x9CFF, 0x9CFF, 0x9CFF, 0x9CFF, 0x9CFF, 0x9CFF, 
    0x9CFF, 0x9CFF, 0xBCFF, 0xDCC6, 0xDB75, 0xDB85, 0xFB7D, 0xDB7D, 0xDB7D, 0xFB7D, 0xDB7D, 0xDB7D, 
    0xDB7D, 0xDB7D, 0xDB7D, 0xDB7D, 0xDB7D, 0xDB7D, 0xFB85, 0xDB75, 0x1CD7, 0xBDFF, 0xBDF7, 0xBCFF, 
    0x9DFF, 0x9DFF, 0x9DF7, 0xBCFF, 0x9BAE, 0xBC75, 0xFB7D, 0xDA7D, 0xDB7D, 0xDB7D, 0xDB7D, 0xDB7D, 
    0xDB7D, 0xDB7D, 0xDB7D, 0xDB7D, 0xDB7D, 0xFB7D, 0xBB75, 0x5BAE, 0xBDFF, 0x9CFF, 0x9DFF, 0x9CFF, 
    0x9CFF, 0x9CFF, 0x9CFF, 0x9CFF, 0x9CFF, 0x9CFF, 0x9CFF, 0x9CFF, 0x9CFF, 0x9CFF, 0x9CFF, 0x9CFF, 
    0x9CFF, 0x9CFF, 0x9CFF, 0x9CFF, 0x9CFF, 0x9CFF, 0x9CFF, 0x9CFF, 0x9CFF, 0x9CFF, 0x9CFF, 0x9CFF, 
    0x9CFF, 0x9CFF, 0x9CFF, 0x9CFF, 0x9CFF, 0x9CFF, 0x9CFF, 0x9CFF, 0x9CFF, 0x9CFF, 0x9CFF, 0x9CFF, 
    0x9CFF, 0x9CFF, 0x9CFF, 0x9CFF, 0x9CFF, 0x9CFF, 0x9CFF, 0x9CFF, 0x9CFF, 0x9CFF, 0x9CFF, 0x9CFF, 
    0x9CFF, 0x9CFF, 0x9CFF, 0x9CFF, 0x9CFF, 0x9CFF, 0x9CFF, 0x9CFF, 0x9CFF, 0x9CFF, 0x9CFF, 0xBDFF, 
    0xDBCE, 0xDB7D, 0xFB7D, 0xFB7D, 0xDB7D, 0xDB7D, 0xDB7D, 0xDB7D, 0xDB7D, 0xDB7D, 0xDB7D, 0xDB7D, 
    0xDB7D, 0xFB7D, 0xFB7D, 0xDB7D, 0xDA7D, 0x3DD7, 0xBDFF, 0xBCF7, 0x9DFF, 0x9CFF, 0x9CFF, 0x9DF7, 
    0xBDFF, 0xBBBE, 0xBB7D, 0xDA85, 0xFB7D, 0xDB7D, 0xDB7D, 0xDB7D, 0xDB7D, 0xDB7D, 0xDB7D, 0xDB7D, 
    0xDB7D, 0xFB7D, 0xFB7D, 0xDB75, 0x7BB6, 0xBCFF, 0x9DFF, 0x9CFF, 0x9CFF, 0x9CFF, 0x9CFF, 0x9CFF, 
    0x9CFF, 0x9CFF, 0x9CFF, 0x9CFF, 0x9CFF, 0x9CFF, 0x9CFF, 0x9CFF, 0x9CFF, 0x9CFF, 0x9CFF, 0x9CFF, 
    0x9CFF, 0x9CFF, 0x9CFF, 0x9CFF, 0x9CFF, 0x9CFF, 0x9CFF, 0x9CFF, 0x9CFF, 0x9CFF, 0x9CFF, 0x9CFF, 
    0x9CFF, 0x9CFF, 0x9CFF, 0x9CFF, 0x9CFF, 0x9CFF, 0x9CFF, 0x9CFF, 0x9CFF, 0xDDFF, 0x79C6, 0xF574, 
    0xDDAE, 0x1DBF, 0xFDBE, 0xFDBE, 0xFDBE, 0xFDBE, 0xFDBE, 0xFDBE, 0xFDBE, 0xFDBE, 0xFDBE, 0xFDBE, 
    0xFDBE, 0xFDBE, 0xFDBE, 0xFDBE, 0xFDBE, 0xFDBE, 0xFDBE, 0xFDBE, 0xFDBE, 0xFDBE, 0xFDBE, 0xFDBE, 
    
    0xFDBE, 0xFDBE, 0xFDBE, 0xFDBE, 0xFDBE, 0xFDBE, 0xFDBE, 0xFDBE, 0xFDBE, 0xFDBE, 0xFDBE, 0xFDBE, 
    0xFDBE, 0xFDBE, 0xFDBE, 0xFDBE, 0xFDBE, 0xFDBE, 0xFDBE, 0xFDBE, 0xFDBE, 0x1EBF, 0x5B9E, 0xF57C, 
    0x1BE7, 0xBDFF, 0x9CFF, 0x9CFF, 0x9CFF, 0x7CFF, 0x9CFF, 0x9CFF, 0x9CFF, 0x9CFF, 0x9CFF, 0x9CFF, 
    0x9CFF, 0x9CFF, 0x9CFF, 0x9CFF, 0x9CFF, 0x9CFF, 0x9CFF, 0x9CFF, 0x9CFF, 0x9CFF, 0x9CFF, 0x9CFF, 
    0x9CFF, 0x9CFF, 0x9CFF, 0x9CFF, 0x9CFF, 0x9CFF, 0x9CFF, 0x9CFF, 0x9CFF, 0x9CFF, 0x9CFF, 0x9CFF, 
    0x9CFF, 0x9CFF, 0x9CFF, 0x9CFF, 0xBCFF, 0xDCC6, 0xDB75, 0xDB85, 0xFB7D, 0xDB7D, 0xDB7D, 0xFB7D, 
    0xDB7D, 0xDB7D, 0xDB7D, 0xDB7D, 0xDB7D, 0xDB7D, 0xDB7D, 0xDB7D, 0xFB85, 0xDB75, 0x1CD7, 0xBDFF, 
    0xBDF7, 0xBCFF, 0x9DFF, 0x9DFF, 0x9DF7, 0xBCFF, 0x9BAE, 0xBC75, 0xFB7D, 0xDA7D, 0xDB7D, 0xDB7D, 
    0xDB7D, 0xDB7D, 0xDB7D, 0xDB7D, 0xDB7D, 0xDB7D, 0xDB7D, 0xFB7D, 0xBB75, 0x5BAE, 0xBDFF, 0x9CFF, 
    0x9DFF, 0x9CFF, 0x9CFF, 0x9CFF, 0x9CFF, 0x9CFF, 0x9CFF, 0x9CFF, 0x9CFF, 0x9CFF, 0x9CFF, 0x9CFF, 
    0x9CFF, 0x9CFF, 0x9CFF, 0x9CFF, 0x9CFF, 0x9CFF, 0x9CFF, 0x9CFF, 0x9CFF, 0x9CFF, 0x9CFF, 0x9CFF, 
    0x9CFF, 0x9CFF, 0x9CFF, 0x9CFF, 0x9CFF, 0x9CFF, 0x9CFF, 0x9CFF, 0x9CFF, 0x9CFF, 0x9CFF, 0x9CFF, 
    0x9CFF, 0x9CFF, 0x9CFF, 0x9CFF, 0x9CFF, 0x9CFF, 0x9CFF, 0x9CFF, 0x9CFF, 0x9CFF, 0x9CFF, 0x9CFF, 
    0x9CFF, 0x9CFF, 0x9CFF, 0x9CFF, 0x9CFF, 0x9CFF, 0x9CFF, 0x9CFF, 0x9CFF, 0x9CFF, 0x9CFF, 0x9CFF, 
    0x9CFF, 0xBDFF, 0xDBCE, 0xDB7D, 0xFB7D, 0xFB7D, 0xDB7D, 0xDB7D, 0xDB7D, 0xDB7D, 0xDB7D, 0xDB7D, 
    0xDB7D, 0xDB7D, 0xDB7D, 0xFB7D, 0xFB7D, 0xDB7D, 0xDA7D, 0x3DCF, 0xBDFF, 0xBCF7, 0x9DF7, 0x9DF7, 
    0x9CFF, 0x9DF7, 0xBDFF, 0xBBB6, 0xBA7D, 0xDA85, 0xFB7D, 0xDB7D, 0xDB7D, 0xDB7D, 0xDB7D, 0xDB7D, 
    0xDB7D, 0xDB7D, 0xDB7D, 0xFB7D, 0xFB7D, 0xDB75, 0x7BB6, 0xBCFF, 0x9DFF, 0x9CFF, 0x9CFF, 0x9CFF, 
    0x9CFF, 0x9CFF, 0x9CFF, 0x9CFF, 0x9CFF, 0x9CFF, 0x9CFF, 0x9CFF, 0x9CFF, 0x9CFF, 0x9CFF, 0x9CFF, 
    0x9CFF, 0x9CFF, 0x9CFF, 0x9CFF, 0x9CFF, 0x9CFF, 0x9CFF, 0x9CFF, 0x9CFF, 0x9CFF, 0x9CFF, 0x9CFF, 
    0x9CFF, 0x9CFF, 0x9CFF, 0x9CFF, 0x9CFF, 0x9CFF, 0x9CFF, 0x9CFF, 0x9CFF, 0x9CFF, 0x9CFF, 0xDDFF, 
    0x79C6, 0xF574, 0xDDAE, 0x1DBF, 0xFDBE, 0xFDBE, 0xFDBE, 0xFDBE, 0xFDBE, 0xFDBE, 0xFDBE, 0xFDBE, 
    0xFDBE, 0xFDBE, 0xFDBE, 0xFDBE, 0xFDBE, 0xFDBE, 0xFDBE, 0xFDBE, 0xFDBE, 0xFDBE, 0xFDBE, 0xFDBE, 
    0xFDBE, 0xFDBE, 
    0xFDBE, 0xFDBE, 0xFDBE, 0xFDBE, 0xFDBE, 0xFDBE, 0xFDBE, 0xFDBE, 0xFDBE, 0xFDBE, 
    0xFDBE, 0xFDBE, 0xFDBE, 0xFDBE, 0xFDBE, 0xFDBE, 0xFDBE, 0xFDBE, 0xFDBE, 0xFDBE, 0xFDBE, 0x1EBF, 
    0x5B9E, 0xF57C, 0x1BDF, 0xBDFF, 0x7CFF, 0x9CFF, 0x9CFF, 0x7CFF, 0x9CFF, 0x9CFF, 0x9CFF, 0x9CFF, 
    0x9CFF, 0x9CFF, 0x9CFF, 0x9CFF, 0x9CFF, 0x9CFF, 0x9CFF, 0x9CFF, 0x9CFF, 0x9CFF, 0x9CFF, 0x9CFF, 
    0x9CFF, 0x9CFF, 0x9CFF, 0x9CFF, 0x9CFF, 0x9CFF, 0x9CFF, 0x9CFF, 0x9CFF, 0x9CFF, 0x9CFF, 0x9CFF, 
    0x9CFF, 0x9CFF, 0x9CFF, 0x9CFF, 0x9CFF, 0x9CFF, 0x9CFF, 0xDCC6, 0xDB75, 0xDB85, 0xFB7D, 0xDB7D, 
    0xDB7D, 0xFB7D, 0xDB7D, 0xDB7D, 0xDB7D, 0xDB7D, 0xDB7D, 0xDB7D, 0xDB7D, 0xDB7D, 0xFB85, 0xDB75, 
    0x1CD7, 0x9CFF, 0x9DF7, 0x9CF7, 0x9DF7, 0x9DFF, 0x9DF7, 0xBCFF, 0x9BAE, 0xBC75, 0xFB7D, 0xDA7D, 
    0xDB7D, 0xDB7D, 0xDB7D, 0xDB7D, 0xDB7D, 0xDB7D, 0xDB7D, 0xDB7D, 0xDB7D, 0xFB7D, 0xBB75, 0x5BAE, 
    0xBDFF, 0x9CFF, 0x9DFF, 0x9CFF, 0x9CFF, 0x9CFF, 0x9CFF, 0x9CFF, 0x9CFF, 0x9CFF, 0x9CFF, 0x9CFF, 
    0x9CFF, 0x9CFF, 0x9CFF, 0x9CFF, 0x9CFF, 0x9CFF, 0x9CFF, 0x9CFF, 0x9CFF, 0x9CFF, 0x9CFF, 0x9CFF, 
    0x9CFF, 0x9CFF, 0x9CFF, 0x9CFF, 0x9CFF, 0x9CFF, 0x9CFF, 0x9CFF, 0x9CFF, 0x9CFF, 0x9CFF, 0x9CFF, 
    0x9CFF, 0x9CFF, 0x9CFF, 0x9CFF, 0x9CFF, 0x9CFF, 0x9CFF, 0x9CFF, 0x9CFF, 0x9CFF, 0x9CFF, 0x9CFF, 
    0x9CFF, 0x9CFF, 0x9CFF, 0x9CFF, 0x9CFF, 0x9CFF, 0x9CFF, 0x9CFF, 0x9CFF, 0x9CFF, 0x9CFF, 0x9CFF, 
    0x9CFF, 0x9CFF, 0x9CFF, 0xBDFF, 0xDBCE, 0xDB7D, 0xFB7D, 0xFB7D, 0xDB7D, 0xDB7D, 0xDB7D, 0xDB7D, 
    0xDB7D, 0xDB7D, 0xDB7D, 0xDB7D, 0xDB7D, 0xFB7D, 0xFB7D, 0xDB7D, 0xDA7D, 0x5ED7, 0xFEFF, 0xBDF7, 
    0xBEFF, 0xDEF7, 0xBDFF, 0xBDF7, 0xFEFF, 0xBCB6, 0xBB75, 0xFA85, 0xFB7D, 0xDB7D, 0xDB7D, 0xDB7D, 
    0xDB7D, 0xDB7D, 0xDB7D, 0xDB7D, 0xDB7D, 0xFB7D, 0xFB7D, 0xDB75, 0x7BB6, 0x9CFF, 0x7CFF, 0x9CFF, 
    0x9CFF, 0x9CFF, 0x9CFF, 0x9CFF, 0x9CFF, 0x9CFF, 0x9CFF, 0x9CFF, 0x9CFF, 0x9CFF, 0x9CFF, 0x9CFF, 
    0x9CFF, 0x9CFF, 0x9CFF, 0x9CFF, 0x9CFF, 0x9CFF, 0x9CFF, 0x9CFF, 0x9CFF, 0x9CFF, 0x9CFF, 0x9CFF, 
    0x9CFF, 0x9CFF, 0x9CFF, 0x9CFF, 0x9CFF, 0x9CFF, 0x9CFF, 0x9CFF, 0x9CFF, 0x9CFF, 0x7CFF, 0x9CFF, 
    0x7CFF, 0xBCFF, 0x59C6, 0xF574, 0xDDAE, 0x1DBF, 0xFDBE, 0xFDBE, 0xFDBE, 0xFDBE, 0xFDBE, 0xFDBE, 
    0xFDBE, 0xFDBE, 0xFDBE, 0xFDBE, 0xFDBE, 0xFDBE, 0xFDBE, 0xFDBE, 0xFDBE, 0xFDBE, 0xFDBE, 0xFDBE, 
    0xFDBE, 0xFDBE, 0xFDBE, 0xFDBE, 
    0xFDBE, 0xFDBE, 0xFDBE, 0xFDBE, 0xFDBE, 0xFDBE, 0xFDBE, 0xFDBE, 
    0xFDBE, 0xFDBE, 0xFDBE, 0xFDBE, 0xFDBE, 0xFDBE, 0xFDBE, 0xFDBE, 0xFDBE, 0xFDBE, 0xFDBE, 0xFDBE, 
    0xFDBE, 0x1EBF, 0x5B9E, 0xF57C, 0x3BE7, 0xDEFF, 0xBCFF, 0xDCFF, 0xBDFF, 0xBDFF, 0xBDFF, 0xDCFF, 
    0xBCFF, 0xBCFF, 0xBCFF, 0xBCFF, 0xBCFF, 0xBCFF, 0xBCFF, 0xBCFF, 0xBCFF, 0xBCFF, 0xBCFF, 0xBCFF, 
    0xBCFF, 0xBCFF, 0xBCFF, 0xBCFF, 0xBCFF, 0xBCFF, 0xBCFF, 0xBCFF, 0xBCFF, 0xBCFF, 0xBCFF, 0xBCFF, 
    0xBCFF, 0xBCFF, 0xBCFF, 0xBCFF, 0xBCFF, 0xBCFF, 0xBCFF, 0xBDFF, 0xDCFF, 0xDCC6, 0xBA75, 0xDB85, 
    0xFB7D, 0xDB7D, 0xDB7D, 0xFB7D, 0xDB7D, 0xDB7D, 0xDB7D, 0xDB7D, 0xDB7D, 0xDB7D, 0xDB7D, 0xDB7D, 
    0xFA85, 0xDA7D, 0x3CD7, 0xDDFF, 0xBEF7, 0xBCFF, 0xBDFF, 0xBDFF, 0xBEF7, 0xFDFF, 0x9CB6, 0xBB75, 
    0xFB7D, 0xDB7D, 0xDB7D, 0xDB7D, 0xDB7D, 0xDB7D, 0xDB7D, 0xDB7D, 0xDB7D, 0xDB7D, 0xDB7D, 0xFB7D, 
    0xBB75, 0x5BAE, 0xBDFF, 0x9CFF, 0x9DFF, 0x9CFF, 0x9CFF, 0x9CFF, 0x9CFF, 0x9CFF, 0x9CFF, 0x9CFF, 
    0x9CFF, 0x9CFF, 0x9CFF, 0x9CFF, 0x9CFF, 0x9CFF, 0x9CFF, 0x9CFF, 0x9CFF, 0x9CFF, 0x9CFF, 0x9CFF, 
    0x9CFF, 0x9CFF, 0x9CFF, 0x9CFF, 0x9CFF, 0x9CFF, 0x9CFF, 0x9CFF, 0x9CFF, 0x9CFF, 0x9CFF, 0x9CFF, 
    0x9CFF, 0x9CFF, 0x9CFF, 0x9CFF, 0x9CFF, 0x9CFF, 0x9CFF, 0x9CFF, 0x9CFF, 0x9CFF, 0x9CFF, 0x9CFF, 
    0x9CFF, 0x9CFF, 0x9CFF, 0x9CFF, 0x9CFF, 0x9CFF, 0x9CFF, 0x9CFF, 0x9CFF, 0x9CFF, 0x9CFF, 0x9CFF, 
    0x9CFF, 0x9CFF, 0x9CFF, 0x9CFF, 0x9CFF, 0xBDFF, 0xDBCE, 0xDB7D, 0xFB7D, 0xFB7D, 0xDB7D, 0xDB7D, 
    0xDB7D, 0xDB7D, 0xDB7D, 0xDB7D, 0xDB7D, 0xDB7D, 0xDB7D, 0xFB7D, 0xFB7D, 0xDB7D, 0xDA7D, 0xBCBE, 
    0xFBD6, 0xFBD6, 0xFCD6, 0x1CCF, 0xFBD6, 0xFCD6, 0x1BD7, 0x5BA6, 0xDB75, 0xFA7D, 0xFB7D, 0xDB7D, 
    0xDB7D, 0xDB7D, 0xDB7D, 0xDB7D, 0xDB7D, 0xDB7D, 0xDB7D, 0xFB7D, 0xFB7D, 0xDB75, 0x7BB6, 0xDDFF, 
    0xBDFF, 0xBCFF, 0xBDFF, 0xBCFF, 0xBCFF, 0xBCFF, 0xBCFF, 0xBCFF, 0xBCFF, 0xBCFF, 0xBCFF, 0xBCFF, 
    0xBCFF, 0xBCFF, 0xBCFF, 0xBCFF, 0xBCFF, 0xBCFF, 0xBCFF, 0xBCFF, 0xBCFF, 0xBCFF, 0xBCFF, 0xBCFF, 
    0xBCFF, 0xBCFF, 0xBCFF, 0xBCFF, 0xBCFF, 0xBCFF, 0xBCFF, 0xBCFF, 0xBCFF, 0xBCFF, 0xBDFF, 0xBCFF, 
    0xBCFF, 0xBDFF, 0xBDFF, 0xFDFF, 0x79CE, 0xF574, 0xDDAE, 0x1DBF, 0xFDBE, 0xFDBE, 0xFDBE, 0xFDBE, 
    0xFDBE, 0xFDBE, 0xFDBE, 0xFDBE, 0xFDBE, 0xFDBE, 0xFDBE, 0xFDBE, 0xFDBE, 0xFDBE, 0xFDBE, 0xFDBE, 
    0xFDBE, 0xFDBE, 0xFDBE, 0xFDBE, 0xFDBE, 0xFDBE, 
    0xFDBE, 0xFDBE, 0xFDBE, 0xFDBE, 0xFDBE, 0xFDBE, 
    0xFDBE, 0xFDBE, 0xFDBE, 0xFDBE, 0xFDBE, 0xFDBE, 0xFDBE, 0xFDBE, 0xFDBE, 0xFDBE, 0xFDBE, 0xFDBE, 
    0xFDBE, 0xFDBE, 0xFDBE, 0x1EBF, 0x5B9E, 0xD474, 0x709C, 0x0FAC, 0x2FAC, 0x4EA4, 0x2FAC, 0x2FAC, 
    0x2FAC, 0x2EAC, 0x2EAC, 0x2EAC, 0x2EAC, 0x2EAC, 0x2EAC, 0x2EAC, 0x2EAC, 0x2EAC, 0x2EAC, 0x2EAC, 
    0x2EAC, 0x2EAC, 0x2EAC, 0x2EAC, 0x2EAC, 0x2EAC, 0x2EAC, 0x2EAC, 0x2EAC, 0x2EAC, 0x2EAC, 0x2EAC, 
    0x2EAC, 0x2EAC, 0x2EAC, 0x2EAC, 0x2EAC, 0x2EAC, 0x2EAC, 0x2EAC, 0x2EAC, 0x4FA4, 0xEEAB, 0xF494, 
    0x1B76, 0xDB7D, 0xDB7D, 0xFB7D, 0xDB7D, 0xDA7D, 0xDB7D, 0xDB7D, 0xDB7D, 0xDB7D, 0xDB7D, 0xDB7D, 
    0xDB7D, 0xFB7D, 0xFB7D, 0xB985, 0xBBAE, 0x1CC7, 0xFBCE, 0xFBCE, 0xFCCE, 0xFCCE, 0xDCCE, 0x3DC7, 
    0x5B9E, 0xBA85, 0xDB7D, 0xDC7D, 0xDC7D, 0xDB7D, 0xDB7D, 0xDB7D, 0xDB7D, 0xDB7D, 0xDB7D, 0xDB7D, 
    0xDB7D, 0xFB7D, 0xBB75, 0x5BAE, 0xBDFF, 0x9CFF, 0x9DFF, 0x9CFF, 0x9CFF, 0x9CFF, 0x9CFF, 0x9CFF, 
    0x9CFF, 0x9CFF, 0x9CFF, 0x9CFF, 0x9CFF, 0x9CFF, 0x9CFF, 0x9CFF, 0x9CFF, 0x9CFF, 0x9CFF, 0x9CFF, 
    0x9CFF, 0x9CFF, 0x9CFF, 0x9CFF, 0x9CFF, 0x9CFF, 0x9CFF, 0x9CFF, 0x9CFF, 0x9CFF, 0x9CFF, 0x9CFF, 
    0x9CFF, 0x9CFF, 0x9CFF, 0x9CFF, 0x9CFF, 0x9CFF, 0x9CFF, 0x9CFF, 0x9CFF, 0x9CFF, 0x9CFF, 0x9CFF, 
    0x9CFF, 0x9CFF, 0x9CFF, 0x9CFF, 0x9CFF, 0x9CFF, 0x9CFF, 0x9CFF, 0x9CFF, 0x9CFF, 0x9CFF, 0x9CFF, 
    0x9CFF, 0x9CFF, 0x9CFF, 0x9CFF, 0x9CFF, 0x9CFF, 0x9CFF, 0xBDFF, 0xDBCE, 0xDB7D, 0xFB7D, 0xFB7D, 
    0xDB7D, 0xDB7D, 0xDB7D, 0xDB7D, 0xDB7D, 0xDB7D, 0xDB7D, 0xDB7D, 0xDB7D, 0xDB7D, 0xDB7D, 0xDB7D, 
    0xDB7D, 0xDB7D, 0xDB7D, 0xDB7D, 0xDB7D, 0xDB7D, 0xDB7D, 0xDB7D, 0xDB7D, 0xDB7D, 0xDB7D, 0xDB7D, 
    0xDB7D, 0xDB7D, 0xDB7D, 0xDB7D, 0xDB7D, 0xDB7D, 0xDB7D, 0xDB7D, 0xFB7D, 0xDB7D, 0xDA85, 0x1B76, 
    0x568D, 0x0FAC, 0x2FAC, 0x2EAC, 0x2EAC, 0x2EAC, 0x2EAC, 0x2EAC, 0x2EAC, 0x2EAC, 0x2EAC, 0x2EAC, 
    0x2EAC, 0x2EAC, 0x2EAC, 0x2EAC, 0x2EAC, 0x2EAC, 0x2EAC, 0x2EAC, 0x2EAC, 0x2EAC, 0x2EAC, 0x2EAC, 
    0x2EAC, 0x2EAC, 0x2EAC, 0x2EAC, 0x2EAC, 0x2EAC, 0x2EAC, 0x2EAC, 0x2EAC, 0x2EAC, 0x2EAC, 0x2EAC, 
    0x2EAC, 0x2FAC, 0x2FAC, 0x2FA4, 0x4EAC, 0x0FAC, 0x7294, 0x157D, 0xBCAE, 0x1DBF, 0xFDBE, 0xFDBE, 
    0xFDBE, 0xFDBE, 0xFDBE, 0xFDBE, 0xFDBE, 0xFDBE, 0xFDBE, 0xFDBE, 0xFDBE, 0xFDBE, 0xFDBE, 0xFDBE, 
    0xFDBE, 0xFDBE, 0xFDBE, 0xFDBE, 0xFDBE, 0xFDBE, 0xFDBE, 0xFDBE, 
    0xFDBE, 0xFDBE, 0xFDBE, 0xFDBE, 
    0xFDBE, 0xFDBE, 0xFDBE, 0xFDBE, 0xFDBE, 0xFDBE, 0xFDBE, 0xFDBE, 0xFDBE, 0xFDBE, 0xFDBE, 0xFDBE, 
    0xFDBE, 0xFDBE, 0xFDBE, 0xFDBE, 0xFDBE, 0x1EBF, 0x5B9E, 0xD47C, 0xF7CD, 0x38F6, 0x17EE, 0x37E6, 
    0x18EE, 0x18EE, 0x37EE, 0x37EE, 0x18EE, 0x18EE, 0x18EE, 0x18EE, 0x18EE, 0x18EE, 0x18EE, 0x18EE, 
    0x18EE, 0x18EE, 0x18EE, 0x18EE, 0x18EE, 0x18EE, 0x18EE, 0x18EE, 0x18EE, 0x18EE, 0x18EE, 0x18EE, 
    0x18EE, 0x18EE, 0x18EE, 0x18EE, 0x18EE, 0x18EE, 0x18EE, 0x18EE, 0x18EE, 0x18EE, 0x18EE, 0x38E6, 
    0x37F6, 0x19BE, 0xFB75, 0xDB7D, 0xDB7D, 0xFB7D, 0xDB7D, 0xDA7D, 0xDB7D, 0xDB7D, 0xDB7D, 0xDB7D, 
    0xDB7D, 0xDB7D, 0xDB7D, 0xDC7D, 0xFD75, 0xDC7D, 0xDB7D, 0xBA7D, 0xDA7D, 0xDA7D, 0xDA75, 0xDA7D, 
    0xD985, 0xDA7D, 0xDA7D, 0xFB7D, 0xFB7D, 0xFA7D, 0xDA85, 0xDB7D, 0xDB7D, 0xDB7D, 0xDB7D, 0xDB7D, 
    0xDB7D, 0xDB7D, 0xDB7D, 0xFB7D, 0xBB75, 0x5BAE, 0xBDFF, 0x9CFF, 0x9DFF, 0x9CFF, 0x9CFF, 0x9CFF, 
    0x9CFF, 0x9CFF, 0x9CFF, 0x9CFF, 0x9CFF, 0x9CFF, 0x9CFF, 0x9CFF, 0x9CFF, 0x9CFF, 0x9CFF, 0x9CFF, 
    0x9CFF, 0x9CFF, 0x9CFF, 0x9CFF, 0x9CFF, 0x9CFF, 0x9CFF, 0x9CFF, 0x9CFF, 0x9CFF, 0x9CFF, 0x9CFF, 
    0x9CFF, 0x9CFF, 0x9CFF, 0x9CFF, 0x9CFF, 0x9CFF, 0x9CFF, 0x9CFF, 0x9CFF, 0x9CFF, 0x9CFF, 0x9CFF, 
    0x9CFF, 0x9CFF, 0x9CFF, 0x9CFF, 0x9CFF, 0x9CFF, 0x9CFF, 0x9CFF, 0x9CFF, 0x9CFF, 0x9CFF, 0x9CFF, 
    0x9CFF, 0x9CFF, 0x9CFF, 0x9CFF, 0x9CFF, 0x9CFF, 0x9CFF, 0x9CFF, 0x9CFF, 0xBDFF, 0xDBCE, 0xDB7D, 
    0xFB7D, 0xFB7D, 0xDB7D, 0xDB7D, 0xDB7D, 0xDB7D, 0xDB7D, 0xDB7D, 0xDB7D, 0xDB7D, 0xDB7D, 0xDB7D, 
    0xDB7D, 0xDB7D, 0xDB7D, 0xDB7D, 0xDB7D, 0xDB7D, 0xFB7D, 0xFB7D, 0xFB7D, 0xFB7D, 0xDB7D, 0xDB7D, 
    0xDB7D, 0xDB7D, 0xDB7D, 0xDB7D, 0xDB7D, 0xDB7D, 0xDB7D, 0xDB7D, 0xDB7D, 0xDB7D, 0xFB7D, 0xDB7D, 
    0xDB85, 0xFB75, 0xF9A5, 0x38EE, 0x18EE, 0x37EE, 0x38EE, 0x18EE, 0x18EE, 0x18EE, 0x18EE, 0x18EE, 
    0x18EE, 0x18EE, 0x18EE, 0x18EE, 0x18EE, 0x18EE, 0x18EE, 0x18EE, 0x18EE, 0x18EE, 0x18EE, 0x18EE, 
    0x18EE, 0x18EE, 0x18EE, 0x18EE, 0x18EE, 0x18EE, 0x18EE, 0x18EE, 0x18EE, 0x18EE, 0x18EE, 0x18EE, 
    0x18EE, 0x18EE, 0x37EE, 0x37EE, 0x18EE, 0x37E6, 0x37E6, 0x38EE, 0x76AD, 0xF574, 0xDCB6, 0x1DBF, 
    0xFDBE, 0xFDBE, 0xFDBE, 0xFDBE, 0xFDBE, 0xFDBE, 0xFDBE, 0xFDBE, 0xFDBE, 0xFDBE, 0xFDBE, 0xFDBE, 
    0xFDBE, 0xFDBE, 0xFDBE, 0xFDBE, 0xFDBE, 0xFDBE, 0xFDBE, 0xFDBE, 0xFDBE, 0xFDBE, 
    0xFDBE, 0xFDBE, 
    0xFDBE, 0xFDBE, 0xFDBE, 0xFDBE, 0xFDBE, 0xFDBE, 0xFDBE, 0xFDBE, 0xFDBE, 0xFDBE, 0xFDBE, 0xFDBE, 
    0xFDBE, 0xFDBE, 0xFDBE, 0xFDBE, 0xFDBE, 0xFDBE, 0xFDBE, 0x1EBF, 0x5B9E, 0xF57C, 0x7ADE, 0xDCFE, 
    0xBBFE, 0xDBFE, 0xBBFE, 0xBBFE, 0xDBFE, 0xBBFE, 0xBBFE, 0xBBFE, 0xBBFE, 0xBBFE, 0xBBFE, 0xBBFE, 
    0xBBFE, 0xBBFE, 0xBBFE, 0xBBFE, 0xBBFE, 0xBBFE, 0xBBFE, 0xBBFE, 0xBBFE, 0xBBFE, 0xBBFE, 0xBBFE, 
    0xBBFE, 0xBBFE, 0xBBFE, 0xBBFE, 0xBBFE, 0xBBFE, 0xBBFE, 0xBBFE, 0xBBFE, 0xBBFE, 0xBBFE, 0xBBFE, 
    0xBBFE, 0xDBFE, 0xDAFE, 0x5BC6, 0xDB6D, 0xDB85, 0xDB7D, 0xFB7D, 0xDB7D, 0xDB7D, 0xDB7D, 0xDB7D, 
    0xDB7D, 0xDB7D, 0xDB7D, 0xDB7D, 0xDB7D, 0xDB7D, 0xDB85, 0xDB7D, 0xFB7D, 0xFB7D, 0xFB7D, 0xFB75, 
    0xFB75, 0xFB75, 0xFB75, 0xFB75, 0xFB7D, 0xFB7D, 0xFB7D, 0xDA7D, 0xFA7D, 0xDA7D, 0xDB7D, 0xDB7D, 
    0xDB7D, 0xDB7D, 0xDB7D, 0xDB7D, 0xDB7D, 0xFB7D, 0xBB75, 0x5BAE, 0xBDFF, 0x9CFF, 0x9DFF, 0x9CFF, 
    0x9CFF, 0x9CFF, 0x9CFF, 0x9CFF, 0x9CFF, 0x9CFF, 0x9CFF, 0x9CFF, 0x9CFF, 0x9CFF, 0x9CFF, 0x9CFF, 
    0x9CFF, 0x9CFF, 0x9CFF, 0x9CFF, 0x9CFF, 0x9CFF, 0x9CFF, 0x9CFF, 0x9CFF, 0x9CFF, 0x9CFF, 0x9CFF, 
    0x9CFF, 0x9CFF, 0x9CFF, 0x9CFF, 0x9CFF, 0x9CFF, 0x9CFF, 0x9CFF, 0x9CFF, 0x9CFF, 0x9CFF, 0x9CFF, 
    0x9CFF, 0x9CFF, 0x9CFF, 0x9CFF, 0x9CFF, 0x9CFF, 0x9CFF, 0x9CFF, 0x9CFF, 0x9CFF, 0x9CFF, 0x9CFF, 
    0x9CFF, 0x9CFF, 0x9CFF, 0x9CFF, 0x9CFF, 0x9CFF, 0x9CFF, 0x9CFF, 0x9CFF, 0x9CFF, 0x9CFF, 0xBDFF, 
    0xDBCE, 0xDB7D, 0xFB7D, 0xFB7D, 0xDB7D, 0xDB7D, 0xDB7D, 0xDB7D, 0xDB7D, 0xDB7D, 0xDB7D, 0xDB7D, 
    0xDB7D, 0xDB7D, 0xDB7D, 0xDB7D, 0xDB7D, 0xDB7D, 0xDB7D, 0xDB7D, 0xDB7D, 0xDB7D, 0xDB7D, 0xDB7D, 
    0xDB7D, 0xDB7D, 0xDB7D, 0xDB7D, 0xDB7D, 0xDB7D, 0xDB7D, 0xDB7D, 0xDB7D, 0xDB7D, 0xDB7D, 0xDB7D, 
    0xFB7D, 0xDB7D, 0xDB85, 0xFB6D, 0x3AAE, 0xDBFE, 0xBBFE, 0xBAFE, 0xDBFE, 0xBBFE, 0xBBFE, 0xBBFE, 
    0xBBFE, 0xBBFE, 0xBBFE, 0xBBFE, 0xBBFE, 0xBBFE, 0xBBFE, 0xBBFE, 0xBBFE, 0xBBFE, 0xBBFE, 0xBBFE, 
    0xBBFE, 0xBBFE, 0xBBFE, 0xBBFE, 0xBBFE, 0xBBFE, 0xBBFE, 0xBBFE, 0xBBFE, 0xBBFE, 0xBBFE, 0xBBFE, 
    0xBBFE, 0xBBFE, 0xBBFE, 0xBBFE, 0xBBFE, 0xDBFE, 0xBBFE, 0xDBFE, 0xDAFE, 0xDBFE, 0xD8BD, 0xD574, 
    0xDCB6, 0x1DBF, 0xFDBE, 0xFDBE, 0xFDBE, 0xFDBE, 0xFDBE, 0xFDBE, 0xFDBE, 0xFDBE, 0xFDBE, 0xFDBE, 
    0xFDBE, 0xFDBE, 0xFDBE, 0xFDBE, 0xFDBE, 0xFDBE, 0xFDBE, 0xFDBE, 0xFDBE, 0xFDBE, 0xFDBE, 0xFDBE, 
    
    0xFDBE, 0xFDBE, 0xFDBE, 0xFDBE, 0xFDBE, 0xFDBE, 0xFDBE, 0xFDBE, 0xFDBE, 0xFDBE, 0xFDBE, 0xFDBE, 
    0xFDBE, 0xFDBE, 0xFDBE, 0xFDBE, 0xFDBE, 0xFDBE, 0xFDBE, 0xFDBE, 0xFDBE, 0x1EBF, 0x5B9E, 0xD57C, 
    0x5ADE, 0xBCFE, 0x9AFE, 0xBAFE, 0x9BFE, 0x9BFE, 0xBBFE, 0xBAFE, 0xBAFE, 0xBAFE, 0xBAFE, 0xBAFE, 
    0xBAFE, 0xBAFE, 0xBAFE, 0xBAFE, 0xBAFE, 0xBAFE, 0xBAFE, 0xBAFE, 0xBAFE, 0xBAFE, 0xBAFE, 0xBAFE, 
    0xBAFE, 0xBAFE, 0xBAFE, 0xBAFE, 0xBAFE, 0xBAFE, 0xBAFE, 0xBAFE, 0xBAFE, 0xBAFE, 0xBAFE, 0xBAFE, 
    0xBAFE, 0xBAFE, 0xBAFE, 0xBAF6, 0xBAFE, 0x3BC6, 0xDB6D, 0xDB85, 0xDB7D, 0xFB7D, 0xDB7D, 0xDA7D, 
    0xDB7D, 0xDB7D, 0xDB7D, 0xDB7D, 0xDB7D, 0xDB7D, 0xDB7D, 0xFA7D, 0xF97D, 0xFA7D, 0xDA7D, 0xDA7D, 
    0xDB7D, 0xDA85, 0xDA85, 0xDA85, 0xDA7D, 0xDB85, 0xDB85, 0xDB85, 0xDB7D, 0xDB7D, 0xFB7D, 0xDB7D, 
    0xDB7D, 0xDB7D, 0xDB7D, 0xDB7D, 0xDB7D, 0xDB7D, 0xDB7D, 0xFB7D, 0xBB75, 0x5BAE, 0xBDFF, 0x9CFF, 
    0x9DFF, 0x9CFF, 0x9CFF, 0x9CFF, 0x9CFF, 0x9CFF, 0x9CFF, 0x9CFF, 0x9CFF, 0x9CFF, 0x9CFF, 0x9CFF, 
    0x9CFF, 0x9CFF, 0x9CFF, 0x9CFF, 0x9CFF, 0x9CFF, 0x9CFF, 0x9CFF, 0x9CFF, 0x9CFF, 0x9CFF, 0x9CFF, 
    0x9CFF, 0x9CFF, 0x9CFF, 0x9CFF, 0x9CFF, 0x9CFF, 0x9CFF, 0x9CFF, 0x9CFF, 0x9CFF, 0x9CFF, 0x9CFF, 
    0x9CFF, 0x9CFF, 0x9CFF, 0x9CFF, 0x9CFF, 0x9CFF, 0x9CFF, 0x9CFF, 0x9CFF, 0x9CFF, 0x9CFF, 0x9CFF, 
    0x9CFF, 0x9CFF, 0x9CFF, 0x9CFF, 0x9CFF, 0x9CFF, 0x9CFF, 0x9CFF, 0x9CFF, 0x9CFF, 0x9CFF, 0x9CFF, 
    0x9CFF, 0xBDFF, 0xDBCE, 0xDB7D, 0xFB7D, 0xFB7D, 0xDB7D, 0xDB7D, 0xDB7D, 0xDB7D, 0xDB7D, 0xDB7D, 
    0xDB7D, 0xDB7D, 0xDB7D, 0xDB7D, 0xDB7D, 0xDB7D, 0xDB7D, 0xDB7D, 0xDB7D, 0xDB7D, 0xDB7D, 0xDB7D, 
    0xDB7D, 0xDB7D, 0xDB7D, 0xDB7D, 0xDB7D, 0xDB7D, 0xDB7D, 0xDB7D, 0xDB7D, 0xDB7D, 0xDB7D, 0xDB7D, 
    0xDB7D, 0xDB7D, 0xFB7D, 0xDB7D, 0xDB85, 0xFB6D, 0x3AAE, 0xBBFE, 0x9BFE, 0xBAFE, 0xBAFE, 0xBAFE, 
    0xBAFE, 0xBAFE, 0xBAFE, 0xBAFE, 0xBAFE, 0xBAFE, 0xBAFE, 0xBAFE, 0xBAFE, 0xBAFE, 0xBAFE, 0xBAFE, 
    0xBAFE, 0xBAFE, 0xBAFE, 0xBAFE, 0xBAFE, 0xBAFE, 0xBAFE, 0xBAFE, 0xBAFE, 0xBAFE, 0xBAFE, 0xBAFE, 
    0xBAFE, 0xBAFE, 0xBAFE, 0xBAFE, 0xBAFE, 0xBAFE, 0x9AFE, 0xBBFE, 0x9BFE, 0xBBFE, 0xBAF6, 0xBBFE, 
    0xB8BD, 0xF574, 0xBCAE, 0x1DBF, 0xFDBE, 0xFDBE, 0xFDBE, 0xFDBE, 0xFDBE, 0xFDBE, 0xFDBE, 0xFDBE, 
    0xFDBE, 0xFDBE, 0xFDBE, 0xFDBE, 0xFDBE, 0xFDBE, 0xFDBE, 0xFDBE, 0xFDBE, 0xFDBE, 0xFDBE, 0xFDBE, 
    0xFDBE, 0xFDBE, 
    0xFDBE, 0xFDBE, 0xFDBE, 0xFDBE, 0xFDBE, 0xFDBE, 0xFDBE, 0xFDBE, 0xFDBE, 0xFDBE, 
    0xFDBE, 0xFDBE, 0xFDBE, 0xFDBE, 0xFDBE, 0xFDBE, 0xFDBE, 0xFDBE, 0xFDBE, 0xFDBE, 0xFDBE, 0x1EBF, 
    0x5B9E, 0xD57C, 0x5ADE, 0xBBFE, 0x9AFE, 0xBAF6, 0x9BFE, 0x9BFE, 0xBBFE, 0xBAFE, 0xBAFE, 0xBAFE, 
    0xBAFE, 0xBAFE, 0xBAFE, 0xBAFE, 0xBAFE, 0xBAFE, 0xBAFE, 0xBAFE, 0xBAFE, 0xBAFE, 0xBAFE, 0xBAFE, 
    0xBAFE, 0xBAFE, 0xBAFE, 0xBAFE, 0xBAFE, 0xBAFE, 0xBAFE, 0xBAFE, 0xBAFE, 0xBAFE, 0xBAFE, 0xBAFE, 
    0xBAFE, 0xBAFE, 0xBAFE, 0xBAFE, 0xBAFE, 0xBAF6, 0xBAFE, 0x3BC6, 0xDB6D, 0xDB85, 0xDB7D, 0xFB7D, 
    0xDB7D, 0xDB7D, 0xDB7D, 0xDB7D, 0xDB7D, 0xDB7D, 0xDB7D, 0xDB7D, 0xDB7D, 0xFB7D, 0xFB75, 0xFB75, 
    0xFB75, 0xFC75, 0xFB7D, 0xDB7D, 0xDB7D, 0xDA7D, 0xDA85, 0xDA85, 0xDB85, 0xDB85, 0xDB7D, 0xFB7D, 
    0xFB7D, 0xFB7D, 0xDB7D, 0xDB7D, 0xDB7D, 0xDB7D, 0xDB7D, 0xDB7D, 0xDB7D, 0xFB7D, 0xBB75, 0x5BAE, 
    0xBDFF, 0x9CFF, 0x9DFF, 0x9CFF, 0x9CFF, 0x9CFF, 0x9CFF, 0x9CFF, 0x9CFF, 0x9CFF, 0x9CFF, 0x9CFF, 
    0x9CFF, 0x9CFF, 0x9CFF, 0x9CFF, 0x9CFF, 0x9CFF, 0x9CFF, 0x9CFF, 0x9CFF, 0x9CFF, 0x9CFF, 0x9CFF, 
    0x9CFF, 0x9CFF, 0x9CFF, 0x9CFF, 0x9CFF, 0x9CFF, 0x9CFF, 0x9CFF, 0x9CFF, 0x9CFF, 0x9CFF, 0x9CFF, 
    0x9CFF, 0x9CFF, 0x9CFF, 0x9CFF, 0x9CFF, 0x9CFF, 0x9CFF, 0x9CFF, 0x9CFF, 0x9CFF, 0x9CFF, 0x9CFF, 
    0x9CFF, 0x9CFF, 0x9CFF, 0x9CFF, 0x9CFF, 0x9CFF, 0x9CFF, 0x9CFF, 0x9CFF, 0x9CFF, 0x9CFF, 0x9CFF, 
    0x9CFF, 0x9CFF, 0x9CFF, 0xBDFF, 0xDBCE, 0xDB7D, 0xFB7D, 0xFB7D, 0xDB7D, 0xDB7D, 0xDB7D, 0xDB7D, 
    0xDB7D, 0xDB7D, 0xDB7D, 0xDB7D, 0xDB7D, 0xDB7D, 0xDB7D, 0xDB7D, 0xDB7D, 0xDB7D, 0xDB7D, 0xDB7D, 
    0xDB7D, 0xDB7D, 0xDB7D, 0xDB7D, 0xDB7D, 0xDB7D, 0xDB7D, 0xDB7D, 0xDB7D, 0xDB7D, 0xDB7D, 0xDB7D, 
    0xDB7D, 0xDB7D, 0xDB7D, 0xDB7D, 0xFB7D, 0xDB7D, 0xDB85, 0xFB6D, 0x3AAE, 0xBAFE, 0x9BFE, 0xBAFE, 
    0xBAFE, 0xBAFE, 0xBAFE, 0xBAFE, 0xBAFE, 0xBAFE, 0xBAFE, 0xBAFE, 0xBAFE, 0xBAFE, 0xBAFE, 0xBAFE, 
    0xBAFE, 0xBAFE, 0xBAFE, 0xBAFE, 0xBAFE, 0xBAFE, 0xBAFE, 0xBAFE, 0xBAFE, 0xBAFE, 0xBAFE, 0xBAFE, 
    0xBAFE, 0xBAFE, 0xBAFE, 0xBAFE, 0xBAFE, 0xBAFE, 0xBAFE, 0xBAFE, 0xBAFE, 0xBBFE, 0x9BFE, 0xBAFE, 
    0xBAF6, 0xBBFE, 0xB7BD, 0xF574, 0xBCAE, 0x1DBF, 0xFDBE, 0x1DBF, 0xFDBE, 0xFDBE, 0xFDBE, 0xFDBE, 
    0xFDBE, 0xFDBE, 0xFDBE, 0xFDBE, 0xFDBE, 0xFDBE, 0xFDBE, 0xFDBE, 0xFDBE, 0xFDBE, 0xFDBE, 0xFDBE, 
    0xFDBE, 0xFDBE, 0xFDBE, 0xFDBE, 
    0xFDBE, 0xFDBE, 0xFDBE, 0xFDBE, 0xFDBE, 0xFDBE, 0xFDBE, 0xFDBE, 
    0xFDBE, 0xFDBE, 0xFDBE, 0xFDBE, 0xFDBE, 0xFDBE, 0xFDBE, 0xFDBE, 0xFDBE, 0xFDBE, 0xFDBE, 0xFDBE, 
    0xFDBE, 0x1EBF, 0x5B9E, 0xF574, 0x79DE, 0xBBFE, 0x9AFE, 0xBAF6, 0xBAFE, 0xBAFE, 0xBAFE, 0xBAFE, 
    0x9BFE, 0x9BFE, 0x9BFE, 0x9BFE, 0x9BFE, 0x9BFE, 0x9BFE, 0x9BFE, 0x9BFE, 0x9BFE, 0x9BFE, 0x9BFE, 
    0x9BFE, 0x9BFE, 0x9BFE, 0x9BFE, 0x9BFE, 0x9BFE, 0x9BFE, 0x9BFE, 0x9BFE, 0x9BFE, 0x9BFE, 0x9BFE, 
    0x9BFE, 0x9BFE, 0x9BFE, 0x9BFE, 0x9BFE, 0x9BFE, 0x9BFE, 0xBBF6, 0xBAFE, 0x3BC6, 0xDB6D, 0xDB85, 
    0xDB7D, 0xFB7D, 0xDB7D, 0xDB7D, 0xDB7D, 0xDB7D, 0xDB7D, 0xDB7D, 0xDB7D, 0xDB7D, 0xDB7D, 0xDB7D, 
    0xDB7D, 0xDB7D, 0xDB7D, 0xFB7D, 0xFB7D, 0xFB7D, 0xFB7D, 0xFB75, 0xFB75, 0xFB75, 0xFB7D, 0xFB7D, 
    0xFA7D, 0xFA7D, 0xFA7D, 0xFB7D, 0xDB7D, 0xDB7D, 0xDB7D, 0xDB7D, 0xDB7D, 0xDB7D, 0xDB7D, 0xFB7D, 
    0xBB75, 0x5BAE, 0xBDFF, 0x9CFF, 0x9DFF, 0x9CFF, 0x9CFF, 0x9CFF, 0x9CFF, 0x9CFF, 0x9CFF, 0x9CFF, 
    0x9CFF, 0x9CFF, 0x9CFF, 0x9CFF, 0x9CFF, 0x9CFF, 0x9CFF, 0x9CFF, 0x9CFF, 0x9CFF, 0x9CFF, 0x9CFF, 
    0x9CFF, 0x9CFF, 0x9CFF, 0x9CFF, 0x9CFF, 0x9CFF, 0x9CFF, 0x9CFF, 0x9CFF, 0x9CFF, 0x9CFF, 0x9CFF, 
    0x9CFF, 0x9CFF, 0x9CFF, 0x9CFF, 0x9CFF, 0x9CFF, 0x9CFF, 0x9CFF, 0x9CFF, 0x9CFF, 0x9CFF, 0x9CFF, 
    0x9CFF, 0x9CFF, 0x9CFF, 0x9CFF, 0x9CFF, 0x9CFF, 0x9CFF, 0x9CFF, 0x9CFF, 0x9CFF, 0x9CFF, 0x9CFF, 
    0x9CFF, 0x9CFF, 0x9CFF, 0x9CFF, 0x9CFF, 0xBDFF, 0xDBCE, 0xDB7D, 0xFB7D, 0xFB7D, 0xDB7D, 0xDB7D, 
    0xDB7D, 0xDB7D, 0xDB7D, 0xDB7D, 0xDB7D, 0xDB7D, 0xDB7D, 0xDB7D, 0xDB7D, 0xDB7D, 0xDB7D, 0xDB7D, 
    0xDB7D, 0xDB7D, 0xDB7D, 0xDB7D, 0xDB7D, 0xDB7D, 0xDB7D, 0xDB7D, 0xDB7D, 0xDB7D, 0xDB7D, 0xDB7D, 
    0xDB7D, 0xDB7D, 0xDB7D, 0xDB7D, 0xDB7D, 0xDB7D, 0xFA7D, 0xFB7D, 0xDA85, 0xFB6D, 0x3AAE, 0xBAFE, 
    0x9BFE, 0xBAFE, 0x9BFE, 0x9BFE, 0x9BFE, 0x9BFE, 0x9BFE, 0x9BFE, 0x9BFE, 0x9BFE, 0x9BFE, 0x9BFE, 
    0x9BFE, 0x9BFE, 0x9BFE, 0x9BFE, 0x9BFE, 0x9BFE, 0x9BFE, 0x9BFE, 0x9BFE, 0x9BFE, 0x9BFE, 0x9BFE, 
    0x9BFE, 0x9BFE, 0x9BFE, 0x9BFE, 0x9BFE, 0x9BFE, 0x9BFE, 0x9BFE, 0x9BFE, 0x9BFE, 0xBAFE, 0xBAFE, 
    0x9BFE, 0xBAFE, 0xBAF6, 0xBBFE, 0xB7BD, 0xF574, 0xBCAE, 0x1DBF, 0xFDBE, 0x1DBF, 0xFDBE, 0xFDBE, 
    0xFDBE, 0xFDBE, 0xFDBE, 0xFDBE, 0xFDBE, 0xFDBE, 0xFDBE, 0xFDBE, 0xFDBE, 0xFDBE, 0xFDBE, 0xFDBE, 
    0xFDBE, 0xFDBE, 0xFDBE, 0xFDBE, 0xFDBE, 0xFDBE, 
    0xFDBE, 0xFDBE, 0xFDBE, 0xFDBE, 0xFDBE, 0xFDBE, 
    0xFDBE, 0xFDBE, 0xFDBE, 0xFDBE, 0xFDBE, 0xFDBE, 0xFDBE, 0xFDBE, 0xFDBE, 0xFDBE, 0xFDBE, 0xFDBE, 
    0xFDBE, 0xFDBE, 0xFDBE, 0x1EBF, 0x5B9E, 0xF574, 0x7ADE, 0xBBFE, 0x9AFE, 0xBAF6, 0x9AFE, 0xBAFE, 
    0xBAFE, 0xBAFE, 0xBBFE, 0xBBFE, 0xBBFE, 0xBBFE, 0xBBFE, 0xBBFE, 0xBBFE, 0xBBFE, 0xBBFE, 0xBBFE, 
    0xBBFE, 0xBBFE, 0xBBFE, 0xBBFE, 0xBBFE, 0xBBFE, 0xBBFE, 0xBBFE, 0xBBFE, 0xBBFE, 0xBBFE, 0xBBFE, 
    0xBBFE, 0xBBFE, 0xBBFE, 0xBBFE, 0xBBFE, 0xBBFE, 0xBBFE, 0xBBFE, 0xBBFE, 0xBBF6, 0xBAFE, 0x5BC6, 
    0xFB6D, 0xFB85, 0xDB7D, 0xFB7D, 0xDC7D, 0xDB7D, 0xDB7D, 0xDB7D, 0xDB7D, 0xDB7D, 0xDB7D, 0xDB7D, 
    0xDB7D, 0xDB7D, 0xDB7D, 0xDB85, 0xDB85, 0xDA85, 0xDB7D, 0xFB7D, 0xFB7D, 0xFB7D, 0xFB7D, 0xFB7D, 
    0xFB75, 0xFB7D, 0xFB7D, 0xFB7D, 0xDA7D, 0xDB7D, 0xDB7D, 0xDB7D, 0xDB7D, 0xDB7D, 0xDB7D, 0xDB7D, 
    0xDB7D, 0xFB7D, 0xBB75, 0x5BAE, 0xBDFF, 0x9CFF, 0x9DFF, 0x9CFF, 0x9CFF, 0x9CFF, 0x9CFF, 0x9CFF, 
    0x9CFF, 0x9CFF, 0x9CFF, 0x9CFF, 0x9CFF, 0x9CFF, 0x9CFF, 0x9CFF, 0x9CFF, 0x9CFF, 0x9CFF, 0x9CFF, 
    0x9CFF, 0x9CFF, 0x9CFF, 0x9CFF, 0x9CFF, 0x9CFF, 0x9CFF, 0x9CFF, 0x9CFF, 0x9CFF, 0x9CFF, 0x9CFF, 
    0x9CFF, 0x9CFF, 0x9CFF, 0x9CFF, 0x9CFF, 0x9CFF, 0x9CFF, 0x9CFF, 0x9CFF, 0x9CFF, 0x9CFF, 0x9CFF, 
    0x9CFF, 0x9CFF, 0x9CFF, 0x9CFF, 0x9CFF, 0x9CFF, 0x9CFF, 0x9CFF, 0x9CFF, 0x9CFF, 0x9CFF, 0x9CFF, 
    0x9CFF, 0x9CFF, 0x9CFF, 0x9CFF, 0x9CFF, 0x9CFF, 0x9CFF, 0xBDFF, 0xDBCE, 0xDB7D, 0xFB7D, 0xFB7D, 
    0xDB85, 0xDB7D, 0xDB7D, 0xDB7D, 0xDB7D, 0xDB7D, 0xDB7D, 0xDB7D, 0xDB7D, 0xDB7D, 0xDB7D, 0xDB7D, 
    0xDB7D, 0xDB7D, 0xDB7D, 0xDB7D, 0xDB7D, 0xDB7D, 0xDB7D, 0xDB7D, 0xDB7D, 0xDB7D, 0xDB7D, 0xDB7D, 
    0xDB7D, 0xDB7D, 0xDB7D, 0xDB7D, 0xDB7D, 0xDB7D, 0xDB7D, 0xDB7D, 0xFA7D, 0xDB7D, 0xDB85, 0xFB75, 
    0x3AAE, 0xBAFE, 0x9BFE, 0xBAFE, 0xBBFE, 0xBBFE, 0xBBFE, 0xBBFE, 0xBBFE, 0xBBFE, 0xBBFE, 0xBBFE, 
    0xBBFE, 0xBBFE, 0xBBFE, 0xBBFE, 0xBBFE, 0xBBFE, 0xBBFE, 0xBBFE, 0xBBFE, 0xBBFE, 0xBBFE, 0xBBFE, 
    0xBBFE, 0xBBFE, 0xBBFE, 0xBBFE, 0xBBFE, 0xBBFE, 0xBBFE, 0xBBFE, 0xBBFE, 0xBBFE, 0xBBFE, 0xBBFE, 
    0xBAFE, 0xBAFE, 0x9BFE, 0xBBFE, 0xBAF6, 0xBBFE, 0xB8BD, 0xF574, 0xBCAE, 0x1DBF, 0xFDBE, 0x1DBF, 
    0xFDBE, 0xFDBE, 0xFDBE, 0xFDBE, 0xFDBE, 0xFDBE, 0xFDBE, 0xFDBE, 0xFDBE, 0xFDBE, 0xFDBE, 0xFDBE, 
    0xFDBE, 0xFDBE, 0xFDBE, 0xFDBE, 0xFDBE, 0xFDBE, 0xFDBE, 0xFDBE, 
    0xFDBE, 0xFDBE, 0xFDBE, 0xFDBE, 
    0xFDBE, 0xFDBE, 0xFDBE, 0xFDBE, 0xFDBE, 0xFDBE, 0xFDBE, 0xFDBE, 0xFDBE, 0xFDBE, 0xFDBE, 0xFDBE, 
    0xFDBE, 0xFDBE, 0xFDBE, 0xFDBE, 0xFDBE, 0x1EBF, 0x5B9E, 0xF574, 0x7ADE, 0xBBFE, 0x9AFE, 0xBAF6, 
    0x9AFE, 0x9BFE, 0xBBFE, 0xBAFE, 0xBAFE, 0xBAFE, 0xBAFE, 0xBAFE, 0xBAFE, 0xBAFE, 0xBAFE, 0xBAFE, 
    0xBAFE, 0xBAFE, 0xBAFE, 0xBAFE, 0xBAFE, 0xBAFE, 0xBAFE, 0xBAFE, 0xBAFE, 0xBAFE, 0xBAFE, 0xBAFE, 
    0xBAFE, 0xBAFE, 0xBAFE, 0xBAFE, 0xBAFE, 0xBAFE, 0xBAFE, 0xBAFE, 0xBAFE, 0xBAFE, 0xBAFE, 0xBAF6, 
    0x9AFE, 0x3BC6, 0xDB75, 0xFA85, 0xFA7D, 0xFA7D, 0xFA85, 0xFA7D, 0xDA85, 0xDA85, 0xDA85, 0xDA85, 
    0xDA85, 0xDA85, 0xDA85, 0xFA7D, 0xFB7D, 0xFA7D, 0xFA85, 0xDA85, 0xDA85, 0xDB85, 0xDB85, 0xDA85, 
    0xDA8D, 0xDA85, 0xDA85, 0xDA85, 0xDB85, 0xDB85, 0xDB85, 0xDA85, 0xDA85, 0xDA85, 0xDA85, 0xDA85, 
    0xDA85, 0xDA85, 0xDA85, 0xFA7D, 0xDA7D, 0x5BAE, 0xDCFF, 0x9BFF, 0x9CFF, 0x9CFF, 0x9CFF, 0x9CFF, 
    0x9CFF, 0x9CFF, 0x9CFF, 0x9CFF, 0x9CFF, 0x9CFF, 0x9CFF, 0x9CFF, 0x9CFF, 0x9CFF, 0x9CFF, 0x9CFF, 
    0x9CFF, 0x9CFF, 0x9CFF, 0x9CFF, 0x9CFF, 0x9CFF, 0x9CFF, 0x9CFF, 0x9CFF, 0x9CFF, 0x9CFF, 0x9CFF, 
    0x9CFF, 0x9CFF, 0x9CFF, 0x9CFF, 0x9CFF, 0x9CFF, 0x9CFF, 0x9CFF, 0x9CFF, 0x9CFF, 0x9CFF, 0x9CFF, 
    0x9CFF, 0x9CFF, 0x9CFF, 0x9CFF, 0x9CFF, 0x9CFF, 0x9CFF, 0x9CFF, 0x9CFF, 0x9CFF, 0x9CFF, 0x9CFF, 
    0x9CFF, 0x9CFF, 0x9CFF, 0x9CFF, 0x9CFF, 0x9CFF, 0x9CFF, 0x9CFF, 0x9CFF, 0xBDFF, 0xBBC6, 0xBB75, 
    0xDC75, 0xDC75, 0xDB75, 0xDC75, 0xDC75, 0xDC75, 0xDC75, 0xDC75, 0xDC75, 0xDC75, 0xDC75, 0xDC75, 
    0xDC75, 0xDC75, 0xDC75, 0xDC75, 0xDC75, 0xDC75, 0xDC75, 0xDC75, 0xDC75, 0xDC75, 0xDC75, 0xDC75, 
    0xDC75, 0xDC75, 0xDC75, 0xDC75, 0xDC75, 0xDC75, 0xDC75, 0xDC75, 0xDC75, 0xDC75, 0xDC75, 0xDC75, 
    0xDC7D, 0xDB6D, 0x1AA6, 0xBBFE, 0x9BFE, 0x9BFE, 0x9AFE, 0xBAFE, 0xBAFE, 0xBAFE, 0xBAFE, 0xBAFE, 
    0xBAFE, 0xBAFE, 0xBAFE, 0xBAFE, 0xBAFE, 0xBAFE, 0xBAFE, 0xBAFE, 0xBAFE, 0xBAFE, 0xBAFE, 0xBAFE, 
    0xBAFE, 0xBAFE, 0xBAFE, 0xBAFE, 0xBAFE, 0xBAFE, 0xBAFE, 0xBAFE, 0xBAFE, 0xBAFE, 0xBAFE, 0xBAFE, 
    0xBAFE, 0xBAFE, 0xBAFE, 0xBAFE, 0x9BFE, 0xBBFE, 0xBAF6, 0xBBFE, 0xB8BD, 0xF574, 0xBCAE, 0x1DBF, 
    0xFDBE, 0x1DBF, 0xFDBE, 0xFDBE, 0xFDBE, 0xFDBE, 0xFDBE, 0xFDBE, 0xFDBE, 0xFDBE, 0xFDBE, 0xFDBE, 
    0xFDBE, 0xFDBE, 0xFDBE, 0xFDBE, 0xFDBE, 0xFDBE, 0xFDBE, 0xFDBE, 0xFDBE, 0xFDBE, 
    0xFDBE, 0xFDBE, 
    0xFDBE, 0xFDBE, 0xFDBE, 0xFDBE, 0xFDBE, 0xFDBE, 0xFDBE, 0xFDBE, 0xFDBE, 0xFDBE, 0xFDBE, 0xFDBE, 
    0xFDBE, 0xFDBE, 0xFDBE, 0xFDBE, 0xFDBE, 0xFDBE, 0xFDBE, 0x1EBF, 0x5B9E, 0xD574, 0x59DE, 0xBBFE, 
    0x9AFE, 0xBAF6, 0x9AFE, 0x9BFE, 0xBBFE, 0x9AFE, 0xBAFE, 0xBAFE, 0xBAFE, 0xBAFE, 0xBAFE, 0xBAFE, 
    0xBAFE, 0xBAFE, 0xBAFE, 0xBAFE, 0xBAFE, 0xBAFE, 0xBAFE, 0xBAFE, 0xBAFE, 0xBAFE, 0xBAFE, 0xBAFE, 
    0xBAFE, 0xBAFE, 0xBAFE, 0xBAFE, 0xBAFE, 0xBAFE, 0xBAFE, 0xBAFE, 0xBAFE, 0xBAFE, 0xBAFE, 0xBAFE, 
    0xBAFE, 0xBAF6, 0xD9FE, 0x5BC6, 0x9E6D, 0xDB7D, 0xDC75, 0xDC75, 0xDA7D, 0xDC75, 0xDC75, 0xDC75, 
    0xDC75, 0xDC75, 0xDC75, 0xDC75, 0xDC75, 0xDC75, 0xDC75, 0xDC75, 0xDC75, 0xDC75, 0xDC75, 0xDC75, 
    0xDC75, 0xDC75, 0xDC75, 0xDC75, 0xDC75, 0xDC75, 0xDC75, 0xDC75, 0xDC75, 0xDC75, 0xDC75, 0xDC75, 
    0xDC75, 0xDC75, 0xDC75, 0xDC75, 0xDC75, 0xDB75, 0x9C7D, 0x3CAE, 0xFDF7, 0x9BFF, 0x7CFF, 0x9CFF, 
    0x9CFF, 0x9CFF, 0x9CFF, 0x9CFF, 0x9CFF, 0x9CFF, 0x9CFF, 0x9CFF, 0x9CFF, 0x9CFF, 0x9CFF, 0x9CFF, 
    0x9CFF, 0x9CFF, 0x9CFF, 0x9CFF, 0x9CFF, 0x9CFF, 0x9CFF, 0x9CFF, 0x9CFF, 0x9CFF, 0x9CFF, 0x9CFF, 
    0x9CFF, 0x9CFF, 0x9CFF, 0x9CFF, 0x9CFF, 0x9CFF, 0x9CFF, 0x9CFF, 0x9CFF, 0x9CFF, 0x9CFF, 0x9CFF, 
    0x9CFF, 0x9CFF, 0x9CFF, 0x9CFF, 0x9CFF, 0x9CFF, 0x9CFF, 0x9CFF, 0x9CFF, 0x9CFF, 0x9CFF, 0x9CFF, 
    0x9CFF, 0x9CFF, 0x9CFF, 0x9CFF, 0x9CFF, 0x9CFF, 0x9CFF, 0x9CFF, 0x9CFF, 0x7DFF, 0x7CFF, 0xDCFF, 
    0xF8CE, 0x189E, 0x3B9E, 0x5996, 0x5896, 0x399E, 0x399E, 0x399E, 0x399E, 0x399E, 0x399E, 0x399E, 
    0x399E, 0x399E, 0x399E, 0x399E, 0x399E, 0x399E, 0x399E, 0x399E, 0x399E, 0x399E, 0x399E, 0x399E, 
    0x399E, 0x399E, 0x399E, 0x399E, 0x399E, 0x399E, 0x399E, 0x399E, 0x399E, 0x399E, 0x399E, 0x399E, 
    0x5996, 0x5996, 0x3B96, 0x389E, 0x39C6, 0xBCFE, 0xB9FE, 0x9BFE, 0x9BFE, 0xBAFE, 0xBAFE, 0xBAFE, 
    0xBAFE, 0xBAFE, 0xBAFE, 0xBAFE, 0xBAFE, 0xBAFE, 0xBAFE, 0xBAFE, 0xBAFE, 0xBAFE, 0xBAFE, 0xBAFE, 
    0xBAFE, 0xBAFE, 0xBAFE, 0xBAFE, 0xBAFE, 0xBAFE, 0xBAFE, 0xBAFE, 0xBAFE, 0xBAFE, 0xBAFE, 0xBAFE, 
    0xBAFE, 0xBAFE, 0xBAFE, 0xBAFE, 0x9AFE, 0xBBFE, 0x9BFE, 0xBAFE, 0xBAFE, 0xBBFE, 0xB8BD, 0xF574, 
    0xBCAE, 0x1DBF, 0xFDBE, 0x1DBF, 0xFDBE, 0xFDBE, 0xFDBE, 0xFDBE, 0xFDBE, 0xFDBE, 0xFDBE, 0xFDBE, 
    0xFDBE, 0xFDBE, 0xFDBE, 0xFDBE, 0xFDBE, 0xFDBE, 0xFDBE, 0xFDBE, 0xFDBE, 0xFDBE, 0xFDBE, 0xFDBE, 
    
    0xFDBE, 0xFDBE, 0xFDBE, 0xFDBE, 0xFDBE, 0xFDBE, 0xFDBE, 0xFDBE, 0xFDBE, 0xFDBE, 0xFDBE, 0xFDBE, 
    0xFDBE, 0xFDBE, 0xFDBE, 0xFDBE, 0xFDBE, 0xFDBE, 0xFDBE, 0xFDBE, 0xFDBE, 0x1EBF, 0x5B9E, 0xD574, 
    0x59DE, 0xBBFE, 0x9AFE, 0xBAF6, 0x9AFE, 0x9BFE, 0xBBFE, 0x9AFE, 0xBAFE, 0xBAFE, 0xBAFE, 0xBAFE, 
    0xBAFE, 0xBAFE, 0xBAFE, 0xBAFE, 0xBAFE, 0xBAFE, 0xBAFE, 0xBAFE, 0xBAFE, 0xBAFE, 0xBAFE, 0xBAFE, 
    0xBAFE, 0xBAFE, 0xBAFE, 0xBAFE, 0xBAFE, 0xBAFE, 0xBAFE, 0xBAFE, 0xBAFE, 0xBAFE, 0xBAFE, 0xBAFE, 
    0xBAFE, 0xBAFE, 0x9AFE, 0xBAF6, 0xD9FE, 0x99CE, 0x3996, 0x38A6, 0x599E, 0x3A9E, 0x19A6, 0x399E, 
    0x399E, 0x399E, 0x399E, 0x399E, 0x399E, 0x399E, 0x399E, 0x399E, 0x399E, 0x399E, 0x399E, 0x399E, 
    0x399E, 0x399E, 0x399E, 0x399E, 0x399E, 0x399E, 0x399E, 0x399E, 0x399E, 0x399E, 0x399E, 0x399E, 
    0x399E, 0x399E, 0x399E, 0x399E, 0x399E, 0x399E, 0x399E, 0x589E, 0xF99D, 0x7BC6, 0xBDFF, 0x7DFF, 
    0x7DFF, 0x9CFF, 0x9CFF, 0x9CFF, 0x9CFF, 0x9CFF, 0x9CFF, 0x9CFF, 0x9CFF, 0x9CFF, 0x9CFF, 0x9CFF, 
    0x9CFF, 0x9CFF, 0x9CFF, 0x9CFF, 0x9CFF, 0x9CFF, 0x9CFF, 0x9CFF, 0x9CFF, 0x9CFF, 0x9CFF, 0x9CFF, 
    0x9CFF, 0x9CFF, 0x9CFF, 0x9CFF, 0x9CFF, 0x9CFF, 0x9CFF, 0x9CFF, 0x9CFF, 0x9CFF, 0x9CFF, 0x9CFF, 
    0x9CFF, 0x9CFF, 0x9CFF, 0x9CFF, 0x9CFF, 0x9CFF, 0x9CFF, 0x9CFF, 0x9CFF, 0x9CFF, 0x9CFF, 0x9CFF, 
    0x9CFF, 0x9CFF, 0x9CFF, 0x9CFF, 0x9CFF, 0x9CFF, 0x9CFF, 0x9CFF, 0x9CFF, 0x9CFF, 0x9CFF, 0xBCFF, 
    0x9CFF, 0xBAFF, 0x76FF, 0x73F7, 0x73FF, 0x52FF, 0x51FF, 0x72FF, 0x72FF, 0x72FF, 0x72FF, 0x72FF, 
    0x72FF, 0x72FF, 0x72FF, 0x72FF, 0x72FF, 0x72FF, 0x72FF, 0x72FF, 0x72FF, 0x72FF, 0x72FF, 0x72FF, 
    0x72FF, 0x72FF, 0x72FF, 0x72FF, 0x72FF, 0x72FF, 0x72FF, 0x72FF, 0x72FF, 0x72FF, 0x72FF, 0x72FF, 
    0x72FF, 0x72FF, 0x52FF, 0x52FF, 0x53FF, 0x93F7, 0x17FF, 0x9AFE, 0xBAFE, 0xBBF6, 0xBAFE, 0xBAFE, 
    0xBAFE, 0xBAFE, 0xBAFE, 0xBAFE, 0xBAFE, 0xBAFE, 0xBAFE, 0xBAFE, 0xBAFE, 0xBAFE, 0xBAFE, 0xBAFE, 
    0xBAFE, 0xBAFE, 0xBAFE, 0xBAFE, 0xBAFE, 0xBAFE, 0xBAFE, 0xBAFE, 0xBAFE, 0xBAFE, 0xBAFE, 0xBAFE, 
    0xBAFE, 0xBAFE, 0xBAFE, 0xBAFE, 0xBAFE, 0xBAFE, 0x9AFE, 0xBBFE, 0x9BFE, 0xBAFE, 0xBAFE, 0xBBFE, 
    0xB8BD, 0xF574, 0xBCAE, 0x1DBF, 0xFDBE, 0x1DBF, 0xFDBE, 0xFDBE, 0xFDBE, 0xFDBE, 0xFDBE, 0xFDBE, 
    0xFDBE, 0xFDBE, 0xFDBE, 0xFDBE, 0xFDBE, 0xFDBE, 0xFDBE, 0xFDBE, 0xFDBE, 0xFDBE, 0xFDBE, 0xFDBE, 
    0xFDBE, 0xFDBE, 
    0xFDBE, 0xFDBE, 0xFDBE, 0xFDBE, 0xFDBE, 0xFDBE, 0xFDBE, 0xFDBE, 0xFDBE, 0xFDBE, 
    0xFDBE, 0xFDBE, 0xFDBE, 0xFDBE, 0xFDBE, 0xFDBE, 0xFDBE, 0xFDBE, 0xFDBE, 0xFDBE, 0xFDBE, 0x1EBF, 
    0x5B9E, 0xD574, 0x59DE, 0xBBFE, 0x9AFE, 0xBAF6, 0x9AFE, 0x9BFE, 0xBBFE, 0x9AFE, 0xBAFE, 0xBAFE, 
    0xBAFE, 0xBAFE, 0xBAFE, 0xBAFE, 0xBAFE, 0xBAFE, 0xBAFE, 0xBAFE, 0xBAFE, 0xBAFE, 0xBAFE, 0xBAFE, 
    0xBAFE, 0xBAFE, 0xBAFE, 0xBAFE, 0xBAFE, 0xBAFE, 0xBAFE, 0xBAFE, 0xBAFE, 0xBAFE, 0xBAFE, 0xBAFE, 
    0xBAFE, 0xBAFE, 0xBAFE, 0xBAFE, 0xBAFE, 0x9BFE, 0x5AFE, 0x16FF, 0xB4EF, 0x71FF, 0x90F7, 0x72F7, 
    0x73FF, 0x72F7, 0x72FF, 0x72FF, 0x72FF, 0x72FF, 0x72FF, 0x72FF, 0x72FF, 0x72FF, 0x72FF, 0x72FF, 
    0x72FF, 0x72FF, 0x72FF, 0x72FF, 0x72FF, 0x72FF, 0x72FF, 0x72FF, 0x72FF, 0x72FF, 0x72FF, 0x72FF, 
    0x72FF, 0x72FF, 0x72FF, 0x72FF, 0x72FF, 0x72FF, 0x72FF, 0x72FF, 0x72FF, 0xB1F7, 0x92EF, 0x76F7, 
    0xB9FF, 0x9BFF, 0x9DFF, 0xBDFF, 0xBCF7, 0x9CFF, 0x9CFF, 0x9CFF, 0x9CFF, 0x9CFF, 0x9CFF, 0x9CFF, 
    0x9CFF, 0x9CFF, 0x9CFF, 0x9CFF, 0x9CFF, 0x9CFF, 0x9CFF, 0x9CFF, 0x9CFF, 0x9CFF, 0x9CFF, 0x9CFF, 
    0x9CFF, 0x9CFF, 0x9CFF, 0x9CFF, 0x9CFF, 0x9CFF, 0x9CFF, 0x9CFF, 0x9CFF, 0x9CFF, 0x9CFF, 0x9CFF, 
    0x9CFF, 0x9CFF, 0x9CFF, 0x9CFF, 0x9CFF, 0x9CFF, 0x9CFF, 0x9CFF, 0x9CFF, 0x9CFF, 0x9CFF, 0x9CFF, 
    0x9CFF, 0x9CFF, 0x9CFF, 0x9CFF, 0x9CFF, 0x9CFF, 0x9CFF, 0x9CFF, 0x9CFF, 0x9CFF, 0x9CFF, 0x9CFF, 
    0x9CFF, 0xBBFF, 0x7DFF, 0x9CFF, 0x76F7, 0x72EF, 0x91EF, 0x72F7, 0x73F7, 0x53F7, 0x53F7, 0x53F7, 
    0x53F7, 0x53F7, 0x53F7, 0x53F7, 0x53F7, 0x53F7, 0x53F7, 0x53F7, 0x53F7, 0x53F7, 0x53F7, 0x53F7, 
    0x53F7, 0x53F7, 0x53F7, 0x53F7, 0x53F7, 0x53F7, 0x53F7, 0x53F7, 0x53F7, 0x53F7, 0x53F7, 0x53F7, 
    0x53F7, 0x53F7, 0x53F7, 0x53F7, 0x54F7, 0x73F7, 0x72EF, 0xB1EF, 0x17F7, 0x7CFE, 0xBBFE, 0xBAF6, 
    0xBAFE, 0xBBFE, 0xBAFE, 0xBAFE, 0xBAFE, 0xBAFE, 0xBAFE, 0xBAFE, 0xBAFE, 0xBAFE, 0xBAFE, 0xBAFE, 
    0xBAFE, 0xBAFE, 0xBAFE, 0xBAFE, 0xBAFE, 0xBAFE, 0xBAFE, 0xBAFE, 0xBAFE, 0xBAFE, 0xBAFE, 0xBAFE, 
    0xBAFE, 0xBAFE, 0xBAFE, 0xBAFE, 0xBAFE, 0xBAFE, 0xBAFE, 0xBAFE, 0x9AFE, 0xBBFE, 0x9BFE, 0xBAFE, 
    0xBAFE, 0xBBFE, 0xB8BD, 0xF574, 0xBCAE, 0x1DBF, 0xFDBE, 0x1DBF, 0xFDBE, 0xFDBE, 0xFDBE, 0xFDBE, 
    0xFDBE, 0xFDBE, 0xFDBE, 0xFDBE, 0xFDBE, 0xFDBE, 0xFDBE, 0xFDBE, 0xFDBE, 0xFDBE, 0xFDBE, 0xFDBE, 
    0xFDBE, 0xFDBE, 0xFDBE, 0xFDBE, 
    0xFDBE, 0xFDBE, 0xFDBE, 0xFDBE, 0xFDBE, 0xFDBE, 0xFDBE, 0xFDBE, 
    0xFDBE, 0xFDBE, 0xFDBE, 0xFDBE, 0xFDBE, 0xFDBE, 0xFDBE, 0xFDBE, 0xFDBE, 0xFDBE, 0xFDBE, 0xFDBE, 
    0xFDBE, 0x1EBF, 0x5B9E, 0xD574, 0x59DE, 0xBBFE, 0x9AFE, 0xBAF6, 0x9AFE, 0x9BFE, 0xBBFE, 0x9AFE, 
    0xBAFE, 0xBAFE, 0xBAFE, 0xBAFE, 0xBAFE, 0xBAFE, 0xBAFE, 0xBAFE, 0xBAFE, 0xBAFE, 0xBAFE, 0xBAFE, 
    0xBAFE, 0xBAFE, 0xBAFE, 0xBAFE, 0xBAFE, 0xBAFE, 0xBAFE, 0xBAFE, 0xBAFE, 0xBAFE, 0xBAFE, 0xBAFE, 
    0xBAFE, 0xBAFE, 0xBAFE, 0xBAFE, 0xBAFE, 0xBAFE, 0xBAFE, 0xBBF6, 0x9AFE, 0x16FF, 0x92EF, 0x53FF, 
    0x53FF, 0x54F7, 0x53F7, 0x72F7, 0x73F7, 0x72F7, 0x72F7, 0x72F7, 0x72F7, 0x72F7, 0x72F7, 0x72F7, 
    0x72F7, 0x72F7, 0x72F7, 0x72F7, 0x72F7, 0x72F7, 0x72F7, 0x72F7, 0x72F7, 0x72F7, 0x72F7, 0x72F7, 
    0x72F7, 0x72F7, 0x72F7, 0x72F7, 0x72F7, 0x72F7, 0x72F7, 0x72F7, 0x72F7, 0x72F7, 0x73F7, 0x72F7, 
    0x73F7, 0x76F7, 0x9AFF, 0x7CFF, 0x7DFF, 0x9CFF, 0x9BFF, 0x9CFF, 0x9CFF, 0x9CFF, 0x9CFF, 0x9CFF, 
    0x9CFF, 0x9CFF, 0x9CFF, 0x9CFF, 0x9CFF, 0x9CFF, 0x9CFF, 0x9CFF, 0x9CFF, 0x9CFF, 0x9CFF, 0x9CFF, 
    0x9CFF, 0x9CFF, 0x9CFF, 0x9CFF, 0x9CFF, 0x9CFF, 0x9CFF, 0x9CFF, 0x9CFF, 0x9CFF, 0x9CFF, 0x9CFF, 
    0x9CFF, 0x9CFF, 0x9CFF, 0x9CFF, 0x9CFF, 0x9CFF, 0x9CFF, 0x9CFF, 0x9CFF, 0x9CFF, 0x9CFF, 0x9CFF, 
    0x9CFF, 0x9CFF, 0x9CFF, 0x9CFF, 0x9CFF, 0x9CFF, 0x9CFF, 0x9CFF, 0x9CFF, 0x9CFF, 0x9CFF, 0x9CFF, 
    0x9CFF, 0x9CFF, 0x9CFF, 0x9CFF, 0x7EFF, 0x9DFF, 0x57F7, 0x72F7, 0x72F7, 0x52F7, 0x53F7, 0x72F7, 
    0x72F7, 0x72F7, 0x72F7, 0x72F7, 0x72F7, 0x72F7, 0x72F7, 0x72F7, 0x72F7, 0x72F7, 0x72F7, 0x72F7, 
    0x72F7, 0x72F7, 0x72F7, 0x72F7, 0x72F7, 0x72F7, 0x72F7, 0x72F7, 0x72F7, 0x72F7, 0x72F7, 0x72F7, 
    0x72F7, 0x72F7, 0x72F7, 0x72F7, 0x72F7, 0x72F7, 0x53F7, 0x53FF, 0x72F7, 0x91F7, 0xF7FE, 0x7CFE, 
    0x9CFE, 0xBBFE, 0xBAFE, 0xBAFE, 0xBAFE, 0xBAFE, 0xBAFE, 0xBAFE, 0xBAFE, 0xBAFE, 0xBAFE, 0xBAFE, 
    0xBAFE, 0xBAFE, 0xBAFE, 0xBAFE, 0xBAFE, 0xBAFE, 0xBAFE, 0xBAFE, 0xBAFE, 0xBAFE, 0xBAFE, 0xBAFE, 
    0xBAFE, 0xBAFE, 0xBAFE, 0xBAFE, 0xBAFE, 0xBAFE, 0xBAFE, 0xBAFE, 0xBAFE, 0xBAFE, 0x9AFE, 0xBBFE, 
    0x9BFE, 0xBAFE, 0xBAFE, 0xBBFE, 0xB8BD, 0xF574, 0xBCAE, 0x1DBF, 0xFDBE, 0x1DBF, 0xFDBE, 0xFDBE, 
    0xFDBE, 0xFDBE, 0xFDBE, 0xFDBE, 0xFDBE, 0xFDBE, 0xFDBE, 0xFDBE, 0xFDBE, 0xFDBE, 0xFDBE, 0xFDBE, 
    0xFDBE, 0xFDBE, 0xFDBE, 0xFDBE, 0xFDBE, 0xFDBE, 
    0xFDBE, 0xFDBE, 0xFDBE, 0xFDBE, 0xFDBE, 0xFDBE, 
    0xFDBE, 0xFDBE, 0xFDBE, 0xFDBE, 0xFDBE, 0xFDBE, 0xFDBE, 0xFDBE, 0xFDBE, 0xFDBE, 0xFDBE, 0xFDBE, 
    0xFDBE, 0xFDBE, 0xFDBE, 0x1EBF, 0x5B9E, 0xD574, 0x59DE, 0xBBFE, 0x9AFE, 0xBAF6, 0x9AFE, 0x9BFE, 
    0xBBFE, 0x9AFE, 0xBAFE, 0xBAFE, 0xBAFE, 0xBAFE, 0xBAFE, 0xBAFE, 0xBAFE, 0xBAFE, 0xBAFE, 0xBAFE, 
    0xBAFE, 0xBAFE, 0xBAFE, 0xBAFE, 0xBAFE, 0xBAFE, 0xBAFE, 0xBAFE, 0xBAFE, 0xBAFE, 0xBAFE, 0xBAFE, 
    0xBAFE, 0xBAFE, 0xBAFE, 0xBAFE, 0xBAFE, 0xBAFE, 0xBAFE, 0xBAFE, 0xBAFE, 0xBBF6, 0x9BFE, 0x16FF, 
    0x91F7, 0x52FF, 0x52FF, 0x73F7, 0x72F7, 0x72F7, 0x73F7, 0x73F7, 0x73F7, 0x73F7, 0x73F7, 0x73F7, 
    0x73F7, 0x73F7, 0x73F7, 0x73F7, 0x73F7, 0x73F7, 0x73F7, 0x73F7, 0x73F7, 0x73F7, 0x73F7, 0x73F7, 
    0x73F7, 0x73F7, 0x73F7, 0x73F7, 0x73F7, 0x73F7, 0x73F7, 0x73F7, 0x73F7, 0x73F7, 0x73F7, 0x73F7, 
    0x73F7, 0x53FF, 0x33FF, 0x76FF, 0x9BFF, 0x9CFF, 0x9DFF, 0x9DFF, 0x9CFF, 0x9CFF, 0x9CFF, 0x9CFF, 
    0x9CFF, 0x9CFF, 0x9CFF, 0x9CFF, 0x9CFF, 0x9CFF, 0x9CFF, 0x9CFF, 0x9CFF, 0x9CFF, 0x9CFF, 0x9CFF, 
    0x9CFF, 0x9CFF, 0x9CFF, 0x9CFF, 0x9CFF, 0x9CFF, 0x9CFF, 0x9CFF, 0x9CFF, 0x9CFF, 0x9CFF, 0x9CFF, 
    0x9CFF, 0x9CFF, 0x9CFF, 0x9CFF, 0x9CFF, 0x9CFF, 0x9CFF, 0x9CFF, 0x9CFF, 0x9CFF, 0x9CFF, 0x9CFF, 
    0x9CFF, 0x9CFF, 0x9CFF, 0x9CFF, 0x9CFF, 0x9CFF, 0x9CFF, 0x9CFF, 0x9CFF, 0x9CFF, 0x9CFF, 0x9CFF, 
    0x9CFF, 0x9CFF, 0x9CFF, 0x9CFF, 0x9CFF, 0x9DFF, 0x7DFF, 0xBBFF, 0x76F7, 0x53F7, 0x53FF, 0x53FF, 
    0x53F7, 0x72F7, 0x72F7, 0x72F7, 0x72F7, 0x72F7, 0x72F7, 0x72F7, 0x72F7, 0x72F7, 0x72F7, 0x72F7, 
    0x72F7, 0x72F7, 0x72F7, 0x72F7, 0x72F7, 0x72F7, 0x72F7, 0x72F7, 0x72F7, 0x72F7, 0x72F7, 0x72F7, 
    0x72F7, 0x72F7, 0x72F7, 0x72F7, 0x72F7, 0x72F7, 0x72F7, 0x72F7, 0x73F7, 0x52FF, 0x53FF, 0x72F7, 
    0xF7FE, 0x9BFE, 0xBBFE, 0xBBFE, 0x9AFE, 0xBAFE, 0xBAFE, 0xBAFE, 0xBAFE, 0xBAFE, 0xBAFE, 0xBAFE, 
    0xBAFE, 0xBAFE, 0xBAFE, 0xBAFE, 0xBAFE, 0xBAFE, 0xBAFE, 0xBAFE, 0xBAFE, 0xBAFE, 0xBAFE, 0xBAFE, 
    0xBAFE, 0xBAFE, 0xBAFE, 0xBAFE, 0xBAFE, 0xBAFE, 0xBAFE, 0xBAFE, 0xBAFE, 0xBAFE, 0xBAFE, 0xBAFE, 
    0x9AFE, 0xBBFE, 0x9BFE, 0xBAFE, 0xBAFE, 0xBBFE, 0xB8BD, 0xF574, 0xBCAE, 0x1DBF, 0xFDBE, 0x1DBF, 
    0xFDBE, 0xFDBE, 0xFDBE, 0xFDBE, 0xFDBE, 0xFDBE, 0xFDBE, 0xFDBE, 0xFDBE, 0xFDBE, 0xFDBE, 0xFDBE, 
    0xFDBE, 0xFDBE, 0xFDBE, 0xFDBE, 0xFDBE, 0xFDBE, 0xFDBE, 0xFDBE, 
    0xFDBE, 0xFDBE, 0xFDBE, 0xFDBE, 
    0xFDBE, 0xFDBE, 0xFDBE, 0xFDBE, 0xFDBE, 0xFDBE, 0xFDBE, 0xFDBE, 0xFDBE, 0xFDBE, 0xFDBE, 0xFDBE, 
    0xFDBE, 0xFDBE, 0xFDBE, 0xFDBE, 0xFDBE, 0x1EBF, 0x5B9E, 0xD574, 0x59DE, 0xBBFE, 0x9AFE, 0xBAF6, 
    0x9AFE, 0x9BFE, 0xBBFE, 0x9AFE, 0xBAFE, 0xBAFE, 0xBAFE, 0xBAFE, 0xBAFE, 0xBAFE, 0xBAFE, 0xBAFE, 
    0xBAFE, 0xBAFE, 0xBAFE, 0xBAFE, 0xBAFE, 0xBAFE, 0xBAFE, 0xBAFE, 0xBAFE, 0xBAFE, 0xBAFE, 0xBAFE, 
    0xBAFE, 0xBAFE, 0xBAFE, 0xBAFE, 0xBAFE, 0xBAFE, 0xBAFE, 0xBAFE, 0xBAFE, 0xBAFE, 0xBAFE, 0xBAFE, 
    0x9BFE, 0x16FF, 0x91F7, 0x73F7, 0x53FF, 0x73EF, 0x72EF, 0x72F7, 0x53F7, 0x53F7, 0x53F7, 0x53F7, 
    0x53F7, 0x53F7, 0x53F7, 0x53F7, 0x53F7, 0x53F7, 0x53F7, 0x53F7, 0x53F7, 0x53F7, 0x53F7, 0x53F7, 
    0x53F7, 0x53F7, 0x53F7, 0x53F7, 0x53F7, 0x53F7, 0x53F7, 0x53F7, 0x53F7, 0x53F7, 0x53F7, 0x53F7, 
    0x53F7, 0x53F7, 0x53F7, 0x54FF, 0x53F7, 0x75FF, 0x9BFF, 0x9BFF, 0xBBFF, 0x9CFF, 0x9CFF, 0x9CFF, 
    0x9CFF, 0x9CFF, 0x9CFF, 0x9CFF, 0x9CFF, 0x9CFF, 0x9CFF, 0x9CFF, 0x9CFF, 0x9CFF, 0x9CFF, 0x9CFF, 
    0x9CFF, 0x9CFF, 0x9CFF, 0x9CFF, 0x9CFF, 0x9CFF, 0x9CFF, 0x9CFF, 0x9CFF, 0x9CFF, 0x9CFF, 0x9CFF, 
    0x9CFF, 0x9CFF, 0x9CFF, 0x9CFF, 0x9CFF, 0x9CFF, 0x9CFF, 0x9CFF, 0x9CFF, 0x9CFF, 0x9CFF, 0x9CFF, 
    0x9CFF, 0x9CFF, 0x9CFF, 0x9CFF, 0x9CFF, 0x9CFF, 0x9CFF, 0x9CFF, 0x9CFF, 0x9CFF, 0x9CFF, 0x9CFF, 
    0x9CFF, 0x9CFF, 0x9CFF, 0x9CFF, 0x9CFF, 0x9CFF, 0x9CFF, 0x9CFF, 0x9CFF, 0xDAFF, 0x96F7, 0x54F7, 
    0x54F7, 0x74EF, 0x73EF, 0x53F7, 0x53F7, 0x53F7, 0x53F7, 0x53F7, 0x53F7, 0x53F7, 0x53F7, 0x53F7, 
    0x53F7, 0x53F7, 0x53F7, 0x53F7, 0x53F7, 0x53F7, 0x53F7, 0x53F7, 0x53F7, 0x53F7, 0x53F7, 0x53F7, 
    0x53F7, 0x53F7, 0x53F7, 0x53F7, 0x53F7, 0x53F7, 0x53F7, 0x53F7, 0x53F7, 0x53F7, 0x73EF, 0x73EF, 
    0x74F7, 0x73EF, 0x16F7, 0xBAFE, 0xD9F6, 0xBAFE, 0x9AFE, 0xBBFE, 0xBAFE, 0xBAFE, 0xBAFE, 0xBAFE, 
    0xBAFE, 0xBAFE, 0xBAFE, 0xBAFE, 0xBAFE, 0xBAFE, 0xBAFE, 0xBAFE, 0xBAFE, 0xBAFE, 0xBAFE, 0xBAFE, 
    0xBAFE, 0xBAFE, 0xBAFE, 0xBAFE, 0xBAFE, 0xBAFE, 0xBAFE, 0xBAFE, 0xBAFE, 0xBAFE, 0xBAFE, 0xBAFE, 
    0xBAFE, 0xBAFE, 0x9AFE, 0xBBFE, 0x9BFE, 0xBAFE, 0xBAFE, 0xBBFE, 0xB8BD, 0xF574, 0xBCAE, 0x1DBF, 
    0xFDBE, 0x1DBF, 0xFDBE, 0xFDBE, 0xFDBE, 0xFDBE, 0xFDBE, 0xFDBE, 0xFDBE, 0xFDBE, 0xFDBE, 0xFDBE, 
    0xFDBE, 0xFDBE, 0xFDBE, 0xFDBE, 0xFDBE, 0xFDBE, 0xFDBE, 0xFDBE, 0xFDBE, 0xFDBE, 
    0xFDBE, 0xFDBE, 
    0xFDBE, 0xFDBE, 0xFDBE, 0xFDBE, 0xFDBE, 0xFDBE, 0xFDBE, 0xFDBE, 0xFDBE, 0xFDBE, 0xFDBE, 0xFDBE, 
    0xFDBE, 0xFDBE, 0xFDBE, 0xFDBE, 0xFDBE, 0xFDBE, 0xFDBE, 0x1EBF, 0x5B9E, 0xD574, 0x59DE, 0xBBFE, 
    0x9AFE, 0xBAF6, 0x9AFE, 0x9BFE, 0xBBFE, 0x9AFE, 0xBAFE, 0xBAFE, 0xBAFE, 0xBAFE, 0xBAFE, 0xBAFE, 
    0xBAFE, 0xBAFE, 0xBAFE, 0xBAFE, 0xBAFE, 0xBAFE, 0xBAFE, 0xBAFE, 0xBAFE, 0xBAFE, 0xBAFE, 0xBAFE, 
    0xBAFE, 0xBAFE, 0xBAFE, 0xBAFE, 0xBAFE, 0xBAFE, 0xBAFE, 0xBAFE, 0xBAFE, 0xBAFE, 0xBAFE, 0xBAFE, 
    0xBAFE, 0xBAFE, 0x9AFE, 0xF8FE, 0x73F7, 0x74F7, 0x34FF, 0x72F7, 0x72F7, 0x52FF, 0x72F7, 0x72F7, 
    0x72F7, 0x72F7, 0x72F7, 0x72F7, 0x72F7, 0x72F7, 0x72F7, 0x72F7, 0x72F7, 0x72F7, 0x72F7, 0x72F7, 
    0x72F7, 0x72F7, 0x72F7, 0x72F7, 0x72F7, 0x72F7, 0x72F7, 0x72F7, 0x72F7, 0x72F7, 0x72F7, 0x72F7, 
    0x72F7, 0x72F7, 0x72F7, 0x72F7, 0x72F7, 0x73F7, 0x72EF, 0x95F7, 0x9CFF, 0x9DFF, 0x9CFF, 0x7DFF, 
    0x7DFF, 0x9CFF, 0x9CFF, 0x9CFF, 0x9CFF, 0x9CFF, 0x9CFF, 0x9CFF, 0x9CFF, 0x9CFF, 0x9CFF, 0x9CFF, 
    0x9CFF, 0x9CFF, 0x9CFF, 0x9CFF, 0x9CFF, 0x9CFF, 0x9CFF, 0x9CFF, 0x9CFF, 0x9CFF, 0x9CFF, 0x9CFF, 
    0x9CFF, 0x9CFF, 0x9CFF, 0x9CFF, 0x9CFF, 0x9CFF, 0x9CFF, 0x9CFF, 0x9CFF, 0x9CFF, 0x9CFF, 0x9CFF, 
    0x9CFF, 0x9CFF, 0x9CFF, 0x9CFF, 0x9CFF, 0x9CFF, 0x9CFF, 0x9CFF, 0x9CFF, 0x9CFF, 0x9CFF, 0x9CFF, 
    0x9CFF, 0x9CFF, 0x9CFF, 0x9CFF, 0x9CFF, 0x9CFF, 0x9CFF, 0x9CFF, 0x9CFF, 0x9CFF, 0x9DFF, 0xBBFF, 
    0x75F7, 0x52FF, 0x52FF, 0x52FF, 0x72F7, 0x73F7, 0x73F7, 0x73F7, 0x73F7, 0x73F7, 0x73F7, 0x73F7, 
    0x73F7, 0x73F7, 0x73F7, 0x73F7, 0x73F7, 0x73F7, 0x73F7, 0x73F7, 0x73F7, 0x73F7, 0x73F7, 0x73F7, 
    0x73F7, 0x73F7, 0x73F7, 0x73F7, 0x73F7, 0x73F7, 0x73F7, 0x73F7, 0x73F7, 0x73F7, 0x73F7, 0x73F7, 
    0x72F7, 0x51FF, 0x52FF, 0x72F7, 0xF6FE, 0x9AFE, 0xBAF6, 0xBBFE, 0x9AFE, 0xBAFE, 0xBAFE, 0xBAFE, 
    0xBAFE, 0xBAFE, 0xBAFE, 0xBAFE, 0xBAFE, 0xBAFE, 0xBAFE, 0xBAFE, 0xBAFE, 0xBAFE, 0xBAFE, 0xBAFE, 
    0xBAFE, 0xBAFE, 0xBAFE, 0xBAFE, 0xBAFE, 0xBAFE, 0xBAFE, 0xBAFE, 0xBAFE, 0xBAFE, 0xBAFE, 0xBAFE, 
    0xBAFE, 0xBAFE, 0xBAFE, 0xBAFE, 0x9AFE, 0xBBFE, 0x9BFE, 0xBAFE, 0xBAFE, 0xBBFE, 0xB8BD, 0xF574, 
    0xBCAE, 0x1DBF, 0xFDBE, 0x1DBF, 0xFDBE, 0xFDBE, 0xFDBE, 0xFDBE, 0xFDBE, 0xFDBE, 0xFDBE, 0xFDBE, 
    0xFDBE, 0xFDBE, 0xFDBE, 0xFDBE, 0xFDBE, 0xFDBE, 0xFDBE, 0xFDBE, 0xFDBE, 0xFDBE, 0xFDBE, 0xFDBE, 
    
    0xFDBE, 0xFDBE, 0xFDBE, 0xFDBE, 0xFDBE, 0xFDBE, 0xFDBE, 0xFDBE, 0xFDBE, 0xFDBE, 0xFDBE, 0xFDBE, 
    0xFDBE, 0xFDBE, 0xFDBE, 0xFDBE, 0xFDBE, 0xFDBE, 0xFDBE, 0xFDBE, 0xFDBE, 0x1EBF, 0x5B9E, 0xD574, 
    0x59DE, 0xBBFE, 0x9AFE, 0xBAF6, 0x9AFE, 0x9BFE, 0xBBFE, 0x9AFE, 0xBAFE, 0xBAFE, 0xBAFE, 0xBAFE, 
    0xBAFE, 0xBAFE, 0xBAFE, 0xBAFE, 0xBAFE, 0xBAFE, 0xBAFE, 0xBAFE, 0xBAFE, 0xBAFE, 0xBAFE, 0xBAFE, 
    0xBAFE, 0xBAFE, 0xBAFE, 0xBAFE, 0xBAFE, 0xBAFE, 0xBAFE, 0xBAFE, 0xBAFE, 0xBAFE, 0xBAFE, 0xBAFE, 
    0xBAFE, 0xBAFE, 0xBAFE, 0xBAFE, 0xBAFE, 0x16FF, 0x91F7, 0x91EF, 0x73F7, 0x72F7, 0x53F7, 0x33FF, 
    0x52F7, 0x53F7, 0x53F7, 0x53F7, 0x53F7, 0x53F7, 0x53F7, 0x53F7, 0x53F7, 0x53F7, 0x53F7, 0x53F7, 
    0x53F7, 0x53F7, 0x53F7, 0x53F7, 0x53F7, 0x53F7, 0x53F7, 0x53F7, 0x53F7, 0x53F7, 0x53F7, 0x53F7, 
    0x53F7, 0x53F7, 0x53F7, 0x53F7, 0x53F7, 0x53F7, 0x53F7, 0x53FF, 0x52F7, 0x76FF, 0x9CFF, 0x7DFF, 
    0x9CFF, 0x9CFF, 0x9CFF, 0x9CFF, 0x9CFF, 0x9CFF, 0x9CFF, 0x9CFF, 0x9CFF, 0x9CFF, 0x9CFF, 0x9CFF, 
    0x9CFF, 0x9CFF, 0x9CFF, 0x9CFF, 0x9CFF, 0x9CFF, 0x9CFF, 0x9CFF, 0x9CFF, 0x9CFF, 0x9CFF, 0x9CFF, 
    0x9CFF, 0x9CFF, 0x9CFF, 0x9CFF, 0x9CFF, 0x9CFF, 0x9CFF, 0x9CFF, 0x9CFF, 0x9CFF, 0x9CFF, 0x9CFF, 
    0x9CFF, 0x9CFF, 0x9CFF, 0x9CFF, 0x9CFF, 0x9CFF, 0x9CFF, 0x9CFF, 0x9CFF, 0x9CFF, 0x9CFF, 0x9CFF, 
    0x9CFF, 0x9CFF, 0x9CFF, 0x9CFF, 0x9CFF, 0x9CFF, 0x9CFF, 0x9CFF, 0x9CFF, 0x9CFF, 0x9CFF, 0x9CFF, 
    0x9DFF, 0xBBFF, 0x76F7, 0x53F7, 0x52F7, 0x73F7, 0x73F7, 0x52FF, 0x52FF, 0x52FF, 0x52FF, 0x52FF, 
    0x52FF, 0x52FF, 0x52FF, 0x52FF, 0x52FF, 0x52FF, 0x52FF, 0x52FF, 0x52FF, 0x52FF, 0x52FF, 0x52FF, 
    0x52FF, 0x52FF, 0x52FF, 0x52FF, 0x52FF, 0x52FF, 0x52FF, 0x52FF, 0x52FF, 0x52FF, 0x52FF, 0x52FF, 
    0x52FF, 0x52FF, 0x73F7, 0x73F7, 0x53F7, 0x72F7, 0xF7F6, 0x9CFE, 0xBBFE, 0xBBFE, 0x9AFE, 0xBAFE, 
    0xBAFE, 0xBAFE, 0xBAFE, 0xBAFE, 0xBAFE, 0xBAFE, 0xBAFE, 0xBAFE, 0xBAFE, 0xBAFE, 0xBAFE, 0xBAFE, 
    0xBAFE, 0xBAFE, 0xBAFE, 0xBAFE, 0xBAFE, 0xBAFE, 0xBAFE, 0xBAFE, 0xBAFE, 0xBAFE, 0xBAFE, 0xBAFE, 
    0xBAFE, 0xBAFE, 0xBAFE, 0xBAFE, 0xBAFE, 0xBAFE, 0x9AFE, 0xBBFE, 0x9BFE, 0xBAFE, 0xBAFE, 0xBBFE, 
    0xB8BD, 0xF574, 0xBCAE, 0x1DBF, 0xFDBE, 0x1DBF, 0xFDBE, 0xFDBE, 0xFDBE, 0xFDBE, 0xFDBE, 0xFDBE, 
    0xFDBE, 0xFDBE, 0xFDBE, 0xFDBE, 0xFDBE, 0xFDBE, 0xFDBE, 0xFDBE, 0xFDBE, 0xFDBE, 0xFDBE, 0xFDBE, 
    0xFDBE, 0xFDBE, 
    0xFDBE, 0xFDBE, 0xFDBE, 0xFDBE, 0xFDBE, 0xFDBE, 0xFDBE, 0xFDBE, 0xFDBE, 0xFDBE, 
    0xFDBE, 0xFDBE, 0xFDBE, 0xFDBE, 0xFDBE, 0xFDBE, 0xFDBE, 0xFDBE, 0xFDBE, 0xFDBE, 0xFDBE, 0x1EBF, 
    0x5B9E, 0xD574, 0x59DE, 0xBBFE, 0x9AFE, 0xBAF6, 0x9AFE, 0x9BFE, 0xBBFE, 0x9AFE, 0xBAFE, 0xBAFE, 
    0xBAFE, 0xBAFE, 0xBAFE, 0xBAFE, 0xBAFE, 0xBAFE, 0xBAFE, 0xBAFE, 0xBAFE, 0xBAFE, 0xBAFE, 0xBAFE, 
    0xBAFE, 0xBAFE, 0xBAFE, 0xBAFE, 0xBAFE, 0xBAFE, 0xBAFE, 0xBAFE, 0xBAFE, 0xBAFE, 0xBAFE, 0xBAFE, 
    0xBAFE, 0xBAFE, 0xBAFE, 0xBAFE, 0xBAFE, 0xBAFE, 0x9BFE, 0x16FF, 0x90F7, 0x73F7, 0x73F7, 0x54F7, 
    0x53F7, 0x53F7, 0x53F7, 0x53F7, 0x53F7, 0x53F7, 0x53F7, 0x53F7, 0x53F7, 0x53F7, 0x53F7, 0x53F7, 
    0x53F7, 0x53F7, 0x53F7, 0x53F7, 0x53F7, 0x53F7, 0x53F7, 0x53F7, 0x53F7, 0x53F7, 0x53F7, 0x53F7, 
    0x53F7, 0x53F7, 0x53F7, 0x53F7, 0x53F7, 0x53F7, 0x53F7, 0x53F7, 0x53F7, 0x72F7, 0x53F7, 0x77F7, 
    0x9BFF, 0x9CFF, 0x9DFF, 0x9CFF, 0x9CFF, 0x9CFF, 0x9CFF, 0x9CFF, 0x9CFF, 0x9CFF, 0x9CFF, 0x9CFF, 
    0x9CFF, 0x9CFF, 0x9CFF, 0x9CFF, 0x9CFF, 0x9CFF, 0x9CFF, 0x9CFF, 0x9CFF, 0x9CFF, 0x9CFF, 0x9CFF, 
    0x9CFF, 0x9CFF, 0x9CFF, 0x9CFF, 0x9CFF, 0x9CFF, 0x9CFF, 0x9CFF, 0x9CFF, 0x9CFF, 0x9CFF, 0x9CFF, 
    0x9CFF, 0x9CFF, 0x9CFF, 0x9CFF, 0x9CFF, 0x9CFF, 0x9CFF, 0x9CFF, 0x9CFF, 0x9CFF, 0x9CFF, 0x9CFF, 
    0x9CFF, 0x9CFF, 0x9CFF, 0x9CFF, 0x9CFF, 0x9CFF, 0x9CFF, 0x9CFF, 0x9CFF, 0x9CFF, 0x9CFF, 0x9CFF, 
    0x9CFF, 0x9DFF, 0x9CFF, 0xBBFF, 0x77F7, 0x53F7, 0x72F7, 0x73F7, 0x54F7, 0x53F7, 0x53F7, 0x53F7, 
    0x53F7, 0x53F7, 0x53F7, 0x53F7, 0x53F7, 0x53F7, 0x53F7, 0x53F7, 0x53F7, 0x53F7, 0x53F7, 0x53F7, 
    0x53F7, 0x53F7, 0x53F7, 0x53F7, 0x53F7, 0x53F7, 0x53F7, 0x53F7, 0x53F7, 0x53F7, 0x53F7, 0x53F7, 
    0x53F7, 0x53F7, 0x53F7, 0x53F7, 0x53F7, 0x73F7, 0x74F7, 0x53F7, 0xF7F6, 0xBBF6, 0xBAFE, 0x9BFE, 
    0xBAFE, 0xBAFE, 0xBAFE, 0xBAFE, 0xBAFE, 0xBAFE, 0xBAFE, 0xBAFE, 0xBAFE, 0xBAFE, 0xBAFE, 0xBAFE, 
    0xBAFE, 0xBAFE, 0xBAFE, 0xBAFE, 0xBAFE, 0xBAFE, 0xBAFE, 0xBAFE, 0xBAFE, 0xBAFE, 0xBAFE, 0xBAFE, 
    0xBAFE, 0xBAFE, 0xBAFE, 0xBAFE, 0xBAFE, 0xBAFE, 0xBAFE, 0xBAFE, 0xBAFE, 0x9BFE, 0xBBFE, 0xBAFE, 
    0x9AFE, 0xDBFE, 0xB8BD, 0xD574, 0xBCAE, 0x1DBF, 0xFDBE, 0x1DBF, 0xFDBE, 0xFDBE, 0xFDBE, 0xFDBE, 
    0xFDBE, 0xFDBE, 0xFDBE, 0xFDBE, 0xFDBE, 0xFDBE, 0xFDBE, 0xFDBE, 0xFDBE, 0xFDBE, 0xFDBE, 0xFDBE, 
    0xFDBE, 0xFDBE, 0xFDBE, 0xFDBE, 
    0xFDBE, 0xFDBE, 0xFDBE, 0xFDBE, 0xFDBE, 0xFDBE, 0xFDBE, 0xFDBE, 
    0xFDBE, 0xFDBE, 0xFDBE, 0xFDBE, 0xFDBE, 0xFDBE, 0xFDBE, 0xFDBE, 0xFDBE, 0xFDBE, 0xFDBE, 0xFDBE, 
    0xFDBE, 0x1EBF, 0x5B9E, 0xD574, 0x59DE, 0xBBFE, 0x9AFE, 0xBAF6, 0x9AFE, 0x9BFE, 0xBBFE, 0x9AFE, 
    0xBAFE, 0xBAFE, 0xBAFE, 0xBAFE, 0xBAFE, 0xBAFE, 0xBAFE, 0xBAFE, 0xBAFE, 0xBAFE, 0xBAFE, 0xBAFE, 
    0xBAFE, 0xBAFE, 0xBAFE, 0xBAFE, 0xBAFE, 0xBAFE, 0xBAFE, 0xBAFE, 0xBAFE, 0xBAFE, 0xBAFE, 0xBAFE, 
    0xBAFE, 0xBAFE, 0xBAFE, 0xBAFE, 0xBAFE, 0xBAFE, 0xBAFE, 0xBAFE, 0x9CFE, 0x17FF, 0x72F7, 0x73F7, 
    0x73F7, 0x73F7, 0x72F7, 0x53F7, 0x53F7, 0x53F7, 0x53F7, 0x53F7, 0x53F7, 0x53F7, 0x53F7, 0x53F7, 
    0x53F7, 0x53F7, 0x53F7, 0x53F7, 0x53F7, 0x53F7, 0x53F7, 0x53F7, 0x53F7, 0x53F7, 0x53F7, 0x53F7, 
    0x53F7, 0x53F7, 0x53F7, 0x53F7, 0x53F7, 0x53F7, 0x53F7, 0x53F7, 0x53F7, 0x53F7, 0x53F7, 0x71F7, 
    0x52F7, 0x76F7, 0x9AFF, 0x9CFF, 0x9CFF, 0x9CFF, 0x9CFF, 0x9CFF, 0x9CFF, 0x9CFF, 0x9CFF, 0x9CFF, 
    0x9CFF, 0x9CFF, 0x9CFF, 0x9CFF, 0x9CFF, 0x9CFF, 0x9CFF, 0x9CFF, 0x9CFF, 0x9CFF, 0x9CFF, 0x9CFF, 
    0x9CFF, 0x9CFF, 0x9CFF, 0x9CFF, 0x9CFF, 0x9CFF, 0x9CFF, 0x9CFF, 0x9CFF, 0x9CFF, 0x9CFF, 0x9CFF, 
    0x9CFF, 0x9CFF, 0x9CFF, 0x9CFF, 0x9CFF, 0x9CFF, 0x9CFF, 0x9CFF, 0x9CFF, 0x9CFF, 0x9CFF, 0x9CFF, 
    0x9CFF, 0x9CFF, 0x9CFF, 0x9CFF, 0x9CFF, 0x9CFF, 0x9CFF, 0x9CFF, 0x9CFF, 0x9CFF, 0x9CFF, 0x9CFF, 
    0x9CFF, 0x9CFF, 0x9CFF, 0x9DFF, 0x9CFF, 0xBBFF, 0x76F7, 0x52F7, 0x71F7, 0x71F7, 0x72F7, 0x72F7, 
    0x72F7, 0x72F7, 0x72F7, 0x72F7, 0x72F7, 0x72F7, 0x72F7, 0x72F7, 0x72F7, 0x72F7, 0x72F7, 0x72F7, 
    0x72F7, 0x72F7, 0x72F7, 0x72F7, 0x72F7, 0x72F7, 0x72F7, 0x72F7, 0x72F7, 0x72F7, 0x72F7, 0x72F7, 
    0x72F7, 0x72F7, 0x72F7, 0x72F7, 0x72F7, 0x72F7, 0x72F7, 0x91FF, 0x52F7, 0x72FF, 0x16FF, 0xBAFE, 
    0xBAFE, 0x9BFE, 0xBAFE, 0xBAFE, 0xBAFE, 0xBAFE, 0xBAFE, 0xBAFE, 0xBAFE, 0xBAFE, 0xBAFE, 0xBAFE, 
    0xBAFE, 0xBAFE, 0xBAFE, 0xBAFE, 0xBAFE, 0xBAFE, 0xBAFE, 0xBAFE, 0xBAFE, 0xBAFE, 0xBAFE, 0xBAFE, 
    0xBAFE, 0xBAFE, 0xBAFE, 0xBAFE, 0xBAFE, 0xBAFE, 0xBAFE, 0xBAFE, 0xBAFE, 0xBAFE, 0xBAFE, 0x9BFE, 
    0xBBFE, 0xBAFE, 0x9AFE, 0xDBFE, 0xB8BD, 0xD574, 0xBCAE, 0x1DBF, 0xFDBE, 0x1DBF, 0xFDBE, 0xFDBE, 
    0xFDBE, 0xFDBE, 0xFDBE, 0xFDBE, 0xFDBE, 0xFDBE, 0xFDBE, 0xFDBE, 0xFDBE, 0xFDBE, 0xFDBE, 0xFDBE, 
    0xFDBE, 0xFDBE, 0xFDBE, 0xFDBE, 0xFDBE, 0xFDBE, 
    0xFDBE, 0xFDBE, 0xFDBE, 0xFDBE, 0xFDBE, 0xFDBE, 
    0xFDBE, 0xFDBE, 0xFDBE, 0xFDBE, 0xFDBE, 0xFDBE, 0xFDBE, 0xFDBE, 0xFDBE, 0xFDBE, 0xFDBE, 0xFDBE, 
    0xFDBE, 0xFDBE, 0xFDBE, 0x1EBF, 0x5B9E, 0xD574, 0x59DE, 0xBBFE, 0x9AFE, 0xBAF6, 0x9AFE, 0x9BFE, 
    0xBBFE, 0x9AFE, 0xBAFE, 0xBAFE, 0xBAFE, 0xBAFE, 0xBAFE, 0xBAFE, 0xBAFE, 0xBAFE, 0xBAFE, 0xBAFE, 
    0xBAFE, 0xBAFE, 0xBAFE, 0xBAFE, 0xBAFE, 0xBAFE, 0xBAFE, 0xBAFE, 0xBAFE, 0xBAFE, 0xBAFE, 0xBAFE, 
    0xBAFE, 0xBAFE, 0xBAFE, 0xBAFE, 0xBAFE, 0xBAFE, 0xBAFE, 0xBAFE, 0xBAFE, 0xBAFE, 0xBAFE, 0x16FF, 
    0x53FF, 0x73F7, 0x73F7, 0x73F7, 0x71F7, 0x72F7, 0x72F7, 0x72F7, 0x72F7, 0x72F7, 0x72F7, 0x72F7, 
    0x72F7, 0x72F7, 0x72F7, 0x72F7, 0x72F7, 0x72F7, 0x72F7, 0x72F7, 0x72F7, 0x72F7, 0x72F7, 0x72F7, 
    0x72F7, 0x72F7, 0x72F7, 0x72F7, 0x72F7, 0x72F7, 0x72F7, 0x72F7, 0x72F7, 0x72F7, 0x72F7, 0x72F7, 
    0x72F7, 0x72F7, 0x53F7, 0x76F7, 0xBAFF, 0x9CFF, 0x9CFF, 0x9CFF, 0x9CFF, 0x9CFF, 0x9CFF, 0x9CFF, 
    0x9CFF, 0x9CFF, 0x9CFF, 0x9CFF, 0x9CFF, 0x9CFF, 0x9CFF, 0x9CFF, 0x9CFF, 0x9CFF, 0x9CFF, 0x9CFF, 
    0x9CFF, 0x9CFF, 0x9CFF, 0x9CFF, 0x9CFF, 0x9CFF, 0x9CFF, 0x9CFF, 0x9CFF, 0x9CFF, 0x9CFF, 0x9CFF, 
    0x9CFF, 0x9CFF, 0x9CFF, 0x9CFF, 0x9CFF, 0x9CFF, 0x9CFF, 0x9CFF, 0x9CFF, 0x9CFF, 0x9CFF, 0x9CFF, 
    0x9CFF, 0x9CFF, 0x9CFF, 0x9CFF, 0x9CFF, 0x9CFF, 0x9CFF, 0x9CFF, 0x9CFF, 0x9CFF, 0x9CFF, 0x9CFF, 
    0x9CFF, 0x9CFF, 0x9CFF, 0x9CFF, 0x9CFF, 0x9DFF, 0x9CFF, 0x9BFF, 0x78FF, 0x76F7, 0x75F7, 0x75F7, 
    0x75F7, 0x74F7, 0x74F7, 0x74F7, 0x74F7, 0x74F7, 0x74F7, 0x74F7, 0x74F7, 0x74F7, 0x74F7, 0x74F7, 
    0x74F7, 0x74F7, 0x74F7, 0x74F7, 0x74F7, 0x74F7, 0x74F7, 0x74F7, 0x74F7, 0x74F7, 0x74F7, 0x74F7, 
    0x74F7, 0x74F7, 0x74F7, 0x74F7, 0x74F7, 0x74F7, 0x74F7, 0x75F7, 0x54F7, 0xB2EE, 0x35FF, 0x35FF, 
    0xD8FE, 0xBBFE, 0xBAFE, 0x9BFE, 0xBAFE, 0xBAFE, 0xBAFE, 0xBAFE, 0xBAFE, 0xBAFE, 0xBAFE, 0xBAFE, 
    0xBAFE, 0xBAFE, 0xBAFE, 0xBAFE, 0xBAFE, 0xBAFE, 0xBAFE, 0xBAFE, 0xBAFE, 0xBAFE, 0xBAFE, 0xBAFE, 
    0xBAFE, 0xBAFE, 0xBAFE, 0xBAFE, 0xBAFE, 0xBAFE, 0xBAFE, 0xBAFE, 0xBAFE, 0xBAFE, 0xBAFE, 0xBAFE, 
    0xBAFE, 0x9BFE, 0xBBFE, 0xBAFE, 0x9AFE, 0xDBFE, 0xB8BD, 0xD574, 0xBCAE, 0x1DBF, 0xFDBE, 0x1DBF, 
    0xFDBE, 0xFDBE, 0xFDBE, 0xFDBE, 0xFDBE, 0xFDBE, 0xFDBE, 0xFDBE, 0xFDBE, 0xFDBE, 0xFDBE, 0xFDBE, 
    0xFDBE, 0xFDBE, 0xFDBE, 0xFDBE, 0xFDBE, 0xFDBE, 0xFDBE, 0xFDBE, 
    0xFDBE, 0xFDBE, 0xFDBE, 0xFDBE, 
    0xFDBE, 0xFDBE, 0xFDBE, 0xFDBE, 0xFDBE, 0xFDBE, 0xFDBE, 0xFDBE, 0xFDBE, 0xFDBE, 0xFDBE, 0xFDBE, 
    0xFDBE, 0xFDBE, 0xFDBE, 0xFDBE, 0xFDBE, 0x1EBF, 0x5B9E, 0xD574, 0x59DE, 0xBBFE, 0x9AFE, 0xBAF6, 
    0x9AFE, 0x9BFE, 0xBBFE, 0x9AFE, 0xBAFE, 0xBAFE, 0xBAFE, 0xBAFE, 0xBAFE, 0xBAFE, 0xBAFE, 0xBAFE, 
    0xBAFE, 0xBAFE, 0xBAFE, 0xBAFE, 0xBAFE, 0xBAFE, 0xBAFE, 0xBAFE, 0xBAFE, 0xBAFE, 0xBAFE, 0xBAFE, 
    0xBAFE, 0xBAFE, 0xBAFE, 0xBAFE, 0xBAFE, 0xBAFE, 0xBAFE, 0xBAFE, 0xBAFE, 0xBAFE, 0xBBFE, 0xBAFE, 
    0xB9FE, 0x16FF, 0x35FF, 0x54FF, 0x54F7, 0x54F7, 0x73F7, 0x74F7, 0x73F7, 0x73F7, 0x73F7, 0x73F7, 
    0x73F7, 0x73F7, 0x73F7, 0x73F7, 0x73F7, 0x73F7, 0x73F7, 0x73F7, 0x73F7, 0x73F7, 0x73F7, 0x73F7, 
    0x73F7, 0x73F7, 0x73F7, 0x73F7, 0x73F7, 0x73F7, 0x73F7, 0x73F7, 0x73F7, 0x73F7, 0x73F7, 0x73F7, 
    0x73F7, 0x73F7, 0x73F7, 0x54F7, 0x55F7, 0x58F7, 0x9BFF, 0x9CFF, 0x9CFF, 0x9CFF, 0x9CFF, 0x9CFF, 
    0x9CFF, 0x9CFF, 0x9CFF, 0x9CFF, 0x9CFF, 0x9CFF, 0x9CFF, 0x9CFF, 0x9CFF, 0x9CFF, 0x9CFF, 0x9CFF, 
    0x9CFF, 0x9CFF, 0x9CFF, 0x9CFF, 0x9CFF, 0x9CFF, 0x9CFF, 0x9CFF, 0x9CFF, 0x9CFF, 0x9CFF, 0x9CFF, 
    0x9CFF, 0x9CFF, 0x9CFF, 0x9CFF, 0x9CFF, 0x9CFF, 0x9CFF, 0x9CFF, 0x9CFF, 0x9CFF, 0x9CFF, 0x9CFF, 
    0x9CFF, 0x9CFF, 0x9CFF, 0x9CFF, 0x9CFF, 0x9CFF, 0x9CFF, 0x9CFF, 0x9CFF, 0x9CFF, 0x9CFF, 0x9CFF, 
    0x9CFF, 0x9CFF, 0x9CFF, 0x9CFF, 0x9CFF, 0x9CFF, 0x9CFF, 0x9CFF, 0x9DFF, 0x9CFF, 0x9CFF, 0x9CFF, 
    0x9CFF, 0x9DFF, 0x9DFF, 0x9DFF, 0x9DFF, 0x9DFF, 0x9DFF, 0x9DFF, 0x9DFF, 0x9DFF, 0x9DFF, 0x9DFF, 
    0x9DFF, 0x9DFF, 0x9DFF, 0x9DFF, 0x9DFF, 0x9DFF, 0x9DFF, 0x9DFF, 0x9DFF, 0x9DFF, 0x9DFF, 0x9DFF, 
    0x9DFF, 0x9DFF, 0x9DFF, 0x9DFF, 0x9DFF, 0x9DFF, 0x9DFF, 0x9DFF, 0x9DFF, 0xBDFF, 0xDAEE, 0x91B4, 
    0xFBFE, 0xB9F6, 0xBBFE, 0x9CFE, 0xBAFE, 0xBAFE, 0xBBFE, 0xBAFE, 0xBAFE, 0xBAFE, 0xBAFE, 0xBAFE, 
    0xBAFE, 0xBAFE, 0xBAFE, 0xBAFE, 0xBAFE, 0xBAFE, 0xBAFE, 0xBAFE, 0xBAFE, 0xBAFE, 0xBAFE, 0xBAFE, 
    0xBAFE, 0xBAFE, 0xBAFE, 0xBAFE, 0xBAFE, 0xBAFE, 0xBAFE, 0xBAFE, 0xBAFE, 0xBAFE, 0xBAFE, 0xBAFE, 
    0xBAFE, 0xBAFE, 0xBAFE, 0x9BFE, 0xBBFE, 0xBAFE, 0x9AFE, 0xDBFE, 0xB8BD, 0xD574, 0xBCAE, 0x1DBF, 
    0xFDBE, 0x1DBF, 0xFDBE, 0xFDBE, 0xFDBE, 0xFDBE, 0xFDBE, 0xFDBE, 0xFDBE, 0xFDBE, 0xFDBE, 0xFDBE, 
    0xFDBE, 0xFDBE, 0xFDBE, 0xFDBE, 0xFDBE, 0xFDBE, 0xFDBE, 0xFDBE, 0xFDBE, 0xFDBE, 
    0xFDBE, 0xFDBE, 
    0xFDBE, 0xFDBE, 0xFDBE, 0xFDBE, 0xFDBE, 0xFDBE, 0xFDBE, 0xFDBE, 0xFDBE, 0xFDBE, 0xFDBE, 0xFDBE, 
    0xFDBE, 0xFDBE, 0xFDBE, 0xFDBE, 0xFDBE, 0xFDBE, 0xFDBE, 0x1EBF, 0x5B9E, 0xD574, 0x59DE, 0xBBFE, 
    0x9AFE, 0xBAF6, 0x9AFE, 0x9BFE, 0xBBFE, 0x9AFE, 0xBAFE, 0xBAFE, 0xBAFE, 0xBAFE, 0xBAFE, 0xBAFE, 
    0xBAFE, 0xBAFE, 0xBAFE, 0xBAFE, 0xBAFE, 0xBAFE, 0xBAFE, 0xBAFE, 0xBAFE, 0xBAFE, 0xBAFE, 0xBAFE, 
    0xBAFE, 0xBAFE, 0xBAFE, 0xBAFE, 0xBAFE, 0xBAFE, 0xBAFE, 0xBAFE, 0xBAFE, 0xBAFE, 0xBAFE, 0xBAFE, 
    0xBAFE, 0xBAFE, 0xBAFE, 0xD8FE, 0x19FF, 0x91CD, 0xB5EE, 0xBAFF, 0x99FF, 0x9AFF, 0x9AFF, 0x9AFF, 
    0x9AFF, 0x9AFF, 0x9AFF, 0x9AFF, 0x9AFF, 0x9AFF, 0x9AFF, 0x9AFF, 0x9AFF, 0x9AFF, 0x9AFF, 0x9AFF, 
    0x9AFF, 0x9AFF, 0x9AFF, 0x9AFF, 0x9AFF, 0x9AFF, 0x9AFF, 0x9AFF, 0x9AFF, 0x9AFF, 0x9AFF, 0x9AFF, 
    0x9AFF, 0x9AFF, 0x9AFF, 0x9AFF, 0x9AFF, 0x99FF, 0x99FF, 0x9BFF, 0x9CFF, 0x9CFF, 0x9CFF, 0x9CFF, 
    0x9CFF, 0x9CFF, 0x9CFF, 0x9CFF, 0x9CFF, 0x9CFF, 0x9CFF, 0x9CFF, 0x9CFF, 0x9CFF, 0x9CFF, 0x9CFF, 
    0x9CFF, 0x9CFF, 0x9CFF, 0x9CFF, 0x9CFF, 0x9CFF, 0x9CFF, 0x9CFF, 0x9CFF, 0x9CFF, 0x9CFF, 0x9CFF, 
    0x9CFF, 0x9CFF, 0x9CFF, 0x9CFF, 0x9CFF, 0x9CFF, 0x9CFF, 0x9CFF, 0x9CFF, 0x9CFF, 0x9CFF, 0x9CFF, 
    0x9CFF, 0x9CFF, 0x9CFF, 0x9CFF, 0x9CFF, 0x9CFF, 0x9CFF, 0x9CFF, 0x9CFF, 0x9CFF, 0x9CFF, 0x9CFF, 
    0x9CFF, 0x9CFF, 0x9CFF, 0x9CFF, 0x9CFF, 0x9CFF, 0x9CFF, 0x9CFF, 0x9CFF, 0x9BFF, 0x9CFF, 0x9CFF, 
    0x9CFF, 0x9CFF, 0x9DFF, 0x7DFF, 0x7DFF, 0x9CFF, 0x9CFF, 0x9CFF, 0x9CFF, 0x9CFF, 0x9CFF, 0x9CFF, 
    0x9CFF, 0x9CFF, 0x9CFF, 0x9CFF, 0x9CFF, 0x9CFF, 0x9CFF, 0x9CFF, 0x9CFF, 0x9CFF, 0x9CFF, 0x9CFF, 
    0x9CFF, 0x9CFF, 0x9CFF, 0x9CFF, 0x9CFF, 0x9CFF, 0x9CFF, 0x9CFF, 0x9CFF, 0x9CFF, 0x9CFF, 0xBDFF, 
    0xD9EE, 0x92BC, 0xDCFE, 0x9AFE, 0xBBFE, 0xBBFE, 0xB9FE, 0xB9FE, 0xBAFE, 0xBAFE, 0xBAFE, 0xBAFE, 
    0xBAFE, 0xBAFE, 0xBAFE, 0xBAFE, 0xBAFE, 0xBAFE, 0xBAFE, 0xBAFE, 0xBAFE, 0xBAFE, 0xBAFE, 0xBAFE, 
    0xBAFE, 0xBAFE, 0xBAFE, 0xBAFE, 0xBAFE, 0xBAFE, 0xBAFE, 0xBAFE, 0xBAFE, 0xBAFE, 0xBAFE, 0xBAFE, 
    0xBAFE, 0xBAFE, 0xBAFE, 0xBAFE, 0xBAFE, 0x9BFE, 0xBBFE, 0xBAFE, 0x9AFE, 0xDBFE, 0xB8BD, 0xD574, 
    0xBCAE, 0x1DBF, 0xFDBE, 0x1DBF, 0xFDBE, 0xFDBE, 0xFDBE, 0xFDBE, 0xFDBE, 0xFDBE, 0xFDBE, 0xFDBE, 
    0xFDBE, 0xFDBE, 0xFDBE, 0xFDBE, 0xFDBE, 0xFDBE, 0xFDBE, 0xFDBE, 0xFDBE, 0xFDBE, 0xFDBE, 0xFDBE, 
    
    0xFDBE, 0xFDBE, 0xFDBE, 0xFDBE, 0xFDBE, 0xFDBE, 0xFDBE, 0xFDBE, 0xFDBE, 0xFDBE, 0xFDBE, 0xFDBE, 
    0xFDBE, 0xFDBE, 0xFDBE, 0xFDBE, 0xFDBE, 0xFDBE, 0xFDBE, 0xFDBE, 0xFDBE, 0x1EBF, 0x5B9E, 0xD574, 
    0x59DE, 0xBBFE, 0x9AFE, 0xBAF6, 0x9AFE, 0x9BFE, 0xBBFE, 0x9AFE, 0xBAFE, 0xBAFE, 0xBAFE, 0xBAFE, 
    0xBAFE, 0xBAFE, 0xBAFE, 0xBAFE, 0xBAFE, 0xBAFE, 0xBAFE, 0xBAFE, 0xBAFE, 0xBAFE, 0xBAFE, 0xBAFE, 
    0xBAFE, 0xBAFE, 0xBAFE, 0xBAFE, 0xBAFE, 0xBAFE, 0xBAFE, 0xBAFE, 0xBAFE, 0xBAFE, 0xBAFE, 0xBAFE, 
    0xBAFE, 0xBAFE, 0xBAFE, 0x9BFE, 0xBBFE, 0x9AFE, 0xDDFE, 0x12C5, 0x78E6, 0xBEFF, 0x9DFF, 0x9DFF, 
    0x9CFF, 0x9DFF, 0x9DFF, 0x9DFF, 0x9DFF, 0x9DFF, 0x9DFF, 0x9DFF, 0x9DFF, 0x9DFF, 0x9DFF, 0x9DFF, 
    0x9DFF, 0x9DFF, 0x9DFF, 0x9DFF, 0x9DFF, 0x9DFF, 0x9DFF, 0x9DFF, 0x9DFF, 0x9DFF, 0x9DFF, 0x9DFF, 
    0x9DFF, 0x9DFF, 0x9DFF, 0x9DFF, 0x9DFF, 0x9DFF, 0x9DFF, 0x9CFF, 0x9CFF, 0x9CFF, 0x9CFF, 0x9CFF, 
    0x9CFF, 0x9CFF, 0x9CFF, 0x9CFF, 0x9CFF, 0x9CFF, 0x9CFF, 0x9CFF, 0x9CFF, 0x9CFF, 0x9CFF, 0x9CFF, 
    0x9CFF, 0x9CFF, 0x9CFF, 0x9CFF, 0x9CFF, 0x9CFF, 0x9CFF, 0x9CFF, 0x9CFF, 0x9CFF, 0x9CFF, 0x9CFF, 
    0x9CFF, 0x9CFF, 0x9CFF, 0x9CFF, 0x9CFF, 0x9CFF, 0x9CFF, 0x9CFF, 0x9CFF, 0x9CFF, 0x9CFF, 0x9CFF, 
    0x9CFF, 0x9CFF, 0x9CFF, 0x9CFF, 0x9CFF, 0x9CFF, 0x9CFF, 0x9CFF, 0x9CFF, 0x9CFF, 0x9CFF, 0x9CFF, 
    0x9CFF, 0x9CFF, 0x9CFF, 0x9CFF, 0x9CFF, 0x9CFF, 0x9CFF, 0x9CFF, 0x9CFF, 0x9CFF, 0x9CFF, 0x9DFF, 
    0x9CFF, 0x9CFF, 0x9CFF, 0x9CFF, 0x9CFF, 0x9CFF, 0x9CFF, 0x9CFF, 0x9CFF, 0x9CFF, 0x9CFF, 0x9CFF, 
    0x9CFF, 0x9CFF, 0x9CFF, 0x9CFF, 0x9CFF, 0x9CFF, 0x9CFF, 0x9CFF, 0x9CFF, 0x9CFF, 0x9CFF, 0x9CFF, 
    0x9CFF, 0x9CFF, 0x9CFF, 0x9CFF, 0x9CFF, 0x9CFF, 0x9CFF, 0x9CFF, 0x9CFF, 0x9CFF, 0x9CFF, 0x9CFF, 
    0x9CFF, 0xBCFF, 0xF8EE, 0xB1BC, 0xFBFE, 0x9AFE, 0x9BFE, 0x9BFE, 0xBAFE, 0xBAFE, 0x9BFE, 0xBAFE, 
    0xBAFE, 0xBAFE, 0xBAFE, 0xBAFE, 0xBAFE, 0xBAFE, 0xBAFE, 0xBAFE, 0xBAFE, 0xBAFE, 0xBAFE, 0xBAFE, 
    0xBAFE, 0xBAFE, 0xBAFE, 0xBAFE, 0xBAFE, 0xBAFE, 0xBAFE, 0xBAFE, 0xBAFE, 0xBAFE, 0xBAFE, 0xBAFE, 
    0xBAFE, 0xBAFE, 0xBAFE, 0xBAFE, 0xBAFE, 0xBAFE, 0xBAFE, 0x9BFE, 0xBBFE, 0xBAFE, 0x9AFE, 0xDBFE, 
    0xB8BD, 0xD574, 0xBCAE, 0x1DBF, 0xFDBE, 0x1DBF, 0xFDBE, 0xFDBE, 0xFDBE, 0xFDBE, 0xFDBE, 0xFDBE, 
    0xFDBE, 0xFDBE, 0xFDBE, 0xFDBE, 0xFDBE, 0xFDBE, 0xFDBE, 0xFDBE, 0xFDBE, 0xFDBE, 0xFDBE, 0xFDBE, 
    0xFDBE, 0xFDBE, 
    0xFDBE, 0xFDBE, 0xFDBE, 0xFDBE, 0xFDBE, 0xFDBE, 0xFDBE, 0xFDBE, 0xFDBE, 0xFDBE, 
    0xFDBE, 0xFDBE, 0xFDBE, 0xFDBE, 0xFDBE, 0xFDBE, 0xFDBE, 0xFDBE, 0xFDBE, 0xFDBE, 0xFDBE, 0x1EBF, 
    0x5B9E, 0xD574, 0x59DE, 0xBBFE, 0x9AFE, 0xBAF6, 0x9AFE, 0x9BFE, 0xBBFE, 0x9AFE, 0xBAFE, 0xBAFE, 
    0xBAFE, 0xBAFE, 0xBAFE, 0xBAFE, 0xBAFE, 0xBAFE, 0xBAFE, 0xBAFE, 0xBAFE, 0xBAFE, 0xBAFE, 0xBAFE, 
    0xBAFE, 0xBAFE, 0xBAFE, 0xBAFE, 0xBAFE, 0xBAFE, 0xBAFE, 0xBAFE, 0xBAFE, 0xBAFE, 0xBAFE, 0xBAFE, 
    0xBAFE, 0xBAFE, 0xBAFE, 0xBAFE, 0xBAFE, 0x9BFE, 0xBAFE, 0x9AFE, 0xDDFE, 0x33C5, 0x98EE, 0x9DFF, 
    0x9CFF, 0x9DFF, 0x9CFF, 0x9CFF, 0x9CFF, 0x9CFF, 0x9CFF, 0x9CFF, 0x9CFF, 0x9CFF, 0x9CFF, 0x9CFF, 
    0x9CFF, 0x9CFF, 0x9CFF, 0x9CFF, 0x9CFF, 0x9CFF, 0x9CFF, 0x9CFF, 0x9CFF, 0x9CFF, 0x9CFF, 0x9CFF, 
    0x9CFF, 0x9CFF, 0x9CFF, 0x9CFF, 0x9CFF, 0x9CFF, 0x9CFF, 0x9CFF, 0x9CFF, 0x9CFF, 0x9CFF, 0x9CFF, 
    0x9CFF, 0x9CFF, 0x9CFF, 0x9CFF, 0x9CFF, 0x9CFF, 0x9CFF, 0x9CFF, 0x9CFF, 0x9CFF, 0x9CFF, 0x9CFF, 
    0x9CFF, 0x9CFF, 0x9CFF, 0x9CFF, 0x9CFF, 0x9CFF, 0x9CFF, 0x9CFF, 0x9CFF, 0x9CFF, 0x9CFF, 0x9CFF, 
    0x9CFF, 0x9CFF, 0x9CFF, 0x9CFF, 0x9CFF, 0x9CFF, 0x9CFF, 0x9CFF, 0x9CFF, 0x9CFF, 0x9CFF, 0x9CFF, 
    0x9CFF, 0x9CFF, 0x9CFF, 0x9CFF, 0x9CFF, 0x9CFF, 0x9CFF, 0x9CFF, 0x9CFF, 0x9CFF, 0x9CFF, 0x9CFF, 
    0x9CFF, 0x9CFF, 0x9CFF, 0x9CFF, 0x9CFF, 0x9CFF, 0x9CFF, 0x9CFF, 0x9CFF, 0x9CFF, 0x9CFF, 0x9CFF, 
    0x9CFF, 0x9CFF, 0x9BFF, 0x9BFF, 0x9BFF, 0x9CFF, 0x9CFF, 0x9BFF, 0x9BFF, 0x9CFF, 0x9CFF, 0x9CFF, 
    0x9CFF, 0x9CFF, 0x9CFF, 0x9CFF, 0x9CFF, 0x9CFF, 0x9CFF, 0x9CFF, 0x9CFF, 0x9CFF, 0x9CFF, 0x9CFF, 
    0x9CFF, 0x9CFF, 0x9CFF, 0x9CFF, 0x9CFF, 0x9CFF, 0x9CFF, 0x9CFF, 0x9CFF, 0x9CFF, 0x9CFF, 0x9CFF, 
    0x9CFF, 0x9CFF, 0x9CFF, 0xBDFF, 0xF8EE, 0xB0BC, 0xFBFE, 0x9AFE, 0xBAFE, 0xBAFE, 0xB9FE, 0xB9FE, 
    0x9BFE, 0xBAFE, 0xBAFE, 0xBAFE, 0xBAFE, 0xBAFE, 0xBAFE, 0xBAFE, 0xBAFE, 0xBAFE, 0xBAFE, 0xBAFE, 
    0xBAFE, 0xBAFE, 0xBAFE, 0xBAFE, 0xBAFE, 0xBAFE, 0xBAFE, 0xBAFE, 0xBAFE, 0xBAFE, 0xBAFE, 0xBAFE, 
    0xBAFE, 0xBAFE, 0xBAFE, 0xBAFE, 0xBAFE, 0xBAFE, 0xBAFE, 0xBAFE, 0xBAFE, 0x9BFE, 0xBBFE, 0xBAFE, 
    0x9AFE, 0xDBFE, 0xB8BD, 0xD574, 0xBCAE, 0x1DBF, 0xFDBE, 0x1DBF, 0xFDBE, 0xFDBE, 0xFDBE, 0xFDBE, 
    0xFDBE, 0xFDBE, 0xFDBE, 0xFDBE, 0xFDBE, 0xFDBE, 0xFDBE, 0xFDBE, 0xFDBE, 0xFDBE, 0xFDBE, 0xFDBE, 
    0xFDBE, 0xFDBE, 0xFDBE, 0xFDBE, 
    0xFDBE, 0xFDBE, 0xFDBE, 0xFDBE, 0xFDBE, 0xFDBE, 0xFDBE, 0xFDBE, 
    0xFDBE, 0xFDBE, 0xFDBE, 0xFDBE, 0xFDBE, 0xFDBE, 0xFDBE, 0xFDBE, 0xFDBE, 0xFDBE, 0xFDBE, 0xFDBE, 
    0xFDBE, 0x1EBF, 0x5B9E, 0xD574, 0x59DE, 0xBBFE, 0x9AFE, 0xBAF6, 0x9AFE, 0x9BFE, 0xBAFE, 0x9AFE, 
    0xBAFE, 0xBAFE, 0xBAFE, 0xBAFE, 0xBAFE, 0xBAFE, 0xBAFE, 0xBAFE, 0xBAFE, 0xBAFE, 0xBAFE, 0xBAFE, 
    0xBAFE, 0xBAFE, 0xBAFE, 0xBAFE, 0xBAFE, 0xBAFE, 0xBAFE, 0xBAFE, 0xBAFE, 0xBAFE, 0xBAFE, 0xBAFE, 
    0xBAFE, 0xBAFE, 0xBAFE, 0xBAFE, 0xBAFE, 0xBAFE, 0xBAFE, 0xBBFE, 0xBAFE, 0xB9FE, 0xDCFE, 0x12CD, 
    0x96EE, 0xBDFF, 0x9BFF, 0x9CFF, 0x9CFF, 0x9CFF, 0x9CFF, 0x9CFF, 0x9CFF, 0x9CFF, 0x9CFF, 0x9CFF, 
    0x9CFF, 0x9CFF, 0x9CFF, 0x9CFF, 0x9CFF, 0x9CFF, 0x9CFF, 0x9CFF, 0x9CFF, 0x9CFF, 0x9CFF, 0x9CFF, 
    0x9CFF, 0x9CFF, 0x9CFF, 0x9CFF, 0x9CFF, 0x9CFF, 0x9CFF, 0x9CFF, 0x9CFF, 0x9CFF, 0x9CFF, 0x9CFF, 
    0x9CFF, 0x9CFF, 0x9CFF, 0x9CFF, 0x9CFF, 0x9CFF, 0x9CFF, 0x9CFF, 0x9CFF, 0x9CFF, 0x9CFF, 0x9CFF, 
    0x9CFF, 0x9CFF, 0x9CFF, 0x9CFF, 0x9CFF, 0x9CFF, 0x9CFF, 0x9CFF, 0x9CFF, 0x9CFF, 0x9CFF, 0x9CFF, 
    0x9CFF, 0x9CFF, 0x9CFF, 0x9CFF, 0x9CFF, 0x9CFF, 0x9CFF, 0x9CFF, 0x9CFF, 0x9CFF, 0x9CFF, 0x9CFF, 
    0x9CFF, 0x9CFF, 0x9CFF, 0x9CFF, 0x9CFF, 0x9CFF, 0x9CFF, 0x9CFF, 0x9CFF, 0x9CFF, 0x9CFF, 0x9CFF, 
    0x9CFF, 0x9CFF, 0x9CFF, 0x9CFF, 0x9CFF, 0x9CFF, 0x9CFF, 0x9CFF, 0x9CFF, 0x9CFF, 0x9CFF, 0x9CFF, 
    0x9CFF, 0x9CFF, 0x9CFF, 0x9CFF, 0x9CFF, 0x9CFF, 0x9CFF, 0x9DFF, 0x9DFF, 0x9DFF, 0x9CFF, 0x9DFF, 
    0x9DFF, 0x9DFF, 0x9DFF, 0x9DFF, 0x9DFF, 0x9DFF, 0x9DFF, 0x9DFF, 0x9DFF, 0x9DFF, 0x9DFF, 0x9DFF, 
    0x9DFF, 0x9DFF, 0x9DFF, 0x9DFF, 0x9DFF, 0x9DFF, 0x9DFF, 0x9DFF, 0x9DFF, 0x9DFF, 0x9DFF, 0x9DFF, 
    0x9DFF, 0x9DFF, 0x9DFF, 0x9DFF, 0x7CFF, 0xBDFF, 0xF9EE, 0x92BC, 0xDCFE, 0x9BFE, 0x9BFE, 0x9BFE, 
    0xBAFE, 0xBAFE, 0x9BFE, 0xBAFE, 0xBAFE, 0xBAFE, 0xBAFE, 0xBAFE, 0xBAFE, 0xBAFE, 0xBAFE, 0xBAFE, 
    0xBAFE, 0xBAFE, 0xBAFE, 0xBAFE, 0xBAFE, 0xBAFE, 0xBAFE, 0xBAFE, 0xBAFE, 0xBAFE, 0xBAFE, 0xBAFE, 
    0xBAFE, 0xBAFE, 0xBAFE, 0xBAFE, 0xBAFE, 0xBAFE, 0xBAFE, 0xBAFE, 0xBAFE, 0xBAFE, 0xBAFE, 0x9BFE, 
    0xBBFE, 0xBAFE, 0x9AFE, 0xDBFE, 0xB8BD, 0xD574, 0xBCAE, 0x1DBF, 0xFDBE, 0x1DBF, 0xFDBE, 0xFDBE, 
    0xFDBE, 0xFDBE, 0xFDBE, 0xFDBE, 0xFDBE, 0xFDBE, 0xFDBE, 0xFDBE, 0xFDBE, 0xFDBE, 0xFDBE, 0xFDBE, 
    0xFDBE, 0xFDBE, 0xFDBE, 0xFDBE, 0xFDBE, 0xFDBE, 
    0xFDBE, 0xFDBE, 0xFDBE, 0xFDBE, 0xFDBE, 0xFDBE, 
    0xFDBE, 0xFDBE, 0xFDBE, 0xFDBE, 0xFDBE, 0xFDBE, 0xFDBE, 0xFDBE, 0xFDBE, 0xFDBE, 0xFDBE, 0xFDBE, 
    0xFDBE, 0xFDBE, 0xFDBE, 0x1EBF, 0x5B9E, 0xD574, 0x5ADE, 0xBBFE, 0x9AFE, 0xBAF6, 0x9AFE, 0x9BFE, 
    0xBAFE, 0xBAFE, 0xBAFE, 0xBAFE, 0xBAFE, 0xBAFE, 0xBAFE, 0xBAFE, 0xBAFE, 0xBAFE, 0xBAFE, 0xBAFE, 
    0xBAFE, 0xBAFE, 0xBAFE, 0xBAFE, 0xBAFE, 0xBAFE, 0xBAFE, 0xBAFE, 0xBAFE, 0xBAFE, 0xBAFE, 0xBAFE, 
    0xBAFE, 0xBAFE, 0xBAFE, 0xBAFE, 0xBAFE, 0xBAFE, 0xBAFE, 0xBAFE, 0xBAFE, 0x9BFE, 0xBBFE, 0xB9F6, 
    0xDCFE, 0x13CD, 0x97E6, 0xDDFF, 0x9CFF, 0x9CFF, 0x9CFF, 0x9CFF, 0x9CFF, 0x9CFF, 0x9CFF, 0x9CFF, 
    0x9CFF, 0x9CFF, 0x9CFF, 0x9CFF, 0x9CFF, 0x9CFF, 0x9CFF, 0x9CFF, 0x9CFF, 0x9CFF, 0x9CFF, 0x9CFF, 
    0x9CFF, 0x9CFF, 0x9CFF, 0x9CFF, 0x9CFF, 0x9CFF, 0x9CFF, 0x9CFF, 0x9CFF, 0x9CFF, 0x9CFF, 0x9CFF, 
    0x9CFF, 0x9CFF, 0x9CFF, 0x9CFF, 0x9CFF, 0x9CFF, 0x9CFF, 0x9CFF, 0x9CFF, 0x9CFF, 0x9CFF, 0x9CFF, 
    0x9CFF, 0x9CFF, 0x9CFF, 0x9CFF, 0x9CFF, 0x9CFF, 0x9CFF, 0x9CFF, 0x9CFF, 0x9CFF, 0x9CFF, 0x9CFF, 
    0x9CFF, 0x9CFF, 0x9CFF, 0x9CFF, 0x9CFF, 0x9CFF, 0x9CFF, 0x9CFF, 0x9CFF, 0x9CFF, 0x9CFF, 0x9CFF, 
    0x9CFF, 0x9CFF, 0x9CFF, 0x9CFF, 0x9CFF, 0x9CFF, 0x9CFF, 0x9CFF, 0x9CFF, 0x9CFF, 0x9CFF, 0x9CFF, 
    0x9CFF, 0x9CFF, 0x9CFF, 0x9CFF, 0x9CFF, 0x9CFF, 0x9CFF, 0x9CFF, 0x9CFF, 0x9CFF, 0x9CFF, 0x9CFF, 
    0x9CFF, 0x9CFF, 0x9CFF, 0x9CFF, 0x9CFF, 0x9CFF, 0x9CFF, 0x9CFF, 0x9CFF, 0x9CFF, 0x9CFF, 0x9CFF, 
    0x9CFF, 0x9CFF, 0x9CFF, 0x9CFF, 0x9CFF, 0x9CFF, 0x9CFF, 0x9CFF, 0x9CFF, 0x9CFF, 0x9CFF, 0x9CFF, 
    0x9CFF, 0x9CFF, 0x9CFF, 0x9CFF, 0x9CFF, 0x9CFF, 0x9CFF, 0x9CFF, 0x9CFF, 0x9CFF, 0x9CFF, 0x9CFF, 
    0x9CFF, 0x9CFF, 0x9CFF, 0x9CFF, 0x9CFF, 0x9CFF, 0x9CFF, 0xBDFF, 0xF9EE, 0xB1BC, 0xDCFE, 0x9AFE, 
    0xBAFE, 0xBAFE, 0x9BFE, 0xBAFE, 0xBAFE, 0xBBFE, 0xBAFE, 0xBAFE, 0xBAFE, 0xBAFE, 0xBAFE, 0xBAFE, 
    0xBAFE, 0xBAFE, 0xBAFE, 0xBAFE, 0xBAFE, 0xBAFE, 0xBAFE, 0xBAFE, 0xBAFE, 0xBAFE, 0xBAFE, 0xBAFE, 
    0xBAFE, 0xBAFE, 0xBAFE, 0xBAFE, 0xBAFE, 0xBAFE, 0xBAFE, 0xBAFE, 0xBAFE, 0xBAFE, 0xBAFE, 0xBAFE, 
    0xBAFE, 0x9BFE, 0xBBFE, 0xBAFE, 0x9AFE, 0xBBFE, 0x98BD, 0xD574, 0xBCAE, 0x1DBF, 0xFDBE, 0x1DBF, 
    0xFDBE, 0xFDBE, 0xFDBE, 0xFDBE, 0xFDBE, 0xFDBE, 0xFDBE, 0xFDBE, 0xFDBE, 0xFDBE, 0xFDBE, 0xFDBE, 
    0xFDBE, 0xFDBE, 0xFDBE, 0xFDBE, 0xFDBE, 0xFDBE, 0xFDBE, 0xFDBE, 
    0xFDBE, 0xFDBE, 0xFDBE, 0xFDBE, 
    0xFDBE, 0xFDBE, 0xFDBE, 0xFDBE, 0xFDBE, 0xFDBE, 0xFDBE, 0xFDBE, 0xFDBE, 0xFDBE, 0xFDBE, 0xFDBE, 
    0xFDBE, 0xFDBE, 0xFDBE, 0xFDBE, 0xFDBE, 0x1EBF, 0x5B9E, 0xD574, 0x5ADE, 0xBBFE, 0x9AFE, 0xBAF6, 
    0x9AFE, 0x9BFE, 0xBAFE, 0xBAFE, 0xBAFE, 0xBAFE, 0xBAFE, 0xBAFE, 0xBAFE, 0xBAFE, 0xBAFE, 0xBAFE, 
    0xBAFE, 0xBAFE, 0xBAFE, 0xBAFE, 0xBAFE, 0xBAFE, 0xBAFE, 0xBAFE, 0xBAFE, 0xBAFE, 0xBAFE, 0xBAFE, 
    0xBAFE, 0xBAFE, 0xBAFE, 0xBAFE, 0xBAFE, 0xBAFE, 0xBAFE, 0xBAFE, 0xBAFE, 0xBAFE, 0xBAFE, 0x9BFE, 
    0xBBFE, 0xB9F6, 0xDCFE, 0x13CD, 0x97E6, 0xDDFF, 0x9CFF, 0x9CFF, 0x9CFF, 0x9CFF, 0x9CFF, 0x9CFF, 
    0x9CFF, 0x9CFF, 0x9CFF, 0x9CFF, 0x9CFF, 0x9CFF, 0x9CFF, 0x9CFF, 0x9CFF, 0x9CFF, 0x9CFF, 0x9CFF, 
    0x9CFF, 0x9CFF, 0x9CFF, 0x9CFF, 0x9CFF, 0x9CFF, 0x9CFF, 0x9CFF, 0x9CFF, 0x9CFF, 0x9CFF, 0x9CFF, 
    0x9CFF, 0x9CFF, 0x9CFF, 0x9CFF, 0x9CFF, 0x9CFF, 0x9CFF, 0x9CFF, 0x9CFF, 0x9CFF, 0x9CFF, 0x9CFF, 
    0x9CFF, 0x9CFF, 0x9CFF, 0x9CFF, 0x9CFF, 0x9CFF, 0x9CFF, 0x9CFF, 0x9CFF, 0x9CFF, 0x9CFF, 0x9CFF, 
    0x9CFF, 0x9CFF, 0x9CFF, 0x9CFF, 0x9CFF, 0x9CFF, 0x9CFF, 0x9CFF, 0x9CFF, 0x9CFF, 0x9CFF, 0x9CFF, 
    0x9CFF, 0x9CFF, 0x9CFF, 0x9CFF, 0x9CFF, 0x9CFF, 0x9CFF, 0x9CFF, 0x9CFF, 0x9CFF, 0x9CFF, 0x9CFF, 
    0x9CFF, 0x9CFF, 0x9CFF, 0x9CFF, 0x9CFF, 0x9CFF, 0x9CFF, 0x9CFF, 0x9CFF, 0x9CFF, 0x9CFF, 0x9CFF, 
    0x9CFF, 0x9CFF, 0x9CFF, 0x9CFF, 0x9CFF, 0x9CFF, 0x9CFF, 0x9CFF, 0x9CFF, 0x9CFF, 0x9CFF, 0x9CFF, 
    0x9CFF, 0x9CFF, 0x9CFF, 0x9CFF, 0x9CFF, 0x9CFF, 0x9CFF, 0x9CFF, 0x9CFF, 0x9CFF, 0x9CFF, 0x9CFF, 
    0x9CFF, 0x9CFF, 0x9CFF, 0x9CFF, 0x9CFF, 0x9CFF, 0x9CFF, 0x9CFF, 0x9CFF, 0x9CFF, 0x9CFF, 0x9CFF, 
    0x9CFF, 0x9CFF, 0x9CFF, 0x9CFF, 0x9CFF, 0x9CFF, 0x9CFF, 0x9CFF, 0x9CFF, 0xBDFF, 0xF9EE, 0xB1BC, 
    0xDCFE, 0x9AFE, 0xBAFE, 0xBAFE, 0x9BFE, 0xBAFE, 0xBAFE, 0xBBFE, 0xBAFE, 0xBAFE, 0xBAFE, 0xBAFE, 
    0xBAFE, 0xBAFE, 0xBAFE, 0xBAFE, 0xBAFE, 0xBAFE, 0xBAFE, 0xBAFE, 0xBAFE, 0xBAFE, 0xBAFE, 0xBAFE, 
    0xBAFE, 0xBAFE, 0xBAFE, 0xBAFE, 0xBAFE, 0xBAFE, 0xBAFE, 0xBAFE, 0xBAFE, 0xBAFE, 0xBAFE, 0xBAFE, 
    0xBAFE, 0xBAFE, 0xBAFE, 0x9BFE, 0xBBFE, 0xBAFE, 0x9AFE, 0xBBFE, 0x98BD, 0xD574, 0xBCAE, 0x1DBF, 
    0xFDBE, 0x1DBF, 0xFDBE, 0xFDBE, 0xFDBE, 0xFDBE, 0xFDBE, 0xFDBE, 0xFDBE, 0xFDBE, 0xFDBE, 0xFDBE, 
    0xFDBE, 0xFDBE, 0xFDBE, 0xFDBE, 0xFDBE, 0xFDBE, 0xFDBE, 0xFDBE, 0xFDBE, 0xFDBE, 
    0xFDBE, 0xFDBE, 
    0xFDBE, 0xFDBE, 0xFDBE, 0xFDBE, 0xFDBE, 0xFDBE, 0xFDBE, 0xFDBE, 0xFDBE, 0xFDBE, 0xFDBE, 0xFDBE, 
    0xFDBE, 0xFDBE, 0xFDBE, 0xFDBE, 0xFDBE, 0xFDBE, 0xFDBE, 0x1EBF, 0x5B9E, 0xD574, 0x5ADE, 0xBBFE, 
    0x9AFE, 0xBAF6, 0x9AFE, 0x9BFE, 0xBAFE, 0xBAFE, 0xBAFE, 0xBAFE, 0xBAFE, 0xBAFE, 0xBAFE, 0xBAFE, 
    0xBAFE, 0xBAFE, 0xBAFE, 0xBAFE, 0xBAFE, 0xBAFE, 0xBAFE, 0xBAFE, 0xBAFE, 0xBAFE, 0xBAFE, 0xBAFE, 
    0xBAFE, 0xBAFE, 0xBAFE, 0xBAFE, 0xBAFE, 0xBAFE, 0xBAFE, 0xBAFE, 0xBAFE, 0xBAFE, 0xBAFE, 0xBAFE, 
    0xBAFE, 0x9BFE, 0xBBFE, 0xB9F6, 0xDCFE, 0x13CD, 0x97E6, 0xDDFF, 0x9CFF, 0x9CFF, 0x9CFF, 0x9CFF, 
    0x9CFF, 0x9CFF, 0x9CFF, 0x9CFF, 0x9CFF, 0x9CFF, 0x9CFF, 0x9CFF, 0x9CFF, 0x9CFF, 0x9CFF, 0x9CFF, 
    0x9CFF, 0x9CFF, 0x9CFF, 0x9CFF, 0x9CFF, 0x9CFF, 0x9CFF, 0x9CFF, 0x9CFF, 0x9CFF, 0x9CFF, 0x9CFF, 
    0x9CFF, 0x9CFF, 0x9CFF, 0x9CFF, 0x9CFF, 0x9CFF, 0x9CFF, 0x9CFF, 0x9CFF, 0x9CFF, 0x9CFF, 0x9CFF, 
    0x9CFF, 0x9CFF, 0x9CFF, 0x9CFF, 0x9CFF, 0x9CFF, 0x9CFF, 0x9CFF, 0x9CFF, 0x9CFF, 0x9CFF, 0x9CFF, 
    0x9CFF, 0x9CFF, 0x9CFF, 0x9CFF, 0x9CFF, 0x9CFF, 0x9CFF, 0x9CFF, 0x9CFF, 0x9CFF, 0x9CFF, 0x9CFF, 
    0x9CFF, 0x9CFF, 0x9CFF, 0x9CFF, 0x9CFF, 0x9CFF, 0x9CFF, 0x9CFF, 0x9CFF, 0x9CFF, 0x9CFF, 0x9CFF, 
    0x9CFF, 0x9CFF, 0x9CFF, 0x9CFF, 0x9CFF, 0x9CFF, 0x9CFF, 0x9CFF, 0x9CFF, 0x9CFF, 0x9CFF, 0x9CFF, 
    0x9CFF, 0x9CFF, 0x9CFF, 0x9CFF, 0x9CFF, 0x9CFF, 0x9CFF, 0x9CFF, 0x9CFF, 0x9CFF, 0x9CFF, 0x9CFF, 
    0x9CFF, 0x9CFF, 0x9CFF, 0x9CFF, 0x9CFF, 0x9CFF, 0x9CFF, 0x9CFF, 0x9CFF, 0x9CFF, 0x9CFF, 0x9CFF, 
    0x9CFF, 0x9CFF, 0x9CFF, 0x9CFF, 0x9CFF, 0x9CFF, 0x9CFF, 0x9CFF, 0x9CFF, 0x9CFF, 0x9CFF, 0x9CFF, 
    0x9CFF, 0x9CFF, 0x9CFF, 0x9CFF, 0x9CFF, 0x9CFF, 0x9CFF, 0x9CFF, 0x9CFF, 0x9CFF, 0x9CFF, 0xBDFF, 
    0xF9EE, 0xB1BC, 0xDCFE, 0x9AFE, 0xBAFE, 0xBAFE, 0x9BFE, 0xBAFE, 0xBAFE, 0xBBFE, 0xBAFE, 0xBAFE, 
    0xBAFE, 0xBAFE, 0xBAFE, 0xBAFE, 0xBAFE, 0xBAFE, 0xBAFE, 0xBAFE, 0xBAFE, 0xBAFE, 0xBAFE, 0xBAFE, 
    0xBAFE, 0xBAFE, 0xBAFE, 0xBAFE, 0xBAFE, 0xBAFE, 0xBAFE, 0xBAFE, 0xBAFE, 0xBAFE, 0xBAFE, 0xBAFE, 
    0xBAFE, 0xBAFE, 0xBAFE, 0xBAFE, 0xBAFE, 0x9BFE, 0xBBFE, 0xBAFE, 0x9AFE, 0xBBFE, 0x98BD, 0xD574, 
    0xBCAE, 0x1DBF, 0xFDBE, 0x1DBF, 0xFDBE, 0xFDBE, 0xFDBE, 0xFDBE, 0xFDBE, 0xFDBE, 0xFDBE, 0xFDBE, 
    0xFDBE, 0xFDBE, 0xFDBE, 0xFDBE, 0xFDBE, 0xFDBE, 0xFDBE, 0xFDBE, 0xFDBE, 0xFDBE, 0xFDBE, 0xFDBE, 
    
    0xFDBE, 0xFDBE, 0xFDBE, 0xFDBE, 0xFDBE, 0xFDBE, 0xFDBE, 0xFDBE, 0xFDBE, 0xFDBE, 0xFDBE, 0xFDBE, 
    0xFDBE, 0xFDBE, 0xFDBE, 0xFDBE, 0xFDBE, 0xFDBE, 0xFDBE, 0xFDBE, 0xFDBE, 0x1EBF, 0x5B9E, 0xD574, 
    0x5ADE, 0xBBFE, 0x9AFE, 0xBAF6, 0x9AFE, 0x9BFE, 0xBAFE, 0xBAFE, 0xBAFE, 0xBAFE, 0xBAFE, 0xBAFE, 
    0xBAFE, 0xBAFE, 0xBAFE, 0xBAFE, 0xBAFE, 0xBAFE, 0xBAFE, 0xBAFE, 0xBAFE, 0xBAFE, 0xBAFE, 0xBAFE, 
    0xBAFE, 0xBAFE, 0xBAFE, 0xBAFE, 0xBAFE, 0xBAFE, 0xBAFE, 0xBAFE, 0xBAFE, 0xBAFE, 0xBAFE, 0xBAFE, 
    0xBAFE, 0xBAFE, 0xBAFE, 0x9BFE, 0xBBFE, 0xB9F6, 0xDCFE, 0x13CD, 0x97E6, 0xDDFF, 0x9CFF, 0x9CFF, 
    0x9CFF, 0x9CFF, 0x9CFF, 0x9CFF, 0x9CFF, 0x9CFF, 0x9CFF, 0x9CFF, 0x9CFF, 0x9CFF, 0x9CFF, 0x9CFF, 
    0x9CFF, 0x9CFF, 0x9CFF, 0x9CFF, 0x9CFF, 0x9CFF, 0x9CFF, 0x9CFF, 0x9CFF, 0x9CFF, 0x9CFF, 0x9CFF, 
    0x9CFF, 0x9CFF, 0x9CFF, 0x9CFF, 0x9CFF, 0x9CFF, 0x9CFF, 0x9CFF, 0x9CFF, 0x9CFF, 0x9CFF, 0x9CFF, 
    0x9CFF, 0x9CFF, 0x9CFF, 0x9CFF, 0x9CFF, 0x9CFF, 0x9CFF, 0x9CFF, 0x9CFF, 0x9CFF, 0x9CFF, 0x9CFF, 
    0x9CFF, 0x9CFF, 0x9CFF, 0x9CFF, 0x9CFF, 0x9CFF, 0x9CFF, 0x9CFF, 0x9CFF, 0x9CFF, 0x9CFF, 0x9CFF, 
    0x9CFF, 0x9CFF, 0x9CFF, 0x9CFF, 0x9CFF, 0x9CFF, 0x9CFF, 0x9CFF, 0x9CFF, 0x9CFF, 0x9CFF, 0x9CFF, 
    0x9CFF, 0x9CFF, 0x9CFF, 0x9CFF, 0x9CFF, 0x9CFF, 0x9CFF, 0x9CFF, 0x9CFF, 0x9CFF, 0x9CFF, 0x9CFF, 
    0x9CFF, 0x9CFF, 0x9CFF, 0x9CFF, 0x9CFF, 0x9CFF, 0x9CFF, 0x9CFF, 0x9CFF, 0x9CFF, 0x9CFF, 0x9CFF, 
    0x9CFF, 0x9CFF, 0x9CFF, 0x9CFF, 0x9CFF, 0x9CFF, 0x9CFF, 0x9CFF, 0x9CFF, 0x9CFF, 0x9CFF, 0x9CFF, 
    0x9CFF, 0x9CFF, 0x9CFF, 0x9CFF, 0x9CFF, 0x9CFF, 0x9CFF, 0x9CFF, 0x9CFF, 0x9CFF, 0x9CFF, 0x9CFF, 
    0x9CFF, 0x9CFF, 0x9CFF, 0x9CFF, 0x9CFF, 0x9CFF, 0x9CFF, 0x9CFF, 0x9CFF, 0x9CFF, 0x9CFF, 0x9CFF, 
    0x9CFF, 0xBDFF, 0xF9EE, 0xB1BC, 0xDCFE, 0x9AFE, 0xBAFE, 0xBAFE, 0x9BFE, 0xBAFE, 0xBAFE, 0xBBFE, 
    0xBAFE, 0xBAFE, 0xBAFE, 0xBAFE, 0xBAFE, 0xBAFE, 0xBAFE, 0xBAFE, 0xBAFE, 0xBAFE, 0xBAFE, 0xBAFE, 
    0xBAFE, 0xBAFE, 0xBAFE, 0xBAFE, 0xBAFE, 0xBAFE, 0xBAFE, 0xBAFE, 0xBAFE, 0xBAFE, 0xBAFE, 0xBAFE, 
    0xBAFE, 0xBAFE, 0xBAFE, 0xBAFE, 0xBAFE, 0xBAFE, 0xBAFE, 0x9BFE, 0xBBFE, 0xBAFE, 0x9AFE, 0xBBFE, 
    0x98BD, 0xD574, 0xBCAE, 0x1DBF, 0xFDBE, 0x1DBF, 0xFDBE, 0xFDBE, 0xFDBE, 0xFDBE, 0xFDBE, 0xFDBE, 
    0xFDBE, 0xFDBE, 0xFDBE, 0xFDBE, 0xFDBE, 0xFDBE, 0xFDBE, 0xFDBE, 0xFDBE, 0xFDBE, 0xFDBE, 0xFDBE, 
    0xFDBE, 0xFDBE, 
    0xFDBE, 0xFDBE, 0xFDBE, 0xFDBE, 0xFDBE, 0xFDBE, 0xFDBE, 0xFDBE, 0xFDBE, 0xFDBE, 
    0xFDBE, 0xFDBE, 0xFDBE, 0xFDBE, 0xFDBE, 0xFDBE, 0xFDBE, 0xFDBE, 0xFDBE, 0xFDBE, 0xFDBE, 0x1EBF, 
    0x5B9E, 0xD574, 0x5ADE, 0xBBFE, 0x9AFE, 0xBAF6, 0x9AFE, 0x9BFE, 0xBAFE, 0xBAFE, 0xBAFE, 0xBAFE, 
    0xBAFE, 0xBAFE, 0xBAFE, 0xBAFE, 0xBAFE, 0xBAFE, 0xBAFE, 0xBAFE, 0xBAFE, 0xBAFE, 0xBAFE, 0xBAFE, 
    0xBAFE, 0xBAFE, 0xBAFE, 0xBAFE, 0xBAFE, 0xBAFE, 0xBAFE, 0xBAFE, 0xBAFE, 0xBAFE, 0xBAFE, 0xBAFE, 
    0xBAFE, 0xBAFE, 0xBAFE, 0xBAFE, 0xBAFE, 0x9BFE, 0xBBFE, 0xB9F6, 0xDCFE, 0x13CD, 0x97E6, 0xDDFF, 
    0x9CFF, 0x9CFF, 0x9CFF, 0x9CFF, 0x9CFF, 0x9CFF, 0x9CFF, 0x9CFF, 0x9CFF, 0x9CFF, 0x9CFF, 0x9CFF, 
    0x9CFF, 0x9CFF, 0x9CFF, 0x9CFF, 0x9CFF, 0x9CFF, 0x9CFF, 0x9CFF, 0x9CFF, 0x9CFF, 0x9CFF, 0x9CFF, 
    0x9CFF, 0x9CFF, 0x9CFF, 0x9CFF, 0x9CFF, 0x9CFF, 0x9CFF, 0x9CFF, 0x9CFF, 0x9CFF, 0x9CFF, 0x9CFF, 
    0x9CFF, 0x9CFF, 0x9CFF, 0x9CFF, 0x9CFF, 0x9CFF, 0x9CFF, 0x9CFF, 0x9CFF, 0x9CFF, 0x9CFF, 0x9CFF, 
    0x9CFF, 0x9CFF, 0x9CFF, 0x9CFF, 0x9CFF, 0x9CFF, 0x9CFF, 0x9CFF, 0x9CFF, 0x9CFF, 0x9CFF, 0x9CFF, 
    0x9CFF, 0x9CFF, 0x9CFF, 0x9CFF, 0x9CFF, 0x9CFF, 0x9CFF, 0x9CFF, 0x9CFF, 0x9CFF, 0x9CFF, 0x9CFF, 
    0x9CFF, 0x9CFF, 0x9CFF, 0x9CFF, 0x9CFF, 0x9CFF, 0x9CFF, 0x9CFF, 0x9CFF, 0x9CFF, 0x9CFF, 0x9CFF, 
    0x9CFF, 0x9CFF, 0x9CFF, 0x9CFF, 0x9CFF, 0x9CFF, 0x9CFF, 0x9CFF, 0x9CFF, 0x9CFF, 0x9CFF, 0x9CFF, 
    0x9CFF, 0x9CFF, 0x9CFF, 0x9CFF, 0x9CFF, 0x9CFF, 0x9CFF, 0x9CFF, 0x9CFF, 0x9CFF, 0x9CFF, 0x9CFF, 
    0x9CFF, 0x9CFF, 0x9CFF, 0x9CFF, 0x9CFF, 0x9CFF, 0x9CFF, 0x9CFF, 0x9CFF, 0x9CFF, 0x9CFF, 0x9CFF, 
    0x9CFF, 0x9CFF, 0x9CFF, 0x9CFF, 0x9CFF, 0x9CFF, 0x9CFF, 0x9CFF, 0x9CFF, 0x9CFF, 0x9CFF, 0x9CFF, 
    0x9CFF, 0x9CFF, 0x9CFF, 0xBDFF, 0xF9EE, 0xB1BC, 0xDCFE, 0x9AFE, 0xBAFE, 0xBAFE, 0x9BFE, 0xBAFE, 
    0xBAFE, 0xBBFE, 0xBAFE, 0xBAFE, 0xBAFE, 0xBAFE, 0xBAFE, 0xBAFE, 0xBAFE, 0xBAFE, 0xBAFE, 0xBAFE, 
    0xBAFE, 0xBAFE, 0xBAFE, 0xBAFE, 0xBAFE, 0xBAFE, 0xBAFE, 0xBAFE, 0xBAFE, 0xBAFE, 0xBAFE, 0xBAFE, 
    0xBAFE, 0xBAFE, 0xBAFE, 0xBAFE, 0xBAFE, 0xBAFE, 0xBAFE, 0xBAFE, 0xBAFE, 0x9BFE, 0xBBFE, 0xBAFE, 
    0x9AFE, 0xDBFE, 0xB8BD, 0xD574, 0xBCAE, 0x1DBF, 0xFDBE, 0x1DBF, 0xFDBE, 0xFDBE, 0xFDBE, 0xFDBE, 
    0xFDBE, 0xFDBE, 0xFDBE, 0xFDBE, 0xFDBE, 0xFDBE, 0xFDBE, 0xFDBE, 0xFDBE, 0xFDBE, 0xFDBE, 0xFDBE, 
    0xFDBE, 0xFDBE, 0xFDBE, 0xFDBE, 
    0xFDBE, 0xFDBE, 0xFDBE, 0xFDBE, 0xFDBE, 0xFDBE, 0xFDBE, 0xFDBE, 
    0xFDBE, 0xFDBE, 0xFDBE, 0xFDBE, 0xFDBE, 0xFDBE, 0xFDBE, 0xFDBE, 0xFDBE, 0xFDBE, 0xFDBE, 0xFDBE, 
    0xFDBE, 0x1EBF, 0x5B9E, 0xD574, 0x5ADE, 0xBBFE, 0x9AFE, 0xBAF6, 0x9AFE, 0x9BFE, 0xBAFE, 0xBAFE, 
    0xBAFE, 0xBAFE, 0xBAFE, 0xBAFE, 0xBAFE, 0xBAFE, 0xBAFE, 0xBAFE, 0xBAFE, 0xBAFE, 0xBAFE, 0xBAFE, 
    0xBAFE, 0xBAFE, 0xBAFE, 0xBAFE, 0xBAFE, 0xBAFE, 0xBAFE, 0xBAFE, 0xBAFE, 0xBAFE, 0xBAFE, 0xBAFE, 
    0xBAFE, 0xBAFE, 0xBAFE, 0xBAFE, 0xBAFE, 0xBAFE, 0xBAFE, 0x9BFE, 0xBBFE, 0xB9F6, 0xDCFE, 0x13CD, 
    0x97E6, 0xDDFF, 0x9CFF, 0x9CFF, 0x9CFF, 0x9CFF, 0x9CFF, 0x9CFF, 0x9CFF, 0x9CFF, 0x9CFF, 0x9CFF, 
    0x9CFF, 0x9CFF, 0x9CFF, 0x9CFF, 0x9CFF, 0x9CFF, 0x9CFF, 0x9CFF, 0x9CFF, 0x9CFF, 0x9CFF, 0x9CFF, 
    0x9CFF, 0x9CFF, 0x9CFF, 0x9CFF, 0x9CFF, 0x9CFF, 0x9CFF, 0x9CFF, 0x9CFF, 0x9CFF, 0x9CFF, 0x9CFF, 
    0x9CFF, 0x9CFF, 0x9CFF, 0x9CFF, 0x9CFF, 0x9CFF, 0x9CFF, 0x9CFF, 0x9CFF, 0x9CFF, 0x9CFF, 0x9CFF, 
    0x9CFF, 0x9CFF, 0x9CFF, 0x9CFF, 0x9CFF, 0x9CFF, 0x9CFF, 0x9CFF, 0x9CFF, 0x9CFF, 0x9CFF, 0x9CFF, 
    0x9CFF, 0x9CFF, 0x9CFF, 0x9CFF, 0x9CFF, 0x9CFF, 0x9CFF, 0x9CFF, 0x9CFF, 0x9CFF, 0x9CFF, 0x9CFF, 
    0x9CFF, 0x9CFF, 0x9CFF, 0x9CFF, 0x9CFF, 0x9CFF, 0x9CFF, 0x9CFF, 0x9CFF, 0x9CFF, 0x9CFF, 0x9CFF, 
    0x9CFF, 0x9CFF, 0x9CFF, 0x9CFF, 0x9CFF, 0x9CFF, 0x9CFF, 0x9CFF, 0x9CFF, 0x9CFF, 0x9CFF, 0x9CFF, 
    0x9CFF, 0x9CFF, 0x9CFF, 0x9CFF, 0x9CFF, 0x9CFF, 0x9CFF, 0x9CFF, 0x9CFF, 0x9CFF, 0x9CFF, 0x9CFF, 
    0x9CFF, 0x9CFF, 0x9CFF, 0x9CFF, 0x9CFF, 0x9CFF, 0x9CFF, 0x9CFF, 0x9CFF, 0x9CFF, 0x9CFF, 0x9CFF, 
    0x9CFF, 0x9CFF, 0x9CFF, 0x9CFF, 0x9CFF, 0x9CFF, 0x9CFF, 0x9CFF, 0x9CFF, 0x9CFF, 0x9CFF, 0x9CFF, 
    0x9CFF, 0x9CFF, 0x9CFF, 0x9CFF, 0x9CFF, 0xBDFF, 0xF9EE, 0xB1BC, 0xDCFE, 0x9AFE, 0xBAFE, 0xBAFE, 
    0x9BFE, 0xBAFE, 0xBAFE, 0xBBFE, 0xBAFE, 0xBAFE, 0xBAFE, 0xBAFE, 0xBAFE, 0xBAFE, 0xBAFE, 0xBAFE, 
    0xBAFE, 0xBAFE, 0xBAFE, 0xBAFE, 0xBAFE, 0xBAFE, 0xBAFE, 0xBAFE, 0xBAFE, 0xBAFE, 0xBAFE, 0xBAFE, 
    0xBAFE, 0xBAFE, 0xBAFE, 0xBAFE, 0xBAFE, 0xBAFE, 0xBAFE, 0xBAFE, 0xBAFE, 0xBAFE, 0xBAFE, 0x9BFE, 
    0xBBFE, 0xBAFE, 0x9AFE, 0xDBFE, 0xB8BD, 0xD574, 0xBCAE, 0x1DBF, 0xFDBE, 0x1DBF, 0xFDBE, 0xFDBE, 
    0xFDBE, 0xFDBE, 0xFDBE, 0xFDBE, 0xFDBE, 0xFDBE, 0xFDBE, 0xFDBE, 0xFDBE, 0xFDBE, 0xFDBE, 0xFDBE, 
    0xFDBE, 0xFDBE, 0xFDBE, 0xFDBE, 0xFDBE, 0xFDBE, 
    0xFDBE, 0xFDBE, 0xFDBE, 0xFDBE, 0xFDBE, 0xFDBE, 
    0xFDBE, 0xFDBE, 0xFDBE, 0xFDBE, 0xFDBE, 0xFDBE, 0xFDBE, 0xFDBE, 0xFDBE, 0xFDBE, 0xFDBE, 0xFDBE, 
    0xFDBE, 0xFDBE, 0xFDBE, 0x1EBF, 0x5B9E, 0xD574, 0x5ADE, 0xBBFE, 0x9AFE, 0xBAF6, 0x9AFE, 0x9BFE, 
    0xBAFE, 0xBAFE, 0xBAFE, 0xBAFE, 0xBAFE, 0xBAFE, 0xBAFE, 0xBAFE, 0xBAFE, 0xBAFE, 0xBAFE, 0xBAFE, 
    0xBAFE, 0xBAFE, 0xBAFE, 0xBAFE, 0xBAFE, 0xBAFE, 0xBAFE, 0xBAFE, 0xBAFE, 0xBAFE, 0xBAFE, 0xBAFE, 
    0xBAFE, 0xBAFE, 0xBAFE, 0xBAFE, 0xBAFE, 0xBAFE, 0xBAFE, 0xBAFE, 0xBAFE, 0x9BFE, 0xBBFE, 0xB9F6, 
    0xDCFE, 0x13CD, 0x97E6, 0xDDFF, 0x9CFF, 0x9CFF, 0x9CFF, 0x9CFF, 0x9CFF, 0x9CFF, 0x9CFF, 0x9CFF, 
    0x9CFF, 0x9CFF, 0x9CFF, 0x9CFF, 0x9CFF, 0x9CFF, 0x9CFF, 0x9CFF, 0x9CFF, 0x9CFF, 0x9CFF, 0x9CFF, 
    0x9CFF, 0x9CFF, 0x9CFF, 0x9CFF, 0x9CFF, 0x9CFF, 0x9CFF, 0x9CFF, 0x9CFF, 0x9CFF, 0x9CFF, 0x9CFF, 
    0x9CFF, 0x9CFF, 0x9CFF, 0x9CFF, 0x9CFF, 0x9CFF, 0x9CFF, 0x9CFF, 0x9CFF, 0x9CFF, 0x9CFF, 0x9CFF, 
    0x9CFF, 0x9CFF, 0x9CFF, 0x9CFF, 0x9CFF, 0x9CFF, 0x9CFF, 0x9CFF, 0x9CFF, 0x9CFF, 0x9CFF, 0x9CFF, 
    0x9CFF, 0x9CFF, 0x9CFF, 0x9CFF, 0x9CFF, 0x9CFF, 0x9CFF, 0x9CFF, 0x9CFF, 0x9CFF, 0x9CFF, 0x9CFF, 
    0x9CFF, 0x9CFF, 0x9CFF, 0x9CFF, 0x9CFF, 0x9CFF, 0x9CFF, 0x9CFF, 0x9CFF, 0x9CFF, 0x9CFF, 0x9CFF, 
    0x9CFF, 0x9CFF, 0x9CFF, 0x9CFF, 0x9CFF, 0x9CFF, 0x9CFF, 0x9CFF, 0x9CFF, 0x9CFF, 0x9CFF, 0x9CFF, 
    0x9CFF, 0x9CFF, 0x9CFF, 0x9CFF, 0x9CFF, 0x9CFF, 0x9CFF, 0x9CFF, 0x9CFF, 0x9CFF, 0x9CFF, 0x9CFF, 
    0x9CFF, 0x9CFF, 0x9CFF, 0x9CFF, 0x9CFF, 0x9CFF, 0x9CFF, 0x9CFF, 0x9CFF, 0x9CFF, 0x9CFF, 0x9CFF, 
    0x9CFF, 0x9CFF, 0x9CFF, 0x9CFF, 0x9CFF, 0x9CFF, 0x9CFF, 0x9CFF, 0x9CFF, 0x9CFF, 0x9CFF, 0x9CFF, 
    0x9CFF, 0x9CFF, 0x9CFF, 0x9CFF, 0x9CFF, 0x9CFF, 0x9CFF, 0xBDFF, 0xF9EE, 0xB1BC, 0xDCFE, 0x9AFE, 
    0xBAFE, 0xBAFE, 0x9BFE, 0xBAFE, 0xBAFE, 0xBBFE, 0xBAFE, 0xBAFE, 0xBAFE, 0xBAFE, 0xBAFE, 0xBAFE, 
    0xBAFE, 0xBAFE, 0xBAFE, 0xBAFE, 0xBAFE, 0xBAFE, 0xBAFE, 0xBAFE, 0xBAFE, 0xBAFE, 0xBAFE, 0xBAFE, 
    0xBAFE, 0xBAFE, 0xBAFE, 0xBAFE, 0xBAFE, 0xBAFE, 0xBAFE, 0xBAFE, 0xBAFE, 0xBAFE, 0xBAFE, 0xBAFE, 
    0xBAFE, 0x9BFE, 0xBBFE, 0xBAFE, 0x9AFE, 0xDBFE, 0xB8BD, 0xD574, 0xBCAE, 0x1DBF, 0xFDBE, 0x1DBF, 
    0xFDBE, 0xFDBE, 0xFDBE, 0xFDBE, 0xFDBE, 0xFDBE, 0xFDBE, 0xFDBE, 0xFDBE, 0xFDBE, 0xFDBE, 0xFDBE, 
    0xFDBE, 0xFDBE, 0xFDBE, 0xFDBE, 0xFDBE, 0xFDBE, 0xFDBE, 0xFDBE, 
    0xFDBE, 0xFDBE, 0xFDBE, 0xFDBE, 
    0xFDBE, 0xFDBE, 0xFDBE, 0xFDBE, 0xFDBE, 0xFDBE, 0xFDBE, 0xFDBE, 0xFDBE, 0xFDBE, 0xFDBE, 0xFDBE, 
    0xFDBE, 0xFDBE, 0xFDBE, 0xFDBE, 0xFDBE, 0x1EBF, 0x5B9E, 0xD574, 0x5ADE, 0xBBFE, 0x9AFE, 0xBAF6, 
    0x9AFE, 0x9BFE, 0xBAFE, 0xBAFE, 0xBAFE, 0xBAFE, 0xBAFE, 0xBAFE, 0xBAFE, 0xBAFE, 0xBAFE, 0xBAFE, 
    0xBAFE, 0xBAFE, 0xBAFE, 0xBAFE, 0xBAFE, 0xBAFE, 0xBAFE, 0xBAFE, 0xBAFE, 0xBAFE, 0xBAFE, 0xBAFE, 
    0xBAFE, 0xBAFE, 0xBAFE, 0xBAFE, 0xBAFE, 0xBAFE, 0xBAFE, 0xBAFE, 0xBAFE, 0xBAFE, 0xBAFE, 0x9BFE, 
    0xBBFE, 0xB9F6, 0xDCFE, 0x13CD, 0x97E6, 0xDDFF, 0x9CFF, 0x9CFF, 0x9CFF, 0x9CFF, 0x9CFF, 0x9CFF, 
    0x9CFF, 0x9CFF, 0x9CFF, 0x9CFF, 0x9CFF, 0x9CFF, 0x9CFF, 0x9CFF, 0x9CFF, 0x9CFF, 0x9CFF, 0x9CFF, 
    0x9CFF, 0x9CFF, 0x9CFF, 0x9CFF, 0x9CFF, 0x9CFF, 0x9CFF, 0x9CFF, 0x9CFF, 0x9CFF, 0x9CFF, 0x9CFF, 
    0x9CFF, 0x9CFF, 0x9CFF, 0x9CFF, 0x9CFF, 0x9CFF, 0x9CFF, 0x9CFF, 0x9CFF, 0x9CFF, 0x9CFF, 0x9CFF, 
    0x9CFF, 0x9CFF, 0x9CFF, 0x9CFF, 0x9CFF, 0x9CFF, 0x9CFF, 0x9CFF, 0x9CFF, 0x9CFF, 0x9CFF, 0x7CFF, 
    0x5CFF, 0x5CFF, 0x5CFF, 0x5CFF, 0x9CFF, 0x9CFF, 0x9CFF, 0x9CFF, 0x9CFF, 0x9CFF, 0x9CFF, 0x7CFF, 
    0x5CFF, 0x3CFF, 0x5CFF, 0x5CFF, 0x3CFF, 0x5CFF, 0x7CFF, 0x9CFF, 0x9CFF, 0x9CFF, 0x9CFF, 0x9CFF, 
    0x9CFF, 0x9CFF, 0x5CFF, 0x3CFF, 0x5CFF, 0x5BFF, 0x7CFF, 0x9CFF, 0x9CFF, 0x9CFF, 0x9CFF, 0x9CFF, 
    0x9CFF, 0x9CFF, 0x9CFF, 0x9CFF, 0x9CFF, 0x9CFF, 0x9CFF, 0x9CFF, 0x9CFF, 0x9CFF, 0x9CFF, 0x9CFF, 
    0x9CFF, 0x9CFF, 0x9CFF, 0x9CFF, 0x9CFF, 0x9CFF, 0x9CFF, 0x9CFF, 0x9CFF, 0x9CFF, 0x9CFF, 0x9CFF, 
    0x9CFF, 0x9CFF, 0x9CFF, 0x9CFF, 0x9CFF, 0x9CFF, 0x9CFF, 0x9CFF, 0x9CFF, 0x9CFF, 0x9CFF, 0x9CFF, 
    0x9CFF, 0x9CFF, 0x9CFF, 0x9CFF, 0x9CFF, 0x9CFF, 0x9CFF, 0x9CFF, 0x9CFF, 0xBDFF, 0xF9EE, 0xB1BC, 
    0xDCFE, 0x9AFE, 0xBAFE, 0xBAFE, 0x9BFE, 0xBAFE, 0xBAFE, 0xBBFE, 0xBAFE, 0xBAFE, 0xBAFE, 0xBAFE, 
    0xBAFE, 0xBAFE, 0xBAFE, 0xBAFE, 0xBAFE, 0xBAFE, 0xBAFE, 0xBAFE, 0xBAFE, 0xBAFE, 0xBAFE, 0xBAFE, 
    0xBAFE, 0xBAFE, 0xBAFE, 0xBAFE, 0xBAFE, 0xBAFE, 0xBAFE, 0xBAFE, 0xBAFE, 0xBAFE, 0xBAFE, 0xBAFE, 
    0xBAFE, 0xBAFE, 0xBBFE, 0x9AFE, 0xBAFE, 0xBAFE, 0x9AFE, 0xDBFE, 0xB7BD, 0xD574, 0xBCAE, 0x1DBF, 
    0xFDBE, 0x1DBF, 0xFDBE, 0xFDBE, 0xFDBE, 0xFDBE, 0xFDBE, 0xFDBE, 0xFDBE, 0xFDBE, 0xFDBE, 0xFDBE, 
    0xFDBE, 0xFDBE, 0xFDBE, 0xFDBE, 0xFDBE, 0xFDBE, 0xFDBE, 0xFDBE, 0xFDBE, 0xFDBE, 
    0xFDBE, 0xFDBE, 
    0xFDBE, 0xFDBE, 0xFDBE, 0xFDBE, 0xFDBE, 0xFDBE, 0xFDBE, 0xFDBE, 0xFDBE, 0xFDBE, 0xFDBE, 0xFDBE, 
    0xFDBE, 0xFDBE, 0xFDBE, 0xFDBE, 0xFDBE, 0xFDBE, 0xFDBE, 0x1EBF, 0x5B9E, 0xD574, 0x59DE, 0xBBFE, 
    0x9AFE, 0xBAF6, 0x9AFE, 0x9BFE, 0xBBFE, 0x9AFE, 0xBAFE, 0xBAFE, 0xBAFE, 0xBAFE, 0xBAFE, 0xBAFE, 
    0xBAFE, 0xBAFE, 0xBAFE, 0xBAFE, 0xBAFE, 0xBAFE, 0xBAFE, 0xBAFE, 0xBAFE, 0xBAFE, 0xBAFE, 0xBAFE, 
    0xBAFE, 0xBAFE, 0xBAFE, 0xBAFE, 0xBAFE, 0xBAFE, 0xBAFE, 0xBAFE, 0xBAFE, 0xBAFE, 0xBAFE, 0xBAFE, 
    0xBAFE, 0x9BFE, 0xBBFE, 0xB9F6, 0xDCFE, 0x13CD, 0x97E6, 0xDDFF, 0x9CFF, 0x9CFF, 0x9CFF, 0x9CFF, 
    0x9CFF, 0x9CFF, 0x9CFF, 0x9CFF, 0x9CFF, 0x9CFF, 0x9CFF, 0x9CFF, 0x9CFF, 0x9CFF, 0x9CFF, 0x9CFF, 
    0x9CFF, 0x9CFF, 0x9CFF, 0x9CFF, 0x9CFF, 0x9CFF, 0x9CFF, 0x9CFF, 0x9CFF, 0x9CFF, 0x9CFF, 0x9CFF, 
    0x9CFF, 0x9CFF, 0x9CFF, 0x9CFF, 0x9CFF, 0x9CFF, 0x9CFF, 0x9CFF, 0x9CFF, 0x9CFF, 0x9CFF, 0x9CFF, 
    0x9CFF, 0x9CFF, 0x9CFF, 0x9CFF, 0x9CFF, 0x9CFF, 0x9CFF, 0x9CFF, 0x9CFF, 0x9CFF, 0x9CFF, 0x9CFF, 
    0x9CFF, 0x5CFF, 0xBAFE, 0x9AFE, 0x9AFE, 0xDAF6, 0x7CFF, 0x9CFF, 0x9CFF, 0x9CFF, 0x9CFF, 0x9CFF, 
    0x9DFF, 0x5CFF, 0x9AF6, 0x9AFE, 0xBAFE, 0xBAFE, 0x9AFE, 0xBAFE, 0x5CFF, 0x9CFF, 0x9CFF, 0x9CFF, 
    0x9CFF, 0x9CFF, 0x9CFF, 0x7CFF, 0xDAF6, 0x9BFE, 0xBBFE, 0xBAF6, 0x3CFF, 0x9CFF, 0x9CFF, 0x9CFF, 
    0x9CFF, 0x9CFF, 0x9CFF, 0x9CFF, 0x9CFF, 0x9CFF, 0x9CFF, 0x9CFF, 0x9CFF, 0x9CFF, 0x9CFF, 0x9CFF, 
    0x9CFF, 0x9CFF, 0x9CFF, 0x9CFF, 0x9CFF, 0x9CFF, 0x9CFF, 0x9CFF, 0x9CFF, 0x9CFF, 0x9CFF, 0x9CFF, 
    0x9CFF, 0x9CFF, 0x9CFF, 0x9CFF, 0x9CFF, 0x9CFF, 0x9CFF, 0x9CFF, 0x9CFF, 0x9CFF, 0x9CFF, 0x9CFF, 
    0x9CFF, 0x9CFF, 0x9CFF, 0x9CFF, 0x9CFF, 0x9CFF, 0x9CFF, 0x9CFF, 0x9CFF, 0x9CFF, 0x9CFF, 0xBDFF, 
    0xF9EE, 0xB1BC, 0xDCFE, 0x9AFE, 0xBAFE, 0xBAFE, 0x9BFE, 0xBAFE, 0xBAFE, 0xBBFE, 0xBAFE, 0xBAFE, 
    0xBAFE, 0xBAFE, 0xBAFE, 0xBAFE, 0xBAFE, 0xBAFE, 0xBAFE, 0xBAFE, 0xBAFE, 0xBAFE, 0xBAFE, 0xBAFE, 
    0xBAFE, 0xBAFE, 0xBAFE, 0xBAFE, 0xBAFE, 0xBAFE, 0xBAFE, 0xBAFE, 0xBAFE, 0xBAFE, 0xBAFE, 0xBAFE, 
    0xBAFE, 0xBAFE, 0xBAFE, 0xBAFE, 0xBBFE, 0xBAFE, 0xBAFE, 0xBAFE, 0x9BFE, 0xDBFE, 0xB7BD, 0xD574, 
    0xBCAE, 0x1DBF, 0xFDBE, 0x1DBF, 0xFDBE, 0xFDBE, 0xFDBE, 0xFDBE, 0xFDBE, 0xFDBE, 0xFDBE, 0xFDBE, 
    0xFDBE, 0xFDBE, 0xFDBE, 0xFDBE, 0xFDBE, 0xFDBE, 0xFDBE, 0xFDBE, 0xFDBE, 0xFDBE, 0xFDBE, 0xFDBE, 
    
    0xFDBE, 0xFDBE, 0xFDBE, 0xFDBE, 0xFDBE, 0xFDBE, 0xFDBE, 0xFDBE, 0xFDBE, 0xFDBE, 0xFDBE, 0xFDBE, 
    0xFDBE, 0xFDBE, 0xFDBE, 0xFDBE, 0xFDBE, 0xFDBE, 0xFDBE, 0xFDBE, 0xFDBE, 0x1EBF, 0x5B9E, 0xD574, 
    0x59DE, 0xBBFE, 0x9AFE, 0xBAF6, 0x9AFE, 0x9BFE, 0xBBFE, 0x9AFE, 0xBAFE, 0xBAFE, 0xBAFE, 0xBAFE, 
    0xBAFE, 0xBAFE, 0xBAFE, 0xBAFE, 0xBAFE, 0xBAFE, 0xBAFE, 0xBAFE, 0xBAFE, 0xBAFE, 0xBAFE, 0xBAFE, 
    0xBAFE, 0xBAFE, 0xBAFE, 0xBAFE, 0xBAFE, 0xBAFE, 0xBAFE, 0xBAFE, 0xBAFE, 0xBAFE, 0xBAFE, 0xBAFE, 
    0xBAFE, 0xBAFE, 0xBAFE, 0x9BFE, 0xBBFE, 0xB9F6, 0xDCFE, 0x13CD, 0x97E6, 0xDDFF, 0x9CFF, 0x9CFF, 
    0x9CFF, 0x9CFF, 0x9CFF, 0x9CFF, 0x9CFF, 0x9CFF, 0x9CFF, 0x9CFF, 0x9CFF, 0x9CFF, 0x9CFF, 0x9CFF, 
    0x9CFF, 0x9CFF, 0x9CFF, 0x9CFF, 0x9CFF, 0x9CFF, 0x9CFF, 0x9CFF, 0x9CFF, 0x9CFF, 0x9CFF, 0x9CFF, 
    0x9CFF, 0x9CFF, 0x9CFF, 0x9CFF, 0x9CFF, 0x9CFF, 0x9CFF, 0x9CFF, 0x9CFF, 0x9CFF, 0x9CFF, 0x9CFF, 
    0x9CFF, 0x9CFF, 0x9CFF, 0x9CFF, 0x9CFF, 0x9CFF, 0x9CFF, 0x9CFF, 0x9CFF, 0x9CFF, 0x9CFF, 0x9CFF, 
    0x9CFF, 0x9CFF, 0x9CFF, 0x5CFF, 0xDAFE, 0xBAFE, 0x9AFE, 0xBAF6, 0x5CFF, 0x9CFF, 0x9CFF, 0x9CFF, 
    0x9CFF, 0x9CFF, 0x9CFF, 0x5CFF, 0xBAFE, 0x9AFE, 0xBAFE, 0xBAFE, 0x9AFE, 0xBAFE, 0x5CFF, 0x9CFF, 
    0x9CFF, 0x9CFF, 0x9CFF, 0x9CFF, 0x9CFF, 0x5CFF, 0xBAF6, 0xBBFE, 0xBAFE, 0xBAF6, 0x5CFF, 0x9CFF, 
    0x9CFF, 0x9CFF, 0x9CFF, 0x9CFF, 0x9CFF, 0x9CFF, 0x9CFF, 0x9CFF, 0x9CFF, 0x9CFF, 0x9CFF, 0x9CFF, 
    0x9CFF, 0x9CFF, 0x9CFF, 0x9CFF, 0x9CFF, 0x9CFF, 0x9CFF, 0x9CFF, 0x9CFF, 0x9CFF, 0x9CFF, 0x9CFF, 
    0x9CFF, 0x9CFF, 0x9CFF, 0x9CFF, 0x9CFF, 0x9CFF, 0x9CFF, 0x9CFF, 0x9CFF, 0x9CFF, 0x9CFF, 0x9CFF, 
    0x9CFF, 0x9CFF, 0x9CFF, 0x9CFF, 0x9CFF, 0x9CFF, 0x9CFF, 0x9CFF, 0x9CFF, 0x9CFF, 0x9CFF, 0x9CFF, 
    0x9CFF, 0xBDFF, 0xF9EE, 0xB1BC, 0xDCFE, 0x9AFE, 0xBAFE, 0xBAFE, 0x9BFE, 0xBAFE, 0xBAFE, 0xBBFE, 
    0xBAFE, 0xBAFE, 0xBAFE, 0xBAFE, 0xBAFE, 0xBAFE, 0xBAFE, 0xBAFE, 0xBAFE, 0xBAFE, 0xBAFE, 0xBAFE, 
    0xBAFE, 0xBAFE, 0xBAFE, 0xBAFE, 0xBAFE, 0xBAFE, 0xBAFE, 0xBAFE, 0xBAFE, 0xBAFE, 0xBAFE, 0xBAFE, 
    0xBAFE, 0xBAFE, 0xBAFE, 0xBAFE, 0xBAFE, 0xBAFE, 0xBBFE, 0xBAFE, 0xBAFE, 0xBAFE, 0x9BFE, 0xDBFE, 
    0xB7BD, 0xD574, 0xBCAE, 0x1DBF, 0xFDBE, 0x1DBF, 0xFDBE, 0xFDBE, 0xFDBE, 0xFDBE, 0xFDBE, 0xFDBE, 
    0xFDBE, 0xFDBE, 0xFDBE, 0xFDBE, 0xFDBE, 0xFDBE, 0xFDBE, 0xFDBE, 0xFDBE, 0xFDBE, 0xFDBE, 0xFDBE, 
    0xFDBE, 0xFDBE, 
    0xFDBE, 0xFDBE, 0xFDBE, 0xFDBE, 0xFDBE, 0xFDBE, 0xFDBE, 0xFDBE, 0xFDBE, 0xFDBE, 
    0xFDBE, 0xFDBE, 0xFDBE, 0xFDBE, 0xFDBE, 0xFDBE, 0xFDBE, 0xFDBE, 0xFDBE, 0xFDBE, 0xFDBE, 0x1EBF, 
    0x5B9E, 0xD574, 0x59DE, 0xBBFE, 0x9AFE, 0xBAF6, 0x9AFE, 0x9BFE, 0xBBFE, 0x9AFE, 0xBAFE, 0xBAFE, 
    0xBAFE, 0xBAFE, 0xBAFE, 0xBAFE, 0xBAFE, 0xBAFE, 0xBAFE, 0xBAFE, 0xBAFE, 0xBAFE, 0xBAFE, 0xBAFE, 
    0xBAFE, 0xBAFE, 0xBAFE, 0xBAFE, 0xBAFE, 0xBAFE, 0xBAFE, 0xBAFE, 0xBAFE, 0xBAFE, 0xBAFE, 0xBAFE, 
    0xBAFE, 0xBAFE, 0xBAFE, 0xBAFE, 0xBAFE, 0x9BFE, 0xBBFE, 0xB9F6, 0xDCFE, 0x13CD, 0x97E6, 0xDDFF, 
    0x9CFF, 0x9CFF, 0x9CFF, 0x9CFF, 0x9CFF, 0x9CFF, 0x9CFF, 0x9CFF, 0x9CFF, 0x9CFF, 0x9CFF, 0x9CFF, 
    0x9CFF, 0x9CFF, 0x9CFF, 0x9CFF, 0x9CFF, 0x9CFF, 0x9CFF, 0x9CFF, 0x9CFF, 0x9CFF, 0x9CFF, 0x9CFF, 
    0x9CFF, 0x9CFF, 0x9CFF, 0x9CFF, 0x9CFF, 0x9CFF, 0x9CFF, 0x9CFF, 0x9CFF, 0x9CFF, 0x9CFF, 0x9CFF, 
    0x9CFF, 0x9CFF, 0x9CFF, 0x9CFF, 0x9CFF, 0x9CFF, 0x9CFF, 0x9CFF, 0x9CFF, 0x9CFF, 0x9CFF, 0x9CFF, 
    0x9CFF, 0x9CFF, 0x9CFF, 0x9CFF, 0x9CFF, 0x5CFF, 0xDAFE, 0xBAFE, 0xBAFE, 0xDAFE, 0x7CFF, 0x9CFF, 
    0x9CFF, 0x9CFF, 0x9CFF, 0x9CFF, 0x9CFF, 0x5CFF, 0xBAFE, 0x9AFE, 0xBAFE, 0xBAFE, 0x9AFE, 0xBAFE, 
    0x5CFF, 0x9CFF, 0x9CFF, 0x9CFF, 0x9CFF, 0x9CFF, 0x9CFF, 0x7CFF, 0xBAFE, 0x9BFE, 0xBAFE, 0xBAF6, 
    0x5CFF, 0x9CFF, 0x9CFF, 0x9CFF, 0x9CFF, 0x9CFF, 0x9CFF, 0x9CFF, 0x9CFF, 0x9CFF, 0x9CFF, 0x9CFF, 
    0x9CFF, 0x9CFF, 0x9CFF, 0x9CFF, 0x9CFF, 0x9CFF, 0x9CFF, 0x9CFF, 0x9CFF, 0x9CFF, 0x9CFF, 0x9CFF, 
    0x9CFF, 0x9CFF, 0x9CFF, 0x9CFF, 0x9CFF, 0x9CFF, 0x9CFF, 0x9CFF, 0x9CFF, 0x9CFF, 0x9CFF, 0x9CFF, 
    0x9CFF, 0x9CFF, 0x9CFF, 0x9CFF, 0x9CFF, 0x9CFF, 0x9CFF, 0x9CFF, 0x9CFF, 0x9CFF, 0x9CFF, 0x9CFF, 
    0x9CFF, 0x9CFF, 0x9CFF, 0xBDFF, 0xF9EE, 0xB1BC, 0xDCFE, 0x9AFE, 0xBAFE, 0xBAFE, 0x9BFE, 0xBAFE, 
    0xBAFE, 0xBBFE, 0xBAFE, 0xBAFE, 0xBAFE, 0xBAFE, 0xBAFE, 0xBAFE, 0xBAFE, 0xBAFE, 0xBAFE, 0xBAFE, 
    0xBAFE, 0xBAFE, 0xBAFE, 0xBAFE, 0xBAFE, 0xBAFE, 0xBAFE, 0xBAFE, 0xBAFE, 0xBAFE, 0xBAFE, 0xBAFE, 
    0xBAFE, 0xBAFE, 0xBAFE, 0xBAFE, 0xBAFE, 0xBAFE, 0xBAFE, 0xBAFE, 0xBBFE, 0xBAFE, 0xBAFE, 0xBAFE, 
    0x9BFE, 0xDBFE, 0xB7BD, 0xD574, 0xBCAE, 0x1DBF, 0xFDBE, 0x1DBF, 0xFDBE, 0xFDBE, 0xFDBE, 0xFDBE, 
    0xFDBE, 0xFDBE, 0xFDBE, 0xFDBE, 0xFDBE, 0xFDBE, 0xFDBE, 0xFDBE, 0xFDBE, 0xFDBE, 0xFDBE, 0xFDBE, 
    0xFDBE, 0xFDBE, 0xFDBE, 0xFDBE, 
    0xFDBE, 0xFDBE, 0xFDBE, 0xFDBE, 0xFDBE, 0xFDBE, 0xFDBE, 0xFDBE, 
    0xFDBE, 0xFDBE, 0xFDBE, 0xFDBE, 0xFDBE, 0xFDBE, 0xFDBE, 0xFDBE, 0xFDBE, 0xFDBE, 0xFDBE, 0xFDBE, 
    0xFDBE, 0x1EBF, 0x5B9E, 0xD574, 0x59DE, 0xBBFE, 0x9AFE, 0xBAF6, 0x9AFE, 0x9BFE, 0xBBFE, 0x9AFE, 
    0xBAFE, 0xBAFE, 0xBAFE, 0xBAFE, 0xBAFE, 0xBAFE, 0xBAFE, 0xBAFE, 0xBAFE, 0xBAFE, 0xBAFE, 0xBAFE, 
    0xBAFE, 0xBAFE, 0xBAFE, 0xBAFE, 0xBAFE, 0xBAFE, 0xBAFE, 0xBAFE, 0xBAFE, 0xBAFE, 0xBAFE, 0xBAFE, 
    0xBAFE, 0xBAFE, 0xBAFE, 0xBAFE, 0xBAFE, 0xBAFE, 0xBAFE, 0x9BFE, 0xBBFE, 0xB9F6, 0xDCFE, 0x13CD, 
    0x97E6, 0xDDFF, 0x9CFF, 0x9CFF, 0x9CFF, 0x9CFF, 0x9CFF, 0x9CFF, 0x9CFF, 0x9CFF, 0x9CFF, 0x9CFF, 
    0x9CFF, 0x9CFF, 0x9CFF, 0x9CFF, 0x9CFF, 0x9CFF, 0x9CFF, 0x9CFF, 0x9CFF, 0x9CFF, 0x9CFF, 0x9CFF, 
    0x9CFF, 0x9CFF, 0x9CFF, 0x9CFF, 0x9CFF, 0x9CFF, 0x9CFF, 0x9CFF, 0x9CFF, 0x9CFF, 0x9CFF, 0x9CFF, 
    0x9CFF, 0x9CFF, 0x9CFF, 0x9CFF, 0x9CFF, 0x9CFF, 0x9CFF, 0x9CFF, 0x9CFF, 0x9CFF, 0x9CFF, 0x9CFF, 
    0x9CFF, 0x9CFF, 0x9CFF, 0x9CFF, 0x9CFF, 0x9CFF, 0x9CFF, 0x5CFF, 0xDAFE, 0xBAFE, 0xBAFE, 0xDAF6, 
    0x5CFF, 0x9CFF, 0x9CFF, 0x9CFF, 0x9CFF, 0x9CFF, 0xBCFF, 0x5CFF, 0xBAFE, 0x9AFE, 0xBAFE, 0xBBFE, 
    0x9AFE, 0xBAFE, 0x5CFF, 0xBCFF, 0x9CFF, 0x9CFF, 0x9CFF, 0x9CFF, 0x9CFF, 0x5CFF, 0xDAF6, 0xBBFE, 
    0xBAFE, 0xBAF6, 0x5CFF, 0x9CFF, 0x9CFF, 0x9CFF, 0x9CFF, 0x9CFF, 0x9CFF, 0x9CFF, 0x9CFF, 0x9CFF, 
    0x9CFF, 0x9CFF, 0x9CFF, 0x9CFF, 0x9CFF, 0x9CFF, 0x9CFF, 0x9CFF, 0x9CFF, 0x9CFF, 0x9CFF, 0x9CFF, 
    0x9CFF, 0x9CFF, 0x9CFF, 0x9CFF, 0x9CFF, 0x9CFF, 0x9CFF, 0x9CFF, 0x9CFF, 0x9CFF, 0x9CFF, 0x9CFF, 
    0x9CFF, 0x9CFF, 0x9CFF, 0x9CFF, 0x9CFF, 0x9CFF, 0x9CFF, 0x9CFF, 0x9CFF, 0x9CFF, 0x9CFF, 0x9CFF, 
    0x9CFF, 0x9CFF, 0x9CFF, 0x9CFF, 0x9CFF, 0xBDFF, 0xF9EE, 0xB1BC, 0xDCFE, 0x9AFE, 0xBAFE, 0xBAFE, 
    0x9BFE, 0xBAFE, 0xBAFE, 0xBBFE, 0xBAFE, 0xBAFE, 0xBAFE, 0xBAFE, 0xBAFE, 0xBAFE, 0xBAFE, 0xBAFE, 
    0xBAFE, 0xBAFE, 0xBAFE, 0xBAFE, 0xBAFE, 0xBAFE, 0xBAFE, 0xBAFE, 0xBAFE, 0xBAFE, 0xBAFE, 0xBAFE, 
    0xBAFE, 0xBAFE, 0xBAFE, 0xBAFE, 0xBAFE, 0xBAFE, 0xBAFE, 0xBAFE, 0xBAFE, 0xBAFE, 0xBBFE, 0xBAFE, 
    0xBAFE, 0xBAFE, 0x9BFE, 0xDBFE, 0xB7BD, 0xD574, 0xBCAE, 0x1DBF, 0xFDBE, 0x1DBF, 0xFDBE, 0xFDBE, 
    0xFDBE, 0xFDBE, 0xFDBE, 0xFDBE, 0xFDBE, 0xFDBE, 0xFDBE, 0xFDBE, 0xFDBE, 0xFDBE, 0xFDBE, 0xFDBE, 
    0xFDBE, 0xFDBE, 0xFDBE, 0xFDBE, 0xFDBE, 0xFDBE, 
    0xFDBE, 0xFDBE, 0xFDBE, 0xFDBE, 0xFDBE, 0xFDBE, 
    0xFDBE, 0xFDBE, 0xFDBE, 0xFDBE, 0xFDBE, 0xFDBE, 0xFDBE, 0xFDBE, 0xFDBE, 0xFDBE, 0xFDBE, 0xFDBE, 
    0xFDBE, 0xFDBE, 0xFDBE, 0x1EBF, 0x5B9E, 0xD574, 0x59DE, 0xBBFE, 0x9AFE, 0xBAF6, 0x9AFE, 0x9BFE, 
    0xBBFE, 0x9AFE, 0xBAFE, 0xBAFE, 0xBAFE, 0xBAFE, 0xBAFE, 0xBAFE, 0xBAFE, 0xBAFE, 0xBAFE, 0xBAFE, 
    0xBAFE, 0xBAFE, 0xBAFE, 0xBAFE, 0xBAFE, 0xBAFE, 0xBAFE, 0xBAFE, 0xBAFE, 0xBAFE, 0xBAFE, 0xBAFE, 
    0xBAFE, 0xBAFE, 0xBAFE, 0xBAFE, 0xBAFE, 0xBAFE, 0xBAFE, 0xBAFE, 0xBAFE, 0x9BFE, 0xBBFE, 0xB9F6, 
    0xDCFE, 0x13CD, 0x97E6, 0xDDFF, 0x9CFF, 0x9CFF, 0x9CFF, 0x9CFF, 0x9CFF, 0x9CFF, 0x9CFF, 0x9CFF, 
    0x9CFF, 0x9CFF, 0x9CFF, 0x9CFF, 0x9CFF, 0x9CFF, 0x9CFF, 0x9CFF, 0x9CFF, 0x9CFF, 0x9CFF, 0x9CFF, 
    0x9CFF, 0x9CFF, 0x9CFF, 0x9CFF, 0x9CFF, 0x9CFF, 0x9CFF, 0x9CFF, 0x9CFF, 0x9CFF, 0x9CFF, 0x9CFF, 
    0x9CFF, 0x9CFF, 0x9CFF, 0x9CFF, 0x9CFF, 0x9CFF, 0x9CFF, 0x9CFF, 0x9CFF, 0x9CFF, 0x9CFF, 0x9CFF, 
    0x9CFF, 0x9CFF, 0x9CFF, 0x9CFF, 0x9CFF, 0x9CFF, 0x9CFF, 0x9CFF, 0x9CFF, 0x5CFF, 0xDAFE, 0xBAFE, 
    0xBAFE, 0xDAF6, 0x7CFF, 0x9CFF, 0x9CFF, 0x9CFF, 0x9CFF, 0x9CFF, 0x9CFF, 0x3CFF, 0xBAFE, 0x9AFE, 
    0xBAFE, 0xBAFE, 0xBBFE, 0xBAFE, 0x3CFF, 0x9CFF, 0x9CFF, 0x9CFF, 0x9CFF, 0x9CFF, 0x9CFF, 0x7CFF, 
    0xDAF6, 0xBBFE, 0xBAFE, 0xBAF6, 0x3CFF, 0x9CFF, 0x9CFF, 0x9CFF, 0x9CFF, 0x9CFF, 0x9CFF, 0x9CFF, 
    0x9CFF, 0x9CFF, 0x9CFF, 0x9CFF, 0x9CFF, 0x9CFF, 0x9CFF, 0x9CFF, 0x9CFF, 0x9CFF, 0x9CFF, 0x9CFF, 
    0x9CFF, 0x9CFF, 0x9CFF, 0x9CFF, 0x9CFF, 0x9CFF, 0x9CFF, 0x9CFF, 0x9CFF, 0x9CFF, 0x9CFF, 0x9CFF, 
    0x9CFF, 0x9CFF, 0x9CFF, 0x9CFF, 0x9CFF, 0x9CFF, 0x9CFF, 0x9CFF, 0x9CFF, 0x9CFF, 0x9CFF, 0x9CFF, 
    0x9CFF, 0x9CFF, 0x9CFF, 0x9CFF, 0x9CFF, 0x9CFF, 0x9CFF, 0xBDFF, 0xF9EE, 0xB1BC, 0xDCFE, 0x9AFE, 
    0xBAFE, 0xBAFE, 0x9BFE, 0xBAFE, 0xBAFE, 0xBBFE, 0xBAFE, 0xBAFE, 0xBAFE, 0xBAFE, 0xBAFE, 0xBAFE, 
    0xBAFE, 0xBAFE, 0xBAFE, 0xBAFE, 0xBAFE, 0xBAFE, 0xBAFE, 0xBAFE, 0xBAFE, 0xBAFE, 0xBAFE, 0xBAFE, 
    0xBAFE, 0xBAFE, 0xBAFE, 0xBAFE, 0xBAFE, 0xBAFE, 0xBAFE, 0xBAFE, 0xBAFE, 0xBAFE, 0xBAFE, 0xBAFE, 
    0xBBFE, 0xBAFE, 0xBAFE, 0xBBFE, 0x9BFE, 0xDBFE, 0xB7BD, 0xD574, 0xBCAE, 0x1DBF, 0xFDBE, 0x1DBF, 
    0xFDBE, 0xFDBE, 0xFDBE, 0xFDBE, 0xFDBE, 0xFDBE, 0xFDBE, 0xFDBE, 0xFDBE, 0xFDBE, 0xFDBE, 0xFDBE, 
    0xFDBE, 0xFDBE, 0xFDBE, 0xFDBE, 0xFDBE, 0xFDBE, 0xFDBE, 0xFDBE, 
    0xFDBE, 0xFDBE, 0xFDBE, 0xFDBE, 
    0xFDBE, 0xFDBE, 0xFDBE, 0xFDBE, 0xFDBE, 0xFDBE, 0xFDBE, 0xFDBE, 0xFDBE, 0xFDBE, 0xFDBE, 0xFDBE, 
    0xFDBE, 0xFDBE, 0xFDBE, 0xFDBE, 0xFDBE, 0x1EBF, 0x5B9E, 0xD574, 0x59DE, 0xBBFE, 0x9AFE, 0xBAF6, 
    0x9AFE, 0x9BFE, 0xBBFE, 0x9AFE, 0xBAFE, 0xBAFE, 0xBAFE, 0xBAFE, 0xBAFE, 0xBAFE, 0xBAFE, 0xBAFE, 
    0xBAFE, 0xBAFE, 0xBAFE, 0xBAFE, 0xBAFE, 0xBAFE, 0xBAFE, 0xBAFE, 0xBAFE, 0xBAFE, 0xBAFE, 0xBAFE, 
    0xBAFE, 0xBAFE, 0xBAFE, 0xBAFE, 0xBAFE, 0xBAFE, 0xBAFE, 0xBAFE, 0xBAFE, 0xBAFE, 0xBAFE, 0x9BFE, 
    0xBBFE, 0xB9F6, 0xDCFE, 0x13CD, 0x97E6, 0xDDFF, 0x9CFF, 0x9CFF, 0x9CFF, 0x9CFF, 0x9CFF, 0x9CFF, 
    0x9CFF, 0x9CFF, 0x9CFF, 0x9CFF, 0x9CFF, 0x9CFF, 0x9CFF, 0x9CFF, 0x9CFF, 0x9CFF, 0x9CFF, 0x9CFF, 
    0x9CFF, 0x9CFF, 0x9CFF, 0x9CFF, 0x9CFF, 0x9CFF, 0x9CFF, 0x9CFF, 0x9CFF, 0x9CFF, 0x9CFF, 0x9CFF, 
    0x9CFF, 0x9CFF, 0x9CFF, 0x9CFF, 0x9CFF, 0x9CFF, 0x9CFF, 0x9CFF, 0x9CFF, 0x9CFF, 0x9CFF, 0x9CFF, 
    0x9CFF, 0x9CFF, 0x9CFF, 0x9CFF, 0x9CFF, 0x9CFF, 0x9CFF, 0x9CFF, 0x9CFF, 0x9CFF, 0x9CFF, 0x5CFF, 
    0xDAFE, 0xBAFE, 0xBAFE, 0xDAF6, 0x7DFF, 0x9DFF, 0x9CFF, 0x9CFF, 0x9CFF, 0x9CFF, 0x9DFF, 0x5CFF, 
    0xBAFE, 0x9AFE, 0xBAFE, 0xBAFE, 0x9BFE, 0xBAFE, 0x5CFF, 0x9DFF, 0x9CFF, 0x9CFF, 0x9CFF, 0x9CFF, 
    0x9DFF, 0x7DFF, 0xBAF6, 0x9BFE, 0xBAFE, 0xBAF6, 0x3CFF, 0x9CFF, 0x9CFF, 0x9CFF, 0x9CFF, 0x9CFF, 
    0x9CFF, 0x9CFF, 0x9CFF, 0x9CFF, 0x9CFF, 0x9CFF, 0x9CFF, 0x9CFF, 0x9CFF, 0x9CFF, 0x9CFF, 0x9CFF, 
    0x9CFF, 0x9CFF, 0x9CFF, 0x9CFF, 0x9CFF, 0x9CFF, 0x9CFF, 0x9CFF, 0x9CFF, 0x9CFF, 0x9CFF, 0x9CFF, 
    0x9CFF, 0x9CFF, 0x9CFF, 0x9CFF, 0x9CFF, 0x9CFF, 0x9CFF, 0x9CFF, 0x9CFF, 0x9CFF, 0x9CFF, 0x9CFF, 
    0x9CFF, 0x9CFF, 0x9CFF, 0x9CFF, 0x9CFF, 0x9CFF, 0x9CFF, 0x9CFF, 0x9CFF, 0xBDFF, 0xF9EE, 0xB1BC, 
    0xDCFE, 0x9AFE, 0xBAFE, 0xBAFE, 0x9BFE, 0xBAFE, 0xBAFE, 0xBBFE, 0xBAFE, 0xBAFE, 0xBAFE, 0xBAFE, 
    0xBAFE, 0xBAFE, 0xBAFE, 0xBAFE, 0xBAFE, 0xBAFE, 0xBAFE, 0xBAFE, 0xBAFE, 0xBAFE, 0xBAFE, 0xBAFE, 
    0xBAFE, 0xBAFE, 0xBAFE, 0xBAFE, 0xBAFE, 0xBAFE, 0xBAFE, 0xBAFE, 0xBAFE, 0xBAFE, 0xBAFE, 0xBAFE, 
    0xBAFE, 0xBAFE, 0xBBFE, 0xBAFE, 0xBAFE, 0xBBFE, 0x9BFE, 0xDBFE, 0xB7BD, 0xD574, 0xBCAE, 0x1DBF, 
    0xFDBE, 0x1DBF, 0xFDBE, 0xFDBE, 0xFDBE, 0xFDBE, 0xFDBE, 0xFDBE, 0xFDBE, 0xFDBE, 0xFDBE, 0xFDBE, 
    0xFDBE, 0xFDBE, 0xFDBE, 0xFDBE, 0xFDBE, 0xFDBE, 0xFDBE, 0xFDBE, 0xFDBE, 0xFDBE, 
    0xFDBE, 0xFDBE, 
    0xFDBE, 0xFDBE, 0xFDBE, 0xFDBE, 0xFDBE, 0xFDBE, 0xFDBE, 0xFDBE, 0xFDBE, 0xFDBE, 0xFDBE, 0xFDBE, 
    0xFDBE, 0xFDBE, 0xFDBE, 0xFDBE, 0xFDBE, 0xFDBE, 0xFDBE, 0x1EBF, 0x5B9E, 0xD574, 0x59DE, 0xBBFE, 
    0x9AFE, 0xBAF6, 0x9AFE, 0x9BFE, 0xBBFE, 0x9AFE, 0xBAFE, 0xBAFE, 0xBAFE, 0xBAFE, 0xBAFE, 0xBAFE, 
    0xBAFE, 0xBAFE, 0xBAFE, 0xBAFE, 0xBAFE, 0xBAFE, 0xBAFE, 0xBAFE, 0xBAFE, 0xBAFE, 0xBAFE, 0xBAFE, 
    0xBAFE, 0xBAFE, 0xBAFE, 0xBAFE, 0xBAFE, 0xBAFE, 0xBAFE, 0xBAFE, 0xBAFE, 0xBAFE, 0xBAFE, 0xBAFE, 
    0xBAFE, 0x9BFE, 0xBBFE, 0xB9F6, 0xDCFE, 0x13CD, 0x97E6, 0xDDFF, 0x9CFF, 0x9CFF, 0x9CFF, 0x9CFF, 
    0x9CFF, 0x9CFF, 0x9CFF, 0x9CFF, 0x9CFF, 0x9CFF, 0x9CFF, 0x9CFF, 0x9CFF, 0x9CFF, 0x9CFF, 0x9CFF, 
    0x9CFF, 0x9CFF, 0x9CFF, 0x9CFF, 0x9CFF, 0x9CFF, 0x9CFF, 0x9CFF, 0x9CFF, 0x9CFF, 0x9CFF, 0x9CFF, 
    0x9CFF, 0x9CFF, 0x9CFF, 0x9CFF, 0x9CFF, 0x9CFF, 0x9CFF, 0x9CFF, 0x9CFF, 0x9CFF, 0x9CFF, 0x9CFF, 
    0x9CFF, 0x9CFF, 0x9CFF, 0x9CFF, 0x9CFF, 0x9CFF, 0x9CFF, 0x9CFF, 0x9CFF, 0x9CFF, 0x9CFF, 0x9CFF, 
    0x9CFF, 0x5CFF, 0xDAFE, 0xBAFE, 0xBAFE, 0xBAFE, 0x1BFF, 0x3CFF, 0x3BFF, 0x3BFF, 0x3BFF, 0x1BFF, 
    0x3CFF, 0x1BFF, 0xBAFE, 0x9AFE, 0xBAFE, 0xBAFE, 0x9AFE, 0xBAFE, 0x1BFF, 0x3BFF, 0x1BFF, 0x3BFF, 
    0x3BFF, 0x3BFF, 0x3CFF, 0x1CFF, 0xBAFE, 0xBBFE, 0xBAFE, 0xBAF6, 0x3CFF, 0x9CFF, 0x9CFF, 0x9CFF, 
    0x9CFF, 0x9CFF, 0x9CFF, 0x9CFF, 0x9CFF, 0x9CFF, 0x9CFF, 0x9CFF, 0x9CFF, 0x9CFF, 0x9CFF, 0x9CFF, 
    0x9CFF, 0x9CFF, 0x9CFF, 0x9CFF, 0x9CFF, 0x9CFF, 0x9CFF, 0x9CFF, 0x9CFF, 0x9CFF, 0x9CFF, 0x9CFF, 
    0x9CFF, 0x9CFF, 0x9CFF, 0x9CFF, 0x9CFF, 0x9CFF, 0x9CFF, 0x9CFF, 0x9CFF, 0x9CFF, 0x9CFF, 0x9CFF, 
    0x9CFF, 0x9CFF, 0x9CFF, 0x9CFF, 0x9CFF, 0x9CFF, 0x9CFF, 0x9CFF, 0x9CFF, 0x9CFF, 0x9CFF, 0xBDFF, 
    0xF9EE, 0xB1BC, 0xDCFE, 0x9AFE, 0xBAFE, 0xBAFE, 0x9BFE, 0xBAFE, 0xBAFE, 0xBBFE, 0xBAFE, 0xBAFE, 
    0xBAFE, 0xBAFE, 0xBAFE, 0xBAFE, 0xBAFE, 0xBAFE, 0xBAFE, 0xBAFE, 0xBAFE, 0xBAFE, 0xBAFE, 0xBAFE, 
    0xBAFE, 0xBAFE, 0xBAFE, 0xBAFE, 0xBAFE, 0xBAFE, 0xBAFE, 0xBAFE, 0xBAFE, 0xBAFE, 0xBAFE, 0xBAFE, 
    0xBAFE, 0xBAFE, 0xBAFE, 0xBAFE, 0xBBFE, 0xBAFE, 0xBAFE, 0xBBFE, 0x9BFE, 0xDBFE, 0xB7BD, 0xD574, 
    0xBCAE, 0x1DBF, 0xFDBE, 0x1DBF, 0xFDBE, 0xFDBE, 0xFDBE, 0xFDBE, 0xFDBE, 0xFDBE, 0xFDBE, 0xFDBE, 
    0xFDBE, 0xFDBE, 0xFDBE, 0xFDBE, 0xFDBE, 0xFDBE, 0xFDBE, 0xFDBE, 0xFDBE, 0xFDBE, 0xFDBE, 0xFDBE, 
    
    0xFDBE, 0xFDBE, 0xFDBE, 0xFDBE, 0xFDBE, 0xFDBE, 0xFDBE, 0xFDBE, 0xFDBE, 0xFDBE, 0xFDBE, 0xFDBE, 
    0xFDBE, 0xFDBE, 0xFDBE, 0xFDBE, 0xFDBE, 0xFDBE, 0xFDBE, 0xFDBE, 0xFDBE, 0x1EBF, 0x5B9E, 0xD574, 
    0x59DE, 0xBBFE, 0x9AFE, 0xBAF6, 0x9AFE, 0x9BFE, 0xBBFE, 0x9AFE, 0xBAFE, 0xBAFE, 0xBAFE, 0xBAFE, 
    0xBAFE, 0xBAFE, 0xBAFE, 0xBAFE, 0xBAFE, 0xBAFE, 0xBAFE, 0xBAFE, 0xBAFE, 0xBAFE, 0xBAFE, 0xBAFE, 
    0xBAFE, 0xBAFE, 0xBAFE, 0xBAFE, 0xBAFE, 0xBAFE, 0xBAFE, 0xBAFE, 0xBAFE, 0xBAFE, 0xBAFE, 0xBAFE, 
    0xBAFE, 0xBAFE, 0xBAFE, 0x9BFE, 0xBBFE, 0xB9F6, 0xDCFE, 0x13CD, 0x97E6, 0xDDFF, 0x9CFF, 0x9CFF, 
    0x9CFF, 0x9CFF, 0x9CFF, 0x9CFF, 0x9CFF, 0x9CFF, 0x9CFF, 0x9CFF, 0x9CFF, 0x9CFF, 0x9CFF, 0x9CFF, 
    0x9CFF, 0x9CFF, 0x9CFF, 0x9CFF, 0x9CFF, 0x9CFF, 0x9CFF, 0x9CFF, 0x9CFF, 0x9CFF, 0x9CFF, 0x9CFF, 
    0x9CFF, 0x9CFF, 0x9CFF, 0x9CFF, 0x9CFF, 0x9CFF, 0x9CFF, 0x9CFF, 0x9CFF, 0x9CFF, 0x9CFF, 0x9CFF, 
    0x9CFF, 0x9CFF, 0x9CFF, 0x9CFF, 0x9CFF, 0x9CFF, 0x9CFF, 0x9CFF, 0x9CFF, 0x9CFF, 0x9CFF, 0x9CFF, 
    0x9CFF, 0x9CFF, 0x9CFF, 0x5CFF, 0xDAFE, 0xBAFE, 0xBAFE, 0xBAFE, 0xBAFE, 0xBAF6, 0xBAF6, 0xBAF6, 
    0xBAFE, 0xBAFE, 0xBAFE, 0xBAF6, 0xBAFE, 0x9AFE, 0xBAFE, 0xBAFE, 0x9AFE, 0xBAFE, 0xBAF6, 0xBAFE, 
    0xBAFE, 0xBAFE, 0xBAF6, 0xBAF6, 0xBAF6, 0xBAFE, 0xBBFE, 0xBBFE, 0xBAFE, 0xBAF6, 0x3CFF, 0x9CFF, 
    0x9CFF, 0x9CFF, 0x9CFF, 0x9CFF, 0x9CFF, 0x9CFF, 0x9CFF, 0x9CFF, 0x9CFF, 0x9CFF, 0x9CFF, 0x9CFF, 
    0x9CFF, 0x9CFF, 0x9CFF, 0x9CFF, 0x9CFF, 0x9CFF, 0x9CFF, 0x9CFF, 0x9CFF, 0x9CFF, 0x9CFF, 0x9CFF, 
    0x9CFF, 0x9CFF, 0x9CFF, 0x9CFF, 0x9CFF, 0x9CFF, 0x9CFF, 0x9CFF, 0x9CFF, 0x9CFF, 0x9CFF, 0x9CFF, 
    0x9CFF, 0x9CFF, 0x9CFF, 0x9CFF, 0x9CFF, 0x9CFF, 0x9CFF, 0x9CFF, 0x9CFF, 0x9CFF, 0x9CFF, 0x9CFF, 
    0x9CFF, 0xBDFF, 0xF9EE, 0xB1BC, 0xDCFE, 0x9AFE, 0xBAFE, 0xBAFE, 0x9BFE, 0xBAFE, 0xBAFE, 0xBBFE, 
    0xBAFE, 0xBAFE, 0xBAFE, 0xBAFE, 0xBAFE, 0xBAFE, 0xBAFE, 0xBAFE, 0xBAFE, 0xBAFE, 0xBAFE, 0xBAFE, 
    0xBAFE, 0xBAFE, 0xBAFE, 0xBAFE, 0xBAFE, 0xBAFE, 0xBAFE, 0xBAFE, 0xBAFE, 0xBAFE, 0xBAFE, 0xBAFE, 
    0xBAFE, 0xBAFE, 0xBAFE, 0xBAFE, 0xBAFE, 0xBAFE, 0xBBFE, 0xBAFE, 0xBAFE, 0xBBFE, 0x9BFE, 0xDBFE, 
    0xB7BD, 0xD574, 0xBCAE, 0x1DBF, 0xFDBE, 0x1DBF, 0xFDBE, 0xFDBE, 0xFDBE, 0xFDBE, 0xFDBE, 0xFDBE, 
    0xFDBE, 0xFDBE, 0xFDBE, 0xFDBE, 0xFDBE, 0xFDBE, 0xFDBE, 0xFDBE, 0xFDBE, 0xFDBE, 0xFDBE, 0xFDBE, 
    0xFDBE, 0xFDBE, 
    0xFDBE, 0xFDBE, 0xFDBE, 0xFDBE, 0xFDBE, 0xFDBE, 0xFDBE, 0xFDBE, 0xFDBE, 0xFDBE, 
    0xFDBE, 0xFDBE, 0xFDBE, 0xFDBE, 0xFDBE, 0xFDBE, 0xFDBE, 0xFDBE, 0xFDBE, 0xFDBE, 0xFDBE, 0x1EBF, 
    0x5BA6, 0xD574, 0x59DE, 0xBBFE, 0x9AFE, 0xBAF6, 0x9AFE, 0x9BFE, 0xBBFE, 0x9AFE, 0xBAFE, 0xBAFE, 
    0xBAFE, 0xBAFE, 0xBAFE, 0xBAFE, 0xBAFE, 0xBAFE, 0xBAFE, 0xBAFE, 0xBAFE, 0xBAFE, 0xBAFE, 0xBAFE, 
    0xBAFE, 0xBAFE, 0xBAFE, 0xBAFE, 0xBAFE, 0xBAFE, 0xBAFE, 0xBAFE, 0xBAFE, 0xBAFE, 0xBAFE, 0xBAFE, 
    0xBAFE, 0xBAFE, 0xBAFE, 0xBAFE, 0xBAFE, 0x9BFE, 0xBBFE, 0xB9F6, 0xDCFE, 0x13CD, 0x97E6, 0xDDFF, 
    0x9CFF, 0x9CFF, 0x9CFF, 0x9CFF, 0x9CFF, 0x9CFF, 0x9CFF, 0x9CFF, 0x9CFF, 0x9CFF, 0x9CFF, 0x9CFF, 
    0x9CFF, 0x9CFF, 0x9CFF, 0x9CFF, 0x9CFF, 0x9CFF, 0x9CFF, 0x9CFF, 0x9CFF, 0x9CFF, 0x9CFF, 0x9CFF, 
    0x9CFF, 0x9CFF, 0x9CFF, 0x9CFF, 0x9CFF, 0x9CFF, 0x9CFF, 0x9CFF, 0x9CFF, 0x9CFF, 0x9CFF, 0x9CFF, 
    0x9CFF, 0x9CFF, 0x9CFF, 0x9CFF, 0x9CFF, 0x9CFF, 0x9CFF, 0x9CFF, 0x9CFF, 0x9CFF, 0x9CFF, 0x9CFF, 
    0x9CFF, 0x9CFF, 0x9CFF, 0x9CFF, 0x9CFF, 0x5CFF, 0xDAFE, 0xBAFE, 0xBAFE, 0xBAFE, 0xBAFE, 0xBBFE, 
    0xBBFE, 0xBBFE, 0xBBFE, 0xBBFE, 0xBBFE, 0xBAFE, 0xBAFE, 0xBAFE, 0xBAFE, 0xBAFE, 0xBAFE, 0xBAFE, 
    0xBAFE, 0xBBFE, 0xBBFE, 0xBBFE, 0xBBFE, 0xBBFE, 0xBBFE, 0xBAFE, 0xBBFE, 0x9BFE, 0xBAFE, 0xBAFE, 
    0x3CFF, 0x9CFF, 0x9CFF, 0x9CFF, 0x9CFF, 0x9CFF, 0x9CFF, 0x9CFF, 0x9CFF, 0x9CFF, 0x9CFF, 0x9CFF, 
    0x9CFF, 0x9CFF, 0x9CFF, 0x9CFF, 0x9CFF, 0x9CFF, 0x9CFF, 0x9CFF, 0x9CFF, 0x9CFF, 0x9CFF, 0x9CFF, 
    0x9CFF, 0x9CFF, 0x9CFF, 0x9CFF, 0x9CFF, 0x9CFF, 0x9CFF, 0x9CFF, 0x9CFF, 0x9CFF, 0x9CFF, 0x9CFF, 
    0x9CFF, 0x9CFF, 0x9CFF, 0x9CFF, 0x9CFF, 0x9CFF, 0x9CFF, 0x9CFF, 0x9CFF, 0x9CFF, 0x9CFF, 0x9CFF, 
    0x9CFF, 0x9CFF, 0x9CFF, 0xBDFF, 0xF9EE, 0xB1BC, 0xDCFE, 0x9AFE, 0xBAFE, 0xBAFE, 0x9BFE, 0xBAFE, 
    0xBAFE, 0xBBFE, 0xBAFE, 0xBAFE, 0xBAFE, 0xBAFE, 0xBAFE, 0xBAFE, 0xBAFE, 0xBAFE, 0xBAFE, 0xBAFE, 
    0xBAFE, 0xBAFE, 0xBAFE, 0xBAFE, 0xBAFE, 0xBAFE, 0xBAFE, 0xBAFE, 0xBAFE, 0xBAFE, 0xBAFE, 0xBAFE, 
    0xBAFE, 0xBAFE, 0xBAFE, 0xBAFE, 0xBAFE, 0xBAFE, 0xBAFE, 0xBAFE, 0xBBFE, 0xBAFE, 0xBAFE, 0xBBFE, 
    0x9BFE, 0xDBFE, 0xB7BD, 0xD574, 0xBCAE, 0x1DBF, 0xFDBE, 0x1DBF, 0xFDBE, 0xFDBE, 0xFDBE, 0xFDBE, 
    0xFDBE, 0xFDBE, 0xFDBE, 0xFDBE, 0xFDBE, 0xFDBE, 0xFDBE, 0xFDBE, 0xFDBE, 0xFDBE, 0xFDBE, 0xFDBE, 
    0xFDBE, 0xFDBE, 0xFDBE, 0xFDBE, 
    0xFDBE, 0xFDBE, 0xFDBE, 0xFDBE, 0xFDBE, 0xFDBE, 0xFDBE, 0xFDBE, 
    0xFDBE, 0xFDBE, 0xFDBE, 0xFDBE, 0xFDBE, 0xFDBE, 0xFDBE, 0xFDBE, 0xFDBE, 0xFDBE, 0xFDBE, 0xFDBE, 
    0xFDBE, 0x1EBF, 0x5BA6, 0xD574, 0x59DE, 0xBBFE, 0x9AFE, 0xBAF6, 0x9AFE, 0x9BFE, 0xBBFE, 0x9AFE, 
    0xBAFE, 0xBAFE, 0xBAFE, 0xBAFE, 0xBAFE, 0xBAFE, 0xBAFE, 0xBAFE, 0xBAFE, 0xBAFE, 0xBAFE, 0xBAFE, 
    0xBAFE, 0xBAFE, 0xBAFE, 0xBAFE, 0xBAFE, 0xBAFE, 0xBAFE, 0xBAFE, 0xBAFE, 0xBAFE, 0xBAFE, 0xBAFE, 
    0xBAFE, 0xBAFE, 0xBAFE, 0xBAFE, 0xBAFE, 0xBAFE, 0xBAFE, 0x9BFE, 0xBBFE, 0xB9F6, 0xDCFE, 0x13CD, 
    0x97E6, 0xDDFF, 0x9CFF, 0x9CFF, 0x9CFF, 0x9CFF, 0x9CFF, 0x9CFF, 0x9CFF, 0x9CFF, 0x9CFF, 0x9CFF, 
    0x9CFF, 0x9CFF, 0x9CFF, 0x9CFF, 0x9CFF, 0x9CFF, 0x9CFF, 0x9CFF, 0x9CFF, 0x9CFF, 0x9CFF, 0x9CFF, 
    0x9CFF, 0x9CFF, 0x9CFF, 0x9CFF, 0x9CFF, 0x9CFF, 0x9CFF, 0x9CFF, 0x9CFF, 0x9CFF, 0x9CFF, 0x9CFF, 
    0x9CFF, 0x9CFF, 0x9CFF, 0x9CFF, 0x9CFF, 0x9CFF, 0x9CFF, 0x9CFF, 0x9CFF, 0x9CFF, 0x9CFF, 0x9CFF, 
    0x9CFF, 0x9CFF, 0x9CFF, 0x9CFF, 0x9CFF, 0x9CFF, 0x9CFF, 0x5CFF, 0xDAFE, 0xBAFE, 0xBAFE, 0xBAFE, 
    0xBAFE, 0xBAFE, 0xBAFE, 0xBAFE, 0xBAFE, 0xBAFE, 0xBAFE, 0xBAFE, 0xBAFE, 0xBAFE, 0xBAFE, 0xBAFE, 
    0xBAFE, 0xBAFE, 0xBAFE, 0xBAFE, 0xBAFE, 0xBAFE, 0xBAFE, 0xBAFE, 0xBAFE, 0xBAFE, 0xBBFE, 0x9BFE, 
    0xBAFE, 0xBAFE, 0x3CFF, 0x9CFF, 0x9CFF, 0x9CFF, 0x9CFF, 0x9CFF, 0x9CFF, 0x9CFF, 0x9CFF, 0x9CFF, 
    0x9CFF, 0x9CFF, 0x9CFF, 0x9CFF, 0x9CFF, 0x9CFF, 0x9CFF, 0x9CFF, 0x9CFF, 0x9CFF, 0x9CFF, 0x9CFF, 
    0x9CFF, 0x9CFF, 0x9CFF, 0x9CFF, 0x9CFF, 0x9CFF, 0x9CFF, 0x9CFF, 0x9CFF, 0x9CFF, 0x9CFF, 0x9CFF, 
    0x9CFF, 0x9CFF, 0x9CFF, 0x9CFF, 0x9CFF, 0x9CFF, 0x9CFF, 0x9CFF, 0x9CFF, 0x9CFF, 0x9CFF, 0x9CFF, 
    0x9CFF, 0x9CFF, 0x9CFF, 0x9CFF, 0x9CFF, 0xBDFF, 0xF9EE, 0xB1BC, 0xDCFE, 0x9AFE, 0xBAFE, 0xBAFE, 
    0x9BFE, 0xBAFE, 0xBAFE, 0xBBFE, 0xBAFE, 0xBAFE, 0xBAFE, 0xBAFE, 0xBAFE, 0xBAFE, 0xBAFE, 0xBAFE, 
    0xBAFE, 0xBAFE, 0xBAFE, 0xBAFE, 0xBAFE, 0xBAFE, 0xBAFE, 0xBAFE, 0xBAFE, 0xBAFE, 0xBAFE, 0xBAFE, 
    0xBAFE, 0xBAFE, 0xBAFE, 0xBAFE, 0xBAFE, 0xBAFE, 0xBAFE, 0xBAFE, 0xBAFE, 0xBAFE, 0xBBFE, 0xBAFE, 
    0xBAFE, 0xBBFE, 0x9BFE, 0xDBFE, 0xB7BD, 0xD574, 0xBCAE, 0x1DBF, 0xFDBE, 0x1DBF, 0xFDBE, 0xFDBE, 
    0xFDBE, 0xFDBE, 0xFDBE, 0xFDBE, 0xFDBE, 0xFDBE, 0xFDBE, 0xFDBE, 0xFDBE, 0xFDBE, 0xFDBE, 0xFDBE, 
    0xFDBE, 0xFDBE, 0xFDBE, 0xFDBE, 0xFDBE, 0xFDBE, 
    0xFDBE, 0xFDBE, 0xFDBE, 0xFDBE, 0xFDBE, 0xFDBE, 
    0xFDBE, 0xFDBE, 0xFDBE, 0xFDBE, 0xFDBE, 0xFDBE, 0xFDBE, 0xFDBE, 0xFDBE, 0xFDBE, 0xFDBE, 0xFDBE, 
    0xFDBE, 0xFDBE, 0xFDBE, 0x1EBF, 0x5BA6, 0xD574, 0x59DE, 0xBBFE, 0x9AFE, 0xBAF6, 0x9AFE, 0x9BFE, 
    0xBBFE, 0x9AFE, 0xBAFE, 0xBAFE, 0xBAFE, 0xBAFE, 0xBAFE, 0xBAFE, 0xBAFE, 0xBAFE, 0xBAFE, 0xBAFE, 
    0xBAFE, 0xBAFE, 0xBAFE, 0xBAFE, 0xBAFE, 0xBAFE, 0xBAFE, 0xBAFE, 0xBAFE, 0xBAFE, 0xBAFE, 0xBAFE, 
    0xBAFE, 0xBAFE, 0xBAFE, 0xBAFE, 0xBAFE, 0xBAFE, 0xBAFE, 0xBAFE, 0xBAFE, 0x9BFE, 0xBBFE, 0xB9F6, 
    0xDCFE, 0x13CD, 0x97E6, 0xDDFF, 0x9CFF, 0x9CFF, 0x9CFF, 0x9CFF, 0x9CFF, 0x9CFF, 0x9CFF, 0x9CFF, 
    0x9CFF, 0x9CFF, 0x9CFF, 0x9CFF, 0x9CFF, 0x9CFF, 0x9CFF, 0x9CFF, 0x9CFF, 0x9CFF, 0x9CFF, 0x9CFF, 
    0x9CFF, 0x9CFF, 0x9CFF, 0x9CFF, 0x9CFF, 0x9CFF, 0x9CFF, 0x9CFF, 0x9CFF, 0x9CFF, 0x9CFF, 0x9CFF, 
    0x9CFF, 0x9CFF, 0x9CFF, 0x9CFF, 0x9CFF, 0x9CFF, 0x9CFF, 0x9CFF, 0x9CFF, 0x9CFF, 0x9CFF, 0x9CFF, 
    0x9CFF, 0x9CFF, 0x9CFF, 0x9CFF, 0x9CFF, 0x9CFF, 0x9CFF, 0x9CFF, 0x9CFF, 0x5CFF, 0xDAFE, 0xBAFE, 
    0xBAFE, 0xBAFE, 0xBAFE, 0xBAFE, 0xBAFE, 0xBAFE, 0xBAFE, 0xBAFE, 0xBAFE, 0xBAFE, 0xBAFE, 0xBAFE, 
    0xBAFE, 0xBAFE, 0xBAFE, 0xBAFE, 0xBAFE, 0xBAFE, 0xBAFE, 0xBAFE, 0xBAFE, 0xBAFE, 0xBAFE, 0xBAFE, 
    0xBBFE, 0x9BFE, 0xBAFE, 0xBAFE, 0x3CFF, 0x9CFF, 0x9CFF, 0x9CFF, 0x9CFF, 0x9CFF, 0x9CFF, 0x9CFF, 
    0x9CFF, 0x9CFF, 0x9CFF, 0x9CFF, 0x9CFF, 0x9CFF, 0x9CFF, 0x9CFF, 0x9CFF, 0x9CFF, 0x9CFF, 0x9CFF, 
    0x9CFF, 0x9CFF, 0x9CFF, 0x9CFF, 0x9CFF, 0x9CFF, 0x9CFF, 0x9CFF, 0x9CFF, 0x9CFF, 0x9CFF, 0x9CFF, 
    0x9CFF, 0x9CFF, 0x9CFF, 0x9CFF, 0x9CFF, 0x9CFF, 0x9CFF, 0x9CFF, 0x9CFF, 0x9CFF, 0x9CFF, 0x9CFF, 
    0x9CFF, 0x9CFF, 0x9CFF, 0x9CFF, 0x9CFF, 0x9CFF, 0x9CFF, 0xBDFF, 0xF9EE, 0xB1BC, 0xDCFE, 0x9AFE, 
    0xBAFE, 0xBAFE, 0x9BFE, 0xBAFE, 0xBAFE, 0xBBFE, 0xBAFE, 0xBAFE, 0xBAFE, 0xBAFE, 0xBAFE, 0xBAFE, 
    0xBAFE, 0xBAFE, 0xBAFE, 0xBAFE, 0xBAFE, 0xBAFE, 0xBAFE, 0xBAFE, 0xBAFE, 0xBAFE, 0xBAFE, 0xBAFE, 
    0xBAFE, 0xBAFE, 0xBAFE, 0xBAFE, 0xBAFE, 0xBAFE, 0xBAFE, 0xBAFE, 0xBAFE, 0xBAFE, 0xBAFE, 0xBAFE, 
    0xBBFE, 0xBAFE, 0xBAFE, 0xBBFE, 0x9BFE, 0xDBFE, 0xB7BD, 0xD574, 0xBCAE, 0x1DBF, 0xFDBE, 0x1DBF, 
    0xFDBE, 0xFDBE, 0xFDBE, 0xFDBE, 0xFDBE, 0xFDBE, 0xFDBE, 0xFDBE, 0xFDBE, 0xFDBE, 0xFDBE, 0xFDBE, 
    0xFDBE, 0xFDBE, 0xFDBE, 0xFDBE, 0xFDBE, 0xFDBE, 0xFDBE, 0xFDBE, 
    0xFDBE, 0xFDBE, 0xFDBE, 0xFDBE, 
    0xFDBE, 0xFDBE, 0xFDBE, 0xFDBE, 0xFDBE, 0xFDBE, 0xFDBE, 0xFDBE, 0xFDBE, 0xFDBE, 0xFDBE, 0xFDBE, 
    0xFDBE, 0xFDBE, 0xFDBE, 0xFDBE, 0xFDBE, 0x1EBF, 0x5BA6, 0xD574, 0x59DE, 0xBBFE, 0x9AFE, 0xBAF6, 
    0x9AFE, 0x9BFE, 0xBBFE, 0x9AFE, 0xBAFE, 0xBAFE, 0xBAFE, 0xBAFE, 0xBAFE, 0xBAFE, 0xBAFE, 0xBAFE, 
    0xBAFE, 0xBAFE, 0xBAFE, 0xBAFE, 0xBAFE, 0xBAFE, 0xBAFE, 0xBAFE, 0xBAFE, 0xBAFE, 0xBAFE, 0xBAFE, 
    0xBAFE, 0xBAFE, 0xBAFE, 0xBAFE, 0xBAFE, 0xBAFE, 0xBAFE, 0xBAFE, 0xBAFE, 0xBAFE, 0xBAFE, 0x9BFE, 
    0xBBFE, 0xB9F6, 0xDCFE, 0x13CD, 0x97E6, 0xDDFF, 0x9CFF, 0x9CFF, 0x9CFF, 0x9CFF, 0x9CFF, 0x9CFF, 
    0x9CFF, 0x9CFF, 0x9CFF, 0x9CFF, 0x9CFF, 0x9CFF, 0x9CFF, 0x9CFF, 0x9CFF, 0x9CFF, 0x9CFF, 0x9CFF, 
    0x9CFF, 0x9CFF, 0x9CFF, 0x9CFF, 0x9CFF, 0x9CFF, 0x9CFF, 0x9CFF, 0x9CFF, 0x9CFF, 0x9CFF, 0x9CFF, 
    0x9CFF, 0x9CFF, 0x9CFF, 0x9CFF, 0x9CFF, 0x9CFF, 0x9CFF, 0x9CFF, 0x9CFF, 0x9CFF, 0x9CFF, 0x9CFF, 
    0x9CFF, 0x9CFF, 0x9CFF, 0x9CFF, 0x9CFF, 0x9CFF, 0x9CFF, 0x9CFF, 0x9CFF, 0x9CFF, 0x9CFF, 0x5CFF, 
    0xDAFE, 0xBAFE, 0xBAFE, 0xBAFE, 0xBAFE, 0xBAFE, 0xBAFE, 0xBAFE, 0xBAFE, 0xBAFE, 0xBAFE, 0xBAFE, 
    0xBAFE, 0xBAFE, 0xBAFE, 0xBAFE, 0xBAFE, 0xBAFE, 0xBAFE, 0xBAFE, 0xBAFE, 0xBAFE, 0xBAFE, 0xBAFE, 
    0xBAFE, 0xBAFE, 0xBBFE, 0x9BFE, 0xBAFE, 0xBAFE, 0x3CFF, 0x9CFF, 0x9CFF, 0x9CFF, 0x9CFF, 0x9CFF, 
    0x9CFF, 0x9CFF, 0x9CFF, 0x9CFF, 0x9CFF, 0x9CFF, 0x9CFF, 0x9CFF, 0x9CFF, 0x9CFF, 0x9CFF, 0x9CFF, 
    0x9CFF, 0x9CFF, 0x9CFF, 0x9CFF, 0x9CFF, 0x9CFF, 0x9CFF, 0x9CFF, 0x9CFF, 0x9CFF, 0x9CFF, 0x9CFF, 
    0x9CFF, 0x9CFF, 0x9CFF, 0x9CFF, 0x9CFF, 0x9CFF, 0x9CFF, 0x9CFF, 0x9CFF, 0x9CFF, 0x9CFF, 0x9CFF, 
    0x9CFF, 0x9CFF, 0x9CFF, 0x9CFF, 0x9CFF, 0x9CFF, 0x9CFF, 0x9CFF, 0x9CFF, 0xBDFF, 0xF9EE, 0xB1BC, 
    0xDCFE, 0x9AFE, 0xBAFE, 0xBAFE, 0x9BFE, 0xBAFE, 0xBAFE, 0xBBFE, 0xBAFE, 0xBAFE, 0xBAFE, 0xBAFE, 
    0xBAFE, 0xBAFE, 0xBAFE, 0xBAFE, 0xBAFE, 0xBAFE, 0xBAFE, 0xBAFE, 0xBAFE, 0xBAFE, 0xBAFE, 0xBAFE, 
    0xBAFE, 0xBAFE, 0xBAFE, 0xBAFE, 0xBAFE, 0xBAFE, 0xBAFE, 0xBAFE, 0xBAFE, 0xBAFE, 0xBAFE, 0xBAFE, 
    0xBAFE, 0xBAFE, 0xBBFE, 0xBAFE, 0xBAFE, 0xBBFE, 0x9BFE, 0xDBFE, 0xB7BD, 0xD574, 0xBCAE, 0x1DBF, 
    0xFDBE, 0x1DBF, 0xFDBE, 0xFDBE, 0xFDBE, 0xFDBE, 0xFDBE, 0xFDBE, 0xFDBE, 0xFDBE, 0xFDBE, 0xFDBE, 
    0xFDBE, 0xFDBE, 0xFDBE, 0xFDBE, 0xFDBE, 0xFDBE, 0xFDBE, 0xFDBE, 0xFDBE, 0xFDBE, 
    0xFDBE, 0xFDBE, 
    0xFDBE, 0xFDBE, 0xFDBE, 0xFDBE, 0xFDBE, 0xFDBE, 0xFDBE, 0xFDBE, 0xFDBE, 0xFDBE, 0xFDBE, 0xFDBE, 
    0xFDBE, 0xFDBE, 0xFDBE, 0xFDBE, 0xFDBE, 0xFDBE, 0xFDBE, 0x1EBF, 0x5BA6, 0xD574, 0x59DE, 0xBBFE, 
    0x9AFE, 0xBAF6, 0x9AFE, 0x9BFE, 0xBBFE, 0x9AFE, 0xBAFE, 0xBAFE, 0xBAFE, 0xBAFE, 0xBAFE, 0xBAFE, 
    0xBAFE, 0xBAFE, 0xBAFE, 0xBAFE, 0xBAFE, 0xBAFE, 0xBAFE, 0xBAFE, 0xBAFE, 0xBAFE, 0xBAFE, 0xBAFE, 
    0xBAFE, 0xBAFE, 0xBAFE, 0xBAFE, 0xBAFE, 0xBAFE, 0xBAFE, 0xBAFE, 0xBAFE, 0xBAFE, 0xBAFE, 0xBAFE, 
    0xBAFE, 0x9BFE, 0xBBFE, 0xB9F6, 0xDCFE, 0x13CD, 0x97E6, 0xDDFF, 0x9CFF, 0x9CFF, 0x9CFF, 0x9CFF, 
    0x9CFF, 0x9CFF, 0x9CFF, 0x9CFF, 0x9CFF, 0x9CFF, 0x9CFF, 0x9CFF, 0x9CFF, 0x9CFF, 0x9CFF, 0x9CFF, 
    0x9CFF, 0x9CFF, 0x9CFF, 0x9CFF, 0x9CFF, 0x9CFF, 0x9CFF, 0x9CFF, 0x9CFF, 0x9CFF, 0x9CFF, 0x9CFF, 
    0x9CFF, 0x9CFF, 0x9CFF, 0x9CFF, 0x9CFF, 0x9CFF, 0x9CFF, 0x9CFF, 0x9CFF, 0x9CFF, 0x9CFF, 0x9CFF, 
    0x9CFF, 0x9CFF, 0x9CFF, 0x9CFF, 0x9CFF, 0x9CFF, 0x9CFF, 0x9CFF, 0x9CFF, 0x9CFF, 0x9CFF, 0x9CFF, 
    0x9CFF, 0x5CFF, 0xDAFE, 0xBAFE, 0xBAFE, 0xBAFE, 0xBAFE, 0xBAFE, 0xBAFE, 0xBAFE, 0xBAFE, 0xBAFE, 
    0xBAFE, 0xBAFE, 0xBAFE, 0xBAFE, 0xBAFE, 0xBAFE, 0xBAFE, 0xBAFE, 0xBAFE, 0xBAFE, 0xBAFE, 0xBAFE, 
    0xBAFE, 0xBAFE, 0xBAFE, 0xBAFE, 0xBBFE, 0x9BFE, 0xBAFE, 0xBAFE, 0x3CFF, 0x9CFF, 0x9CFF, 0x9CFF, 
    0x9CFF, 0x9CFF, 0x9CFF, 0x9CFF, 0x9CFF, 0x9CFF, 0x9CFF, 0x9CFF, 0x9CFF, 0x9CFF, 0x9CFF, 0x9CFF, 
    0x9CFF, 0x9CFF, 0x9CFF, 0x9CFF, 0x9CFF, 0x9CFF, 0x9CFF, 0x9CFF, 0x9CFF, 0x9CFF, 0x9CFF, 0x9CFF, 
    0x9CFF, 0x9CFF, 0x9CFF, 0x9CFF, 0x9CFF, 0x9CFF, 0x9CFF, 0x9CFF, 0x9CFF, 0x9CFF, 0x9CFF, 0x9CFF, 
    0x9CFF, 0x9CFF, 0x9CFF, 0x9CFF, 0x9CFF, 0x9CFF, 0x9CFF, 0x9CFF, 0x9CFF, 0x9CFF, 0x9CFF, 0xBDFF, 
    0xF9EE, 0xB1BC, 0xDCFE, 0x9AFE, 0xBAFE, 0xBAFE, 0x9BFE, 0xBAFE, 0xBAFE, 0xBBFE, 0xBAFE, 0xBAFE, 
    0xBAFE, 0xBAFE, 0xBAFE, 0xBAFE, 0xBAFE, 0xBAFE, 0xBAFE, 0xBAFE, 0xBAFE, 0xBAFE, 0xBAFE, 0xBAFE, 
    0xBAFE, 0xBAFE, 0xBAFE, 0xBAFE, 0xBAFE, 0xBAFE, 0xBAFE, 0xBAFE, 0xBAFE, 0xBAFE, 0xBAFE, 0xBAFE, 
    0xBAFE, 0xBAFE, 0xBAFE, 0xBAFE, 0xBBFE, 0xBAFE, 0xBAFE, 0xBBFE, 0x9BFE, 0xDBFE, 0xB7BD, 0xD574, 
    0xBCAE, 0x1DBF, 0xFDBE, 0x1DBF, 0xFDBE, 0xFDBE, 0xFDBE, 0xFDBE, 0xFDBE, 0xFDBE, 0xFDBE, 0xFDBE, 
    0xFDBE, 0xFDBE, 0xFDBE, 0xFDBE, 0xFDBE, 0xFDBE, 0xFDBE, 0xFDBE, 0xFDBE, 0xFDBE, 0xFDBE, 0xFDBE, 
    
    0xFDBE, 0xFDBE, 0xFDBE, 0xFDBE, 0xFDBE, 0xFDBE, 0xFDBE, 0xFDBE, 0xFDBE, 0xFDBE, 0xFDBE, 0xFDBE, 
    0xFDBE, 0xFDBE, 0xFDBE, 0xFDBE, 0xFDBE, 0xFDBE, 0xFDBE, 0xFDBE, 0xFDBE, 0x1EBF, 0x5BA6, 0xD574, 
    0x59DE, 0xBBFE, 0x9AFE, 0xBAF6, 0x9AFE, 0x9BFE, 0xBBFE, 0x9AFE, 0xBAFE, 0xBAFE, 0xBAFE, 0xBAFE, 
    0xBAFE, 0xBAFE, 0xBAFE, 0xBAFE, 0xBAFE, 0xBAFE, 0xBAFE, 0xBAFE, 0xBAFE, 0xBAFE, 0xBAFE, 0xBAFE, 
    0xBAFE, 0xBAFE, 0xBAFE, 0xBAFE, 0xBAFE, 0xBAFE, 0xBAFE, 0xBAFE, 0xBAFE, 0xBAFE, 0xBAFE, 0xBAFE, 
    0xBAFE, 0xBAFE, 0xBAFE, 0x9BFE, 0xBBFE, 0xB9F6, 0xDCFE, 0x13CD, 0x97E6, 0xDDFF, 0x9CFF, 0x9CFF, 
    0x9CFF, 0x9CFF, 0x9CFF, 0x9CFF, 0x9CFF, 0x9CFF, 0x9CFF, 0x9CFF, 0x9CFF, 0x9CFF, 0x9CFF, 0x9CFF, 
    0x9CFF, 0x9CFF, 0x9CFF, 0x9CFF, 0x9CFF, 0x9CFF, 0x9CFF, 0x9CFF, 0x9CFF, 0x9CFF, 0x9CFF, 0x9CFF, 
    0x9CFF, 0x9CFF, 0x9CFF, 0x9CFF, 0x9CFF, 0x9CFF, 0x9CFF, 0x9CFF, 0x9CFF, 0x9CFF, 0x9CFF, 0x9CFF, 
    0x9CFF, 0x9CFF, 0x9CFF, 0x9CFF, 0x9CFF, 0x9CFF, 0x9CFF, 0x9CFF, 0x9CFF, 0x9CFF, 0x9CFF, 0x9CFF, 
    0x9CFF, 0x9CFF, 0x9CFF, 0x5CFF, 0xDAFE, 0xBAFE, 0xBAFE, 0xBAFE, 0xBAFE, 0xBAFE, 0xBAFE, 0xBAFE, 
    0xBAFE, 0xBAFE, 0xBAFE, 0xBAFE, 0xBAFE, 0xBAFE, 0xBAFE, 0xBAFE, 0xBAFE, 0xBAFE, 0xBAFE, 0xBAFE, 
    0xBAFE, 0xBAFE, 0xBAFE, 0xBAFE, 0xBAFE, 0xBAFE, 0xBBFE, 0x9BFE, 0xBAFE, 0xBAFE, 0x3CFF, 0x9CFF, 
    0x9CFF, 0x9CFF, 0x9CFF, 0x9CFF, 0x9CFF, 0x9CFF, 0x9CFF, 0x9CFF, 0x9CFF, 0x9CFF, 0x9CFF, 0x9CFF, 
    0x9CFF, 0x9CFF, 0x9CFF, 0x9CFF, 0x9CFF, 0x9CFF, 0x9CFF, 0x9CFF, 0x9CFF, 0x9CFF, 0x9CFF, 0x9CFF, 
    0x9CFF, 0x9CFF, 0x9CFF, 0x9CFF, 0x9CFF, 0x9CFF, 0x9CFF, 0x9CFF, 0x9CFF, 0x9CFF, 0x9CFF, 0x9CFF, 
    0x9CFF, 0x9CFF, 0x9CFF, 0x9CFF, 0x9CFF, 0x9CFF, 0x9CFF, 0x9CFF, 0x9CFF, 0x9CFF, 0x9CFF, 0x9CFF, 
    0x9CFF, 0xBDFF, 0xF9EE, 0xB1BC, 0xDCFE, 0x9AFE, 0xBAFE, 0xBAFE, 0x9BFE, 0xBAFE, 0xBAFE, 0xBBFE, 
    0xBAFE, 0xBAFE, 0xBAFE, 0xBAFE, 0xBAFE, 0xBAFE, 0xBAFE, 0xBAFE, 0xBAFE, 0xBAFE, 0xBAFE, 0xBAFE, 
    0xBAFE, 0xBAFE, 0xBAFE, 0xBAFE, 0xBAFE, 0xBAFE, 0xBAFE, 0xBAFE, 0xBAFE, 0xBAFE, 0xBAFE, 0xBAFE, 
    0xBAFE, 0xBAFE, 0xBAFE, 0xBAFE, 0xBAFE, 0xBAFE, 0xBBFE, 0xBAFE, 0xBAFE, 0xBBFE, 0x9BFE, 0xDBFE, 
    0xB7BD, 0xD574, 0xBCAE, 0x1DBF, 0xFDBE, 0x1DBF, 0xFDBE, 0xFDBE, 0xFDBE, 0xFDBE, 0xFDBE, 0xFDBE, 
    0xFDBE, 0xFDBE, 0xFDBE, 0xFDBE, 0xFDBE, 0xFDBE, 0xFDBE, 0xFDBE, 0xFDBE, 0xFDBE, 0xFDBE, 0xFDBE, 
    0xFDBE, 0xFDBE, 
    0xFDBE, 0xFDBE, 0xFDBE, 0xFDBE, 0xFDBE, 0xFDBE, 0xFDBE, 0xFDBE, 0xFDBE, 0xFDBE, 
    0xFDBE, 0xFDBE, 0xFDBE, 0xFDBE, 0xFDBE, 0xFDBE, 0xFDBE, 0xFDBE, 0xFDBE, 0xFDBE, 0xFDBE, 0x1EBF, 
    0x5BA6, 0xD574, 0x59DE, 0xBBFE, 0x9AFE, 0xBAF6, 0x9AFE, 0x9BFE, 0xBBFE, 0x9AFE, 0xBAFE, 0xBAFE, 
    0xBAFE, 0xBAFE, 0xBAFE, 0xBAFE, 0xBAFE, 0xBAFE, 0xBAFE, 0xBAFE, 0xBAFE, 0xBAFE, 0xBAFE, 0xBAFE, 
    0xBAFE, 0xBAFE, 0xBAFE, 0xBAFE, 0xBAFE, 0xBAFE, 0xBAFE, 0xBAFE, 0xBAFE, 0xBAFE, 0xBAFE, 0xBAFE, 
    0xBAFE, 0xBAFE, 0xBAFE, 0xBAFE, 0xBAFE, 0x9BFE, 0xBBFE, 0xB9F6, 0xDCFE, 0x13CD, 0x97E6, 0xDDFF, 
    0x9CFF, 0x9CFF, 0x9CFF, 0x9CFF, 0x9CFF, 0x9CFF, 0x9CFF, 0x9CFF, 0x9CFF, 0x9CFF, 0x9CFF, 0x9CFF, 
    0x9CFF, 0x9CFF, 0x9CFF, 0x9CFF, 0x9CFF, 0x9CFF, 0x9CFF, 0x9CFF, 0x9CFF, 0x9CFF, 0x9CFF, 0x9CFF, 
    0x9CFF, 0x9CFF, 0x9CFF, 0x9CFF, 0x9CFF, 0x9CFF, 0x9CFF, 0x9CFF, 0x9CFF, 0x9CFF, 0x9CFF, 0x9CFF, 
    0x9CFF, 0x9CFF, 0x9CFF, 0x9CFF, 0x9CFF, 0x9CFF, 0x9CFF, 0x9CFF, 0x9CFF, 0x9CFF, 0x9CFF, 0x9CFF, 
    0x9CFF, 0x9CFF, 0x9CFF, 0x9CFF, 0x9CFF, 0x5CFF, 0xDAFE, 0xBAFE, 0xBAFE, 0xBAFE, 0xBAFE, 0xBAFE, 
    0xBAFE, 0xBAFE, 0xBAFE, 0xBAFE, 0xBAFE, 0xBAFE, 0xBAFE, 0xBAFE, 0xBAFE, 0xBAFE, 0xBAFE, 0xBAFE, 
    0xBAFE, 0xBAFE, 0xBAFE, 0xBAFE, 0xBAFE, 0xBAFE, 0xBAFE, 0xBAFE, 0xBBFE, 0x9BFE, 0xBAFE, 0xBAFE, 
    0x3CFF, 0x9CFF, 0x9CFF, 0x9CFF, 0x9CFF, 0x9CFF, 0x9CFF, 0x9CFF, 0x9CFF, 0x9CFF, 0x9CFF, 0x9CFF, 
    0x9CFF, 0x9CFF, 0x9CFF, 0x9CFF, 0x9CFF, 0x9CFF, 0x9CFF, 0x9CFF, 0x9CFF, 0x9CFF, 0x9CFF, 0x9CFF, 
    0x9CFF, 0x9CFF, 0x9CFF, 0x9CFF, 0x9CFF, 0x9CFF, 0x9CFF, 0x9CFF, 0x9CFF, 0x9CFF, 0x9CFF, 0x9CFF, 
    0x9CFF, 0x9CFF, 0x9CFF, 0x9CFF, 0x9CFF, 0x9CFF, 0x9CFF, 0x9CFF, 0x9CFF, 0x9CFF, 0x9CFF, 0x9CFF, 
    0x9CFF, 0x9CFF, 0x9CFF, 0xBDFF, 0xF9EE, 0xB1BC, 0xDCFE, 0x9AFE, 0xBAFE, 0xBAFE, 0x9BFE, 0xBAFE, 
    0xBAFE, 0xBBFE, 0xBAFE, 0xBAFE, 0xBAFE, 0xBAFE, 0xBAFE, 0xBAFE, 0xBAFE, 0xBAFE, 0xBAFE, 0xBAFE, 
    0xBAFE, 0xBAFE, 0xBAFE, 0xBAFE, 0xBAFE, 0xBAFE, 0xBAFE, 0xBAFE, 0xBAFE, 0xBAFE, 0xBAFE, 0xBAFE, 
    0xBAFE, 0xBAFE, 0xBAFE, 0xBAFE, 0xBAFE, 0xBAFE, 0xBAFE, 0xBAFE, 0xBBFE, 0xBAFE, 0xBAFE, 0xBBFE, 
    0x9BFE, 0xDBFE, 0xB7BD, 0xD574, 0xBCAE, 0x1DBF, 0xFDBE, 0x1DBF, 0xFDBE, 0xFDBE, 0xFDBE, 0xFDBE, 
    0xFDBE, 0xFDBE, 0xFDBE, 0xFDBE, 0xFDBE, 0xFDBE, 0xFDBE, 0xFDBE, 0xFDBE, 0xFDBE, 0xFDBE, 0xFDBE, 
    0xFDBE, 0xFDBE, 0xFDBE, 0xFDBE, 
    0xFDBE, 0xFDBE, 0xFDBE, 0xFDBE, 0xFDBE, 0xFDBE, 0xFDBE, 0xFDBE, 
    0xFDBE, 0xFDBE, 0xFDBE, 0xFDBE, 0xFDBE, 0xFDBE, 0xFDBE, 0xFDBE, 0xFDBE, 0xFDBE, 0xFDBE, 0xFDBE, 
    0xFDBE, 0x1EBF, 0x5BA6, 0xD574, 0x59DE, 0xBBFE, 0x9AFE, 0xBAF6, 0x9AFE, 0x9BFE, 0xBBFE, 0x9AFE, 
    0xBAFE, 0xBAFE, 0xBAFE, 0xBAFE, 0xBAFE, 0xBAFE, 0xBAFE, 0xBAFE, 0xBAFE, 0xBAFE, 0xBAFE, 0xBAFE, 
    0xBAFE, 0xBAFE, 0xBAFE, 0xBAFE, 0xBAFE, 0xBAFE, 0xBAFE, 0xBAFE, 0xBAFE, 0xBAFE, 0xBAFE, 0xBAFE, 
    0xBAFE, 0xBAFE, 0xBAFE, 0xBAFE, 0xBAFE, 0xBAFE, 0xBAFE, 0x9BFE, 0xBBFE, 0xB9F6, 0xDCFE, 0x13CD, 
    0x97E6, 0xDDFF, 0x9CFF, 0x9CFF, 0x9CFF, 0x9CFF, 0x9CFF, 0x9CFF, 0x9CFF, 0x9CFF, 0x9CFF, 0x9CFF, 
    0x9CFF, 0x9CFF, 0x9CFF, 0x9CFF, 0x9CFF, 0x9CFF, 0x9CFF, 0x9CFF, 0x9CFF, 0x9CFF, 0x9CFF, 0x9CFF, 
    0x9CFF, 0x9CFF, 0x9CFF, 0x9CFF, 0x9CFF, 0x9CFF, 0x9CFF, 0x9CFF, 0x9CFF, 0x9CFF, 0x9CFF, 0x9CFF, 
    0x9CFF, 0x9CFF, 0x9CFF, 0x9CFF, 0x9CFF, 0x9CFF, 0x9CFF, 0x9CFF, 0x9CFF, 0x9CFF, 0x9CFF, 0x9CFF, 
    0x9CFF, 0x9CFF, 0x9CFF, 0x9CFF, 0x9CFF, 0x9CFF, 0x9CFF, 0x5CFF, 0xDAFE, 0xBAFE, 0xBAFE, 0xBAFE, 
    0xBAFE, 0xBAFE, 0xBAFE, 0xBAFE, 0xBAFE, 0xBAFE, 0xBAFE, 0xBAFE, 0xBAFE, 0xBAFE, 0xBAFE, 0xBAFE, 
    0xBAFE, 0xBAFE, 0xBAFE, 0xBAFE, 0xBAFE, 0xBAFE, 0xBAFE, 0xBAFE, 0xBAFE, 0xBAFE, 0xBBFE, 0x9BFE, 
    0xBAFE, 0xBAFE, 0x3CFF, 0x9CFF, 0x9CFF, 0x9CFF, 0x9CFF, 0x9CFF, 0x9CFF, 0x9CFF, 0x9CFF, 0x9CFF, 
    0x9CFF, 0x9CFF, 0x9CFF, 0x9CFF, 0x9CFF, 0x9CFF, 0x9CFF, 0x9CFF, 0x9CFF, 0x9CFF, 0x9CFF, 0x9CFF, 
    0x9CFF, 0x9CFF, 0x9CFF, 0x9CFF, 0x9CFF, 0x9CFF, 0x9CFF, 0x9CFF, 0x9CFF, 0x9CFF, 0x9CFF, 0x9CFF, 
    0x9CFF, 0x9CFF, 0x9CFF, 0x9CFF, 0x9CFF, 0x9CFF, 0x9CFF, 0x9CFF, 0x9CFF, 0x9CFF, 0x9CFF, 0x9CFF, 
    0x9CFF, 0x9CFF, 0x9CFF, 0x9CFF, 0x9CFF, 0xBDFF, 0xF9EE, 0xB1BC, 0xDCFE, 0x9AFE, 0xBAFE, 0xBAFE, 
    0x9BFE, 0xBAFE, 0xBAFE, 0xBBFE, 0xBAFE, 0xBAFE, 0xBAFE, 0xBAFE, 0xBAFE, 0xBAFE, 0xBAFE, 0xBAFE, 
    0xBAFE, 0xBAFE, 0xBAFE, 0xBAFE, 0xBAFE, 0xBAFE, 0xBAFE, 0xBAFE, 0xBAFE, 0xBAFE, 0xBAFE, 0xBAFE, 
    0xBAFE, 0xBAFE, 0xBAFE, 0xBAFE, 0xBAFE, 0xBAFE, 0xBAFE, 0xBAFE, 0xBAFE, 0xBAFE, 0xBBFE, 0xBAFE, 
    0xBAFE, 0xBBFE, 0x9BFE, 0xDBFE, 0xB7BD, 0xD574, 0xBCAE, 0x1DBF, 0xFDBE, 0x1DBF, 0xFDBE, 0xFDBE, 
    0xFDBE, 0xFDBE, 0xFDBE, 0xFDBE, 0xFDBE, 0xFDBE, 0xFDBE, 0xFDBE, 0xFDBE, 0xFDBE, 0xFDBE, 0xFDBE, 
    0xFDBE, 0xFDBE, 0xFDBE, 0xFDBE, 0xFDBE, 0xFDBE, 
    0xFDBE, 0xFDBE, 0xFDBE, 0xFDBE, 0xFDBE, 0xFDBE, 
    0xFDBE, 0xFDBE, 0xFDBE, 0xFDBE, 0xFDBE, 0xFDBE, 0xFDBE, 0xFDBE, 0xFDBE, 0xFDBE, 0xFDBE, 0xFDBE, 
    0xFDBE, 0xFDBE, 0xFDBE, 0x1EBF, 0x5BA6, 0xD574, 0x59DE, 0xBBFE, 0x9AFE, 0xBAF6, 0x9AFE, 0x9BFE, 
    0xBBFE, 0x9AFE, 0xBAFE, 0xBAFE, 0xBAFE, 0xBAFE, 0xBAFE, 0xBAFE, 0xBAFE, 0xBAFE, 0xBAFE, 0xBAFE, 
    0xBAFE, 0xBAFE, 0xBAFE, 0xBAFE, 0xBAFE, 0xBAFE, 0xBAFE, 0xBAFE, 0xBAFE, 0xBAFE, 0xBAFE, 0xBAFE, 
    0xBAFE, 0xBAFE, 0xBAFE, 0xBAFE, 0xBAFE, 0xBAFE, 0xBAFE, 0xBAFE, 0xBAFE, 0x9BFE, 0xBBFE, 0xB9F6, 
    0xDCFE, 0x13CD, 0x97E6, 0xDDFF, 0x9CFF, 0x9CFF, 0x9CFF, 0x9CFF, 0x9CFF, 0x9CFF, 0x9CFF, 0x9CFF, 
    0x9CFF, 0x9CFF, 0x9CFF, 0x9CFF, 0x9CFF, 0x9CFF, 0x9CFF, 0x9CFF, 0x9CFF, 0x9CFF, 0x9CFF, 0x9CFF, 
    0x9CFF, 0x9CFF, 0x9CFF, 0x9CFF, 0x9CFF, 0x9CFF, 0x9CFF, 0x9CFF, 0x9CFF, 0x9CFF, 0x9CFF, 0x9CFF, 
    0x9CFF, 0x9CFF, 0x9CFF, 0x9CFF, 0x9CFF, 0x9CFF, 0x9CFF, 0x9CFF, 0x9CFF, 0x9CFF, 0x9CFF, 0x9CFF, 
    0x9CFF, 0x9CFF, 0x9CFF, 0x9CFF, 0x9CFF, 0x9CFF, 0x9CFF, 0x9CFF, 0x9CFF, 0x5CFF, 0xDAFE, 0xBAFE, 
    0xBAFE, 0xBAFE, 0xBAFE, 0xBAFE, 0xBAFE, 0xBAFE, 0xBAFE, 0xBAFE, 0xBAFE, 0xBAFE, 0xBAFE, 0xBAFE, 
    0xBAFE, 0xBAFE, 0xBAFE, 0xBAFE, 0xBAFE, 0xBAFE, 0xBAFE, 0xBAFE, 0xBAFE, 0xBAFE, 0xBAFE, 0xBAFE, 
    0xBBFE, 0x9BFE, 0xBAFE, 0xBAFE, 0x3CFF, 0x9CFF, 0x9CFF, 0x9CFF, 0x9CFF, 0x9CFF, 0x9CFF, 0x9CFF, 
    0x9CFF, 0x9CFF, 0x9CFF, 0x9CFF, 0x9CFF, 0x9CFF, 0x9CFF, 0x9CFF, 0x9CFF, 0x9CFF, 0x9CFF, 0x9CFF, 
    0x9CFF, 0x9CFF, 0x9CFF, 0x9CFF, 0x9CFF, 0x9CFF, 0x9CFF, 0x9CFF, 0x9CFF, 0x9CFF, 0x9CFF, 0x9CFF, 
    0x9CFF, 0x9CFF, 0x9CFF, 0x9CFF, 0x9CFF, 0x9CFF, 0x9CFF, 0x9CFF, 0x9CFF, 0x9CFF, 0x9CFF, 0x9CFF, 
    0x9CFF, 0x9CFF, 0x9CFF, 0x9CFF, 0x9CFF, 0x9CFF, 0x9CFF, 0xBDFF, 0xF9EE, 0xB1BC, 0xDCFE, 0x9AFE, 
    0xBAFE, 0xBAFE, 0x9BFE, 0xBAFE, 0xBAFE, 0xBBFE, 0xBAFE, 0xBAFE, 0xBAFE, 0xBAFE, 0xBAFE, 0xBAFE, 
    0xBAFE, 0xBAFE, 0xBAFE, 0xBAFE, 0xBAFE, 0xBAFE, 0xBAFE, 0xBAFE, 0xBAFE, 0xBAFE, 0xBAFE, 0xBAFE, 
    0xBAFE, 0xBAFE, 0xBAFE, 0xBAFE, 0xBAFE, 0xBAFE, 0xBAFE, 0xBAFE, 0xBAFE, 0xBAFE, 0xBAFE, 0xBAFE, 
    0xBBFE, 0xBAFE, 0xBAFE, 0xBBFE, 0x9BFE, 0xDBFE, 0xB7BD, 0xD574, 0xBCAE, 0x1DBF, 0xFDBE, 0x1DBF, 
    0xFDBE, 0xFDBE, 0xFDBE, 0xFDBE, 0xFDBE, 0xFDBE, 0xFDBE, 0xFDBE, 0xFDBE, 0xFDBE, 0xFDBE, 0xFDBE, 
    0xFDBE, 0xFDBE, 0xFDBE, 0xFDBE, 0xFDBE, 0xFDBE, 0xFDBE, 0xFDBE, 
    0xFDBE, 0xFDBE, 0xFDBE, 0xFDBE, 
    0xFDBE, 0xFDBE, 0xFDBE, 0xFDBE, 0xFDBE, 0xFDBE, 0xFDBE, 0xFDBE, 0xFDBE, 0xFDBE, 0xFDBE, 0xFDBE, 
    0xFDBE, 0xFDBE, 0xFDBE, 0xFDBE, 0xFDBE, 0x1EBF, 0x5BA6, 0xD574, 0x59DE, 0xBBFE, 0x9AFE, 0xBAF6, 
    0x9AFE, 0x9BFE, 0xBBFE, 0x9AFE, 0xBAFE, 0xBAFE, 0xBAFE, 0xBAFE, 0xBAFE, 0xBAFE, 0xBAFE, 0xBAFE, 
    0xBAFE, 0xBAFE, 0xBAFE, 0xBAFE, 0xBAFE, 0xBAFE, 0xBAFE, 0xBAFE, 0xBAFE, 0xBAFE, 0xBAFE, 0xBAFE, 
    0xBAFE, 0xBAFE, 0xBAFE, 0xBAFE, 0xBAFE, 0xBAFE, 0xBAFE, 0xBAFE, 0xBAFE, 0xBAFE, 0xBAFE, 0x9BFE, 
    0xBBFE, 0xB9F6, 0xDCFE, 0x13CD, 0x97E6, 0xDDFF, 0x9CFF, 0x9CFF, 0x9CFF, 0x9CFF, 0x9CFF, 0x9CFF, 
    0x9CFF, 0x9CFF, 0x9CFF, 0x9CFF, 0x9CFF, 0x9CFF, 0x9CFF, 0x9CFF, 0x9CFF, 0x9CFF, 0x9CFF, 0x9CFF, 
    0x9CFF, 0x9CFF, 0x9CFF, 0x9CFF, 0x9CFF, 0x9CFF, 0x9CFF, 0x9CFF, 0x9CFF, 0x9CFF, 0x9CFF, 0x9CFF, 
    0x9CFF, 0x9CFF, 0x9CFF, 0x9CFF, 0x9CFF, 0x9CFF, 0x9CFF, 0x9CFF, 0x9CFF, 0x9CFF, 0x9CFF, 0x9CFF, 
    0x9CFF, 0x9CFF, 0x9CFF, 0x9CFF, 0x9CFF, 0x9CFF, 0x9CFF, 0x9CFF, 0x9CFF, 0x9CFF, 0x9CFF, 0x5CFF, 
    0xDAFE, 0xBAFE, 0xBAFE, 0xBAFE, 0xBAFE, 0xBAFE, 0xBAFE, 0xBAFE, 0xBAFE, 0xBAFE, 0xBAFE, 0xBAFE, 
    0xBAFE, 0xBAFE, 0xBAFE, 0xBAFE, 0xBAFE, 0xBAFE, 0xBAFE, 0xBAFE, 0xBAFE, 0xBAFE, 0xBAFE, 0xBAFE, 
    0xBAFE, 0xBAFE, 0xBBFE, 0x9BFE, 0xBAFE, 0xBAFE, 0x3CFF, 0x9CFF, 0x9CFF, 0x9CFF, 0x9CFF, 0x9CFF, 
    0x9CFF, 0x9CFF, 0x9CFF, 0x9CFF, 0x9CFF, 0x9CFF, 0x9CFF, 0x9CFF, 0x9CFF, 0x9CFF, 0x9CFF, 0x9CFF, 
    0x9CFF, 0x9CFF, 0x9CFF, 0x9CFF, 0x9CFF, 0x9CFF, 0x9CFF, 0x9CFF, 0x9CFF, 0x9CFF, 0x9CFF, 0x9CFF, 
    0x9CFF, 0x9CFF, 0x9CFF, 0x9CFF, 0x9CFF, 0x9CFF, 0x9CFF, 0x9CFF, 0x9CFF, 0x9CFF, 0x9CFF, 0x9CFF, 
    0x9CFF, 0x9CFF, 0x9CFF, 0x9CFF, 0x9CFF, 0x9CFF, 0x9CFF, 0x9CFF, 0x9CFF, 0xBDFF, 0xF9EE, 0xB1BC, 
    0xDCFE, 0x9AFE, 0xBAFE, 0xBAFE, 0x9BFE, 0xBAFE, 0xBAFE, 0xBBFE, 0xBAFE, 0xBAFE, 0xBAFE, 0xBAFE, 
    0xBAFE, 0xBAFE, 0xBAFE, 0xBAFE, 0xBAFE, 0xBAFE, 0xBAFE, 0xBAFE, 0xBAFE, 0xBAFE, 0xBAFE, 0xBAFE, 
    0xBAFE, 0xBAFE, 0xBAFE, 0xBAFE, 0xBAFE, 0xBAFE, 0xBAFE, 0xBAFE, 0xBAFE, 0xBAFE, 0xBAFE, 0xBAFE, 
    0xBAFE, 0xBAFE, 0xBBFE, 0xBAFE, 0xBAFE, 0xBBFE, 0x9BFE, 0xDBFE, 0xB7BD, 0xD574, 0xBCAE, 0x1DBF, 
    0xFDBE, 0x1DBF, 0xFDBE, 0xFDBE, 0xFDBE, 0xFDBE, 0xFDBE, 0xFDBE, 0xFDBE, 0xFDBE, 0xFDBE, 0xFDBE, 
    0xFDBE, 0xFDBE, 0xFDBE, 0xFDBE, 0xFDBE, 0xFDBE, 0xFDBE, 0xFDBE, 0xFDBE, 0xFDBE, 
    0xFDBE, 0xFDBE, 
    0xFDBE, 0xFDBE, 0xFDBE, 0xFDBE, 0xFDBE, 0xFDBE, 0xFDBE, 0xFDBE, 0xFDBE, 0xFDBE, 0xFDBE, 0xFDBE, 
    0xFDBE, 0xFDBE, 0xFDBE, 0xFDBE, 0xFDBE, 0xFDBE, 0xFDBE, 0x1EBF, 0x5BA6, 0xD574, 0x59DE, 0xBBFE, 
    0x9AFE, 0xBAF6, 0x9AFE, 0x9BFE, 0xBBFE, 0x9AFE, 0xBAFE, 0xBAFE, 0xBAFE, 0xBAFE, 0xBAFE, 0xBAFE, 
    0xBAFE, 0xBAFE, 0xBAFE, 0xBAFE, 0xBAFE, 0xBAFE, 0xBAFE, 0xBAFE, 0xBAFE, 0xBAFE, 0xBAFE, 0xBAFE, 
    0xBAFE, 0xBAFE, 0xBAFE, 0xBAFE, 0xBAFE, 0xBAFE, 0xBAFE, 0xBAFE, 0xBAFE, 0xBAFE, 0xBAFE, 0xBAFE, 
    0xBAFE, 0x9BFE, 0xBBFE, 0xB9F6, 0xDCFE, 0x13CD, 0x97E6, 0xDDFF, 0x9CFF, 0x9CFF, 0x9CFF, 0x9CFF, 
    0x9CFF, 0x9CFF, 0x9CFF, 0x9CFF, 0x9CFF, 0x9CFF, 0x9CFF, 0x9CFF, 0x9CFF, 0x9CFF, 0x9CFF, 0x9CFF, 
    0x9CFF, 0x9CFF, 0x9CFF, 0x9CFF, 0x9CFF, 0x9CFF, 0x9CFF, 0x9CFF, 0x9CFF, 0x9CFF, 0x9CFF, 0x9CFF, 
    0x9CFF, 0x9CFF, 0x9CFF, 0x9CFF, 0x9CFF, 0x9CFF, 0x9CFF, 0x9CFF, 0x9CFF, 0x9CFF, 0x9CFF, 0x9CFF, 
    0x9CFF, 0x9CFF, 0x9CFF, 0x9CFF, 0x9CFF, 0x9CFF, 0x9CFF, 0x9CFF, 0x9CFF, 0x9CFF, 0x9CFF, 0x9CFF, 
    0x9CFF, 0x5CFF, 0xDAFE, 0xBAFE, 0xBAFE, 0xBAFE, 0xBAFE, 0xBAFE, 0xBAFE, 0xBAFE, 0xBAFE, 0xBAFE, 
    0xBAFE, 0xBAFE, 0xBAFE, 0xBAFE, 0xBAFE, 0xBAFE, 0xBAFE, 0xBAFE, 0xBAFE, 0xBAFE, 0xBAFE, 0xBAFE, 
    0xBAFE, 0xBAFE, 0xBAFE, 0xBAFE, 0xBBFE, 0x9BFE, 0xBAFE, 0xBAFE, 0x3CFF, 0x9CFF, 0x9CFF, 0x9CFF, 
    0x9CFF, 0x9CFF, 0x9CFF, 0x9CFF, 0x9CFF, 0x9CFF, 0x9CFF, 0x9CFF, 0x9CFF, 0x9CFF, 0x9CFF, 0x9CFF, 
    0x9CFF, 0x9CFF, 0x9CFF, 0x9CFF, 0x9CFF, 0x9CFF, 0x9CFF, 0x9CFF, 0x9CFF, 0x9CFF, 0x9CFF, 0x9CFF, 
    0x9CFF, 0x9CFF, 0x9CFF, 0x9CFF, 0x9CFF, 0x9CFF, 0x9CFF, 0x9CFF, 0x9CFF, 0x9CFF, 0x9CFF, 0x9CFF, 
    0x9CFF, 0x9CFF, 0x9CFF, 0x9CFF, 0x9CFF, 0x9CFF, 0x9CFF, 0x9CFF, 0x9CFF, 0x9CFF, 0x9CFF, 0xBDFF, 
    0xF9EE, 0xB1BC, 0xDCFE, 0x9AFE, 0xBAFE, 0xBAFE, 0x9BFE, 0xBAFE, 0xBAFE, 0xBBFE, 0xBAFE, 0xBAFE, 
    0xBAFE, 0xBAFE, 0xBAFE, 0xBAFE, 0xBAFE, 0xBAFE, 0xBAFE, 0xBAFE, 0xBAFE, 0xBAFE, 0xBAFE, 0xBAFE, 
    0xBAFE, 0xBAFE, 0xBAFE, 0xBAFE, 0xBAFE, 0xBAFE, 0xBAFE, 0xBAFE, 0xBAFE, 0xBAFE, 0xBAFE, 0xBAFE, 
    0xBAFE, 0xBAFE, 0xBAFE, 0xBAFE, 0xBBFE, 0xBAFE, 0xBAFE, 0xBBFE, 0x9BFE, 0xDBFE, 0xB7BD, 0xD574, 
    0xBCAE, 0x1DBF, 0xFDBE, 0x1DBF, 0xFDBE, 0xFDBE, 0xFDBE, 0xFDBE, 0xFDBE, 0xFDBE, 0xFDBE, 0xFDBE, 
    0xFDBE, 0xFDBE, 0xFDBE, 0xFDBE, 0xFDBE, 0xFDBE, 0xFDBE, 0xFDBE, 0xFDBE, 0xFDBE, 0xFDBE, 0xFDBE, 
    
    0xFDBE, 0xFDBE, 0xFDBE, 0xFDBE, 0xFDBE, 0xFDBE, 0xFDBE, 0xFDBE, 0xFDBE, 0xFDBE, 0xFDBE, 0xFDBE, 
    0xFDBE, 0xFDBE, 0xFDBE, 0xFDBE, 0xFDBE, 0xFDBE, 0xFDBE, 0xFDBE, 0xFDBE, 0x1EBF, 0x5BA6, 0xD574, 
    0x59DE, 0xBBFE, 0x9AFE, 0xBAF6, 0x9AFE, 0x9BFE, 0xBBFE, 0x9AFE, 0xBAFE, 0xBAFE, 0xBAFE, 0xBAFE, 
    0xBAFE, 0xBAFE, 0xBAFE, 0xBAFE, 0xBAFE, 0xBAFE, 0xBAFE, 0xBAFE, 0xBAFE, 0xBAFE, 0xBAFE, 0xBAFE, 
    0xBAFE, 0xBAFE, 0xBAFE, 0xBAFE, 0xBAFE, 0xBAFE, 0xBAFE, 0xBAFE, 0xBAFE, 0xBAFE, 0xBAFE, 0xBAFE, 
    0xBAFE, 0xBAFE, 0xBAFE, 0x9BFE, 0xBBFE, 0xB9F6, 0xDCFE, 0x13CD, 0x97E6, 0xDDFF, 0x9CFF, 0x9CFF, 
    0x9CFF, 0x9CFF, 0x9CFF, 0x9CFF, 0x9CFF, 0x9CFF, 0x9CFF, 0x9CFF, 0x9CFF, 0x9CFF, 0x9CFF, 0x9CFF, 
    0x9CFF, 0x9CFF, 0x9CFF, 0x9CFF, 0x9CFF, 0x9CFF, 0x9CFF, 0x9CFF, 0x9CFF, 0x9CFF, 0x9CFF, 0x9CFF, 
    0x9CFF, 0x9CFF, 0x9CFF, 0x9CFF, 0x9CFF, 0x9CFF, 0x9CFF, 0x9CFF, 0x9CFF, 0x9CFF, 0x9CFF, 0x9CFF, 
    0x9CFF, 0x9CFF, 0x9CFF, 0x9CFF, 0x9CFF, 0x9CFF, 0x9CFF, 0x9CFF, 0x9CFF, 0x9CFF, 0x9CFF, 0x9CFF, 
    0x9CFF, 0x9CFF, 0x9CFF, 0x5CFF, 0xDAFE, 0xBAFE, 0xBAFE, 0xBAFE, 0xBAFE, 0xBAFE, 0xBAFE, 0xBAFE, 
    0xBAFE, 0xBAFE, 0xBAFE, 0xBAFE, 0xBAFE, 0xBAFE, 0xBAFE, 0xBAFE, 0xBAFE, 0xBAFE, 0xBAFE, 0xBAFE, 
    0xBAFE, 0xBAFE, 0xBAFE, 0xBAFE, 0xBAFE, 0xBAFE, 0xBBFE, 0x9BFE, 0xBAFE, 0xBAFE, 0x3CFF, 0x9CFF, 
    0x9CFF, 0x9CFF, 0x9CFF, 0x9CFF, 0x9CFF, 0x9CFF, 0x9CFF, 0x9CFF, 0x9CFF, 0x9CFF, 0x9CFF, 0x9CFF, 
    0x9CFF, 0x9CFF, 0x9CFF, 0x9CFF, 0x9CFF, 0x9CFF, 0x9CFF, 0x9CFF, 0x9CFF, 0x9CFF, 0x9CFF, 0x9CFF, 
    0x9CFF, 0x9CFF, 0x9CFF, 0x9CFF, 0x9CFF, 0x9CFF, 0x9CFF, 0x9CFF, 0x9CFF, 0x9CFF, 0x9CFF, 0x9CFF, 
    0x9CFF, 0x9CFF, 0x9CFF, 0x9CFF, 0x9CFF, 0x9CFF, 0x9CFF, 0x9CFF, 0x9CFF, 0x9CFF, 0x9CFF, 0x9CFF, 
    0x9CFF, 0xBDFF, 0xF9EE, 0xB1BC, 0xDCFE, 0x9AFE, 0xBAFE, 0xBAFE, 0x9BFE, 0xBAFE, 0xBAFE, 0xBBFE, 
    0xBAFE, 0xBAFE, 0xBAFE, 0xBAFE, 0xBAFE, 0xBAFE, 0xBAFE, 0xBAFE, 0xBAFE, 0xBAFE, 0xBAFE, 0xBAFE, 
    0xBAFE, 0xBAFE, 0xBAFE, 0xBAFE, 0xBAFE, 0xBAFE, 0xBAFE, 0xBAFE, 0xBAFE, 0xBAFE, 0xBAFE, 0xBAFE, 
    0xBAFE, 0xBAFE, 0xBAFE, 0xBAFE, 0xBAFE, 0xBAFE, 0xBBFE, 0xBAFE, 0xBAFE, 0xBBFE, 0x9BFE, 0xDBFE, 
    0xB7BD, 0xD574, 0xBCAE, 0x1DBF, 0xFDBE, 0x1DBF, 0xFDBE, 0xFDBE, 0xFDBE, 0xFDBE, 0xFDBE, 0xFDBE, 
    0xFDBE, 0xFDBE, 0xFDBE, 0xFDBE, 0xFDBE, 0xFDBE, 0xFDBE, 0xFDBE, 0xFDBE, 0xFDBE, 0xFDBE, 0xFDBE, 
    0xFDBE, 0xFDBE, 
    0xFDBE, 0xFDBE, 0xFDBE, 0xFDBE, 0xFDBE, 0xFDBE, 0xFDBE, 0xFDBE, 0xFDBE, 0xFDBE, 
    0xFDBE, 0xFDBE, 0xFDBE, 0xFDBE, 0xFDBE, 0xFDBE, 0xFDBE, 0xFDBE, 0xFDBE, 0xFDBE, 0xFDBE, 0x1EBF, 
    0x5BA6, 0xD574, 0x59DE, 0xBBFE, 0x9AFE, 0xBAF6, 0x9AFE, 0x9BFE, 0xBBFE, 0x9AFE, 0xBAFE, 0xBAFE, 
    0xBAFE, 0xBAFE, 0xBAFE, 0xBAFE, 0xBAFE, 0xBAFE, 0xBAFE, 0xBAFE, 0xBAFE, 0xBAFE, 0xBAFE, 0xBAFE, 
    0xBAFE, 0xBAFE, 0xBAFE, 0xBAFE, 0xBAFE, 0xBAFE, 0xBAFE, 0xBAFE, 0xBAFE, 0xBAFE, 0xBAFE, 0xBAFE, 
    0xBAFE, 0xBAFE, 0xBAFE, 0xBAFE, 0xBAFE, 0x9BFE, 0xBBFE, 0xB9F6, 0xDCFE, 0x13CD, 0x97E6, 0xDDFF, 
    0x9CFF, 0x9CFF, 0x9CFF, 0x9CFF, 0x9CFF, 0x9CFF, 0x9CFF, 0x9CFF, 0x9CFF, 0x9CFF, 0x9CFF, 0x9CFF, 
    0x9CFF, 0x9CFF, 0x9CFF, 0x9CFF, 0x9CFF, 0x9CFF, 0x9CFF, 0x9CFF, 0x9CFF, 0x9CFF, 0x9CFF, 0x9CFF, 
    0x9CFF, 0x9CFF, 0x9CFF, 0x9CFF, 0x9CFF, 0x9CFF, 0x9CFF, 0x9CFF, 0x9CFF, 0x9CFF, 0x9CFF, 0x9CFF, 
    0x9CFF, 0x9CFF, 0x9CFF, 0x9CFF, 0x9CFF, 0x9CFF, 0x9CFF, 0x9CFF, 0x9CFF, 0x9CFF, 0x9CFF, 0x9CFF, 
    0x9CFF, 0x9CFF, 0x9CFF, 0x9CFF, 0x9CFF, 0x5CFF, 0xDAFE, 0xBAFE, 0xBAFE, 0xBAFE, 0xBAFE, 0xBAFE, 
    0xBAFE, 0xBAFE, 0xBAFE, 0xBAFE, 0xBAFE, 0xBAFE, 0xBAFE, 0xBAFE, 0xBAFE, 0xBAFE, 0xBAFE, 0xBAFE, 
    0xBAFE, 0xBAFE, 0xBAFE, 0xBAFE, 0xBAFE, 0xBAFE, 0xBAFE, 0xBAFE, 0xBBFE, 0x9BFE, 0xBAFE, 0xBAFE, 
    0x3CFF, 0x9CFF, 0x9CFF, 0x9CFF, 0x9CFF, 0x9CFF, 0x9CFF, 0x9CFF, 0x9CFF, 0x9CFF, 0x9CFF, 0x9CFF, 
    0x9CFF, 0x9CFF, 0x9CFF, 0x9CFF, 0x9CFF, 0x9CFF, 0x9CFF, 0x9CFF, 0x9CFF, 0x9CFF, 0x9CFF, 0x9CFF, 
    0x9CFF, 0x9CFF, 0x9CFF, 0x9CFF, 0x9CFF, 0x9CFF, 0x9CFF, 0x9CFF, 0x9CFF, 0x9CFF, 0x9CFF, 0x9CFF, 
    0x9CFF, 0x9CFF, 0x9CFF, 0x9CFF, 0x9CFF, 0x9CFF, 0x9CFF, 0x9CFF, 0x9CFF, 0x9CFF, 0x9CFF, 0x9CFF, 
    0x9CFF, 0x9CFF, 0x9CFF, 0xBDFF, 0xF9EE, 0xB1BC, 0xDCFE, 0x9AFE, 0xBAFE, 0xBAFE, 0x9BFE, 0xBAFE, 
    0xBAFE, 0xBBFE, 0xBAFE, 0xBAFE, 0xBAFE, 0xBAFE, 0xBAFE, 0xBAFE, 0xBAFE, 0xBAFE, 0xBAFE, 0xBAFE, 
    0xBAFE, 0xBAFE, 0xBAFE, 0xBAFE, 0xBAFE, 0xBAFE, 0xBAFE, 0xBAFE, 0xBAFE, 0xBAFE, 0xBAFE, 0xBAFE, 
    0xBAFE, 0xBAFE, 0xBAFE, 0xBAFE, 0xBAFE, 0xBAFE, 0xBAFE, 0xBAFE, 0xBBFE, 0xBAFE, 0xBAFE, 0xBBFE, 
    0x9BFE, 0xDBFE, 0xB7BD, 0xD574, 0xBCAE, 0x1DBF, 0xFDBE, 0x1DBF, 0xFDBE, 0xFDBE, 0xFDBE, 0xFDBE, 
    0xFDBE, 0xFDBE, 0xFDBE, 0xFDBE, 0xFDBE, 0xFDBE, 0xFDBE, 0xFDBE, 0xFDBE, 0xFDBE, 0xFDBE, 0xFDBE, 
    0xFDBE, 0xFDBE, 0xFDBE, 0xFDBE, 
    0xFDBE, 0xFDBE, 0xFDBE, 0xFDBE, 0xFDBE, 0xFDBE, 0xFDBE, 0xFDBE, 
    0xFDBE, 0xFDBE, 0xFDBE, 0xFDBE, 0xFDBE, 0xFDBE, 0xFDBE, 0xFDBE, 0xFDBE, 0xFDBE, 0xFDBE, 0xFDBE, 
    0xFDBE, 0x1EBF, 0x5BA6, 0xD574, 0x59DE, 0xBBFE, 0x9AFE, 0xBAF6, 0x9AFE, 0x9BFE, 0xBBFE, 0x9AFE, 
    0xBAFE, 0xBAFE, 0xBAFE, 0xBAFE, 0xBAFE, 0xBAFE, 0xBAFE, 0xBAFE, 0xBAFE, 0xBAFE, 0xBAFE, 0xBAFE, 
    0xBAFE, 0xBAFE, 0xBAFE, 0xBAFE, 0xBAFE, 0xBAFE, 0xBAFE, 0xBAFE, 0xBAFE, 0xBAFE, 0xBAFE, 0xBAFE, 
    0xBAFE, 0xBAFE, 0xBAFE, 0xBAFE, 0xBAFE, 0xBAFE, 0xBAFE, 0x9BFE, 0xBBFE, 0xB9F6, 0xDCFE, 0x13CD, 
    0x97E6, 0xDDFF, 0x9CFF, 0x9CFF, 0x9CFF, 0x9CFF, 0x9CFF, 0x9CFF, 0x9CFF, 0x9CFF, 0x9CFF, 0x9CFF, 
    0x9CFF, 0x9CFF, 0x9CFF, 0x9CFF, 0x9CFF, 0x9CFF, 0x9CFF, 0x9CFF, 0x9CFF, 0x9CFF, 0x9CFF, 0x9CFF, 
    0x9CFF, 0x9CFF, 0x9CFF, 0x9CFF, 0x9CFF, 0x9CFF, 0x9CFF, 0x9CFF, 0x9CFF, 0x9CFF, 0x9CFF, 0x9CFF, 
    0x9CFF, 0x9CFF, 0x9CFF, 0x9CFF, 0x9CFF, 0x9CFF, 0x9CFF, 0x9CFF, 0x9CFF, 0x9CFF, 0x9CFF, 0x9CFF, 
    0x9CFF, 0x9CFF, 0x9CFF, 0x9CFF, 0x9CFF, 0x9CFF, 0x9CFF, 0x5CFF, 0xDAFE, 0xBAFE, 0xBAFE, 0xBAFE, 
    0xBAFE, 0xBAFE, 0xBAFE, 0xBAFE, 0xBAFE, 0xBAFE, 0xBAFE, 0xBAFE, 0xBAFE, 0xBAFE, 0xBAFE, 0xBAFE, 
    0xBAFE, 0xBAFE, 0xBAFE, 0xBAFE, 0xBAFE, 0xBAFE, 0xBAFE, 0xBAFE, 0xBAFE, 0xBAFE, 0xBBFE, 0x9BFE, 
    0xBAFE, 0xBAFE, 0x3CFF, 0x9CFF, 0x9CFF, 0x9CFF, 0x9CFF, 0x9CFF, 0x9CFF, 0x9CFF, 0x9CFF, 0x9CFF, 
    0x9CFF, 0x9CFF, 0x9CFF, 0x9CFF, 0x9CFF, 0x9CFF, 0x9CFF, 0x9CFF, 0x9CFF, 0x9CFF, 0x9CFF, 0x9CFF, 
    0x9CFF, 0x9CFF, 0x9CFF, 0x9CFF, 0x9CFF, 0x9CFF, 0x9CFF, 0x9CFF, 0x9CFF, 0x9CFF, 0x9CFF, 0x9CFF, 
    0x9CFF, 0x9CFF, 0x9CFF, 0x9CFF, 0x9CFF, 0x9CFF, 0x9CFF, 0x9CFF, 0x9CFF, 0x9CFF, 0x9CFF, 0x9CFF, 
    0x9CFF, 0x9CFF, 0x9CFF, 0x9CFF, 0x9CFF, 0xBDFF, 0xF9EE, 0xB1BC, 0xDCFE, 0x9AFE, 0xBAFE, 0xBAFE, 
    0x9BFE, 0xBAFE, 0xBAFE, 0xBBFE, 0xBAFE, 0xBAFE, 0xBAFE, 0xBAFE, 0xBAFE, 0xBAFE, 0xBAFE, 0xBAFE, 
    0xBAFE, 0xBAFE, 0xBAFE, 0xBAFE, 0xBAFE, 0xBAFE, 0xBAFE, 0xBAFE, 0xBAFE, 0xBAFE, 0xBAFE, 0xBAFE, 
    0xBAFE, 0xBAFE, 0xBAFE, 0xBAFE, 0xBAFE, 0xBAFE, 0xBAFE, 0xBAFE, 0xBAFE, 0xBAFE, 0xBBFE, 0xBAFE, 
    0xBAFE, 0xBBFE, 0x9BFE, 0xDBFE, 0xB7BD, 0xD574, 0xBCAE, 0x1DBF, 0xFDBE, 0x1DBF, 0xFDBE, 0xFDBE, 
    0xFDBE, 0xFDBE, 0xFDBE, 0xFDBE, 0xFDBE, 0xFDBE, 0xFDBE, 0xFDBE, 0xFDBE, 0xFDBE, 0xFDBE, 0xFDBE, 
    0xFDBE, 0xFDBE, 0xFDBE, 0xFDBE, 0xFDBE, 0xFDBE, 
    0xFDBE, 0xFDBE, 0xFDBE, 0xFDBE, 0xFDBE, 0xFDBE, 
    0xFDBE, 0xFDBE, 0xFDBE, 0xFDBE, 0xFDBE, 0xFDBE, 0xFDBE, 0xFDBE, 0xFDBE, 0xFDBE, 0xFDBE, 0xFDBE, 
    0xFDBE, 0xFDBE, 0xFDBE, 0x1EBF, 0x5BA6, 0xD574, 0x59DE, 0xBBFE, 0x9AFE, 0xBAF6, 0x9AFE, 0x9BFE, 
    0xBBFE, 0x9AFE, 0xBAFE, 0xBAFE, 0xBAFE, 0xBAFE, 0xBAFE, 0xBAFE, 0xBAFE, 0xBAFE, 0xBAFE, 0xBAFE, 
    0xBAFE, 0xBAFE, 0xBAFE, 0xBAFE, 0xBAFE, 0xBAFE, 0xBAFE, 0xBAFE, 0xBAFE, 0xBAFE, 0xBAFE, 0xBAFE, 
    0xBAFE, 0xBAFE, 0xBAFE, 0xBAFE, 0xBAFE, 0xBAFE, 0xBAFE, 0xBAFE, 0xBAFE, 0x9BFE, 0xBBFE, 0xB9F6, 
    0xDCFE, 0x13CD, 0x97E6, 0xDDFF, 0x9CFF, 0x9CFF, 0x9CFF, 0x9CFF, 0x9CFF, 0x9CFF, 0x9CFF, 0x9CFF, 
    0x9CFF, 0x9CFF, 0x9CFF, 0x9CFF, 0x9CFF, 0x9CFF, 0x9CFF, 0x9CFF, 0x9CFF, 0x9CFF, 0x9CFF, 0x9CFF, 
    0x9CFF, 0x9CFF, 0x9CFF, 0x9CFF, 0x9CFF, 0x9CFF, 0x9CFF, 0x9CFF, 0x9CFF, 0x9CFF, 0x9CFF, 0x9CFF, 
    0x9CFF, 0x9CFF, 0x9CFF, 0x9CFF, 0x9CFF, 0x9CFF, 0x9CFF, 0x9CFF, 0x9CFF, 0x9CFF, 0x9CFF, 0x9CFF, 
    0x9CFF, 0x9CFF, 0x9CFF, 0x9CFF, 0x9CFF, 0x9CFF, 0x9CFF, 0x9CFF, 0x9CFF, 0x5CFF, 0xDAFE, 0xBAFE, 
    0xBAFE, 0xBAFE, 0xBAFE, 0xBAFE, 0xBAFE, 0xBAFE, 0xBAFE, 0xBAFE, 0xBAFE, 0xBAFE, 0xBAFE, 0xBAFE, 
    0xBAFE, 0xBAFE, 0xBAFE, 0xBAFE, 0xBAFE, 0xBAFE, 0xBAFE, 0xBAFE, 0xBAFE, 0xBAFE, 0xBAFE, 0xBAFE, 
    0xBBFE, 0x9BFE, 0xBAFE, 0xBAFE, 0x3CFF, 0x9CFF, 0x9CFF, 0x9CFF, 0x9CFF, 0x9CFF, 0x9CFF, 0x9CFF, 
    0x9CFF, 0x9CFF, 0x9CFF, 0x9CFF, 0x9CFF, 0x9CFF, 0x9CFF, 0x9CFF, 0x9CFF, 0x9CFF, 0x9CFF, 0x9CFF, 
    0x9CFF, 0x9CFF, 0x9CFF, 0x9CFF, 0x9CFF, 0x9CFF, 0x9CFF, 0x9CFF, 0x9CFF, 0x9CFF, 0x9CFF, 0x9CFF, 
    0x9CFF, 0x9CFF, 0x9CFF, 0x9CFF, 0x9CFF, 0x9CFF, 0x9CFF, 0x9CFF, 0x9CFF, 0x9CFF, 0x9CFF, 0x9CFF, 
    0x9CFF, 0x9CFF, 0x9CFF, 0x9CFF, 0x9CFF, 0x9CFF, 0x9CFF, 0xBDFF, 0xF9EE, 0xB1BC, 0xDCFE, 0x9AFE, 
    0xBAFE, 0xBAFE, 0x9BFE, 0xBAFE, 0xBAFE, 0xBBFE, 0xBAFE, 0xBAFE, 0xBAFE, 0xBAFE, 0xBAFE, 0xBAFE, 
    0xBAFE, 0xBAFE, 0xBAFE, 0xBAFE, 0xBAFE, 0xBAFE, 0xBAFE, 0xBAFE, 0xBAFE, 0xBAFE, 0xBAFE, 0xBAFE, 
    0xBAFE, 0xBAFE, 0xBAFE, 0xBAFE, 0xBAFE, 0xBAFE, 0xBAFE, 0xBAFE, 0xBAFE, 0xBAFE, 0xBAFE, 0xBAFE, 
    0xBBFE, 0xBAFE, 0xBAFE, 0xBBFE, 0x9BFE, 0xDBFE, 0xB7BD, 0xD574, 0xBCAE, 0x1DBF, 0xFDBE, 0x1DBF, 
    0xFDBE, 0xFDBE, 0xFDBE, 0xFDBE, 0xFDBE, 0xFDBE, 0xFDBE, 0xFDBE, 0xFDBE, 0xFDBE, 0xFDBE, 0xFDBE, 
    0xFDBE, 0xFDBE, 0xFDBE, 0xFDBE, 0xFDBE, 0xFDBE, 0xFDBE, 0xFDBE, 
    0xFDBE, 0xFDBE, 0xFDBE, 0xFDBE, 
    0xFDBE, 0xFDBE, 0xFDBE, 0xFDBE, 0xFDBE, 0xFDBE, 0xFDBE, 0xFDBE, 0xFDBE, 0xFDBE, 0xFDBE, 0xFDBE, 
    0xFDBE, 0xFDBE, 0xFDBE, 0xFDBE, 0xFDBE, 0x1EBF, 0x5BA6, 0xD574, 0x79DE, 0xBBFE, 0x9AFE, 0xDAF6, 
    0xBAFE, 0xBAFE, 0xBAFE, 0xBAFE, 0xBAFE, 0xBAFE, 0xBAFE, 0xBAFE, 0xBAFE, 0xBAFE, 0xBAFE, 0xBAFE, 
    0xBAFE, 0xBAFE, 0xBAFE, 0xBAFE, 0xBAFE, 0xBAFE, 0xBAFE, 0xBAFE, 0xBAFE, 0xBAFE, 0xBAFE, 0xBAFE, 
    0xBAFE, 0xBAFE, 0xBAFE, 0xBAFE, 0xBAFE, 0xBAFE, 0xBAFE, 0xBAFE, 0xBAFE, 0xBAFE, 0xBAFE, 0xBAFE, 
    0xBBFE, 0x9AFE, 0xDCFE, 0x13CD, 0x98E6, 0xBDFF, 0x9CFF, 0x9CFF, 0x9CFF, 0x9CFF, 0x9CFF, 0x9CFF, 
    0x9CFF, 0x9CFF, 0x9CFF, 0x9CFF, 0x9CFF, 0x9CFF, 0x9CFF, 0x9CFF, 0x9CFF, 0x9CFF, 0x9CFF, 0x9CFF, 
    0x9CFF, 0x9CFF, 0x9CFF, 0x9CFF, 0x9CFF, 0x9CFF, 0x9CFF, 0x9CFF, 0x9CFF, 0x9CFF, 0x9CFF, 0x9CFF, 
    0x9CFF, 0x9CFF, 0x9CFF, 0x9CFF, 0x9CFF, 0x9CFF, 0x9CFF, 0x9CFF, 0x9CFF, 0x9CFF, 0x9CFF, 0x9CFF, 
    0x9CFF, 0x9CFF, 0x9CFF, 0x9CFF, 0x9CFF, 0x9CFF, 0x9CFF, 0x9CFF, 0x9CFF, 0x9CFF, 0x9CFF, 0x5CFF, 
    0xDAFE, 0xBAFE, 0xBAFE, 0xBAFE, 0xBAFE, 0xBAFE, 0xBAFE, 0xBAFE, 0xBAFE, 0xBAFE, 0xBAFE, 0xBAFE, 
    0xBAFE, 0xBAFE, 0xBAFE, 0xBAFE, 0xBAFE, 0xBAFE, 0xBAFE, 0xBAFE, 0xBAFE, 0xBAFE, 0xBAFE, 0xBAFE, 
    0xBAFE, 0xBAFE, 0xBBFE, 0x9BFE, 0xBAFE, 0xBAFE, 0x3CFF, 0x9CFF, 0x9CFF, 0x9CFF, 0x9CFF, 0x9CFF, 
    0x9CFF, 0x9CFF, 0x9CFF, 0x9CFF, 0x9CFF, 0x9CFF, 0x9CFF, 0x9CFF, 0x9CFF, 0x9CFF, 0x9CFF, 0x9CFF, 
    0x9CFF, 0x9CFF, 0x9CFF, 0x9CFF, 0x9CFF, 0x9CFF, 0x9CFF, 0x9CFF, 0x9CFF, 0x9CFF, 0x9CFF, 0x9CFF, 
    0x9CFF, 0x9CFF, 0x9CFF, 0x9CFF, 0x9CFF, 0x9CFF, 0x9CFF, 0x9CFF, 0x9CFF, 0x9CFF, 0x9CFF, 0x9CFF, 
    0x9CFF, 0x9CFF, 0x9CFF, 0x9CFF, 0x9CFF, 0x9CFF, 0x9CFF, 0x9CFF, 0x9CFF, 0xBDFF, 0xF9EE, 0xB1BC, 
    0xFBFE, 0x9AFE, 0xBAFE, 0xBAFE, 0xBAFE, 0xBAFE, 0xBAFE, 0xBAFE, 0xBAFE, 0xBAFE, 0xBAFE, 0xBAFE, 
    0xBAFE, 0xBAFE, 0xBAFE, 0xBAFE, 0xBAFE, 0xBAFE, 0xBAFE, 0xBAFE, 0xBAFE, 0xBAFE, 0xBAFE, 0xBAFE, 
    0xBAFE, 0xBAFE, 0xBAFE, 0xBAFE, 0xBAFE, 0xBAFE, 0xBAFE, 0xBAFE, 0xBAFE, 0xBAFE, 0xBAFE, 0xBAFE, 
    0xBAFE, 0xBAFE, 0xBAFE, 0xBAFE, 0xBAFE, 0xBBF6, 0xBAFE, 0xDBFE, 0xB7BD, 0xD574, 0xBCAE, 0x1DBF, 
    0xFDBE, 0x1DBF, 0xFDBE, 0xFDBE, 0xFDBE, 0xFDBE, 0xFDBE, 0xFDBE, 0xFDBE, 0xFDBE, 0xFDBE, 0xFDBE, 
    0xFDBE, 0xFDBE, 0xFDBE, 0xFDBE, 0xFDBE, 0xFDBE, 0xFDBE, 0xFDBE, 0xFDBE, 0xFDBE, 
    0xFDBE, 0xFDBE, 
    0xFDBE, 0xFDBE, 0xFDBE, 0xFDBE, 0xFDBE, 0xFDBE, 0xFDBE, 0xFDBE, 0xFDBE, 0xFDBE, 0xFDBE, 0xFDBE, 
    0xFDBE, 0xFDBE, 0xFDBE, 0xFDBE, 0xFDBE, 0xFDBE, 0xFDBE, 0x1EBF, 0x5B9E, 0xD574, 0x59DE, 0xBBFE, 
    0x9AFE, 0xBAFE, 0x9AFE, 0x9AFE, 0xBAFE, 0x9AFE, 0x9AFE, 0x9AFE, 0x9AFE, 0x9AFE, 0x9AFE, 0x9AFE, 
    0x9AFE, 0x9AFE, 0x9AFE, 0x9AFE, 0x9AFE, 0x9AFE, 0x9AFE, 0x9AFE, 0x9AFE, 0x9AFE, 0x9AFE, 0x9AFE, 
    0x9AFE, 0x9AFE, 0x9AFE, 0x9AFE, 0x9AFE, 0x9AFE, 0x9AFE, 0x9AFE, 0x9AFE, 0x9AFE, 0x9AFE, 0x9AFE, 
    0x9AFE, 0xBAFE, 0xBBFE, 0x9BFE, 0xDBFE, 0x13C5, 0x98E6, 0xBDFF, 0x9CFF, 0x9CFF, 0x9CFF, 0x9CFF, 
    0x9CFF, 0x9CFF, 0x9CFF, 0x9CFF, 0x9CFF, 0x9CFF, 0x9CFF, 0x9CFF, 0x9CFF, 0x9CFF, 0x9CFF, 0x9CFF, 
    0x9CFF, 0x9CFF, 0x9CFF, 0x9CFF, 0x9CFF, 0x9CFF, 0x9CFF, 0x9CFF, 0x9CFF, 0x9CFF, 0x9CFF, 0x9CFF, 
    0x9CFF, 0x9CFF, 0x9CFF, 0x9CFF, 0x9CFF, 0x9CFF, 0x9CFF, 0x9CFF, 0x9CFF, 0x9CFF, 0x9CFF, 0x9CFF, 
    0x9CFF, 0x9CFF, 0x9CFF, 0x9CFF, 0x9CFF, 0x9CFF, 0x9CFF, 0x9CFF, 0x9CFF, 0x9CFF, 0x9CFF, 0x9CFF, 
    0x9CFF, 0x5CFF, 0xDAFE, 0xBAFE, 0xBAFE, 0xBAFE, 0xBAFE, 0xBAFE, 0xBAFE, 0xBAFE, 0xBAFE, 0xBAFE, 
    0xBAFE, 0xBAFE, 0xBAFE, 0xBAFE, 0xBAFE, 0xBAFE, 0xBAFE, 0xBAFE, 0xBAFE, 0xBAFE, 0xBAFE, 0xBAFE, 
    0xBAFE, 0xBAFE, 0xBAFE, 0xBAFE, 0xBBFE, 0x9BFE, 0xBAFE, 0xBAFE, 0x3CFF, 0x9CFF, 0x9CFF, 0x9CFF, 
    0x9CFF, 0x9CFF, 0x9CFF, 0x9CFF, 0x9CFF, 0x9CFF, 0x9CFF, 0x9CFF, 0x9CFF, 0x9CFF, 0x9CFF, 0x9CFF, 
    0x9CFF, 0x9CFF, 0x9CFF, 0x9CFF, 0x9CFF, 0x9CFF, 0x9CFF, 0x9CFF, 0x9CFF, 0x9CFF, 0x9CFF, 0x9CFF, 
    0x9CFF, 0x9CFF, 0x9CFF, 0x9CFF, 0x9CFF, 0x9CFF, 0x9CFF, 0x9CFF, 0x9CFF, 0x9CFF, 0x9CFF, 0x9CFF, 
    0x9CFF, 0x9CFF, 0x9CFF, 0x9CFF, 0x9CFF, 0x9CFF, 0x9CFF, 0x9CFF, 0x9CFF, 0x9CFF, 0x9CFF, 0xBDFF, 
    0xD9EE, 0x91BC, 0xFBFE, 0x9AFE, 0x9BFE, 0x9AFE, 0xBAFE, 0xBAFE, 0x9AFE, 0x9AFE, 0x9AFE, 0x9AFE, 
    0x9AFE, 0x9AFE, 0x9AFE, 0x9AFE, 0x9AFE, 0x9AFE, 0x9AFE, 0x9AFE, 0x9AFE, 0x9AFE, 0x9AFE, 0x9AFE, 
    0x9AFE, 0x9AFE, 0x9AFE, 0x9AFE, 0x9AFE, 0x9AFE, 0x9AFE, 0x9AFE, 0x9AFE, 0x9AFE, 0x9AFE, 0x9AFE, 
    0x9AFE, 0x9AFE, 0x9AFE, 0x9AFE, 0xBAFE, 0xBAFE, 0xBAFE, 0xBBFE, 0x9AFE, 0xDAFE, 0x96BD, 0xD574, 
    0xBCAE, 0x1DBF, 0xFDBE, 0x1DBF, 0xFDBE, 0xFDBE, 0xFDBE, 0xFDBE, 0xFDBE, 0xFDBE, 0xFDBE, 0xFDBE, 
    0xFDBE, 0xFDBE, 0xFDBE, 0xFDBE, 0xFDBE, 0xFDBE, 0xFDBE, 0xFDBE, 0xFDBE, 0xFDBE, 0xFDBE, 0xFDBE, 
    
    0xFDBE, 0xFDBE, 0xFDBE, 0xFDBE, 0xFDBE, 0xFDBE, 0xFDBE, 0xFDBE, 0xFDBE, 0xFDBE, 0xFDBE, 0xFDBE, 
    0xFDBE, 0xFDBE, 0xFDBE, 0xFDBE, 0xFDBE, 0xFDBE, 0xFDBE, 0xFDBE, 0xFDBE, 0x1EBF, 0x5BA6, 0xD574, 
    0x5ADE, 0xBCFE, 0x9BFE, 0xBBF6, 0x9BFE, 0x9BFE, 0xBBF6, 0xBBFE, 0xBBFE, 0xBBFE, 0xBBFE, 0xBBFE, 
    0xBBFE, 0xBBFE, 0xBBFE, 0xBBFE, 0xBBFE, 0xBBFE, 0xBBFE, 0xBBFE, 0xBBFE, 0xBBFE, 0xBBFE, 0xBBFE, 
    0xBBFE, 0xBBFE, 0xBBFE, 0xBBFE, 0xBBFE, 0xBBFE, 0xBBFE, 0xBBFE, 0xBBFE, 0xBBFE, 0xBBFE, 0xBBFE, 
    0xBBFE, 0xBBFE, 0xBBFE, 0xBBFE, 0xBBFE, 0x9BFE, 0xFCFE, 0x13C5, 0x98E6, 0xDDFF, 0x9CFF, 0x9CFF, 
    0x9CFF, 0x9CFF, 0x9CFF, 0x9CFF, 0x9CFF, 0x9CFF, 0x9CFF, 0x9CFF, 0x9CFF, 0x9CFF, 0x9CFF, 0x9CFF, 
    0x9CFF, 0x9CFF, 0x9CFF, 0x9CFF, 0x9CFF, 0x9CFF, 0x9CFF, 0x9CFF, 0x9CFF, 0x9CFF, 0x9CFF, 0x9CFF, 
    0x9CFF, 0x9CFF, 0x9CFF, 0x9CFF, 0x9CFF, 0x9CFF, 0x9CFF, 0x9CFF, 0x9CFF, 0x9CFF, 0x9CFF, 0x9CFF, 
    0x9CFF, 0x9CFF, 0x9CFF, 0x9CFF, 0x9CFF, 0x9CFF, 0x9CFF, 0x9CFF, 0x9CFF, 0x9CFF, 0x9CFF, 0x9CFF, 
    0x9CFF, 0x9CFF, 0x9CFF, 0x5CFF, 0xDAFE, 0xBAFE, 0xBAFE, 0xBAFE, 0xBAFE, 0xBAFE, 0xBAFE, 0xBAFE, 
    0xBAFE, 0xBAFE, 0xBAFE, 0xBAFE, 0xBAFE, 0xBAFE, 0xBAFE, 0xBAFE, 0xBAFE, 0xBAFE, 0xBAFE, 0xBAFE, 
    0xBAFE, 0xBAFE, 0xBAFE, 0xBAFE, 0xBAFE, 0xBAFE, 0xBBFE, 0x9BFE, 0xBAFE, 0xBAFE, 0x3CFF, 0x9CFF, 
    0x9CFF, 0x9CFF, 0x9CFF, 0x9CFF, 0x9CFF, 0x9CFF, 0x9CFF, 0x9CFF, 0x9CFF, 0x9CFF, 0x9CFF, 0x9CFF, 
    0x9CFF, 0x9CFF, 0x9CFF, 0x9CFF, 0x9CFF, 0x9CFF, 0x9CFF, 0x9CFF, 0x9CFF, 0x9CFF, 0x9CFF, 0x9CFF, 
    0x9CFF, 0x9CFF, 0x9CFF, 0x9CFF, 0x9CFF, 0x9CFF, 0x9CFF, 0x9CFF, 0x9CFF, 0x9CFF, 0x9CFF, 0x9CFF, 
    0x9CFF, 0x9CFF, 0x9CFF, 0x9CFF, 0x9CFF, 0x9CFF, 0x9CFF, 0x9CFF, 0x9CFF, 0x9CFF, 0x9CFF, 0x9CFF, 
    0x9CFF, 0xBDFF, 0xDAEE, 0xB2B4, 0xFCFE, 0x9BF6, 0xBBFE, 0xBBFE, 0xBBFE, 0xBBFE, 0xBBFE, 0xBBFE, 
    0xBBFE, 0xBBFE, 0xBBFE, 0xBBFE, 0xBBFE, 0xBBFE, 0xBBFE, 0xBBFE, 0xBBFE, 0xBBFE, 0xBBFE, 0xBBFE, 
    0xBBFE, 0xBBFE, 0xBBFE, 0xBBFE, 0xBBFE, 0xBBFE, 0xBBFE, 0xBBFE, 0xBBFE, 0xBBFE, 0xBBFE, 0xBBFE, 
    0xBBFE, 0xBBFE, 0xBBFE, 0xBBFE, 0xBBFE, 0xBBFE, 0x9BFE, 0x9BFE, 0x9BFE, 0x9CFE, 0x9BFE, 0xDBFE, 
    0xB7BD, 0xD674, 0xBCAE, 0x1DBF, 0xFDBE, 0x1DBF, 0xFDBE, 0xFDBE, 0xFDBE, 0xFDBE, 0xFDBE, 0xFDBE, 
    0xFDBE, 0xFDBE, 0xFDBE, 0xFDBE, 0xFDBE, 0xFDBE, 0xFDBE, 0xFDBE, 0xFDBE, 0xFDBE, 0xFDBE, 0xFDBE, 
    0xFDBE, 0xFDBE, 
    0xFDBE, 0xFDBE, 0xFDBE, 0xFDBE, 0xFDBE, 0xFDBE, 0xFDBE, 0xFDBE, 0xFDBE, 0xFDBE, 
    0xFDBE, 0xFDBE, 0xFDBE, 0xFDBE, 0xFDBE, 0xFDBE, 0xFDBE, 0xFDBE, 0xFDBE, 0xFDBE, 0xFDBE, 0x1EBF, 
    0x5BA6, 0xD574, 0x79DE, 0xBBFE, 0x9AFE, 0xBAF6, 0x9AFE, 0xBAFE, 0xBAFE, 0xBAFE, 0xBAFE, 0xBAFE, 
    0xBAFE, 0xBAFE, 0xBAFE, 0xBAFE, 0xBAFE, 0xBAFE, 0xBAFE, 0xBAFE, 0xBAFE, 0xBAFE, 0xBAFE, 0xBAFE, 
    0xBAFE, 0xBAFE, 0xBAFE, 0xBAFE, 0xBAFE, 0xBAFE, 0xBAFE, 0xBAFE, 0xBAFE, 0xBAFE, 0xBAFE, 0xBAFE, 
    0xBAFE, 0xBAFE, 0xBAFE, 0xBAFE, 0xBAFE, 0xBAFE, 0xBBFE, 0x9BFE, 0xFCFE, 0x13C5, 0x98E6, 0xDDFF, 
    0x9CFF, 0x9CFF, 0x9CFF, 0x9CFF, 0x9CFF, 0x9CFF, 0x9CFF, 0x9CFF, 0x9CFF, 0x9CFF, 0x9CFF, 0x9CFF, 
    0x9CFF, 0x9CFF, 0x9CFF, 0x9CFF, 0x9CFF, 0x9CFF, 0x9CFF, 0x9CFF, 0x9CFF, 0x9CFF, 0x9CFF, 0x9CFF, 
    0x9CFF, 0x9CFF, 0x9CFF, 0x9CFF, 0x9CFF, 0x9CFF, 0x9CFF, 0x9CFF, 0x9CFF, 0x9CFF, 0x9CFF, 0x9CFF, 
    0x9CFF, 0x9CFF, 0x9CFF, 0x9CFF, 0x9CFF, 0x9CFF, 0x9CFF, 0x9CFF, 0x9CFF, 0x9CFF, 0x9CFF, 0x9CFF, 
    0x9CFF, 0x9CFF, 0x9CFF, 0x9CFF, 0x9CFF, 0x5CFF, 0xDAFE, 0xBAFE, 0xBAFE, 0xBAFE, 0xBAFE, 0xBAFE, 
    0xBAFE, 0xBAFE, 0xBAFE, 0xBAFE, 0xBAFE, 0xBAFE, 0xBAFE, 0xBAFE, 0xBAFE, 0xBAFE, 0xBAFE, 0xBAFE, 
    0xBAFE, 0xBAFE, 0xBAFE, 0xBAFE, 0xBAFE, 0xBAFE, 0xBAFE, 0xBAFE, 0xBBFE, 0x9BFE, 0xBAFE, 0xBAFE, 
    0x3CFF, 0x9CFF, 0x9CFF, 0x9CFF, 0x9CFF, 0x9CFF, 0x9CFF, 0x9CFF, 0x9CFF, 0x9CFF, 0x9CFF, 0x9CFF, 
    0x9CFF, 0x9CFF, 0x9CFF, 0x9CFF, 0x9CFF, 0x9CFF, 0x9CFF, 0x9CFF, 0x9CFF, 0x9CFF, 0x9CFF, 0x9CFF, 
    0x9CFF, 0x9CFF, 0x9CFF, 0x9CFF, 0x9CFF, 0x9CFF, 0x9CFF, 0x9CFF, 0x9CFF, 0x9CFF, 0x9CFF, 0x9CFF, 
    0x9CFF, 0x9CFF, 0x9CFF, 0x9CFF, 0x9CFF, 0x9CFF, 0x9CFF, 0x9CFF, 0x9CFF, 0x9CFF, 0x9CFF, 0x9CFF, 
    0x9CFF, 0x9CFF, 0x9CFF, 0xBDFF, 0xF9EE, 0xB1BC, 0xFBFE, 0x9AFE, 0xBAFE, 0xBAFE, 0xBAFE, 0xBAFE, 
    0xBAFE, 0xBAFE, 0xBAFE, 0xBAFE, 0xBAFE, 0xBAFE, 0xBAFE, 0xBAFE, 0xBAFE, 0xBAFE, 0xBAFE, 0xBAFE, 
    0xBAFE, 0xBAFE, 0xBAFE, 0xBAFE, 0xBAFE, 0xBAFE, 0xBAFE, 0xBAFE, 0xBAFE, 0xBAFE, 0xBAFE, 0xBAFE, 
    0xBAFE, 0xBAFE, 0xBAFE, 0xBAFE, 0xBAFE, 0xBAFE, 0xBAFE, 0xBAFE, 0x9AFE, 0x9AFE, 0xBAFE, 0xBBFE, 
    0x9AFE, 0xDAFE, 0xB6BD, 0xD574, 0xBCAE, 0x1DBF, 0xFDBE, 0x1DBF, 0xFDBE, 0xFDBE, 0xFDBE, 0xFDBE, 
    0xFDBE, 0xFDBE, 0xFDBE, 0xFDBE, 0xFDBE, 0xFDBE, 0xFDBE, 0xFDBE, 0xFDBE, 0xFDBE, 0xFDBE, 0xFDBE, 
    0xFDBE, 0xFDBE, 0xFDBE, 0xFDBE, 
    0xFDBE, 0xFDBE, 0xFDBE, 0xFDBE, 0xFDBE, 0xFDBE, 0xFDBE, 0xFDBE, 
    0xFDBE, 0xFDBE, 0xFDBE, 0xFDBE, 0xFDBE, 0xFDBE, 0xFDBE, 0xFDBE, 0xFDBE, 0xFDBE, 0xFDBE, 0xFDBE, 
    0xFDBE, 0x1EBF, 0x5B9E, 0xD474, 0x59DE, 0xBBFE, 0x9AFE, 0xB9F6, 0x9AFE, 0x9AFE, 0xBAF6, 0x9AFE, 
    0x9AFE, 0x9AFE, 0x9AFE, 0x9AFE, 0x9AFE, 0x9AFE, 0x9AFE, 0x9AFE, 0x9AFE, 0x9AFE, 0x9AFE, 0x9AFE, 
    0x9AFE, 0x9AFE, 0x9AFE, 0x9AFE, 0x9AFE, 0x9AFE, 0x9AFE, 0x9AFE, 0x9AFE, 0x9AFE, 0x9AFE, 0x9AFE, 
    0x9AFE, 0x9AFE, 0x9AFE, 0x9AFE, 0x9AFE, 0x9AFE, 0x9AFE, 0x9AFE, 0x9AFE, 0x7AFE, 0xDBFE, 0x13C5, 
    0x98E6, 0xBCFF, 0x9CFF, 0x9CFF, 0x9CFF, 0x9CFF, 0x9CFF, 0x9CFF, 0x9CFF, 0x9CFF, 0x9CFF, 0x9CFF, 
    0x9CFF, 0x9CFF, 0x9CFF, 0x9CFF, 0x9CFF, 0x9CFF, 0x9CFF, 0x9CFF, 0x9CFF, 0x9CFF, 0x9CFF, 0x9CFF, 
    0x9CFF, 0x9CFF, 0x9CFF, 0x9CFF, 0x9CFF, 0x9CFF, 0x9CFF, 0x9CFF, 0x9CFF, 0x9CFF, 0x9CFF, 0x9CFF, 
    0x9CFF, 0x9CFF, 0x9CFF, 0x9CFF, 0x9CFF, 0x9CFF, 0x9CFF, 0x9CFF, 0x9CFF, 0x9CFF, 0x9CFF, 0x9CFF, 
    0x9CFF, 0x9CFF, 0x9CFF, 0x9CFF, 0x9CFF, 0x9CFF, 0x9CFF, 0x5CFF, 0xDAFE, 0xBAFE, 0xBAFE, 0xBAFE, 
    0xBAFE, 0xBAFE, 0xBAFE, 0xBAFE, 0xBAFE, 0xBAFE, 0xBAFE, 0xBAFE, 0xBAFE, 0xBAFE, 0xBAFE, 0xBAFE, 
    0xBAFE, 0xBAFE, 0xBAFE, 0xBAFE, 0xBAFE, 0xBAFE, 0xBAFE, 0xBAFE, 0xBAFE, 0xBAFE, 0xBBFE, 0x9BFE, 
    0xBAFE, 0xBAFE, 0x3CFF, 0x9CFF, 0x9CFF, 0x9CFF, 0x9CFF, 0x9CFF, 0x9CFF, 0x9CFF, 0x9CFF, 0x9CFF, 
    0x9CFF, 0x9CFF, 0x9CFF, 0x9CFF, 0x9CFF, 0x9CFF, 0x9CFF, 0x9CFF, 0x9CFF, 0x9CFF, 0x9CFF, 0x9CFF, 
    0x9CFF, 0x9CFF, 0x9CFF, 0x9CFF, 0x9CFF, 0x9CFF, 0x9CFF, 0x9CFF, 0x9CFF, 0x9CFF, 0x9CFF, 0x9CFF, 
    0x9CFF, 0x9CFF, 0x9CFF, 0x9CFF, 0x9CFF, 0x9CFF, 0x9CFF, 0x9CFF, 0x9CFF, 0x9CFF, 0x9CFF, 0x9CFF, 
    0x9CFF, 0x9CFF, 0x9CFF, 0x9CFF, 0x9CFF, 0xBDFF, 0xD9EE, 0xB0BC, 0xDAFE, 0x9AFE, 0x9AFE, 0x9AFE, 
    0x9AFE, 0x9AFE, 0x9AFE, 0x9AFE, 0x9AFE, 0x9AFE, 0x9AFE, 0x9AFE, 0x9AFE, 0x9AFE, 0x9AFE, 0x9AFE, 
    0x9AFE, 0x9AFE, 0x9AFE, 0x9AFE, 0x9AFE, 0x9AFE, 0x9AFE, 0x9AFE, 0x9AFE, 0x9AFE, 0x9AFE, 0x9AFE, 
    0x9AFE, 0x9AFE, 0x9AFE, 0x9AFE, 0x9AFE, 0x9AFE, 0x9AFE, 0x9AFE, 0x9AFE, 0x9AFE, 0x9AFE, 0x9AFE, 
    0x9AFE, 0x9AF6, 0x9AFE, 0xBAFE, 0xB6BD, 0xF574, 0xBCAE, 0x1DBF, 0xFDBE, 0x1DBF, 0xFDBE, 0xFDBE, 
    0xFDBE, 0xFDBE, 0xFDBE, 0xFDBE, 0xFDBE, 0xFDBE, 0xFDBE, 0xFDBE, 0xFDBE, 0xFDBE, 0xFDBE, 0xFDBE, 
    0xFDBE, 0xFDBE, 0xFDBE, 0xFDBE, 0xFDBE, 0xFDBE, 
    0xFDBE, 0xFDBE, 0xFDBE, 0xFDBE, 0xFDBE, 0xFDBE, 
    0xFDBE, 0xFDBE, 0xFDBE, 0xFDBE, 0xFDBE, 0xFDBE, 0xFDBE, 0xFDBE, 0xFDBE, 0xFDBE, 0xFDBE, 0xFDBE, 
    0xFDBE, 0xFDBE, 0xFDBE, 0x1EBF, 0x5B9E, 0xD574, 0x9BDE, 0x1EFF, 0xFCFE, 0x1CFF, 0xFDFE, 0xFDFE, 
    0x1DFF, 0xFCFE, 0xFDFE, 0xFDFE, 0xFDFE, 0xFDFE, 0xFDFE, 0xFDFE, 0xFDFE, 0xFDFE, 0xFDFE, 0xFDFE, 
    0xFDFE, 0xFDFE, 0xFDFE, 0xFDFE, 0xFDFE, 0xFDFE, 0xFDFE, 0xFDFE, 0xFDFE, 0xFDFE, 0xFDFE, 0xFDFE, 
    0xFDFE, 0xFDFE, 0xFDFE, 0xFDFE, 0xFDFE, 0xFDFE, 0xFDFE, 0xFDFE, 0xFDFE, 0x1CFF, 0x1BFF, 0xFBFE, 
    0x3CFF, 0x54CD, 0x98E6, 0xBDFF, 0x9CFF, 0x9CFF, 0x9CFF, 0x9CFF, 0x9CFF, 0x9CFF, 0x9CFF, 0x9CFF, 
    0x9CFF, 0x9CFF, 0x9CFF, 0x9CFF, 0x9CFF, 0x9CFF, 0x9CFF, 0x9CFF, 0x9CFF, 0x9CFF, 0x9CFF, 0x9CFF, 
    0x9CFF, 0x9CFF, 0x9CFF, 0x9CFF, 0x9CFF, 0x9CFF, 0x9CFF, 0x9CFF, 0x9CFF, 0x9CFF, 0x9CFF, 0x9CFF, 
    0x9CFF, 0x9CFF, 0x9CFF, 0x9CFF, 0x9CFF, 0x9CFF, 0x9CFF, 0x9CFF, 0x9CFF, 0x9CFF, 0x9CFF, 0x9CFF, 
    0x9CFF, 0x9CFF, 0x9CFF, 0x9CFF, 0x9CFF, 0x9CFF, 0x9CFF, 0x9CFF, 0x9CFF, 0x5CFF, 0xDAFE, 0xBAFE, 
    0xBAFE, 0xBAFE, 0xBAFE, 0xBAFE, 0xBAFE, 0xBAFE, 0xBAFE, 0xBAFE, 0xBAFE, 0xBAFE, 0xBAFE, 0xBAFE, 
    0xBAFE, 0xBAFE, 0xBAFE, 0xBAFE, 0xBAFE, 0xBAFE, 0xBAFE, 0xBAFE, 0xBAFE, 0xBAFE, 0xBAFE, 0xBAFE, 
    0xBBFE, 0x9BFE, 0xBAFE, 0xBAFE, 0x3CFF, 0x9CFF, 0x9CFF, 0x9CFF, 0x9CFF, 0x9CFF, 0x9CFF, 0x9CFF, 
    0x9CFF, 0x9CFF, 0x9CFF, 0x9CFF, 0x9CFF, 0x9CFF, 0x9CFF, 0x9CFF, 0x9CFF, 0x9CFF, 0x9CFF, 0x9CFF, 
    0x9CFF, 0x9CFF, 0x9CFF, 0x9CFF, 0x9CFF, 0x9CFF, 0x9CFF, 0x9CFF, 0x9CFF, 0x9CFF, 0x9CFF, 0x9CFF, 
    0x9CFF, 0x9CFF, 0x9CFF, 0x9CFF, 0x9CFF, 0x9CFF, 0x9CFF, 0x9CFF, 0x9CFF, 0x9CFF, 0x9CFF, 0x9CFF, 
    0x9CFF, 0x9CFF, 0x9CFF, 0x9CFF, 0x9CFF, 0x9CFF, 0x9CFF, 0xBDFF, 0xDAEE, 0xD3BC, 0x5DFF, 0xFDFE, 
    0xFDFE, 0x1CFF, 0x1CFF, 0xFDFE, 0xFDFE, 0xFDFE, 0xFDFE, 0xFDFE, 0xFDFE, 0xFDFE, 0xFDFE, 0xFDFE, 
    0xFDFE, 0xFDFE, 0xFDFE, 0xFDFE, 0xFDFE, 0xFDFE, 0xFDFE, 0xFDFE, 0xFDFE, 0xFDFE, 0xFDFE, 0xFDFE, 
    0xFDFE, 0xFDFE, 0xFDFE, 0xFDFE, 0xFDFE, 0xFDFE, 0xFDFE, 0xFDFE, 0xFDFE, 0xFDFE, 0xFDFE, 0xFDFE, 
    0xFDFE, 0x1CFF, 0x1CFF, 0x1DFF, 0xFDFE, 0x3DFF, 0xD8BD, 0xD66C, 0xBCAE, 0x1DBF, 0xFDBE, 0x1DBF, 
    0xFDBE, 0xFDBE, 0xFDBE, 0xFDBE, 0xFDBE, 0xFDBE, 0xFDBE, 0xFDBE, 0xFDBE, 0xFDBE, 0xFDBE, 0xFDBE, 
    0xFDBE, 0xFDBE, 0xFDBE, 0xFDBE, 0xFDBE, 0xFDBE, 0xFDBE, 0xFDBE, 
    0xFDBE, 0xFDBE, 0xFDBE, 0xFDBE, 
    0xFDBE, 0xFDBE, 0xFDBE, 0xFDBE, 0xFDBE, 0xFDBE, 0xFDBE, 0xFDBE, 0xFDBE, 0xFDBE, 0xFDBE, 0xFDBE, 
    0xFDBE, 0xFDBE, 0xFDBE, 0xFDBE, 0xFDBE, 0x1EBF, 0x5B9E, 0xD47C, 0x91AC, 0x50BC, 0x50C4, 0x70BC, 
    0x70C4, 0x70C4, 0x70BC, 0x70C4, 0x70C4, 0x70C4, 0x70C4, 0x70C4, 0x70C4, 0x70C4, 0x70C4, 0x70C4, 
    0x70C4, 0x70C4, 0x70C4, 0x70C4, 0x70C4, 0x70C4, 0x70C4, 0x70C4, 0x70C4, 0x70C4, 0x70C4, 0x70C4, 
    0x70C4, 0x70C4, 0x70C4, 0x70C4, 0x70C4, 0x70C4, 0x70C4, 0x70C4, 0x70C4, 0x70C4, 0x70C4, 0x90BC, 
    0x91B4, 0x91B4, 0xB1BC, 0x8D93, 0x98EE, 0xBCFF, 0x7CFF, 0x9CFF, 0x9CFF, 0x9CFF, 0x9CFF, 0x9CFF, 
    0x9CFF, 0x9CFF, 0x9CFF, 0x9CFF, 0x9CFF, 0x9CFF, 0x9CFF, 0x9CFF, 0x9CFF, 0x9CFF, 0x9CFF, 0x9CFF, 
    0x9CFF, 0x9CFF, 0x9CFF, 0x9CFF, 0x9CFF, 0x9CFF, 0x9CFF, 0x9CFF, 0x9CFF, 0x9CFF, 0x9CFF, 0x9CFF, 
    0x9CFF, 0x9CFF, 0x9CFF, 0x9CFF, 0x9CFF, 0x9CFF, 0x9CFF, 0x9CFF, 0x9CFF, 0x9CFF, 0x9CFF, 0x9CFF, 
    0x9CFF, 0x9CFF, 0x9CFF, 0x9CFF, 0x9CFF, 0x9CFF, 0x9CFF, 0x9CFF, 0x9CFF, 0x9CFF, 0x9CFF, 0x5CFF, 
    0xDAFE, 0xBAFE, 0xBAFE, 0xBAFE, 0xBAFE, 0xBAFE, 0xBAFE, 0xBAFE, 0xBAFE, 0xBAFE, 0xBAFE, 0xBAFE, 
    0xBAFE, 0xBAFE, 0xBAFE, 0xBAFE, 0xBAFE, 0xBAFE, 0xBAFE, 0xBAFE, 0xBAFE, 0xBAFE, 0xBAFE, 0xBAFE, 
    0xBAFE, 0xBAFE, 0xBBFE, 0x9BFE, 0xBAFE, 0xBAFE, 0x3CFF, 0x9CFF, 0x9CFF, 0x9CFF, 0x9CFF, 0x9CFF, 
    0x9CFF, 0x9CFF, 0x9CFF, 0x9CFF, 0x9CFF, 0x9CFF, 0x9CFF, 0x9CFF, 0x9CFF, 0x9CFF, 0x9CFF, 0x9CFF, 
    0x9CFF, 0x9CFF, 0x9CFF, 0x9CFF, 0x9CFF, 0x9CFF, 0x9CFF, 0x9CFF, 0x9CFF, 0x9CFF, 0x9CFF, 0x9CFF, 
    0x9CFF, 0x9CFF, 0x9CFF, 0x9CFF, 0x9CFF, 0x9CFF, 0x9CFF, 0x9CFF, 0x9CFF, 0x9CFF, 0x9CFF, 0x9CFF, 
    0x9CFF, 0x9CFF, 0x9CFF, 0x9CFF, 0x9CFF, 0x9CFF, 0x9CFF, 0x9CFF, 0x9CFF, 0xBDFF, 0xF9F6, 0x4B9B, 
    0x90C4, 0x50BC, 0x70C4, 0x70C4, 0x70C4, 0x70C4, 0x70C4, 0x70C4, 0x70C4, 0x70C4, 0x70C4, 0x70C4, 
    0x70C4, 0x70C4, 0x70C4, 0x70C4, 0x70C4, 0x70C4, 0x70C4, 0x70C4, 0x70C4, 0x70C4, 0x70C4, 0x70C4, 
    0x70C4, 0x70C4, 0x70C4, 0x70C4, 0x70C4, 0x70C4, 0x70C4, 0x70C4, 0x70C4, 0x70C4, 0x70C4, 0x70C4, 
    0x70C4, 0x70C4, 0x70C4, 0x70C4, 0x70BC, 0x70BC, 0x70C4, 0x70BC, 0x519C, 0xD584, 0xBCAE, 0x1DBF, 
    0xFDBE, 0x1DBF, 0xFDBE, 0xFDBE, 0xFDBE, 0xFDBE, 0xFDBE, 0xFDBE, 0xFDBE, 0xFDBE, 0xFDBE, 0xFDBE, 
    0xFDBE, 0xFDBE, 0xFDBE, 0xFDBE, 0xFDBE, 0xFDBE, 0xFDBE, 0xFDBE, 0xFDBE, 0xFDBE, 
    0xFDBE, 0xFDBE, 
    0xFDBE, 0xFDBE, 0xFDBE, 0xFDBE, 0xFDBE, 0xFDBE, 0xFDBE, 0xFDBE, 0xFDBE, 0xFDBE, 0xFDBE, 0xFDBE, 
    0xFDBE, 0xFDBE, 0xFDBE, 0xFDBE, 0xFDBE, 0xFDBE, 0xFDBE, 0x1EBF, 0x5BA6, 0xF474, 0x53AD, 0x53C5, 
    0x52C5, 0x52BD, 0x32C5, 0x53C5, 0x52C5, 0x52C5, 0x52C5, 0x52C5, 0x52C5, 0x52C5, 0x52C5, 0x52C5, 
    0x52C5, 0x52C5, 0x52C5, 0x52C5, 0x52C5, 0x52C5, 0x52C5, 0x52C5, 0x52C5, 0x52C5, 0x52C5, 0x52C5, 
    0x52C5, 0x52C5, 0x52C5, 0x52C5, 0x52C5, 0x52C5, 0x52C5, 0x52C5, 0x52C5, 0x52C5, 0x52C5, 0x52C5, 
    0x52C5, 0x52C5, 0x52C5, 0x33C5, 0x33C5, 0x53C5, 0x5AF7, 0xBCFF, 0x9CFF, 0x9CFF, 0x9CFF, 0x9CFF, 
    0x9CFF, 0x9CFF, 0x9CFF, 0x9CFF, 0x9CFF, 0x9CFF, 0x9CFF, 0x9CFF, 0x9CFF, 0x9CFF, 0x9CFF, 0x9CFF, 
    0x9CFF, 0x9CFF, 0x9CFF, 0x9CFF, 0x9CFF, 0x9CFF, 0x9CFF, 0x9CFF, 0x9CFF, 0x9CFF, 0x9CFF, 0x9CFF, 
    0x9CFF, 0x9CFF, 0x9CFF, 0x9CFF, 0x9CFF, 0x9CFF, 0x9CFF, 0x9CFF, 0x9CFF, 0x9CFF, 0x9CFF, 0x9CFF, 
    0x9CFF, 0x9CFF, 0x9CFF, 0x9CFF, 0x9CFF, 0x9CFF, 0x9CFF, 0x9CFF, 0x9CFF, 0x9CFF, 0x9CFF, 0x9CFF, 
    0x9CFF, 0x5CFF, 0xDAFE, 0xBAFE, 0xBAFE, 0xBAFE, 0xBAFE, 0xBAFE, 0xBAFE, 0xBAFE, 0xBAFE, 0xBAFE, 
    0xBAFE, 0xBAFE, 0xBAFE, 0xBAFE, 0xBAFE, 0xBAFE, 0xBAFE, 0xBAFE, 0xBAFE, 0xBAFE, 0xBAFE, 0xBAFE, 
    0xBAFE, 0xBAFE, 0xBAFE, 0xBAFE, 0xBBFE, 0x9BFE, 0xBAFE, 0xBAFE, 0x3CFF, 0x9CFF, 0x9CFF, 0x9CFF, 
    0x9CFF, 0x9CFF, 0x9CFF, 0x9CFF, 0x9CFF, 0x9CFF, 0x9CFF, 0x9CFF, 0x9CFF, 0x9CFF, 0x9CFF, 0x9CFF, 
    0x9CFF, 0x9CFF, 0x9CFF, 0x9CFF, 0x9CFF, 0x9CFF, 0x9CFF, 0x9CFF, 0x9CFF, 0x9CFF, 0x9CFF, 0x9CFF, 
    0x9CFF, 0x9CFF, 0x9CFF, 0x9CFF, 0x9CFF, 0x9CFF, 0x9CFF, 0x9CFF, 0x9CFF, 0x9CFF, 0x9CFF, 0x9CFF, 
    0x9CFF, 0x9CFF, 0x9CFF, 0x9CFF, 0x9CFF, 0x9CFF, 0x9CFF, 0x9CFF, 0x9CFF, 0x9CFF, 0x9CFF, 0x9CFF, 
    0x7BFF, 0x93CD, 0x32C5, 0x53C5, 0x52C5, 0x52C5, 0x52C5, 0x52C5, 0x52C5, 0x52C5, 0x52C5, 0x52C5, 
    0x52C5, 0x52C5, 0x52C5, 0x52C5, 0x52C5, 0x52C5, 0x52C5, 0x52C5, 0x52C5, 0x52C5, 0x52C5, 0x52C5, 
    0x52C5, 0x52C5, 0x52C5, 0x52C5, 0x52C5, 0x52C5, 0x52C5, 0x52C5, 0x52C5, 0x52C5, 0x52C5, 0x52C5, 
    0x52C5, 0x52C5, 0x52C5, 0x52C5, 0x52C5, 0x52C5, 0x52C5, 0x53C5, 0x33C5, 0x53C5, 0x34A5, 0xF574, 
    0xBCAE, 0x1DBF, 0xFDBE, 0x1DBF, 0xFDBE, 0xFDBE, 0xFDBE, 0xFDBE, 0xFDBE, 0xFDBE, 0xFDBE, 0xFDBE, 
    0xFDBE, 0xFDBE, 0xFDBE, 0xFDBE, 0xFDBE, 0xFDBE, 0xFDBE, 0xFDBE, 0xFDBE, 0xFDBE, 0xFDBE, 0xFDBE, 
    
    0xFDBE, 0xFDBE, 0xFDBE, 0xFDBE, 0xFDBE, 0xFDBE, 0xFDBE, 0xFDBE, 0xFDBE, 0xFDBE, 0xFDBE, 0xFDBE, 
    0xFDBE, 0xFDBE, 0xFDBE, 0xFDBE, 0xFDBE, 0xFDBE, 0xFDBE, 0xFDBE, 0xFDBE, 0x1EBF, 0x5BA6, 0xF574, 
    0x7CE7, 0xFFFF, 0xFEFF, 0xFEFF, 0xFEFF, 0xFEFF, 0xFEFF, 0xFEFF, 0xFEFF, 0xFEFF, 0xFEFF, 0xFEFF, 
    0xFEFF, 0xFEFF, 0xFEFF, 0xFEFF, 0xFEFF, 0xFEFF, 0xFEFF, 0xFEFF, 0xFEFF, 0xFEFF, 0xFEFF, 0xFEFF, 
    0xFEFF, 0xFEFF, 0xFEFF, 0xFEFF, 0xFEFF, 0xFEFF, 0xFEFF, 0xFEFF, 0xFEFF, 0xFEFF, 0xFEFF, 0xFEFF, 
    0xFEFF, 0xFEFF, 0xFEFF, 0xFEFF, 0xFDFF, 0xFDFF, 0xFEFF, 0xFDFF, 0x9CFF, 0x9CFF, 0x9CFF, 0x9CFF, 
    0x9CFF, 0x9CFF, 0x9CFF, 0x9CFF, 0x9CFF, 0x9CFF, 0x9CFF, 0x9CFF, 0x9CFF, 0x9CFF, 0x9CFF, 0x9CFF, 
    0x9CFF, 0x9CFF, 0x9CFF, 0x9CFF, 0x9CFF, 0x9CFF, 0x9CFF, 0x9CFF, 0x9CFF, 0x9CFF, 0x9CFF, 0x9CFF, 
    0x9CFF, 0x9CFF, 0x9CFF, 0x9CFF, 0x9CFF, 0x9CFF, 0x9CFF, 0x9CFF, 0x9CFF, 0x9CFF, 0x9CFF, 0x9CFF, 
    0x9CFF, 0x9CFF, 0x9CFF, 0x9CFF, 0x9CFF, 0x9CFF, 0x9CFF, 0x9CFF, 0x9CFF, 0x9CFF, 0x9CFF, 0x9CFF, 
    0x9CFF, 0x9CFF, 0x9CFF, 0x5CFF, 0xDAFE, 0xBAFE, 0xBAFE, 0xBAFE, 0xBAFE, 0xBAFE, 0xBAFE, 0xBAFE, 
    0xBAFE, 0xBAFE, 0xBAFE, 0xBAFE, 0xBAFE, 0xBAFE, 0xBAFE, 0xBAFE, 0xBAFE, 0xBAFE, 0xBAFE, 0xBAFE, 
    0xBAFE, 0xBAFE, 0xBAFE, 0xBAFE, 0xBAFE, 0xBAFE, 0xBBFE, 0x9BFE, 0xBAFE, 0xBAFE, 0x3CFF, 0x9CFF, 
    0x9CFF, 0x9CFF, 0x9CFF, 0x9CFF, 0x9CFF, 0x9CFF, 0x9CFF, 0x9CFF, 0x9CFF, 0x9CFF, 0x9CFF, 0x9CFF, 
    0x9CFF, 0x9CFF, 0x9CFF, 0x9CFF, 0x9CFF, 0x9CFF, 0x9CFF, 0x9CFF, 0x9CFF, 0x9CFF, 0x9CFF, 0x9CFF, 
    0x9CFF, 0x9CFF, 0x9CFF, 0x9CFF, 0x9CFF, 0x9CFF, 0x9CFF, 0x9CFF, 0x9CFF, 0x9CFF, 0x9CFF, 0x9CFF, 
    0x9CFF, 0x9CFF, 0x9CFF, 0x9CFF, 0x9CFF, 0x9CFF, 0x9CFF, 0x9CFF, 0x9CFF, 0x9CFF, 0x9CFF, 0x9CFF, 
    0x9CFF, 0x9CFF, 0x9CFF, 0xFEFF, 0xFEFF, 0xFEFF, 0xFEFF, 0xFEFF, 0xFEFF, 0xFEFF, 0xFEFF, 0xFEFF, 
    0xFEFF, 0xFEFF, 0xFEFF, 0xFEFF, 0xFEFF, 0xFEFF, 0xFEFF, 0xFEFF, 0xFEFF, 0xFEFF, 0xFEFF, 0xFEFF, 
    0xFEFF, 0xFEFF, 0xFEFF, 0xFEFF, 0xFEFF, 0xFEFF, 0xFEFF, 0xFEFF, 0xFEFF, 0xFEFF, 0xFEFF, 0xFEFF, 
    0xFEFF, 0xFEFF, 0xFEFF, 0xFEFF, 0xFEFF, 0xFEFF, 0xFEFF, 0xFEFF, 0xFEFF, 0xFEFF, 0xFEFF, 0xFFFF, 
    0xDBCE, 0xF66C, 0xBCAE, 0x1DBF, 0xFDBE, 0x1DBF, 0xFDBE, 0xFDBE, 0xFDBE, 0xFDBE, 0xFDBE, 0xFDBE, 
    0xFDBE, 0xFDBE, 0xFDBE, 0xFDBE, 0xFDBE, 0xFDBE, 0xFDBE, 0xFDBE, 0xFDBE, 0xFDBE, 0xFDBE, 0xFDBE, 
    0xFDBE, 0xFDBE, 
    0xFDBE, 0xFDBE, 0xFDBE, 0xFDBE, 0xFDBE, 0xFDBE, 0xFDBE, 0xFDBE, 0xFDBE, 0xFDBE, 
    0xFDBE, 0xFDBE, 0xFDBE, 0xFDBE, 0xFDBE, 0xFDBE, 0xFDBE, 0xFDBE, 0xFDBE, 0xFDBE, 0xFDBE, 0x1EBF, 
    0x5BA6, 0xF474, 0xFADE, 0x9DFF, 0x5CFF, 0x9BFF, 0x9CFF, 0x7CFF, 0x7CFF, 0x7CFF, 0x7CFF, 0x7CFF, 
    0x7CFF, 0x7CFF, 0x7CFF, 0x7CFF, 0x7CFF, 0x7CFF, 0x7CFF, 0x7CFF, 0x7CFF, 0x7CFF, 0x7CFF, 0x7CFF, 
    0x7CFF, 0x7CFF, 0x7CFF, 0x7CFF, 0x7CFF, 0x7CFF, 0x7CFF, 0x7CFF, 0x7CFF, 0x7CFF, 0x7CFF, 0x7CFF, 
    0x7CFF, 0x7CFF, 0x7CFF, 0x7CFF, 0x7CFF, 0x7CFF, 0x7CFF, 0x7CFF, 0x7CFF, 0x7CFF, 0x9CFF, 0x9CFF, 
    0x9CFF, 0x9CFF, 0x9CFF, 0x9CFF, 0x9CFF, 0x9CFF, 0x9CFF, 0x9CFF, 0x9CFF, 0x9CFF, 0x9CFF, 0x9CFF, 
    0x9CFF, 0x9CFF, 0x9CFF, 0x9CFF, 0x9CFF, 0x9CFF, 0x9CFF, 0x9CFF, 0x9CFF, 0x9CFF, 0x9CFF, 0x9CFF, 
    0x9CFF, 0x9CFF, 0x9CFF, 0x9CFF, 0x9CFF, 0x9CFF, 0x9CFF, 0x9CFF, 0x9CFF, 0x9CFF, 0x9CFF, 0x9CFF, 
    0x9CFF, 0x9CFF, 0x9CFF, 0x9CFF, 0x9CFF, 0x9CFF, 0x9CFF, 0x9CFF, 0x9CFF, 0x9CFF, 0x9CFF, 0x9CFF, 
    0x9CFF, 0x9CFF, 0x9CFF, 0x9CFF, 0x9CFF, 0x5CFF, 0xDAFE, 0xBAFE, 0xBAFE, 0xBAFE, 0xBAFE, 0xBAFE, 
    0xBAFE, 0xBAFE, 0xBAFE, 0xBAFE, 0xBAFE, 0xBAFE, 0xBAFE, 0xBAFE, 0xBAFE, 0xBAFE, 0xBAFE, 0xBAFE, 
    0xBAFE, 0xBAFE, 0xBAFE, 0xBAFE, 0xBAFE, 0xBAFE, 0xBAFE, 0xBAFE, 0xBBFE, 0x9BFE, 0xBAFE, 0xBAFE, 
    0x3CFF, 0x9CFF, 0x9CFF, 0x9CFF, 0x9CFF, 0x9CFF, 0x9CFF, 0x9CFF, 0x9CFF, 0x9CFF, 0x9CFF, 0x9CFF, 
    0x9CFF, 0x9CFF, 0x9CFF, 0x9CFF, 0x9CFF, 0x9CFF, 0x9CFF, 0x9CFF, 0x9CFF, 0x9CFF, 0x9CFF, 0x9CFF, 
    0x9CFF, 0x9CFF, 0x9CFF, 0x9CFF, 0x9CFF, 0x9CFF, 0x9CFF, 0x9CFF, 0x9CFF, 0x9CFF, 0x9CFF, 0x9CFF, 
    0x9CFF, 0x9CFF, 0x9CFF, 0x9CFF, 0x9CFF, 0x9CFF, 0x9CFF, 0x9CFF, 0x9CFF, 0x9CFF, 0x9CFF, 0x9CFF, 
    0x9CFF, 0x9CFF, 0x9CFF, 0x9CFF, 0x9CFF, 0x7CFF, 0x7CFF, 0x7CFF, 0x7CFF, 0x7CFF, 0x7CFF, 0x7CFF, 
    0x7CFF, 0x7CFF, 0x7CFF, 0x7CFF, 0x7CFF, 0x7CFF, 0x7CFF, 0x7CFF, 0x7CFF, 0x7CFF, 0x7CFF, 0x7CFF, 
    0x7CFF, 0x7CFF, 0x7CFF, 0x7CFF, 0x7CFF, 0x7CFF, 0x7CFF, 0x7CFF, 0x7CFF, 0x7CFF, 0x7CFF, 0x7CFF, 
    0x7CFF, 0x7CFF, 0x7CFF, 0x7CFF, 0x7CFF, 0x7CFF, 0x7CFF, 0x7CFF, 0x7CFF, 0x7BFF, 0x7BFF, 0x7CFF, 
    0x7CFF, 0xBCFF, 0x79CE, 0xD574, 0xBCAE, 0x1DBF, 0xFDBE, 0x1DBF, 0xFDBE, 0xFDBE, 0xFDBE, 0xFDBE, 
    0xFDBE, 0xFDBE, 0xFDBE, 0xFDBE, 0xFDBE, 0xFDBE, 0xFDBE, 0xFDBE, 0xFDBE, 0xFDBE, 0xFDBE, 0xFDBE, 
    0xFDBE, 0xFDBE, 0xFDBE, 0xFDBE, 
    0xFDBE, 0xFDBE, 0xFDBE, 0xFDBE, 0xFDBE, 0xFDBE, 0xFDBE, 0xFDBE, 
    0xFDBE, 0xFDBE, 0xFDBE, 0xFDBE, 0xFDBE, 0xFDBE, 0xFDBE, 0xFDBE, 0xFDBE, 0xFDBE, 0xFDBE, 0xFDBE, 
    0xFDBE, 0x1EBF, 0x5BA6, 0xF474, 0x1BDF, 0xBDFF, 0x7CFF, 0x9CFF, 0x9CFF, 0x9CFF, 0x9CFF, 0x9CFF, 
    0x9CFF, 0x9CFF, 0x9CFF, 0x9CFF, 0x9CFF, 0x9CFF, 0x9CFF, 0x9CFF, 0x9CFF, 0x9CFF, 0x9CFF, 0x9CFF, 
    0x9CFF, 0x9CFF, 0x9CFF, 0x9CFF, 0x9CFF, 0x9CFF, 0x9CFF, 0x9CFF, 0x9CFF, 0x9CFF, 0x9CFF, 0x9CFF, 
    0x9CFF, 0x9CFF, 0x9CFF, 0x9CFF, 0x9CFF, 0x9CFF, 0x9CFF, 0x9CFF, 0x9CFF, 0x9CFF, 0x9CFF, 0x9CFF, 
    0x9CFF, 0x9CFF, 0x9CFF, 0x9CFF, 0x9CFF, 0x9CFF, 0x9CFF, 0x9CFF, 0x9CFF, 0x9CFF, 0x9CFF, 0x9CFF, 
    0x9CFF, 0x9CFF, 0x9CFF, 0x9CFF, 0x9CFF, 0x9CFF, 0x9CFF, 0x9CFF, 0x9CFF, 0x9CFF, 0x9CFF, 0x9CFF, 
    0x9CFF, 0x9CFF, 0x9CFF, 0x9CFF, 0x9CFF, 0x9CFF, 0x9CFF, 0x9CFF, 0x9CFF, 0x9CFF, 0x9CFF, 0x9CFF, 
    0x9CFF, 0x9CFF, 0x9CFF, 0x9CFF, 0x9CFF, 0x9CFF, 0x9CFF, 0x9CFF, 0x9CFF, 0x9CFF, 0x9CFF, 0x9CFF, 
    0x9CFF, 0x9CFF, 0x9CFF, 0x9CFF, 0x9CFF, 0x9CFF, 0x9CFF, 0x5CFF, 0xDAFE, 0xBAFE, 0xBAFE, 0xBAFE, 
    0xBAFE, 0xBAFE, 0xBAFE, 0xBAFE, 0xBAFE, 0xBAFE, 0xBAFE, 0xBAFE, 0xBAFE, 0xBAFE, 0xBAFE, 0xBAFE, 
    0xBAFE, 0xBAFE, 0xBAFE, 0xBAFE, 0xBAFE, 0xBAFE, 0xBAFE, 0xBAFE, 0xBAFE, 0xBAFE, 0xBBFE, 0x9BFE, 
    0xBAFE, 0xBAFE, 0x3CFF, 0x9CFF, 0x9CFF, 0x9CFF, 0x9CFF, 0x9CFF, 0x9CFF, 0x9CFF, 0x9CFF, 0x9CFF, 
    0x9CFF, 0x9CFF, 0x9CFF, 0x9CFF, 0x9CFF, 0x9CFF, 0x9CFF, 0x9CFF, 0x9CFF, 0x9CFF, 0x9CFF, 0x9CFF, 
    0x9CFF, 0x9CFF, 0x9CFF, 0x9CFF, 0x9CFF, 0x9CFF, 0x9CFF, 0x9CFF, 0x9CFF, 0x9CFF, 0x9CFF, 0x9CFF, 
    0x9CFF, 0x9CFF, 0x9CFF, 0x9CFF, 0x9CFF, 0x9CFF, 0x9CFF, 0x9CFF, 0x9CFF, 0x9CFF, 0x9CFF, 0x9CFF, 
    0x9CFF, 0x9CFF, 0x9CFF, 0x9CFF, 0x9CFF, 0x9CFF, 0x9CFF, 0x9CFF, 0x9CFF, 0x9CFF, 0x9CFF, 0x9CFF, 
    0x9CFF, 0x9CFF, 0x9CFF, 0x9CFF, 0x9CFF, 0x9CFF, 0x9CFF, 0x9CFF, 0x9CFF, 0x9CFF, 0x9CFF, 0x9CFF, 
    0x9CFF, 0x9CFF, 0x9CFF, 0x9CFF, 0x9CFF, 0x9CFF, 0x9CFF, 0x9CFF, 0x9CFF, 0x9CFF, 0x9CFF, 0x9CFF, 
    0x9CFF, 0x9CFF, 0x9CFF, 0x9CFF, 0x9CFF, 0x9CFF, 0x9CFF, 0x9CFF, 0x9CFF, 0x9CFF, 0x9CFF, 0x9CFF, 
    0x9CFF, 0x9CFF, 0x9CFF, 0xDDFF, 0x99CE, 0xD574, 0xBCAE, 0x1DBF, 0xFDBE, 0x1DBF, 0xFDBE, 0xFDBE, 
    0xFDBE, 0xFDBE, 0xFDBE, 0xFDBE, 0xFDBE, 0xFDBE, 0xFDBE, 0xFDBE, 0xFDBE, 0xFDBE, 0xFDBE, 0xFDBE, 
    0xFDBE, 0xFDBE, 0xFDBE, 0xFDBE, 0xFDBE, 0xFDBE, 
    0xFDBE, 0xFDBE, 0xFDBE, 0xFDBE, 0xFDBE, 0xFDBE, 
    0xFDBE, 0xFDBE, 0xFDBE, 0xFDBE, 0xFDBE, 0xFDBE, 0xFDBE, 0xFDBE, 0xFDBE, 0xFDBE, 0xFDBE, 0xFDBE, 
    0xFDBE, 0xFDBE, 0xFDBE, 0x1EBF, 0x5BA6, 0xF474, 0x1BDF, 0xBDFF, 0x7CFF, 0x9CFF, 0x9CFF, 0x9CFF, 
    0x9CFF, 0x9CFF, 0x9CFF, 0x9CFF, 0x9CFF, 0x9CFF, 0x9CFF, 0x9CFF, 0x9CFF, 0x9CFF, 0x9CFF, 0x9CFF, 
    0x9CFF, 0x9CFF, 0x9CFF, 0x9CFF, 0x9CFF, 0x9CFF, 0x9CFF, 0x9CFF, 0x9CFF, 0x9CFF, 0x9CFF, 0x9CFF, 
    0x9CFF, 0x9CFF, 0x9CFF, 0x9CFF, 0x9CFF, 0x9CFF, 0x9CFF, 0x9CFF, 0x9CFF, 0x9CFF, 0x9CFF, 0x9CFF, 
    0x9CFF, 0x9CFF, 0x9CFF, 0x9CFF, 0x9CFF, 0x9CFF, 0x9CFF, 0x9CFF, 0x9CFF, 0x9CFF, 0x9CFF, 0x9CFF, 
    0x9CFF, 0x9CFF, 0x9CFF, 0x9CFF, 0x9CFF, 0x9CFF, 0x9CFF, 0x9CFF, 0x9CFF, 0x9CFF, 0x9CFF, 0x9CFF, 
    0x9CFF, 0x9CFF, 0x9CFF, 0x9CFF, 0x9CFF, 0x9CFF, 0x9CFF, 0x9CFF, 0x9CFF, 0x9CFF, 0x9CFF, 0x9CFF, 
    0x9CFF, 0x9CFF, 0x9CFF, 0x9CFF, 0x9CFF, 0x9CFF, 0x9CFF, 0x9CFF, 0x9CFF, 0x9CFF, 0x9CFF, 0x9CFF, 
    0x9CFF, 0x9CFF, 0x9CFF, 0x9CFF, 0x9CFF, 0x9CFF, 0x9CFF, 0x9CFF, 0x9CFF, 0x5CFF, 0xDAFE, 0xBAFE, 
    0xBAFE, 0xBAFE, 0xBAFE, 0xBAFE, 0xBAFE, 0xBAFE, 0xBAFE, 0xBAFE, 0xBAFE, 0xBAFE, 0xBAFE, 0xBAFE, 
    0xBAFE, 0xBAFE, 0xBAFE, 0xBAFE, 0xBAFE, 0xBAFE, 0xBAFE, 0xBAFE, 0xBAFE, 0xBAFE, 0xBAFE, 0xBAFE, 
    0xBBFE, 0x9BFE, 0xBAFE, 0xBAFE, 0x3CFF, 0x9CFF, 0x9CFF, 0x9CFF, 0x9CFF, 0x9CFF, 0x9CFF, 0x9CFF, 
    0x9CFF, 0x9CFF, 0x9CFF, 0x9CFF, 0x9CFF, 0x9CFF, 0x9CFF, 0x9CFF, 0x9CFF, 0x9CFF, 0x9CFF, 0x9CFF, 
    0x9CFF, 0x9CFF, 0x9CFF, 0x9CFF, 0x9CFF, 0x9CFF, 0x9CFF, 0x9CFF, 0x9CFF, 0x9CFF, 0x9CFF, 0x9CFF, 
    0x9CFF, 0x9CFF, 0x9CFF, 0x9CFF, 0x9CFF, 0x9CFF, 0x9CFF, 0x9CFF, 0x9CFF, 0x9CFF, 0x9CFF, 0x9CFF, 
    0x9CFF, 0x9CFF, 0x9CFF, 0x9CFF, 0x9CFF, 0x9CFF, 0x9CFF, 0x9CFF, 0x9CFF, 0x9CFF, 0x9CFF, 0x9CFF, 
    0x9CFF, 0x9CFF, 0x9CFF, 0x9CFF, 0x9CFF, 0x9CFF, 0x9CFF, 0x9CFF, 0x9CFF, 0x9CFF, 0x9CFF, 0x9CFF, 
    0x9CFF, 0x9CFF, 0x9CFF, 0x9CFF, 0x9CFF, 0x9CFF, 0x9CFF, 0x9CFF, 0x9CFF, 0x9CFF, 0x9CFF, 0x9CFF, 
    0x9CFF, 0x9CFF, 0x9CFF, 0x9CFF, 0x9CFF, 0x9CFF, 0x9CFF, 0x9CFF, 0x9CFF, 0x9CFF, 0x9CFF, 0x9CFF, 
    0x9CFF, 0x9CFF, 0x9CFF, 0x9CFF, 0x9CFF, 0xDDFF, 0x99CE, 0xD574, 0xBCAE, 0x1DBF, 0xFDBE, 0x1DBF, 
    0xFDBE, 0xFDBE, 0xFDBE, 0xFDBE, 0xFDBE, 0xFDBE, 0xFDBE, 0xFDBE, 0xFDBE, 0xFDBE, 0xFDBE, 0xFDBE, 
    0xFDBE, 0xFDBE, 0xFDBE, 0xFDBE, 0xFDBE, 0xFDBE, 0xFDBE, 0xFDBE, 
    0xFDBE, 0xFDBE, 0xFDBE, 0xFDBE, 
    0xFDBE, 0xFDBE, 0xFDBE, 0xFDBE, 0xFDBE, 0xFDBE, 0xFDBE, 0xFDBE, 0xFDBE, 0xFDBE, 0xFDBE, 0xFDBE, 
    0xFDBE, 0xFDBE, 0xFDBE, 0xFDBE, 0xFDBE, 0x1EBF, 0x5BA6, 0xF474, 0x1BDF, 0xBDFF, 0x7CFF, 0x9CFF, 
    0x9CFF, 0x9CFF, 0x9CFF, 0x9CFF, 0x9CFF, 0x9CFF, 0x9CFF, 0x9CFF, 0x9CFF, 0x9CFF, 0x9CFF, 0x9CFF, 
    0x9CFF, 0x9CFF, 0x9CFF, 0x9CFF, 0x9CFF, 0x9CFF, 0x9CFF, 0x9CFF, 0x9CFF, 0x9CFF, 0x9CFF, 0x9CFF, 
    0x9CFF, 0x9CFF, 0x9CFF, 0x9CFF, 0x9CFF, 0x9CFF, 0x9CFF, 0x9CFF, 0x9CFF, 0x9CFF, 0x9CFF, 0x9CFF, 
    0x9CFF, 0x9CFF, 0x9CFF, 0x9CFF, 0x9CFF, 0x9CFF, 0x9CFF, 0x9CFF, 0x9CFF, 0x9CFF, 0x9CFF, 0x9CFF, 
    0x9CFF, 0x9CFF, 0x9CFF, 0x9CFF, 0x9CFF, 0x9CFF, 0x9CFF, 0x9CFF, 0x9CFF, 0x9CFF, 0x9CFF, 0x9CFF, 
    0x9CFF, 0x9CFF, 0x9CFF, 0x9CFF, 0x9CFF, 0x9CFF, 0x9CFF, 0x9CFF, 0x9CFF, 0x9CFF, 0x9CFF, 0x9CFF, 
    0x9CFF, 0x9CFF, 0x9CFF, 0x9CFF, 0x9CFF, 0x9CFF, 0x9CFF, 0x9CFF, 0x9CFF, 0x9CFF, 0x9CFF, 0x9CFF, 
    0x9CFF, 0x9CFF, 0x9CFF, 0x9CFF, 0x9CFF, 0x9CFF, 0x9CFF, 0x9CFF, 0x9CFF, 0x9CFF, 0x9CFF, 0x5CFF, 
    0xDAFE, 0xBAFE, 0xBAFE, 0xBAFE, 0xBAFE, 0xBAFE, 0xBAFE, 0xBAFE, 0xBAFE, 0xBAFE, 0xBAFE, 0xBAFE, 
    0xBAFE, 0xBAFE, 0xBAFE, 0xBAFE, 0xBAFE, 0xBAFE, 0xBAFE, 0xBAFE, 0xBAFE, 0xBAFE, 0xBAFE, 0xBAFE, 
    0xBAFE, 0xBAFE, 0xBBFE, 0x9BFE, 0xBAFE, 0xBAFE, 0x3CFF, 0x9CFF, 0x9CFF, 0x9CFF, 0x9CFF, 0x9CFF, 
    0x9CFF, 0x9CFF, 0x9CFF, 0x9CFF, 0x9CFF, 0x9CFF, 0x9CFF, 0x9CFF, 0x9CFF, 0x9CFF, 0x9CFF, 0x9CFF, 
    0x9CFF, 0x9CFF, 0x9CFF, 0x9CFF, 0x9CFF, 0x9CFF, 0x9CFF, 0x9CFF, 0x9CFF, 0x9CFF, 0x9CFF, 0x9CFF, 
    0x9CFF, 0x9CFF, 0x9CFF, 0x9CFF, 0x9CFF, 0x9CFF, 0x9CFF, 0x9CFF, 0x9CFF, 0x9CFF, 0x9CFF, 0x9CFF, 
    0x9CFF, 0x9CFF, 0x9CFF, 0x9CFF, 0x9CFF, 0x9CFF, 0x9CFF, 0x9CFF, 0x9CFF, 0x9CFF, 0x9CFF, 0x9CFF, 
    0x9CFF, 0x9CFF, 0x9CFF, 0x9CFF, 0x9CFF, 0x9CFF, 0x9CFF, 0x9CFF, 0x9CFF, 0x9CFF, 0x9CFF, 0x9CFF, 
    0x9CFF, 0x9CFF, 0x9CFF, 0x9CFF, 0x9CFF, 0x9CFF, 0x9CFF, 0x9CFF, 0x9CFF, 0x9CFF, 0x9CFF, 0x9CFF, 
    0x9CFF, 0x9CFF, 0x9CFF, 0x9CFF, 0x9CFF, 0x9CFF, 0x9CFF, 0x9CFF, 0x9CFF, 0x9CFF, 0x9CFF, 0x9CFF, 
    0x9CFF, 0x9CFF, 0x9CFF, 0x9CFF, 0x9CFF, 0x9CFF, 0x7CFF, 0xDDFF, 0x99CE, 0xD574, 0xBCAE, 0x1DBF, 
    0xFDBE, 0x1DBF, 0xFDBE, 0xFDBE, 0xFDBE, 0xFDBE, 0xFDBE, 0xFDBE, 0xFDBE, 0xFDBE, 0xFDBE, 0xFDBE, 
    0xFDBE, 0xFDBE, 0xFDBE, 0xFDBE, 0xFDBE, 0xFDBE, 0xFDBE, 0xFDBE, 0xFDBE, 0xFDBE, 
    0xFDBE, 0xFDBE, 
    0xFDBE, 0xFDBE, 0xFDBE, 0xFDBE, 0xFDBE, 0xFDBE, 0xFDBE, 0xFDBE, 0xFDBE, 0xFDBE, 0xFDBE, 0xFDBE, 
    0xFDBE, 0xFDBE, 0xFDBE, 0xFDBE, 0xFDBE, 0xFDBE, 0xFDBE, 0x1EBF, 0x5BA6, 0xF474, 0x1BDF, 0xBDFF, 
    0x7CFF, 0x9CFF, 0x9CFF, 0x9CFF, 0x9CFF, 0x9CFF, 0x9CFF, 0x9CFF, 0x9CFF, 0x9CFF, 0x9CFF, 0x9CFF, 
    0x9CFF, 0x9CFF, 0x9CFF, 0x9CFF, 0x9CFF, 0x9CFF, 0x9CFF, 0x9CFF, 0x9CFF, 0x9CFF, 0x9CFF, 0x9CFF, 
    0x9CFF, 0x9CFF, 0x9CFF, 0x9CFF, 0x9CFF, 0x9CFF, 0x9CFF, 0x9CFF, 0x9CFF, 0x9CFF, 0x9CFF, 0x9CFF, 
    0x9CFF, 0x9CFF, 0x9CFF, 0x9CFF, 0x9CFF, 0x9CFF, 0x9CFF, 0x9CFF, 0x9CFF, 0x9CFF, 0x9CFF, 0x9CFF, 
    0x9CFF, 0x9CFF, 0x9CFF, 0x9CFF, 0x9CFF, 0x9CFF, 0x9CFF, 0x9CFF, 0x9CFF, 0x9CFF, 0x9CFF, 0x9CFF, 
    0x9CFF, 0x9CFF, 0x9CFF, 0x9CFF, 0x9CFF, 0x9CFF, 0x9CFF, 0x9CFF, 0x9CFF, 0x9CFF, 0x9CFF, 0x9CFF, 
    0x9CFF, 0x9CFF, 0x9CFF, 0x9CFF, 0x9CFF, 0x9CFF, 0x9CFF, 0x9CFF, 0x9CFF, 0x9CFF, 0x9CFF, 0x9CFF, 
    0x9CFF, 0x9CFF, 0x9CFF, 0x9CFF, 0x9CFF, 0x9CFF, 0x9CFF, 0x9CFF, 0x9CFF, 0x9CFF, 0x9CFF, 0x9CFF, 
    0x9CFF, 0x5CFF, 0xDAFE, 0xBAFE, 0xBAFE, 0xBAFE, 0xBAFE, 0xBAFE, 0xBAFE, 0xBAFE, 0xBAFE, 0xBAFE, 
    0xBAFE, 0xBAFE, 0xBAFE, 0xBAFE, 0xBAFE, 0xBAFE, 0xBAFE, 0xBAFE, 0xBAFE, 0xBAFE, 0xBAFE, 0xBAFE, 
    0xBAFE, 0xBAFE, 0xBAFE, 0xBAFE, 0xBBFE, 0x9BFE, 0xBAFE, 0xBAFE, 0x3CFF, 0x9CFF, 0x9CFF, 0x9CFF, 
    0x9CFF, 0x9CFF, 0x9CFF, 0x9CFF, 0x9CFF, 0x9CFF, 0x9CFF, 0x9CFF, 0x9CFF, 0x9CFF, 0x9CFF, 0x9CFF, 
    0x9CFF, 0x9CFF, 0x9CFF, 0x9CFF, 0x9CFF, 0x9CFF, 0x9CFF, 0x9CFF, 0x9CFF, 0x9CFF, 0x9CFF, 0x9CFF, 
    0x9CFF, 0x9CFF, 0x9CFF, 0x9CFF, 0x9CFF, 0x9CFF, 0x9CFF, 0x9CFF, 0x9CFF, 0x9CFF, 0x9CFF, 0x9CFF, 
    0x9CFF, 0x9CFF, 0x9CFF, 0x9CFF, 0x9CFF, 0x9CFF, 0x9CFF, 0x9CFF, 0x9CFF, 0x9CFF, 0x9CFF, 0x9CFF, 
    0x9CFF, 0x9CFF, 0x9CFF, 0x9CFF, 0x9CFF, 0x9CFF, 0x9CFF, 0x9CFF, 0x9CFF, 0x9CFF, 0x9CFF, 0x9CFF, 
    0x9CFF, 0x9CFF, 0x9CFF, 0x9CFF, 0x9CFF, 0x9CFF, 0x9CFF, 0x9CFF, 0x9CFF, 0x9CFF, 0x9CFF, 0x9CFF, 
    0x9CFF, 0x9CFF, 0x9CFF, 0x9CFF, 0x9CFF, 0x9CFF, 0x9CFF, 0x9CFF, 0x9CFF, 0x9CFF, 0x9CFF, 0x9CFF, 
    0x9CFF, 0x9CFF, 0x9CFF, 0x9CFF, 0x9CFF, 0x9CFF, 0x9CFF, 0x9CFF, 0x7CFF, 0xDDFF, 0x99CE, 0xD574, 
    0xBCAE, 0x1DBF, 0xFDBE, 0x1DBF, 0xFDBE, 0xFDBE, 0xFDBE, 0xFDBE, 0xFDBE, 0xFDBE, 0xFDBE, 0xFDBE, 
    0xFDBE, 0xFDBE, 0xFDBE, 0xFDBE, 0xFDBE, 0xFDBE, 0xFDBE, 0xFDBE, 0xFDBE, 0xFDBE, 0xFDBE, 0xFDBE, 
    
    0xFDBE, 0xFDBE, 0xFDBE, 0xFDBE, 0xFDBE, 0xFDBE, 0xFDBE, 0xFDBE, 0xFDBE, 0xFDBE, 0xFDBE, 0xFDBE, 
    0xFDBE, 0xFDBE, 0xFDBE, 0xFDBE, 0xFDBE, 0xFDBE, 0xFDBE, 0xFDBE, 0xFDBE, 0x1EBF, 0x5BA6, 0xF474, 
    0x1BDF, 0xBDFF, 0x7CFF, 0x9CFF, 0x9CFF, 0x9CFF, 0x9CFF, 0x9CFF, 0x9CFF, 0x9CFF, 0x9CFF, 0x9CFF, 
    0x9CFF, 0x9CFF, 0x9CFF, 0x9CFF, 0x9CFF, 0x9CFF, 0x9CFF, 0x9CFF, 0x9CFF, 0x9CFF, 0x9CFF, 0x9CFF, 
    0x9CFF, 0x9CFF, 0x9CFF, 0x9CFF, 0x9CFF, 0x9CFF, 0x9CFF, 0x9CFF, 0x9CFF, 0x9CFF, 0x9CFF, 0x9CFF, 
    0x9CFF, 0x9CFF, 0x9CFF, 0x9CFF, 0x9CFF, 0x9CFF, 0x9CFF, 0x9CFF, 0x9CFF, 0x9CFF, 0x9CFF, 0x9CFF, 
    0x9CFF, 0x9CFF, 0x9CFF, 0x9CFF, 0x9CFF, 0x9CFF, 0x9CFF, 0x9CFF, 0x9CFF, 0x9CFF, 0x9CFF, 0x9CFF, 
    0x9CFF, 0x9CFF, 0x9CFF, 0x9CFF, 0x9CFF, 0x9CFF, 0x9CFF, 0x9CFF, 0x9CFF, 0x9CFF, 0x9CFF, 0x9CFF, 
    0x9CFF, 0x9CFF, 0x9CFF, 0x9CFF, 0x9CFF, 0x9CFF, 0x9CFF, 0x9CFF, 0x9CFF, 0x9CFF, 0x9CFF, 0x9CFF, 
    0x9CFF, 0x9CFF, 0x9CFF, 0x9CFF, 0x9CFF, 0x9CFF, 0x9CFF, 0x9CFF, 0x9CFF, 0x9CFF, 0x9CFF, 0x9CFF, 
    0x9CFF, 0x9CFF, 0x9CFF, 0x5CFF, 0xDAFE, 0xBAFE, 0xBAFE, 0xBAFE, 0xBAFE, 0xBAFE, 0xBAFE, 0xBAFE, 
    0xBAFE, 0xBAFE, 0xBAFE, 0xBAFE, 0xBAFE, 0xBAFE, 0xBAFE, 0xBAFE, 0xBAFE, 0xBAFE, 0xBAFE, 0xBAFE, 
    0xBAFE, 0xBAFE, 0xBAFE, 0xBAFE, 0xBAFE, 0xBAFE, 0xBBFE, 0x9BFE, 0xBAFE, 0xBAFE, 0x3CFF, 0x9CFF, 
    0x9CFF, 0x9CFF, 0x9CFF, 0x9CFF, 0x9CFF, 0x9CFF, 0x9CFF, 0x9CFF, 0x9CFF, 0x9CFF, 0x9CFF, 0x9CFF, 
    0x9CFF, 0x9CFF, 0x9CFF, 0x9CFF, 0x9CFF, 0x9CFF, 0x9CFF, 0x9CFF, 0x9CFF, 0x9CFF, 0x9CFF, 0x9CFF, 
    0x9CFF, 0x9CFF, 0x9CFF, 0x9CFF, 0x9CFF, 0x9CFF, 0x9CFF, 0x9CFF, 0x9CFF, 0x9CFF, 0x9CFF, 0x9CFF, 
    0x9CFF, 0x9CFF, 0x9CFF, 0x9CFF, 0x9CFF, 0x9CFF, 0x9CFF, 0x9CFF, 0x9CFF, 0x9CFF, 0x9CFF, 0x9CFF, 
    0x9CFF, 0x9CFF, 0x9CFF, 0x9CFF, 0x9CFF, 0x9CFF, 0x9CFF, 0x9CFF, 0x9CFF, 0x9CFF, 0x9CFF, 0x9CFF, 
    0x9CFF, 0x9CFF, 0x9CFF, 0x9CFF, 0x9CFF, 0x9CFF, 0x9CFF, 0x9CFF, 0x9CFF, 0x9CFF, 0x9CFF, 0x9CFF, 
    0x9CFF, 0x9CFF, 0x9CFF, 0x9CFF, 0x9CFF, 0x9CFF, 0x9CFF, 0x9CFF, 0x9CFF, 0x9CFF, 0x9CFF, 0x9CFF, 
    0x9CFF, 0x9CFF, 0x9CFF, 0x9CFF, 0x9CFF, 0x9CFF, 0x9CFF, 0x9CFF, 0x9CFF, 0x9CFF, 0x7CFF, 0xDDFF, 
    0x99CE, 0xD574, 0xBCAE, 0x1DBF, 0xFDBE, 0x1DBF, 0xFDBE, 0xFDBE, 0xFDBE, 0xFDBE, 0xFDBE, 0xFDBE, 
    0xFDBE, 0xFDBE, 0xFDBE, 0xFDBE, 0xFDBE, 0xFDBE, 0xFDBE, 0xFDBE, 0xFDBE, 0xFDBE, 0xFDBE, 0xFDBE, 
    0xFDBE, 0xFDBE, 
    0xFDBE, 0xFDBE, 0xFDBE, 0xFDBE, 0xFDBE, 0xFDBE, 0xFDBE, 0xFDBE, 0xFDBE, 0xFDBE, 
    0xFDBE, 0xFDBE, 0xFDBE, 0xFDBE, 0xFDBE, 0xFDBE, 0xFDBE, 0xFDBE, 0xFDBE, 0xFDBE, 0xFDBE, 0x1EBF, 
    0x5BA6, 0xF474, 0x1BDF, 0xBDFF, 0x7CFF, 0x9CFF, 0x9CFF, 0x9CFF, 0x9CFF, 0x9CFF, 0x9CFF, 0x9CFF, 
    0x9CFF, 0x9CFF, 0x9CFF, 0x9CFF, 0x9CFF, 0x9CFF, 0x9CFF, 0x9CFF, 0x9CFF, 0x9CFF, 0x9CFF, 0x9CFF, 
    0x9CFF, 0x9CFF, 0x9CFF, 0x9CFF, 0x9CFF, 0x9CFF, 0x9CFF, 0x9CFF, 0x9CFF, 0x9CFF, 0x9CFF, 0x9CFF, 
    0x9CFF, 0x9CFF, 0x9CFF, 0x9CFF, 0x9CFF, 0x9CFF, 0x9CFF, 0x9CFF, 0x9CFF, 0x9CFF, 0x9CFF, 0x9CFF, 
    0x9CFF, 0x9CFF, 0x9CFF, 0x9CFF, 0x9CFF, 0x9CFF, 0x9CFF, 0x9CFF, 0x9CFF, 0x9CFF, 0x9CFF, 0x9CFF, 
    0x9CFF, 0x9CFF, 0x9CFF, 0x9CFF, 0x9CFF, 0x9CFF, 0x9CFF, 0x9CFF, 0x9CFF, 0x9CFF, 0x9CFF, 0x9CFF, 
    0x9CFF, 0x9CFF, 0x9CFF, 0x9CFF, 0x9CFF, 0x9CFF, 0x9CFF, 0x9CFF, 0x9CFF, 0x9CFF, 0x9CFF, 0x9CFF, 
    0x9CFF, 0x9CFF, 0x9CFF, 0x9CFF, 0x9CFF, 0x9CFF, 0x9CFF, 0x9CFF, 0x9CFF, 0x9CFF, 0x9CFF, 0x9CFF, 
    0x9CFF, 0x9CFF, 0x9CFF, 0x9CFF, 0x9CFF, 0x5CFF, 0xDAFE, 0xBAFE, 0xBAFE, 0xBAFE, 0xBAFE, 0xBAFE, 
    0xBAFE, 0xBAFE, 0xBAFE, 0xBAFE, 0xBAFE, 0xBAFE, 0xBAFE, 0xBAFE, 0xBAFE, 0xBAFE, 0xBAFE, 0xBAFE, 
    0xBAFE, 0xBAFE, 0xBAFE, 0xBAFE, 0xBAFE, 0xBAFE, 0xBAFE, 0xBAFE, 0xBBFE, 0x9BFE, 0xBAFE, 0xBAFE, 
    0x3CFF, 0x9CFF, 0x9CFF, 0x9CFF, 0x9CFF, 0x9CFF, 0x9CFF, 0x9CFF, 0x9CFF, 0x9CFF, 0x9CFF, 0x9CFF, 
    0x9CFF, 0x9CFF, 0x9CFF, 0x9CFF, 0x9CFF, 0x9CFF, 0x9CFF, 0x9CFF, 0x9CFF, 0x9CFF, 0x9CFF, 0x9CFF, 
    0x9CFF, 0x9CFF, 0x9CFF, 0x9CFF, 0x9CFF, 0x9CFF, 0x9CFF, 0x9CFF, 0x9CFF, 0x9CFF, 0x9CFF, 0x9CFF, 
    0x9CFF, 0x9CFF, 0x9CFF, 0x9CFF, 0x9CFF, 0x9CFF, 0x9CFF, 0x9CFF, 0x9CFF, 0x9CFF, 0x9CFF, 0x9CFF, 
    0x9CFF, 0x9CFF, 0x9CFF, 0x9CFF, 0x9CFF, 0x9CFF, 0x9CFF, 0x9CFF, 0x9CFF, 0x9CFF, 0x9CFF, 0x9CFF, 
    0x9CFF, 0x9CFF, 0x9CFF, 0x9CFF, 0x9CFF, 0x9CFF, 0x9CFF, 0x9CFF, 0x9CFF, 0x9CFF, 0x9CFF, 0x9CFF, 
    0x9CFF, 0x9CFF, 0x9CFF, 0x9CFF, 0x9CFF, 0x9CFF, 0x9CFF, 0x9CFF, 0x9CFF, 0x9CFF, 0x9CFF, 0x9CFF, 
    0x9CFF, 0x9CFF, 0x9CFF, 0x9CFF, 0x9CFF, 0x9CFF, 0x9CFF, 0x9CFF, 0x9CFF, 0x9CFF, 0x9CFF, 0x9CFF, 
    0x7CFF, 0xDDFF, 0x99CE, 0xD574, 0xBCAE, 0x1DBF, 0xFDBE, 0x1DBF, 0xFDBE, 0xFDBE, 0xFDBE, 0xFDBE, 
    0xFDBE, 0xFDBE, 0xFDBE, 0xFDBE, 0xFDBE, 0xFDBE, 0xFDBE, 0xFDBE, 0xFDBE, 0xFDBE, 0xFDBE, 0xFDBE, 
    0xFDBE, 0xFDBE, 0xFDBE, 0xFDBE, 
    0xFDBE, 0xFDBE, 0xFDBE, 0xFDBE, 0xFDBE, 0xFDBE, 0xFDBE, 0xFDBE, 
    0xFDBE, 0xFDBE, 0xFDBE, 0xFDBE, 0xFDBE, 0xFDBE, 0xFDBE, 0xFDBE, 0xFDBE, 0xFDBE, 0xFDBE, 0xFDBE, 
    0xFDBE, 0x1EBF, 0x5BA6, 0xF474, 0x1BDF, 0xBDFF, 0x7CFF, 0x9CFF, 0x9CFF, 0x9CFF, 0x9CFF, 0x9CFF, 
    0x9CFF, 0x9CFF, 0x9CFF, 0x9CFF, 0x9CFF, 0x9CFF, 0x9CFF, 0x9CFF, 0x9CFF, 0x9CFF, 0x9CFF, 0x9CFF, 
    0x9CFF, 0x9CFF, 0x9CFF, 0x9CFF, 0x9CFF, 0x9CFF, 0x9CFF, 0x9CFF, 0x9CFF, 0x9CFF, 0x9CFF, 0x9CFF, 
    0x9CFF, 0x9CFF, 0x9CFF, 0x9CFF, 0x9CFF, 0x9CFF, 0x9CFF, 0x9CFF, 0x9CFF, 0x9CFF, 0x9CFF, 0x9CFF, 
    0x9CFF, 0x9CFF, 0x9CFF, 0x9CFF, 0x9CFF, 0x9CFF, 0x9CFF, 0x9CFF, 0x9CFF, 0x9CFF, 0x9CFF, 0x9CFF, 
    0x9CFF, 0x9CFF, 0x9CFF, 0x9CFF, 0x9CFF, 0x9CFF, 0x9CFF, 0x9CFF, 0x9CFF, 0x9CFF, 0x9CFF, 0x9CFF, 
    0x9CFF, 0x9CFF, 0x9CFF, 0x9CFF, 0x9CFF, 0x9CFF, 0x9CFF, 0x9CFF, 0x9CFF, 0x9CFF, 0x9CFF, 0x9CFF, 
    0x9CFF, 0x9CFF, 0x9CFF, 0x9CFF, 0x9CFF, 0x9CFF, 0x9CFF, 0x9CFF, 0x9CFF, 0x9CFF, 0x9CFF, 0x9CFF, 
    0x9CFF, 0x9CFF, 0x9CFF, 0x9CFF, 0x9CFF, 0x9CFF, 0x9CFF, 0x7CFF, 0xDAF6, 0x9AFE, 0x9BFE, 0x9AFE, 
    0x9AFE, 0x9AFE, 0x9AFE, 0x9AFE, 0x9AFE, 0x9AFE, 0x9AFE, 0x9AFE, 0x9AFE, 0x9AFE, 0x9AFE, 0x9AFE, 
    0x9AFE, 0x9AFE, 0x9AFE, 0x9AFE, 0x9AFE, 0x9AFE, 0x9AFE, 0x9AFE, 0x9AFE, 0x9AFE, 0x9AFE, 0x9BFE, 
    0xBAFE, 0xBAFE, 0x3CFF, 0x9CFF, 0x9CFF, 0x9CFF, 0x9CFF, 0x9CFF, 0x9CFF, 0x9CFF, 0x9CFF, 0x9CFF, 
    0x9CFF, 0x9CFF, 0x9CFF, 0x9CFF, 0x9CFF, 0x9CFF, 0x9CFF, 0x9CFF, 0x9CFF, 0x9CFF, 0x9CFF, 0x9CFF, 
    0x9CFF, 0x9CFF, 0x9CFF, 0x9CFF, 0x9CFF, 0x9CFF, 0x9CFF, 0x9CFF, 0x9CFF, 0x9CFF, 0x9CFF, 0x9CFF, 
    0x9CFF, 0x9CFF, 0x9CFF, 0x9CFF, 0x9CFF, 0x9CFF, 0x9CFF, 0x9CFF, 0x9CFF, 0x9CFF, 0x9CFF, 0x9CFF, 
    0x9CFF, 0x9CFF, 0x9CFF, 0x9CFF, 0x9CFF, 0x9CFF, 0x9CFF, 0x9CFF, 0x9CFF, 0x9CFF, 0x9CFF, 0x9CFF, 
    0x9CFF, 0x9CFF, 0x9CFF, 0x9CFF, 0x9CFF, 0x9CFF, 0x9CFF, 0x9CFF, 0x9CFF, 0x9CFF, 0x9CFF, 0x9CFF, 
    0x9CFF, 0x9CFF, 0x9CFF, 0x9CFF, 0x9CFF, 0x9CFF, 0x9CFF, 0x9CFF, 0x9CFF, 0x9CFF, 0x9CFF, 0x9CFF, 
    0x9CFF, 0x9CFF, 0x9CFF, 0x9CFF, 0x9CFF, 0x9CFF, 0x9CFF, 0x9CFF, 0x9CFF, 0x9CFF, 0x9CFF, 0x9CFF, 
    0x9CFF, 0x9CFF, 0x9CFF, 0xDDFF, 0x99CE, 0xD574, 0xBCAE, 0x1DBF, 0xFDBE, 0x1DBF, 0xFDBE, 0xFDBE, 
    0xFDBE, 0xFDBE, 0xFDBE, 0xFDBE, 0xFDBE, 0xFDBE, 0xFDBE, 0xFDBE, 0xFDBE, 0xFDBE, 0xFDBE, 0xFDBE, 
    0xFDBE, 0xFDBE, 0xFDBE, 0xFDBE, 0xFDBE, 0xFDBE, 
    0xFDBE, 0xFDBE, 0xFDBE, 0xFDBE, 0xFDBE, 0xFDBE, 
    0xFDBE, 0xFDBE, 0xFDBE, 0xFDBE, 0xFDBE, 0xFDBE, 0xFDBE, 0xFDBE, 0xFDBE, 0xFDBE, 0xFDBE, 0xFDBE, 
    0xFDBE, 0xFDBE, 0xFDBE, 0x1EBF, 0x5BA6, 0xF474, 0x1BDF, 0xBDFF, 0x7CFF, 0x9CFF, 0x9CFF, 0x9CFF, 
    0x9CFF, 0x9CFF, 0x9CFF, 0x9CFF, 0x9CFF, 0x9CFF, 0x9CFF, 0x9CFF, 0x9CFF, 0x9CFF, 0x9CFF, 0x9CFF, 
    0x9CFF, 0x9CFF, 0x9CFF, 0x9CFF, 0x9CFF, 0x9CFF, 0x9CFF, 0x9CFF, 0x9CFF, 0x9CFF, 0x9CFF, 0x9CFF, 
    0x9CFF, 0x9CFF, 0x9CFF, 0x9CFF, 0x9CFF, 0x9CFF, 0x9CFF, 0x9CFF, 0x9CFF, 0x9CFF, 0x9CFF, 0x9CFF, 
    0x9CFF, 0x9CFF, 0x9CFF, 0x9CFF, 0x9CFF, 0x9CFF, 0x9CFF, 0x9CFF, 0x9CFF, 0x9CFF, 0x9CFF, 0x9CFF, 
    0x9CFF, 0x9CFF, 0x9CFF, 0x9CFF, 0x9CFF, 0x9CFF, 0x9CFF, 0x9CFF, 0x9CFF, 0x9CFF, 0x9CFF, 0x9CFF, 
    0x9CFF, 0x9CFF, 0x9CFF, 0x9CFF, 0x9CFF, 0x9CFF, 0x9CFF, 0x9CFF, 0x9CFF, 0x9CFF, 0x9CFF, 0x9CFF, 
    0x9CFF, 0x9CFF, 0x9CFF, 0x9CFF, 0x9CFF, 0x9CFF, 0x9CFF, 0x9CFF, 0x9CFF, 0x9CFF, 0x9CFF, 0x9CFF, 
    0x9CFF, 0x9CFF, 0x9CFF, 0x9CFF, 0x9CFF, 0x9CFF, 0x9CFF, 0x9CFF, 0x9CFF, 0x5CFF, 0xDAF6, 0x9AFE, 
    0x9BFE, 0xBAFE, 0xBAFE, 0xBAFE, 0xBAFE, 0xBAFE, 0xBAFE, 0xBAFE, 0xBAFE, 0xBAFE, 0xBAFE, 0xBAFE, 
    0xBAFE, 0xBAFE, 0xBAFE, 0xBAFE, 0xBAFE, 0xBAFE, 0xBAFE, 0xBAFE, 0xBAFE, 0xBAFE, 0xBAFE, 0xBAFE, 
    0xBAFE, 0x9AFE, 0xBAFE, 0xBAFE, 0x3CFF, 0x9DFF, 0x9CFF, 0x9CFF, 0x9CFF, 0x9CFF, 0x9CFF, 0x9CFF, 
    0x9CFF, 0x9CFF, 0x9CFF, 0x9CFF, 0x9CFF, 0x9CFF, 0x9CFF, 0x9CFF, 0x9CFF, 0x9CFF, 0x9CFF, 0x9CFF, 
    0x9CFF, 0x9CFF, 0x9CFF, 0x9CFF, 0x9CFF, 0x9CFF, 0x9CFF, 0x9CFF, 0x9CFF, 0x9CFF, 0x9CFF, 0x9CFF, 
    0x9CFF, 0x9CFF, 0x9CFF, 0x9CFF, 0x9CFF, 0x9CFF, 0x9CFF, 0x9CFF, 0x9CFF, 0x9CFF, 0x9CFF, 0x9CFF, 
    0x9CFF, 0x9CFF, 0x9CFF, 0x9CFF, 0x9CFF, 0x9CFF, 0x9CFF, 0x9CFF, 0x9CFF, 0x9CFF, 0x9CFF, 0x9CFF, 
    0x9CFF, 0x9CFF, 0x9CFF, 0x9CFF, 0x9CFF, 0x9CFF, 0x9CFF, 0x9CFF, 0x9CFF, 0x9CFF, 0x9CFF, 0x9CFF, 
    0x9CFF, 0x9CFF, 0x9CFF, 0x9CFF, 0x9CFF, 0x9CFF, 0x9CFF, 0x9CFF, 0x9CFF, 0x9CFF, 0x9CFF, 0x9CFF, 
    0x9CFF, 0x9CFF, 0x9CFF, 0x9CFF, 0x9CFF, 0x9CFF, 0x9CFF, 0x9CFF, 0x9CFF, 0x9CFF, 0x9CFF, 0x9CFF, 
    0x9CFF, 0x9CFF, 0x9CFF, 0x9CFF, 0x9CFF, 0xDDFF, 0x99CE, 0xD574, 0xBCAE, 0x1DBF, 0xFDBE, 0x1DBF, 
    0xFDBE, 0xFDBE, 0xFDBE, 0xFDBE, 0xFDBE, 0xFDBE, 0xFDBE, 0xFDBE, 0xFDBE, 0xFDBE, 0xFDBE, 0xFDBE, 
    0xFDBE, 0xFDBE, 0xFDBE, 0xFDBE, 0xFDBE, 0xFDBE, 0xFDBE, 0xFDBE, 
    0xFDBE, 0xFDBE, 0xFDBE, 0xFDBE, 
    0xFDBE, 0xFDBE, 0xFDBE, 0xFDBE, 0xFDBE, 0xFDBE, 0xFDBE, 0xFDBE, 0xFDBE, 0xFDBE, 0xFDBE, 0xFDBE, 
    0xFDBE, 0xFDBE, 0xFDBE, 0xFDBE, 0xFDBE, 0x1EBF, 0x5BA6, 0xF474, 0x1BDF, 0xBDFF, 0x7CFF, 0x9CFF, 
    0x9CFF, 0x9CFF, 0x9CFF, 0x9CFF, 0x9CFF, 0x9CFF, 0x9CFF, 0x9CFF, 0x9CFF, 0x9CFF, 0x9CFF, 0x9CFF, 
    0x9CFF, 0x9CFF, 0x9CFF, 0x9CFF, 0x9CFF, 0x9CFF, 0x9CFF, 0x9CFF, 0x9CFF, 0x9CFF, 0x9CFF, 0x9CFF, 
    0x9CFF, 0x9CFF, 0x9CFF, 0x9CFF, 0x9CFF, 0x9CFF, 0x9CFF, 0x9CFF, 0x9CFF, 0x9CFF, 0x9CFF, 0x9CFF, 
    0x9CFF, 0x9CFF, 0x9CFF, 0x9CFF, 0x9CFF, 0x9CFF, 0x9CFF, 0x9CFF, 0x9CFF, 0x9CFF, 0x9CFF, 0x9CFF, 
    0x9CFF, 0x9CFF, 0x9CFF, 0x9CFF, 0x9CFF, 0x9CFF, 0x9CFF, 0x9CFF, 0x9CFF, 0x9CFF, 0x9CFF, 0x9CFF, 
    0x9CFF, 0x9CFF, 0x9CFF, 0x9CFF, 0x9CFF, 0x9CFF, 0x9CFF, 0x9CFF, 0x9CFF, 0x9CFF, 0x9CFF, 0x9CFF, 
    0x9CFF, 0x9CFF, 0x9CFF, 0x9CFF, 0x9CFF, 0x9CFF, 0x9CFF, 0x9CFF, 0x9CFF, 0x9CFF, 0x9CFF, 0x9CFF, 
    0x9CFF, 0x9CFF, 0x9CFF, 0x9CFF, 0x9CFF, 0x9CFF, 0x9CFF, 0x9CFF, 0x9CFF, 0x9CFF, 0x9CFF, 0x5CFF, 
    0xDAFE, 0x9AFE, 0x9AFE, 0xBAFE, 0xBAFE, 0xBAFE, 0xBAFE, 0xBAFE, 0xBAFE, 0xBAFE, 0xBAFE, 0xBAFE, 
    0xBAFE, 0xBAFE, 0xBAFE, 0xBAFE, 0xBAFE, 0xBAFE, 0xBAFE, 0xBAFE, 0xBAFE, 0xBAFE, 0xBAFE, 0xBAFE, 
    0xBAFE, 0xBAFE, 0xBAFE, 0x9AFE, 0xBAFE, 0xBAFE, 0x3CFF, 0x9CFF, 0x9CFF, 0x9CFF, 0x9CFF, 0x9CFF, 
    0x9CFF, 0x9CFF, 0x9CFF, 0x9CFF, 0x9CFF, 0x9CFF, 0x9CFF, 0x9CFF, 0x9CFF, 0x9CFF, 0x9CFF, 0x9CFF, 
    0x9CFF, 0x9CFF, 0x9CFF, 0x9CFF, 0x9CFF, 0x9CFF, 0x9CFF, 0x9CFF, 0x9CFF, 0x9CFF, 0x9CFF, 0x9CFF, 
    0x9CFF, 0x9CFF, 0x9CFF, 0x9CFF, 0x9CFF, 0x9CFF, 0x9CFF, 0x9CFF, 0x9CFF, 0x9CFF, 0x9CFF, 0x9CFF, 
    0x9CFF, 0x9CFF, 0x9CFF, 0x9CFF, 0x9CFF, 0x9CFF, 0x9CFF, 0x9CFF, 0x9CFF, 0x9CFF, 0x9CFF, 0x9CFF, 
    0x9CFF, 0x9CFF, 0x9CFF, 0x9CFF, 0x9CFF, 0x9CFF, 0x9CFF, 0x9CFF, 0x9CFF, 0x9CFF, 0x9CFF, 0x9CFF, 
    0x9CFF, 0x9CFF, 0x9CFF, 0x9CFF, 0x9CFF, 0x9CFF, 0x9CFF, 0x9CFF, 0x9CFF, 0x9CFF, 0x9CFF, 0x9CFF, 
    0x9CFF, 0x9CFF, 0x9CFF, 0x9CFF, 0x9CFF, 0x9CFF, 0x9CFF, 0x9CFF, 0x9CFF, 0x9CFF, 0x9CFF, 0x9CFF, 
    0x9CFF, 0x9CFF, 0x9CFF, 0x9CFF, 0x9CFF, 0x9CFF, 0x9CFF, 0xDDFF, 0x99CE, 0xD574, 0xBCAE, 0x1DBF, 
    0xFDBE, 0x1DBF, 0xFDBE, 0xFDBE, 0xFDBE, 0xFDBE, 0xFDBE, 0xFDBE, 0xFDBE, 0xFDBE, 0xFDBE, 0xFDBE, 
    0xFDBE, 0xFDBE, 0xFDBE, 0xFDBE, 0xFDBE, 0xFDBE, 0xFDBE, 0xFDBE, 0xFDBE, 0xFDBE, 
    0xFDBE, 0xFDBE, 
    0xFDBE, 0xFDBE, 0xFDBE, 0xFDBE, 0xFDBE, 0xFDBE, 0xFDBE, 0xFDBE, 0xFDBE, 0xFDBE, 0xFDBE, 0xFDBE, 
    0xFDBE, 0xFDBE, 0xFDBE, 0xFDBE, 0xFDBE, 0xFDBE, 0xFDBE, 0x1EBF, 0x5BA6, 0xF474, 0x1BDF, 0xBDFF, 
    0x7CFF, 0x9CFF, 0x9CFF, 0x9CFF, 0x9CFF, 0x9CFF, 0x9CFF, 0x9CFF, 0x9CFF, 0x9CFF, 0x9CFF, 0x9CFF, 
    0x9CFF, 0x9CFF, 0x9CFF, 0x9CFF, 0x9CFF, 0x9CFF, 0x9CFF, 0x9CFF, 0x9CFF, 0x9CFF, 0x9CFF, 0x9CFF, 
    0x9CFF, 0x9CFF, 0x9CFF, 0x9CFF, 0x9CFF, 0x9CFF, 0x9CFF, 0x9CFF, 0x9CFF, 0x9CFF, 0x9CFF, 0x9CFF, 
    0x9CFF, 0x9CFF, 0x9CFF, 0x9CFF, 0x9CFF, 0x9CFF, 0x9CFF, 0x9CFF, 0x9CFF, 0x9CFF, 0x9CFF, 0x9CFF, 
    0x9CFF, 0x9CFF, 0x9CFF, 0x9CFF, 0x9CFF, 0x9CFF, 0x9CFF, 0x9CFF, 0x9CFF, 0x9CFF, 0x9CFF, 0x9CFF, 
    0x9CFF, 0x9CFF, 0x9CFF, 0x9CFF, 0x9CFF, 0x9CFF, 0x9CFF, 0x9CFF, 0x9CFF, 0x9CFF, 0x9CFF, 0x9CFF, 
    0x9CFF, 0x9CFF, 0x9CFF, 0x9CFF, 0x9CFF, 0x9CFF, 0x9CFF, 0x9CFF, 0x9CFF, 0x9CFF, 0x9CFF, 0x9CFF, 
    0x9CFF, 0x9CFF, 0x9CFF, 0x9CFF, 0x9CFF, 0x9CFF, 0x9CFF, 0x9CFF, 0x9CFF, 0x9CFF, 0x9CFF, 0x9CFF, 
    0x9CFF, 0x7CFF, 0xDAF6, 0xBAFE, 0x9AFE, 0x9AFE, 0x9AFE, 0x9AFE, 0x9AFE, 0x9AFE, 0x9AFE, 0x9AFE, 
    0x9AFE, 0x9AFE, 0x9AFE, 0x9AFE, 0x9AFE, 0x9AFE, 0x9AFE, 0x9AFE, 0x9AFE, 0x9AFE, 0x9AFE, 0x9AFE, 
    0x9AFE, 0x9AFE, 0x9AFE, 0x9AFE, 0x9AFE, 0xBAFE, 0xBAFE, 0xBAFE, 0x3CFF, 0x9CFF, 0x9CFF, 0x9CFF, 
    0x9CFF, 0x9CFF, 0x9CFF, 0x9CFF, 0x9CFF, 0x9CFF, 0x9CFF, 0x9CFF, 0x9CFF, 0x9CFF, 0x9CFF, 0x9CFF, 
    0x9CFF, 0x9CFF, 0x9CFF, 0x9CFF, 0x9CFF, 0x9CFF, 0x9CFF, 0x9CFF, 0x9CFF, 0x9CFF, 0x9CFF, 0x9CFF, 
    0x9CFF, 0x9CFF, 0x9CFF, 0x9CFF, 0x9CFF, 0x9CFF, 0x9CFF, 0x9CFF, 0x9CFF, 0x9CFF, 0x9CFF, 0x9CFF, 
    0x9CFF, 0x9CFF, 0x9CFF, 0x9CFF, 0x9CFF, 0x9CFF, 0x9CFF, 0x9CFF, 0x9CFF, 0x9CFF, 0x9CFF, 0x9CFF, 
    0x9CFF, 0x9CFF, 0x9CFF, 0x9CFF, 0x9CFF, 0x9CFF, 0x9CFF, 0x9CFF, 0x9CFF, 0x9CFF, 0x9CFF, 0x9CFF, 
    0x9CFF, 0x9CFF, 0x9CFF, 0x9CFF, 0x9CFF, 0x9CFF, 0x9CFF, 0x9CFF, 0x9CFF, 0x9CFF, 0x9CFF, 0x9CFF, 
    0x9CFF, 0x9CFF, 0x9CFF, 0x9CFF, 0x9CFF, 0x9CFF, 0x9CFF, 0x9CFF, 0x9CFF, 0x9CFF, 0x9CFF, 0x9CFF, 
    0x9CFF, 0x9CFF, 0x9CFF, 0x9CFF, 0x9CFF, 0x9CFF, 0x9CFF, 0x9CFF, 0x9CFF, 0xDDFF, 0x99CE, 0xD574, 
    0xBCAE, 0x1DBF, 0xFDBE, 0x1DBF, 0xFDBE, 0xFDBE, 0xFDBE, 0xFDBE, 0xFDBE, 0xFDBE, 0xFDBE, 0xFDBE, 
    0xFDBE, 0xFDBE, 0xFDBE, 0xFDBE, 0xFDBE, 0xFDBE, 0xFDBE, 0xFDBE, 0xFDBE, 0xFDBE, 0xFDBE, 0xFDBE, 
    
    0xFDBE, 0xFDBE, 0xFDBE, 0xFDBE, 0xFDBE, 0xFDBE, 0xFDBE, 0xFDBE, 0xFDBE, 0xFDBE, 0xFDBE, 0xFDBE, 
    0xFDBE, 0xFDBE, 0xFDBE, 0xFDBE, 0xFDBE, 0xFDBE, 0xFDBE, 0xFDBE, 0xFDBE, 0x1EBF, 0x5BA6, 0xF474, 
    0x1BDF, 0xBDFF, 0x7CFF, 0x9CFF, 0x9CFF, 0x9CFF, 0x9CFF, 0x9CFF, 0x9CFF, 0x9CFF, 0x9CFF, 0x9CFF, 
    0x9CFF, 0x9CFF, 0x9CFF, 0x9CFF, 0x9CFF, 0x9CFF, 0x9CFF, 0x9CFF, 0x9CFF, 0x9CFF, 0x9CFF, 0x9CFF, 
    0x9CFF, 0x9CFF, 0x9CFF, 0x9CFF, 0x9CFF, 0x9CFF, 0x9CFF, 0x9CFF, 0x9CFF, 0x9CFF, 0x9CFF, 0x9CFF, 
    0x9CFF, 0x9CFF, 0x9CFF, 0x9CFF, 0x9CFF, 0x9CFF, 0x9CFF, 0x9CFF, 0x9CFF, 0x9CFF, 0x9CFF, 0x9CFF, 
    0x9CFF, 0x9CFF, 0x9CFF, 0x9CFF, 0x9CFF, 0x9CFF, 0x9CFF, 0x9CFF, 0x9CFF, 0x9CFF, 0x9CFF, 0x9CFF, 
    0x9CFF, 0x9CFF, 0x9CFF, 0x9CFF, 0x9CFF, 0x9CFF, 0x9CFF, 0x9CFF, 0x9CFF, 0x9CFF, 0x9CFF, 0x9CFF, 
    0x9CFF, 0x9CFF, 0x9CFF, 0x9CFF, 0x9CFF, 0x9CFF, 0x9CFF, 0x9CFF, 0x9CFF, 0x9CFF, 0x9CFF, 0x9CFF, 
    0x9CFF, 0x9CFF, 0x9CFF, 0x9CFF, 0x9CFF, 0x9CFF, 0x9CFF, 0x9CFF, 0x9CFF, 0x9CFF, 0x9CFF, 0x9CFF, 
    0x9CFF, 0x9CFF, 0x9CFF, 0x7CFF, 0xDAF6, 0xBAF6, 0xBAFE, 0x9AFE, 0x9AFE, 0x9AFE, 0x9AFE, 0x9AFE, 
    0x9AFE, 0x9AFE, 0x9AFE, 0x9AFE, 0x9AFE, 0x9AFE, 0x9AFE, 0x9AFE, 0x9AFE, 0x9AFE, 0x9AFE, 0x9AFE, 
    0x9AFE, 0x9AFE, 0x9AFE, 0x9AFE, 0x9AFE, 0x9AFE, 0x9AFE, 0xBAF6, 0xBAF6, 0xBAF6, 0x5CFF, 0x9CFF, 
    0x9CFF, 0x9CFF, 0x9CFF, 0x9CFF, 0x9CFF, 0x9CFF, 0x9CFF, 0x9CFF, 0x9CFF, 0x9CFF, 0x9CFF, 0x9CFF, 
    0x9CFF, 0x9CFF, 0x9CFF, 0x9CFF, 0x9CFF, 0x9CFF, 0x9CFF, 0x9CFF, 0x9CFF, 0x9CFF, 0x9CFF, 0x9CFF, 
    0x9CFF, 0x9CFF, 0x9CFF, 0x9CFF, 0x9CFF, 0x9CFF, 0x9CFF, 0x9CFF, 0x9CFF, 0x9CFF, 0x9CFF, 0x9CFF, 
    0x9CFF, 0x9CFF, 0x9CFF, 0x9CFF, 0x9CFF, 0x9CFF, 0x9CFF, 0x9CFF, 0x9CFF, 0x9CFF, 0x9CFF, 0x9CFF, 
    0x9CFF, 0x9CFF, 0x9CFF, 0x9CFF, 0x9CFF, 0x9CFF, 0x9CFF, 0x9CFF, 0x9CFF, 0x9CFF, 0x9CFF, 0x9CFF, 
    0x9CFF, 0x9CFF, 0x9CFF, 0x9CFF, 0x9CFF, 0x9CFF, 0x9CFF, 0x9CFF, 0x9CFF, 0x9CFF, 0x9CFF, 0x9CFF, 
    0x9CFF, 0x9CFF, 0x9CFF, 0x9CFF, 0x9CFF, 0x9CFF, 0x9CFF, 0x9CFF, 0x9CFF, 0x9CFF, 0x9CFF, 0x9CFF, 
    0x9CFF, 0x9CFF, 0x9CFF, 0x9CFF, 0x9CFF, 0x9CFF, 0x9CFF, 0x9CFF, 0x9CFF, 0x9CFF, 0x9CFF, 0xDDFF, 
    0x99CE, 0xD574, 0xBCAE, 0x1DBF, 0xFDBE, 0x1DBF, 0xFDBE, 0xFDBE, 0xFDBE, 0xFDBE, 0xFDBE, 0xFDBE, 
    0xFDBE, 0xFDBE, 0xFDBE, 0xFDBE, 0xFDBE, 0xFDBE, 0xFDBE, 0xFDBE, 0xFDBE, 0xFDBE, 0xFDBE, 0xFDBE, 
    0xFDBE, 0xFDBE, 
    0xFDBE, 0xFDBE, 0xFDBE, 0xFDBE, 0xFDBE, 0xFDBE, 0xFDBE, 0xFDBE, 0xFDBE, 0xFDBE, 
    0xFDBE, 0xFDBE, 0xFDBE, 0xFDBE, 0xFDBE, 0xFDBE, 0xFDBE, 0xFDBE, 0xFDBE, 0xFDBE, 0xFDBE, 0x1EBF, 
    0x5BA6, 0xF474, 0x1BDF, 0xBDFF, 0x7CFF, 0x9CFF, 0x9CFF, 0x9CFF, 0x9CFF, 0x9CFF, 0x9CFF, 0x9CFF, 
    0x9CFF, 0x9CFF, 0x9CFF, 0x9CFF, 0x9CFF, 0x9CFF, 0x9CFF, 0x9CFF, 0x9CFF, 0x9CFF, 0x9CFF, 0x9CFF, 
    0x9CFF, 0x9CFF, 0x9CFF, 0x9CFF, 0x9CFF, 0x9CFF, 0x9CFF, 0x9CFF, 0x9CFF, 0x9CFF, 0x9CFF, 0x9CFF, 
    0x9CFF, 0x9CFF, 0x9CFF, 0x9CFF, 0x9CFF, 0x9CFF, 0x9CFF, 0x9CFF, 0x9CFF, 0x9CFF, 0x9CFF, 0x9CFF, 
    0x9CFF, 0x9CFF, 0x9CFF, 0x9CFF, 0x9CFF, 0x9CFF, 0x9CFF, 0x9CFF, 0x9CFF, 0x9CFF, 0x9CFF, 0x9CFF, 
    0x9CFF, 0x9CFF, 0x9CFF, 0x9CFF, 0x9CFF, 0x9CFF, 0x9CFF, 0x9CFF, 0x9CFF, 0x9CFF, 0x9CFF, 0x9CFF, 
    0x9CFF, 0x9CFF, 0x9CFF, 0x9CFF, 0x9CFF, 0x9CFF, 0x9CFF, 0x9CFF, 0x9CFF, 0x9CFF, 0x9CFF, 0x9CFF, 
    0x9CFF, 0x9CFF, 0x9CFF, 0x9CFF, 0x9CFF, 0x9CFF, 0x9CFF, 0x9CFF, 0x9CFF, 0x9CFF, 0x9CFF, 0x9CFF, 
    0x9CFF, 0x9CFF, 0x9CFF, 0x9CFF, 0x9CFF, 0x9CFF, 0x5CFF, 0x5CFF, 0x3CFF, 0x5CFF, 0x5CFF, 0x5CFF, 
    0x5CFF, 0x5CFF, 0x5CFF, 0x5CFF, 0x5CFF, 0x5CFF, 0x5CFF, 0x5CFF, 0x5CFF, 0x5CFF, 0x5CFF, 0x5CFF, 
    0x5CFF, 0x5CFF, 0x5CFF, 0x5CFF, 0x5CFF, 0x5CFF, 0x5CFF, 0x5CFF, 0x5CFF, 0x5CFF, 0x5CFF, 0x3CFF, 
    0x7CFF, 0x9CFF, 0x9CFF, 0x9CFF, 0x9CFF, 0x9CFF, 0x9CFF, 0x9CFF, 0x9CFF, 0x9CFF, 0x9CFF, 0x9CFF, 
    0x9CFF, 0x9CFF, 0x9CFF, 0x9CFF, 0x9CFF, 0x9CFF, 0x9CFF, 0x9CFF, 0x9CFF, 0x9CFF, 0x9CFF, 0x9CFF, 
    0x9CFF, 0x9CFF, 0x9CFF, 0x9CFF, 0x9CFF, 0x9CFF, 0x9CFF, 0x9CFF, 0x9CFF, 0x9CFF, 0x9CFF, 0x9CFF, 
    0x9CFF, 0x9CFF, 0x9CFF, 0x9CFF, 0x9CFF, 0x9CFF, 0x9CFF, 0x9CFF, 0x9CFF, 0x9CFF, 0x9CFF, 0x9CFF, 
    0x9CFF, 0x9CFF, 0x9CFF, 0x9CFF, 0x9CFF, 0x9CFF, 0x9CFF, 0x9CFF, 0x9CFF, 0x9CFF, 0x9CFF, 0x9CFF, 
    0x9CFF, 0x9CFF, 0x9CFF, 0x9CFF, 0x9CFF, 0x9CFF, 0x9CFF, 0x9CFF, 0x9CFF, 0x9CFF, 0x9CFF, 0x9CFF, 
    0x9CFF, 0x9CFF, 0x9CFF, 0x9CFF, 0x9CFF, 0x9CFF, 0x9CFF, 0x9CFF, 0x9CFF, 0x9CFF, 0x9CFF, 0x9CFF, 
    0x9CFF, 0x9CFF, 0x9CFF, 0x9CFF, 0x9CFF, 0x9CFF, 0x9CFF, 0x9CFF, 0x9CFF, 0x9CFF, 0x9CFF, 0x9CFF, 
    0x9CFF, 0xDDFF, 0x99CE, 0xD574, 0xBCAE, 0x1DBF, 0xFDBE, 0x1DBF, 0xFDBE, 0xFDBE, 0xFDBE, 0xFDBE, 
    0xFDBE, 0xFDBE, 0xFDBE, 0xFDBE, 0xFDBE, 0xFDBE, 0xFDBE, 0xFDBE, 0xFDBE, 0xFDBE, 0xFDBE, 0xFDBE, 
    0xFDBE, 0xFDBE, 0xFDBE, 0xFDBE, 
    0xFDBE, 0xFDBE, 0xFDBE, 0xFDBE, 0xFDBE, 0xFDBE, 0xFDBE, 0xFDBE, 
    0xFDBE, 0xFDBE, 0xFDBE, 0xFDBE, 0xFDBE, 0xFDBE, 0xFDBE, 0xFDBE, 0xFDBE, 0xFDBE, 0xFDBE, 0xFDBE, 
    0xFDBE, 0x1EBF, 0x5BA6, 0xF474, 0x1BDF, 0xBDFF, 0x7CFF, 0x9CFF, 0x9CFF, 0x9CFF, 0x9CFF, 0x9CFF, 
    0x9CFF, 0x9CFF, 0x9CFF, 0x9CFF, 0x9CFF, 0x9CFF, 0x9CFF, 0x9CFF, 0x9CFF, 0x9CFF, 0x9CFF, 0x9CFF, 
    0x9CFF, 0x9CFF, 0x9CFF, 0x9CFF, 0x9CFF, 0x9CFF, 0x9CFF, 0x9CFF, 0x9CFF, 0x9CFF, 0x9CFF, 0x9CFF, 
    0x9CFF, 0x9CFF, 0x9CFF, 0x9CFF, 0x9CFF, 0x9CFF, 0x9CFF, 0x9CFF, 0x9CFF, 0x9CFF, 0x9CFF, 0x9CFF, 
    0x9CFF, 0x9CFF, 0x9CFF, 0x9CFF, 0x9CFF, 0x9CFF, 0x9CFF, 0x9CFF, 0x9CFF, 0x9CFF, 0x9CFF, 0x9CFF, 
    0x9CFF, 0x9CFF, 0x9CFF, 0x9CFF, 0x9CFF, 0x9CFF, 0x9CFF, 0x9CFF, 0x9CFF, 0x9CFF, 0x9CFF, 0x9CFF, 
    0x9CFF, 0x9CFF, 0x9CFF, 0x9CFF, 0x9CFF, 0x9CFF, 0x9CFF, 0x9CFF, 0x9CFF, 0x9CFF, 0x9CFF, 0x9CFF, 
    0x9CFF, 0x9CFF, 0x9CFF, 0x9CFF, 0x9CFF, 0x9CFF, 0x9CFF, 0x9CFF, 0x9CFF, 0x9CFF, 0x9CFF, 0x9CFF, 
    0x9CFF, 0x9CFF, 0x9CFF, 0x9CFF, 0x9CFF, 0x9CFF, 0x9CFF, 0x9CFF, 0x9CFF, 0x9DFF, 0x9DFF, 0x9CFF, 
    0x9CFF, 0x9CFF, 0x9CFF, 0x9CFF, 0x9CFF, 0x9CFF, 0x9CFF, 0x9CFF, 0x9CFF, 0x9CFF, 0x9CFF, 0x9CFF, 
    0x9CFF, 0x9CFF, 0x9CFF, 0x9CFF, 0x9CFF, 0x9CFF, 0x9CFF, 0x9CFF, 0x9CFF, 0x9CFF, 0x9CFF, 0x9CFF, 
    0x9CFF, 0x9CFF, 0x9CFF, 0x9CFF, 0x9CFF, 0x9CFF, 0x9CFF, 0x9CFF, 0x9CFF, 0x9CFF, 0x9CFF, 0x9CFF, 
    0x9CFF, 0x9CFF, 0x9CFF, 0x9CFF, 0x9CFF, 0x9CFF, 0x9CFF, 0x9CFF, 0x9CFF, 0x9CFF, 0x9CFF, 0x9CFF, 
    0x9CFF, 0x9CFF, 0x9CFF, 0x9CFF, 0x9CFF, 0x9CFF, 0x9CFF, 0x9CFF, 0x9CFF, 0x9CFF, 0x9CFF, 0x9CFF, 
    0x9CFF, 0x9CFF, 0x9CFF, 0x9CFF, 0x9CFF, 0x9CFF, 0x9CFF, 0x9CFF, 0x9CFF, 0x9CFF, 0x9CFF, 0x9CFF, 
    0x9CFF, 0x9CFF, 0x9CFF, 0x9CFF, 0x9CFF, 0x9CFF, 0x9CFF, 0x9CFF, 0x9CFF, 0x9CFF, 0x9CFF, 0x9CFF, 
    0x9CFF, 0x9CFF, 0x9CFF, 0x9CFF, 0x9CFF, 0x9CFF, 0x9CFF, 0x9CFF, 0x9CFF, 0x9CFF, 0x9CFF, 0x9CFF, 
    0x9CFF, 0x9CFF, 0x9CFF, 0x9CFF, 0x9CFF, 0x9CFF, 0x9CFF, 0x9CFF, 0x9CFF, 0x9CFF, 0x9CFF, 0x9CFF, 
    0x9CFF, 0x9CFF, 0x9CFF, 0x9CFF, 0x9CFF, 0x9CFF, 0x9CFF, 0x9CFF, 0x9CFF, 0x9CFF, 0x9CFF, 0x9CFF, 
    0x9CFF, 0x9CFF, 0x9CFF, 0xDDFF, 0x99CE, 0xD574, 0xBCAE, 0x1DBF, 0xFDBE, 0x1DBF, 0xFDBE, 0xFDBE, 
    0xFDBE, 0xFDBE, 0xFDBE, 0xFDBE, 0xFDBE, 0xFDBE, 0xFDBE, 0xFDBE, 0xFDBE, 0xFDBE, 0xFDBE, 0xFDBE, 
    0xFDBE, 0xFDBE, 0xFDBE, 0xFDBE, 0xFDBE, 0xFDBE, 
    0xFDBE, 0xFDBE, 0xFDBE, 0xFDBE, 0xFDBE, 0xFDBE, 
    0xFDBE, 0xFDBE, 0xFDBE, 0xFDBE, 0xFDBE, 0xFDBE, 0xFDBE, 0xFDBE, 0xFDBE, 0xFDBE, 0xFDBE, 0xFDBE, 
    0xFDBE, 0xFDBE, 0xFDBE, 0x1EBF, 0x5BA6, 0xF474, 0x1BDF, 0xBDFF, 0x7CFF, 0x9CFF, 0x9CFF, 0x9CFF, 
    0x9CFF, 0x9CFF, 0x9CFF, 0x9CFF, 0x9CFF, 0x9CFF, 0x9CFF, 0x9CFF, 0x9CFF, 0x9CFF, 0x9CFF, 0x9CFF, 
    0x9CFF, 0x9CFF, 0x9CFF, 0x9CFF, 0x9CFF, 0x9CFF, 0x9CFF, 0x9CFF, 0x9CFF, 0x9CFF, 0x9CFF, 0x9CFF, 
    0x9CFF, 0x9CFF, 0x9CFF, 0x9CFF, 0x9CFF, 0x9CFF, 0x9CFF, 0x9CFF, 0x9CFF, 0x9CFF, 0x9CFF, 0x9CFF, 
    0x9CFF, 0x9CFF, 0x9CFF, 0x9CFF, 0x9CFF, 0x9CFF, 0x9CFF, 0x9CFF, 0x9CFF, 0x9CFF, 0x9CFF, 0x9CFF, 
    0x9CFF, 0x9CFF, 0x9CFF, 0x9CFF, 0x9CFF, 0x9CFF, 0x9CFF, 0x9CFF, 0x9CFF, 0x9CFF, 0x9CFF, 0x9CFF, 
    0x9CFF, 0x9CFF, 0x9CFF, 0x9CFF, 0x9CFF, 0x9CFF, 0x9CFF, 0x9CFF, 0x9CFF, 0x9CFF, 0x9CFF, 0x9CFF, 
    0x9CFF, 0x9CFF, 0x9CFF, 0x9CFF, 0x9CFF, 0x9CFF, 0x9CFF, 0x9CFF, 0x9CFF, 0x9CFF, 0x9CFF, 0x9CFF, 
    0x9CFF, 0x9CFF, 0x9CFF, 0x9CFF, 0x9CFF, 0x9CFF, 0x9CFF, 0x9CFF, 0x9CFF, 0x9CFF, 0x9CFF, 0x9CFF, 
    0x9DFF, 0x9CFF, 0x9CFF, 0x9CFF, 0x9CFF, 0x9CFF, 0x9CFF, 0x9CFF, 0x9CFF, 0x9CFF, 0x9CFF, 0x9CFF, 
    0x9CFF, 0x9CFF, 0x9CFF, 0x9CFF, 0x9CFF, 0x9CFF, 0x9CFF, 0x9CFF, 0x9CFF, 0x9CFF, 0x9CFF, 0x9CFF, 
    0x9CFF, 0x9CFF, 0x9CFF, 0x9CFF, 0x9CFF, 0x9CFF, 0x9CFF, 0x9CFF, 0x9CFF, 0x9CFF, 0x9CFF, 0x9CFF, 
    0x9CFF, 0x9CFF, 0x9CFF, 0x9CFF, 0x9CFF, 0x9CFF, 0x9CFF, 0x9CFF, 0x9CFF, 0x9CFF, 0x9CFF, 0x9CFF, 
    0x9CFF, 0x9CFF, 0x9CFF, 0x9CFF, 0x9CFF, 0x9CFF, 0x9CFF, 0x9CFF, 0x9CFF, 0x9CFF, 0x9CFF, 0x9CFF, 
    0x9CFF, 0x9CFF, 0x9CFF, 0x9CFF, 0x9CFF, 0x9CFF, 0x9CFF, 0x9CFF, 0x9CFF, 0x9CFF, 0x9CFF, 0x9CFF, 
    0x9CFF, 0x9CFF, 0x9CFF, 0x9CFF, 0x9CFF, 0x9CFF, 0x9CFF, 0x9CFF, 0x9CFF, 0x9CFF, 0x9CFF, 0x9CFF, 
    0x9CFF, 0x9CFF, 0x9CFF, 0x9CFF, 0x9CFF, 0x9CFF, 0x9CFF, 0x9CFF, 0x9CFF, 0x9CFF, 0x9CFF, 0x9CFF, 
    0x9CFF, 0x9CFF, 0x9CFF, 0x9CFF, 0x9CFF, 0x9CFF, 0x9CFF, 0x9CFF, 0x9CFF, 0x9CFF, 0x9CFF, 0x9CFF, 
    0x9CFF, 0x9CFF, 0x9CFF, 0x9CFF, 0x9CFF, 0x9CFF, 0x9CFF, 0x9CFF, 0x9CFF, 0x9CFF, 0x9CFF, 0x9CFF, 
    0x9CFF, 0x9CFF, 0x9CFF, 0x9CFF, 0x9CFF, 0xDDFF, 0x99CE, 0xD574, 0xBCAE, 0x1DBF, 0xFDBE, 0x1DBF, 
    0xFDBE, 0xFDBE, 0xFDBE, 0xFDBE, 0xFDBE, 0xFDBE, 0xFDBE, 0xFDBE, 0xFDBE, 0xFDBE, 0xFDBE, 0xFDBE, 
    0xFDBE, 0xFDBE, 0xFDBE, 0xFDBE, 0xFDBE, 0xFDBE, 0xFDBE, 0xFDBE, 
    0xFDBE, 0xFDBE, 0xFDBE, 0xFDBE, 
    0xFDBE, 0xFDBE, 0xFDBE, 0xFDBE, 0xFDBE, 0xFDBE, 0xFDBE, 0xFDBE, 0xFDBE, 0xFDBE, 0xFDBE, 0xFDBE, 
    0xFDBE, 0xFDBE, 0xFDBE, 0xFDBE, 0xFDBE, 0x1EBF, 0x5BA6, 0xF474, 0x1BDF, 0xBDFF, 0x7CFF, 0x9CFF, 
    0x9CFF, 0x9CFF, 0x9CFF, 0x9CFF, 0x9CFF, 0x9CFF, 0x9CFF, 0x9CFF, 0x9CFF, 0x9CFF, 0x9CFF, 0x9CFF, 
    0x9CFF, 0x9CFF, 0x9CFF, 0x9CFF, 0x9CFF, 0x9CFF, 0x9CFF, 0x9CFF, 0x9CFF, 0x9CFF, 0x9CFF, 0x9CFF, 
    0x9CFF, 0x9CFF, 0x9CFF, 0x9CFF, 0x9CFF, 0x9CFF, 0x9CFF, 0x9CFF, 0x9CFF, 0x9CFF, 0x9CFF, 0x9CFF, 
    0x9CFF, 0x9CFF, 0x9CFF, 0x9CFF, 0x9CFF, 0x9CFF, 0x9CFF, 0x9CFF, 0x9CFF, 0x9CFF, 0x9CFF, 0x9CFF, 
    0x9CFF, 0x9CFF, 0x9CFF, 0x9CFF, 0x9CFF, 0x9CFF, 0x9CFF, 0x9CFF, 0x9CFF, 0x9CFF, 0x9CFF, 0x9CFF, 
    0x9CFF, 0x9CFF, 0x9CFF, 0x9CFF, 0x9CFF, 0x9CFF, 0x9CFF, 0x9CFF, 0x9CFF, 0x9CFF, 0x9CFF, 0x9CFF, 
    0x9CFF, 0x9CFF, 0x9CFF, 0x9CFF, 0x9CFF, 0x9CFF, 0x9CFF, 0x9CFF, 0x9CFF, 0x9CFF, 0x9CFF, 0x9CFF, 
    0x9CFF, 0x9CFF, 0x9CFF, 0x9CFF, 0x9CFF, 0x9CFF, 0x9CFF, 0x9CFF, 0x9CFF, 0x9CFF, 0x9CFF, 0x9CFF, 
    0x9CFF, 0x9CFF, 0x9CFF, 0x9CFF, 0x9CFF, 0x9CFF, 0x9CFF, 0x9CFF, 0x9CFF, 0x9CFF, 0x9CFF, 0x9CFF, 
    0x9CFF, 0x9CFF, 0x9CFF, 0x9CFF, 0x9CFF, 0x9CFF, 0x9CFF, 0x9CFF, 0x9CFF, 0x9CFF, 0x9CFF, 0x9CFF, 
    0x9CFF, 0x9CFF, 0x9CFF, 0x9CFF, 0x9CFF, 0x9CFF, 0x9CFF, 0x9CFF, 0x9CFF, 0x9CFF, 0x9CFF, 0x9CFF, 
    0x9CFF, 0x9CFF, 0x9CFF, 0x9CFF, 0x9CFF, 0x9CFF, 0x9CFF, 0x9CFF, 0x9CFF, 0x9CFF, 0x9CFF, 0x9CFF, 
    0x9CFF, 0x9CFF, 0x9CFF, 0x9CFF, 0x9CFF, 0x9CFF, 0x9CFF, 0x9CFF, 0x9CFF, 0x9CFF, 0x9CFF, 0x9CFF, 
    0x9CFF, 0x9CFF, 0x9CFF, 0x9CFF, 0x9CFF, 0x9CFF, 0x9CFF, 0x9CFF, 0x9CFF, 0x9CFF, 0x9CFF, 0x9CFF, 
    0x9CFF, 0x9CFF, 0x9CFF, 0x9CFF, 0x9CFF, 0x9CFF, 0x9CFF, 0x9CFF, 0x9CFF, 0x9CFF, 0x9CFF, 0x9CFF, 
    0x9CFF, 0x9CFF, 0x9CFF, 0x9CFF, 0x9CFF, 0x9CFF, 0x9CFF, 0x9CFF, 0x9CFF, 0x9CFF, 0x9CFF, 0x9CFF, 
    0x9CFF, 0x9CFF, 0x9CFF, 0x9CFF, 0x9CFF, 0x9CFF, 0x9CFF, 0x9CFF, 0x9CFF, 0x9CFF, 0x9CFF, 0x9CFF, 
    0x9CFF, 0x9CFF, 0x9CFF, 0x9CFF, 0x9CFF, 0x9CFF, 0x9CFF, 0x9CFF, 0x9CFF, 0x9CFF, 0x9CFF, 0x9CFF, 
    0x9CFF, 0x9CFF, 0x9CFF, 0x9CFF, 0x9CFF, 0x9CFF, 0x7CFF, 0xBDFF, 0x99CE, 0xD574, 0xBCAE, 0x1DBF, 
    0xFDBE, 0x1DBF, 0xFDBE, 0xFDBE, 0xFDBE, 0xFDBE, 0xFDBE, 0xFDBE, 0xFDBE, 0xFDBE, 0xFDBE, 0xFDBE, 
    0xFDBE, 0xFDBE, 0xFDBE, 0xFDBE, 0xFDBE, 0xFDBE, 0xFDBE, 0xFDBE, 0xFDBE, 0xFDBE, 
    0xFDBE, 0xFDBE, 
    0xFDBE, 0xFDBE, 0xFDBE, 0xFDBE, 0xFDBE, 0xFDBE, 0xFDBE, 0xFDBE, 0xFDBE, 0xFDBE, 0xFDBE, 0xFDBE, 
    0xFDBE, 0xFDBE, 0xFDBE, 0xFDBE, 0xFDBE, 0xFDBE, 0xFDBE, 0x1EBF, 0x5BA6, 0xF474, 0x1BDF, 0xBDFF, 
    0x7CFF, 0x9CFF, 0x9CFF, 0x9CFF, 0x9CFF, 0x9CFF, 0x9CFF, 0x9CFF, 0x9CFF, 0x9CFF, 0x9CFF, 0x9CFF, 
    0x9CFF, 0x9CFF, 0x9CFF, 0x9CFF, 0x9CFF, 0x9CFF, 0x9CFF, 0x9CFF, 0x9CFF, 0x9CFF, 0x9CFF, 0x9CFF, 
    0x9CFF, 0x9CFF, 0x9CFF, 0x9CFF, 0x9CFF, 0x9CFF, 0x9CFF, 0x9CFF, 0x9CFF, 0x9CFF, 0x9CFF, 0x9CFF, 
    0x9CFF, 0x9CFF, 0x9CFF, 0x9CFF, 0x9CFF, 0x9CFF, 0x9CFF, 0x9CFF, 0x9CFF, 0x9CFF, 0x9CFF, 0x9CFF, 
    0x9CFF, 0x9CFF, 0x9CFF, 0x9CFF, 0x9CFF, 0x9CFF, 0x9CFF, 0x9CFF, 0x9CFF, 0x9CFF, 0x9CFF, 0x9CFF, 
    0x9CFF, 0x9CFF, 0x9CFF, 0x9CFF, 0x9CFF, 0x9CFF, 0x9CFF, 0x9CFF, 0x9CFF, 0x9CFF, 0x9CFF, 0x9CFF, 
    0x9CFF, 0x9CFF, 0x9CFF, 0x9CFF, 0x9CFF, 0x9CFF, 0x9CFF, 0x9CFF, 0x9CFF, 0x9CFF, 0x9CFF, 0x9CFF, 
    0x9CFF, 0x9CFF, 0x9CFF, 0x9CFF, 0x9CFF, 0x9CFF, 0x9CFF, 0x9CFF, 0x9CFF, 0x9CFF, 0x9CFF, 0x9CFF, 
    0x9CFF, 0x9CFF, 0x9CFF, 0x9CFF, 0x9CFF, 0x9CFF, 0x9CFF, 0x9CFF, 0x9CFF, 0x9CFF, 0x9CFF, 0x9CFF, 
    0x9CFF, 0x9CFF, 0x9CFF, 0x9CFF, 0x9CFF, 0x9CFF, 0x9CFF, 0x9CFF, 0x9CFF, 0x9CFF, 0x9CFF, 0x9CFF, 
    0x9CFF, 0x9CFF, 0x9CFF, 0x9CFF, 0x9CFF, 0x9CFF, 0x9CFF, 0x9CFF, 0x9CFF, 0x9CFF, 0x9CFF, 0x9CFF, 
    0x9CFF, 0x9CFF, 0x9CFF, 0x9CFF, 0x9CFF, 0x9CFF, 0x9CFF, 0x9CFF, 0x9CFF, 0x9CFF, 0x9CFF, 0x9CFF, 
    0x9CFF, 0x9CFF, 0x9CFF, 0x9CFF, 0x9CFF, 0x9CFF, 0x9CFF, 0x9CFF, 0x9CFF, 0x9CFF, 0x9CFF, 0x9CFF, 
    0x9CFF, 0x9CFF, 0x9CFF, 0x9CFF, 0x9CFF, 0x9CFF, 0x9CFF, 0x9CFF, 0x9CFF, 0x9CFF, 0x9CFF, 0x9CFF, 
    0x9CFF, 0x9CFF, 0x9CFF, 0x9CFF, 0x9CFF, 0x9CFF, 0x9CFF, 0x9CFF, 0x9CFF, 0x9CFF, 0x9CFF, 0x9CFF, 
    0x9CFF, 0x9CFF, 0x9CFF, 0x9CFF, 0x9CFF, 0x9CFF, 0x9CFF, 0x9CFF, 0x9CFF, 0x9CFF, 0x9CFF, 0x9CFF, 
    0x9CFF, 0x9CFF, 0x9CFF, 0x9CFF, 0x9CFF, 0x9CFF, 0x9CFF, 0x9CFF, 0x9CFF, 0x9CFF, 0x9CFF, 0x9CFF, 
    0x9CFF, 0x9CFF, 0x9CFF, 0x9CFF, 0x9CFF, 0x9CFF, 0x9CFF, 0x9CFF, 0x9CFF, 0x9CFF, 0x9CFF, 0x9CFF, 
    0x9CFF, 0x9CFF, 0x9CFF, 0x9CFF, 0x9CFF, 0x9CFF, 0x9CFF, 0x9CFF, 0x7CFF, 0xBDFF, 0x99CE, 0xD56C, 
    0xBCAE, 0x1DBF, 0xFDBE, 0x1DBF, 0xFDBE, 0xFDBE, 0xFDBE, 0xFDBE, 0xFDBE, 0xFDBE, 0xFDBE, 0xFDBE, 
    0xFDBE, 0xFDBE, 0xFDBE, 0xFDBE, 0xFDBE, 0xFDBE, 0xFDBE, 0xFDBE, 0xFDBE, 0xFDBE, 0xFDBE, 0xFDBE, 
    
    0xFDBE, 0xFDBE, 0xFDBE, 0xFDBE, 0xFDBE, 0xFDBE, 0xFDBE, 0xFDBE, 0xFDBE, 0xFDBE, 0xFDBE, 0xFDBE, 
    0xFDBE, 0xFDBE, 0xFDBE, 0xFDBE, 0xFDBE, 0xFDBE, 0xFDBE, 0xFDBE, 0xFDBE, 0x1EBF, 0x5BA6, 0xF474, 
    0x1BDF, 0xBDFF, 0x7CFF, 0x9CFF, 0x9CFF, 0x9CFF, 0x9CFF, 0x9CFF, 0x9CFF, 0x9CFF, 0x9CFF, 0x9CFF, 
    0x9CFF, 0x9CFF, 0x9CFF, 0x9CFF, 0x9CFF, 0x9CFF, 0x9CFF, 0x9CFF, 0x9CFF, 0x9CFF, 0x9CFF, 0x9CFF, 
    0x9CFF, 0x9CFF, 0x9CFF, 0x9CFF, 0x9CFF, 0x9CFF, 0x9CFF, 0x9CFF, 0x9CFF, 0x9CFF, 0x9CFF, 0x9CFF, 
    0x9CFF, 0x9CFF, 0x9CFF, 0x9CFF, 0x9CFF, 0x9CFF, 0x9CFF, 0x9CFF, 0x9CFF, 0x9CFF, 0x9CFF, 0x9CFF, 
    0x9CFF, 0x9CFF, 0x9CFF, 0x9CFF, 0x9CFF, 0x9CFF, 0x9CFF, 0x9CFF, 0x9CFF, 0x9CFF, 0x9CFF, 0x9CFF, 
    0x9CFF, 0x9CFF, 0x9CFF, 0x9CFF, 0x9CFF, 0x9CFF, 0x9CFF, 0x9CFF, 0x9CFF, 0x9CFF, 0x9CFF, 0x9CFF, 
    0x9CFF, 0x9CFF, 0x9CFF, 0x9CFF, 0x9CFF, 0x9CFF, 0x9CFF, 0x9CFF, 0x9CFF, 0x9CFF, 0x9CFF, 0x9CFF, 
    0x9CFF, 0x9CFF, 0x9CFF, 0x9CFF, 0x9CFF, 0x9CFF, 0x9CFF, 0x9CFF, 0x9CFF, 0x9CFF, 0x9CFF, 0x9CFF, 
    0x9CFF, 0x9CFF, 0x9CFF, 0x9CFF, 0x9CFF, 0x9CFF, 0x9CFF, 0x9CFF, 0x9CFF, 0x9CFF, 0x9CFF, 0x9CFF, 
    0x9CFF, 0x9CFF, 0x9CFF, 0x9CFF, 0x9CFF, 0x9CFF, 0x9CFF, 0x9CFF, 0x9CFF, 0x9CFF, 0x9CFF, 0x9CFF, 
    0x9CFF, 0x9CFF, 0x9CFF, 0x9CFF, 0x9CFF, 0x9CFF, 0x9CFF, 0x9CFF, 0x9CFF, 0x9CFF, 0x9CFF, 0x9CFF, 
    0x9CFF, 0x9CFF, 0x9CFF, 0x9CFF, 0x9CFF, 0x9CFF, 0x9CFF, 0x9CFF, 0x9CFF, 0x9CFF, 0x9CFF, 0x9CFF, 
    0x9CFF, 0x9CFF, 0x9CFF, 0x9CFF, 0x9CFF, 0x9CFF, 0x9CFF, 0x9CFF, 0x9CFF, 0x9CFF, 0x9CFF, 0x9CFF, 
    0x9CFF, 0x9CFF, 0x9CFF, 0x9CFF, 0x9CFF, 0x9CFF, 0x9CFF, 0x9CFF, 0x9CFF, 0x9CFF, 0x9CFF, 0x9CFF, 
    0x9CFF, 0x9CFF, 0x9CFF, 0x9CFF, 0x9CFF, 0x9CFF, 0x9CFF, 0x9CFF, 0x9CFF, 0x9CFF, 0x9CFF, 0x9CFF, 
    0x9CFF, 0x9CFF, 0x9CFF, 0x9CFF, 0x9CFF, 0x9CFF, 0x9CFF, 0x9CFF, 0x9CFF, 0x9CFF, 0x9CFF, 0x9CFF, 
    0x9CFF, 0x9CFF, 0x9CFF, 0x9CFF, 0x9CFF, 0x9CFF, 0x9CFF, 0x9CFF, 0x9CFF, 0x9CFF, 0x9CFF, 0x9CFF, 
    0x9CFF, 0x9CFF, 0x9CFF, 0x9CFF, 0x9CFF, 0x9CFF, 0x9CFF, 0x9CFF, 0x9CFF, 0x9CFF, 0x9CFF, 0x9CFF, 
    0x9CFF, 0x9CFF, 0x9CFF, 0x9CFF, 0x9CFF, 0x9CFF, 0x9CFF, 0x9CFF, 0x9CFF, 0x9CFF, 0x7CFF, 0xBDFF, 
    0x99CE, 0xD56C, 0xBCAE, 0x1DBF, 0xFDBE, 0x1DBF, 0xFDBE, 0xFDBE, 0xFDBE, 0xFDBE, 0xFDBE, 0xFDBE, 
    0xFDBE, 0xFDBE, 0xFDBE, 0xFDBE, 0xFDBE, 0xFDBE, 0xFDBE, 0xFDBE, 0xFDBE, 0xFDBE, 0xFDBE, 0xFDBE, 
    0xFDBE, 0xFDBE, 
    0xFDBE, 0xFDBE, 0xFDBE, 0xFDBE, 0xFDBE, 0xFDBE, 0xFDBE, 0xFDBE, 0xFDBE, 0xFDBE, 
    0xFDBE, 0xFDBE, 0xFDBE, 0xFDBE, 0xFDBE, 0xFDBE, 0xFDBE, 0xFDBE, 0xFDBE, 0xFDBE, 0xFDBE, 0x1EBF, 
    0x5BA6, 0xF474, 0x1BDF, 0xBDFF, 0x7CFF, 0x9CFF, 0x9CFF, 0x9CFF, 0x9CFF, 0x9CFF, 0x9CFF, 0x9CFF, 
    0x9CFF, 0x9CFF, 0x9CFF, 0x9CFF, 0x9CFF, 0x9CFF, 0x9CFF, 0x9CFF, 0x9CFF, 0x9CFF, 0x9CFF, 0x9CFF, 
    0x9CFF, 0x9CFF, 0x9CFF, 0x9CFF, 0x9CFF, 0x9CFF, 0x9CFF, 0x9CFF, 0x9CFF, 0x9CFF, 0x9CFF, 0x9CFF, 
    0x9CFF, 0x9CFF, 0x9CFF, 0x9CFF, 0x9CFF, 0x9CFF, 0x9CFF, 0x9CFF, 0x9CFF, 0x9CFF, 0x9CFF, 0x9CFF, 
    0x9CFF, 0x9CFF, 0x9CFF, 0x9CFF, 0x9CFF, 0x9CFF, 0x9CFF, 0x9CFF, 0x9CFF, 0x9CFF, 0x9CFF, 0x9CFF, 
    0x9CFF, 0x9CFF, 0x9CFF, 0x9CFF, 0x9CFF, 0x9CFF, 0x9CFF, 0x9CFF, 0x9CFF, 0x9CFF, 0x9CFF, 0x9CFF, 
    0x9CFF, 0x9CFF, 0x9CFF, 0x9CFF, 0x9CFF, 0x9CFF, 0x9CFF, 0x9CFF, 0x9CFF, 0x9CFF, 0x9CFF, 0x9CFF, 
    0x9CFF, 0x9CFF, 0x9CFF, 0x9CFF, 0x9CFF, 0x9CFF, 0x9CFF, 0x9CFF, 0x9CFF, 0x9CFF, 0x9CFF, 0x9CFF, 
    0x9CFF, 0x9CFF, 0x9CFF, 0x9CFF, 0x9CFF, 0x9CFF, 0x9CFF, 0x9CFF, 0x9CFF, 0x9CFF, 0x9CFF, 0x9CFF, 
    0x9CFF, 0x9CFF, 0x9CFF, 0x9CFF, 0x9CFF, 0x9CFF, 0x9CFF, 0x9CFF, 0x9CFF, 0x9CFF, 0x9CFF, 0x9CFF, 
    0x9CFF, 0x9CFF, 0x9CFF, 0x9CFF, 0x9CFF, 0x9CFF, 0x9CFF, 0x9CFF, 0x9CFF, 0x9CFF, 0x9CFF, 0x9CFF, 
    0x9CFF, 0x9CFF, 0x9CFF, 0x9CFF, 0x9CFF, 0x9CFF, 0x9CFF, 0x9CFF, 0x9CFF, 0x9CFF, 0x9CFF, 0x9CFF, 
    0x9CFF, 0x9CFF, 0x9CFF, 0x9CFF, 0x9CFF, 0x9CFF, 0x9CFF, 0x9CFF, 0x9CFF, 0x9CFF, 0x9CFF, 0x9CFF, 
    0x9CFF, 0x9CFF, 0x9CFF, 0x9CFF, 0x9CFF, 0x9CFF, 0x9CFF, 0x9CFF, 0x9CFF, 0x9CFF, 0x9CFF, 0x9CFF, 
    0x9CFF, 0x9CFF, 0x9CFF, 0x9CFF, 0x9CFF, 0x9CFF, 0x9CFF, 0x9CFF, 0x9CFF, 0x9CFF, 0x9CFF, 0x9CFF, 
    0x9CFF, 0x9CFF, 0x9CFF, 0x9CFF, 0x9CFF, 0x9CFF, 0x9CFF, 0x9CFF, 0x9CFF, 0x9CFF, 0x9CFF, 0x9CFF, 
    0x9CFF, 0x9CFF, 0x9CFF, 0x9CFF, 0x9CFF, 0x9CFF, 0x9CFF, 0x9CFF, 0x9CFF, 0x9CFF, 0x9CFF, 0x9CFF, 
    0x9CFF, 0x9CFF, 0x9CFF, 0x9CFF, 0x9CFF, 0x9CFF, 0x9CFF, 0x9CFF, 0x9CFF, 0x9CFF, 0x9CFF, 0x9CFF, 
    0x9CFF, 0x9CFF, 0x9CFF, 0x9CFF, 0x9CFF, 0x9CFF, 0x9CFF, 0x9CFF, 0x9CFF, 0x9CFF, 0x9CFF, 0x9CFF, 
    0x7CFF, 0xBDFF, 0x99CE, 0xD56C, 0xBCAE, 0x1DBF, 0xFDBE, 0x1DBF, 0xFDBE, 0xFDBE, 0xFDBE, 0xFDBE, 
    0xFDBE, 0xFDBE, 0xFDBE, 0xFDBE, 0xFDBE, 0xFDBE, 0xFDBE, 0xFDBE, 0xFDBE, 0xFDBE, 0xFDBE, 0xFDBE, 
    0xFDBE, 0xFDBE, 0xFDBE, 0xFDBE, 
    0xFDBE, 0xFDBE, 0xFDBE, 0xFDBE, 0xFDBE, 0xFDBE, 0xFDBE, 0xFDBE, 
    0xFDBE, 0xFDBE, 0xFDBE, 0xFDBE, 0xFDBE, 0xFDBE, 0xFDBE, 0xFDBE, 0xFDBE, 0xFDBE, 0xFDBE, 0xFDBE, 
    0xFDBE, 0x1EBF, 0x5BA6, 0xF474, 0x1BDF, 0xBDFF, 0x7CFF, 0x9CFF, 0x9CFF, 0x9CFF, 0x9CFF, 0x9CFF, 
    0x9CFF, 0x9CFF, 0x9CFF, 0x9CFF, 0x9CFF, 0x9CFF, 0x9CFF, 0x9CFF, 0x9CFF, 0x9CFF, 0x9CFF, 0x9CFF, 
    0x9CFF, 0x9CFF, 0x9CFF, 0x9CFF, 0x9CFF, 0x9CFF, 0x9CFF, 0x9CFF, 0x9CFF, 0x9CFF, 0x9CFF, 0x9CFF, 
    0x9CFF, 0x9CFF, 0x9CFF, 0x9CFF, 0x9CFF, 0x9CFF, 0x9CFF, 0x9CFF, 0x9CFF, 0x9CFF, 0x9CFF, 0x9CFF, 
    0x9CFF, 0x9CFF, 0x9CFF, 0x9CFF, 0x9CFF, 0x9CFF, 0x9CFF, 0x9CFF, 0x9CFF, 0x9CFF, 0x9CFF, 0x9CFF, 
    0x9CFF, 0x9CFF, 0x9CFF, 0x9CFF, 0x9CFF, 0x9CFF, 0x9CFF, 0x9CFF, 0x9CFF, 0x9CFF, 0x9CFF, 0x9CFF, 
    0x9CFF, 0x9CFF, 0x9CFF, 0x9CFF, 0x9CFF, 0x9CFF, 0x9CFF, 0x9CFF, 0x9CFF, 0x9CFF, 0x9CFF, 0x9CFF, 
    0x9CFF, 0x9CFF, 0x9CFF, 0x9CFF, 0x9CFF, 0x9CFF, 0x9CFF, 0x9CFF, 0x9CFF, 0x9CFF, 0x9CFF, 0x9CFF, 
    0x9CFF, 0x9CFF, 0x9CFF, 0x9CFF, 0x9CFF, 0x9CFF, 0x9CFF, 0x9CFF, 0x9CFF, 0x9CFF, 0x9CFF, 0x9CFF, 
    0x9CFF, 0x9CFF, 0x9CFF, 0x9CFF, 0x9CFF, 0x9CFF, 0x9CFF, 0x9CFF, 0x9CFF, 0x9CFF, 0x9CFF, 0x9CFF, 
    0x9CFF, 0x9CFF, 0x9CFF, 0x9CFF, 0x9CFF, 0x9CFF, 0x9CFF, 0x9CFF, 0x9CFF, 0x9CFF, 0x9CFF, 0x9CFF, 
    0x9CFF, 0x9CFF, 0x9CFF, 0x9CFF, 0x9CFF, 0x9CFF, 0x9CFF, 0x9CFF, 0x9CFF, 0x9CFF, 0x9CFF, 0x9CFF, 
    0x9CFF, 0x9CFF, 0x9CFF, 0x9CFF, 0x9CFF, 0x9CFF, 0x9CFF, 0x9CFF, 0x9CFF, 0x9CFF, 0x9CFF, 0x9CFF, 
    0x9CFF, 0x9CFF, 0x9CFF, 0x9CFF, 0x9CFF, 0x9CFF, 0x9CFF, 0x9CFF, 0x9CFF, 0x9CFF, 0x9CFF, 0x9CFF, 
    0x9CFF, 0x9CFF, 0x9CFF, 0x9CFF, 0x9CFF, 0x9CFF, 0x9CFF, 0x9CFF, 0x9CFF, 0x9CFF, 0x9CFF, 0x9CFF, 
    0x9CFF, 0x9CFF, 0x9CFF, 0x9CFF, 0x9CFF, 0x9CFF, 0x9CFF, 0x9CFF, 0x9CFF, 0x9CFF, 0x9CFF, 0x9CFF, 
    0x9CFF, 0x9CFF, 0x9CFF, 0x9CFF, 0x9CFF, 0x9CFF, 0x9CFF, 0x9CFF, 0x9CFF, 0x9CFF, 0x9CFF, 0x9CFF, 
    0x9CFF, 0x9CFF, 0x9CFF, 0x9CFF, 0x9CFF, 0x9CFF, 0x9CFF, 0x9CFF, 0x9CFF, 0x9CFF, 0x9CFF, 0x9CFF, 
    0x9CFF, 0x9CFF, 0x9CFF, 0x9CFF, 0x9CFF, 0x9CFF, 0x9CFF, 0x9CFF, 0x9CFF, 0x9CFF, 0x9CFF, 0x9CFF, 
    0x9CFF, 0x9CFF, 0x7CFF, 0xBDFF, 0x99CE, 0xD56C, 0xBCAE, 0x1DBF, 0xFDBE, 0x1DBF, 0xFDBE, 0xFDBE, 
    0xFDBE, 0xFDBE, 0xFDBE, 0xFDBE, 0xFDBE, 0xFDBE, 0xFDBE, 0xFDBE, 0xFDBE, 0xFDBE, 0xFDBE, 0xFDBE, 
    0xFDBE, 0xFDBE, 0xFDBE, 0xFDBE, 0xFDBE, 0xFDBE, 
    0xFDBE, 0xFDBE, 0xFDBE, 0xFDBE, 0xFDBE, 0xFDBE, 
    0xFDBE, 0xFDBE, 0xFDBE, 0xFDBE, 0xFDBE, 0xFDBE, 0xFDBE, 0xFDBE, 0xFDBE, 0xFDBE, 0xFDBE, 0xFDBE, 
    0xFDBE, 0xFDBE, 0xFDBE, 0x1EBF, 0x5BA6, 0xF474, 0x1BDF, 0xBDFF, 0x7CFF, 0x9CFF, 0x9CFF, 0x9CFF, 
    0x9CFF, 0x9CFF, 0x9CFF, 0x9CFF, 0x9CFF, 0x9CFF, 0x9CFF, 0x9CFF, 0x9CFF, 0x9CFF, 0x9CFF, 0x9CFF, 
    0x9CFF, 0x9CFF, 0x9CFF, 0x9CFF, 0x9CFF, 0x9CFF, 0x9CFF, 0x9CFF, 0x9CFF, 0x9CFF, 0x9CFF, 0x9CFF, 
    0x9CFF, 0x9CFF, 0x9CFF, 0x9CFF, 0x9CFF, 0x9CFF, 0x9CFF, 0x9CFF, 0x9CFF, 0x9CFF, 0x9CFF, 0x9CFF, 
    0x9CFF, 0x9CFF, 0x9CFF, 0x9CFF, 0x9CFF, 0x9CFF, 0x9CFF, 0x9CFF, 0x9CFF, 0x9CFF, 0x9CFF, 0x9CFF, 
    0x9CFF, 0x9CFF, 0x9CFF, 0x9CFF, 0x9CFF, 0x9CFF, 0x9CFF, 0x9CFF, 0x9CFF, 0x9CFF, 0x9CFF, 0x9CFF, 
    0x9CFF, 0x9CFF, 0x9CFF, 0x9CFF, 0x9CFF, 0x9CFF, 0x9CFF, 0x9CFF, 0x9CFF, 0x9CFF, 0x9CFF, 0x9CFF, 
    0x9CFF, 0x9CFF, 0x9CFF, 0x9CFF, 0x9CFF, 0x9CFF, 0x9CFF, 0x9CFF, 0x9CFF, 0x9CFF, 0x9CFF, 0x9CFF, 
    0x9CFF, 0x9CFF, 0x9CFF, 0x9CFF, 0x9CFF, 0x9CFF, 0x9CFF, 0x9CFF, 0x9CFF, 0x9CFF, 0x9CFF, 0x9CFF, 
    0x9CFF, 0x9CFF, 0x9CFF, 0x9CFF, 0x9CFF, 0x9CFF, 0x9CFF, 0x9CFF, 0x9CFF, 0x9CFF, 0x9CFF, 0x9CFF, 
    0x9CFF, 0x9CFF, 0x9CFF, 0x9CFF, 0x9CFF, 0x9CFF, 0x9CFF, 0x9CFF, 0x9CFF, 0x9CFF, 0x9CFF, 0x9CFF, 
    0x9CFF, 0x9CFF, 0x9CFF, 0x9CFF, 0x9CFF, 0x9CFF, 0x9CFF, 0x9CFF, 0x9CFF, 0x9CFF, 0x9CFF, 0x9CFF, 
    0x9CFF, 0x9CFF, 0x9CFF, 0x9CFF, 0x9CFF, 0x9CFF, 0x9CFF, 0x9CFF, 0x9CFF, 0x9CFF, 0x9CFF, 0x9CFF, 
    0x9CFF, 0x9CFF, 0x9CFF, 0x9CFF, 0x9CFF, 0x9CFF, 0x9CFF, 0x9CFF, 0x9CFF, 0x9CFF, 0x9CFF, 0x9CFF, 
    0x9CFF, 0x9CFF, 0x9CFF, 0x9CFF, 0x9CFF, 0x9CFF, 0x9CFF, 0x9CFF, 0x9CFF, 0x9CFF, 0x9CFF, 0x9CFF, 
    0x9CFF, 0x9CFF, 0x9CFF, 0x9CFF, 0x9CFF, 0x9CFF, 0x9CFF, 0x9CFF, 0x9CFF, 0x9CFF, 0x9CFF, 0x9CFF, 
    0x9CFF, 0x9CFF, 0x9CFF, 0x9CFF, 0x9CFF, 0x9CFF, 0x9CFF, 0x9CFF, 0x9CFF, 0x9CFF, 0x9CFF, 0x9CFF, 
    0x9CFF, 0x9CFF, 0x9CFF, 0x9CFF, 0x9CFF, 0x9CFF, 0x9CFF, 0x9CFF, 0x9CFF, 0x9CFF, 0x9CFF, 0x9CFF, 
    0x9CFF, 0x9CFF, 0x9CFF, 0x9CFF, 0x9CFF, 0x9CFF, 0x9CFF, 0x9CFF, 0x9CFF, 0x9CFF, 0x9CFF, 0x9CFF, 
    0x9CFF, 0x9CFF, 0x9CFF, 0x9CFF, 0x7CFF, 0xBDFF, 0x99CE, 0xD56C, 0xBCAE, 0x1DBF, 0xFDBE, 0x1DBF, 
    0xFDBE, 0xFDBE, 0xFDBE, 0xFDBE, 0xFDBE, 0xFDBE, 0xFDBE, 0xFDBE, 0xFDBE, 0xFDBE, 0xFDBE, 0xFDBE, 
    0xFDBE, 0xFDBE, 0xFDBE, 0xFDBE, 0xFDBE, 0xFDBE, 0xFDBE, 0xFDBE, 
    0xFDBE, 0xFDBE, 0xFDBE, 0xFDBE, 
    0xFDBE, 0xFDBE, 0xFDBE, 0xFDBE, 0xFDBE, 0xFDBE, 0xFDBE, 0xFDBE, 0xFDBE, 0xFDBE, 0xFDBE, 0xFDBE, 
    0xFDBE, 0xFDBE, 0xFDBE, 0xFDBE, 0xFDBE, 0x1EBF, 0x5BA6, 0xF474, 0x1BDF, 0xBDFF, 0x7CFF, 0x9CFF, 
    0x9CFF, 0x9CFF, 0x9CFF, 0x9CFF, 0x9CFF, 0x9CFF, 0x9CFF, 0x9CFF, 0x9CFF, 0x9CFF, 0x9CFF, 0x9CFF, 
    0x9CFF, 0x9CFF, 0x9CFF, 0x9CFF, 0x9CFF, 0x9CFF, 0x9CFF, 0x9CFF, 0x9CFF, 0x9CFF, 0x9CFF, 0x9CFF, 
    0x9CFF, 0x9CFF, 0x9CFF, 0x9CFF, 0x9CFF, 0x9CFF, 0x9CFF, 0x9CFF, 0x9CFF, 0x9CFF, 0x9CFF, 0x9CFF, 
    0x9CFF, 0x9CFF, 0x9CFF, 0x9CFF, 0x9CFF, 0x9CFF, 0x9CFF, 0x9CFF, 0x9CFF, 0x9CFF, 0x9CFF, 0x9CFF, 
    0x9CFF, 0x9CFF, 0x9CFF, 0x9CFF, 0x9CFF, 0x9CFF, 0x9CFF, 0x9CFF, 0x9CFF, 0x9CFF, 0x9CFF, 0x9CFF, 
    0x9CFF, 0x9CFF, 0x9CFF, 0x9CFF, 0x9CFF, 0x9CFF, 0x9CFF, 0x9CFF, 0x9CFF, 0x9CFF, 0x9CFF, 0x9CFF, 
    0x9CFF, 0x9CFF, 0x9CFF, 0x9CFF, 0x9CFF, 0x9CFF, 0x9CFF, 0x9CFF, 0x9CFF, 0x9CFF, 0x9CFF, 0x9CFF, 
    0x9CFF, 0x9CFF, 0x9CFF, 0x9CFF, 0x9CFF, 0x9CFF, 0x9CFF, 0x9CFF, 0x9CFF, 0x9CFF, 0x9CFF, 0x9CFF, 
    0x9CFF, 0x9CFF, 0x9CFF, 0x9CFF, 0x9CFF, 0x9CFF, 0x9CFF, 0x9CFF, 0x9CFF, 0x9CFF, 0x9CFF, 0x9CFF, 
    0x9CFF, 0x9CFF, 0x9CFF, 0x9CFF, 0x9CFF, 0x9CFF, 0x9CFF, 0x9CFF, 0x9CFF, 0x9CFF, 0x9CFF, 0x9CFF, 
    0x9CFF, 0x9CFF, 0x9CFF, 0x9CFF, 0x9CFF, 0x9CFF, 0x9CFF, 0x9CFF, 0x9CFF, 0x9CFF, 0x9CFF, 0x9CFF, 
    0x9CFF, 0x9CFF, 0x9CFF, 0x9CFF, 0x9CFF, 0x9CFF, 0x9CFF, 0x9CFF, 0x9CFF, 0x9CFF, 0x9CFF, 0x9CFF, 
    0x9CFF, 0x9CFF, 0x9CFF, 0x9CFF, 0x9CFF, 0x9CFF, 0x9CFF, 0x9CFF, 0x9CFF, 0x9CFF, 0x9CFF, 0x9CFF, 
    0x9CFF, 0x9CFF, 0x9CFF, 0x9CFF, 0x9CFF, 0x9CFF, 0x9CFF, 0x9CFF, 0x9CFF, 0x9CFF, 0x9CFF, 0x9CFF, 
    0x9CFF, 0x9CFF, 0x9CFF, 0x9CFF, 0x9CFF, 0x9CFF, 0x9CFF, 0x9CFF, 0x9CFF, 0x9CFF, 0x9CFF, 0x9CFF, 
    0x9CFF, 0x9CFF, 0x9CFF, 0x9CFF, 0x9CFF, 0x9CFF, 0x9CFF, 0x9CFF, 0x9CFF, 0x9CFF, 0x9CFF, 0x9CFF, 
    0x9CFF, 0x9CFF, 0x9CFF, 0x9CFF, 0x9CFF, 0x9CFF, 0x9CFF, 0x9CFF, 0x9CFF, 0x9CFF, 0x9CFF, 0x9CFF, 
    0x9CFF, 0x9CFF, 0x9CFF, 0x9CFF, 0x9CFF, 0x9CFF, 0x9CFF, 0x9CFF, 0x9CFF, 0x9CFF, 0x9CFF, 0x9CFF, 
    0x9CFF, 0x9CFF, 0x9CFF, 0x9CFF, 0x9CFF, 0x9CFF, 0x7CFF, 0xBDFF, 0x99CE, 0xD56C, 0xBCAE, 0x1DBF, 
    0xFDBE, 0x1DBF, 0xFDBE, 0xFDBE, 0xFDBE, 0xFDBE, 0xFDBE, 0xFDBE, 0xFDBE, 0xFDBE, 0xFDBE, 0xFDBE, 
    0xFDBE, 0xFDBE, 0xFDBE, 0xFDBE, 0xFDBE, 0xFDBE, 0xFDBE, 0xFDBE, 0xFDBE, 0xFDBE, 
    0xFDBE, 0xFDBE, 
    0xFDBE, 0xFDBE, 0xFDBE, 0xFDBE, 0xFDBE, 0xFDBE, 0xFDBE, 0xFDBE, 0xFDBE, 0xFDBE, 0xFDBE, 0xFDBE, 
    0xFDBE, 0xFDBE, 0xFDBE, 0xFDBE, 0xFDBE, 0xFDBE, 0xFDBE, 0x1EBF, 0x5BA6, 0xF474, 0x1BDF, 0xBDFF, 
    0x7CFF, 0x9CFF, 0x9CFF, 0x9CFF, 0x9CFF, 0x9CFF, 0x9CFF, 0x9CFF, 0x9CFF, 0x9CFF, 0x9CFF, 0x9CFF, 
    0x9CFF, 0x9CFF, 0x9CFF, 0x9CFF, 0x9CFF, 0x9CFF, 0x9CFF, 0x9CFF, 0x9CFF, 0x9CFF, 0x9CFF, 0x9CFF, 
    0x9CFF, 0x9CFF, 0x9CFF, 0x9CFF, 0x9CFF, 0x9CFF, 0x9CFF, 0x9CFF, 0x9CFF, 0x9CFF, 0x9CFF, 0x9CFF, 
    0x9CFF, 0x9CFF, 0x9CFF, 0x9CFF, 0x9CFF, 0x9CFF, 0x9CFF, 0x9CFF, 0x9CFF, 0x9CFF, 0x9CFF, 0x9CFF, 
    0x9CFF, 0x9CFF, 0x9CFF, 0x9CFF, 0x9CFF, 0x9CFF, 0x9CFF, 0x9CFF, 0x9CFF, 0x9CFF, 0x9CFF, 0x9CFF, 
    0x9CFF, 0x9CFF, 0x9CFF, 0x9CFF, 0x9CFF, 0x9CFF, 0x9CFF, 0x9CFF, 0x9CFF, 0x9CFF, 0x9CFF, 0x9CFF, 
    0x9CFF, 0x9CFF, 0x9CFF, 0x9CFF, 0x9CFF, 0x9CFF, 0x9CFF, 0x9CFF, 0x9CFF, 0x9CFF, 0x9CFF, 0x9CFF, 
    0x9CFF, 0x9CFF, 0x9CFF, 0x9CFF, 0x9CFF, 0x9CFF, 0x9CFF, 0x9CFF, 0x9CFF, 0x9CFF, 0x9CFF, 0x9CFF, 
    0x9CFF, 0x9CFF, 0x9CFF, 0x9CFF, 0x9CFF, 0x9CFF, 0x9CFF, 0x9CFF, 0x9CFF, 0x9CFF, 0x9CFF, 0x9CFF, 
    0x9CFF, 0x9CFF, 0x9CFF, 0x9CFF, 0x9CFF, 0x9CFF, 0x9CFF, 0x9CFF, 0x9CFF, 0x9CFF, 0x9CFF, 0x9CFF, 
    0x9CFF, 0x9CFF, 0x9CFF, 0x9CFF, 0x9CFF, 0x9CFF, 0x9CFF, 0x9CFF, 0x9CFF, 0x9CFF, 0x9CFF, 0x9CFF, 
    0x9CFF, 0x9CFF, 0x9CFF, 0x9CFF, 0x9CFF, 0x9CFF, 0x9CFF, 0x9CFF, 0x9CFF, 0x9CFF, 0x9CFF, 0x9CFF, 
    0x9CFF, 0x9CFF, 0x9CFF, 0x9CFF, 0x9CFF, 0x9CFF, 0x9CFF, 0x9CFF, 0x9CFF, 0x9CFF, 0x9CFF, 0x9CFF, 
    0x9CFF, 0x9CFF, 0x9CFF, 0x9CFF, 0x9CFF, 0x9CFF, 0x9CFF, 0x9CFF, 0x9CFF, 0x9CFF, 0x9CFF, 0x9CFF, 
    0x9CFF, 0x9CFF, 0x9CFF, 0x9CFF, 0x9CFF, 0x9CFF, 0x9CFF, 0x9CFF, 0x9CFF, 0x9CFF, 0x9CFF, 0x9CFF, 
    0x9CFF, 0x9CFF, 0x9CFF, 0x9CFF, 0x9CFF, 0x9CFF, 0x9CFF, 0x9CFF, 0x9CFF, 0x9CFF, 0x9CFF, 0x9CFF, 
    0x9CFF, 0x9CFF, 0x9CFF, 0x9CFF, 0x9CFF, 0x9CFF, 0x9CFF, 0x9CFF, 0x9CFF, 0x9CFF, 0x9CFF, 0x9CFF, 
    0x9CFF, 0x9CFF, 0x9CFF, 0x9CFF, 0x9CFF, 0x9CFF, 0x9CFF, 0x9CFF, 0x9CFF, 0x9CFF, 0x9CFF, 0x9CFF, 
    0x9CFF, 0x9CFF, 0x9CFF, 0x9CFF, 0x9CFF, 0x9CFF, 0x9CFF, 0x9CFF, 0x7CFF, 0xBDFF, 0x99CE, 0xD56C, 
    0xBCAE, 0x1DBF, 0xFDBE, 0x1DBF, 0xFDBE, 0xFDBE, 0xFDBE, 0xFDBE, 0xFDBE, 0xFDBE, 0xFDBE, 0xFDBE, 
    0xFDBE, 0xFDBE, 0xFDBE, 0xFDBE, 0xFDBE, 0xFDBE, 0xFDBE, 0xFDBE, 0xFDBE, 0xFDBE, 0xFDBE, 0xFDBE, 
    
    0xFDBE, 0xFDBE, 0xFDBE, 0xFDBE, 0xFDBE, 0xFDBE, 0xFDBE, 0xFDBE, 0xFDBE, 0xFDBE, 0xFDBE, 0xFDBE, 
    0xFDBE, 0xFDBE, 0xFDBE, 0xFDBE, 0xFDBE, 0xFDBE, 0xFDBE, 0xFDBE, 0xFDBE, 0x1EBF, 0x5BA6, 0xF474, 
    0x1ADF, 0xBDFF, 0x7CFF, 0x9CFF, 0x9CFF, 0x9CFF, 0x9CFF, 0x9CFF, 0x9CFF, 0x9CFF, 0x9CFF, 0x9CFF, 
    0x9CFF, 0x9CFF, 0x9CFF, 0x9CFF, 0x9CFF, 0x9CFF, 0x9CFF, 0x9CFF, 0x9CFF, 0x9CFF, 0x9CFF, 0x9CFF, 
    0x9CFF, 0x9CFF, 0x9CFF, 0x9CFF, 0x9CFF, 0x9CFF, 0x9CFF, 0x9CFF, 0x9CFF, 0x9CFF, 0x9CFF, 0x9CFF, 
    0x9CFF, 0x9CFF, 0x9CFF, 0x9CFF, 0x9CFF, 0x9CFF, 0x9CFF, 0x9CFF, 0x9CFF, 0x9CFF, 0x9CFF, 0x9CFF, 
    0x9CFF, 0x9CFF, 0x9CFF, 0x9CFF, 0x9CFF, 0x9CFF, 0x9CFF, 0x9CFF, 0x9CFF, 0x9CFF, 0x9CFF, 0x9CFF, 
    0x9CFF, 0x9CFF, 0x9CFF, 0x9CFF, 0x9CFF, 0x9CFF, 0x9CFF, 0x9CFF, 0x9CFF, 0x9CFF, 0x9CFF, 0x9CFF, 
    0x9CFF, 0x9CFF, 0x9CFF, 0x9CFF, 0x9CFF, 0x9CFF, 0x9CFF, 0x9CFF, 0x9CFF, 0x9CFF, 0x9CFF, 0x9CFF, 
    0x9CFF, 0x9CFF, 0x9CFF, 0x9CFF, 0x9CFF, 0x9CFF, 0x9CFF, 0x9CFF, 0x9CFF, 0x9CFF, 0x9CFF, 0x9CFF, 
    0x9CFF, 0x9CFF, 0x9CFF, 0x9CFF, 0x9CFF, 0x9CFF, 0x9CFF, 0x9CFF, 0x9CFF, 0x9CFF, 0x9CFF, 0x9CFF, 
    0x9CFF, 0x9CFF, 0x9CFF, 0x9CFF, 0x9CFF, 0x9CFF, 0x9CFF, 0x9CFF, 0x9CFF, 0x9CFF, 0x9CFF, 0x9CFF, 
    0x9CFF, 0x9CFF, 0x9CFF, 0x9CFF, 0x9CFF, 0x9CFF, 0x9CFF, 0x9CFF, 0x9CFF, 0x9CFF, 0x9CFF, 0x9CFF, 
    0x9CFF, 0x9CFF, 0x9CFF, 0x9CFF, 0x9CFF, 0x9CFF, 0x9CFF, 0x9CFF, 0x9CFF, 0x9CFF, 0x9CFF, 0x9CFF, 
    0x9CFF, 0x9CFF, 0x9CFF, 0x9CFF, 0x9CFF, 0x9CFF, 0x9CFF, 0x9CFF, 0x9CFF, 0x9CFF, 0x9CFF, 0x9CFF, 
    0x9CFF, 0x9CFF, 0x9CFF, 0x9CFF, 0x9CFF, 0x9CFF, 0x9CFF, 0x9CFF, 0x9CFF, 0x9CFF, 0x9CFF, 0x9CFF, 
    0x9CFF, 0x9CFF, 0x9CFF, 0x9CFF, 0x9CFF, 0x9CFF, 0x9CFF, 0x9CFF, 0x9CFF, 0x9CFF, 0x9CFF, 0x9CFF, 
    0x9CFF, 0x9CFF, 0x9CFF, 0x9CFF, 0x9CFF, 0x9CFF, 0x9CFF, 0x9CFF, 0x9CFF, 0x9CFF, 0x9CFF, 0x9CFF, 
    0x9CFF, 0x9CFF, 0x9CFF, 0x9CFF, 0x9CFF, 0x9CFF, 0x9CFF, 0x9CFF, 0x9CFF, 0x9CFF, 0x9CFF, 0x9CFF, 
    0x9CFF, 0x9CFF, 0x9CFF, 0x9CFF, 0x9CFF, 0x9CFF, 0x9CFF, 0x9CFF, 0x9CFF, 0x9CFF, 0x9CFF, 0x9CFF, 
    0x9CFF, 0x9CFF, 0x9CFF, 0x9CFF, 0x9CFF, 0x9CFF, 0x9CFF, 0x9CFF, 0x9CFF, 0x9CFF, 0x7CFF, 0xBDFF, 
    0x99CE, 0xD56C, 0xBCAE, 0x1DBF, 0xFDBE, 0x1DBF, 0xFDBE, 0xFDBE, 0xFDBE, 0xFDBE, 0xFDBE, 0xFDBE, 
    0xFDBE, 0xFDBE, 0xFDBE, 0xFDBE, 0xFDBE, 0xFDBE, 0xFDBE, 0xFDBE, 0xFDBE, 0xFDBE, 0xFDBE, 0xFDBE, 
    0xFDBE, 0xFDBE, 
    0xFDBE, 0xFDBE, 0xFDBE, 0xFDBE, 0xFDBE, 0xFDBE, 0xFDBE, 0xFDBE, 0xFDBE, 0xFDBE, 
    0xFDBE, 0xFDBE, 0xFDBE, 0xFDBE, 0xFDBE, 0xFDBE, 0xFDBE, 0xFDBE, 0xFDBE, 0xFDBE, 0xFDBE, 0x1EBF, 
    0x5BA6, 0xF474, 0x1ADF, 0xBDFF, 0x7CFF, 0x9CFF, 0x9CFF, 0x9CFF, 0x9CFF, 0x9CFF, 0x9CFF, 0x9CFF, 
    0x9CFF, 0x9CFF, 0x9CFF, 0x9CFF, 0x9CFF, 0x9CFF, 0x9CFF, 0x9CFF, 0x9CFF, 0x9CFF, 0x9CFF, 0x9CFF, 
    0x9CFF, 0x9CFF, 0x9CFF, 0x9CFF, 0x9CFF, 0x9CFF, 0x9CFF, 0x9CFF, 0x9CFF, 0x9CFF, 0x9CFF, 0x9CFF, 
    0x9CFF, 0x9CFF, 0x9CFF, 0x9CFF, 0x9CFF, 0x9CFF, 0x9CFF, 0x9CFF, 0x9CFF, 0x9CFF, 0x9CFF, 0x9CFF, 
    0x9CFF, 0x9CFF, 0x9CFF, 0x9CFF, 0x9CFF, 0x9CFF, 0x9CFF, 0x9CFF, 0x9CFF, 0x9CFF, 0x9CFF, 0x9CFF, 
    0x9CFF, 0x9CFF, 0x9CFF, 0x9CFF, 0x9CFF, 0x9CFF, 0x9CFF, 0x9CFF, 0x9CFF, 0x9CFF, 0x9CFF, 0x9CFF, 
    0x9CFF, 0x9CFF, 0x9CFF, 0x9CFF, 0x9CFF, 0x9CFF, 0x9CFF, 0x9CFF, 0x9CFF, 0x9CFF, 0x9CFF, 0x9CFF, 
    0x9CFF, 0x9CFF, 0x9CFF, 0x9CFF, 0x9CFF, 0x9CFF, 0x9CFF, 0x9CFF, 0x9CFF, 0x9CFF, 0x9CFF, 0x9CFF, 
    0x9CFF, 0x9CFF, 0x9CFF, 0x9CFF, 0x9CFF, 0x9CFF, 0x9CFF, 0x9CFF, 0x9CFF, 0x9CFF, 0x9CFF, 0x9CFF, 
    0x9CFF, 0x9CFF, 0x9CFF, 0x9CFF, 0x9CFF, 0x9CFF, 0x9CFF, 0x9CFF, 0x9CFF, 0x9CFF, 0x9CFF, 0x9CFF, 
    0x9CFF, 0x9CFF, 0x9CFF, 0x9CFF, 0x9CFF, 0x9CFF, 0x9CFF, 0x9CFF, 0x9CFF, 0x9CFF, 0x9CFF, 0x9CFF, 
    0x9CFF, 0x9CFF, 0x9CFF, 0x9CFF, 0x9CFF, 0x9CFF, 0x9CFF, 0x9CFF, 0x9CFF, 0x9CFF, 0x9CFF, 0x9CFF, 
    0x9CFF, 0x9CFF, 0x9CFF, 0x9CFF, 0x9CFF, 0x9CFF, 0x9CFF, 0x9CFF, 0x9CFF, 0x9CFF, 0x9CFF, 0x9CFF, 
    0x9CFF, 0x9CFF, 0x9CFF, 0x9CFF, 0x9CFF, 0x9CFF, 0x9CFF, 0x9CFF, 0x9CFF, 0x9CFF, 0x9CFF, 0x9CFF, 
    0x9CFF, 0x9CFF, 0x9CFF, 0x9CFF, 0x9CFF, 0x9CFF, 0x9CFF, 0x9CFF, 0x9CFF, 0x9CFF, 0x9CFF, 0x9CFF, 
    0x9CFF, 0x9CFF, 0x9CFF, 0x9CFF, 0x9CFF, 0x9CFF, 0x9CFF, 0x9CFF, 0x9CFF, 0x9CFF, 0x9CFF, 0x9CFF, 
    0x9CFF, 0x9CFF, 0x9CFF, 0x9CFF, 0x9CFF, 0x9CFF, 0x9CFF, 0x9CFF, 0x9CFF, 0x9CFF, 0x9CFF, 0x9CFF, 
    0x9CFF, 0x9CFF, 0x9CFF, 0x9CFF, 0x9CFF, 0x9CFF, 0x9CFF, 0x9CFF, 0x9CFF, 0x9CFF, 0x9CFF, 0x9CFF, 
    0x9CFF, 0x9CFF, 0x9CFF, 0x9CFF, 0x9CFF, 0x9CFF, 0x9CFF, 0x9CFF, 0x9CFF, 0x9CFF, 0x9CFF, 0x9CFF, 
    0x7CFF, 0xBDFF, 0x99CE, 0xD56C, 0xBCAE, 0x1DBF, 0xFDBE, 0x1DBF, 0xFDBE, 0xFDBE, 0xFDBE, 0xFDBE, 
    0xFDBE, 0xFDBE, 0xFDBE, 0xFDBE, 0xFDBE, 0xFDBE, 0xFDBE, 0xFDBE, 0xFDBE, 0xFDBE, 0xFDBE, 0xFDBE, 
    0xFDBE, 0xFDBE, 0xFDBE, 0xFDBE, 
    0xFDBE, 0xFDBE, 0xFDBE, 0xFDBE, 0xFDBE, 0xFDBE, 0xFDBE, 0xFDBE, 
    0xFDBE, 0xFDBE, 0xFDBE, 0xFDBE, 0xFDBE, 0xFDBE, 0xFDBE, 0xFDBE, 0xFDBE, 0xFDBE, 0xFDBE, 0xFDBE, 
    0xFDBE, 0x1EBF, 0x5BA6, 0xF474, 0x1ADF, 0xBDFF, 0x7CFF, 0x9CFF, 0x9CFF, 0x9CFF, 0x9CFF, 0x9CFF, 
    0x9CFF, 0x9CFF, 0x9CFF, 0x9CFF, 0x9CFF, 0x9CFF, 0x9CFF, 0x9CFF, 0x9CFF, 0x9CFF, 0x9CFF, 0x9CFF, 
    0x9CFF, 0x9CFF, 0x9CFF, 0x9CFF, 0x9CFF, 0x9CFF, 0x9CFF, 0x9CFF, 0x9CFF, 0x9CFF, 0x9CFF, 0x9CFF, 
    0x9CFF, 0x9CFF, 0x9CFF, 0x9CFF, 0x9CFF, 0x9CFF, 0x9CFF, 0x9CFF, 0x9CFF, 0x9CFF, 0x9CFF, 0x9CFF, 
    0x9CFF, 0x9CFF, 0x9CFF, 0x9CFF, 0x9CFF, 0x9CFF, 0x9CFF, 0x9CFF, 0x9CFF, 0x9CFF, 0x9CFF, 0x9CFF, 
    0x9CFF, 0x9CFF, 0x9CFF, 0x9CFF, 0x9CFF, 0x9CFF, 0x9CFF, 0x9CFF, 0x9CFF, 0x9CFF, 0x9CFF, 0x9CFF, 
    0x9CFF, 0x9CFF, 0x9CFF, 0x9CFF, 0x9CFF, 0x9CFF, 0x9CFF, 0x9CFF, 0x9CFF, 0x9CFF, 0x9CFF, 0x9CFF, 
    0x9CFF, 0x9CFF, 0x9CFF, 0x9CFF, 0x9CFF, 0x9CFF, 0x9CFF, 0x9CFF, 0x9CFF, 0x9CFF, 0x9CFF, 0x9CFF, 
    0x9CFF, 0x9CFF, 0x9CFF, 0x9CFF, 0x9CFF, 0x9CFF, 0x9CFF, 0x9CFF, 0x9CFF, 0x9CFF, 0x9CFF, 0x9CFF, 
    0x9CFF, 0x9CFF, 0x9CFF, 0x9CFF, 0x9CFF, 0x9CFF, 0x9CFF, 0x9CFF, 0x9CFF, 0x9CFF, 0x9CFF, 0x9CFF, 
    0x9CFF, 0x9CFF, 0x9CFF, 0x9CFF, 0x9CFF, 0x9CFF, 0x9CFF, 0x9CFF, 0x9CFF, 0x9CFF, 0x9CFF, 0x9CFF, 
    0x9CFF, 0x9CFF, 0x9CFF, 0x9CFF, 0x9CFF, 0x9CFF, 0x9CFF, 0x9CFF, 0x9CFF, 0x9CFF, 0x9CFF, 0x9CFF, 
    0x9CFF, 0x9CFF, 0x9CFF, 0x9CFF, 0x9CFF, 0x9CFF, 0x9CFF, 0x9CFF, 0x9CFF, 0x9CFF, 0x9CFF, 0x9CFF, 
    0x9CFF, 0x9CFF, 0x9CFF, 0x9CFF, 0x9CFF, 0x9CFF, 0x9CFF, 0x9CFF, 0x9CFF, 0x9CFF, 0x9CFF, 0x9CFF, 
    0x9CFF, 0x9CFF, 0x9CFF, 0x9CFF, 0x9CFF, 0x9CFF, 0x9CFF, 0x9CFF, 0x9CFF, 0x9CFF, 0x9CFF, 0x9CFF, 
    0x9CFF, 0x9CFF, 0x9CFF, 0x9CFF, 0x9CFF, 0x9CFF, 0x9CFF, 0x9CFF, 0x9CFF, 0x9CFF, 0x9CFF, 0x9CFF, 
    0x9CFF, 0x9CFF, 0x9CFF, 0x9CFF, 0x9CFF, 0x9CFF, 0x9CFF, 0x9CFF, 0x9CFF, 0x9CFF, 0x9CFF, 0x9CFF, 
    0x9CFF, 0x9CFF, 0x9CFF, 0x9CFF, 0x9CFF, 0x9CFF, 0x9CFF, 0x9CFF, 0x9CFF, 0x9CFF, 0x9CFF, 0x9CFF, 
    0x9CFF, 0x9CFF, 0x9CFF, 0x9CFF, 0x9CFF, 0x9CFF, 0x9CFF, 0x9CFF, 0x9CFF, 0x9CFF, 0x9CFF, 0x9CFF, 
    0x9CFF, 0x9CFF, 0x7CFF, 0xBDFF, 0x99CE, 0xD56C, 0xBCAE, 0x1DBF, 0xFDBE, 0x1DBF, 0xFDBE, 0xFDBE, 
    0xFDBE, 0xFDBE, 0xFDBE, 0xFDBE, 0xFDBE, 0xFDBE, 0xFDBE, 0xFDBE, 0xFDBE, 0xFDBE, 0xFDBE, 0xFDBE, 
    0xFDBE, 0xFDBE, 0xFDBE, 0xFDBE, 0xFDBE, 0xFDBE, 
    0xFDBE, 0xFDBE, 0xFDBE, 0xFDBE, 0xFDBE, 0xFDBE, 
    0xFDBE, 0xFDBE, 0xFDBE, 0xFDBE, 0xFDBE, 0xFDBE, 0xFDBE, 0xFDBE, 0xFDBE, 0xFDBE, 0xFDBE, 0xFDBE, 
    0xFDBE, 0xFDBE, 0xFDBE, 0x1EBF, 0x5BA6, 0xF474, 0x1ADF, 0xBDFF, 0x7CFF, 0x9CFF, 0x9CFF, 0x9CFF, 
    0x9CFF, 0x9CFF, 0x9CFF, 0x9CFF, 0x9CFF, 0x9CFF, 0x9CFF, 0x9CFF, 0x9CFF, 0x9CFF, 0x9CFF, 0x9CFF, 
    0x9CFF, 0x9CFF, 0x9CFF, 0x9CFF, 0x9CFF, 0x9CFF, 0x9CFF, 0x9CFF, 0x9CFF, 0x9CFF, 0x9CFF, 0x9CFF, 
    0x9CFF, 0x9CFF, 0x9CFF, 0x9CFF, 0x9CFF, 0x9CFF, 0x9CFF, 0x9CFF, 0x9CFF, 0x9CFF, 0x9CFF, 0x9CFF, 
    0x9CFF, 0x9CFF, 0x9CFF, 0x9CFF, 0x9CFF, 0x9CFF, 0x9CFF, 0x9CFF, 0x9CFF, 0x9CFF, 0x9CFF, 0x9CFF, 
    0x9CFF, 0x9CFF, 0x9CFF, 0x9CFF, 0x9CFF, 0x9CFF, 0x9CFF, 0x9CFF, 0x9CFF, 0x9CFF, 0x9CFF, 0x9CFF, 
    0x9CFF, 0x9CFF, 0x9CFF, 0x9CFF, 0x9CFF, 0x9CFF, 0x9CFF, 0x9CFF, 0x9CFF, 0x9CFF, 0x9CFF, 0x9CFF, 
    0x9CFF, 0x9CFF, 0x9CFF, 0x9CFF, 0x9CFF, 0x9CFF, 0x9CFF, 0x9CFF, 0x9CFF, 0x9CFF, 0x9CFF, 0x9CFF, 
    0x9CFF, 0x9CFF, 0x9CFF, 0x9CFF, 0x9CFF, 0x9CFF, 0x9CFF, 0x9CFF, 0x9CFF, 0x9CFF, 0x9CFF, 0x9CFF, 
    0x9CFF, 0x9CFF, 0x9CFF, 0x9CFF, 0x9CFF, 0x9CFF, 0x9CFF, 0x9CFF, 0x9CFF, 0x9CFF, 0x9CFF, 0x9CFF, 
    0x9CFF, 0x9CFF, 0x9CFF, 0x9CFF, 0x9CFF, 0x9CFF, 0x9CFF, 0x9CFF, 0x9CFF, 0x9CFF, 0x9CFF, 0x9CFF, 
    0x9CFF, 0x9CFF, 0x9CFF, 0x9CFF, 0x9CFF, 0x9CFF, 0x9CFF, 0x9CFF, 0x9CFF, 0x9CFF, 0x9CFF, 0x9CFF, 
    0x9CFF, 0x9CFF, 0x9CFF, 0x9CFF, 0x9CFF, 0x9CFF, 0x9CFF, 0x9CFF, 0x9CFF, 0x9CFF, 0x9CFF, 0x9CFF, 
    0x9CFF, 0x9CFF, 0x9CFF, 0x9CFF, 0x9CFF, 0x9CFF, 0x9CFF, 0x9CFF, 0x9CFF, 0x9CFF, 0x9CFF, 0x9CFF, 
    0x9CFF, 0x9CFF, 0x9CFF, 0x9CFF, 0x9CFF, 0x9CFF, 0x9CFF, 0x9CFF, 0x9CFF, 0x9CFF, 0x9CFF, 0x9CFF, 
    0x9CFF, 0x9CFF, 0x9CFF, 0x9CFF, 0x9CFF, 0x9CFF, 0x9CFF, 0x9CFF, 0x9CFF, 0x9CFF, 0x9CFF, 0x9CFF, 
    0x9CFF, 0x9CFF, 0x9CFF, 0x9CFF, 0x9CFF, 0x9CFF, 0x9CFF, 0x9CFF, 0x9CFF, 0x9CFF, 0x9CFF, 0x9CFF, 
    0x9CFF, 0x9CFF, 0x9CFF, 0x9CFF, 0x9CFF, 0x9CFF, 0x9CFF, 0x9CFF, 0x9CFF, 0x9CFF, 0x9CFF, 0x9CFF, 
    0x9CFF, 0x9CFF, 0x9CFF, 0x9CFF, 0x9CFF, 0x9CFF, 0x9CFF, 0x9CFF, 0x9CFF, 0x9CFF, 0x9CFF, 0x9CFF, 
    0x9CFF, 0x9CFF, 0x9CFF, 0x9CFF, 0x7CFF, 0xBDFF, 0x99CE, 0xD56C, 0xBCAE, 0x1DBF, 0xFDBE, 0x1DBF, 
    0xFDBE, 0xFDBE, 0xFDBE, 0xFDBE, 0xFDBE, 0xFDBE, 0xFDBE, 0xFDBE, 0xFDBE, 0xFDBE, 0xFDBE, 0xFDBE, 
    0xFDBE, 0xFDBE, 0xFDBE, 0xFDBE, 0xFDBE, 0xFDBE, 0xFDBE, 0xFDBE, 
    0xFDBE, 0xFDBE, 0xFDBE, 0xFDBE, 
    0xFDBE, 0xFDBE, 0xFDBE, 0xFDBE, 0xFDBE, 0xFDBE, 0xFDBE, 0xFDBE, 0xFDBE, 0xFDBE, 0xFDBE, 0xFDBE, 
    0xFDBE, 0xFDBE, 0xFDBE, 0xFDBE, 0xFDBE, 0x1EBF, 0x5BA6, 0xD474, 0x1ADF, 0xBDFF, 0x7CFF, 0x9CFF, 
    0x9CFF, 0x9CFF, 0x9CFF, 0x9CFF, 0x9CFF, 0x9CFF, 0x9CFF, 0x9CFF, 0x9CFF, 0x9CFF, 0x9CFF, 0x9CFF, 
    0x9CFF, 0x9CFF, 0x9CFF, 0x9CFF, 0x9CFF, 0x9CFF, 0x9CFF, 0x9CFF, 0x9CFF, 0x9CFF, 0x9CFF, 0x9CFF, 
    0x9CFF, 0x9CFF, 0x9CFF, 0x9CFF, 0x9CFF, 0x9CFF, 0x9CFF, 0x9CFF, 0x9CFF, 0x9CFF, 0x9CFF, 0x9CFF, 
    0x9CFF, 0x9CFF, 0x9CFF, 0x9CFF, 0x9CFF, 0x9CFF, 0x9CFF, 0x9CFF, 0x9CFF, 0x9CFF, 0x9CFF, 0x9CFF, 
    0x9CFF, 0x9CFF, 0x9CFF, 0x9CFF, 0x9CFF, 0x9CFF, 0x9CFF, 0x9CFF, 0x9CFF, 0x9CFF, 0x9CFF, 0x9CFF, 
    0x9CFF, 0x9CFF, 0x9CFF, 0x9CFF, 0x9CFF, 0x9CFF, 0x9CFF, 0x9CFF, 0x9CFF, 0x9CFF, 0x9CFF, 0x9CFF, 
    0x9CFF, 0x9CFF, 0x9CFF, 0x9CFF, 0x9CFF, 0x9CFF, 0x9CFF, 0x9CFF, 0x9CFF, 0x9CFF, 0x9CFF, 0x9CFF, 
    0x9CFF, 0x9CFF, 0x9CFF, 0x9CFF, 0x9CFF, 0x9CFF, 0x9CFF, 0x9CFF, 0x9CFF, 0x9CFF, 0x9CFF, 0x9CFF, 
    0x9CFF, 0x9CFF, 0x9CFF, 0x9CFF, 0x9CFF, 0x9CFF, 0x9CFF, 0x9CFF, 0x9CFF, 0x9CFF, 0x9CFF, 0x9CFF, 
    0x9CFF, 0x9CFF, 0x9CFF, 0x9CFF, 0x9CFF, 0x9CFF, 0x9CFF, 0x9CFF, 0x9CFF, 0x9CFF, 0x9CFF, 0x9CFF, 
    0x9CFF, 0x9CFF, 0x9CFF, 0x9CFF, 0x9CFF, 0x9CFF, 0x9CFF, 0x9CFF, 0x9CFF, 0x9CFF, 0x9CFF, 0x9CFF, 
    0x9CFF, 0x9CFF, 0x9CFF, 0x9CFF, 0x9CFF, 0x9CFF, 0x9CFF, 0x9CFF, 0x9CFF, 0x9CFF, 0x9CFF, 0x9CFF, 
    0x9CFF, 0x9CFF, 0x9CFF, 0x9CFF, 0x9CFF, 0x9CFF, 0x9CFF, 0x9CFF, 0x9CFF, 0x9CFF, 0x9CFF, 0x9CFF, 
    0x9CFF, 0x9CFF, 0x9CFF, 0x9CFF, 0x9CFF, 0x9CFF, 0x9CFF, 0x9CFF, 0x9CFF, 0x9CFF, 0x9CFF, 0x9CFF, 
    0x9CFF, 0x9CFF, 0x9CFF, 0x9CFF, 0x9CFF, 0x9CFF, 0x9CFF, 0x9CFF, 0x9CFF, 0x9CFF, 0x9CFF, 0x9CFF, 
    0x9CFF, 0x9CFF, 0x9CFF, 0x9CFF, 0x9CFF, 0x9CFF, 0x9CFF, 0x9CFF, 0x9CFF, 0x9CFF, 0x9CFF, 0x9CFF, 
    0x9CFF, 0x9CFF, 0x9CFF, 0x9CFF, 0x9CFF, 0x9CFF, 0x9CFF, 0x9CFF, 0x9CFF, 0x9CFF, 0x9CFF, 0x9CFF, 
    0x9CFF, 0x9CFF, 0x9CFF, 0x9CFF, 0x9CFF, 0x9CFF, 0x9CFF, 0x9CFF, 0x9CFF, 0x9CFF, 0x9CFF, 0x9CFF, 
    0x9CFF, 0x9CFF, 0x9CFF, 0x9CFF, 0x9CFF, 0x9CFF, 0x7CFF, 0xBDFF, 0x9ACE, 0xD56C, 0xBCAE, 0x1DBF, 
    0xFDBE, 0x1DBF, 0xFDBE, 0xFDBE, 0xFDBE, 0xFDBE, 0xFDBE, 0xFDBE, 0xFDBE, 0xFDBE, 0xFDBE, 0xFDBE, 
    0xFDBE, 0xFDBE, 0xFDBE, 0xFDBE, 0xFDBE, 0xFDBE, 0xFDBE, 0xFDBE, 0xFDBE, 0xFDBE, 
    0xFDBE, 0xFDBE, 
    0xFDBE, 0xFDBE, 0xFDBE, 0xFDBE, 0xFDBE, 0xFDBE, 0xFDBE, 0xFDBE, 0xFDBE, 0xFDBE, 0xFDBE, 0xFDBE, 
    0xFDBE, 0xFDBE, 0xFDBE, 0xFDBE, 0xFDBE, 0xFDBE, 0xFDBE, 0x1EBF, 0x5BA6, 0xD474, 0x1ADF, 0xBDFF, 
    0x7CFF, 0x9CFF, 0x9CFF, 0x9CFF, 0x9CFF, 0x9CFF, 0x9CFF, 0x9CFF, 0x9CFF, 0x9CFF, 0x9CFF, 0x9CFF, 
    0x9CFF, 0x9CFF, 0x9CFF, 0x9CFF, 0x9CFF, 0x9CFF, 0x9CFF, 0x9CFF, 0x9CFF, 0x9CFF, 0x9CFF, 0x9CFF, 
    0x9CFF, 0x9CFF, 0x9CFF, 0x9CFF, 0x9CFF, 0x9CFF, 0x9CFF, 0x9CFF, 0x9CFF, 0x9CFF, 0x9CFF, 0x9CFF, 
    0x9CFF, 0x9CFF, 0x9CFF, 0x9CFF, 0x9CFF, 0x9CFF, 0x9CFF, 0x9CFF, 0x9CFF, 0x9CFF, 0x9CFF, 0x9CFF, 
    0x9CFF, 0x9CFF, 0x9CFF, 0x9CFF, 0x9CFF, 0x9CFF, 0x9CFF, 0x9CFF, 0x9CFF, 0x9CFF, 0x9CFF, 0x9CFF, 
    0x9CFF, 0x9CFF, 0x9CFF, 0x9CFF, 0x9CFF, 0x9CFF, 0x9CFF, 0x9CFF, 0x9CFF, 0x9CFF, 0x9CFF, 0x9CFF, 
    0x9CFF, 0x9CFF, 0x9CFF, 0x9CFF, 0x9CFF, 0x9CFF, 0x9CFF, 0x9CFF, 0x9CFF, 0x9CFF, 0x9CFF, 0x9CFF, 
    0x9CFF, 0x9CFF, 0x9CFF, 0x9CFF, 0x9CFF, 0x9CFF, 0x9CFF, 0x9CFF, 0x9CFF, 0x9CFF, 0x9CFF, 0x9CFF, 
    0x9CFF, 0x9CFF, 0x9CFF, 0x9CFF, 0x9CFF, 0x9CFF, 0x9CFF, 0x9CFF, 0x9CFF, 0x9CFF, 0x9CFF, 0x9CFF, 
    0x9CFF, 0x9CFF, 0x9CFF, 0x9CFF, 0x9CFF, 0x9CFF, 0x9CFF, 0x9CFF, 0x9CFF, 0x9CFF, 0x9CFF, 0x9CFF, 
    0x9CFF, 0x9CFF, 0x9CFF, 0x9CFF, 0x9CFF, 0x9CFF, 0x9CFF, 0x9CFF, 0x9CFF, 0x9CFF, 0x9CFF, 0x9CFF, 
    0x9CFF, 0x9CFF, 0x9CFF, 0x9CFF, 0x9CFF, 0x9CFF, 0x9CFF, 0x9CFF, 0x9CFF, 0x9CFF, 0x9CFF, 0x9CFF, 
    0x9CFF, 0x9CFF, 0x9CFF, 0x9CFF, 0x9CFF, 0x9CFF, 0x9CFF, 0x9CFF, 0x9CFF, 0x9CFF, 0x9CFF, 0x9CFF, 
    0x9CFF, 0x9CFF, 0x9CFF, 0x9CFF, 0x9CFF, 0x9CFF, 0x9CFF, 0x9CFF, 0x9CFF, 0x9CFF, 0x9CFF, 0x9CFF, 
    0x9CFF, 0x9CFF, 0x9CFF, 0x9CFF, 0x9CFF, 0x9CFF, 0x9CFF, 0x9CFF, 0x9CFF, 0x9CFF, 0x9CFF, 0x9CFF, 
    0x9CFF, 0x9CFF, 0x9CFF, 0x9CFF, 0x9CFF, 0x9CFF, 0x9CFF, 0x9CFF, 0x9CFF, 0x9CFF, 0x9CFF, 0x9CFF, 
    0x9CFF, 0x9CFF, 0x9CFF, 0x9CFF, 0x9CFF, 0x9CFF, 0x9CFF, 0x9CFF, 0x9CFF, 0x9CFF, 0x9CFF, 0x9CFF, 
    0x9CFF, 0x9CFF, 0x9CFF, 0x9CFF, 0x9CFF, 0x9CFF, 0x9CFF, 0x9CFF, 0x9CFF, 0x9CFF, 0x9CFF, 0x9CFF, 
    0x9CFF, 0x9CFF, 0x9CFF, 0x9CFF, 0x9CFF, 0x9CFF, 0x9CFF, 0x9CFF, 0x7CFF, 0xBDFF, 0x9ACE, 0xD56C, 
    0xBCAE, 0x1DBF, 0xFDBE, 0x1DBF, 0xFDBE, 0xFDBE, 0xFDBE, 0xFDBE, 0xFDBE, 0xFDBE, 0xFDBE, 0xFDBE, 
    0xFDBE, 0xFDBE, 0xFDBE, 0xFDBE, 0xFDBE, 0xFDBE, 0xFDBE, 0xFDBE, 0xFDBE, 0xFDBE, 0xFDBE, 0xFDBE, 
    
    0xFDBE, 0xFDBE, 0xFDBE, 0xFDBE, 0xFDBE, 0xFDBE, 0xFDBE, 0xFDBE, 0xFDBE, 0xFDBE, 0xFDBE, 0xFDBE, 
    0xFDBE, 0xFDBE, 0xFDBE, 0xFDBE, 0xFDBE, 0xFDBE, 0xFDBE, 0xFDBE, 0xFDBE, 0x1EBF, 0x5BA6, 0xD474, 
    0x1ADF, 0xBDFF, 0x7CFF, 0x9CFF, 0x9CFF, 0x9CFF, 0x9CFF, 0x9CFF, 0x9CFF, 0x9CFF, 0x9CFF, 0x9CFF, 
    0x9CFF, 0x9CFF, 0x9CFF, 0x9CFF, 0x9CFF, 0x9CFF, 0x9CFF, 0x9CFF, 0x9CFF, 0x9CFF, 0x9CFF, 0x9CFF, 
    0x9CFF, 0x9CFF, 0x9CFF, 0x9CFF, 0x9CFF, 0x9CFF, 0x9CFF, 0x9CFF, 0x9CFF, 0x9CFF, 0x9CFF, 0x9CFF, 
    0x9CFF, 0x9CFF, 0x9CFF, 0x9CFF, 0x9CFF, 0x9CFF, 0x9CFF, 0x9CFF, 0x9CFF, 0x9CFF, 0x9CFF, 0x9CFF, 
    0x9CFF, 0x9CFF, 0x9CFF, 0x9CFF, 0x9CFF, 0x9CFF, 0x9CFF, 0x9CFF, 0x9CFF, 0x9CFF, 0x9CFF, 0x9CFF, 
    0x9CFF, 0x9CFF, 0x9CFF, 0x9CFF, 0x9CFF, 0x9CFF, 0x9CFF, 0x9CFF, 0x9CFF, 0x9CFF, 0x9CFF, 0x9CFF, 
    0x9CFF, 0x9CFF, 0x9CFF, 0x9CFF, 0x9CFF, 0x9CFF, 0x9CFF, 0x9CFF, 0x9CFF, 0x9CFF, 0x9CFF, 0x9CFF, 
    0x9CFF, 0x9CFF, 0x9CFF, 0x9CFF, 0x9CFF, 0x9CFF, 0x9CFF, 0x9CFF, 0x9CFF, 0x9CFF, 0x9CFF, 0x9CFF, 
    0x9CFF, 0x9CFF, 0x9CFF, 0x9CFF, 0x9CFF, 0x9CFF, 0x9CFF, 0x9CFF, 0x9CFF, 0x9CFF, 0x9CFF, 0x9CFF, 
    0x9CFF, 0x9CFF, 0x9CFF, 0x9CFF, 0x9CFF, 0x9CFF, 0x9CFF, 0x9CFF, 0x9CFF, 0x9CFF, 0x9CFF, 0x9CFF, 
    0x9CFF, 0x9CFF, 0x9CFF, 0x9CFF, 0x9CFF, 0x9CFF, 0x9CFF, 0x9CFF, 0x9CFF, 0x9CFF, 0x9CFF, 0x9CFF, 
    0x9CFF, 0x9CFF, 0x9CFF, 0x9CFF, 0x9CFF, 0x9CFF, 0x9CFF, 0x9CFF, 0x9CFF, 0x9CFF, 0x9CFF, 0x9CFF, 
    0x9CFF, 0x9CFF, 0x9CFF, 0x9CFF, 0x9CFF, 0x9CFF, 0x9CFF, 0x9CFF, 0x9CFF, 0x9CFF, 0x9CFF, 0x9CFF, 
    0x9CFF, 0x9CFF, 0x9CFF, 0x9CFF, 0x9CFF, 0x9CFF, 0x9CFF, 0x9CFF, 0x9CFF, 0x9CFF, 0x9CFF, 0x9CFF, 
    0x9CFF, 0x9CFF, 0x9CFF, 0x9CFF, 0x9CFF, 0x9CFF, 0x9CFF, 0x9CFF, 0x9CFF, 0x9CFF, 0x9CFF, 0x9CFF, 
    0x9CFF, 0x9CFF, 0x9CFF, 0x9CFF, 0x9CFF, 0x9CFF, 0x9CFF, 0x9CFF, 0x9CFF, 0x9CFF, 0x9CFF, 0x9CFF, 
    0x9CFF, 0x9CFF, 0x9CFF, 0x9CFF, 0x9CFF, 0x9CFF, 0x9CFF, 0x9CFF, 0x9CFF, 0x9CFF, 0x9CFF, 0x9CFF, 
    0x9CFF, 0x9CFF, 0x9CFF, 0x9CFF, 0x9CFF, 0x9CFF, 0x9CFF, 0x9CFF, 0x9CFF, 0x9CFF, 0x9CFF, 0x9CFF, 
    0x9CFF, 0x9CFF, 0x9CFF, 0x9CFF, 0x9CFF, 0x9CFF, 0x9CFF, 0x9CFF, 0x9CFF, 0x9CFF, 0x7CFF, 0xBDFF, 
    0x9ACE, 0xD56C, 0xBCAE, 0x1DBF, 0xFDBE, 0x1DBF, 0xFDBE, 0xFDBE, 0xFDBE, 0xFDBE, 0xFDBE, 0xFDBE, 
    0xFDBE, 0xFDBE, 0xFDBE, 0xFDBE, 0xFDBE, 0xFDBE, 0xFDBE, 0xFDBE, 0xFDBE, 0xFDBE, 0xFDBE, 0xFDBE, 
    0xFDBE, 0xFDBE, 
    0xFDBE, 0xFDBE, 0xFDBE, 0xFDBE, 0xFDBE, 0xFDBE, 0xFDBE, 0xFDBE, 0xFDBE, 0xFDBE, 
    0xFDBE, 0xFDBE, 0xFDBE, 0xFDBE, 0xFDBE, 0xFDBE, 0xFDBE, 0xFDBE, 0xFDBE, 0xFDBE, 0xFDBE, 0x1EBF, 
    0x5BA6, 0xD474, 0x1ADF, 0xBDFF, 0x7CFF, 0x9CFF, 0x9CFF, 0x9CFF, 0x9CFF, 0x9CFF, 0x9CFF, 0x9CFF, 
    0x9CFF, 0x9CFF, 0x9CFF, 0x9CFF, 0x9CFF, 0x9CFF, 0x9CFF, 0x9CFF, 0x9CFF, 0x9CFF, 0x9CFF, 0x9CFF, 
    0x9CFF, 0x9CFF, 0x9CFF, 0x9CFF, 0x9CFF, 0x9CFF, 0x9CFF, 0x9CFF, 0x9CFF, 0x9CFF, 0x9CFF, 0x9CFF, 
    0x9CFF, 0x9CFF, 0x9CFF, 0x9CFF, 0x9CFF, 0x9CFF, 0x9CFF, 0x9CFF, 0x9CFF, 0x9CFF, 0x9CFF, 0x9CFF, 
    0x9CFF, 0x9CFF, 0x9CFF, 0x9CFF, 0x9CFF, 0x9CFF, 0x9CFF, 0x9CFF, 0x9CFF, 0x9CFF, 0x9CFF, 0x9CFF, 
    0x9CFF, 0x9CFF, 0x9CFF, 0x9CFF, 0x9CFF, 0x9CFF, 0x9CFF, 0x9CFF, 0x9CFF, 0x9CFF, 0x9CFF, 0x9CFF, 
    0x9CFF, 0x9CFF, 0x9CFF, 0x9CFF, 0x9CFF, 0x9CFF, 0x9CFF, 0x9CFF, 0x9CFF, 0x9CFF, 0x9CFF, 0x9CFF, 
    0x9CFF, 0x9CFF, 0x9CFF, 0x9CFF, 0x9CFF, 0x9CFF, 0x9CFF, 0x9CFF, 0x9CFF, 0x9CFF, 0x9CFF, 0x9CFF, 
    0x9CFF, 0x9CFF, 0x9CFF, 0x9CFF, 0x9CFF, 0x9CFF, 0x9CFF, 0x9CFF, 0x9CFF, 0x9CFF, 0x9CFF, 0x9CFF, 
    0x9CFF, 0x9CFF, 0x9CFF, 0x9CFF, 0x9CFF, 0x9CFF, 0x9CFF, 0x9CFF, 0x9CFF, 0x9CFF, 0x9CFF, 0x9CFF, 
    0x9CFF, 0x9CFF, 0x9CFF, 0x9CFF, 0x9CFF, 0x9CFF, 0x9CFF, 0x9CFF, 0x9CFF, 0x9CFF, 0x9CFF, 0x9CFF, 
    0x9CFF, 0x9CFF, 0x9CFF, 0x9CFF, 0x9CFF, 0x9CFF, 0x9CFF, 0x9CFF, 0x9CFF, 0x9CFF, 0x9CFF, 0x9CFF, 
    0x9CFF, 0x9CFF, 0x9CFF, 0x9CFF, 0x9CFF, 0x9CFF, 0x9CFF, 0x9CFF, 0x9CFF, 0x9CFF, 0x9CFF, 0x9CFF, 
    0x9CFF, 0x9CFF, 0x9CFF, 0x9CFF, 0x9CFF, 0x9CFF, 0x9CFF, 0x9CFF, 0x9CFF, 0x9CFF, 0x9CFF, 0x9CFF, 
    0x9CFF, 0x9CFF, 0x9CFF, 0x9CFF, 0x9CFF, 0x9CFF, 0x9CFF, 0x9CFF, 0x9CFF, 0x9CFF, 0x9CFF, 0x9CFF, 
    0x9CFF, 0x9CFF, 0x9CFF, 0x9CFF, 0x9CFF, 0x9CFF, 0x9CFF, 0x9CFF, 0x9CFF, 0x9CFF, 0x9CFF, 0x9CFF, 
    0x9CFF, 0x9CFF, 0x9CFF, 0x9CFF, 0x9CFF, 0x9CFF, 0x9CFF, 0x9CFF, 0x9CFF, 0x9CFF, 0x9CFF, 0x9CFF, 
    0x9CFF, 0x9CFF, 0x9CFF, 0x9CFF, 0x9CFF, 0x9CFF, 0x9CFF, 0x9CFF, 0x9CFF, 0x9CFF, 0x9CFF, 0x9CFF, 
    0x9CFF, 0x9CFF, 0x9CFF, 0x9CFF, 0x9CFF, 0x9CFF, 0x9CFF, 0x9CFF, 0x9CFF, 0x9CFF, 0x9CFF, 0x9CFF, 
    0x7CFF, 0xBDFF, 0x9ACE, 0xD56C, 0xBCAE, 0x1DBF, 0xFDBE, 0x1DBF, 0xFDBE, 0xFDBE, 0xFDBE, 0xFDBE, 
    0xFDBE, 0xFDBE, 0xFDBE, 0xFDBE, 0xFDBE, 0xFDBE, 0xFDBE, 0xFDBE, 0xFDBE, 0xFDBE, 0xFDBE, 0xFDBE, 
    0xFDBE, 0xFDBE, 0xFDBE, 0xFDBE, 
    0xFDBE, 0xFDBE, 0xFDBE, 0xFDBE, 0xFDBE, 0xFDBE, 0xFDBE, 0xFDBE, 
    0xFDBE, 0xFDBE, 0xFDBE, 0xFDBE, 0xFDBE, 0xFDBE, 0xFDBE, 0xFDBE, 0xFDBE, 0xFDBE, 0xFDBE, 0xFDBE, 
    0xFDBE, 0x1EBF, 0x5BA6, 0xD474, 0x1ADF, 0xBDFF, 0x7CFF, 0x9CFF, 0x9CFF, 0x9CFF, 0x9CFF, 0x9CFF, 
    0x9CFF, 0x9CFF, 0x9CFF, 0x9CFF, 0x9CFF, 0x9CFF, 0x9CFF, 0x9CFF, 0x9CFF, 0x9CFF, 0x9CFF, 0x9CFF, 
    0x9CFF, 0x9CFF, 0x9CFF, 0x9CFF, 0x9CFF, 0x9CFF, 0x9CFF, 0x9CFF, 0x9CFF, 0x9CFF, 0x9CFF, 0x9CFF, 
    0x9CFF, 0x9CFF, 0x9CFF, 0x9CFF, 0x9CFF, 0x9CFF, 0x9CFF, 0x9CFF, 0x9CFF, 0x9CFF, 0x9CFF, 0x9CFF, 
    0x9CFF, 0x9CFF, 0x9CFF, 0x9CFF, 0x9CFF, 0x9CFF, 0x9CFF, 0x9CFF, 0x9CFF, 0x9CFF, 0x9CFF, 0x9CFF, 
    0x9CFF, 0x9CFF, 0x9CFF, 0x9CFF, 0x9CFF, 0x9CFF, 0x9CFF, 0x9CFF, 0x9CFF, 0x9CFF, 0x9CFF, 0x9CFF, 
    0x9CFF, 0x9CFF, 0x9CFF, 0x9CFF, 0x9CFF, 0x9CFF, 0x9CFF, 0x9CFF, 0x9CFF, 0x9CFF, 0x9CFF, 0x9CFF, 
    0x9CFF, 0x9CFF, 0x9CFF, 0x9CFF, 0x9CFF, 0x9CFF, 0x9CFF, 0x9CFF, 0x9CFF, 0x9CFF, 0x9CFF, 0x9CFF, 
    0x9CFF, 0x9CFF, 0x9CFF, 0x9CFF, 0x9CFF, 0x9CFF, 0x9CFF, 0x9CFF, 0x9CFF, 0x9CFF, 0x9CFF, 0x9CFF, 
    0x9CFF, 0x9CFF, 0x9CFF, 0x9CFF, 0x9CFF, 0x9CFF, 0x9CFF, 0x9CFF, 0x9CFF, 0x9CFF, 0x9CFF, 0x9CFF, 
    0x9CFF, 0x9CFF, 0x9CFF, 0x9CFF, 0x9CFF, 0x9CFF, 0x9CFF, 0x9CFF, 0x9CFF, 0x9CFF, 0x9CFF, 0x9CFF, 
    0x9CFF, 0x9CFF, 0x9CFF, 0x9CFF, 0x9CFF, 0x9CFF, 0x9CFF, 0x9CFF, 0x9CFF, 0x9CFF, 0x9CFF, 0x9CFF, 
    0x9CFF, 0x9CFF, 0x9CFF, 0x9CFF, 0x9CFF, 0x9CFF, 0x9CFF, 0x9CFF, 0x9CFF, 0x9CFF, 0x9CFF, 0x9CFF, 
    0x9CFF, 0x9CFF, 0x9CFF, 0x9CFF, 0x9CFF, 0x9CFF, 0x9CFF, 0x9CFF, 0x9CFF, 0x9CFF, 0x9CFF, 0x9CFF, 
    0x9CFF, 0x9CFF, 0x9CFF, 0x9CFF, 0x9CFF, 0x9CFF, 0x9CFF, 0x9CFF, 0x9CFF, 0x9CFF, 0x9CFF, 0x9CFF, 
    0x9CFF, 0x9CFF, 0x9CFF, 0x9CFF, 0x9CFF, 0x9CFF, 0x9CFF, 0x9CFF, 0x9CFF, 0x9CFF, 0x9CFF, 0x9CFF, 
    0x9CFF, 0x9CFF, 0x9CFF, 0x9CFF, 0x9CFF, 0x9CFF, 0x9CFF, 0x9CFF, 0x9CFF, 0x9CFF, 0x9CFF, 0x9CFF, 
    0x9CFF, 0x9CFF, 0x9CFF, 0x9CFF, 0x9CFF, 0x9CFF, 0x9CFF, 0x9CFF, 0x9CFF, 0x9CFF, 0x9CFF, 0x9CFF, 
    0x9CFF, 0x9CFF, 0x9CFF, 0x9CFF, 0x9CFF, 0x9CFF, 0x9CFF, 0x9CFF, 0x9CFF, 0x9CFF, 0x9CFF, 0x9CFF, 
    0x9CFF, 0x9CFF, 0x9CFF, 0xDDFF, 0x9ACE, 0xD574, 0xBCAE, 0x1DBF, 0xFDBE, 0x1DBF, 0xFDBE, 0xFDBE, 
    0xFDBE, 0xFDBE, 0xFDBE, 0xFDBE, 0xFDBE, 0xFDBE, 0xFDBE, 0xFDBE, 0xFDBE, 0xFDBE, 0xFDBE, 0xFDBE, 
    0xFDBE, 0xFDBE, 0xFDBE, 0xFDBE, 0xFDBE, 0xFDBE, 
    0xFDBE, 0xFDBE, 0xFDBE, 0xFDBE, 0xFDBE, 0xFDBE, 
    0xFDBE, 0xFDBE, 0xFDBE, 0xFDBE, 0xFDBE, 0xFDBE, 0xFDBE, 0xFDBE, 0xFDBE, 0xFDBE, 0xFDBE, 0xFDBE, 
    0xFDBE, 0xFDBE, 0xFDBE, 0x1EBF, 0x5BA6, 0xD474, 0x1ADF, 0xBDFF, 0x7CFF, 0x9CFF, 0x9CFF, 0x9CFF, 
    0x9CFF, 0x9CFF, 0x9CFF, 0x9CFF, 0x9CFF, 0x9CFF, 0x9CFF, 0x9CFF, 0x9CFF, 0x9CFF, 0x9CFF, 0x9CFF, 
    0x9CFF, 0x9CFF, 0x9CFF, 0x9CFF, 0x9CFF, 0x9CFF, 0x9CFF, 0x9CFF, 0x9CFF, 0x9CFF, 0x9CFF, 0x9CFF, 
    0x9CFF, 0x9CFF, 0x9CFF, 0x9CFF, 0x9CFF, 0x9CFF, 0x9CFF, 0x9CFF, 0x9CFF, 0x9CFF, 0x9CFF, 0x9CFF, 
    0x9CFF, 0x9CFF, 0x9CFF, 0x9CFF, 0x9CFF, 0x9CFF, 0x9CFF, 0x9CFF, 0x9CFF, 0x9CFF, 0x9CFF, 0x9CFF, 
    0x9CFF, 0x9CFF, 0x9CFF, 0x9CFF, 0x9CFF, 0x9CFF, 0x9CFF, 0x9CFF, 0x9CFF, 0x9CFF, 0x9CFF, 0x9CFF, 
    0x9CFF, 0x9CFF, 0x9CFF, 0x9CFF, 0x9CFF, 0x9CFF, 0x9CFF, 0x9CFF, 0x9CFF, 0x9CFF, 0x9CFF, 0x9CFF, 
    0x9CFF, 0x9CFF, 0x9CFF, 0x9CFF, 0x9CFF, 0x9CFF, 0x9CFF, 0x9CFF, 0x9CFF, 0x9CFF, 0x9CFF, 0x9CFF, 
    0x9CFF, 0x9CFF, 0x9CFF, 0x9CFF, 0x9CFF, 0x9CFF, 0x9CFF, 0x9CFF, 0x9CFF, 0x9CFF, 0x9CFF, 0x9CFF, 
    0x9CFF, 0x9CFF, 0x9CFF, 0x9CFF, 0x9CFF, 0x9CFF, 0x9CFF, 0x9CFF, 0x9CFF, 0x9CFF, 0x9CFF, 0x9CFF, 
    0x9CFF, 0x9CFF, 0x9CFF, 0x9CFF, 0x9CFF, 0x9CFF, 0x9CFF, 0x9CFF, 0x9CFF, 0x9CFF, 0x9CFF, 0x9CFF, 
    0x9CFF, 0x9CFF, 0x9CFF, 0x9CFF, 0x9CFF, 0x9CFF, 0x9CFF, 0x9CFF, 0x9CFF, 0x9CFF, 0x9CFF, 0x9CFF, 
    0x9CFF, 0x9CFF, 0x9CFF, 0x9CFF, 0x9CFF, 0x9CFF, 0x9CFF, 0x9CFF, 0x9CFF, 0x9CFF, 0x9CFF, 0x9CFF, 
    0x9CFF, 0x9CFF, 0x9CFF, 0x9CFF, 0x9CFF, 0x9CFF, 0x9CFF, 0x9CFF, 0x9CFF, 0x9CFF, 0x9CFF, 0x9CFF, 
    0x9CFF, 0x9CFF, 0x9CFF, 0x9CFF, 0x9CFF, 0x9CFF, 0x9CFF, 0x9CFF, 0x9CFF, 0x9CFF, 0x9CFF, 0x9CFF, 
    0x9CFF, 0x9CFF, 0x9CFF, 0x9CFF, 0x9CFF, 0x9CFF, 0x9CFF, 0x9CFF, 0x9CFF, 0x9CFF, 0x9CFF, 0x9CFF, 
    0x9CFF, 0x9CFF, 0x9CFF, 0x9CFF, 0x9CFF, 0x9CFF, 0x9CFF, 0x9CFF, 0x9CFF, 0x9CFF, 0x9CFF, 0x9CFF, 
    0x9CFF, 0x9CFF, 0x9CFF, 0x9CFF, 0x9CFF, 0x9CFF, 0x9CFF, 0x9CFF, 0x9CFF, 0x9CFF, 0x9CFF, 0x9CFF, 
    0x9CFF, 0x9CFF, 0x9CFF, 0x9CFF, 0x9CFF, 0x9CFF, 0x9CFF, 0x9CFF, 0x9CFF, 0x9CFF, 0x9CFF, 0x9CFF, 
    0x9CFF, 0x9CFF, 0x9CFF, 0x9CFF, 0x9CFF, 0xDDFF, 0x9ACE, 0xD574, 0xBCAE, 0x1DBF, 0xFDBE, 0x1DBF, 
    0xFDBE, 0xFDBE, 0xFDBE, 0xFDBE, 0xFDBE, 0xFDBE, 0xFDBE, 0xFDBE, 0xFDBE, 0xFDBE, 0xFDBE, 0xFDBE, 
    0xFDBE, 0xFDBE, 0xFDBE, 0xFDBE, 0xFDBE, 0xFDBE, 0xFDBE, 0xFDBE, 
    0xFDBE, 0xFDBE, 0xFDBE, 0xFDBE, 
    0xFDBE, 0xFDBE, 0xFDBE, 0xFDBE, 0xFDBE, 0xFDBE, 0xFDBE, 0xFDBE, 0xFDBE, 0xFDBE, 0xFDBE, 0xFDBE, 
    0xFDBE, 0xFDBE, 0xFDBE, 0xFDBE, 0xFDBE, 0x1EBF, 0x5BA6, 0xD474, 0x1ADF, 0xBDFF, 0x7CFF, 0x9CFF, 
    0x9CFF, 0x9CFF, 0x9CFF, 0x9CFF, 0x9CFF, 0x9CFF, 0x9CFF, 0x9CFF, 0x9CFF, 0x9CFF, 0x9CFF, 0x9CFF, 
    0x9CFF, 0x9CFF, 0x9CFF, 0x9CFF, 0x9CFF, 0x9CFF, 0x9CFF, 0x9CFF, 0x9CFF, 0x9CFF, 0x9CFF, 0x9CFF, 
    0x9CFF, 0x9CFF, 0x9CFF, 0x9CFF, 0x9CFF, 0x9CFF, 0x9CFF, 0x9CFF, 0x9CFF, 0x9CFF, 0x9CFF, 0x9CFF, 
    0x9CFF, 0x9CFF, 0x9CFF, 0x9CFF, 0x9CFF, 0x9CFF, 0x9CFF, 0x9CFF, 0x9CFF, 0x9CFF, 0x9CFF, 0x9CFF, 
    0x9CFF, 0x9CFF, 0x9CFF, 0x9CFF, 0x9CFF, 0x9CFF, 0x9CFF, 0x9CFF, 0x9CFF, 0x9CFF, 0x9CFF, 0x9CFF, 
    0x9CFF, 0x9CFF, 0x9CFF, 0x9CFF, 0x9CFF, 0x9CFF, 0x9CFF, 0x9CFF, 0x9CFF, 0x9CFF, 0x9CFF, 0x9CFF, 
    0x9CFF, 0x9CFF, 0x9CFF, 0x9CFF, 0x9CFF, 0x9CFF, 0x9CFF, 0x9CFF, 0x9CFF, 0x9CFF, 0x9CFF, 0x9CFF, 
    0x9CFF, 0x9CFF, 0x9CFF, 0x9CFF, 0x9CFF, 0x9CFF, 0x9CFF, 0x9CFF, 0x9CFF, 0x9CFF, 0x9CFF, 0x9CFF, 
    0x9CFF, 0x9CFF, 0x9CFF, 0x9CFF, 0x9CFF, 0x9CFF, 0x9CFF, 0x9CFF, 0x9CFF, 0x9CFF, 0x9CFF, 0x9CFF, 
    0x9CFF, 0x9CFF, 0x9CFF, 0x9CFF, 0x9CFF, 0x9CFF, 0x9CFF, 0x9CFF, 0x9CFF, 0x9CFF, 0x9CFF, 0x9CFF, 
    0x9CFF, 0x9CFF, 0x9CFF, 0x9CFF, 0x9CFF, 0x9CFF, 0x9CFF, 0x9CFF, 0x9CFF, 0x9CFF, 0x9CFF, 0x9CFF, 
    0x9CFF, 0x9CFF, 0x9CFF, 0x9CFF, 0x9CFF, 0x9CFF, 0x9CFF, 0x9CFF, 0x9CFF, 0x9CFF, 0x9CFF, 0x9CFF, 
    0x9CFF, 0x9CFF, 0x9CFF, 0x9CFF, 0x9CFF, 0x9CFF, 0x9CFF, 0x9CFF, 0x9CFF, 0x9CFF, 0x9CFF, 0x9CFF, 
    0x9CFF, 0x9CFF, 0x9CFF, 0x9CFF, 0x9CFF, 0x9CFF, 0x9CFF, 0x9CFF, 0x9CFF, 0x9CFF, 0x9CFF, 0x9CFF, 
    0x9CFF, 0x9CFF, 0x9CFF, 0x9CFF, 0x9CFF, 0x9CFF, 0x9CFF, 0x9CFF, 0x9CFF, 0x9CFF, 0x9CFF, 0x9CFF, 
    0x9CFF, 0x9CFF, 0x9CFF, 0x9CFF, 0x9CFF, 0x9CFF, 0x9CFF, 0x9CFF, 0x9CFF, 0x9CFF, 0x9CFF, 0x9CFF, 
    0x9CFF, 0x9CFF, 0x9CFF, 0x9CFF, 0x9CFF, 0x9CFF, 0x9CFF, 0x9CFF, 0x9CFF, 0x9CFF, 0x9CFF, 0x9CFF, 
    0x9CFF, 0x9CFF, 0x9CFF, 0x9CFF, 0x9CFF, 0x9CFF, 0x9CFF, 0x9CFF, 0x9CFF, 0x9CFF, 0x9CFF, 0x9CFF, 
    0x9CFF, 0x9CFF, 0x9CFF, 0x9CFF, 0x9CFF, 0x9CFF, 0x9CFF, 0xDDFF, 0x9ACE, 0xD574, 0xBCAE, 0x1DBF, 
    0xFDBE, 0x1DBF, 0xFDBE, 0xFDBE, 0xFDBE, 0xFDBE, 0xFDBE, 0xFDBE, 0xFDBE, 0xFDBE, 0xFDBE, 0xFDBE, 
    0xFDBE, 0xFDBE, 0xFDBE, 0xFDBE, 0xFDBE, 0xFDBE, 0xFDBE, 0xFDBE, 0xFDBE, 0xFDBE, 
    0xFDBE, 0xFDBE, 
    0xFDBE, 0xFDBE, 0xFDBE, 0xFDBE, 0xFDBE, 0xFDBE, 0xFDBE, 0xFDBE, 0xFDBE, 0xFDBE, 0xFDBE, 0xFDBE, 
    0xFDBE, 0xFDBE, 0xFDBE, 0xFDBE, 0xFDBE, 0xFDBE, 0xFDBE, 0x1EBF, 0x5BA6, 0xD474, 0x1ADF, 0xBDFF, 
    0x7CFF, 0x9CFF, 0x9CFF, 0x9CFF, 0x9CFF, 0x9CFF, 0x9CFF, 0x9CFF, 0x9CFF, 0x9CFF, 0x9CFF, 0x9CFF, 
    0x9CFF, 0x9CFF, 0x9CFF, 0x9CFF, 0x9CFF, 0x9CFF, 0x9CFF, 0x9CFF, 0x9CFF, 0x9CFF, 0x9CFF, 0x9CFF, 
    0x9CFF, 0x9CFF, 0x9CFF, 0x9CFF, 0x9CFF, 0x9CFF, 0x9CFF, 0x9CFF, 0x9CFF, 0x9CFF, 0x9CFF, 0x9CFF, 
    0x9CFF, 0x9CFF, 0x9CFF, 0x9CFF, 0x9CFF, 0x9CFF, 0x9CFF, 0x9CFF, 0x9CFF, 0x9CFF, 0x9CFF, 0x9CFF, 
    0x9CFF, 0x9CFF, 0x9CFF, 0x9CFF, 0x9CFF, 0x9CFF, 0x9CFF, 0x9CFF, 0x9CFF, 0x9CFF, 0x9CFF, 0x9CFF, 
    0x9CFF, 0x9CFF, 0x9CFF, 0x9CFF, 0x9CFF, 0x9CFF, 0x9CFF, 0x9CFF, 0x9CFF, 0x9CFF, 0x9CFF, 0x9CFF, 
    0x9CFF, 0x9CFF, 0x9CFF, 0x9CFF, 0x9CFF, 0x9CFF, 0x9CFF, 0x9CFF, 0x9CFF, 0x9CFF, 0x9CFF, 0x9CFF, 
    0x9CFF, 0x9CFF, 0x9CFF, 0x9CFF, 0x9CFF, 0x9CFF, 0x9CFF, 0x9CFF, 0x9CFF, 0x9CFF, 0x9CFF, 0x9CFF, 
    0x9CFF, 0x9CFF, 0x9CFF, 0x9CFF, 0x9CFF, 0x9CFF, 0x9CFF, 0x9CFF, 0x9CFF, 0x9CFF, 0x9CFF, 0x9CFF, 
    0x9CFF, 0x9CFF, 0x9CFF, 0x9CFF, 0x9CFF, 0x9CFF, 0x9CFF, 0x9CFF, 0x9CFF, 0x9CFF, 0x9CFF, 0x9CFF, 
    0x9CFF, 0x9CFF, 0x9CFF, 0x9CFF, 0x9CFF, 0x9CFF, 0x9CFF, 0x9CFF, 0x9CFF, 0x9CFF, 0x9CFF, 0x9CFF, 
    0x9CFF, 0x9CFF, 0x9CFF, 0x9CFF, 0x9CFF, 0x9CFF, 0x9CFF, 0x9CFF, 0x9CFF, 0x9CFF, 0x9CFF, 0x9CFF, 
    0x9CFF, 0x9CFF, 0x9CFF, 0x9CFF, 0x9CFF, 0x9CFF, 0x9CFF, 0x9CFF, 0x9CFF, 0x9CFF, 0x9CFF, 0x9CFF, 
    0x9CFF, 0x9CFF, 0x9CFF, 0x9CFF, 0x9CFF, 0x9CFF, 0x9CFF, 0x9CFF, 0x9CFF, 0x9CFF, 0x9CFF, 0x9CFF, 
    0x9CFF, 0x9CFF, 0x9CFF, 0x9CFF, 0x9CFF, 0x9CFF, 0x9CFF, 0x9CFF, 0x9CFF, 0x9CFF, 0x9CFF, 0x9CFF, 
    0x9CFF, 0x9CFF, 0x9CFF, 0x9CFF, 0x9CFF, 0x9CFF, 0x9CFF, 0x9CFF, 0x9CFF, 0x9CFF, 0x9CFF, 0x9CFF, 
    0x9CFF, 0x9CFF, 0x9CFF, 0x9CFF, 0x9CFF, 0x9CFF, 0x9CFF, 0x9CFF, 0x9CFF, 0x9CFF, 0x9CFF, 0x9CFF, 
    0x9CFF, 0x9CFF, 0x9CFF, 0x9CFF, 0x9CFF, 0x9CFF, 0x9CFF, 0x9CFF, 0x9CFF, 0x9CFF, 0x9CFF, 0x9CFF, 
    0x9CFF, 0x9CFF, 0x9CFF, 0x9CFF, 0x9CFF, 0x9CFF, 0x9CFF, 0x9CFF, 0x9CFF, 0xDDFF, 0x9ACE, 0xD574, 
    0xBCAE, 0x1DBF, 0xFDBE, 0x1DBF, 0xFDBE, 0xFDBE, 0xFDBE, 0xFDBE, 0xFDBE, 0xFDBE, 0xFDBE, 0xFDBE, 
    0xFDBE, 0xFDBE, 0xFDBE, 0xFDBE, 0xFDBE, 0xFDBE, 0xFDBE, 0xFDBE, 0xFDBE, 0xFDBE, 0xFDBE, 0xFDBE, 
    
    0xFDBE, 0xFDBE, 0xFDBE, 0xFDBE, 0xFDBE, 0xFDBE, 0xFDBE, 0xFDBE, 0xFDBE, 0xFDBE, 0xFDBE, 0xFDBE, 
    0xFDBE, 0xFDBE, 0xFDBE, 0xFDBE, 0xFDBE, 0xFDBE, 0xFDBE, 0xFDBE, 0xFDBE, 0x1EBF, 0x5BA6, 0xD474, 
    0x1ADF, 0xBDFF, 0x7CFF, 0x9CFF, 0x9CFF, 0x9CFF, 0x9CFF, 0x9CFF, 0x9CFF, 0x9CFF, 0x9CFF, 0x9CFF, 
    0x9CFF, 0x9CFF, 0x9CFF, 0x9CFF, 0x9CFF, 0x9CFF, 0x9CFF, 0x9CFF, 0x9CFF, 0x9CFF, 0x9CFF, 0x9CFF, 
    0x9CFF, 0x9CFF, 0x9CFF, 0x9CFF, 0x9CFF, 0x9CFF, 0x9CFF, 0x9CFF, 0x9CFF, 0x9CFF, 0x9CFF, 0x9CFF, 
    0x9CFF, 0x9CFF, 0x9CFF, 0x9CFF, 0x9CFF, 0x9CFF, 0x9CFF, 0x9CFF, 0x9CFF, 0x9CFF, 0x9CFF, 0x9CFF, 
    0x9CFF, 0x9CFF, 0x9CFF, 0x9CFF, 0x9CFF, 0x9CFF, 0x9CFF, 0x9CFF, 0x9CFF, 0x9CFF, 0x9CFF, 0x9CFF, 
    0x9CFF, 0x9CFF, 0x9CFF, 0x9CFF, 0x9CFF, 0x9CFF, 0x9CFF, 0x9CFF, 0x9CFF, 0x9CFF, 0x9CFF, 0x9CFF, 
    0x9CFF, 0x9CFF, 0x9CFF, 0x9CFF, 0x9CFF, 0x9CFF, 0x9CFF, 0x9CFF, 0x9CFF, 0x9CFF, 0x9CFF, 0x9CFF, 
    0x9CFF, 0x9CFF, 0x9CFF, 0x9CFF, 0x9CFF, 0x9CFF, 0x9CFF, 0x9CFF, 0x9CFF, 0x9CFF, 0x9CFF, 0x9CFF, 
    0x9CFF, 0x9CFF, 0x9CFF, 0x9CFF, 0x9CFF, 0x9CFF, 0x9CFF, 0x9CFF, 0x9CFF, 0x9CFF, 0x9CFF, 0x9CFF, 
    0x9CFF, 0x9CFF, 0x9CFF, 0x9CFF, 0x9CFF, 0x9CFF, 0x9CFF, 0x9CFF, 0x9CFF, 0x9CFF, 0x9CFF, 0x9CFF, 
    0x9CFF, 0x9CFF, 0x9CFF, 0x9CFF, 0x9CFF, 0x9CFF, 0x9CFF, 0x9CFF, 0x9CFF, 0x9CFF, 0x9CFF, 0x9CFF, 
    0x9CFF, 0x9CFF, 0x9CFF, 0x9CFF, 0x9CFF, 0x9CFF, 0x9CFF, 0x9CFF, 0x9CFF, 0x9CFF, 0x9CFF, 0x9CFF, 
    0x9CFF, 0x9CFF, 0x9CFF, 0x9CFF, 0x9CFF, 0x9CFF, 0x9CFF, 0x9CFF, 0x9CFF, 0x9CFF, 0x9CFF, 0x9CFF, 
    0x9CFF, 0x9CFF, 0x9CFF, 0x9CFF, 0x9CFF, 0x9CFF, 0x9CFF, 0x9CFF, 0x9CFF, 0x9CFF, 0x9CFF, 0x9CFF, 
    0x9CFF, 0x9CFF, 0x9CFF, 0x9CFF, 0x9CFF, 0x9CFF, 0x9CFF, 0x9CFF, 0x9CFF, 0x9CFF, 0x9CFF, 0x9CFF, 
    0x9CFF, 0x9CFF, 0x9CFF, 0x9CFF, 0x9CFF, 0x9CFF, 0x9CFF, 0x9CFF, 0x9CFF, 0x9CFF, 0x9CFF, 0x9CFF, 
    0x9CFF, 0x9CFF, 0x9CFF, 0x9CFF, 0x9CFF, 0x9CFF, 0x9CFF, 0x9CFF, 0x9CFF, 0x9CFF, 0x9CFF, 0x9CFF, 
    0x9CFF, 0x9CFF, 0x9CFF, 0x9CFF, 0x9CFF, 0x9CFF, 0x9CFF, 0x9CFF, 0x9CFF, 0x9CFF, 0x9CFF, 0x9CFF, 
    0x9CFF, 0x9CFF, 0x9CFF, 0x9CFF, 0x9CFF, 0x9CFF, 0x9CFF, 0x9CFF, 0x9CFF, 0x9CFF, 0x7CFF, 0xDDFF, 
    0x9ACE, 0xD574, 0xBCAE, 0x1DBF, 0xFDBE, 0x1DBF, 0xFDBE, 0xFDBE, 0xFDBE, 0xFDBE, 0xFDBE, 0xFDBE, 
    0xFDBE, 0xFDBE, 0xFDBE, 0xFDBE, 0xFDBE, 0xFDBE, 0xFDBE, 0xFDBE, 0xFDBE, 0xFDBE, 0xFDBE, 0xFDBE, 
    0xFDBE, 0xFDBE, 
    0xFDBE, 0xFDBE, 0xFDBE, 0xFDBE, 0xFDBE, 0xFDBE, 0xFDBE, 0xFDBE, 0xFDBE, 0xFDBE, 
    0xFDBE, 0xFDBE, 0xFDBE, 0xFDBE, 0xFDBE, 0xFDBE, 0xFDBE, 0xFDBE, 0xFDBE, 0xFDBE, 0xFDBE, 0x1EBF, 
    0x5BA6, 0xD474, 0x1ADF, 0xBDFF, 0x7CFF, 0x9CFF, 0x9CFF, 0x9CFF, 0x9CFF, 0x9CFF, 0x9CFF, 0x9CFF, 
    0x9CFF, 0x9CFF, 0x9CFF, 0x9CFF, 0x9CFF, 0x9CFF, 0x9CFF, 0x9CFF, 0x9CFF, 0x9CFF, 0x9CFF, 0x9CFF, 
    0x9CFF, 0x9CFF, 0x9CFF, 0x9CFF, 0x9CFF, 0x9CFF, 0x9CFF, 0x9CFF, 0x9CFF, 0x9CFF, 0x9CFF, 0x9CFF, 
    0x9CFF, 0x9CFF, 0x9CFF, 0x9CFF, 0x9CFF, 0x9CFF, 0x9CFF, 0x9CFF, 0x9CFF, 0x9CFF, 0x9CFF, 0x9CFF, 
    0x9CFF, 0x9CFF, 0x9CFF, 0x9CFF, 0x9CFF, 0x9CFF, 0x9CFF, 0x9CFF, 0x9CFF, 0x9CFF, 0x9CFF, 0x9CFF, 
    0x9CFF, 0x9CFF, 0x9CFF, 0x9CFF, 0x9CFF, 0x9CFF, 0x9CFF, 0x9CFF, 0x9CFF, 0x9CFF, 0x9CFF, 0x9CFF, 
    0x9CFF, 0x9CFF, 0x9CFF, 0x9CFF, 0x9CFF, 0x9CFF, 0x9CFF, 0x9CFF, 0x9CFF, 0x9CFF, 0x9CFF, 0x9CFF, 
    0x9CFF, 0x9CFF, 0x9CFF, 0x9CFF, 0x9CFF, 0x9CFF, 0x9CFF, 0x9CFF, 0x9CFF, 0x9CFF, 0x9CFF, 0x9CFF, 
    0x9CFF, 0x9CFF, 0x9CFF, 0x9CFF, 0x9CFF, 0x9CFF, 0x9CFF, 0x9CFF, 0x9CFF, 0x9CFF, 0x9CFF, 0x9CFF, 
    0x9CFF, 0x9CFF, 0x9CFF, 0x9CFF, 0x9CFF, 0x9CFF, 0x9CFF, 0x9CFF, 0x9CFF, 0x9CFF, 0x9CFF, 0x9CFF, 
    0x9CFF, 0x9CFF, 0x9CFF, 0x9CFF, 0x9CFF, 0x9CFF, 0x9CFF, 0x9CFF, 0x9CFF, 0x9CFF, 0x9CFF, 0x9CFF, 
    0x9CFF, 0x9CFF, 0x9CFF, 0x9CFF, 0x9CFF, 0x9CFF, 0x9CFF, 0x9CFF, 0x9CFF, 0x9CFF, 0x9CFF, 0x9CFF, 
    0x9CFF, 0x9CFF, 0x9CFF, 0x9CFF, 0x9CFF, 0x9CFF, 0x9CFF, 0x9CFF, 0x9CFF, 0x9CFF, 0x9CFF, 0x9CFF, 
    0x9CFF, 0x9CFF, 0x9CFF, 0x9CFF, 0x9CFF, 0x9CFF, 0x9CFF, 0x9CFF, 0x9CFF, 0x9CFF, 0x9CFF, 0x9CFF, 
    0x9CFF, 0x9CFF, 0x9CFF, 0x9CFF, 0x9CFF, 0x9CFF, 0x9CFF, 0x9CFF, 0x9CFF, 0x9CFF, 0x9CFF, 0x9CFF, 
    0x9CFF, 0x9CFF, 0x9CFF, 0x9CFF, 0x9CFF, 0x9CFF, 0x9CFF, 0x9CFF, 0x9CFF, 0x9CFF, 0x9CFF, 0x9CFF, 
    0x9CFF, 0x9CFF, 0x9CFF, 0x9CFF, 0x9CFF, 0x9CFF, 0x9CFF, 0x9CFF, 0x9CFF, 0x9CFF, 0x9CFF, 0x9CFF, 
    0x9CFF, 0x9CFF, 0x9CFF, 0x9CFF, 0x9CFF, 0x9CFF, 0x9CFF, 0x9CFF, 0x9CFF, 0x9CFF, 0x9CFF, 0x9CFF, 
    0x9CFF, 0x9CFF, 0x9CFF, 0x9CFF, 0x9CFF, 0x9CFF, 0x9CFF, 0x9CFF, 0x9CFF, 0x9CFF, 0x9CFF, 0x9CFF, 
    0x7CFF, 0xDDFF, 0x9ACE, 0xD574, 0xBCAE, 0x1DBF, 0xFDBE, 0x1DBF, 0xFDBE, 0xFDBE, 0xFDBE, 0xFDBE, 
    0xFDBE, 0xFDBE, 0xFDBE, 0xFDBE, 0xFDBE, 0xFDBE, 0xFDBE, 0xFDBE, 0xFDBE, 0xFDBE, 0xFDBE, 0xFDBE, 
    0xFDBE, 0xFDBE, 0xFDBE, 0xFDBE, 
    0xFDBE, 0xFDBE, 0xFDBE, 0xFDBE, 0xFDBE, 0xFDBE, 0xFDBE, 0xFDBE, 
    0xFDBE, 0xFDBE, 0xFDBE, 0xFDBE, 0xFDBE, 0xFDBE, 0xFDBE, 0xFDBE, 0xFDBE, 0xFDBE, 0xFDBE, 0xFDBE, 
    0xFDBE, 0x1EBF, 0x5BA6, 0xD474, 0x1ADF, 0xBDFF, 0x7CFF, 0x9CFF, 0x9CFF, 0x9CFF, 0x9CFF, 0x9CFF, 
    0x9CFF, 0x9CFF, 0x9CFF, 0x9CFF, 0x9CFF, 0x9CFF, 0x9CFF, 0x9CFF, 0x9CFF, 0x9CFF, 0x9CFF, 0x9CFF, 
    0x9CFF, 0x9CFF, 0x9CFF, 0x9CFF, 0x9CFF, 0x9CFF, 0x9CFF, 0x9CFF, 0x9CFF, 0x9CFF, 0x9CFF, 0x9CFF, 
    0x9CFF, 0x9CFF, 0x9CFF, 0x9CFF, 0x9CFF, 0x9CFF, 0x9CFF, 0x9CFF, 0x9CFF, 0x9CFF, 0x9CFF, 0x9CFF, 
    0x9CFF, 0x9CFF, 0x9CFF, 0x9CFF, 0x9CFF, 0x9CFF, 0x9CFF, 0x9CFF, 0x9CFF, 0x9CFF, 0x9CFF, 0x9CFF, 
    0x9CFF, 0x9CFF, 0x9CFF, 0x9CFF, 0x9CFF, 0x9CFF, 0x9CFF, 0x9CFF, 0x9CFF, 0x9CFF, 0x9CFF, 0x9CFF, 
    0x9CFF, 0x9CFF, 0x9CFF, 0x9CFF, 0x9CFF, 0x9CFF, 0x9CFF, 0x9CFF, 0x9CFF, 0x9CFF, 0x9CFF, 0x9CFF, 
    0x9CFF, 0x9CFF, 0x9CFF, 0x9CFF, 0x9CFF, 0x9CFF, 0x9CFF, 0x9CFF, 0x9CFF, 0x9CFF, 0x9CFF, 0x9CFF, 
    0x9CFF, 0x9CFF, 0x9CFF, 0x9CFF, 0x9CFF, 0x9CFF, 0x9CFF, 0x9CFF, 0x9CFF, 0x9CFF, 0x9CFF, 0x9CFF, 
    0x9CFF, 0x9CFF, 0x9CFF, 0x9CFF, 0x9CFF, 0x9CFF, 0x9CFF, 0x9CFF, 0x9CFF, 0x9CFF, 0x9CFF, 0x9CFF, 
    0x9CFF, 0x9CFF, 0x9CFF, 0x9CFF, 0x9CFF, 0x9CFF, 0x9CFF, 0x9CFF, 0x9CFF, 0x9CFF, 0x9CFF, 0x9CFF, 
    0x9CFF, 0x9CFF, 0x9CFF, 0x9CFF, 0x9CFF, 0x9CFF, 0x9CFF, 0x9CFF, 0x9CFF, 0x9CFF, 0x9CFF, 0x9CFF, 
    0x9CFF, 0x9CFF, 0x9CFF, 0x9CFF, 0x9CFF, 0x9CFF, 0x9CFF, 0x9CFF, 0x9CFF, 0x9CFF, 0x9CFF, 0x9CFF, 
    0x9CFF, 0x9CFF, 0x9CFF, 0x9CFF, 0x9CFF, 0x9CFF, 0x9CFF, 0x9CFF, 0x9CFF, 0x9CFF, 0x9CFF, 0x9CFF, 
    0x9CFF, 0x9CFF, 0x9CFF, 0x9CFF, 0x9CFF, 0x9CFF, 0x9CFF, 0x9CFF, 0x9CFF, 0x9CFF, 0x9CFF, 0x9CFF, 
    0x9CFF, 0x9CFF, 0x9CFF, 0x9CFF, 0x9CFF, 0x9CFF, 0x9CFF, 0x9CFF, 0x9CFF, 0x9CFF, 0x9CFF, 0x9CFF, 
    0x9CFF, 0x9CFF, 0x9CFF, 0x9CFF, 0x9CFF, 0x9CFF, 0x9CFF, 0x9CFF, 0x9CFF, 0x9CFF, 0x9CFF, 0x9CFF, 
    0x9CFF, 0x9CFF, 0x9CFF, 0x9CFF, 0x9CFF, 0x9CFF, 0x9CFF, 0x9CFF, 0x9CFF, 0x9CFF, 0x9CFF, 0x9CFF, 
    0x9CFF, 0x9CFF, 0x9CFF, 0x9CFF, 0x9CFF, 0x9CFF, 0x9CFF, 0x9CFF, 0x9CFF, 0x9CFF, 0x9CFF, 0x9CFF, 
    0x9CFF, 0x9CFF, 0x7CFF, 0xDDFF, 0x9ACE, 0xD574, 0xBCAE, 0x1DBF, 0xFDBE, 0x1DBF, 0xFDBE, 0xFDBE, 
    0xFDBE, 0xFDBE, 0xFDBE, 0xFDBE, 0xFDBE, 0xFDBE, 0xFDBE, 0xFDBE, 0xFDBE, 0xFDBE, 0xFDBE, 0xFDBE, 
    0xFDBE, 0xFDBE, 0xFDBE, 0xFDBE, 0xFDBE, 0xFDBE, 
    0x1DBF, 0x1DBF, 0x1DBF, 0x1DBF, 0x1DBF, 0x1DBF, 
    0x1DBF, 0x1DBF, 0x1DBF, 0x1DBF, 0x1DBF, 0x1DBF, 0x1DBF, 0x1DBF, 0x1DBF, 0x1DBF, 0x1DBF, 0x1DBF, 
    0x1DBF, 0x1DBF, 0xFDBE, 0x1EBF, 0x7BA6, 0xF57C, 0x1ADF, 0xBDFF, 0x7CFF, 0x9CFF, 0x9CFF, 0x9CFF, 
    0x9CFF, 0x9CFF, 0x9CFF, 0x9CFF, 0x9CFF, 0x9CFF, 0x9CFF, 0x9CFF, 0x9CFF, 0x9CFF, 0x9CFF, 0x9CFF, 
    0x9CFF, 0x9CFF, 0x9CFF, 0x9CFF, 0x9CFF, 0x9CFF, 0x9CFF, 0x9CFF, 0x9CFF, 0x9CFF, 0x9CFF, 0x9CFF, 
    0x9CFF, 0x9CFF, 0x9CFF, 0x9CFF, 0x9CFF, 0x9CFF, 0x9CFF, 0x9CFF, 0x9CFF, 0x9CFF, 0x9CFF, 0x9CFF, 
    0x9CFF, 0x9CFF, 0x9CFF, 0x9CFF, 0x9CFF, 0x9CFF, 0x9CFF, 0x9CFF, 0x9CFF, 0x9CFF, 0x9CFF, 0x9CFF, 
    0x9CFF, 0x9CFF, 0x9CFF, 0x9CFF, 0x9CFF, 0x9CFF, 0x9CFF, 0x9CFF, 0x9CFF, 0x9CFF, 0x9CFF, 0x9CFF, 
    0x9CFF, 0x9CFF, 0x9CFF, 0x9CFF, 0x9CFF, 0x9CFF, 0x9CFF, 0x9CFF, 0x9CFF, 0x9CFF, 0x9CFF, 0x9CFF, 
    0x9CFF, 0x9CFF, 0x9CFF, 0x9CFF, 0x9CFF, 0x9CFF, 0x9CFF, 0x9CFF, 0x9CFF, 0x9CFF, 0x9CFF, 0x9CFF, 
    0x9CFF, 0x9CFF, 0x9CFF, 0x9CFF, 0x9CFF, 0x9CFF, 0x9CFF, 0x9CFF, 0x9CFF, 0x9CFF, 0x9CFF, 0x9CFF, 
    0x9CFF, 0x9CFF, 0x9CFF, 0x9CFF, 0x9CFF, 0x9CFF, 0x9CFF, 0x9CFF, 0x9CFF, 0x9CFF, 0x9CFF, 0x9CFF, 
    0x9CFF, 0x9CFF, 0x9CFF, 0x9CFF, 0x9CFF, 0x9CFF, 0x9CFF, 0x9CFF, 0x9CFF, 0x9CFF, 0x9CFF, 0x9CFF, 
    0x9CFF, 0x9CFF, 0x9CFF, 0x9CFF, 0x9CFF, 0x9CFF, 0x9CFF, 0x9CFF, 0x9CFF, 0x9CFF, 0x9CFF, 0x9CFF, 
    0x9CFF, 0x9CFF, 0x9CFF, 0x9CFF, 0x9CFF, 0x9CFF, 0x9CFF, 0x9CFF, 0x9CFF, 0x9CFF, 0x9CFF, 0x9CFF, 
    0x9CFF, 0x9CFF, 0x9CFF, 0x9CFF, 0x9CFF, 0x9CFF, 0x9CFF, 0x9CFF, 0x9CFF, 0x9CFF, 0x9CFF, 0x9CFF, 
    0x9CFF, 0x9CFF, 0x9CFF, 0x9CFF, 0x9CFF, 0x9CFF, 0x9CFF, 0x9CFF, 0x9CFF, 0x9CFF, 0x9CFF, 0x9CFF, 
    0x9CFF, 0x9CFF, 0x9CFF, 0x9CFF, 0x9CFF, 0x9CFF, 0x9CFF, 0x9CFF, 0x9CFF, 0x9CFF, 0x9CFF, 0x9CFF, 
    0x9CFF, 0x9CFF, 0x9CFF, 0x9CFF, 0x9CFF, 0x9CFF, 0x9CFF, 0x9CFF, 0x9CFF, 0x9CFF, 0x9CFF, 0x9CFF, 
    0x9CFF, 0x9CFF, 0x9CFF, 0x9CFF, 0x9CFF, 0x9CFF, 0x9CFF, 0x9CFF, 0x9CFF, 0x9CFF, 0x9CFF, 0x9CFF, 
    0x9CFF, 0x9CFF, 0x9CFF, 0x9CFF, 0x9CFF, 0x9CFF, 0x9CFF, 0x9CFF, 0x9CFF, 0x9CFF, 0x9CFF, 0x9CFF, 
    0x9CFF, 0x9CFF, 0x9CFF, 0x9CFF, 0x7CFF, 0xDDFF, 0x9ACE, 0xD574, 0xDCAE, 0x3EBF, 0x1DBF, 0x1DBF, 
    0x1DBF, 0x1DBF, 0x1DBF, 0x1DBF, 0x1DBF, 0x1DBF, 0x1DBF, 0x1DBF, 0x1DBF, 0x1DBF, 0x1DBF, 0x1DBF, 
    0x1DBF, 0x1DBF, 0x1DBF, 0x1DBF, 0x1DBF, 0x1DBF, 0x1DBF, 0xFDBE, 
    0xDDBE, 0xDDBE, 0xDDBE, 0xDDBE, 
    0xDDBE, 0xDDBE, 0xDDBE, 0xDDBE, 0xDDBE, 0xDDBE, 0xDDBE, 0xDDBE, 0xDDBE, 0xDDBE, 0xDDBE, 0xDDBE, 
    0xDDBE, 0xDDBE, 0xDCBE, 0xDCBE, 0xDCBE, 0xFDBE, 0x3AA6, 0x9374, 0xFADE, 0xBDFF, 0x7CFF, 0x9CFF, 
    0x9CFF, 0x9DFF, 0x9CFF, 0x9CFF, 0x9CFF, 0x9CFF, 0x9CFF, 0x9CFF, 0x9CFF, 0x9CFF, 0x9CFF, 0x9CFF, 
    0x9CFF, 0x9CFF, 0x9CFF, 0x9CFF, 0x9CFF, 0x9CFF, 0x9CFF, 0x9CFF, 0x9CFF, 0x9CFF, 0x9CFF, 0x9CFF, 
    0x9CFF, 0x9CFF, 0x9CFF, 0x9CFF, 0x9CFF, 0x9CFF, 0x9CFF, 0x9CFF, 0x9CFF, 0x9CFF, 0x9CFF, 0x9CFF, 
    0x9CFF, 0x9CFF, 0x9CFF, 0x9CFF, 0x9CFF, 0x9CFF, 0x9CFF, 0x9CFF, 0x9CFF, 0x9CFF, 0x9CFF, 0x9CFF, 
    0x9CFF, 0x9CFF, 0x9CFF, 0x9CFF, 0x9CFF, 0x9CFF, 0x9CFF, 0x9CFF, 0x9CFF, 0x9CFF, 0x9CFF, 0x9CFF, 
    0x9CFF, 0x9CFF, 0x9CFF, 0x9CFF, 0x9CFF, 0x9CFF, 0x9CFF, 0x9CFF, 0x9CFF, 0x9CFF, 0x9CFF, 0x9CFF, 
    0x9CFF, 0x9CFF, 0x9CFF, 0x9CFF, 0x9CFF, 0x9CFF, 0x9CFF, 0x9CFF, 0x9CFF, 0x9CFF, 0x9CFF, 0x9CFF, 
    0x9CFF, 0x9CFF, 0x9CFF, 0x9CFF, 0x9CFF, 0x9CFF, 0x9CFF, 0x9CFF, 0x9CFF, 0x9CFF, 0x9CFF, 0x9CFF, 
    0x9CFF, 0x9CFF, 0x9CFF, 0x9CFF, 0x9CFF, 0x9CFF, 0x9CFF, 0x9CFF, 0x9CFF, 0x9CFF, 0x9CFF, 0x9CFF, 
    0x9CFF, 0x9CFF, 0x9CFF, 0x9CFF, 0x9CFF, 0x9CFF, 0x9CFF, 0x9CFF, 0x9CFF, 0x9CFF, 0x9CFF, 0x9CFF, 
    0x9CFF, 0x9CFF, 0x9CFF, 0x9CFF, 0x9CFF, 0x9CFF, 0x9CFF, 0x9CFF, 0x9CFF, 0x9CFF, 0x9CFF, 0x9CFF, 
    0x9CFF, 0x9CFF, 0x9CFF, 0x9CFF, 0x9CFF, 0x9CFF, 0x9CFF, 0x9CFF, 0x9CFF, 0x9CFF, 0x9CFF, 0x9CFF, 
    0x9CFF, 0x9CFF, 0x9CFF, 0x9CFF, 0x9CFF, 0x9CFF, 0x9CFF, 0x9CFF, 0x9CFF, 0x9CFF, 0x9CFF, 0x9CFF, 
    0x9CFF, 0x9CFF, 0x9CFF, 0x9CFF, 0x9CFF, 0x9CFF, 0x9CFF, 0x9CFF, 0x9CFF, 0x9CFF, 0x9CFF, 0x9CFF, 
    0x9CFF, 0x9CFF, 0x9CFF, 0x9CFF, 0x9CFF, 0x9CFF, 0x9CFF, 0x9CFF, 0x9CFF, 0x9CFF, 0x9CFF, 0x9CFF, 
    0x9CFF, 0x9CFF, 0x9CFF, 0x9CFF, 0x9CFF, 0x9CFF, 0x9CFF, 0x9CFF, 0x9CFF, 0x9CFF, 0x9CFF, 0x9CFF, 
    0x9CFF, 0x9CFF, 0x9CFF, 0x9CFF, 0x9CFF, 0x9CFF, 0x9CFF, 0x9CFF, 0x9CFF, 0x9CFF, 0x9CFF, 0x9CFF, 
    0x9CFF, 0x9CFF, 0x9CFF, 0x9CFF, 0x9CFF, 0x9CFF, 0x9CFF, 0x9CFF, 0x9CFF, 0x9CFF, 0x9CFF, 0x9CFF, 
    0x9CFF, 0x9CFF, 0x9CFF, 0x9CFF, 0x9DFF, 0x9CFF, 0x7CFF, 0xDDFF, 0x9AC6, 0x7374, 0x7BAE, 0xBCB6, 
    0xBCB6, 0xBCB6, 0xBCB6, 0xBCB6, 0xBCB6, 0xBCB6, 0xBCB6, 0xBCB6, 0xBCBE, 0xBCBE, 0xDCBE, 0xDCBE, 
    0xDCBE, 0xDCBE, 0xDCBE, 0xDCBE, 0xDCBE, 0xDCBE, 0xDCBE, 0xDCBE, 0xDCBE, 0xDDBE, 
    0x7ED7, 0x7ED7, 
    0x7ED7, 0x7ED7, 0x7ED7, 0x7ED7, 0x7ED7, 0x7ED7, 0x7ED7, 0x7ED7, 0x7ED7, 0x7ED7, 0x7ED7, 0x7ED7, 
    0x7ED7, 0x7ED7, 0x7ED7, 0x7ED7, 0x7ED7, 0x7ED7, 0x7ED7, 0x7ED7, 0x1CC7, 0x59B6, 0x7CEF, 0xDEFF, 
    0xBDFF, 0xBDFF, 0xBEFF, 0xBEFF, 0xBDFF, 0xBDFF, 0xBDFF, 0xBDFF, 0xBDFF, 0xBDFF, 0xBDFF, 0xBDFF, 
    0xBDFF, 0xBDFF, 0xBDFF, 0xBDFF, 0xBDFF, 0xBDFF, 0xBDFF, 0xBDFF, 0xBDFF, 0xBDFF, 0xBDFF, 0xBDFF, 
    0xBDFF, 0xBDFF, 0xBDFF, 0xBDFF, 0xBDFF, 0xBDFF, 0xBDFF, 0xBDFF, 0xBDFF, 0xBDFF, 0xBDFF, 0xBDFF, 
    0xBDFF, 0xBDFF, 0xBDFF, 0xBDFF, 0xBDFF, 0xBDFF, 0xBDFF, 0xBDFF, 0xBDFF, 0xBDFF, 0xBDFF, 0xBDFF, 
    0xBDFF, 0xBDFF, 0xBDFF, 0xBDFF, 0xBDFF, 0xBDFF, 0xBDFF, 0xBDFF, 0xBDFF, 0xBDFF, 0xBDFF, 0xBDFF, 
    0xBDFF, 0xBDFF, 0xBDFF, 0xBDFF, 0xBDFF, 0xBDFF, 0xBDFF, 0xBDFF, 0xBDFF, 0xBDFF, 0xBDFF, 0xBDFF, 
    0xBDFF, 0xBDFF, 0xBDFF, 0xBDFF, 0xBDFF, 0xBDFF, 0xBDFF, 0xBDFF, 0xBDFF, 0xBDFF, 0xBDFF, 0xBDFF, 
    0xBDFF, 0xBDFF, 0xBDFF, 0xBDFF, 0xBDFF, 0xBDFF, 0xBDFF, 0xBDFF, 0xBDFF, 0xBDFF, 0xBDFF, 0xBDFF, 
    0xBDFF, 0xBDFF, 0xBDFF, 0xBDFF, 0xBDFF, 0xBDFF, 0xBDFF, 0xBDFF, 0xBDFF, 0xBDFF, 0xBDFF, 0xBDFF, 
    0xBDFF, 0xBDFF, 0xBDFF, 0xBDFF, 0xBDFF, 0xBDFF, 0xBDFF, 0xBDFF, 0xBDFF, 0xBDFF, 0xBDFF, 0xBDFF, 
    0xBDFF, 0xBDFF, 0xBDFF, 0xBDFF, 0xBDFF, 0xBDFF, 0xBDFF, 0xBDFF, 0xBDFF, 0xBDFF, 0xBDFF, 0xBDFF, 
    0xBDFF, 0xBDFF, 0xBDFF, 0xBDFF, 0xBDFF, 0xBDFF, 0xBDFF, 0xBDFF, 0xBDFF, 0xBDFF, 0xBDFF, 0xBDFF, 
    0xBDFF, 0xBDFF, 0xBDFF, 0xBDFF, 0xBDFF, 0xBDFF, 0xBDFF, 0xBDFF, 0xBDFF, 0xBDFF, 0xBDFF, 0xBDFF, 
    0xBDFF, 0xBDFF, 0xBDFF, 0xBDFF, 0xBDFF, 0xBDFF, 0xBDFF, 0xBDFF, 0xBDFF, 0xBDFF, 0xBDFF, 0xBDFF, 
    0xBDFF, 0xBDFF, 0xBDFF, 0xBDFF, 0xBDFF, 0xBDFF, 0xBDFF, 0xBDFF, 0xBDFF, 0xBDFF, 0xBDFF, 0xBDFF, 
    0xBDFF, 0xBDFF, 0xBDFF, 0xBDFF, 0xBDFF, 0xBDFF, 0xBDFF, 0xBDFF, 0xBDFF, 0xBDFF, 0xBDFF, 0xBDFF, 
    0xBDFF, 0xBDFF, 0xBDFF, 0xBDFF, 0xBDFF, 0xBDFF, 0xBDFF, 0xBDFF, 0xBDFF, 0xBDFF, 0xBDFF, 0xBDFF, 
    0xBDFF, 0xBDFF, 0xBDFF, 0xBDFF, 0xBDFF, 0xBDFF, 0xBDFF, 0xBDFF, 0xBDFF, 0xBDFF, 0xBDFF, 0xBDFF, 
    0xBDFF, 0xBDFF, 0xBDFF, 0xBDFF, 0xBDFF, 0xBDFF, 0xBDFF, 0xBDFF, 0xBCFF, 0xDEFF, 0x3CDF, 0x39AE, 
    0xBBBE, 0xBBBE, 0xDBBE, 0xDBBE, 0xDBBE, 0xDCC6, 0xDCC6, 0xFCC6, 0xFCC6, 0xFCC6, 0xFCC6, 0x1CC7, 
    0x1CCF, 0x1DCF, 0x1DCF, 0x1DCF, 0x3DCF, 0x3DCF, 0x3DCF, 0x3DCF, 0x5DD7, 0x5ED7, 0x5ED7, 0x7ED7
    
};
