:020000040800F2
:100000000000022099AC0008013400080534000803
:10001000093400080D340008113400080000000005
:1000200000000000000000000000000001220008A5
:100030001534000800000000A1220008193400084F
:10004000E9AC0008E9AC0008E9AC0008E9AC00083C
:10005000E9AC0008E9AC0008FD340008E9AC000890
:1000600009350008E9AC000815350008E9AC0008BE
:10007000E9AC000821340008E9AC0008313400087C
:10008000E9AC0008E9AC0008C9340008E9AC000894
:10009000E9AC0008E9AC0008E9AC0008E9AC0008EC
:1000A000E9AC0008E9AC0008E9AC0008E9AC0008DC
:1000B000E9AC0008E9AC0008E9AC0008E9AC0008CC
:1000C000E9AC0008E9AC0008E9AC0008E9AC0008BC
:1000D000E9AC0008E9AC0008E9AC0008E9AC0008AC
:1000E000E9AC0008E9AC0008E9AC0008E9AC00089C
:1000F000E9AC000841340008E9AC0008E9AC0008AC
:10010000E9AC0008E9AC0008E9AC0008E9AC00087B
:1001100059340008E9AC0008E9AC0008E9AC000873
:10012000E9AC0008E9AC0008E9AC0008E9AC00085B
:10013000E9AC00080000000000000000E9AC000885
:10014000E9AC0008E9AC0008E9AC00086934000833
:10015000E9AC0008E9AC0008E9AC0008E9AC00082B
:10016000E9AC0008E9AC0008E9AC0008E9AC00081B
:10017000E9AC0008E9AC0008000000000000000045
:08018000E9AC0008E9AC00083D
:1001900010B5054C237833B9044B13B10448AFF3C1
:1001A00000800123237010BDE00500200000000046
:1001B00070FD0008084B10B51BB108490848AFF3A3
:1001C00000800848036803B910BD074B002BFBD023
:1001D000BDE81040184700BF00000000E405002003
:1001E00070FD0008E005002000000000034613F841
:1001F000012B002AFBD1181A0138704700000000BB
:1002000001F0FF01102A2BDB10F0070F08D010F8C7
:10021000013B013A8B422DD010F0070F42B3F6D1CB
:10022000F0B441EA012141EA014122F007047FF0E4
:1002300000070023F0E80256083C85EA010586EA3B
:10024000010685FA47F5A3FA87F586FA47F6A5FA77
:1002500087F68EB9EED1F0BC01F0FF0102F0070283
:1002600032B110F8013B013A83EA010313B1F8D12E
:100270000020704701387047002D06BF354603380F
:10028000073815F0010F07D1013015F4807F02BF48
:10029000013015F4C03F0130F0BC0138704700BF99
:1002A00081F0004102E000BF83F0004330B54FEA27
:1002B00041044FEA430594EA050F08BF90EA020F94
:1002C0001FBF54EA000C55EA020C7FEA645C7FEA27
:1002D000655C00F0E2804FEA5454D4EB5555B8BF4A
:1002E0006D420CDD2C4480EA020281EA030382EABB
:1002F000000083EA010180EA020281EA0303362D4D
:1003000088BF30BD11F0004F4FEA01314FF4801C1F
:100310004CEA113102D0404261EB410113F0004F31
:100320004FEA03334CEA133302D0524263EB4303E8
:1003300094EA050F00F0A780A4F10104D5F1200E86
:100340000DDB02FA0EFC22FA05F2801841F10001E1
:1003500003FA0EF2801843FA05F359410EE0A5F1B5
:1003600020050EF1200E012A03FA0EFC28BF4CF0E6
:10037000020C43FA05F3C01851EBE37101F000459C
:1003800007D54FF0000EDCF1000C7EEB00006EEBA9
:100390000101B1F5801F1BD3B1F5001F0CD3490833
:1003A0005FEA30004FEA3C0C04F101044FEA44528A
:1003B00012F5800F80F09A80BCF1004F08BF5FEA11
:1003C000500C50F1000041EB045141EA050130BDF1
:1003D0005FEA4C0C404141EB010111F4801FA4F194
:1003E0000104E9D191F0000F04BF01460020B1FAE9
:1003F00081F308BF2033A3F10B03B3F120020CDA21
:100400000C3208DD02F1140CC2F10C0201FA0CF0FE
:1004100021FA02F10CE002F11402D8BFC2F1200C63
:1004200001FA02F120FA0CFCDCBF41EA0C01904019
:10043000E41AA2BF01EB0451294330BD6FEA040462
:100440001F3C1CDA0C340EDC04F11404C4F120024D
:1004500020FA04F001FA02F340EA030021FA04F35F
:1004600045EA030130BDC4F10C04C4F1200220FAB6
:1004700002F001FA04F340EA0300294630BD21FAF4
:1004800004F0294630BD94F0000F83F4801306BFBA
:1004900081F480110134013D4EE77FEA645C18BFAE
:1004A0007FEA655C29D094EA050F08BF90EA020F45
:1004B00005D054EA000C04BF1946104630BD91EA3D
:1004C000030F1EBF0021002030BD5FEA545C05D140
:1004D0004000494128BF41F0004130BD14F580047F
:1004E0003CBF01F5801130BD01F0004545F0FE41F3
:1004F00041F470014FF0000030BD7FEA645C1ABF28
:10050000194610467FEA655C1CBF0B46024650EA5E
:10051000013406BF52EA033591EA030F41F400218A
:1005200030BD00BF90F0000F04BF0021704730B510
:100530004FF4806404F132044FF000054FF00001E5
:1005400050E700BF90F0000F04BF0021704730B5A6
:100550004FF4806404F1320410F0004548BF40427B
:100560004FF000013EE700BF42004FEAE2014FEAD0
:1005700031014FEA02701FBF12F07F4393F07F4FAB
:1005800081F06051704792F0000F14BF93F07F4FDD
:10059000704730B54FF4607401F0004521F0004120
:1005A00020E700BF50EA010208BF704730B54FF0A6
:1005B00000050AE050EA010208BF704730B511F0AB
:1005C000004502D5404261EB41014FF4806404F1E3
:1005D00032045FEA915C3FF4DCAE4FF003025FEA65
:1005E000DC0C18BF03325FEADC0C18BF033202EBED
:1005F000DC02C2F1200300FA03FC20FA02F001FA47
:1006000003FE40EA0E0021FA02F11444C1E600BFE5
:1006100070B54FF0FF0C4CF4E06C1CEA11541DBF98
:100620001CEA135594EA0C0F95EA0C0F00F0DEF863
:100630002C4481EA030621EA4C5123EA4C5350EA48
:10064000013518BF52EA033541F4801143F4801399
:1006500038D0A0FB02CE4FF00005E1FB02E506F02A
:100660000042E0FB03E54FF00006E1FB03569CF07F
:10067000000F18BF4EF0010EA4F1FF04B6F5007F85
:1006800064F5407404D25FEA4E0E6D4146EB0606F7
:1006900042EAC62141EA55514FEAC52040EA5E5080
:1006A0004FEACE2EB4F1FD0C88BFBCF5E06F1ED82A
:1006B000BEF1004F08BF5FEA500E50F1000041EB61
:1006C000045170BD06F0004646EA010140EA02000E
:1006D00081EA0301B4EB5C04C2BFD4EB0C0541EA30
:1006E000045170BD41F480114FF0000E013C00F345
:1006F000AB8014F1360FDEBF002001F0004170BD69
:10070000C4F10004203C35DA0C341BDC04F1140481
:10071000C4F1200500FA05F320FA04F001FA05F20D
:1007200040EA020001F0004221F0004110EBD370DA
:1007300021FA04F642EB06015EEA430E08BF20EA06
:10074000D37070BDC4F10C04C4F1200500FA04F3A9
:1007500020FA05F001FA04F240EA020001F000413B
:1007600010EBD37041F100015EEA430E08BF20EAAE
:10077000D37070BDC4F1200500FA05F24EEA020EF6
:1007800020FA04F301FA05F243EA020321FA04F025
:1007900001F0004121FA04F220EA020000EBD370DC
:1007A0005EEA430E08BF20EAD37070BD94F0000FDC
:1007B0000FD101F00046400041EB010111F4801F10
:1007C00008BF013CF7D041EA060195F0000F18BFC1
:1007D000704703F00046520043EB030313F4801FFD
:1007E00008BF013DF7D043EA0603704794EA0C0FB7
:1007F0000CEA135518BF95EA0C0F0CD050EA4106CD
:1008000018BF52EA4306D1D181EA030101F0004149
:100810004FF0000070BD50EA410606BF1046194671
:1008200052EA430619D094EA0C0F02D150EA01367D
:1008300013D195EA0C0F05D152EA03361CBF1046BE
:1008400019460AD181EA030101F0004141F0FE415D
:1008500041F470014FF0000070BD41F0FE4141F4E1
:10086000780170BD70B54FF0FF0C4CF4E06C1CEAE1
:1008700011541DBF1CEA135594EA0C0F95EA0C0F96
:1008800000F0A7F8A4EB050481EA030E52EA033551
:100890004FEA013100F088804FEA03334FF0805572
:1008A00045EA131343EA12634FEA022245EA11159F
:1008B00045EA10654FEA00260EF000419D4208BF50
:1008C000964244F1FD0404F5407402D25B084FEAFD
:1008D0003202B61A65EB03055B084FEA32024FF4A9
:1008E00080104FF4002CB6EB020E75EB030E22BF06
:1008F000B61A754640EA0C005B084FEA3202B6EBC6
:10090000020E75EB030E22BFB61A754640EA5C0074
:100910005B084FEA3202B6EB020E75EB030E22BF04
:10092000B61A754640EA9C005B084FEA3202B6EB05
:10093000020E75EB030E22BFB61A754640EADC00C4
:1009400055EA060E18D04FEA051545EA16754FEA26
:1009500006164FEAC30343EA52734FEAC2025FEA44
:100960001C1CC0D111F4801F0BD141EA00014FF0D3
:1009700000004FF0004CB6E711F4801F04BF0143A4
:100980000020B4F1FD0C88BFBCF5E06F3FF6AFAEC0
:10099000B5EB030C04BFB6EB020C5FEA500C50F150
:1009A000000041EB045170BD0EF0004E4EEA1131D3
:1009B00014EB5C04C2BFD4EB0C0541EA045170BDDA
:1009C00041F480114FF0000E013C90E645EA060E1E
:1009D0008DE60CEA135594EA0C0F08BF95EA0C0F4C
:1009E0003FF43BAF94EA0C0F0AD150EA01347FF494
:1009F00034AF95EA0C0F7FF425AF104619462CE76B
:100A000095EA0C0F06D152EA03353FF4FDAE1046CD
:100A1000194622E750EA410618BF52EA43067FF41E
:100A2000C5AE50EA41047FF40DAF52EA43057FF4AE
:100A3000EBAE12E74FF0FF3C06E000BF4FF0010CB9
:100A400002E000BF4FF0010C4DF804CD4FEA410C1D
:100A50007FEA6C5C4FEA430C18BF7FEA6C5C1BD0EA
:100A600001B050EA410C0CBF52EA430C91EA030F6B
:100A700002BF90EA020F0020704710F1000F91EAC8
:100A8000030F58BF994208BF90422CBFD8176FEA96
:100A9000E37040F0010070474FEA410C7FEA6C5C64
:100AA00002D150EA013C07D14FEA430C7FEA6C5C6B
:100AB000D6D152EA033CD3D05DF8040B704700BF97
:100AC0008446104662468C461946634600E000BFE5
:100AD00001B5FFF7B7FF002848BF10F1000F01BDB7
:100AE0004DF808EDFFF7F4FF0CBF012000205DF882
:100AF00008FB00BF4DF808EDFFF7EAFF34BF012007
:100B000000205DF808FB00BF4DF808EDFFF7E0FF9F
:100B100094BF012000205DF808FB00BF4DF808EDF0
:100B2000FFF7CEFF94BF012000205DF808FB00BF57
:100B30004DF808EDFFF7C4FF34BF012000205DF839
:100B400008FB00BF4FEA410C7FEA6C5C02D150EA1F
:100B5000013C0AD14FEA430C7FEA6C5C02D152EAB5
:100B6000033C02D14FF0000070474FF00100704786
:100B70004FEA410212F5001215D211D56FF47873C5
:100B8000B3EB625212D94FEAC12343F0004343EA68
:100B9000505311F0004F23FA02F018BF4042704743
:100BA0004FF00000704750EA013005D111F00040CD
:100BB00008BF6FF0004070474FF00000704700BF63
:100BC0004A0011D212F5001211D20DD56FF47873CC
:100BD000B3EB62520ED44FEAC12343F0004343EA21
:100BE000505323FA02F070474FF00000704750EA6C
:100BF000013002D14FF0FF3070474FF000007047D6
:100C00004FEA4102B2F1E04324BFB3F5001CDCF12E
:100C1000FE5C0DD901F0004C4FEAC0024CEA507066
:100C2000B2F1004F40EB830008BF20F00100704795
:100C300011F0804F21D113F13872BCBF01F0004098
:100C4000704741F480114FEA5252C2F11802C2F1CA
:100C5000200C10FA0CF320FA02F018BF40F001004B
:100C60004FEAC1234FEAD32303FA0CFC40EA0C00FD
:100C700023FA02F34FEA4303CCE77FEA625307D13A
:100C800050EA01331EBF4FF0FE4040F44000704771
:100C900001F0004040F0FE4040F40000704700BF0B
:100CA00010B5044601F0BEFAA26BE36B9A4201D183
:100CB000012400E0002401F0D7FA204610BD00BF57
:100CC00010B5044601F0AEFAA36B0BB9012400E0A5
:100CD000002401F0C9FA204610BD00BF70B50446DB
:100CE0001646856B026C3AB9036843BB406801F055
:100CF0003DF80023636029E06EB980680AF028F9A6
:100D0000A268236C1344A3606268934219D32368DA
:100D1000A36000201AE0C0680AF01AF9236C5B4255
:100D2000E2681A44E26021688A4202D2626813448F
:100D3000E360022E07D145B1013D002006E000200E
:100D400004E0002002E0002000E000200135A5635F
:100D500070BD00BF026C72B110B50346C468144484
:100D6000C4604068844201D31868D8600846D968D6
:100D70000AF0EEF810BD704738B5054601F052FA9A
:100D800095F8454064B20AE06B6A53B105F124005E
:100D900000F0E0FE08B100F079FF013C64B2002CE5
:100DA000F2DCFF2385F8453001F05EFA01F03AFAF3
:100DB00095F8444064B20AE02B6953B105F1100084
:100DC00000F0C8FE08B100F061FF013C64B2002CE5
:100DD000F2DCFF2385F8443001F046FA38BD00BF4D
:100DE00038B540B94FF0500383F31188BFF36F8FCC
:100DF000BFF34F8FFEE704460D4601F013FA21685A
:100E0000E26B236C03FB021060600020A063A16012
:100E1000013A02FB0313E360FF2384F8443084F8B3
:100E200045307DB92369ABB104F1100000F092FEAA
:100E300080B14FF08052094B1A60BFF34F8FBFF360
:100E40006F8F07E004F1100001F048F904F124006D
:100E500001F044F901F008FA012038BD04ED00E08A
:100E600010B5029B0C4609B91B6000E01A60D863FC
:100E70001C6401211846FFF7B3FF10BD40B94FF0C5
:100E8000500383F31188BFF36F8FBFF34F8FFEE7DB
:100E9000F0B583B0034611B101FB00F000E0002083
:100EA0001D4617460C46483001F05AFB064638B13D
:100EB00000903B4600F1480221462846FFF7D0FF4C
:100EC000304603B0F0BD00BFF0B585B0019240B927
:100ED0004FF0500383F31188BFF36F8FBFF34F8F31
:100EE000FEE7044619B9026C1AB9012202E0012298
:100EF00000E0002242B94FF0500383F31188BFF3A2
:100F00006F8FBFF34F8FFEE7022B03D1E26B012AF5
:100F100002D102E0012200E0002242B94FF050036A
:100F200083F31188BFF36F8FBFF34F8FFEE71D462A
:100F30000E4600F0B7FE18B9019B1BB9012302E071
:100F4000012300E0002343B94FF0500383F31188DD
:100F5000BFF36F8FBFF34F8FFEE7002701F062F9F9
:100F6000A26BE36B9A4201D3022D21D12A4631466E
:100F70002046FFF7B3FE636A6BB104F1240000F072
:100F8000E9FD88B14FF08052324B1A60BFF34F8FAA
:100F9000BFF36F8F08E038B14FF080522D4B1A60CD
:100FA000BFF34F8FBFF36F8F01F05EF901204EE06A
:100FB000019B1BB901F058F9002048E01FB902A8B5
:100FC00000F00EFE012701F04FF900F0E5FB01F003
:100FD00029F994F844305BB2B3F1FF3F02D100230A
:100FE00084F8443094F845305BB2B3F1FF3F02D14E
:100FF000002384F8453001F037F901A902A800F078
:1010000005FEF0B92046FFF74BFEA0B1019904F1AF
:10101000100000F087FD2046FFF7AEFE00F056FC02
:1010200000289BD14FF080520A4B1A60BFF34F8FBC
:10103000BFF36F8F92E72046FFF79EFE00F046FC5D
:101040008CE72046FFF798FE00F040FC002005B03A
:10105000F0BD00BF04ED00E040B94FF0500383F352
:101060001188BFF36F8FBFF34F8FFEE770B5044653
:10107000036C43B14FF0500383F31188BFF36F8FBC
:10108000BFF34F8FFEE703681BB943681BB9012309
:1010900002E0012300E0002343B94FF0500383F343
:1010A0001188BFF36F8FBFF34F8FFEE70E4601F03D
:1010B000CBF9EFF311854FF0500383F31188BFF3A1
:1010C0006F8FBFF34F8FA26BE36B9A4218D294F8E5
:1010D00045305BB20132A263B3F1FF3F0AD1636ACC
:1010E00083B104F1240000F035FD68B176B1012030
:1010F00030600CE001335BB284F84530012006E03B
:10110000002004E0012002E0012000E0012085F33E
:10111000118870BD2DE9F04184B0019240B94FF0C3
:10112000500383F31188BFF36F8FBFF34F8FFEE738
:10113000044619B9026C1AB9012202E0012200E04A
:10114000002242B94FF0500383F31188BFF36F8F31
:10115000BFF34F8FFEE71F46884600F0A3FD18B986
:10116000019B1BB9012302E0012300E0002343B9E6
:101170004FF0500383F31188BFF36F8FBFF34F8F8E
:10118000FEE7002601F04EF8A56B85B3E668414600
:101190002046FFF7DFFDB7B9013DA563236813B90A
:1011A00000F03EFE60602369EBB104F1100000F036
:1011B000D1FCC0B14FF080523D4B1A60BFF34F8F4E
:1011C000BFF36F8F0FE0E660636A63B104F1240040
:1011D00000F0C0FC38B14FF08052354B1A60BFF3BD
:1011E0004F8FBFF36F8F01F03FF801205DE0019B4F
:1011F0001BB901F039F8002057E01EB902A800F031
:10120000EFFC012601F030F800F0C6FA01F00AF810
:1012100094F844305BB2B3F1FF3F02D1002384F86D
:10122000443094F845305BB2B3F1FF3F02D1002364
:1012300084F8453001F018F801A902A800F0E6FC96
:1012400038BB2046FFF73CFDE8B1236833B900F016
:10125000E9FF606800F036FD01F006F8019904F13D
:10126000240000F05FFC2046FFF786FD00F02EFB17
:10127000002887D14FF080520D4B1A60BFF34F8F7B
:10128000BFF36F8F7EE72046FFF776FD00F01EFB71
:1012900078E72046FFF770FD00F018FB2046FFF7C7
:1012A0000FFD00283FF46EAF002004B0BDE8F081D0
:1012B00004ED00E02DE9F84340B94FF0500383F30B
:1012C0001188BFF36F8FBFF34F8FFEE7044619B944
:1012D000036C1BB9012302E0012300E0002343B9A2
:1012E0004FF0500383F31188BFF36F8FBFF34F8F1D
:1012F000FEE71746894601F0A7F8EFF311864FF095
:10130000500383F31188BFF36F8FBFF34F8FD4F86F
:101310003880B8F1000F1DD094F844506DB24946A2
:101320002046FFF717FD08F1FF33A363B5F1FF3F38
:101330000AD1236983B104F1100000F00BFC68B1FD
:1013400077B1012038600CE06B1C5BB284F844304C
:10135000012006E0002004E0012002E0012000E07E
:10136000012086F31188BDE8F88300BF0A4B1B6893
:101370001B680BB9012300E0002323B14FF0FF32BB
:10138000064B1A607047044B1B68DB68DB685A68C1
:10139000024B1A60704700BF00060020DC060020E8
:1013A00010B50446006B01F05DF9204601F05AF9D2
:1013B00010BD00BF2DE9F04780469946089D099F62
:1013C0000A9C236B02F18042013A03EB820626F06D
:1013D0000706002306E0C85CE21882F83400CA5C05
:1013E00012B101330F2BF6D9002384F84330062DB8
:1013F00000D90625E56265644FF0000AC4F848A0EC
:10140000201D00F077FE04F1180000F073FE246147
:10141000C5F10705A5616462C4F84CA084F850A02A
:101420004A464146304600F0D5FE206007B13C6098
:10143000BDE8F08738B5002407E004EB8402930090
:101440000E48184400F04AFE0134062CF5D90C4D24
:10145000284600F043FE0B4C204600F03FFE0A48B1
:1014600000F03CFE094800F039FE094800F036FE65
:10147000084B1D60084B1C6038BD00BF24060020CF
:10148000E4060020F8060020C00600200806002020
:101490000C070020000600201C06002010B50446A2
:1014A00000F0C0FE204A1368013313601F4B1B6815
:1014B0003BB91E4B1C601368012B0DD1FFF7BAFF1F
:1014C0000AE01B4B1B683BB9184B1B68DA6AE36ADE
:1014D0009A4201D8154B1C60164A136801331360F9
:1014E000E36A012202FA03F1134802680A43026028
:1014F00003EB83039A00211D1048104400F0FEFD09
:1015000000F0B2FE0A4B1B686BB1084B1B68DA6A2D
:10151000E36A9A4207D24FF08052094B1A60BFF338
:101520004F8FBFF36F8F10BDB8060020BC060020A0
:1015300004060020E00600202007002024060020EA
:1015400004ED00E070B504460E461D4B1D681D4BB2
:101550001868043000F0F8FD50B91A4B1B68DA6ABD
:10156000012303FA02F218490B6823EA02030B6015
:10157000B4F1FF3F07D136B1124B1968043113485B
:1015800000F0BCFD70BD2C440E4B1B685C60A54296
:1015900007D90F4B18680B4B1968043100F0BAFDDE
:1015A00070BD0C4B1868074B1968043100F0B2FD90
:1015B000094B1B689C4201D2074B1C6070BD00BFE9
:1015C000D8060020BC060020200700200C070020C1
:1015D0001C06002000060020DC0600202DE9F04358
:1015E00085B006460F4615469846900000F0B8FFB5
:1015F00060B18146542000F0B3FF044610B1C0F83A
:10160000309004E0484601F02DF800E000248CB151
:101610000023039302940D9B01930C9B009343467C
:101620002A4639463046FFF7C5FE2046FFF736FF0B
:10163000012001E04FF0FF3005B0BDE8F08300BFAE
:1016400038B5044600F0EEFD0CB92A4B1C68251D88
:10165000284600F079FD70B9E26A02EB82018B0046
:101660002549CB583BB9012303FA02F223490B6801
:1016700023EA02030B60A36A1BB104F1180000F017
:1016800063FD1F4A1368013313601A4B1B689C42A9
:1016900008D129461B4800F031FD1B4A136801336D
:1016A000136008E0194A1368013B13602046FFF7F6
:1016B00077FEFFF75BFE00F0D7FD154B1B68BBB153
:1016C0000C4B1B689C4213D1124B1B6843B14FF06B
:1016D000500383F31188BFF36F8FBFF34F8FFEE783
:1016E0004FF080520C4B1A60BFF34F8FBFF36F8FD8
:1016F00038BD00BFBC0600202406002020070020C3
:10170000E006002008060020B4060020B8060020ED
:1017100004060020B006002004ED00E000B583B010
:10172000174B019300230093802216491648FFF7B8
:1017300055FF012814D14FF0500383F31188BFF3F4
:101740006F8FBFF34F8F4FF0FF32104B1A600122A3
:101750000F4B1A6000220F4B1A6000F0FFFD0BE0E8
:10176000B0F1FF3F08D14FF0500383F31188BFF36E
:101770006F8FBFF34F8FFEE703B05DF804FB00BF30
:10178000D4060020F8FD0008691A0008DC060020D5
:1017900004060020D8060020024A136801331360B3
:1017A000704700BFB0060020F8B53D4B1B68002B0A
:1017B00069D13C4B1D6801351D60C5B93A4B1B68AA
:1017C0001B6843B14FF0500383F31188BFF36F8F51
:1017D000BFF34F8FFEE7344A1168344B186810602E
:1017E0001960334A136801331360FFF7BFFD314BB3
:1017F0001B689D4203D200243AE0012400E000244B
:10180000294B1B681B680BB9012300E0002323B19F
:101810004FF0FF32274B1A602AE0234B1B68DB682E
:10182000DE6873689D4202D2224A136020E0371DB1
:10183000384600F089FCB36A1BB106F1180000F0CD
:1018400083FCF36A012202FA03F11B4802680A438F
:10185000026003EB83039A0039461848104400F0F5
:101860004DFCF26A164B1B68DB6A9A42C5D2C7E789
:10187000134B1B68DB6A03EB83039A000F4B9B58E7
:10188000012B06D806E00F4A1368013313600024C9
:1018900000E001240C4B1B6803B101242046F8BD75
:1018A000B0060020D8060020000600201C060020FC
:1018B000FC050020DC060020200700202406002074
:1018C000BC060020200600202407002038B5344B39
:1018D0001B6843B94FF0500383F31188BFF36F8F38
:1018E000BFF34F8FFEE700F09DFC2D4B1A68013AC5
:1018F0001A601B68002B4CD12A4B1B6833BB002499
:101900004AE0294BDB68DC6804F1180000F01CFC9D
:10191000251D284600F018FCE36A012202FA03F1B3
:10192000224802680A43026003EB83039A002946B7
:101930001F48104400F0E2FBE26A1E4B1B68DB6AA2
:101940009A4204D301221C4B1A6000E00024164B7B
:101950001B68002BD5D10CB1FFF708FD174B1C6895
:1019600054B1FFF721FF10B10122134B1A60013C63
:10197000F7D10022114B1A600F4B1B685BB14FF07F
:1019800080520F4B1A60BFF34F8FBFF36F8F01244C
:1019900002E0002400E0002400F066FC204638BD90
:1019A000B0060020B8060020C00600202007002056
:1019B00024060020BC06002024070020200600206A
:1019C00004ED00E010B5A8B10446104B1B6843B10C
:1019D0004FF0500383F31188BFF36F8FBFF34F8F26
:1019E000FEE7FFF7D9FE00212046FFF7ABFDFFF72A
:1019F0006DFF00E0002038B94FF08052044B1A60B0
:101A0000BFF34F8FBFF36F8F10BD00BFB006002034
:101A100004ED00E010B51BE0FFF7BEFE0F4B1C68A5
:101A2000FFF754FFA4B100F0FDFB0C4BDB68DC6852
:101A3000201D00F089FB0A4A1368013B1360094A24
:101A40001368013B136000F00FFC2046FFF7A8FC71
:101A5000044B1B68002BDFD110BD00BF080600201F
:101A6000B8060020B406002008B5FFF7D3FF064BE8
:101A70001B68012BF9D94FF08052044B1A60BFF359
:101A80004F8FBFF36F8FF0E72406002004ED00E0D6
:101A90001F4B1B681BB101221E4B1A6070470022AE
:101AA0001C4B1A601C4B1B68B3FA83F3DBB2C3F107
:101AB0001F0303EB83018A0018498A5842B94FF08B
:101AC000500383F31188BFF36F8FBFF34F8FFEE78F
:101AD00030B4124D9900CA189000284442685468E6
:101AE000446019448A0008322A44944205D160684F
:101AF00003EB83018A002A44506003EB83039A00BE
:101B0000064B1A445368DA68054B1A6030BC7047BC
:101B1000B006002024070020200700202406002013
:101B2000BC06002040B94FF0500383F31188BFF387
:101B30006F8FBFF34F8FFEE710B50C46044B19684B
:101B4000183100F0E7FA01212046FFF7FBFC10BD39
:101B5000BC06002038B5C368DC6844B94FF05003B8
:101B600083F31188BFF36F8FBFF34F8FFEE704F14C
:101B70001805284600F0E8FA134B1B68A3B9251D89
:101B8000284600F0E1FAE36A012202FA03F10F4865
:101B900002680A43026003EB83039A0029460C485B
:101BA000104400F0ABFA03E029460A4800F0A6FA18
:101BB000E26A094B1B68DB6A9A4203D90120074B92
:101BC000186038BD002038BDB00600202007002076
:101BD00024060020C0060020BC06002024070020A8
:101BE00040B94FF0500383F31188BFF36F8FBFF3F9
:101BF0004F8FFEE7034A12680260034A1268426090
:101C0000704700BFFC050020D806002038B540B959
:101C10004FF0500383F31188BFF36F8FBFF34F8FE3
:101C2000FEE7044641B94FF0500383F31188BFF338
:101C30006F8FBFF34F8FFEE70D4600F0F3FA114BA5
:101C400019682A68B2F1FF3F13D020680E4B1B6859
:101C5000984202D0636899420DD26368C81A8242E2
:101C60000BD95B1A13442B602046FFF7B9FF002401
:101C700004E0002402E0012400E0012400F0F4FA72
:101C8000204638BDD8060020FC0500200122014B6B
:101C90001A60704724070020014B1868704700BF86
:101CA000BC060020054B1B6823B1054B1B681BB904
:101CB0000220704701207047002070470406002072
:101CC000B006002000284AD038B50246C36A24492D
:101CD0000968C96A8B4241D28169002905DB204924
:101CE0000968C96AC1F107018161506903EB830387
:101CF00099001C4B1944884201D1012300E00023C4
:101D000043B31446151D284600F01EFA70B9E36A65
:101D100003EB83018A0013498A583AB9012202FA77
:101D200003F311490A6822EA03030B600C4B1B689A
:101D3000DB6AE362012202FA03F10B4802680A43FC
:101D4000026003EB83039A0029460648104400F022
:101D5000D5F938BD024B1B68DB6AD36238BD7047CA
:101D6000BC060020240600202007002000284BD0BD
:101D700038B50346274A1268904208D04FF0500306
:101D800083F31188BFF36F8FBFF34F8FFEE7826C31
:101D900042B94FF0500383F31188BFF36F8FBFF345
:101DA0004F8FFEE7013A8264C06A596C88422DD099
:101DB00072BB1C461D1D284600F0C6F970B9E26AC8
:101DC00002EB82018B001449CB583BB9012303FA83
:101DD00002F212490B6823EA02030B60636CE362B0
:101DE000C3F10702A261012404FA03F00B490A6857
:101DF00002430A6003EB83039A0029460648104415
:101E000000F07CF9204638BD00207047002038BD26
:101E1000002038BDBC06002024060020200700203A
:101E2000054B1B6823B1044B1A68936C0133936410
:101E3000014B1868704700BFBC060020F8B5074684
:101E40000C4615461E4600F0EDF9204B1B6893F832
:101E50005030DBB2022B16D01C4B1A68D06C20EA33
:101E60000700D0641B68012283F850205EB1114640
:101E70003046FFF767FB4FF08052154B1A60BFF3F7
:101E80004F8FBFF36F8F00F0EFF900F0CBF91DB16A
:101E90000E4B1B68DB6C2B600C4B1B6893F85030AF
:101EA000DBB2012B07D0094B1B68D96C21EA040176
:101EB000D964012400E00024044B1B68002283F84D
:101EC000502000F0D1F92046F8BD00BFBC0600202C
:101ED00004ED00E0F8B540B94FF0500383F31188EA
:101EE000BFF36F8FBFF34F8FFEE704461F461546C3
:101EF0000E4600F097F90FB1E36C3B6094F8503058
:101F0000DBB2022284F850206A1E032A15D8DFE8CB
:101F100002F002070C0FE26C1643E66401250FE0A5
:101F2000E26C0132E26401250AE0E664012507E083
:101F3000022B04D0E664012502E0012500E0002523
:101F4000012B2CD1261D304600F0FEF8E36A012259
:101F500002FA03F1144802680A43026003EB8303A8
:101F60009A0031461148104400F0C8F8A36A43B102
:101F70004FF0500383F31188BFF36F8FBFF34F8F80
:101F8000FEE7E26A0A4B1B68DB6A9A4207D94FF008
:101F90008052084B1A60BFF34F8FBFF36F8F00F072
:101FA00063F92846F8BD00BF200700202406002062
:101FB000BC06002004ED00E02DE9F843089E40B97E
:101FC0004FF0500383F31188BFF36F8FBFF34F8F30
:101FD000FEE7044699461546884600F035FAEFF3C9
:101FE00011874FF0500383F31188BFF36F8FBFF356
:101FF0004F8FB9F1000F02D0E36CC9F8003094F8AC
:102000005030DBB2022284F850206A1E032A18D80E
:10201000DFE802F002080D11E26C42EA0802E26415
:10202000012511E0E26C0132E26401250CE0C4F804
:102030004C80012508E0022B05D0C4F84C80012516
:1020400002E0012500E00025012B35D1A36A43B150
:102050004FF0500383F31188BFF36F8FBFF34F8F9F
:10206000FEE7184B1B68ABB904F10408404600F0CA
:102070006BF8E36A012202FA03F1134802680A438B
:10208000026003EB83039A0041461048104400F0BD
:1020900035F804E004F118010D4800F02FF8E26A69
:1020A0000C4B1B68DB6A9A4206D916B101233360D8
:1020B00002E00122084B1A6087F311882846BDE828
:1020C000F88300BFB006002020070020240600206F
:1020D000C0060020BC0600202407002000F10803F1
:1020E00043604FF0FF328260C360036100230360EE
:1020F000704700BF00230361704700BF43684B6017
:102100009A688A609A68516099600861036801332F
:102110000360704730B40D68B5F1FF3F01D102692B
:1021200007E000F1080200E01A4653681C68A54267
:10213000FAD253684B6099608A6051600861036805
:102140000133036030BC7047036942688168916065
:102150008268416851605A68904201D182685A6031
:102160000022026118680138186070470B4B1B6829
:10217000B3F1FF3F08D04FF0500383F31188BFF352
:102180006F8FBFF34F8FFEE74FF0500383F311883B
:10219000BFF36F8FBFF34F8FFEE700BF000000203B
:1021A00006480068006880F3088862B661B6BFF32D
:1021B0004F8FBFF36F8F00DF00BF000008ED00E01E
:1021C000DFF80C00016841F4700101607047000005
:1021D00088ED00E04FF0807340F8043C21F00101ED
:1021E00040F8081C054B40F80C3C40F8202C6FF0E0
:1021F000020340F8243C4438704700BF6D210008BA
:10220000074B19680868B0E8F04F80F30988BFF3FE
:102210006F8F4FF0000080F311887047AFF300809C
:10222000BC0600204FF0500383F31188BFF36F8F7B
:10223000BFF34F8F0A4A136801331360012B0DD18E
:10224000084B1B6813F0FF0F08D04FF0500383F3C7
:102250001188BFF36F8FBFF34F8FFEE7704700BF4A
:102260000000002004ED00E0094B1B6843B94FF06B
:10227000500383F31188BFF36F8FBFF34F8FFEE7D7
:10228000013B034A13600BB983F31188704700BF09
:10229000000000200000000000000000000000001E
:1022A000EFF30980BFF36F8F154B1A681EF0100F04
:1022B00008BF20ED108A20E9F04F10604DF8043D72
:1022C0004FF0500080F31188BFF34F8FBFF36F8F33
:1022D000FFF7DEFB4FF0000080F3118808BC19689F
:1022E0000868B0E8F04F1EF0100F08BFB0EC108A7D
:1022F00080F30988BFF36F8F704700BFAFF3008092
:10230000BC06002008B54FF0500383F31188BFF3DB
:102310006F8FBFF34F8FFFF747FA18B14FF080521E
:10232000024B1A60002383F3118808BD04ED00E01E
:10233000064B1B68064AA2FB03239B09013B054A87
:1023400013600722044B1A60704700BF140100207D
:10235000D34D621014E000E010E000E0314B1A6849
:10236000314B9A4208D14FF0500383F31188BFF3E9
:102370006F8FBFF34F8FFEE72A4B1A682B4B9A42A1
:1023800008D14FF0500383F31188BFF36F8FBFF371
:102390004F8FFEE700B583B0254B1A78D2B2019279
:1023A000FF221A701B78DBB28DF803309DF80330E2
:1023B00003F050031F4A137007221F4B1A6009E0F5
:1023C0001D4A1368013B13609DF803305B00DBB2CC
:1023D0008DF803309DF8033013F0800FF0D1164ACA
:1023E00013681B0203F4E0631360019BDBB2104A25
:1023F0001370124B1A6842F470021A601A6842F0A5
:1024000070421A60FFF794FF00220D4B1A60FFF72D
:10241000D7FE0C4A136843F040431360FFF7C0FE39
:10242000FFF7A4FE00ED00E071C20F4170C20F4142
:1024300000E400E0280700202C07002020ED00E049
:102440000000002034EF00E0EFF305830F2B0FD9DD
:10245000104A9B5CDBB2104A1278934208D24FF0CC
:10246000500383F31188BFF36F8FBFF34F8FFEE7E5
:102470000A4B1B6803F4E063094A1268934208D9C7
:102480004FF0500383F31188BFF36F8FBFF34F8F6B
:10249000FEE77047F0E300E0280700200CED00E0C5
:1024A0002C070020124A12F0070F07D0D11D21F08F
:1024B0000701C1F5705313440A4601E04FF470530D
:1024C0000C480260002141601344083B23F00703DD
:1024D0000948036059601960991A51601360074BED
:1024E0001960074B19604FF00042064B1A607047A5
:1024F0004007002038070020340700204443002014
:102500003007002040430020134B00E013461A68B8
:102510008242FBD310B45C681919884203D1416828
:10252000214459601846446801198A420CD10B496C
:1025300009688A4206D05268224442601A681268CA
:10254000026002E0016000E00260984200D0186082
:102550005DF8044B704700BF3807002034070020A7
:1025600070B50446FFF718F9394B1B680BB9FFF734
:1025700099FF384B1B681C4253D194B1083414F0B6
:10258000070F0ED024F00704083404F0070343B10A
:102590004FF0500383F31188BFF36F8FBFF34F8F5A
:1025A000FEE7002C3FD02C4B1B689C423DD82B4BA8
:1025B0001D6801E02B4615466A68944202D92A68D4
:1025C000002AF7D1224A1268954230D01E68083698
:1025D0002A681A606B681B1B102B10D9281910F081
:1025E000070F08D04FF0500383F31188BFF36F8FAC
:1025F000BFF34F8FFEE743606C60FFF785FF6A68AB
:1026000015490B689B1A0B60154909688B4201D26A
:1026100013490B600F4B1B681A436A6000232B6041
:1026200006E0002604E0002602E0002600E0002686
:10263000FFF74CF916F0070F08D04FF0500383F363
:102640001188BFF36F8FBFF34F8FFEE7304670BD29
:1026500034070020404300203007002038070020C6
:1026600044430020A0B338B50346A0F1080550F854
:10267000042C1849096812EA010408D14FF05003EC
:1026800083F31188BFF36F8FBFF34F8FFEE750F8CE
:10269000080C40B14FF0500383F31188BFF36F8FE4
:1026A000BFF34F8FFEE794B188B91C4622EA0102BE
:1026B00043F8042CFFF770F854F8043C064A1168FC
:1026C0000B4413602846FFF71FFFFFF7FFF838BDE4
:1026D000704700BF4043002030070020842801D00D
:1026E0000330704700207047EFF30580003018BFBB
:1026F0000120704708B5FFF711F8002008BD00BFA2
:10270000F0B585B00F46446805680669B0F9080061
:10271000FFF7E4FF03AB019300903B46B2B22946BA
:102720002046FEF75BFF012801D1039800E000205E
:1027300005B0F0BD08B5FFF7AFFA08BD08B508B998
:102740000120FFE7FFF73EF9002008BD30B585B056
:1027500004460D46002303930293FFF7C5FFA0B183
:1027600003AB009302AB012229462046FFF724FC6D
:10277000012814D1039B83B14FF080520B4B1A6098
:10278000BFF34F8FBFF36F8F07E002AB01222946E3
:102790002046FFF79FFB012804D1029804E04FF088
:1027A000004001E04FF0004005B030BD04ED00E016
:1027B00070B584B004460E46154600230293B2F16C
:1027C000FF3F02D00AB102B90125FFF78DFF10B11A
:1027D0008223019316E02B4602AA31460020FFF720
:1027E0002DFB012806D015B9002301930AE04023F0
:1027F000019307E0029B002B02DA8623019301E09C
:102800000823019304AB13E9070084E8070020467E
:1028100004B070BD01290ED110B5032200210120A2
:10282000FEF72CFB044640B100231A461946FEF77A
:102830004BFB204610BD0020704710BD30B583B063
:102840000023019338B30C460546B1F1FF3F02D097
:1028500009B101B90124FFF747FF90B101AA002196
:102860002846FEF727FD012817D10198C0B14FF087
:1028700080520C4B1A60BFF34F8FBFF36F8F002055
:102880000EE00023224619462846FEF743FC0128A5
:1028900005D0FF2004E0802002E0FF2000E00020BF
:1028A00003B030BD04ED00E010B582B00446002353
:1028B0000193FFF719FF88B101A92046FEF7CCFB71
:1028C000012815D1019BABB14FF080520C4B1A601F
:1028D000BFF34F8FBFF36F8F00200EE000231A4627
:1028E00019462046FEF7F0FA012805D1002004E041
:1028F000FF2002E0002000E0FF2002B010BD00BF7A
:1029000004ED00E008B5FFF7CDF9012801D0FFF78D
:10291000F9FC08BD98B108B50346D0F8140210B10F
:102920000020C3F8140209B1C3F81012184601239D
:1029300080F8FC31027001F08BFE002008BD0220FF
:10294000704700BF19B1C0F8141200207047022070
:10295000704700BF08B501F0B3FE002008BD00BFFE
:1029600008B5D0F8143223B11B68984718B102207B
:1029700008BD022008BD002008BD00BF08B5D0F882
:1029800014325B689847002008BD00BF38B5044684
:1029900000F50275284600F063F90123C4F8F4310C
:1029A000B4F80E32C4F8F83194F8081201F01F039D
:1029B000012B08D013B1022B0AD00EE02946204685
:1029C00000F0CAFA0EE02946204600F0E9FA09E0D4
:1029D0002946204600F000FB04E001F0800120467B
:1029E00001F0A0FE002038BD10B5044611BB13460F
:1029F000D0F8F421032A28D1D0F80C11D0F81021F6
:102A000091420AD9891AC0F80C118A4228BF0A4695
:102A100092B2194600F0EAF817E0D0F814321B69B8
:102A200023B190F8FC21032A00D19847204600F0FA
:102A3000E5F80AE00A46D0F814329B692BB190F809
:102A4000FC11032901D111469847002010BD00BF99
:102A500010B50446002943D11346D0F8F421022AC8
:102A600036D1C169026A91420CD98A1AC26192B206
:102A7000194600F0A3F800231A461946204601F033
:102A8000A9FE25E08169B1FBF2F302FB131393B9B0
:102A90008A4210D8D0F8F83199420CD2002211465F
:102AA00000F08CF80021C4F8F8110B460A462046C5
:102AB00001F090FE0CE0D4F81432DB682BB194F8EE
:102AC000FC21032A01D120469847204600F0A2F8B5
:102AD00094F80032012B0ED1002384F800320AE072
:102AE0000A46D0F814325B692BB190F8FC11032927
:102AF00001D111469847002010BD00BF38B50446EB
:102B000040230022114601F0EBFD4025C4F810518E
:102B10002B4600228021204601F0E2FD25620123A0
:102B200084F8FC31D4F818322BB1D4F814325B6835
:102B3000217920469847002038BD00BF017400204D
:102B4000704700BF90F8FC3180F8FD31042380F815
:102B5000FC310020704700BF90F8FD3180F8FC3157
:102B60000020704708B590F8FC31032B04D1D0F851
:102B70001432DB6903B19847002008BD002070477C
:102B8000002070470020704708B5012280F8FC2122
:102B9000D0F81422526801799047002008BD00BF88
:102BA00010B513460222C0F8F4218361C3610A46BE
:102BB000002101F0FFFD002010BD00BF08B5134645
:102BC0000A46002101F0F6FD002008BD10B51346AD
:102BD0000322C0F8F421C0F80831C0F80C310A46CD
:102BE000002101F0F7FD002010BD00BF08B513461D
:102BF0000A46002101F0EEFD002008BD08B50423BF
:102C0000C0F8F43100231A46194601F0D3FD002024
:102C100008BD00BF08B50523C0F8F43100231A46EB
:102C2000194601F0D7FD002008BD00BF0346002073
:102C300002E00130C0B201331A78002AF9D170479E
:102C40004B88012B0BD110B50446C0F80432D0F8E4
:102C500014329B6898472046FFF7D0FF10BD70479D
:102C60000B7803704B7843708B78CA7803EB0223A0
:102C700043800B794A7903EB022383808B79CA79ED
:102C800003EB0223C380704710B50446802101F096
:102C900049FD0021204601F045FD10BD30B583B04F
:102CA00004460D464A88130A013B062B79D8DFE813
:102CB00003F0040C2078785C6900D0F810321B68AF
:102CC0000DF10601007C98476FE0037C43B9D0F812
:102CD00014329B6A0DF1060098470223437064E0AA
:102CE000D0F81432DB6A0DF10600984702234370D6
:102CF0005BE0D2B2052A34D8DFE802F0030B131BE5
:102D0000232BD0F810325B680DF10601007C984748
:102D10004BE0D0F810329B680DF10601007C98471B
:102D200043E0D0F81032DB680DF10601007C9847D3
:102D30003BE0D0F810321B690DF10601007C98478A
:102D400033E0D0F810325B690DF10601007C984742
:102D50002BE0D0F810329B690DF10601007C9847FA
:102D600023E02946FFF790FF2DE0037C33B9D0F82C
:102D700014325B6B0DF10600984716E02946FFF709
:102D800083FF20E0037C43B9D0F814321B6B0DF1B4
:102D9000060098470723437007E02946FFF774FFB2
:102DA00011E02946FFF770FF0DE0BDF8063053B182
:102DB000EA8842B19A4228BF1A46ADF80620014679
:102DC0002046FFF7EDFE03B030BD00BF38B5044626
:102DD0008B88E3B9CB88D3B98D7805F07F0590F85F
:102DE000FC31032B02D1FFF74FFF38BD80F8FE51B5
:102DF000294601F0CFFC2046FFF700FF1DB102235A
:102E000084F8FC3138BD012384F8FC3138BD2046FC
:102E1000FFF73AFF38BD00BF38B504460D46897844
:102E2000264B1970012903D92946FFF72DFF38BD1C
:102E300090F8FC31022B02D0032B15D039E081B180
:102E40004160032380F8FC31FFF78AFD022804D19A
:102E500029462046FFF718FF38BD2046FFF7CEFE73
:102E600038BDFFF7CBFE38BD49B9022380F8FC31ED
:102E70004160FFF783FD2046FFF7C0FE38BD436881
:102E8000994213D0D9B2FFF779FD0C4B19786160E4
:102E90002046FFF765FD022804D129462046FFF7AA
:102EA000F3FE38BD2046FFF7A9FE38BDFFF7A6FEAA
:102EB00038BD2946FFF7E8FE38BD00BF4843002073
:102EC00008B5CB88012B02D0FFF7DEFE08BD90F8D5
:102ED000FC31022B02D0032B08D00CE0014600236A
:102EE00041F8083F0122FFF75BFE08BD0122011DEA
:102EF000FFF756FE08BDFFF7C7FE08BD08B590F8FE
:102F0000FC31023B012B0CD80123C360D0F8043202
:102F10000BB10323C360022200F10C01FFF740FE56
:102F200008BDFFF7B1FE08BD10B5044690F8FC31AE
:102F3000023B012B0DD84B88012B0CD10023C0F88C
:102F40000432D0F814329B6898472046FFF756FEAB
:102F500010BDFFF799FE10BD08B54B78092B1BD8A3
:102F6000DFE803F011171A141A08051A0E0BFFF701
:102F700095FE13E0FFF72AFF10E0FFF74DFF0DE08D
:102F8000FFF79EFF0AE0FFF7B9FF07E0FFF758FEE3
:102F900004E0FFF7C9FF01E0FFF776FE002008BD5F
:102FA00038B504460D4690F8FC31032B0FD10B7950
:102FB000012B09D8D0F814329B689847EB8843B9A5
:102FC0002046FFF71BFE04E0FFF75EFE01E0FFF77F
:102FD0005BFE002038BD00BF38B505460C468A8828
:102FE0000B7803F06003202B04D1D0F814329B68D7
:102FF00098477DE0D1B26378012B26D0002B48D0D2
:10300000032B75D190F8FC31022B02D0032B07D093
:1030100017E000296CD080296AD001F083FB67E0BB
:10302000638823B919B1802901D001F07BFBD5F861
:1030300014329B682146284698472846FFF7DEFD54
:1030400056E02146FFF720FE52E090F8FC31022BBB
:1030500002D0032B07D018E0002949D0802947D09F
:1030600001F060FB44E06388002B41D111F07F0F39
:1030700007D001F067FBD5F814329B68214628463B
:1030800098472846FFF7BAFD32E02146FFF7FCFDDE
:103090002EE090F8FC31022B02D0032B06D024E066
:1030A00011F07F0F24D001F03DFB21E012F0800FE2
:1030B00006D001F07F04013400EB0414043405E071
:1030C00001F07F04103400EB04140434284601F0AE
:1030D00049FB10B10123236001E000232360022299
:1030E00021462846FFF75CFD02E02146FFF7CCFDB4
:1030F000002038BDD0B170B50D4616460446FFF726
:1031000095FD0130400080B23080287003236B7041
:10311000022307E05A1CD2B20134E9540233DBB275
:103120000021A95421780029F4D170BD704700BF57
:1031300010B5D0F81842D0F81C325BB194F80002F8
:10314000FF2807D09B6894F8012221469847FF2367
:1031500084F80032002010BD4323038000487047EC
:10316000040000204323038000487047D000002063
:1031700043230380004870478C0000200A2303800B
:10318000004870478000002038B50446D0F8185237
:1031900001F030FBC5F80C02D4F818324BB1D4F86A
:1031A0001C32DB6805F50371D5F80402984700204E
:1031B00038BD022038BD00BFD0F818324BB110B571
:1031C0000024C3F81442044B1868FFF76DFB204637
:1031D00010BD0220704700BF1447002070B505469F
:1031E0000C46D0F818620B7813F0600224D0202A25
:1031F00029D1CA88CAB113F0800F0BD0D0F81C3285
:103200009B68314660789847E28831462846FFF748
:10321000C7FC18E04B7886F80032CB8886F801327C
:10322000CA883146FFF7D2FC0DE0D0F81C329B680B
:1032300000224878984706E04B780A2B03D10122F8
:103240000249FFF7ADFC002070BD00BF49430020DC
:1032500010B50446812101F055FA0121204601F004
:1032600051FA8221204601F04DFAD4F8183253B1B8
:10327000D4F81C325B689847D4F8180207F060FE57
:103280000023C4F81832002010BD00BF38B5044632
:10329000037C6BB94FF400730222812101F020FA04
:1032A0004FF4007302220121204601F019FA0AE0CE
:1032B00040230222812101F013FA4023022201213E
:1032C000204601F00DFA082303228221204601F056
:1032D00007FA4FF4077007F02BFE0546C4F81802F2
:1032E000E8B1D4F81C321B6898470023C5F81432A3
:1032F000C5F81832237C4BB94FF40073D5F804227B
:103300000121204601F066FA002038BD4023D5F89F
:1033100004220121204601F05DFA002038BD012081
:1033200038BD00BF19B1C0F81C1200207047022040
:10333000704700BFD0F81832C3F80812C3F8102243
:1033400000207047D0F81832C3F8041200207047EC
:10335000D0F818227AB108B5D2F814326BB901232B
:10336000C2F81432B2F81032D2F80822812101F0EA
:1033700021FA002008BD02207047012008BD00BFCF
:10338000D0F818229AB108B5037C43B94FF4007302
:10339000D2F80422012101F01DFA002008BD4023CB
:1033A000D2F80422012101F015FA002008BD022004
:1033B000704700BF0F49D1F8883043F47003C1F85B
:1033C00088300D4B1A6842F001021A6000209860A4
:1033D0001A6822F0847222F480321A60074A5A6016
:1033E0001A6822F480221A60D8604FF000638B6064
:1033F000704700BF00ED00E00038024010300024AC
:10340000704700BFFEE700BFFEE700BFFEE700BF5A
:10341000FEE700BF704700BF08B5FFF773FA08BDAD
:1034200008B5024802F06AFE08BD00BFC847002088
:1034300008B5024802F062FE08BD00BF68480020DF
:1034400008B5034803F044F9024803F041F908BD08
:1034500004450020C844002008B5024804F03EFF9F
:1034600008BD00BF2848002008B5432002F086FFB1
:10347000024B1868FFF718FA08BD00BF2847002064
:1034800038B504460D4603681A685B6812F0040FED
:1034900008D003F080032BB10121A84723686FF007
:1034A0000C021A6023681A685B6803F0200312F0AC
:1034B000020F07D033B100212046A84723686FF0E0
:1034C00012021A6038BD00BF10B507490748FFF760
:1034D000D7FF074C21460748FFF7D2FF2146064891
:1034E000FFF7CEFF10BD00BF0DA8000878460020F2
:1034F00035A8000830460020C046002008B501204D
:1035000003F02EFD08BD00BF08B5042003F028FD20
:1035100008BD00BF08B5102003F022FD08BD00BFA4
:1035200008B5032002F0DAFE002211466FF00B000E
:1035300002F0E6FE002211466FF00A0002F0E0FE03
:10354000002211466FF0090002F0DAFE0022114657
:103550006FF0040002F0D4FE002211466FF0030069
:1035600002F0CEFE00220F216FF0010002F0C8FE33
:1035700000220F214FF0FF3002F0C2FE08BD00BF55
:1035800010B588B0002201462D2002F0B9FE2D2092
:1035900002F0E8FE00240194144B1A6C42F480728D
:1035A0001A641B6C03F480730193019B02A903A8A6
:1035B00001F0A0FE01F06EFE40000D4BA3FB0023C6
:1035C0009B0C013B0B480C4A026040F2E732C260A0
:1035D00043600461846003F0C3F918B9054802F040
:1035E000D7FF00E0012008B010BD00BF0038024046
:1035F00083DE1B43C84400200020004000B589B092
:1036000070230193012302930023039304930593F2
:10361000069307930C2201A903F07CFA09B05DF828
:1036200004FB00BF00B58DB01648174B03600023A4
:10363000436083604FF6FF72C2600361032203920E
:10364000049301210591069304220792089309919E
:103650000A930B9203A903F0D7F918B1E8210B489C
:1036600000F058FB00230193029301A9054801F0E3
:1036700081FE18B1EF21054800F04CFB0DB05DF85C
:1036800004FB00BF7C4500200004004018FE000839
:1036900000B58DB01748184B03600023436083606A
:1036A0004FF6FF72C260036103220392049301216B
:1036B0000591069304220792089309910A930B92AD
:1036C00003A903F0A1F920B140F209110B4800F061
:1036D00021FB00230193029301A9064801F04AFE51
:1036E00020B14FF48871054800F014FB0DB05DF86F
:1036F00004FB00BF404500200008004018FE000801
:103700000268094B9A420DD182B000230193074B06
:103710005A6C42F001025A645B6C03F0010301939E
:10372000019B02B0704700BF00000140003802401A
:1037300000B583B00368B3F1804F0CD10023009330
:10374000114B1A6C42F001021A641B6C03F0010366
:103750000093009B15E00D4A934212D10021019184
:10376000094B5A6C42F002025A645B6C03F002038C
:103770000193019B0A462D2002F0C2FD2D2002F08C
:10378000F1FD03B05DF804FB003802400004014085
:1037900000B589B003681D4A934218D100230193F4
:1037A00002F50D32116C41F002011164126C02F04D
:1037B00002020192019A302203920222049205939E
:1037C0000693079203A9124803F0DCFA1AE0114AA3
:1037D000934217D10023029302F50C32116C41F091
:1037E00004011164126C02F004020292029AC022D7
:1037F00003920222049205930693079203A90448B8
:1038000003F0C0FA09B05DF804FB00BF00040040FB
:10381000000402400008004070B586B003682A4AE0
:10382000934219D14FF4604301930226029600247B
:10383000039404940125059501A9244803F0A2FAF4
:103840004FF4E0630193029603940494059501A953
:103850001F4803F097FA35E0B3F1804F0ED14FF4D3
:1038600040630193022302930023039304930123F3
:10387000059301A9154803F085FA23E0154A934200
:1038800020D18023019302260296002403940494FD
:103890000325059501A90E4803F074FA01950296D7
:1038A00003940494059501A9084803F06BFA4FF4BA
:1038B000E0730193029603940494059501A90648C8
:1038C00003F060FA06B070BD000001400004024041
:1038D00000000240000401400008024000B595B01D
:1038E0004648474B0360002343606022826042F2F7
:1038F000D072C2600361436103F032F818B16321F2
:10390000404800F007FA14A94FF4805341F8103DE5
:103910003A4802F04BFE18B169213A4800F0FAF932
:10392000364803F055F818B16E21364800F0F2F928
:10393000324803F031F818B17321324800F0EAF947
:1039400020230E9300230F930EA92C4801F012FDA3
:1039500018B17A212B4800F0DDF97023079300227B
:10396000089209920A920B920C920D9207A9234891
:1039700003F000F918B18621224800F0CBF90422A7
:1039800007A91E4803F0F6F818B18B211D4800F076
:10399000C1F9082207A9194803F0ECF818B19021E1
:1039A000184800F0B7F914A9002341F8343D0C225F
:1039B000124803F0AFF818B19621124800F0AAF9A6
:1039C0004FF4006300934FF480630193002302934C
:1039D0001422039204934FF4005205920693694611
:1039E000064801F0F1FC18B1A221064800F092F956
:1039F0000248FFF711FF15B05DF804FBB845002041
:103A00000000014018FE000800B58BB022484FF0BE
:103A10008043036000234360602282604FF4805241
:103A2000C260036102F0D4FF18B1B5211B4800F059
:103A300071F900230893099308A9174801F09AFC2B
:103A400018B1BC21154800F065F9702301930023DB
:103A50000293022203920593082201A90E4803F063
:103A600089F818B1C5210D4800F054F941F201035D
:103A70000293002303930C2201A9074803F07AF86C
:103A800018B1CC21054800F045F90348FFF7C4FE02
:103A90000BB05DF804FB00BFF445002018FE0008E1
:103AA00000B591B03448354B036000234360602279
:103AB000826042F2D072C2600361436102F088FF0B
:103AC00020B140F223112E4800F024F920230E9358
:103AD00000230F930EA9284801F04CFC20B14FF4AD
:103AE0009571274800F016F9702307930022089279
:103AF00009920A920B920C920D9207A91E4803F0AC
:103B000039F820B14FF49B711D4800F003F90422ED
:103B100007A9194803F02EF820B140F23B111848CC
:103B200000F0F8F8082207A9134803F023F820B1A1
:103B30004FF4A071124800F0EDF84FF400630093C9
:103B40004FF48063019300230293142203920493A1
:103B50004FF40052059206936946074801F034FC81
:103B600020B14FF4A671064800F0D4F80248FFF7E0
:103B700053FE11B05DF804FB044500200004014031
:103B800018FE00082DE9F0478AB000240094524B3B
:103B90001A6B42F004021A631A6B02F004020092DC
:103BA000009A01941A6B42F080021A631A6B02F0B9
:103BB00080020192019A02941A6B42F001021A6388
:103BC0001A6B02F001020292029A03941A6B42F0FD
:103BD00002021A631A6B02F002020392039A04941F
:103BE0001A6B42F008021A631B6B03F0080304937C
:103BF000049B3A4D01224FF4C041284603F0AAF934
:103C000022464FF40241284603F0A4F9DFF8D89089
:103C100022464FF48051484603F09CF94FF462432A
:103C20000593012706970794089405A9284603F0F1
:103C3000A9F805970225069507954FF0030ACDF8D8
:103C400020A008260996DFF8A48005A9404603F0C5
:103C500099F8059506950794CDF820A0099605A931
:103C6000404603F08FF84FF0040ACDF814A01C4B27
:103C70000693079505A9404603F084F848F2080327
:103C800005930694079405A9404603F07BF80C239E
:103C900005930694079405A9484603F073F84FF47A
:103CA0008053059306970794089405A9484603F0A6
:103CB00069F8CDF814A00694079705A9094803F000
:103CC00061F822462146304602F01AFB304602F0E7
:103CD00049FB0AB0BDE8F087003802400008024006
:103CE00000001110000C02400004024000000240DD
:103CF00010F0050F03D008B506F044FD08BD70476D
:103D000008B50268024B9A4201D100F08FFF08BD4E
:103D100000200040FEE700BF00B595B000210191F2
:103D20002B4B1A6C42F080521A641B6C03F08053C8
:103D30000193019B0291274B1A6842F480421A605A
:103D40001B6803F480430293029B012308934FF402
:103D50008033099302230E934FF480020F920422C2
:103D60001092A822119212930723139308A800F02F
:103D70007DFF18B1AE211848FFF7CCFF0F23039346
:103D800002230493002305934FF4A05306934FF4AA
:103D900080530793052103A801F09EF918B1BB21B8
:103DA0000D48FFF7B7FF01F06FFA0C4BA3FB003093
:103DB000800902F0F1FA042002F004FB00220F2136
:103DC0004FF0FF3002F09CFA15B05DF804FB00BF25
:103DD000003802400070004024FE0008D34D6210FD
:103DE00008B500F009FFFFF797FFFFF7CBFE00F0E3
:103DF0006DFB00F023F800F071F800F07BFAFFF79C
:103E00006DFDFFF74DFEFFF70DFCFFF741FC00F0E5
:103E10001FFA00F0B3F8FFF7F7FD00F0B5FA054818
:103E2000FFF7ECFB0448FFF7E9FB00F0CDF9FEF7E4
:103E300061FCFEE7B84500200445002000B58FB0C6
:103E40002248234B03604FF4803343600023836098
:103E5000036183610362C3621E4A8262C3600122FE
:103E6000C2610363426101F0D9FE18B159211A48B9
:103E7000FFF750FF06230A9301230B9300230C93B3
:103E80000AA9124801F0F8FE18B163211248FFF7A1
:103E900041FF06230193012302930593002303931B
:103EA0004FF4801209924FF48032089207930693E0
:103EB000049301A9054803F07FF818B1732106485F
:103EC000FFF728FF0FB05DF804FB00BF7846002025
:103ED000002001400100000F30FE000800B58FB047
:103EE0002348244B03604FF48033436000238360F6
:103EF0000361836103624FF08052C2624FF06062DF
:103F00008262C3600122C2610363426101F086FEE6
:103F100018B18D211848FFF7FDFE0D230A930123E8
:103F20000B9300230C930AA9114801F0A5FE18B1C8
:103F300097211148FFF7EEFE0A2301930123029314
:103F40000593002303934FF4801209924FF48032BB
:103F5000089207930693049301A9054803F02CF8EF
:103F600018B1A7210448FFF7D5FE0FB05DF804FB98
:103F7000304600200021014030FE000800B58FB01F
:103F80002348244B03604FF4803343600023836055
:103F90000361836103624FF08052C2624FF060623E
:103FA0008262C3600122C2610363426101F036FE96
:103FB00018B1C1211848FFF7ADFE0C230A93012365
:103FC0000B9300230C930AA9114801F055FE18B178
:103FD000CB211148FFF79EFE0B230193012302938F
:103FE0000593002303934FF4801209924FF480321B
:103FF000089207930693049301A9054802F0DCFF99
:1040000018B1DB210448FFF785FE0FB05DF804FB13
:10401000C04600200022014030FE000830B589B0C3
:1040200003683A4A934225D100240094384B5A6CD5
:1040300042F480725A645B6C03F480730093009BBB
:104040003F23039303250495059403A9314802F007
:1040500099FE702303930495059403A92E4802F05A
:1040600091FE22460521122002F04AF9122002F0A8
:1040700079F948E0294A934225D100240194244B40
:104080005A6C42F400725A645B6C03F4007301933F
:10409000019B3F23039303250495059403A91D4821
:1040A00002F070FE702303930495059403A91A4847
:1040B00002F068FE22460521122002F021F91220AA
:1040C00002F050F91FE0164A93421CD100240294DA
:1040D0000F4B5A6C42F480625A645B6C03F4806349
:1040E0000293029B0F23039303230493059403A9D4
:1040F000084802F047FE22460521122002F000F98E
:10410000122002F02FF909B030BD00BF002001409D
:104110000038024000080240000002400021014037
:104120000022014070B594B000F0CCFB05F064F9BA
:1041300006F00AFB1D4C0FAD26460FCE0FC53368A7
:104140002B600AAD04F114060FCE0FC533682B6047
:10415000174D29460FA8FEF7D3FA164B186005F540
:10416000AC710AA8FEF7CCFA134B186005AD04F148
:1041700028060FCE0FC533682B60002105A8FEF777
:10418000BFFA0E4B18606D463C340FCC0FC5236848
:104190002B6000216846FEF7B3FA094B1860094B03
:1041A0001868FDF74DFA14B070BD00BF88FD000817
:1041B0006001002020470020184700201047002001
:1041C0001C4700200847002070B58AB000240AA8C8
:1041D00040F8044D0121FEF71DFB174D28602146D4
:1041E000FEF72CFB0AA840F8084D0121FEF712FB50
:1041F000124B18600AA840F80C4D0121FEF70AFB8B
:104200000F4B186021462868FEF718FB0AA840F8F3
:10421000104D0121FEF7FEFA0A4B186001AD0A4E5F
:104220000FCE0FC533682B60214601A8FEF768FA50
:10423000064B18600AB070BD284700200C470020CC
:104240002447002014470020D8FD0008084700201C
:1042500008B51048104B03604FF48273436000238D
:1042600083604FF40062C2600361012242614FF437
:10427000007282611822C2610362436283620A2370
:10428000C36201F02FF918B14F210448FFF742FD36
:1042900008BD00BF2C470020003C004088FE0008FD
:1042A0000268124B9A421FD100B587B000210091DD
:1042B00003F5FE331A6C42F400421A641B6C03F4DB
:1042C00000430093009B4FF4E053019302230293B9
:1042D0000391032304930623059301A9044802F0E4
:1042E00051FD07B05DF804FB704700BF003C004083
:1042F0000008024008B50C480C4B036010234360D3
:1043000000238360C360036143618361C36103620F
:1043100043628362C36201F021FB18B14F2104485C
:10432000FFF7F8FC08BD00BF844700200064004090
:1043300094FE00080268124B9A421FD100B587B064
:104340000021009103F5EA331A6C42F000721A64FE
:104350001B6C03F000730093009B4FF440730193B8
:10436000022302930391032304930923059301A9D4
:10437000044802F007FD07B05DF804FB704700BF7A
:10438000006400400004024008B50B480B4B03607A
:104390004FF4E133436000238360C36003610C2268
:1043A00042618361C36103F0DFFD18B14E2104480F
:1043B000FFF7B0FC08BD00BF28480020004C0040BB
:1043C000A0FE000802683A4B9A4270D12DE9F043F2
:1043D00087B004460025009503F5F6331A6C42F4C5
:1043E00000221A641B6C03F400230093009B01233A
:1043F00001930226029603964FF00309CDF8109020
:104400004FF00808CDF814802A4F01A9384602F071
:10441000B9FC019602960395CDF81090CDF8148062
:1044200001A9384602F0AEFC2348244B03604FF04C
:10443000006343608560C5604FF48063036145613C
:1044400085614FF48073C3610562456201F056FDDA
:1044500018B17F211A48FFF75DFC174B63639C631B
:104460001848194B03604FF000634360402383609A
:104470000023C3604FF48062026143618361C361C2
:104480000362436201F03AFD18B191210C48FFF735
:1044900041FC0C4B23639C6300220521342001F076
:1044A0002FFF342001F05EFF07B0BDE8F0837047B6
:1044B000004C004000000240C8470020406002401D
:1044C000A0FE0008684800207060024010B582B06D
:1044D000002401940D4B1A6B42F400121A631B6BFB
:1044E00003F400130193019B224605210D2001F0E6
:1044F00007FF0D2001F036FF224605210F2001F0B5
:10450000FFFE0F2001F02EFF02B010BD0038024068
:104510000368B3F1A04F29D110B586B04FF4C05352
:1045200001930223029300240394032304930A2398
:10453000059301A90E4802F025FC0E4B5A6B42F080
:1045400080025A6300945A6C42F480425A645B6C55
:1045500003F480430093009B22460521432001F091
:10456000CFFE432001F0FEFE06B010BD704700BF35
:10457000000002400038024008B500F56F71D0F825
:10458000EC03FEF703FA08BD08B5C1EBC1029300C6
:104590000344D3F80422D0F8EC03FEF725FA08BD53
:1045A00008B5C1EBC102930003445A6CD0F8EC0388
:1045B000FEF74EFA08BD00BF08B5D0F8EC03FEF7D1
:1045C000D1FA08BD10B50446C3680BB9002100E05C
:1045D0000121D4F8EC03FEF7B1FAD4F8EC03FEF7AE
:1045E0008DFA10BD10B50446D0F8EC03FEF7AAFA18
:1045F0002268D2F8003E43F00103C2F8003E236A6D
:1046000023B1034A136943F00603136110BD00BFD1
:1046100000ED00E008B5D0F8EC03FEF79DFA08BD08
:1046200008B5D0F8EC03FEF7ABFA08BD08B5D0F832
:10463000EC03FEF7A3FA08BD08B5D0F8EC03FEF7CB
:10464000A1FA08BD08B5D0F8EC03FEF79DFA08BD45
:1046500003787BBB10B503461748C0F8EC33C3F8AA
:1046600020024FF0A0430360042343600222C26093
:104670000023036143618261C36103624362C362D9
:10468000036302F0F1FD20B14FF49A710B48FFF77C
:1046900041FB094C8021204603F07EFA4022002194
:1046A000204603F055FA80220121204603F050FAFB
:1046B000002010BD00207047C8480020ACFE000854
:1046C00008B5D0F8200202F041FE10B1022802D055
:1046D00003E0002008BD012008BD022008BD00BF86
:1046E00010B51C4613462246D0F8200203F014F9F8
:1046F00010B1022802D003E0002010BD012010BD3F
:10470000022010BD08B5D0F8200203F039F910B12D
:10471000022802D003E0002008BD012008BD0220CD
:1047200008BD00BF08B5D0F8200203F0B3F910B1FE
:10473000022802D003E0002008BD012008BD0220AD
:1047400008BD00BF08B5D0F8200203F0D5F910B1BC
:10475000022802D003E0002008BD012008BD02208D
:1047600008BD00BFD0F8202211F0800F08D001F062
:104770007F01C1EBC1018B00134493F83A007047ED
:1047800001F07F01C1EBC1018B00134493F8FA01E2
:10479000704700BF08B5D0F8200203F0ABF810B1A5
:1047A000022802D003E0002008BD012008BD02203D
:1047B00008BD00BF08B5D0F8200203F043F910B1DE
:1047C000022802D003E0002008BD012008BD02201D
:1047D00008BD00BF08B5D0F8200203F0FDF810B105
:1047E000022802D003E0002008BD012008BD0220FD
:1047F00008BD00BF08B5D0F8200203F019F908BDC4
:1048000012230B80004870473801002004230B80DE
:10481000004870473401002008B50A4620B9054910
:104820000548FEF767FC03E002490348FEF762FC17
:10483000004808BDB84C0020BCFE000810B5044C70
:104840000A4621460348FEF755FC204610BD00BF2E
:10485000B84C0020C8FE000808B50A4620B9054932
:104860000548FEF747FC03E002490348FEF742FC17
:10487000004808BDB84C0020D0FE000808B50A4624
:1048800020B905490548FEF735FC03E00249034815
:10489000FEF730FC004808BDB84C0020E0FE0008E0
:1048A00008B50A4620B905490548FEF723FC03E090
:1048B00002490348FEF71EFC004808BDB84C002022
:1048C000ECFE000810B5094C002209492046FEF70D
:1048D00021F808492046FEF735F807492046FEF73B
:1048E00021FD2046FEF736F810BD00BFB84E00206F
:1048F00018010020480000204C01002070B584B051
:1049000004460D460022018AC06802F023FB012004
:10491000FDF714FF0026ADF80E6045F40045ADF834
:104920000C504BF6EF65ADF80A504FF47A73012244
:1049300003A9206800F018FE0122218AE06802F035
:1049400009FB0120FDF7FAFE3246218AE06802F0F9
:1049500001FB0120FDF7F2FE4FF47A73009301236F
:104960000DF10A020DF10E01206800F0D5FE0120C4
:10497000FDF7E4FE0122218AE06802F0EBFA012053
:10498000FDF7DCFEBDF80A00A84206D1054B064A39
:1049900040F26911054806F075FAC0F30A0004B048
:1049A00070BD00BFFCFE00082CFF000810FF0008CF
:1049B00010B5044601220189406802F0CBFA0A20B2
:1049C000FDF7BCFE00212046FFF798FF00F4806051
:1049D00080B20028F6D10120FDF7B0FE10BD00BF67
:1049E00070B582B004460D4616460022018AC068A2
:1049F00002F0B0FA0120FDF7A1FEC6F30A06354326
:104A000002A921F8025D4FF47A730122206800F0B8
:104A1000ABFD0120FDF792FE0122218AE06802F041
:104A200099FA0120FDF78AFE02B070BD8B7EFBB1C2
:104A300070B50C4605460E7C497CA37CE07CA28ABE
:104A400031430B4303431A434FF480512846FFF789
:104A5000C7FFA37DE17D207E627E0B4303431A43A3
:104A60004FF4C0512846FFF7BBFF0023A37670BD6B
:104A7000704700BF38B5CB7E002B59D00C46054699
:104A80000021FFF73BFFC0F380232370C0F34023D6
:104A90006370C0F30023A370C0F3C013E370C0F3CE
:104AA00080132371C0F340136371C0F30013A3712B
:104AB000C0F3C003E371C0F380032372C0F340036B
:104AC000637200F00103A3724FF400612846FFF700
:104AD00015FFC0F3C013237300F00F00E0814FF403
:104AE00080512846FFF70AFFC3B203F00302227485
:104AF00003F00402627403F00802A27403F03003AE
:104B0000E37400F4F860A0824FF4C0512846FFF728
:104B1000F5FEC0B200F00303A37500F00C03E375CB
:104B200000F03003237600F0400060760023E37647
:104B300038BD00BF70B505460C4600268E76CE7691
:104B40000120FDF7FBFD31462846FFF7D7FEC0F3F5
:104B500080232370C0F340236370C0F30023A3704D
:104B6000C0F3C013E370C0F380132371C0F340138C
:104B70006371C0F30013A371C0F3C003E371C0F30A
:104B800080032372C0F34003637200F00100A0723F
:104B90004FF400612846FFF7B1FEC0F3C013237342
:104BA00000F00F00E0814FF480512846FFF7A6FE89
:104BB000C3B203F00302227403F00402627403F030
:104BC0000802A27403F03003E37400F4F860A082DA
:104BD0004FF4C0512846FFF791FEC0B200F0030326
:104BE000A37500F00C03E37500F03003237600F0AA
:104BF0004000607670BD00BF08B50B4B1A6842F4E8
:104C000000721A601A6842F480621A601A6842F4EC
:104C100080721A60032001F061FB0020FEF7B0FCF7
:104C2000FEF77EFC002008BD003C0240024A1368EB
:104C300001331360704700BFDC500020014B18683F
:104C4000704700BFDC50002030B583B00190FFF703
:104C5000F5FF0546019CB4F1FF3F00D00134FFF79A
:104C6000EDFF401BA042FAD303B030BD30B583B096
:104C70000446036813F0010F5AD09F4B9B6803F062
:104C80000C03042B0AD09C4B9B6803F00C03082BED
:104C90000DD1994B5B6813F4800F08D0964B1B68BD
:104CA00013F4003F44D06368002B41D19DE1636859
:104CB000B3F5803F05D1904A136843F48033136005
:104CC00015E0B3F5A02F09D18B4B1A6842F480226E
:104CD0001A601A6842F480321A6008E0864B1A683B
:104CE00022F480321A601A6822F480221A60636803
:104CF0007BB1FFF7A3FF054605E0FFF79FFF401BD1
:104D0000642800F274817C4B1B6813F4003FF4D0DC
:104D10000EE0FFF793FF054605E0FFF78FFF401B0E
:104D2000642800F26681744B1B6813F4003FF4D1D1
:104D3000236813F0020F5AD06F4B9B6813F00C0FCF
:104D40000AD06D4B9B6803F00C03082B1BD16A4BF8
:104D50005B6813F4800F16D1674B1B6813F0020FCA
:104D600003D0E368012B40F046816348036823F0D9
:104D7000F8012369F82292FAA2F2B2FA82F2934081
:104D80000B43036033E0E368FBB101225B4B1A6025
:104D9000FFF754FF054605E0FFF750FF401B0228D0
:104DA00000F22B81544B1B6813F0020FF4D05248D1
:104DB000036823F0F8012369F82292FAA2F2B2FA0A
:104DC00082F293400B43036011E000224B4B1A60C8
:104DD000FFF734FF054605E0FFF730FF401B0228D0
:104DE00000F20D81444B1B6813F0020FF4D12368CD
:104DF00013F0080F26D0636993B10122404B1A606B
:104E0000FFF71CFF054605E0FFF718FF401B0228CF
:104E100000F2F780384B5B6F13F0020FF4D011E013
:104E20000022374B1A60FFF709FF054605E0FFF740
:104E300005FF401B022800F2E6802F4B5B6F13F04A
:104E4000020FF4D1236813F0040F69D000230193FB
:104E5000294B1A6C42F080521A641B6C03F0805389
:104E60000193019B274A136843F480731360FFF793
:104E7000E5FE054605E0FFF7E1FE401B022800F2D3
:104E8000C480204B1B6813F4807FF4D0A368012BEF
:104E900005D1194A136F43F00103136714E0052B82
:104EA00009D1154B1A6F42F004021A671A6F42F0CB
:104EB00001021A6708E0104B1A6F22F001021A670C
:104EC0001A6F22F004021A67A3688BB1FFF7B6FECF
:104ED000054607E0FFF7B2FE401B41F288339842D7
:104EE00000F29580044B1B6F13F0020FF2D017E015
:104EF000FFF7A4FE05460EE00038024000004742DE
:104F0000800E474200700040FFF798FE401B41F2C0
:104F1000883398427DD8454B1B6F13F0020FF3D1B5
:104F2000A369002B77D0414A926802F00C02082A4C
:104F300073D0022B46D100223D4B1A60FFF77EFE54
:104F4000054604E0FFF77AFE401B022867D8374B7E
:104F50001B6813F0007FF5D1E169236A1943636A86
:104F600047F6C07292FAA2F2B2FA82F29340194363
:104F7000A36A5B085A1E4FF4403393FAA3F3B3FAC3
:104F800083F302FA03F30B43E26A4FF0706191FA84
:104F9000A1F1B1FA81F18A401343244A53600122FE
:104FA000234B1A60FFF74AFE044604E0FFF746FE73
:104FB000001B022835D81D4B1B6813F0007FF5D06D
:104FC000002031E000221A4B1A60FFF737FE04463A
:104FD00004E0FFF733FE001B022824D8134B1B68A4
:104FE00013F0007FF5D100201EE001201CE003201B
:104FF0001AE0032018E0012016E0032014E003204B
:1050000012E0032010E003200EE003200CE0032058
:105010000AE0032008E0002006E0012004E003206D
:1050200002E0032000E0032003B030BD003802405E
:1050300060004742254B9B6803F00C03042B3FD0D4
:10504000082B01D02248704710B4204B586800F05C
:105050003F005B6813F4800F10D01E4BB3FBF0F0E1
:105060001A4B5A6847F6C0710A4091FAA1F3B3FA95
:1050700083F322FA03F303FB00F310E0144BB3FBBA
:10508000F0F0124B5A6847F6C07402EA040194FA31
:10509000A4F2B2FA82F221FA02F202FB00F30B4A06
:1050A000506800F440324FF4403090FAA0F0B0FA6B
:1050B00080F022FA00F001304000B3FBF0F001E094
:1050C000044870475DF8044B704700BF0038024049
:1050D0000024F40000127A0070B5674B1B6803F0DF
:1050E0000F038B4208D2CBB2634A1370136803F0EC
:1050F0000F03994240F0AE80036813F0020F06D010
:105100005E4CA36823F0F00283681343A3600D464E
:105110000446036813F0010F60D04268012A05D1EC
:10512000564B1B6813F4003F0FD195E0931E012BE3
:1051300005D8524B1B6813F0007F06D18EE04F4B11
:105140001B6813F0020F00F08B804C498B6823F032
:10515000030313438B60FFF771FD06466368012B61
:105160000ED106E0FFF76AFD801B41F288339842BA
:1051700078D8424B9B6803F00C03042BF2D12DE04E
:10518000022B0ED106E0FFF759FD801B41F2883358
:10519000984269D8394B9B6803F00C03082BF2D175
:1051A0001CE0032B15D106E0FFF748FD801B41F200
:1051B000883398425AD8314B9B6803F00C030C2B70
:1051C000F2D10BE0FFF73AFD801B41F288339842A1
:1051D0004ED82A4B9B6813F00C0FF3D1264B1B685B
:1051E00003F00F039D4207D2EAB2234B1A701B68EB
:1051F00003F00F039D423DD1236813F0040F06D046
:105200001E498B6823F4E052E36813438B602368E4
:1052100013F0080F07D0194A936823F460432169FB
:1052200043EAC1039360FFF705FF144B9B6803F04B
:10523000F002F02393FAA3F3B3FA83F322FA03F311
:105240000F4AD35CD8400F4B18600020FEF798F946
:10525000002070BD012070BD012070BD012070BD17
:10526000012070BD032070BD032070BD032070BD00
:10527000032070BD012070BD003C02400038024098
:1052800000FE000814010020014B1868704700BFA1
:105290001401002008B5FFF7F7FF084B9B6803F4E3
:1052A000E0524FF4E05393FAA3F3B3FA83F322FAF4
:1052B00003F3034AD35CD84008BD00BF0038024066
:1052C00010FE000808B5FFF7DFFF084B9B6803F4EA
:1052D00060424FF4604393FAA3F3B3FA83F322FAE4
:1052E00003F3034AD35CD84008BD00BF0038024036
:1052F00010FE00080F2303600B4B9A6802F00302B4
:1053000042609A6802F0F00282609A6802F4E05209
:10531000C2609B68DB0803F4E0530361034B1B6826
:1053200003F00F030B60704700380240003C02405E
:1053300010B4042303FA01F4036A23EA04030362AA
:10534000036A8A401A4302625DF8044B704700BF4B
:1053500010B5044604220068FFF7EAFF2268536C88
:1053600043F4004353642268136843F0010313605D
:10537000002010BD90F83830012B21D030B401222C
:1053800080F83820022380F839300468636823F0FD
:1053900070036360046865680B682B43636004688E
:1053A000A36823F08003A3600468A5684B682B43BF
:1053B000A36080F83920002380F83830184601E0D7
:1053C0000220704730BC704790F83830012B25D050
:1053D000012380F83830CB6823F440728B68134384
:1053E00023F480624B68134323F400620B68134379
:1053F00023F480520B69134323F400524B69134387
:1054000023F480438A69134323F40043134302685F
:105410005364002380F838301846704702207047E4
:10542000704700BF704700BFF8B505460F461646E7
:105430001C4636E0B4F1FF3F33D02CB1FFF7FEFB42
:10544000069BC01A84422CD82A68536823F0E003D4
:1054500053606B68B3F5827F0BD1AB68B3F5004F37
:1054600002D0B3F5806F04D12A68136823F040039B
:105470001360AB6AB3F5005F0BD12A68136823F49D
:1054800000531B041B0C13602A68136843F4005379
:105490001360012385F85130002385F85030032034
:1054A000F8BD2B689B6837EA030301D1012300E0B4
:1054B0000023B342BED10020F8BD00BF10B582B0BA
:1054C000044600920B4600228021FFF7ADFF034601
:1054D00020B1636D43F0200363650323184602B0D7
:1054E00010BD00BF00283CD010B5044600238362E5
:1054F00090F8513013F0FF0F04D1002380F85030A2
:10550000FEF7CEFE022384F851302268136823F0A0
:105510004003136021686268A3681A43E3681A4372
:1055200023691A4363691A43A36903F4007313439D
:10553000E2691343226A1343A26A1A430A6021688C
:10554000638B03F00402636A13434B602268D369E0
:1055500023F40063D36100206065012384F8513097
:1055600010BD0120704700BF2DE9F04184B01D46F9
:1055700090F85030012B00F0CB8004460E46904648
:10558000012380F85030FFF759FB074694F851305B
:10559000DBB2012B40F0A480002E00F0A380B8F114
:1055A000000F00F0A180032384F8513000236365CD
:1055B0002663A4F83480A4F83680A363A387E38726
:1055C00063642364A368B3F5004F04D122681368B1
:1055D00043F48043136023681A6812F0400F03D12C
:1055E0001A6842F040021A60E368B3F5006F2CD1EC
:1055F00063681BB1E38E9BB2012B21D1236836F87F
:10560000022BDA60E38E9BB2013B9BB2E38617E08C
:1056100023689A6812F0020F08D036F8022BDA607D
:10562000E38E9BB2013B9BB2E38609E0002D5DD087
:10563000B5F1FF3F04D0FFF701FBC01B854257D9EE
:10564000E38E9BB2002BE3D12BE063681BB1E38EAA
:105650009BB2012B21D1236816F8012B1A73E38E1C
:105660009BB2013B9BB2E38617E023689A6812F075
:10567000020F08D016F8012B1A73E38E9BB2013B80
:105680009BB2E38609E0002D34D0B5F1FF3F04D092
:10569000FFF7D4FAC01B85422ED9E38E9BB2002BB4
:1056A000E3D100972B46012202212046FFF7BCFEE2
:1056B00020BB3A4629462046FFF700FF18B12023B9
:1056C000636501201DE0A36833B903932368DA689A
:1056D00003929B680393039B636D8BB9002010E0DA
:1056E00002200EE001200CE001200AE0032008E087
:1056F000032006E0032004E0032002E0032000E092
:105700000120012384F85130002384F8503000E058
:10571000022004B0BDE8F0812DE9F04385B0984641
:105720000C9D90F85030012B00F0148104460F4678
:105730001646012380F85030FFF780FA814694F82E
:105740005130DBB26268012B0AD0B2F5827F40F0A3
:10575000E780A268002A40F0E580042B40F0E48056
:10576000002F00F0E380002E00F0E280B8F1000F7F
:1057700000F0E08094F85130DBB2012B02D1052318
:1057800084F8513000236365A663A4F83E80A4F832
:105790003C802763A4F83680A4F8348023646364D3
:1057A00023681A6812F0400F03D11A6842F04002D1
:1057B0001A60E368B3F5006F4AD163681BB1E38EEA
:1057C0009BB2012B08D1236837F8022BDA60E38EF5
:1057D0009BB2013B9BB2E3864FF001082FE0B8F18A
:1057E000000F11D0E38E9BB273B123689A6812F058
:1057F000020F09D037F8022BDA60E38E9BB2013B2F
:105800009BB2E3864FF00008E38F9BB273B123682D
:105810009A6812F0010F09D0DB6826F8023BE38F8B
:105820009BB2013B9BB2E3874FF00108B5F1FF3F0C
:1058300005D0FFF703FAC9EB000085427CD9E38E5F
:105840009BB2002BCBD1E38F9BB2002BC7D149E099
:1058500063681BB1E38E9BB2012B08D1236817F854
:10586000012B1A73E38E9BB2013B9BB2E3864FF090
:1058700001082FE0B8F1000F11D0E38E9BB273B195
:1058800023689A6812F0020F09D03A781A73E38EEF
:105890009BB2013B9BB2E38601374FF00008E38FD8
:1058A0009BB273B123689A6812F0010F09D0DB68CC
:1058B0003370E38F9BB2013B9BB2E38701364FF01D
:1058C0000108B5F1FF3F05D0FFF7B8F9C9EB0000BB
:1058D000854233D9E38E9BB2002BCBD1E38F9BB2B1
:1058E000002BC7D1CDF800902B4601220221204683
:1058F000FFF79AFD20BB4A4629462046FFF7DEFD0A
:1059000018B12023636501201DE0A368D3B90020EE
:1059100003902368DA6803929B680393039B12E069
:10592000022010E002200EE002200CE001200AE03C
:10593000012008E0012006E0032004E0032002E04B
:10594000032000E00020012384F85130002384F874
:10595000503000E0022005B0BDE8F083002800F0E0
:10596000BF8038B5044690F83C3013F0FF0F04D1E7
:10597000002380F83D30FEF7DDFC022384F83C3044
:105980002268136823F0020313602268136843F04F
:1059900001031360FFF752F905460BE0FFF74EF9DC
:1059A000401B0A2806D9032084F83C00002384F811
:1059B0003D3038BD23685A6812F0010FEED05A68A6
:1059C00012F0010F7DD0A269012A04D11A6842F0B9
:1059D00080021A6003E01A6822F080021A60E3690C
:1059E000012B05D12268136843F04003136004E0E3
:1059F0002268136823F040031360236A012B05D14A
:105A00002268136843F02003136004E022681368DF
:105A100023F020031360636A012B05D12268136809
:105A200043F01003136004E02268136823F01003AE
:105A30001360A36A012B05D12268136843F00803A1
:105A4000136004E02268136823F008031360E36A1C
:105A5000012B05D12268136843F00403136004E0AE
:105A60002268136823F0040313602168A268E368C6
:105A70001A4323691A4363691A436368013B13435A
:105A8000CB612268136823F001031360FFF7D6F897
:105A900005460BE0FFF7D2F8401B0A2806D9032081
:105AA00084F83C00002384F83D3038BD23685A68F0
:105AB00012F0010FEED15B6813F0010F03D0002349
:105AC00002E0002300E001232BB100202064012329
:105AD00084F83C3038BD042384F83C30012038BDC4
:105AE000012070474B4B5A6822F440325A60596883
:105AF00042680A435A600268536823F48073536013
:105B000002685368016943EA0123536002685368DD
:105B100023F0407353600268516883680B435360FD
:105B20000268936823F40063936002689168C36815
:105B30000B439360826A384B9A4214D00268936890
:105B400023F07063936002689168836A0B439360EB
:105B50000268936823F04053936002689168C36AB7
:105B60000B43936009E00268936823F070639360CD
:105B70000268936823F0405393600268936823F0AF
:105B80000203936002689368816943EA410393606A
:105B9000036ABBB10268536843F400635360026850
:105BA000536823F460435360436A013B4FF46042FF
:105BB00092FAA2F2B2FA82F2934001684A68134361
:105BC0004B6004E00268536823F40063536002688A
:105BD000D36A23F47003D3620168CA6AC369013BC4
:105BE00042EA0353CB620268936823F40073936024
:105BF00002689368016B43EA4123936002689368EB
:105C000023F48063936002689368416943EA8123C7
:105C100093607047002301400100000F28B310B5C6
:105C20000446036C23B9436480F83C30FEF7F6F970
:105C3000236C13F0100F13D1236C23F4885323F03B
:105C4000020343F0020323642046FFF74BFF0020CA
:105C50006064236C23F0030343F00103236400E03A
:105C60000120002384F83C3010BD0120704700BFA4
:105C70000368D86C704700BF30B482B00023019332
:105C800090F83C30012B00F0B280012380F83C30CA
:105C90000B68092B17D90568EA689BB203EB43032D
:105CA0001E3B072404FA03F322EA0303EB600468B3
:105CB000E5688A680B8803EB43031E3B02FA03F393
:105CC0002B43E36013E005682A699BB203EB4303AF
:105CD000072404FA03F322EA03032B61046825690D
:105CE0008B680A8802EB420293402B4323614B6886
:105CF000062B16D805686A6B03EB8303053B1F244C
:105D000004FA03F322EA03036B630468656B4B68D0
:105D100003EB8303053B0A8802FA03F32B43636317
:105D20002EE00C2B16D805682A6B03EB8303233B6C
:105D30001F2404FA03F322EA03032B630468256B90
:105D40004B6803EB8303233B0A8802FA03F32B43DC
:105D5000236315E00568EA6A03EB8303413B1F24D4
:105D600004FA03F322EA0303EB620468E56A4B6872
:105D700003EB8303413B0A8802FA03F32B43E362FC
:105D800002681D4B9A4207D10B68122B04D11B4AA3
:105D9000536843F4800353600268174B9A4221D141
:105DA0000B68103B012B1DD8144A536843F40003C1
:105DB00053600B68102B15D1114B1B6802F1467212
:105DC00002F52E3202F28332A2FB03239B0C03EB7B
:105DD00083035A00019202E0019B013B0193019B66
:105DE000002BF9D1002380F83C30184600E0022057
:105DF00002B030BC704700BF0020014000230140CA
:105E00001401002030B405682C6824F480242C6030
:105E1000046863608368402B04D103689A60036858
:105E2000D96003E0036899600368DA6030BC7047AA
:105E30000268D3B2103B0B49A1FB03131B090A49AB
:105E4000C95CC165032B06D922F47F7222F00302DC
:105E50000432826504E022F47F7222F0030282653C
:105E6000806D7047ABAAAAAA3CFF0008836A8269CA
:105E700082B9012B08D00BB1022B2ED1C36A13F0CB
:105E8000807F2CD100207047C36AB3F1C07F28D037
:105E900000207047B2F5005F13D1032B03D8DFE871
:105EA00003F02204220A00207047C36A13F0807FA7
:105EB0001BD100207047C36AB3F1C07F17D0002008
:105EC0007047022B15D9032B01D000207047C36AFD
:105ED00013F0807F0FD10020704700207047012011
:105EE0007047012070470120704701207047012052
:105EF0007047012070470120704700BF70B504460D
:105F0000FEF79CFE002C5CD00546002384F834305C
:105F1000022384F835302268136823F001031360EC
:105F20000AE0FEF78BFE401B052805D92023636598
:105F3000032084F8350070BD23681A6812F0010F41
:105F4000EFD11A68204810406168A2681143E268E6
:105F500011432269114362691143A2691143E26945
:105F60000A43216A114340EA0102616A042903D10C
:105F7000E06A216B01430A431A602668756925F0BF
:105F80000705636A1D43042B0DD1A36A1D43E36A11
:105F90004BB12046FFF76AFF28B14023636501201B
:105FA00084F8350070BD75612046FFF741FFE26D52
:105FB0003F239340836000206065012384F83530DF
:105FC00070BD012070BD00BF3F8010F038B5856DF9
:105FD00090F83440012C31D0012480F8344090F8FE
:105FE0003540E4B2012C24D10446022084F8350067
:105FF000002060652046FFF705FFE26D3F239340D8
:10600000AB602268136843F016031360226853697B
:1060100043F080035361236C23B12268136843F07B
:10602000080313602268136843F001031360002023
:1060300038BD002380F83430022038BD022038BD3E
:1060400070B50446866DFEF7F9FD94F83530DBB285
:10605000022B06D080236365002384F834300120AE
:1060600070BD05462268136823F01603136022688A
:10607000536923F080035361236C0BB9A36C23B1E4
:106080002268136823F0080313602268136823F062
:10609000010313600DE0FEF7D1FD401B052808D970
:1060A00020236365002384F83430032084F835000E
:1060B00070BD23681B6813F0010FECD1E26D3F2324
:1060C0009340B360002084F83400012384F8353015
:1060D00070BD00BF90F83530DBB2022B03D08023B7
:1060E000436501207047052380F835300268136846
:1060F00023F0010313600020704700BFF0B583B0A8
:10610000044600230193714B1B68714DA5FB0335B9
:10611000AD0A876D3E68C26D082393401E4210D0C1
:1061200003681A6812F0040F0BD01A6822F00402F8
:106130001A60C26D08239340BB60436D43F00103B6
:106140004365E26D634B93401E4209D02268526959
:1061500012F0800F04D0BB60636D43F002036365EF
:10616000E26D5D4B93401E4209D02268126812F026
:10617000020F04D0BB60636D43F004036365E26DFE
:10618000102393401E4224D02268126812F0080F98
:106190001FD0BB6023681A6812F4802F0DD01B68D3
:1061A00013F4002F04D1236C9BB12046984710E0D4
:1061B000A36C73B1204698470BE01A6812F4807FF5
:1061C00003D11A6822F008021A60236C0BB1204632
:1061D0009847E26D202393401E4252D022681268F5
:1061E00012F0100F4DD0BB6094F83530DBB2052BA8
:1061F00022D12268136823F01603136022685369C2
:1062000023F080035361236C0BB9A36C23B1226884
:10621000136823F008031360E26D3F239340BB60D3
:10622000002384F83430012384F83530236D002BAB
:1062300049D02046984746E023681A6812F4802F18
:106240000DD01B6813F4002F04D1636CCBB1204632
:10625000984716E0E36BA3B12046984711E01A680F
:1062600012F4807F09D11A6822F010021A6000230C
:1062700084F83430012384F83530E36B0BB12046C9
:106280009847636DFBB1636D13F0010F17D00523C1
:1062900084F835302268136823F001031360019BF2
:1062A000013301939D4204D323681B6813F0010F4F
:1062B000F5D1002384F83430012384F83530E36CC1
:1062C0000BB12046984703B0F0BD00BF1401002079
:1062D000B5814E1B0100800004008000074AD3688E
:1062E00023F4E0631B041B0C000200F4E06018437D
:1062F00040F0BF6040F40030D060704700ED00E037
:1063000030B4164BDB68C3F30223C3F10704042C3B
:1063100028BF04241D1D062D01D9DD1E00E0002527
:10632000012303FA04F4013C2140A940AB40013BA6
:106330001A400A43002806DA00F00F001201D2B218
:10634000074B1A5407E01201D2B200F1604000F589
:10635000614080F8002330BC704700BF00ED00E0D2
:1063600014ED00E0420900F01F00012303FA00F0E1
:10637000014B43F82200704700E100E0430900F0C0
:106380001F00012202FA00F02033024A42F82300E3
:10639000704700BF00E100E00138B0F1807F0AD211
:1063A000064B5860F021064A82F8231000209860BE
:1063B00007221A6070470120704700BF10E000E01C
:1063C00000ED00E0042805D1054A136843F00403FA
:1063D00013607047024A136823F004031360704788
:1063E00010E000E070B4036A23F001030362036A63
:1063F0004268846924F073040D6844EA050623F0BA
:1064000002048B6823430F4DA84204D00E4CA042D7
:1064100003D1012402E0012400E000245CB123F058
:106420000803CD682B4323F0040322F440724D6926
:1064300015438A692A43426086614A68426303625F
:1064400070BC7047000001400004014030B4036A92
:1064500023F480730362036A4268C46924F07304FE
:106460000D682C4323F400738D6843EA0523114D16
:10647000A84205D005F58065A84203D1012502E0B8
:10648000012500E0002575B123F40063CD6843EADF
:10649000052323F4806322F440524D6942EA051239
:1064A0008D6942EA05124260C4614A68C2630362B0
:1064B00030BC70470000014030B4036A23F48053BD
:1064C0000362036A4468C26922F4E6420D6842EA44
:1064D000052223F400538D6843EA05330C4DA8428E
:1064E00005D005F58065A84203D1012502E001250C
:1064F00000E0002525B124F480444D6944EA851468
:106500004460C2614A680264036230BC704700BFE5
:106510000000014010B4036A046A24F0010404621C
:10652000846924F0F00444EA021223F00A031943B8
:10653000826101625DF8044B704700BF10B4036ACA
:1065400023F0100303628469036A24F4704444EA6C
:10655000023223F0A00343EA0111826101625DF877
:10656000044B7047836823F0700341F007010B432D
:106570008360704710B4846824F47F4442EA0323A4
:10658000194344EA010383605DF8044B704700BF80
:106590000268D36843F00103D3600268136843F0D4
:1065A0000103136000207047704700BF90F8383037
:1065B000012B00F0838010B50446012380F83830A9
:1065C000022380F839300268936823F47F4323F074
:1065D000770393600B68402B4CD00AD8102B58D00F
:1065E00002D8002B50D062E0202B57D0302B5AD04D
:1065F0005DE0702B12D004D8502B27D0602B2FD009
:1066000055E0B3F5805F03D0B3F5005F12D04EE0E4
:106610000268936823F00703936048E0CB684A68F8
:1066200089680068FFF7A6FF2268936843F0770344
:1066300093603CE0CB684A6889680068FFF79AFF7E
:106640002268936843F48043936030E0CA684968E5
:106650000068FFF75FFF50212068FFF783FF26E007
:10666000CA6849680068FFF769FF60212068FFF782
:1066700079FF1CE0CA6849680068FFF74BFF4021BA
:106680002068FFF76FFF12E000210068FFF76AFF44
:106690000DE010210068FFF765FF08E02021006889
:1066A000FFF760FF03E030210068FFF75BFF012385
:1066B00084F83930002084F8380010BD022070477B
:1066C000704700BF704700BF704700BF704700BFF2
:1066D00010B5044603681A6912F0020F17D0DA6881
:1066E00012F0020F13D06FF002021A610123037639
:1066F00003689B6913F0030F02D0FFF7E3FF04E088
:10670000FFF7DEFF2046FFF7DFFF00232376236835
:106710001A6912F0040F19D0DA6812F0040F15D0BC
:106720006FF004021A610223237623689B6913F435
:10673000407F03D02046FFF7C5FF05E02046FFF766
:10674000BFFF2046FFF7C0FF0023237623681A69A6
:1067500012F0080F19D0DA6812F0080F15D06FF098
:1067600008021A61042323762368DB6913F0030F00
:1067700003D02046FFF7A6FF05E02046FFF7A0FF65
:106780002046FFF7A1FF0023237623681A6912F041
:10679000100F19D0DA6812F0100F15D06FF0100238
:1067A0001A61082323762368DB6913F4407F03D042
:1067B0002046FFF787FF05E02046FFF781FF2046D0
:1067C000FFF782FF0023237623681A6912F0010F76
:1067D00009D0DA6812F0010F05D06FF001021A61DA
:1067E0002046FDF78DFA23681A6912F0800F09D050
:1067F000DA6812F0800F05D06FF080021A6120462F
:10680000FEF710FE23681A6912F0400F09D0DA680B
:1068100012F0400F05D06FF040021A612046FFF7DA
:1068200055FF23681A6912F0200F09D0DA6812F0B8
:10683000200F05D06FF020021A612046FEF7F0FD10
:1068400010BD00BF0368454A904214D0B0F1804F9C
:1068500013D0A2F57C42904211D002F580629042A2
:106860000FD002F5806290420DD002F5784290423E
:106870000BD101220AE0012208E0012206E00122F8
:1068800004E0012202E0012200E000221AB123F01C
:1068900070034A681343314A90422CD0B0F1804FC4
:1068A0002BD0A2F57C42904229D002F58062904222
:1068B00027D002F58062904225D002F578429042BE
:1068C00023D002F57052904221D002F580629042AE
:1068D0001FD002F5806290421DD0A2F598329042FE
:1068E0001BD002F58062904219D002F5806290427E
:1068F00017D1012216E0012214E0012212E0012248
:1069000010E001220EE001220CE001220AE0012247
:1069100008E0012206E0012204E0012202E0012257
:1069200000E000221AB123F44073CA6813430360E5
:106930008B68C3620B688362084B984205D003F5ED
:106940008063984203D1012302E0012300E0002389
:106950000BB10B69036301234361704700000140E1
:10696000B8B110B5044690F8393013F0FF0F04D1D8
:10697000002380F83830FCF7C3FE022384F8393056
:10698000211D2068FFF75EFF012384F839300020C5
:1069900010BD0120704700BFB8B110B5044690F893
:1069A000393013F0FF0F04D1002380F83830FFF79F
:1069B000FBFD022384F83930211D2068FFF742FFD8
:1069C000012384F83930002010BD0120704700BF3A
:1069D000B8B110B5044690F8393013F0FF0F04D168
:1069E000002380F83830FCF7A3FE022384F8393006
:1069F000211D2068FFF726FF012384F8393000208D
:106A000010BD0120704700BF002848D0F8B50546EA
:106A10000C4690F8393013F0FF0F04D1002380F8B2
:106A20003830FCF7B5FE022385F83930294651F895
:106A3000042B936823F0070393602868FFF702FF95
:106A4000296888688B690F6A2268104323F44073B1
:106A500023F00303A268A66942EA0622134323F443
:106A60007C4323F0FC03E668E26946EA02263343EE
:106A7000226A1203266942EA0612134327F0AA0784
:106A80006668626946EA02123A43886029688B6147
:106A90002B681A62012385F839300020F8BD0120E7
:106AA000704700BF30B4036A23F010030362036A27
:106AB0004468826922F4E6420D6842EA052223F026
:106AC00020038D6843EA0513114DA84205D005F552
:106AD0008065A84203D1012502E0012500E00025E0
:106AE00075B123F08003CD6843EA051323F040031A
:106AF00024F440644D6944EA85048D6944EA8504C0
:106B0000446082614A688263036230BC704700BFA0
:106B10000000014090F83830012B28D010B5044611
:106B2000012380F83830022380F839300C2A17D836
:106B3000DFE802F0071616160B1616160F161616B5
:106B400013000068FFF74EFC0AE00068FFF7AAFF99
:106B500006E00068FFF77AFC02E00068FFF7ACFC93
:106B6000012384F83930002084F8380010BD022059
:106B7000704700BF38B590F83830012B66D00D460D
:106B80000446012380F83830022380F839300C2A7B
:106B900055D8DFE802F0075454541A5454542E5474
:106BA000545441000068FFF71DFC2268936943F0CC
:106BB000080393612268936923F0040393612268B8
:106BC00091692B690B43936139E00068FFF76AFF15
:106BD0002268936943F4006393612268936923F404
:106BE0008063936122689369296943EA0123936171
:106BF00025E00068FFF72AFC2268D36943F0080308
:106C0000D3612268D36923F00403D3612268D16978
:106C10002B690B43D36112E00068FFF74DFC22683B
:106C2000D36943F40063D3612268D36923F480639A
:106C3000D3612268D369296943EA0123D36101231F
:106C400084F83930002084F8380038BD022038BD7F
:106C500010B4012303FA01F4036A23EA0403036274
:106C6000036A8A401A4302625DF8044B704700BF12
:106C700010B5044601220068FFF7EAFF23680C4ABA
:106C8000934205D002F58062934203D1012202E0D3
:106C9000012200E000221AB15A6C42F400425A6408
:106CA0002268136843F001031360002010BD00BF89
:106CB0000000014010B504460C291FD8DFE801F0A0
:106CC000071E1E1E0D1E1E1E131E1E1E190002680C
:106CD000D36843F00203D36010E00268D36843F046
:106CE0000403D3600AE00268D36843F00803D3606A
:106CF00004E00268D36843F01003D36001222068E7
:106D0000FFF7A6FF23680C4A934205D002F5806284
:106D1000934203D1012202E0012200E000221AB1D5
:106D20005A6C42F400425A642268136843F001032B
:106D30001360002010BD00BF0000014010B50446E4
:106D400011B1042906D00BE0012200210068FFF7F1
:106D50007FFF0FE0012204210068FFF779FF09E0BF
:106D6000012200210068FFF773FF0122042120683F
:106D7000FFF76EFF2268136843F0010313600020E1
:106D800010BD00BFF0B583B00024CDE00123A340C7
:106D90000A6803EA0205AB4240F0C5804A68022A4D
:106DA00001D0122A10D1E608083650F826C004F0A7
:106DB000070297000F22BA402CEA020E0A69BA4075
:106DC0004EEA020240F82620026867000326BE4011
:106DD000F64302EA060E4A6802F00302BA404EEA9F
:106DE000020202604A6802F1FF3EBEF1010F03D9C0
:106DF000112A01D0122A10D1826806EA020ECA684E
:106E0000BA404EEA02028260426822EA03034A68FC
:106E1000C2F30012A2401A434260C3681E408B684E
:106E2000BB403343C3604B6813F0805F7BD00023CB
:106E30000193404B5A6C42F480425A645B6C03F4F9
:106E400080430193019BA608B21C3B4B53F8227070
:106E500004F003039B000F229A4027EA0207374AF7
:106E600090421DD002F5806290421BD002F58062F4
:106E7000904219D002F58062904217D002F58062EC
:106E8000904215D002F58062904213D002F58062E4
:106E9000904211D002F5806290420FD107220EE09D
:106EA00000220CE001220AE0022208E0032206E0B0
:106EB000042204E0052202E0062200E0082202FA91
:106EC00003F33B4302361C4A42F826301C4B1A6837
:106ED000EB4302EA03064F6817F4803F01D045EA0E
:106EE0000206174A1660526803EA02064F6817F452
:106EF000003F01D045EA0206114A5660926803EA53
:106F000002064F6817F4801F01D045EA02060C4ABA
:106F10009660D26813404E6816F4001F01D045EA0F
:106F20000203074AD36001340F2C7FF62FAF03B062
:106F3000F0BD00BF003802400038014000000240B0
:106F4000003C01400369194201D001207047002034
:106F5000704700BF0AB181617047090481617047C1
:106F600008B5044B5B69034203D0024B5861FCF740
:106F7000BFFE08BD003C014082B0002301930368BE
:106F80006FF004021A600139032912D8DFE801F01A
:106F90000E0A060203689B6C01930AE003685B6CAF
:106FA000019306E003681B6C019302E00368DB6B4E
:106FB0000193019802B0704790F83C30012B00F02B
:106FC000F18030B4012380F83C300B68092B17D9CD
:106FD0000568EA689BB203EB43031E3B072404FAEF
:106FE00003F322EA0303EB600468E5688A680B8810
:106FF00003EB43031E3B02FA03F32B43E36013E06E
:1070000005682A699BB203EB4303072404FA03F3E0
:1070100022EA03032B61046825698B680A8802EB66
:10702000420293402B4323610268936B23F4401385
:1070300093630468A26B0B69013B42EA0353A363A9
:107040000568AC6B4A680B69D31A0333DBB203EBF8
:1070500083031F2202FA03F324EA0303AB630468E9
:10706000A56B4A680B69D31A0333DBB203EB8303C6
:107070000A8802FA03F32B43A363CA694B4B9A4273
:1070800014D00268936823F47023936002689468B4
:10709000CB69234393600268936823F440139360A1
:1070A000026894680B6A2343936009E0026893685E
:1070B00023F4702393600268936823F44013936071
:1070C0008B692BB10268536843F48063536004E01A
:1070D0000268536823F4806353604B692BB10268E4
:1070E000536843F48053536004E00268536823F408
:1070F000805353604B68022B10D0032B1BD0012B05
:1071000026D10268536923F47F6323F00F03536190
:1071100002685469CB682343536125E00268936990
:1071200023F47F6323F00F03936102689469CB68B3
:107130002343936118E00268D36923F47F6323F04B
:107140000F03D3610268D469CB682343D3610BE09A
:107150000268136A23F47F6323F00F03136202684B
:10716000146ACB68234313620268114B9A4207D119
:107170000B68122B04D10F4A536843F48003536009
:1071800002680B4B9A4208D10B68103B012B04D8C4
:10719000084A536843F400035360002380F83C30EE
:1071A000184601E00220704730BC704701000F0014
:1071B00000200140002301402DE9F04383B0074641
:1071C0000D46D0F80080CA00521A93000344DE6CCA
:1071D0001A6DB61A1B6C9E4200D91E4606F10309B1
:1071E0004FEA99091EE09E1AC5EBC50293003B4485
:1071F0001B6C9E4200D91E4606F103094FEA99090D
:10720000EB005B1B9C003C44616C3B7C0093B3B285
:10721000EAB2404601F0ECFC636C33446364236DD6
:1072200033442365414608EB451303F510639B691E
:107230009BB2994509D2EA00521B93003B441A6D58
:10724000DB6C9A4201D2002BCDD146B9012303FA5F
:1072500005F5D1F8343823EA0505C1F83458002083
:1072600003B0BDE8F08300BF00286AD0F0B58BB052
:107270000446032380F8B933FDF74AF9206801F08A
:1072800005F9254655F8107B6E460FCD0FC60FCD7C
:107290000FC695E8030086E80300231D0ECB384691
:1072A00001F0B2F80021206801F0F6F8002210E0A9
:1072B000D100891A8B002344012183F8391083F807
:1072C0003820DA87002183F83B1019645964D964A7
:1072D00001320E2AECD9002218E0D100891A8B0065
:1072E0002344002183F8F91183F8F821DA8783F821
:1072F000FB11C3F80012C3F80412C3F80C12236880
:1073000002F1400003EB8003596001320E2AE4D9F8
:10731000254655F8107B6E460FCD0FC60FCD0FC614
:1073200095E8030086E80300231D0ECB384601F0E4
:10733000C9F8012384F8B933206801F003FD002067
:1073400001E0012070470BB0F0BD00BF90F8B833EA
:10735000012B0ED010B50446012380F8B833006825
:1073600001F0E4FC206801F08BF8002084F8B803F9
:1073700010BD0220704700BF2DE9F04704460668A3
:10738000304601F01BFD002840F09382206801F098
:10739000E5FC002800F08D82206801F0DFFC10F091
:1073A000020F04D02268536903F00203536120687E
:1073B00001F0D4FC10F4002F5CD0206801F0D2FC66
:1073C0000746002553E017F0010F4ED05FFA85F90C
:1073D0004946206801F0D6FC804610F0010F31D0FC
:1073E00006EB45130122C3F8082B03F5306322692D
:1073F000012A12D1E900491B8A002244D2F8001266
:107400001B69C3F31203C91AC2F81012D2F804128E
:10741000D2F800320B44C2F8043249462046FDF748
:10742000B3F82369012B0DD165B9C5EBC5029300F3
:107430002344D3F80C322BB904F56F720121206874
:1074400001F0DCFC18F0080F07D02046FDF794F897
:1074500006EB45130822C3F8082B18F0100F04D0D0
:1074600006EB45131022C3F8082B01357F08002FC7
:10747000A9D100E00025206801F070FC10F4802FF5
:1074800069D0206801F076FC0746002561E017F01E
:10749000010F5CD05FFA85F94946206801F07CFC59
:1074A000804610F0010F2BD0012202FA05F0D6F829
:1074B000343823EA0003C6F8343806EB4513C3F822
:1074C00008292369934207D1EA00521B9300234401
:1074D000596C1A6C0A445A6449462046FDF760F814
:1074E0002369012B0CD15DB9C5EBC5029300234480
:1074F000DB6C2BB904F56F720121206801F07EFC72
:1075000018F0080F04D006EB45130822C3F8082929
:1075100018F0100F04D006EB45131022C3F8082909
:1075200018F0400F04D006EB45134022C3F8082999
:1075300018F0020F04D006EB45130222C3F8082905
:1075400018F0800F03D029462046FFF735FE01359D
:107550007F08002F9BD1206801F000FC00280DDA85
:10756000D6F8043823F00103C6F804382046FDF7A6
:1075700051F82268536903F000435361206801F019
:10758000EDFB10F4006F0CD0D6F8083813F0010FA3
:1075900002D02046FDF726F82268536903F4006301
:1075A0005361206801F0DAFB10F4805F4FD037465A
:1075B00006F50068D8F8043023F00103C8F8043059
:1075C0001021206801F024F8002207E007EB4213A5
:1075D000FF21C3F80819C3F8081B013263689A42F7
:1075E000F4D34FF0FF33C8F81830D8F81C3043F00C
:1075F0000113C8F81C30236B63B1D8F8843043F012
:107600000B03C8F88430D8F8443043F00B03C8F8B3
:1076100044300BE0D8F8143043F00B03C8F81430B2
:10762000D8F8103043F00B03C8F81030D6F8003803
:1076300023F4FE63C6F8003804F56F72217C2068DD
:1076400001F0DCFB2268536903F480535361206826
:1076500001F084FB10F4005F00F09380206801F0DB
:10766000B1FB2268D36823F47053D360206800F024
:10767000FDFF50B90023E3604FF40073636122689B
:10768000D36843F41053D36073E00323E3604023D3
:107690006361FDF7F9FD884B0344884A934205D89E
:1076A0002268D36843F47053D36062E0844B034490
:1076B000844A934205D82268D36843F46053D36068
:1076C00057E0A0F57403A3F510537F4A934205D801
:1076D0002268D36843F45053D3604AE0A0F1837327
:1076E000A3F5E743794A934205D82268D36843F467
:1076F0004053D3603DE0764B0344764A934205D82D
:107700002268D36843F43053D36032E0724B0344B1
:10771000724A934205D82268D36843F42053D36059
:1077200027E06F4B03446F4A934205D82268D36821
:1077300043F41053D3601CE0A0F1B773A3F5585382
:10774000694A934205D82268D36843F40053D36052
:107750000FE0664B0344664A934205D82268D3681B
:1077600043F4E053D36004E02268D36843F4C05389
:10777000D3602046FCF726FF2268536903F40053C8
:107780005361206801F0EAFA10F0100F45D022682A
:10779000936923F010039361376A07F00F08C7F36A
:1077A0004343022B1FD147F6F0731F4230D03F09ED
:1077B0004FEAC80AC8EB0A034FEA8309A144C7F39A
:1077C0000A02D9F80412304601F028FAC7F30A0772
:1077D000D9F804323B44C9F80432D9F810321F44B6
:1077E000C9F8107214E0062B12D1082204F56F714B
:1077F000304601F013FAC7F30A174FEAC803C8EB83
:1078000003018A002244D2F810323B44C2F81032FD
:107810002268936943F010039361206801F09EFA97
:1078200010F0080F07D02046FCF7C6FE2268536907
:1078300003F008035361206801F090FA10F4801FF0
:1078400008D0E9B22046FCF7F1FE2268536903F440
:1078500080135361206801F081FA10F4001F08D0F2
:10786000E9B22046FCF7DCFE2268536903F40013FA
:107870005361206801F072FA10F0804F07D0204663
:10788000FCF7DAFE2268536903F0804353612068F5
:1078900001F064FA10F0040F0BD023685D6815F056
:1078A000040F02D02046FCF7CDFE226853682B431C
:1078B0005360BDE8F08700BF405327FFFF340C0042
:1078C000401E1BFF3F420F007F4F12001FD61300C8
:1078D00060B6E5FE5FE3160000D3CEFE3F771B00E7
:1078E000C05BB3FEBF9121001F753800E05459FE04
:1078F000DF9C410090F8B833012B0BD010B5044643
:10790000012380F8B833006801F000FA002084F801
:10791000B80310BD0220704770B54DB2002D07DAD4
:1079200001F07F06C6EBC606B4003834044407E015
:1079300001F07F06C6EBC606B40004F5FC740444EF
:1079400001F07F012170ED0F6570A260E37005B159
:10795000E180022B01D10023237190F8B833012B71
:107960000BD00546012380F8B8332146006800F0AB
:107970009DFE002085F8B80370BD022070BD00BFD9
:1079800010B54AB2002A07DA01F07F04C4EBC40440
:10799000A3003833034407E001F07F04C4EBC404C0
:1079A000A30003F5FC73034401F07F011970D20FAB
:1079B0005A7090F8B823012A0BD00446012280F8AF
:1079C000B8231946006800F0BDFE002084F8B80313
:1079D00010BD022010BD00BF70B501F07F06F5009C
:1079E000A91B8C0004F5FC740119AD1BAC00044408
:1079F000C4F80422C4F80C320023C4F8103284F80E
:107A0000F93184F8F8610369012B05D1C6EBC6058D
:107A1000AC000444C4F8082226B9DAB2006801F0C8
:107A200037F803E0DAB2006800F006FF002070BD0E
:107A300001F00F01C1EBC1018B001844B0F8100236
:107A4000704700BF70B501F07F06F500A91B8C00E0
:107A500038340119AD1BAC0004446264E3640023B4
:107A60002365012384F8393084F838600369012BD9
:107A700004D1C6EBC605AC000444A26426B9DAB250
:107A8000006801F005F803E0DAB2006800F0D4FE07
:107A9000002070BD38B54AB2002A07DA01F07F0431
:107AA000C4EBC404A3003833034405E0C1EBC104B4
:107AB000A30003F5FC73034401249C7001F07F04D0
:107AC0001C70D20F5A7090F8B823012A12D00546C4
:107AD000012280F8B8231946006801F0B1F82CB9EA
:107AE00005F56F72297C286801F088F9002085F877
:107AF000B80338BD022038BD10B54AB2002A07DAF3
:107B000001F07F04C4EBC404A3003833034405E050
:107B1000C1EBC104A30003F5FC73034400249C7073
:107B200001F07F011970D20F5A7090F8B823012A22
:107B30000BD00446012280F8B8231946006801F0F2
:107B4000B1F8002084F8B80310BD022010BD00BFBA
:107B500030B40468636A19B943EA0240A06218E0CD
:107B60000D46A06A03EB1040002308E003F140013A
:107B700004EB8101496800EB11400133DBB2691E5F
:107B80008B42F3DB40EA024005F13F0104EB810147
:107B90004860002030BC704703685962002070477D
:107BA0000268D36823F0C003D360202380F8393003
:107BB000704700BF0268D36823F49073D3600268F3
:107BC000536923F001035361202380F83A30704752
:107BD00090F83930DBB2212B2BD18368B3F5805F6D
:107BE0000FD1036A02681B88C3F30803536003695B
:107BF0001BB9036A0233036209E0036A01330362BB
:107C000005E00268036A591C01621B785360C38C4B
:107C10009BB2013B9BB2C3846BB90268D36823F06B
:107C20008003D3600268D36843F04003D360002030
:107C30007047022070470020704700BF2DE9F843CD
:107C4000044601680B6923F44052C36813430B6177
:107C50000068C36823F4164222F00C02A16823696D
:107C6000194363691943E3690B431343C3602168F4
:107C70004B6923F44072A36913434B61E369B3F585
:107C8000004F40F0BB80276803F1804303F51043A9
:107C90009F4203D003F580639F4257D1FDF712FB4B
:107CA00000EB800000EB800065686D00B0FBF5F52F
:107CB000AB4EA6FB05356D092D01FDF703FB00EB6F
:107CC000800000EB800063685B00B0FBF3F9FDF718
:107CD000F9FA00EB800000EB800063685B00B0FB0A
:107CE000F3F3A6FB03235B094FF0640808FB13932F
:107CF000DB003233A6FB03235B095B0003F4F8735C
:107D00001D44FDF7DFFA00EB800000EB80006368A4
:107D10005B00B0FBF3F9FDF7D5FA00EB800000EB58
:107D2000800063685B00B0FBF3F3A6FB03235B09F1
:107D300008FB13984FEAC80808F13208A6FB08367A
:107D4000C6F342163544BD60BDE8F883FDF7A2FADC
:107D500000EB800000EB800065686D00B0FBF5F57E
:107D60007F4EA6FB05356D092D01FDF793FA00EB5B
:107D7000800000EB800063685B00B0FBF3F9FDF767
:107D800089FA00EB800000EB800063685B00B0FBC9
:107D9000F3F3A6FB03235B094FF0640808FB13937E
:107DA000DB003233A6FB03235B095B0003F4F873AB
:107DB0001D44FDF76FFA00EB800000EB8000636864
:107DC0005B00B0FBF3F9FDF765FA00EB800000EB18
:107DD000800063685B00B0FBF3F3A6FB03235B0941
:107DE00008FB13984FEAC80808F13208A6FB0836CA
:107DF000C6F342163544BD60BDE8F8832668594B8A
:107E00009E4203D003F580639E4254D1FDF75AFA97
:107E100000EB800000EB80006568AD00B0FBF5F57D
:107E20004F4FA7FB05356D092D01FDF74BFA00EB10
:107E3000800000EB800063689B00B0FBF3F8FDF767
:107E400041FA00EB800000EB800063689B00B0FB10
:107E5000F3F3A7FB03235B094FF0640909FB1383CA
:107E60001B013233A7FB03235B0903F0F0031D441E
:107E7000FDF728FA00EB800000EB800063689B00B0
:107E8000B0FBF3F8FDF71EFA00EB800000EB80007A
:107E900063689B00B0FBF3F3A7FB03235B0909FBBB
:107EA00013831B013233A7FB0323C3F343131D4486
:107EB000B560BDE8F883FDF7EDF900EB800000EB5D
:107EC00080006568AD00B0FBF5F5254FA7FB0535D3
:107ED0006D092D01FDF7DEF900EB800000EB80005D
:107EE00063689B00B0FBF3F8FDF7D4F900EB80006A
:107EF00000EB800063689B00B0FBF3F3A7FB032358
:107F00005B094FF0640909FB13831B013233A7FBA4
:107F100003235B0903F0F0031D44FDF7BBF900EBFD
:107F2000800000EB800063689B00B0FBF3F8FDF776
:107F3000B1F900EB800000EB800063689B00B0FBB0
:107F4000F3F3A7FB03235B0909FB13831B01323304
:107F5000A7FB0323C3F343131D44B560BDE8F883B7
:107F60001F85EB510010014068B310B5044690F82E
:107F7000393013F0FF0F04D1002380F83830FCF7BC
:107F800021FA242384F839302268D36823F400537B
:107F9000D3602046FFF752FE2268136923F4904312
:107FA00013612268536923F02A0353612268D3685E
:107FB00043F40053D3600020E063202384F8393079
:107FC00084F83A3010BD0120704700BF38B590F8F2
:107FD0003940E4B2202C31D1002931D0002A31D0EF
:107FE00090F83830012B2FD013460446012280F838
:107FF000382001628384C3840025C563212280F870
:108000003920026B1148D063226B11481064226B37
:108010001048D064226B156522680432206BFDF78E
:10802000D5FF23686FF040021A6084F83850226848
:10803000536943F080035361284638BD022038BDA0
:10804000012038BD012038BD022038BD458100081F
:10805000958100088D82000830B583B090F83A40D1
:10806000E4B2202C3DD100293DD0002A3DD090F82B
:108070003830012B3BD013460A460446012180F8D4
:108080003810826283850025C563222180F83A106A
:10809000416B1848C863616B17480864616B1748E7
:1080A000C864616B0D6521680431606BFDF78EFF5C
:1080B000019523681A6801925A680192019A84F81E
:1080C0003850DA6842F48072DA602268536943F00B
:1080D000010353612268536943F04003536128460A
:1080E00006E0022004E0012002E0012000E002207E
:1080F00003B030BDA58100087D8200088D82000894
:1081000010B504460268D36823F49073D360026804
:10811000536923F00103536103685A6912F0400F59
:108120000AD05A6922F040025A61436B23B10022FF
:108130001A65406BFDF784FF0020E085202384F85A
:108140003A3010BD08B5836B0268126812F4807F64
:108150000CD10022DA8419684A6922F080024A614F
:108160001A68D36843F04003D36008BD184600F096
:1081700013FF08BD08B50168CB6823F04003CB604E
:10818000202380F8393000F007FF002008BD00BF31
:10819000704700BF08B5806BFFF7FAFF08BD00BF4E
:1081A000704700BF08B5836B0268126812F4807FC5
:1081B00013D10022DA851968CA6822F48072CA6075
:1081C00019684A6922F001024A6119684A6922F075
:1081D00040024A61202283F83A201846FFF7E0FF68
:1081E00008BD00BF08B590F83A30DBB2222B3FD172
:1081F0008368B3F5805F13D1826A036943B903686A
:108200005B68C3F308031380836A0233836218E058
:1082100003685B68DBB21380836A0133836210E01A
:10822000036933B9836A5A1C8262026852681A7001
:1082300007E0826A531C836203685B6803F07F0374
:108240001370C38D9BB2013B9BB2C38593B9026887
:10825000D36823F49073D3600268536923F0010359
:108260005361202380F83A30FFF79AFF002008BDC1
:10827000022008BD002008BD704700BF08B5806B14
:10828000FFF7FAFF08BD00BF704700BF10B5846B51
:1082900023685B6903F0800294F83930DBB2212B4C
:1082A00005D122B10023E3842046FFF779FC23683F
:1082B0005B6903F0400294F83A30DBB2222B05D11F
:1082C00022B10023E3852046FFF774FCE36B43F003
:1082D0001003E3632046FFF7D7FF10BD10B5044637
:1082E00002681368D168526913F00F0009D113F0C6
:1082F000200F06D011F0200F03D02046FFF772FFA9
:1083000010BD002862D012F0010202D111F4907F5A
:108310005CD013F0010F06D011F4807F03D0E06B26
:1083200040F00100E06313F0040F04D01AB1E06BD9
:1083300040F00200E06313F0020F04D01AB1E06BCA
:1083400040F00400E06313F0080F04D01AB1E26BB0
:1083500042F00802E263E26B002A4AD013F0200FD9
:1083600005D011F0200F02D02046FFF73BFF236815
:108370005B6903F04003E26B12F0080F00D1FBB120
:108380002046FFF717FC23685A6912F0400F13D0FC
:108390005A6922F040025A61636B4BB1154A1A6563
:1083A000606BFDF797FE20B3606B036D984710BDBF
:1083B0002046FFF769FF10BD2046FFF765FF10BD9F
:1083C0002046FFF761FF0023E36310BD13F0800F29
:1083D00006D011F0800F03D02046FFF7F9FB10BD47
:1083E00013F0400F05D011F0400F02D02046FFF7E8
:1083F000C1FE10BDF983000808B5806B0023C3855A
:10840000C384FFF741FF08BD84B010B5044603A83C
:1084100080E80E00089B012B18D1A36B23F4803356
:10842000A363E36823F4840323F04003E360E36879
:1084300023F44013E3600F9B012B03D1E36843F463
:108440008013E360204600F0FBFC09E0E36843F0A2
:108450004003E360204600F0F3FC4FF48033A36355
:10846000069B012B07D1A36843F00603A360A36812
:1084700043F02003A3600020BDE8104004B0704723
:10848000836843F00103836000207047836823F012
:10849000010383600020704708B5C36823F0C04320
:1084A000C360012904D1C36843F00053C36004E0F2
:1084B00019B9C36843F08043C3603220FCF7C4FBA2
:1084C000002008BD84B0F8B5054607A880E80E0076
:1084D000119F27B9AB6B43F40013AB6303E0AB6BA5
:1084E00043F40023AB632C460023C5F8003E05F59A
:1084F0000066D5F80038C5F800380C9B012B0BD16D
:10850000099B23B90021284600F0A8F808E00121C2
:10851000284600F0A3F803E00321284600F09EF867
:108520001021284600F074F8284600F085F8002352
:10853000336173614FF0FF32B261F36114E004EB19
:10854000431202F51061D2F80009002804DA4FF056
:108550009040C2F8000902E00020C2F800090022A1
:108560000A61FF228A60013307998B42E7D3002317
:1085700016E004EB431202F53060D2F800EBBEF1D6
:10858000000F04DA4FF0904EC2F800EB03E04FF01A
:10859000000EC2F800EB00220261FF22826001336C
:1085A0008B42E6D3336923F4807333610A9B012B3A
:1085B00008D1154A3263326B42F4803242F0030232
:1085C0003263326B0022AA616FF080426A611BB98C
:1085D000AB6943F01003AB61AA690C4B1343AB6169
:1085E0000D9B1BB1AB6943F00803AB61012F05D1B3
:1085F000AB6943F0804343F00403AB610020BDE866
:10860000F84004B0704700BF0001800000383C8093
:10861000890141F02001016100230133054A9342A1
:1086200005D8026912F0200FF7D10020704703200F
:10863000704700BF400D0300102303610023013386
:10864000054A934205D8026912F0100FF7D10020B5
:1086500070470320704700BF400D0300D0F800387A
:108660001943C0F800180020704700BFD0F8083840
:1086700000F5006013F0060F10D0836803F00603C6
:10868000022B0DD0836803F00603062B0AD0836803
:1086900003F00603042B07D000207047002070472A
:1086A00003207047032070470220704730B44B7896
:1086B000012B23D1D0F81C480B78012202FA03F3D6
:1086C0009BB22343C0F81C380D7800EB4510D0F85E
:1086D000003913F4004F31D1D0F800398A68C2F361
:1086E0000A04CA7844EA824242EA8552134343F0BC
:1086F000805343F40043C0F800391FE0D0F81C2831
:108700000D780123AB4042EA0343C0F81C380B78D4
:1087100000EB4310D0F8003B13F4004F0ED1D0F81B
:10872000003B8A68C2F30A02C97842EA81421343D5
:1087300043F0805343F40043C0F8003B002030BCBA
:10874000704700BF38B54B78012B37D10B78044602
:1087500000EB4313D3F8002922F40042C3F80029A8
:108760000B7800EB43134FF00062C3F800290B783D
:1087700000EB43134FF08042C3F80029002201327E
:108780002C4B9A4251D80B7804EB431303F510633A
:108790009B6813F0804FF2D10D4604461021FFF77D
:1087A00037FFD4F81C182B78012202FA03F39BB28E
:1087B00021EA0303C4F81C38002038BD0B780446B6
:1087C00000EB4313D3F8002B22F40042C3F8002B34
:1087D0000B7800EB43134FF00062C3F8002B0B78CB
:1087E00000EB43134FF08042C3F8002B002201320C
:1087F000104B9A421BD80B7804EB431303F53063FC
:108800009B6813F0100FF2D1D0F8043843F4806362
:10881000C0F80438D0F81C28097801238B4022EADC
:108820000343C0F81C38002038BD032038BD0320A6
:1088300038BD00BF400D030070B582B04B78012BEE
:1088400040F0AB804B69EBB90B7800EB4313D3F8E6
:10885000104924F0FF5424F4C014C3F810490B78D5
:1088600000EB4313D3F8104944F40024C3F8104933
:108870000B7800EB4313D3F81049E40CE404C3F87D
:10888000104944E00B7800EB4313D3F81049E40C93
:10889000E404C3F810490B7800EB4313D3F81049F4
:1088A00024F0FF5424F4C014C3F810490C7800EBF2
:1088B0004414D4F810694B698D682B44013BB3FB19
:1088C000F5F3724D05EAC3433343C4F810390B780E
:1088D00000EB4313D3F810594C69C4F312042C4332
:1088E000C3F81049CB78012B11D10B7800EB43135F
:1088F000D3F8104924F0C044C3F810490B7800EBBA
:108900004313D3F8104944F00054C3F81049012A26
:1089100006D10B7800EB43130C69C3F814490DE042
:10892000CB78012B0AD04B6943B1D0F834680B786F
:10893000012404FA03F33343C0F83438CB78012B15
:1089400017D1D0F8083813F4807F09D10B7800EBE9
:108950004313D3F8004944F00054C3F8004908E039
:108960000B7800EB4313D3F8004944F08054C3F86C
:1089700000490B7800EB4313D3F8004944F004445A
:10898000C3F80049CB78012B7CD114468B8A0A7836
:10899000C968009400F02CF974E00B7800EB4313E5
:1089A000D3F8104BE40CE404C3F8104B0B7800EB45
:1089B0004313D3F8104B24F0FF5424F4C014C3F82D
:1089C000104B4B69A3B90B7800EB4313D3F8105B42
:1089D0008C68C4F312042C43C3F8104B0B7800EBE3
:1089E0004313D3F8104B44F40024C3F8104B1DE09C
:1089F0008C682344013BB3FBF4F30C7800EB441484
:108A0000D4F8106B214D05EAC3453543C4F8105B1B
:108A10000D7800EB4515D5F8106B8C689BB204FB04
:108A200003F4C4F312043443C5F8104B012A05D1F2
:108A30000B7800EB4313CA68C3F8142BCB78012BD7
:108A400017D1D0F8083813F4807F09D10B7800EBE8
:108A50004313D3F8002B42F00052C3F8002B08E078
:108A60000B7800EB4313D3F8002B42F08052C3F88D
:108A7000002B0B7800EB4310D0F8003B43F004438D
:108A8000C0F8003B002002B070BD00BF0000F81F1E
:108A900030B44B78012B6BD14B69EBB90B7800EB01
:108AA0004313D3F8104924F0FF5424F4C014C3F83E
:108AB00010490B7800EB4313D3F8104944F4002419
:108AC000C3F810490B7800EB4313D3F81049E40CBA
:108AD000E404C3F810492CE00B7800EB4313D3F8FF
:108AE0001049E40CE404C3F810490B7800EB43137D
:108AF000D3F8104924F0FF5424F4C014C3F81049EB
:108B00004C698B689C4200D94B610B7800EB431396
:108B1000D3F8104944F40024C3F810490B7800EB53
:108B20004313D3F810594C69C4F312042C43C3F80F
:108B300010490B7800EB4313D3F8004944F0044488
:108B4000C3F80049012A06D10B7800EB43100B69EA
:108B5000C0F8143949E04B69002B46D0D0F83448AE
:108B60000B78012202FA03F32343C0F834383CE0C7
:108B70000B7800EB4313D3F8104BE40CE404C3F878
:108B8000104B0B7800EB4313D3F8104B24F0FF5439
:108B900024F4C014C3F8104B4B690BB18B684B61C4
:108BA0000B7800EB4313D3F8104B44F40024C3F8C4
:108BB000104B0B7800EB4313D3F8105B8C68C4F3B5
:108BC00012042C43C3F8104B012A05D10B7800EB9B
:108BD0004313CA68C3F8142B0B7800EB4310D0F88A
:108BE000003B43F00443C0F8003B002030BC70471A
:108BF00070B49DF80C406CB903339B08002507E066
:108C000000EB023404F5805451F8046B2660013502
:108C10009D42F5D3002070BC704700BF10B40332F2
:108C20009208002305E000F58054246841F8044BC5
:108C300001339342F7D308465DF8044B704700BFF9
:108C40004B78012B16D10B7800EB4313D3F8002996
:108C5000002A05DBD3F8002922F08042C3F800295E
:108C60000B7800EB4310D0F8003943F40013C0F840
:108C7000003915E00B7800EB4313D3F8002B002AE2
:108C800005DBD3F8002B22F08042C3F8002B0B78D1
:108C900000EB4310D0F8003B43F40013C0F8003B56
:108CA000002070474B78012B17D10B7800EB431352
:108CB000D3F8002922F40012C3F80029CB78023B34
:108CC000DBB2012B20D80B7800EB4310D0F8003931
:108CD00043F08053C0F8003916E00B7800EB4313E3
:108CE000D3F8002B22F40012C3F8002BCB78023B00
:108CF000DBB2012B08D80B7800EB4310D0F8003B17
:108D000043F08053C0F8003B00207047D0F8003893
:108D100023F4FE63C0F80038D0F80038090101F4EC
:108D2000FE610B43C0F800380020704708B5D0F84A
:108D3000043823F00203C0F804380320FBF784FF53
:108D4000002008BD08B5D0F8043843F00203C0F88D
:108D500004380320FBF778FF002008BD42698069D2
:108D60001040704700F50063D0F81808DB69184020
:108D7000000C704700F50063D0F81808DB69184054
:108D800080B2704700EB4111D1F8082B00F500606C
:108D900040691040704700BF10B4D0F81048D0F8B8
:108DA0003438CB40DB01DBB2234300EB411000F54C
:108DB0001060806818405DF8044B7047406900F00F
:108DC00001007047D0F8003923F4FF6323F0070354
:108DD000C0F8003900F500639A6802F00602042A20
:108DE00005D1D0F8002942F00302C0F800295A68E2
:108DF00042F480725A600020704700BF10B4002413
:108E0000C0F8104BD0F8104B44F40024C0F8104BBD
:108E1000D0F8104B44F01804C0F8104BD0F8104BA9
:108E200044F0C044C0F8104B012905D1C0F8142B00
:108E30004FF08023C0F8003B00205DF8044B7047E2
:108E4000002301330C4A934211D80269002AF8DA50
:108E5000036943F00103036100230133064A93428F
:108E600007D8026912F0010FF7D1002070470320E4
:108E700070470320704700BF400D0300002070477B
:108E80000020704710B509680131402928BF4021F2
:108E90004B1E0024C45400F0CFFC034B1868F9F7B4
:108EA00003FD204610BD00BF2447002010B5064C2E
:108EB000002206492046FAF73DFA05492046FAF70E
:108EC00041FA002010BD00BFB84E00202051002004
:108ED000E0500020402917D80D4BD3F81832D3F8B2
:108EE00014329BB970B50C4601460A4E22463046F4
:108EF00002F02EF8064D224631462846FAF71AFAB5
:108F00002846FAF725FA70BD022070470120704705
:108F1000B84E00202051002070B50D461446194B64
:108F20001B78012B02D0022B0DD021E06421164BBF
:108F30001868F9F783FCE8B9A1B22846FFF7CAFF21
:108F4000D0B1002070BD402A18DC64210F4B186896
:108F5000F9F774FCA0B90E4E22462946304601F0BE
:108F6000F7FFA2B231460B48FFF730F8002070BD82
:108F7000002070BD002070BD204670BD002070BD77
:108F8000002070BDB0440020144700200C47002092
:108F90004C4300202848002008B5024B1868F9F718
:108FA00083FC08BD0C47002000B5F5EEC00AF1EEC9
:108FB00010FA1ADBB5EEC00AF1EE10FA0ADBDFEDAB
:108FC000A37A60EEA77AB4EEE70AF1EE10FA27D59D
:108FD00002232CE0DFED9E7A60EEA77AB4EEE70A7A
:108FE000F1EE10FA1ED5032321E0B5EEC00AF1EE32
:108FF00010FA0ADBDFED967A60EEA77AB4EEE70AA4
:10900000F1EE10FA10D5052311E0DFED907A60EE55
:10901000A77AB4EEE70AF1EE10FA07D5042306E0CA
:10902000012304E0022302E0062300E00523013BC4
:10903000052B00F2CA80DFE803F00324436687A80B
:10904000DFED827A60EEA77A30EE670ADFED817A93
:1090500060EEA70AF1EE407A77EEE07AB7EE007A9A
:1090600077EE877AB6EE007A67EE877AC0ED007AFF
:1090700030EE270A81ED000A70EE800AC2ED000A88
:10908000A3E0DFED727A60EEA70A30EE207A30EED0
:10909000C00AF1EE477A77EEC07AF7EE000A77EE73
:1090A000A07AF6EE000A67EEA00AC1ED000A70EEA3
:1090B000200AC0ED000A77EE200AC2ED000A84E023
:1090C000DFED647A60EEA76AB1EE400ADFED5F7A09
:1090D00060EEA70A70EE600AB1EE667A37EE607A4B
:1090E000F7EE007A37EE277AF6EE007A67EE277A07
:1090F000C1ED007A76EEA77AC2ED007A70EEA70A8B
:10910000C0ED000A61E0DFED517A60EEA77A37EE3C
:10911000C00ADFED517A60EEA70AF1EE407A77EEF1
:10912000E07AB7EE007A77EE877AB6EE007A67EEED
:10913000877AC2ED007A70EEA70AC1ED000A30EE20
:10914000200A80ED000A40E0F1EE407A9FED3F7A80
:1091500060EE870A77EEE06A70EE600AB1EE667A3A
:1091600037EE607AF7EE007A37EE277AF6EE007A7D
:1091700067EE277AC2ED007A76EEA77AC0ED007A24
:1091800070EEA70AC1ED000A1FE09FED337A20EED2
:10919000877ADFED2E7A60EEA70A70EE200AF1EEF4
:1091A000477A77EEE07AB7EE000A77EE807AB6EE8D
:1091B000000A27EE800A80ED000A70EE800AC2EDF8
:1091C000000A77EE200AC1ED000AD0ED007AF5EE34
:1091D000C07AF1EE10FA21D4B7EE007AF4EEC77A35
:1091E000F1EE10FA1EDCD1ED007AF5EEC07AF1EE68
:1091F00010FA1BD4F4EEC77AF1EE10FA1ADCD2EDB5
:10920000007AF5EEC07AF1EE10FA17D4F4EEC77AD0
:10921000F1EE10FA16DC00205DF804FB4FF0FF3091
:109220005DF804FB4FF0FF305DF804FB4FF0FF30BA
:109230005DF804FB4FF0FF305DF804FB4FF0FF30AA
:109240005DF804FB4FF0FF305DF804FB3ACD133FAF
:109250003ACD13BF3ACD933F3ACD93BF03E0DFED54
:109260000C7A30EE670ADFED0B7AB4EEE70AF1EE26
:1092700010FAF4DA03E0DFED067A30EE270ADFEDCC
:10928000067AB4EEE70AF1EE10FAF4D4704700BFA4
:10929000DB0FC940DB0F4940DB0F49C0F0EEC07A5D
:1092A000B0EEE07AF4EEC77AF1EE10FA8CBFB0EED1
:1092B000476AB0EE676AB8BFF0EE477AC6EE276A33
:1092C00026EEA66A9FED167A26EE077ADFED157A6E
:1092D00037EE277A26EE077ADFED137A77EE677A94
:1092E00066EE277AB7EE006A77EE867A66EEA77AA0
:1092F00003DD9FED0E7A77EE677AF5EEC00AF1EEA8
:1093000010FA03D59FED0A7A77EE677AB5EEC00AB8
:10931000F1EE10FA01D5F1EE677AB0EE670A704708
:1093200016733EBD4423233E2CBEA73EDB0FC93F30
:10933000DB0F494090FBF1F301FB1300002800DA3A
:109340000844704738B5054600243EE0224B53F8E8
:109350003430032B37D8DFE803F002121E2A1E4BED
:1093600003EBC4035A681D4B53F822301868F7F713
:10937000FBF802460B461A4802F03EFE24E0164B6C
:1093800003EBC4035A68174B53F822301968164888
:1093900002F032FE18E0104B03EBC4035A68134B83
:1093A00053F822301978104802F026FE0CE00A4BE0
:1093B00003EBC4035A680E4B53F8223019880D484A
:1093C00002F01AFE00E064240134AC42BEDB0A2045
:1093D00002F02AFE38BD00BFCC4300204C0001083B
:1093E00054FF00083401010858FF00082C00010850
:1093F00044FF00085CFF0008704700BF10B586B04E
:109400000446A54B1A700139002343540378702B8E
:109410001FD105AB019304AB009303AB02AA9F4994
:1094200002F050FE042840F09381029B9C4A12688F
:10943000934280F08D819DED051ADDED040A9DEDCE
:10944000030A984A4FF4AC7000FB032001F064F962
:109450007EE1762B1BD105AB009304AB03AA9249A6
:1094600002F030FE032840F07381039B8C4A12689F
:10947000934280F06D81DDED050A9DED040A894A75
:109480004FF4AC7000FB032001F050F960E1632B56
:1094900017D105AB04AA854902F014FE022840F05A
:1094A0005781049B7E4A1268934280F051819DED62
:1094B000050A7C4A4FF4AC7000FB032001F03EF932
:1094C00046E1692B1AD17A4B1988C1F30B0179480F
:1094D00002F092FD784B1988784802F08DFD784BA8
:1094E0001988784802F088FD774B1B68774A126824
:1094F00077490968774802F07FFD29E1672B3BD166
:109500000022049206AB43F8042D04AA724902F02B
:10951000D9FD022840F01C81049B032B00F2188126
:10952000DFE803F0020F1821059A6C4B53F8223044
:109530001868F7F719F802460B46694802F05CFD17
:1095400006E1059A674B53F822301968664802F025
:1095500053FDFDE0059A654B53F8223019786248B7
:1095600002F04AFDF4E0059A614B53F82230198865
:10957000604802F041FDEBE0682B13D10CE09FED59
:109580005E0AF0EE400A474B4FF4AC7000FB04302B
:1095900001F0CCF8013400E00024414B1B689C42F0
:1095A000EDDBD5E0732B4BD10022039206AB43F8E1
:1095B000082D03AA514902F085FD022840F0C88019
:1095C000039B032B00F2C480DFE803F0020E1A2E87
:1095D000049A424B53F82230009304AB03AA484943
:1095E000204602F06FFDB3E0049A3E4B53F8223060
:1095F000009304AB03AA4349204602F063FDA7E0B1
:109600000023059305AB009304AB03AA3D49204614
:1096100002F058FD049A354B53F82220059B003385
:1096200018BF0123137093E0049A314B53F8223092
:10963000009304AB03AA3449204602F043FD87E0BF
:109640006D2B16D1002303930493059305AB009370
:1096500004AB03AA2D4902F035FD032878D1059A01
:109660002B4B039943F8321003EBC203049A5A6060
:109670006EE06F2B0CD106AA002342F8043D254969
:1096800002F020FD012863D10598FFF75BFE5FE043
:10969000742B5DD157E000BFB044002064FF000888
:1096A000540101086001002074FF000880FF0008D9
:1096B000002004E088FF0008022004E098FF000872
:1096C000227AFF1FA8FF0008107AFF1F147AFF1FDD
:1096D000187AFF1FC0FF0008D4FF00084C000108E3
:1096E000DCFF000834010108E0FF00082C0001083D
:1096F00044FF0008E4FF000800000000ECFF000841
:10970000F4FF0008000001080C000108180001081F
:10971000CC430020240001084FF4AC720D4902FB39
:109720000312D2F8482162B14FF4AC7202FB03126B
:10973000926832B94FF4AC7202FB0312012182F835
:109740004D11013300E00023034A12689342E3DB2A
:1097500006B010BD60010020540101082DE9F04160
:109760002E4C40222E492046FEF776FC636B1B6888
:109770005C68C4F1400400252E462F46274BDB6B66
:109780004BB1264D2846FEF7BBFC40222449284613
:10979000FEF762FCEFE7214B5B6B1B685A68C2F176
:1097A000400222E01E4B1B5D0134402C00D10024FE
:1097B000242B19D0CEB105F101081A494B550D2BB8
:1097C00003D00A2B01D0212B09D116480023435581
:1097D00002224146FFF712FE454601270AE0B8F192
:1097E0003F0F05D0454600E001269442DAD101E062
:1097F0004546012701210C4B1868F9F71FF848B9B5
:1098000001220A4B19680A4B1868FFF7F7FD09484F
:10981000F9F7B6FD002FB1D0ADE700BF2848002012
:109820008C4300206C44002024470020AC440020DE
:10983000B4440020B84E0020024B1860024B19605F
:10984000704700BFB4440020AC44002008B54FF07E
:10985000FF31064B1868F8F7F1FF0028F7D10448EC
:10986000FDF78AFD4320FCF77DFDF0E72847002047
:10987000C84800200346026C1268506A80B2126821
:1098800012F0100F03D0C0F59F40203080B2D3F803
:1098900020210132C3F82021102A02D10022C3F86E
:1098A0002021D3F82021903203EB420398807047A7
:1098B000A1F5006107EE901AF8EEE77A9FED060A2F
:1098C00067EE807A90ED250A67EE807A90ED240AA3
:1098D00027EE800A704700BF3333533A2DE9F04139
:1098E0000668746C24F4FF4424F07F04A5B20F686A
:1098F0007C6C24F4FF4424F07F04A4B2D6F804E086
:10990000BF68D6F844C02CF4004CC6F844C0D1F867
:1099100000C0DCF8446026F40046CCF84460D0F87F
:1099200000C0DCF8006026F00106CCF80060D1F839
:1099300000C0DCF8006026F00106CCF80060D0F82A
:1099400000C0DCF8046026F07006CCF80460D0F8A3
:1099500000C0DCF8046046F01006CCF80460D1F8D2
:1099600000C0DCF8086026F07006CCF80860D1F87A
:1099700000C0DCF808603243CCF808200E68B268FA
:1099800022F00702B2600E68B26842F00602B260CE
:109990000268166806F0600C0E68366806F060060D
:1099A000D2F8008028F06008C2F80080D1F800806A
:1099B000D8F8002022F06002C8F80020D0F800801B
:1099C000D8F8002022F01002C8F80020D1F800805A
:1099D000D8F8002022F01002C8F80020D0F800804B
:1099E000D8F800204CEA0202C8F80020D1F800C0E4
:1099F000DCF800203243CCF80020026853620B6888
:109A000000225A620268136843F00103136002687F
:109A10001FFA8EF353600B68BFB29F600268536CED
:109A20001D4355640A68536C1C435464BDE8F081BF
:109A300090F8BC301BB1022B03D1012070470120EC
:109A400070470020704700BF90F8BC30012B01D157
:109A5000012070470020704710B50446FFF7E8FF6B
:109A600010B194ED340A10BD2046FFF7EDFF10B1A0
:109A700094ED390A10BD9FED010A10BD00000000F1
:109A800010B50446FFF7D4FF10B194ED360A10BDAF
:109A90002046FFF7D9FF10B194ED3B0A10BD9FEDB2
:109AA000010A10BD00000000B5EEC00AF1EE10FA88
:109AB00001D59FED170ADFED177A20EE270A164B26
:109AC000D3ED007A80EE277ADFED147AB4EEE77AF0
:109AD000F1EE10FA01DDB0EE677AF7EE007A77EE7C
:109AE000C77A9FED0F7A67EE877AFDEEE77A17EE79
:109AF000903AB3F1280100D500210A4A12680020EB
:109B0000D06341F201001064D1631364704700BF59
:109B100000000000D7A3F03E5C0100206666663FAF
:109B200000008045F445002008B500230BE04FF409
:109B3000AC72104902FB0312126C11684A6C22F4D9
:109B400000424A640133012BF1DD00220BE04FF4A7
:109B5000AC73084903FB02139860002183F83D10A1
:109B600083F83F100132012AF1DD9FED030AFFF770
:109B70009BFF08BD6001002000000000F8B504460E
:109B800000F1600500F174062846FAF711FF31462E
:109B90002846FAF7CFFF102384F887304FF4A863E4
:109BA000A4F88830082384F88B30084BC4F894302C
:109BB000012784F88E7031462846FAF737FF84F87B
:109BC0008F7031462846FAF755FFF8BDCDCCCC3C16
:109BD00010B50446026841F2E833536302689363A8
:109BE0000268D3630021FDF743F800212046FBF70C
:109BF000AFFB04212046FDF73BF804212046FBF78C
:109C0000A7FB08212046FDF733F808212046FBF783
:109C10009FFB236801221A640C212046FDF74AF8B5
:109C200010BD00BF70B52F4E3268936843F001033A
:109C300093602D4D2A68936843F0010393602B4C89
:109C40002268936843F0010393600220F8F776FDE1
:109C50003268536843F0800353602A68536843F0C6
:109C6000800353602368596841F08001596051684E
:109C700041F0200151605A6842F020025A601C4BAA
:109C8000DA6842F00102DA60DA6842F00202DA6071
:109C9000184D2846FFF79CFF174C2046FFF798FF0A
:109CA00041F26833002221462846FFF717FE2A6852
:109CB000536C23F4004353642268536C23F4004331
:109CC00053640E4C23680022DA6341F201021A64E5
:109CD00008212046FCF7CCFF0C212046FCF7C8FFEA
:109CE00070BD00BF7846002030460020C0460020EE
:109CF000002004E0B845002004450020F445002081
:109D000030B52DED048B85B0044690F8BC30012BA6
:109D10005FD013B1022B40F02381D4F8C0301B6810
:109D20005B6AD4F8C8209B1A02FA83F3C4F8C830DF
:109D30008D4A82FB0321DA17C2EB21224FF4166110
:109D400001FB1232D4F8C430D21AD4F8CC3003FB61
:109D500002F207EE902AB8EEE70ADFED847A20EEF1
:109D6000270AFFF77BFA84ED340AD4ED368A9FED9B
:109D7000809A68EE897A94ED358A37EE888A84ED88
:109D8000358AD4F8C850B0EE480A01F033F8BDEE79
:109D9000C00A10EE103AEB1A00EE103AB8EEC00A04
:109DA000D4ED377A60EE277A67EE897A38EE278A23
:109DB00084ED358AD4ED387A20EE270A20EE090AA0
:109DC00038EE800A84ED360A94F8BC30022B40F05D
:109DD000C780D4ED147AB1EE677AD4ED156A37EE08
:109DE000667A8DED007A77EEE67A9FED627A67EE1D
:109DF000877ACDED017A002326E094ED0D7A04AA4E
:109E000002EB830151ED046A27EE667A03F1080242
:109E100004EB8202D2ED397A37EE277ADFED547AFD
:109E200027EE277A9A1D04EB8202D2ED397A77EE7B
:109E3000277AC2ED397A94ED0C7A66EE876A77EE6E
:109E4000E67A41ED027A0133012BD6DD94ED436AC7
:109E500026EE066A9DED027A27EE077ADDED037A9B
:109E600067EEA77A37EE277AD4ED3E7AC7EE866A98
:109E700036EE477A66EE877AB6EE007A27EE877A74
:109E80003D4BD3ED007A77EE676A9FED3C6A66EE54
:109E9000866A77EEA67AC3ED007A00231EE004AA54
:109EA00002EB830151ED027A67EE277ADFED306A2B
:109EB00067EEA67A9A1D04EB8202D2ED396A77EE3C
:109EC000A67AC2ED397AD4ED0C6A11ED046A66EE19
:109ED000866A77EEE67A41ED027A0133012BDEDD08
:109EE000D4F8B030C4F80431D4F8B430C4F8083130
:109EF00094ED3A0AD4ED3B7ADFED1D8A67EEA87A3D
:109F000030EE270AFFF7AAF984ED3A0ADDED020ADE
:109F10009DED030AFFF7C2F984ED390AD4ED3A7AD0
:109F200030EE670AFFF79AF9B0EE408A94ED3A0AEC
:109F3000D4ED3C7A68EE277A67EEA87A30EE270AED
:109F4000FFF78CF984ED3A0AD4ED3D7A28EE278AA2
:109F500028EE288AD4ED3B7A37EE888A84ED3B8A56
:109F600005B0BDEC048B30BDB5814E1B5220963C34
:109F70005674FE383ACD133FB84400206F12833A2E
:109F800010B584B0044601AA02A903A8FFF70CF893
:109F9000DFED106A9DED037A27EE267AFCEEC77A94
:109FA00017EE903AA4F844309DED027A27EE267A17
:109FB000FCEEC77A17EE903AA4F84630DDED017A50
:109FC00067EEA67AFCEEE77A17EE903AA4F84830EE
:109FD00004B010BD00401F4610B52DED068B0446A1
:109FE000F0EE409AB0EE609AD0ED147AB1EE678A46
:109FF000D0ED158A38EE688A77EEE87ADFED5B8A75
:10A0000067EEA88AFFF728FDB0EE40AA00F0B2FE86
:10A01000F0EE40AAB0EE4A0A00F068FEB0EE40AAA8
:10A0200028EE2A7A68EE807A37EE277A68EEAA8AD6
:10A0300028EE008A78EEC88A39EEC70A79EE687A87
:10A04000D4ED296A94ED278A60EE080A76EEA00A1C
:10A0500094ED2A6A27EE888A36EE088A444B93EDFF
:10A06000009ADFED445A29EE259AB7EE005AC5EE64
:10A07000095A60EEA59A28EE258A69EEA95A68EE7B
:10A08000084A75EEA45AF1EEE54A9FED3B4AC4EE4C
:10A09000245AF4EEC55AF1EE10FA0ED569EEA59ADF
:10A0A00028EE258ADFED357A66EEA76AC4ED296AC7
:10A0B00066EE277AC4ED2A7A13E094ED285A20EE52
:10A0C000050ADFED2F5A20EE250A36EE800A84EDD0
:10A0D000290A67EE857A67EEA57A76EE277AC4EDCF
:10A0E0002A7A69EE877A68EE288A77EEA88AC4ED24
:10A0F0002B8A00239FED230A09E04FF4AC7222491A
:10A1000002FB0312D2ED2B7A30EE270A0133012B2A
:10A11000F3DDB1EE400AFFF7C7FC69EEAA7A28EE3C
:10A120000A0A37EEC00A28EE2A8A69EE8A0A78EE11
:10A13000200A69EE007AC4ED2C7A29EE209A84ED8B
:10A140002D9A2046FFF71CFF2046FFF793FBA4F84B
:10A150004C00B4F84A30984203D30B23A36000208C
:10A1600000E00120BDEC068B10BD00BF3ACD133FCF
:10A170005C010020ABAA2A3FAC5C313FA4707D3F5C
:10A180005674FE38000000006001002010B52DED6F
:10A19000028B84B00446F0EE408AB0EE608A022260
:10A1A000012101A8F8F704FB019B082B03D013231E
:10A1B000A36000200CE02046FFF7A2FDC4ED398A21
:10A1C000DFED050AB0EE480A2046FFF705FF012043
:10A1D00004B0BDEC028B10BD0000000010B52DEDE9
:10A1E000028B04469FED238AF0EE488A14E09FED2F
:10A1F000220A28EE000AFFF731F8F0EE408AD4ED8B
:10A20000450A68EE200A2046FFF7C0FF034660B308
:10A21000DFED1A7A38EE278AF7EE007AB4EEE78A95
:10A22000F1EE10FAE3D49FED168A16E0D4ED467AEB
:10A230009FED140A67EE807A38EE278A28EE000A2E
:10A2400038EE800AFFF70AF8F0EE408AD4ED450AAE
:10A250002046FFF79BFF034638B1D4ED477AB4EEB2
:10A26000E78AF1EE10FAE1D401231846BDEC028B27
:10A2700010BD00BF00000000DB0F4941B6089F3948
:10A28000D253FB415674FE3808B5074B93ED007A64
:10A29000F7EE086AC6EE877A67EEA00A27EE800A14
:10A2A000FFF76EFE08BD00BF5C01002030B52DED4C
:10A2B000048B85B00446B0EE409AF0EE608A00252B
:10A2C0009FED388A3FE00222012101A8F8F770FAD9
:10A2D000019B082B02D00223A36032E0D4ED147A54
:10A2E00094ED157A77EE877A77EE897A9FED2E7A5C
:10A2F00067EE877A78EE277AF4EEE87AF1EE10FAD4
:10A3000001DDF0EE687AB1EE688AF4EEC87AF1EE1B
:10A3100010FA01D4B0EE678ADFED220AB0EE480AE7
:10A320002046FFF7B1FF2046FFF7A4FAA4F84C003F
:10A33000B4F84A30984202D30123A36001E001350A
:10A3400001E000202AE046F294039D42BBDD9FED30
:10A35000150AF0EE400A2046FFF796FFC8EE097A8C
:10A36000C4ED0D7AB0EEC88AF0EEE88AB4EE688AE1
:10A37000F1EE10FA0DD09FED0D7AF4EEC77AF1EE02
:10A3800010FA06D4B7EE007AF4EEC77AF1EE10FABE
:10A3900003DD0323A360002000E0012005B0BDEC35
:10A3A000048B30BD00000000B6089F3A0AD7233C5A
:10A3B00070B52DED028B88B00446F0EE408AB0EE09
:10A3C000608A8DED030ACDED040A002601960296FF
:10A3D00036E00222012105A8F8F7EAF9059B082BCF
:10A3E00003D00523A36000205CE0D4ED147AF1EEE5
:10A3F000677A94ED157A77EEC77A08AB03EB85039D
:10A4000013ED077A77EE277A43ED077ADFED270A17
:10A4100013ED050A2046FFF737FF2046FFF72AFA1B
:10A42000A4F84C00B4F84A30984203D30423A36044
:10A43000002037E0013500E00025012DC9DD01369F
:10A4400041F287339E42F7DD9FED180AF0EE400A95
:10A450002046FFF719FF38EE688AF6EE007A68EEBC
:10A46000277ADDED016A9DED027A37EE667ADFED3F
:10A47000106A27EE267AC7EE876AC4ED0C6ADFED14
:10A480000D7AF4EEE76AF1EE10FA06D4DFED0A7AFF
:10A49000F4EEE76AF1EE10FA03DD0623A360002074
:10A4A00000E0012008B0BDEC028B70BD0000000090
:10A4B00031FDD23FBD3786356F12033AF0B52DED31
:10A4C000048B8BB00546B0EE408AD0F8C0301B68D4
:10A4D0005B6A1EB2002413E00222012101A8F8F7F2
:10A4E00067F9019B082B03D00823AB600020B5E07F
:10A4F000DFED5C0AB0EE480A2846FFF7C5FE0134DE
:10A5000007EE904AF8EEE77A9FED577AF4EEC77AB5
:10A51000F1EE10FAE0D4DFED558A002734E0022294
:10A52000012104A8F8F744F9049B082B03D0082361
:10A53000AB60002092E0B0EE680A00F01BFC28EE51
:10A54000009AB0EE680A00F0D1FB68EE000AB0EEA7
:10A55000490A2846FFF798FE013400E0002407EE80
:10A56000904AF8EEE77A9FED427AF4EEC77AF1EE80
:10A5700010FAD4D4D5F8C0301B685B6A07FA83F7A9
:10A58000DFED3C7A78EEA78ADFED3B7AF4EEE78ADE
:10A59000F1EE10FAE2D4D5F8C0301A68536A1BB253
:10A5A00006F108018B4205DD0123C5F8CC30DFED53
:10A5B000328A43E0526A12B2A6F108039A4204DAE0
:10A5C0004FF0FF33C5F8CC30F1E70723AB60002034
:10A5D00044E00222012107A8F8F7EAF8079B082BBC
:10A5E00003D00823AB60002038E0B0EE680A00F02A
:10A5F000C1FB28EE009AB0EE680A00F077FB68EE27
:10A60000000AB0EE490A2846FFF73EFE013400E09A
:10A61000002407EE904AF8EEE77A9FED157AF4EE03
:10A62000C77AF1EE10FAD4D4D5F8C0301B685B6A53
:10A6300007FA83F7DFED0F7A78EEE78ADFED0B7A22
:10A64000F4EEE78AF1EE10FAE2DC3B46002F01DA85
:10A6500007F2FF73DB12C5F8C43001200BB0BDEC6C
:10A66000048BF0BD0000000000C40046DB0FC9C031
:10A6700023DB8341DB0F493CDB0FC94038B504467F
:10A68000002380F83F308360F7EE000A90ED0B0A5C
:10A69000FFF70CFE0546B0B3F7EE000ABFEE000A66
:10A6A0002046FFF785FE054668B394F8BC300BB131
:10A6B000022B09D194ED0B0AD4ED0D7A20EE270A76
:10A6C0002046FFF7FBFEE8B194ED0C7ADFED0F7A40
:10A6D00067EE277AC4ED277A94ED0D6AC6EE076A15
:10A6E00067EEA67AC4ED287A094AC4F8DC20094B43
:10A6F000C4F8E030C4F8F020C4F8F430012384F842
:10A700003F3000E00546284638BD00BF00007A44CF
:10A710000000FA440024744980ED030AC0ED050AE4
:10A7200080ED0A1A03230370704700BF80ED050A0D
:10A73000C0ED0A0A02230370704700BF80ED0A0AC9
:10A7400001230370704700BF10B50B4C2046FFF784
:10A7500015FA04F5AC70FFF711FAFFF763FA182148
:10A760000648FCF7EBFA18210548FCF7E7FA40F237
:10A77000DC50F7F7E3FF10BD600100207C450020AE
:10A780004045002008B5012802D004281AD034E042
:10A790001C4B5B78A3B302211B48FCF7D3FB0128B9
:10A7A00002D1F7EE007A01E0FFEE007A154B93ED4F
:10A7B000017A27EE877AD3ED037A77EE877AC3EDB5
:10A7C000037A08BD0F4B93F85931CBB108210E48DD
:10A7D000FCF7B8FB012802D1F7EE007A01E0FFEEAA
:10A7E000007A084B93ED577A27EE877AD3ED597AA2
:10A7F00077EE877AC3ED597A08BD1120FFF794F9F7
:10A8000008BD00BF600100200000024008B5012122
:10A81000FCF7B2FB07EE900AF8EE677A9FED037A39
:10A8200067EE877A024BC3ED007A08BD3333113CE3
:10A830005C010020F8B505460E46544B984206D000
:10A84000534B984203D00920FFF76EF9F8BD0EB1C3
:10A85000504C00E0504C236C1B681B6803F0100345
:10A860004D4A944219D1C3B1484B9D4210D1A2F533
:10A87000AC731A6C1268B3F8441051631A6C126806
:10A88000B3F8461091631A6C1268B3F84830D3637A
:10A890002046FEF7EFFF002734E03E4A94421BD1EA
:10A8A000D3B93A4B9D4212D11346D2F8982112687F
:10A8B000B3F89C115163D3F898211268B3F89E1134
:10A8C0009163D3F898211268B3F8A031D36320467E
:10A8D000FEF7D0FF012715E02F4A944205D123B996
:10A8E0002046FEF7C7FF01270CE02A4A944205D113
:10A8F00023B12046FEF7BEFF002703E01020FFF73C
:10A9000013F9F8BD2EB101212846FCF735FB0146AD
:10A9100003E02846FBF7ACF901462046FEF7C8FFE6
:10A92000BFB11A4B9D4206D1D4ED167A30EE670ABC
:10A9300084ED140AF8BDD4ED177A30EE670A84ED81
:10A94000150A94F83C3003B30121A06BF7F7FEFE23
:10A95000F8BD0E4B9D420CD194ED167A30EE470AAD
:10A96000DFED0E7A60EE277A77EE277AC4ED167A5D
:10A97000F8BDD4ED177A30EE670A9FED087A20EE25
:10A98000070A37EE800A84ED170AF8BD304600202A
:10A99000C046002060010020B8020020B6081F3A1F
:10A9A00070B590F84D51002D4CD0D0F84831002BA7
:10A9B00047D0D0F8442107EE902AF8EEE77A90EDE0
:10A9C000357A77EEC77AF0EEE77A90ED547AF4EEC6
:10A9D000C77AF1EE10FA11D8D0ED367AF0EEE77AB8
:10A9E00090ED557AF4EEC77AF1EE10FA06D5511CC7
:10A9F000C0F8441103EB8203026A1A600446D0F8DF
:10AA00004431B3F5166F0BDADFED0F0AB0EE601AC2
:10AA100007EE903AB8EEE70AFFF77EFE002511E058
:10AA20000026C0F844619FED080AB0EE401AF0EE2F
:10AA3000400AFFF771FE012384F84C3184F84D6120
:10AA400000E00025284670BD0000000030B52DED67
:10AA5000028B85B00446A6E00222012101A8F7F787
:10AA6000A7FE019B082B02D00C23A360A0E0204688
:10AA7000FFF746F92046FFF793FFD4ED057A2378D8
:10AA8000022B12D994F8BC30012B02D11223A360FF
:10AA90008EE094ED037AD4ED356A37EE667AD4ED24
:10AAA000046A27EE267A77EE877A94ED098AF4EE27
:10AAB000C87AF1EE10FA01DDF0EE487AB1EE488A7C
:10AAC000F4EEC87AF1EE10FA01D4B0EE678AD4ED54
:10AAD0000A8A94F84C318BB1D4F84851D4ED357AC8
:10AAE0004FF41661FDEEE77A17EE900AFEF722FCAE
:10AAF00005EB8000D0ED007A78EEA78A2046FEF7BD
:10AB0000BFFF38EE400A2378012B05D9D4ED067A31
:10AB100060EE277A78EEA78A94ED087A78EE877A45
:10AB200094F8BC200AB1022A05D1D4ED336AF8EEBC
:10AB3000E66A67EEA67AD4ED260AF4EEE07AF1EE44
:10AB400010FA01DC002202E0F0EE607A0122F1EE60
:10AB5000600AF4EEE07AF1EE10FA02D4F0EE670A41
:10AB600000E00122012B02D80023236213E032B15E
:10AB70009FED110A27EE007A84ED087A0BE094ED40
:10AB8000078A20EE088A9FED0D0A28EE000A37EEAC
:10AB9000000A84ED080AC4ED2E0A9FED090A20463A
:10ABA000FFF71AFA20B194F83D30002B7FF454AF30
:10ABB00005B0BDEC028B30BDA4707D3F5674FE38ED
:10ABC0000000000010B504464FF4165000F0B0F934
:10ABD000C4F8480140B90BE0D4F8482102EB8302E5
:10ABE00000211160013300E00023B3F5166FF3DBA1
:10ABF000F7F7A0FDA063012384F83C3094F83E30C1
:10AC00008BB1236C1A68536C43F4004353642046A1
:10AC1000FFF734FD236C1A68536C23F4004353642C
:10AC2000002384F83E3094F83F303BB394F83D3035
:10AC300023B301236370236C1A68536C43F40043FD
:10AC4000536494F8BC30012B03D12046FFF7C6FAB9
:10AC500000E0012010B12046FFF7F8FE236C1A68CF
:10AC6000536C23F4004353640023637094F83D3025
:10AC700023B1002384F83F3084F83D309FED050A6E
:10AC8000F0EE400A2046FFF7FFFA6420F7F756FD82
:10AC9000B4E700BF00000000DFF834D0002103E07B
:10ACA0000C4B5B58435004310B480C4B42189A42F2
:10ACB000F6D30B4A02E0002342F8043B094B9A42C8
:10ACC000F9D3F8F777FB00F00DF9F9F789F8704739
:10ACD00000000220D00C010800000020E005002048
:10ACE000E005002064510020FEE700009FED1E7A81
:10ACF000B5EEC00A20EE077AF1EE10FAFDEEC77A43
:10AD00002CD4F8EEE77ADFED196A194A77EE677A04
:10AD1000B7EE000A67EEA67AF4EEE67AF1EE10FAE4
:10AD2000A8BF77EEE67ABCEEE77A17EE103AC3F3E7
:10AD3000080307EE103AB8EE477A02EB830177EE8C
:10AD4000C77AD1ED016A30EE677A91ED000A67EEBD
:10AD5000A67A27EE000A30EE270A704717EE903ADF
:10AD6000013B07EE903ACCE783F9223E0000004415
:10AD700058010108DFED1C7A20EE270AF5EE007A73
:10AD800030EE270AB5EEC00AF1EE10FAFDEEC07AF9
:10AD900004D517EE903A013B07EE903AF8EEE77AC9
:10ADA000DFED126A124A30EE670AB7EE007A20EE43
:10ADB000260AFCEEC07A17EE903AC3F3080307EEBA
:10ADC000903AF8EE677A02EB830170EE677AD1ED84
:10ADD000016A91ED000A37EE677A67EEA67A27EEF0
:10ADE000000A30EE270A704783F9223E0000004433
:10ADF0005801010810EE102A22F00041CB0D7F3BD4
:10AE0000162B17DC002B10EE100A19DB1A4919411A
:10AE10000A4222D0DFED197A70EE277AF5EEC07A79
:10AE2000F1EE10FA19DD002A18DB20EA010300EE2A
:10AE3000103A7047B1F1FF4F0FD330EE000A704760
:10AE4000DFED0E7A70EE277AF5EEC07AF1EE10FAA9
:10AE500003DD002A08DB9FED0A0A70474FF4000269
:10AE600042FA03F31844E0E70029FFEE007A18BF26
:10AE7000B0EE670A704700BFFFFF7F00CAF249715A
:10AE8000000000001FB51C46094B1B680546D8682A
:10AE900012B9084B1A4600E0074B02928DE80A00EF
:10AEA00022462B46054900F00BF802F00FF900BFCF
:10AEB00070040020970901085C090108690901086C
:10AEC0000EB403B5014603AB054853F8042B0068E4
:10AED000019300F027F902B05DF804EB03B070476E
:10AEE0007004002070B50E4B0E4CE41AA41000251F
:10AEF0001E46A54204D056F8253098470135F8E79C
:10AF000004F036FF084C094BE41AA41000251E4635
:10AF1000A54204D056F8253098470135F8E770BDB2
:10AF2000C80C0108C80C0108CC0C0108C80C0108A9
:10AF3000024B0146186800F06DB800BF7004002095
:10AF4000024B0146186800F017B800BF70040020DB
:10AF500010B5431E0A44914204D011F8014B03F886
:10AF6000014FF8E710BD02440346934202D003F8B4
:10AF7000011BFAE77047000038B50546002946D0A6
:10AF800051F8043C0C1F002BB8BFE41803F04BFC35
:10AF90001F4A1368114613B96360146032E0A3427C
:10AFA0000ED92268A018834204BF18685B686360EA
:10AFB00004BF121822600C6024E0A24203D813469A
:10AFC0005A68002AF9D118681918A1420BD12168D2
:10AFD000014458188242196014D1106852685A60AE
:10AFE000014419600EE002D90C232B600AE02168AD
:10AFF0006018824204BF10685268626004BF09187A
:10B0000021605C602846BDE8384003F00DBC38BDC7
:10B01000C044002070B5CD1C25F0030508350C2D6B
:10B0200038BF0C25002D064601DBA94202D90C23AE
:10B03000336046E003F0F7FB234B1C681A462146B9
:10B04000A1B10B685B1B0ED40B2B03D90B60CC1882
:10B05000CD501EE08C420DBF63684B686360136087
:10B0600018BF0C4615E00C464968E9E7174C236801
:10B070001BB9304600F0ECFF20602946304600F056
:10B08000E7FF431C18D0C41C24F00304A0420DD1D8
:10B090002560304603F0C8FB04F10B00231D20F0AF
:10B0A0000700C31A0ED05A42E25070BD211A304632
:10B0B00000F0CEFF0130EBD10C233360304603F0BB
:10B0C000B3FB002070BD00BFC0440020BC44002082
:10B0D0009368013B002B10B4936009DA9469A34292
:10B0E00002DBCBB20A2B03D15DF8044B01F01ABF8F
:10B0F0001368581C10601970C8B25DF8044B704793
:10B10000F8B506460F461446D518AC4208D03A4664
:10B1100014F8011B3046FFF7DBFF431CF5D100E0BC
:10B120000020F8BD2DE9F04F9DB00C461746039363
:10B13000064618B183690BB902F004FF7F4B9C42AD
:10B1400001D1746808E07E4B9C4201D1B46803E0F1
:10B150007C4B9C4208BFF468A38918070CD523696F
:10B1600053B10023099320238DF8293030238DF823
:10B170002A30DFF8D4B144E02146304601F038FFF0
:10B180000028EED04FF0FF30D5E0039A111D126871
:10B190000391002A80F28C80524243F00200079211
:10B1A000049098F800302E2B00F08480032298F849
:10B1B00000106548F5F724F848B14023CBEB0000B8
:10B1C00003FA00F0049B1843049008F1010898F872
:10B1D00000105E488DF82810062208F10107F5F7E7
:10B1E0000FF8002800F09580594B002B40F0888024
:10B1F000039B073323F0070308330393099B53444E
:10B200000993B846454615F8013B1BB9B8EB070949
:10B210000FD003E0252BF9D0A846F3E74B463A467A
:10B2200021463046FFF76CFF01307FD0099B4B442D
:10B23000099398F80030002B78D000234FF0FF32AC
:10B2400004930793059206938DF853301A930127C0
:10B25000052229783F48F4F7D3FF05F10108049B44
:10B2600038B13C4A801A07FA00F01843049045466A
:10B27000EEE7D90644BF20228DF853201A0744BFB9
:10B280002B228DF853202A782A2A3FF47EAF079A82
:10B2900000210A20A846013598F80030303B092BE0
:10B2A00003D800FB02320121F4E700293FF479AF13
:10B2B000079276E798F801302A2B0BD1039B1A1DD1
:10B2C0001B680392002BB8BF4FF0FF3308F1020850
:10B2D00005936BE70023059308F1010019460A2541
:10B2E0008046013098F80020303A092A03D805FB3F
:10B2F00001210123F4E7002B3FF458AF059155E7F6
:10B3000003AB00932246144B04A9304600F0BAF870
:10B3100007E003AB009322460F4B04A9304600F030
:10B3200065FBB0F1FF3F82467FF468AFA3895B06FF
:10B330003FF528AF09981DB0BDE8F08F440A010819
:10B34000640A0108840A0108A2090108A609010883
:10B3500085B400089C09010801B100082DE9FF47E8
:10B3600055EC104B0D9FDDF830A0002D0E46914698
:10B370001946B8BF22462B4627F02007BBBF05F170
:10B3800000431D4600232D23B8BF1446462F0B70E3
:10B3900003D0452F03D1013601E0032100E0022153
:10B3A00003AB019302AB00933246534645EC104B7E
:10B3B00001F036FF472F804602D119F0010F28D047
:10B3C000462F08EB060911D198F80030302B0AD12E
:10B3D0000022002320462946F5F782FB18B9C6F162
:10B3E0000106CAF80060DAF8003099440022002310
:10B3F00020462946F5F774FB08B9302202E0CDF863
:10B400000C9006E0039B994503D9591C03911A70CF
:10B41000F8E7039B0E9AC8EB03034046136004B0A1
:10B42000BDE8F08773B503460029B8BF494203F869
:10B43000022BB4BF2D222B220929427019DD0DF1F8
:10B44000070216460A2591FBF5F405FB141130316D
:10B45000092C02F8011D2146F5DC3031541E02F89A
:10B46000011CB4421A460AD214F8012B03F8012B2E
:10B47000F7E730241A46214402F8024B5970101A9B
:10B4800002B070BD2DE9F04F8DB00C46DDF858804C
:10B4900016461F46054603F019F90368049318463B
:10B4A000F4F7A4FE00230A93D8F800300590073380
:10B4B00023F0070303F1080294F818A0D4F800B0B1
:10B4C000C8F80020D3E90023C4E91223D4E9128983
:10B4D00029F000430793CDF818804FF0FF32A64BB8
:10B4E000DDE90601F5F72EFBA0B94FF0FF32A24BC4
:10B4F000DDE90601F5F708FB60B9002200234046AC
:10B500004946F5F7F7FA10B12D2384F843309B4BE9
:10B510009B4A0AE042464B4640464946F5F712FB35
:10B52000002800F09081974B974ABAF1470F8CBFE3
:10B530009046984603232BF00402236122604FF0CB
:10B5400000093BE0BAF1670F00F08581BAF1470FBF
:10B5500000F08181002303930AAB029309AB0093AF
:10B5600049EC108B0DF123032260CDF804A0616833
:10B570002846FFF7F3FE0AF0DF03472B804600F072
:10B580007F81BAF1650F099900F28881013952462D
:10B5900004F150000991FFF745FF0A9A8318012A28
:10B5A0008146236100F377812268D10700F173811E
:10B5B0009DF8233013B12D2384F843300097334690
:10B5C0000BAA2146284600F09BF9013002D14FF02A
:10B5D000FF3091E123685A0501D4236965E0BAF18F
:10B5E000650F40F2D58000220023D4E91201F5F75F
:10B5F00077FA78B30123654A31462846B8470130C7
:10B60000E5D00A9B099A9A420BDB2368D80708D435
:10B6100023689B0740F111814FF0000804F11909DC
:10B6200006E1059B049A31462846B8470130CED042
:10B630004FF0000804F11A090A9B013B9845E7DA2C
:10B6400001234A4631462846B8470130BFD008F1A9
:10B650000108F1E7099B002B29DC01234B4A314605
:10B660002846B8470130B2D0099B23B90A9B13B9C9
:10B670002368D907CCD5059B049A31462846B8479C
:10B680000130A4D04FF0000904F11A0A099B5B4273
:10B69000994509DA0123524631462846B847013018
:10B6A00095D009F10109F1E70A9B4246A7E00A9A01
:10B6B000A36D9A42A8BF1A46002A914606DC4FF0B5
:10B6C000000A29EAE97904F11A0B11E01346314620
:10B6D00042462846B8470130F1D178E701235A465F
:10B6E00031462846B84701303FF471AF0AF1010AEC
:10B6F000A36DC9EB03029245F0DB08EB0309099A3D
:10B700000A9B9A420FDB2368DA070CD40A9B099A3A
:10B710009844C9EB08089B1A9845A8BF9846B8F109
:10B72000000F08DC0FE0059B049A31462846B84715
:10B730000130EBD14BE743464A4631462846B847ED
:10B7400001303FF444AF4FF0000928EAE87804F1F3
:10B750001A0A09E00123524631462846B84701300B
:10B760003FF435AF09F10109099A0A9B9B1AC8EB0E
:10B7700003039945EEDB4BE7FFFFEF7FAD090108BF
:10B78000B1090108B5090108B9090108C20B01088E
:10B790000A9A012A01DCDB0738D5012342463146EB
:10B7A0002846B84701303FF412AF059B049A314652
:10B7B0002846B84701303FF40AAF00220023D4E9FD
:10B7C0001201F5F78DF920B14FF0000804F11A0AC3
:10B7D0000EE00A9B08F10102013B19E001235246E9
:10B7E00031462846B84701303FF4F1AE08F1010870
:10B7F0000A9B013B9845F1DB4B4604F15002314670
:10B800002846B84701307FF403AFE0E60123424603
:10B8100031462846B8470130EED1D8E601234A46E2
:10B8200031462846B84701303FF4D1AE08F101084F
:10B83000E3680B9A9B1A9845F0DBE0680B9B9842F3
:10B84000B8BF184658E061684B1C4BF480627FF427
:10B8500079AE062301E011B9012363607AE6002383
:10B8600003930AAB029309AB009349EC108B22605F
:10B87000CDF804A00DF123032846FFF76FFD8046A5
:10B88000099BD81C02DB626893421DDDAAF1020A03
:10B890005FFA8AFA75E60133236189E6BAF1660F29
:10B8A00014D10029636807DD216113B92268D2072A
:10B8B0001DD501330B4419E013B92268D00701D517
:10B8C000023313E0012311E04FF0670A099B0A9A43
:10B8D000934205DB22682361D10708D5013305E0D7
:10B8E000002BD4BFC3F10203012313442361099B3E
:10B8F000A3654FF000095BE60DB0BDE8F08F00BF17
:10B900002DE9F04791461F460A698B68DDF82080D3
:10B910009342B8BF1346C9F8003091F84320064659
:10B920000C4612B10133C9F800302368990642BFB2
:10B93000D9F800300233C9F80030256815F0060543
:10B9400010D104F1190A07E0012352463946304666
:10B95000C04701301AD00135E368D9F800209B1A9E
:10B960009D42F1DB94F843302268003318BF012375
:10B9700092060FD5E1185A1C302081F8430022446A
:10B9800094F8451082F84310023303E04FF0FF3083
:10B99000BDE8F08704F1430239463046C047013024
:10B9A000F4D02268D9F80050E36802F00602042AB5
:10B9B00008BF5D1B2269A3680CBF25EAE575002559
:10B9C0009342C4BF9B1AED184FF000091A344D453D
:10B9D00009D00123224639463046C0470130D5D030
:10B9E00009F10109F3E70020BDE8F0872DE9F043F4
:10B9F00017460A7E85B06E2A984606460C460C9B72
:10BA000001F1430E00F0AE8011D8632A22D009D88C
:10BA1000002A00F0BB80582A40F0CA8081F84520F7
:10BA2000834955E0642A1ED0692A1CD0C0E0732ADD
:10BA300000F0B08009D86F2A2ED0702A40F0B8806C
:10BA40000A6842F020020A603EE0752A24D0782A73
:10BA50003AD0ADE01A6801F14205111D1960136872
:10BA600084F84230A8E021681A6811F0800F02D0F3
:10BA7000111D196008E011F0400F02F10401196076
:10BA800002D0B2F9003000E01368002B3CDA2D221E
:10BA90005B4284F8432037E021681A6811F0800F78
:10BAA00002D0111D196007E011F0400F02F10401EE
:10BAB000196001D0138800E01368227E5C496F2A68
:10BAC00014BF0A2208221BE078225A4984F8452034
:10BAD0002268186812F0800F00F104051D6003D180
:10BAE000550601D5038800E00368D00744BF42F043
:10BAF000200222601BB9226822F02002226010225C
:10BB0000002084F8430001E049490A226568A560E5
:10BB1000002D08DB206820F0040020602BB9002DE8
:10BB20007DD175460CE0002B79D07546B3FBF2F061
:10BB300002FB1033CB5C05F8013D03460028F5D12C
:10BB4000082A0BD12368DA0708D5236962689A426C
:10BB5000DEBF302305F8013C05F1FF35C5EB0E03D0
:10BB600023612EE008681A68496910F0800F03D03D
:10BB7000101D1860136808E010F0400F02F1040077
:10BB80001860136801D0198000E019600023236158
:10BB9000754616E01A68111D196015686268002163
:10BBA0002846F4F72DFB08B1401B6060636804E091
:10BBB00004F1420584F8422001232361002384F824
:10BBC0004330CDF800803B4603AA21463046FFF7BC
:10BBD00097FE013002D14FF0FF3026E023692A465C
:10BBE00039463046C0470130F5D023689B0710D551
:10BBF000002504F1190907E001234A463946304679
:10BC0000C0470130E7D00135E368039A9B1A9D4293
:10BC1000F2DBE068039B9842B8BF184605E00B785A
:10BC200084F8423004F142058AE705B0BDE8F083AC
:10BC3000BD090108CE0901082DE9F04F9A468B682D
:10BC400016465A1EB2F5AE7F87B083BF6FF4AE7250
:10BC50009B180193002386BF40F25D138B60019314
:10BC60000B68884643F4F06348F81C3B4FF0000B28
:10BC700007460C4645465A46CDF810B0CDF80CB0F4
:10BC8000D946CDF808B0A168002900F0E5803368F6
:10BC90001B78492B70D016D8392B0DD8312B40D2B8
:10BCA0002D2B46D002D82B2B43D0D5E02E2B00F0E5
:10BCB0009280302B23D0CFE0452B00F09580462B8F
:10BCC00077D0412B0CE0652B00F08E800AD8542BE6
:10BCD00075D002D84E2B34D0BEE0592B75D0612BD5
:10BCE00046D0B9E06E2B2CD004D8662B61D0692BDE
:10BCF00042D0B1E0742B62D0792B66D0ACE02068E2
:10BD000010F4807F0DD0019B20F08000206009F1AD
:10BD10000109002B00F08780013B01310193A160F4
:10BD200081E012EB0B0F40F09780216821F4C07185
:10BD300005E02168080640F18F8021F08001216034
:10BD40006FE06AB9B9F1000F0CD1216801F4E0602D
:10BD5000B0F5E06F06D121F4F0612160012260E0CE
:10BD6000022A5DD0BBF1010F1ED0BBF1040F1AE017
:10BD7000012A71D1022254E0BBF1000F0ED1B9F1BA
:10BD8000000F6CD1216801F4E060B0F5E06F6AD17A
:10BD900021F4F06121604FF0010B42E0BBF1030F91
:10BDA00002D0BBF1050F57D10BF1010B5FFA8BFBF2
:10BDB00037E0BBF1020F4FD14FF0030B31E0BBF185
:10BDC000060F49D14FF0070B2BE0BBF1070F43D112
:10BDD0004FF0080B25E0216888053DD521F420713E
:10BDE0002160CDF808901CE0216801F4A060B0F556
:10BDF000806F04D048052FD5B9F1000F33D08805E6
:10BE00005CBF0298049521F4F06158BFC0EB0900B3
:10BE100041F4C07158BF039021604FF0000900E069
:10BE200003222B700135A368013BA3602369013312
:10BE300023617368013B002B736003DD33680133BA
:10BE4000336020E7D4F88031059231463846984770
:10BE5000059A00283FF417AFB9F1000F03D023680B
:10BE600023F480732360013A012A0ED845450AD98C
:10BE7000D4F87C3115F8011D3246384698472369BD
:10BE8000013B2361F2E70126AFE00BF1FF33062B04
:10BE900022D8BBF1020F12D9ABF1030B5FFA8BFB77
:10BEA000CBEB050B5D4517D0D4F87C3115F8011D9F
:10BEB0003246384698472369013B2361F2E74545FE
:10BEC000E1D9D4F87C3115F8011D3246384698473F
:10BED0002369013B2361F2E72368DA052CD55B0572
:10BEE0000CD54545CFD9D4F87C3115F8011D324623
:10BEF000384698472369013B2361F2E715F8011C96
:10BF00002369652903F1FF3305F1FF3B23610DD060
:10BF100045290BD0D4F87C313246384698472369FE
:10BF200015F8021C013BA5F1020B2361D4F87C310A
:10BF30003246384698475D46266816F0100653D1BB
:10BF40002E70236803F4C063B3F5806F05D1029BA4
:10BF5000C3EB09035A4263B915E0039B9BB10499F3
:10BF60000A2332460131384600F0CAFF039B049D84
:10BF7000C21A04F26F139D4228BF04F5B7751D491C
:10BF8000284600F07BF800224146384600F020FFAA
:10BF90002068DAF8003010F0020F03F1040259ECC7
:10BFA000108BCAF8002002D110F0040503D01B68E2
:10BFB000C3E9008914E01F6810EE102A4B4610EE0A
:10BFC000100A4946F4F7BEFD28B1284600F050F8A3
:10BFD00087ED000A04E040464946F4F711FE386058
:10BFE000E3680133E36000E00026304607B0BDE8B7
:10BFF000F08F00BFDF0901080FB40A4B13B51C68AE
:10C0000024B1A36913B9204601F09CFF05AB049A43
:10C01000A16801932046FFF785F802B0BDE8104003
:10C0200004B070477004002038B5084B1C68054602
:10C0300024B1A36913B9204601F084FFA268294600
:10C040002046BDE8384003F06FBC00BF70040020FC
:10C0500038B5064C002305460846236003F078FEF9
:10C06000431C02D1236803B12B6038BD605100200E
:10C070009FED010A704700BF0000C07F0EB400B5FD
:10C080009CB04FF402711DABADF8141002900690F5
:10C090006FF000410A48049107914FF6FF7153F881
:10C0A000042BADF816100068019302A903F03AF8CA
:10C0B000029B00221A701CB05DF804EB03B07047BD
:10C0C000700400200EB430B59CB01FAC4FF4017268
:10C0D00054F8045BADF8142002900690F4F786F84B
:10C0E0000B4B039007900B930A48019400230F9386
:10C0F00014934FF6FF73ADF816302A46234602A973
:10C10000006803F05FF91CB0BDE8304003B0704731
:10C110003BC100087004002010B50C46B1F90E10A8
:10C1200003F038FC0028ABBF636DA3891B1823F410
:10C130008053ACBF6365A38110BD002070472DE91B
:10C14000F0411F468B89DB0505460C46164605D592
:10C1500002230022B1F90E1002F0C6FAA389B4F945
:10C160000E1023F48053A38132463B462846BDE897
:10C17000F04100F02BBF10B50C46B1F90E1002F0E3
:10C18000B3FA431CA38915BF606523F4805343F4BD
:10C190008053A38118BFA38110BDB1F90E1000F028
:10C1A0009DBF70B504460D4645EC104B164602F097
:10C1B00003FE51EC100B7EB1C5F30A53C3F16B03C0
:10C1C000002B09DD1B0503F17F55002405F5401503
:10C1D00022462B46F4F71CFA70BD00000000000058
:10C1E0002DE9F04F9FB01F460490002338461A9364
:10C1F0000591159202F068FA06460068F3F7F6FF1B
:10C20000059B04464FF0000A4FF0000B1993199B51
:10C210001A780D2A05D8092A13D2002A00F09D8128
:10C2200011E02B2A04D02D2A04D0202A0BD108E0BB
:10C23000002200E001220E925A1C19925B7823B969
:10C240008BE10133E2E700230E93199D2B78302B0D
:10C250005DD16B78582B01D0782B4DD10E9B01937B
:10C260001AAB009302971BABA84A049819A901F0D6
:10C270003EFF10F00706044600F07385062E05D138
:10C280000135002319950E9300F06BBD1A9A3AB14F
:10C2900035211CA802F07DFE1A99049802F0FAFAE2
:10C2A000062E22D8DFE806F0040D08181D0D040044
:10C2B0004FF0000BDA4618E0DDF870A0DDF874B03E
:10C2C00013E01D9B1B9ADDF870A023F4801302F28B
:10C2D000334243EA025B08E0DFF83CB24FF0000A69
:10C2E00003E06FF0004B4FF0FF3A210740F1398532
:10C2F0004BF0004B00F035BD199B5A1C19925B782E
:10C30000302BF9D0002B00F02C85012300E0002316
:10C310004FF000080893199B0993CDF81C80CDF8C5
:10C3200018800A2219980578A5F13003D9B2092995
:10C330000ED806990829DDBF079902FB0133079340
:10C3400002FB0838069B0130013306931990E9E798
:10C350002246316803F0A8FB28B100202B46024694
:10C36000069D01464DE0199B1A191992069A1B5D0C
:10C37000002A3FD11046302B05D1199B5A1C199227
:10C3800001305B78F7E7A3F13102082A3FD8199A08
:10C390000992024600200546303B00F1010123D0FE
:10C3A0000A442E1829460A24B1420CD001314F1EEE
:10C3B000082F03DC079F67430797F5E71029D8BFCD
:10C3C00004FB08F8F0E72844082800F1010505DC23
:10C3D00007980A2101FB0033079304E0102DDCBF0E
:10C3E0000A2101FB08380021199B581C19905B7821
:10C3F000084601E0069D0246A3F130010929CBD988
:10C400000121652B01D0452B53D16DB904E0652B7B
:10C4100040F0B5840022012128B9089B002B00F0D0
:10C420009C80054600E00025199B05930133199374
:10C43000059B5B782B2B05D02D2B01D0002607E028
:10C44000012600E00026059B02331993059B9B788B
:10C45000A3F13004092C2AD8302B04D1199B5C1C81
:10C4600019945B78F8E7A3F13104082C21D8DDF8A2
:10C4700064E0A3F130074FF00A09199B5C1C199482
:10C480005B78A3F1300CBCF1090F03D809FB073727
:10C49000303FF2E7CEEB0404082C44F61F6902DCBF
:10C4A000B945A8BFB94636B1C9F1000903E0059CFA
:10C4B00019944FF00009002D58D1002840F0518404
:10C4C000089A002A40F04D84002946D14E2B25D0F1
:10C4D00002DC492B05D040E0692B02D06E2B1DD029
:10C4E0003BE00B4919A802F034F8002835D0199B1D
:10C4F0000849013B19A8199302F02BF810B9199BB0
:10C5000001331993DFF810B023E000BFE4090108FC
:10C51000B2090108370A01080000F07F9E4919A8F6
:10C5200002F017F8C8B1199B1B78282B0FD11CAA51
:10C530009A4919A802F020F8052808D11D9BDDF8BA
:10C5400070A043F0FF4B4BF4E00B00F00ABCDFF8A7
:10C5500060B24FF0000A00F004BC059B1993159BD4
:10C56000002B00F0098400230E93FCE3069B079840
:10C57000002B08BF2B46102D2C46C2EB0909A8BF83
:10C5800010240693F3F7CEFF092C82468B4613DD69
:10C59000834B03EBC40353E91223F4F739F806463F
:10C5A00040460F46F3F7BEFF02460B46304639467B
:10C5B000F3F77CFE82468B460F2D36DCB9F1000F77
:10C5C00000F0CF8324DDB9F1160F07DC744D05EBC5
:10C5D000C90952465B46D9E9000114E0C5F12503BB
:10C5E000994522DC6E4CC5F10F0504EBC501C5EB86
:10C5F000090552465B46D1E9000104EBC504F4F796
:10C6000007F8D4E90023F4F703F882468B46A8E341
:10C6100019F1160F09DB624DA5EBC909D9E9002311
:10C6200050465946F4F71EF9EFE72C1B4C44002CFA
:10C6300057DD14F00F010AD0594B03EBC1015246EC
:10C640005B46D1E90001F3F7E3FF82468B4634F005
:10C650000F0400F0B380B4F59A7F0BDD002425466B
:10C6600007940694049ADFF84CB1222313604FF02C
:10C67000000A82E14B4E0023241150465946984649
:10C680003746012C0BDDE20704D5D6E90023F3F78A
:10C69000BFFF012308F1010864100836F1E70BB170
:10C6A00082468B46ABF1547B07EBC80752465B468C
:10C6B000D7E90001F3F7ACFF21F000438B460A46AF
:10C6C0001B0D39491B058B428246C7D8A1F5801145
:10C6D0008B4286BFDFF8E0B04FF0FF3A02F1547BA7
:10C6E0006CE06BD0644214F00F020AD02C4B03EBC9
:10C6F000C20350465946D3E90023F4F7B3F8824603
:10C700008B4624115AD01F2C04DD002425460794A3
:10C7100006942BE114F0100F0CBF00236A23234E64
:10C720000593504659460023002C09DDE20704D545
:10C73000D6E90023F3F76CFF012364100836F3E712
:10C740000BB182468B46059BEBB1CBF30A53C3F189
:10C750006B03002B594616DD1F2B0EDD342BDEBF7D
:10C76000203B4FF0FF3202FA03F34FF0000ACCBF38
:10C770004FF05C7B03EA010B05E04FF0FF3202FA59
:10C7800003F303EA0A0A0022002350465946F4F74D
:10C79000A7F90028B9D113E0BA090108200A010855
:10C7A000B00A0108780B01080000A07CF809010814
:10C7B0000000F8FF0000F07FFFFFEF7F00230593EC
:10C7C000079B0093069A099904982B4602F0B4F847
:10C7D000079000283FF442AFB9F1000FC9F1000300
:10C7E000A8BF00230F93002429EAE9731493254678
:10C7F000079B0498596802F018F8069000283FF447
:10C8000031AF079B1A69023203F10C0192000C3020
:10C81000FEF79EFB1CAA1BA94BEC10AB0498CDE9BC
:10C820000AAB02F03EFB1A9000283FF41BAF012137
:10C83000049802F00CF9054600283FF413AF1B9B47
:10C8400005991C9E002BADBF0F9A149ADDF83C8011
:10C8500002EB0308B8BFD21AA3EB01033344B54976
:10C86000A8BF149A013B8B42C6F1360680F28A803B
:10C87000C91A1F29C8BFB04F4FF00109D4BF09FA28
:10C8800001F3FF1AA6EB0106D9BF0893002709FAA6
:10C8900007F7CDF8209008EB0609059BC84516441C
:10C8A0001E444346A8BF4B46B342A8BF3346002BA5
:10C8B000C2BFC3EB0909F61AC3EB08080F9B002B94
:10C8C00064D1B9F1000F7ADC149B002B40F0818019
:10C8D000002E00F38880B8F1000F00F38E80069AD6
:10C8E0001A99049802F009FA044600283FF4BAAEF7
:10C8F000C36809930023C360294602F0E2F90028C7
:10C9000080F28980099B002B40F00482BAF1000F6D
:10C9100040F00082CBF31303002B40F0FB812BF09F
:10C9200000431B0D1B05B3F1D66F40F2F381636921
:10C93000002B6CD021460122049802F071F929469F
:10C94000044602F0BEF9002840F3E4812BF00043D6
:10C95000059A1B0D1B05002A00F08C80B3F1D66FE1
:10C9600000F38880B3F15C7F00F3D681049A222320
:10C970004FF0000A4FF0000B1360079B002B40F0B4
:10C98000DC81EEE101230027089384E729461A465B
:10C99000049802F0F7F8054600283FF463AE01461C
:10C9A0001A9A049802F05CF8099000283FF45AAEF5
:10C9B0001A99049801F06EFF099B1A9381E74A4681
:10C9C0001A99049802F02CF91A9000287FF47CAF91
:10C9D00048E6149A0699049802F0D4F806900028C4
:10C9E0007FF476AF3EE632460699049802F018F9D5
:10C9F000069000287FF46FAF34E62946424604983B
:10CA000002F00EF9054600287FF469AF2AE6236993
:10CA1000012B8FDC7EE161D1099ACBF3130322B3A2
:10CA200046498B425A462ED1059B514663B1444B31
:10CA30001340B3F1D46F07D81B0DC3F16B034FF054
:10CA4000FF3000FA03F301E04FF0FF338B421AD1BD
:10CA50003C498A4202D101333FF404AE384B1340C3
:10CA600003F5801B4FF0000A54E163B9BAF1000FDF
:10CA700009D16BE7A3F580136FEA135B6FEA0B5BD9
:10CA80004FF0FF3A46E117B117EA0B0F02E0089B9F
:10CA900013EA0A0F00F03E81099B059A5046594659
:10CAA00053B1FFF77EFB02460B46DDE90A01F3F7BF
:10CAB000FDFB82468B462DE1FFF773FB02460B46DA
:10CAC000DDE90A01F3F7F0FB0022002382468B46E2
:10CAD000F4F706F800287FF449AF1BE12946204609
:10CAE00002F02DFA57EC106B00224FF0804310EE4D
:10CAF000100A3946F4F708F8002842D0099B23B100
:10CB00004FF00008DFF8409011E0BAF1000F03D1B8
:10CB1000CBF313033BB91BE0BAF1010F03D1BBF117
:10CB2000000F3FF423AFDFF824904FF000080026F9
:10CB3000054F39E002FCFFFFE2FBFFFFFFFF0F00A4
:10CB40000000F07FFFFFEF7F0000F03F0000F0BF2C
:10CB50000022994B30463946F3F7CCFF40B93046B6
:10CB600039460022954BF3F753FD06460F4601E088
:10CB7000924F002607F1004316961793DDE91689B8
:10CB800012E08E4B304639460022F3F741FD099BF7
:10CB900006460F4623B901F100431090119301E0BE
:10CBA000CDE91067DDE910892BF000431B0D1B0553
:10CBB0000893089A824B9A422BD1DDE90A23ABF104
:10CBC000547B4BEC10ABCDE90C2302F0F5F840465A
:10CBD00053EC102B4946F3F71BFD52465B46F3F727
:10CBE00065FB21F000431B0D764A1B0593428246EC
:10CBF0000CD9754B0D9A9A4203D10C9B01333FF42B
:10CC000031ADDFF8C4B14FF0FF3A72E001F1547B6F
:10CC100038E0059B33B3089BB3F1D46F22D85EA3F1
:10CC2000D3E9002330463946F3F76EFFA8B1394601
:10CC30003046F3F7C5FF002808BF0120F3F772FC68
:10CC4000099B06460F4623B901F100431290139346
:10CC500001E0CDE91267DDE91289089A09F1D6638E
:10CC6000C2EB03099DED0A0B02F0A6F8404653EC17
:10CC7000102B4946F3F7CCFCDDE90A23F3F716FB4A
:10CC800082468B46059BA3BB2BF000431B0D089AE5
:10CC90001B059A42D8462CD139463046F3F768FF37
:10CCA000F3F750FC0B46024639463046F3F7FCFAE0
:10CCB000099B06460F462BB9BAF1000F02D1CBF300
:10CCC000130383B136A3D3E9002330463946F3F783
:10CCD00011FF002831D134A3D3E90023304639466F
:10CCE000F3F726FF04E032A3D3E90023F3F702FFB2
:10CCF00018BB1A99049801F0CDFD0699049801F02B
:10CD0000C9FD2946049801F0C5FD2146049801F0AB
:10CD1000C1FD6DE5059B83B12C4B0D9300230C9356
:10CD200050465946DDE90C23F3F772FC82468B46E8
:10CD300019B910B9049A222313601A99049801F0C2
:10CD4000A9FD0699049801F0A5FD2946049801F073
:10CD5000A1FD0799049801F09DFD2146049801F07A
:10CD600099FD159B13B1159A199B13600E9B1BB16E
:10CD700052460BF1004307E052465B4604E00025B3
:10CD80002A460121FFF73FBB43EC102B1FB0BDE843
:10CD9000F08F00BFAFF300800000C0FFFFFFDF4156
:10CDA0009535A094FFFFDF3F35E5AF350000E03F4C
:10CDB0009535A094FFFFCF3F0000F03F0000E03F1B
:10CDC0000000E07FFFFF9F7CFFFFEF7F00005039F6
:10CDD000054B1B6810B41B6A044C002B08BF23468C
:10CDE0005DF8044BFFF7FCB97004002074040020C8
:10CDF0002DE9F0478046894692461E460F463D463D
:10CE0000089815F8014B01F051FC2044427802F0DB
:10CE1000080202F0FF030AB12F46F0E72D2C03D1E0
:10CE2000BD1C7C78012303E02B2C04BF7C78BD1C47
:10CE300016B1102E0AD15EE0302C5AD12A7802F0B9
:10CE4000DF02582A50D16C7810260235002B14BF0F
:10CE50004FF000426FF00042B2FBF6FE06FB1E21CF
:10CE600000221046A4F13007092F01D83C460AE001
:10CE7000A4F14107192F01D8373C04E0A4F1610760
:10CE8000192F13D8573CA64210DD571C0BD08645EE
:10CE900007D301D1A14203DB00FB0640012202E0DF
:10CEA00070464FF0FF3215F8014BDBE7511C0ED1F5
:10CEB000002B4FF0220314BF4FF000406FF00040F2
:10CEC000C8F80030BAF1000F07D1BDE8F08703B110
:10CED0004042BAF1000F11D00AB1013D00E04D46C9
:10CEE000CAF80050BDE8F0873024002EAED10826E5
:10CEF000ACE70A26AAE7302CA0D0A7E7BDE8F08768
:10CF000037B5064C064D2468246A002C08BF2C4611
:10CF10000094FFF76DFF03B030BD00BF7004002028
:10CF200074040020F8B50F461446054618B183690D
:10CF30000BB901F007F8224B9C4201D16C6808E064
:10CF4000204B9C4201D1AC6803E01F4B9C4208BFC0
:10CF5000EC68A369A360A3891A0709D523693BB1CB
:10CF600023682069181A63699842FEB20FDB08E053
:10CF70002146284600F03CF80028F1D04FF0FF365B
:10CF80001BE02146284600F073FF0028F6D1A36875
:10CF9000013BA36023685A1C22601F706369013043
:10CFA000984204D0A389DB0707D50A2E05D1214674
:10CFB000284600F05DFF0028E0D13046F8BD00BFF4
:10CFC000440A0108640A0108840A010838B5074CBC
:10CFD000054608461146002222601A46FBF79CFFD0
:10CFE000431C02D1236803B12B6038BD605100207F
:10CFF000324B70B51D6806460C4625B1AB6913B9B6
:10D00000284600F09FFF2E4B9C4201D16C6808E03F
:10D010002C4B9C4201D1AC6803E02B4B9C4208BFD7
:10D02000EC68B4F90C309AB215071DD4D00602D4BE
:10D03000092232603AE0510712D5616B41B104F127
:10D040004403994202D03046FDF796FF0023636304
:10D05000A38923F02403A381002363602369236051
:10D06000A38943F00803A38123694BB9A38903F47F
:10D070002073B3F5007F03D02146304601F06AFBF0
:10D08000A28912F0010305D00023A36063695B420B
:10D09000A36103E0920758BF6369A36023695BB98A
:10D0A000B4F90C3003F0800080B230B143F040039B
:10D0B000A3814FF0FF3070BD002070BD70040020D0
:10D0C000440A0108640A0108840A010808B5062018
:10D0D00002F0CEFC012002F049FE000038B5064CFB
:10D0E000002305460846236002F0FAFD431C02D1E6
:10D0F000236803B12B6038BD605100202DE9F74F44
:10D1000003690C699C42804600F38380013C01F175
:10D1100014074FEA840E00F1140657F8245006EB6A
:10D120000E030193013556F82430B3FBF5F507EBF8
:10D130000E09002D39D04FF0000A3846B446D346C8
:10D1400050F8042B93B205FB03A34FEA134A9BB29A
:10D15000C3EB0B03120CBCF800B005FB02A213FAE0
:10D160008BF34FEA124A1FFA82FBDCF80020CBEB6C
:10D17000124202EB23429BB243EA024381454FEA4B
:10D18000224B4CF8043BDBD256F80E306BB9019BB6
:10D19000043B9E421A4602D3C8F8104005E01268CC
:10D1A000043B002AF8D1013CF3E7404601F089FD39
:10D1B00000282CDB013530464FF0000E57F8041BD9
:10D1C000D0F800C08AB2C2EB0E03090C13FA8CF33C
:10D1D000C1EB1C4202EB23429BB243EA0243B94536
:10D1E0004FEA224E40F8043BE8D256F8242006EBE2
:10D1F000840362B9043B9E421A4602D3C8F8104029
:10D2000005E01268043B002AF8D1013CF3E7284608
:10D2100000E0002003B0BDE8F08F00000000000037
:10D220002DE9F04F59EC108B97B0456A0691824674
:10D2300009921093209CCDE9008945B91020FDF793
:10D2400077FECAF82400456085600560C560DAF89D
:10D250002430196859B15A684A60012393408B60A1
:10D26000504601F017FBDAF8243000221A60019BC7
:10D270009F4A002BBFBF01232360019B23F0004383
:10D28000B8BF0193019FA4BF0023236027F0004390
:10D290001B0D1B0593421DD1109A42F20F731360B0
:10D2A000009B43B9934A944BC7F31300002814BF63
:10D2B0001846104600E09048219B002B00F04A855C
:10D2C000C37813B100F1080300E0C31C219A136076
:10D2D00000F040BDDDE9004500220023204629463C
:10D2E000F3F7FEFB804658B1109A01231360219B8F
:10D2F000002B00F0228581481860013800F02ABD1B
:10D3000014AA15A945EC104B504601F0CAFDC7F30D
:10D310000A5602905EB1C5F3130343F07F512046D5
:10D3200041F44011A6F2FF36CDF844801DE0159B74
:10D33000149E1E4406F23243202B0ADD009A06F2A8
:10D340001240C3F1400322FA00F007FA03F3184336
:10D3500004E0C3F12000009B03FA00F0F3F7E2F8C9
:10D360000123A1F1F871013E11930022644BF2F701
:10D370009BFF59A3D3E90023F3F74AF958A3D3E954
:10D380000023F2F793FF044630460D46F3F7DAF830
:10D3900055A3D3E90023F3F73BF902460B46204699
:10D3A0002946F2F783FF04460D46F3F7E1FB00221E
:10D3B0008346002320462946F3F79CFB58B1584684
:10D3C000F3F7C0F802460B4620462946F3F788FBE0
:10D3D00008B90BF1FF3BBBF1160F0DD8494901EB22
:10D3E000CB01DDE90023D1E90001F3F7A1FB30B166
:10D3F0000BF1FF3B002300E001230D9300E00D90B3
:10D40000149B9E1B731E059343BFC3F100090023A9
:10D4100005934FF00009BBF1000F07DB059BCDF82A
:10D4200030B05B4405930023079306E0CBF1000383
:10D4300007930023CBEB09090C93069B092B27D8F4
:10D44000052BC4BF043B0693069BA3F10203CCBF8C
:10D4500000250125032B20D8DFE803F0060E020487
:10D46000012302E0012308E000230893099B002B1D
:10D470001CDD039398461EE000230893099B5B4440
:10D4800003F1010803934346012BB8BF012312E0C7
:10D49000012500230693089501E0012308934FF02E
:10D4A000FF33039398460022122303E001230393E2
:10D4B00098461A460992DAF8244000226260042154
:10D4C00001F114029A421FD8626801326260490079
:10D4D000F6E700BFAFF3008061436F63A787D23FD9
:10D4E000B3C8608B288AC63FFB799F501344D33F53
:10D4F0000000F07F340A01083D0A0108C30B01084F
:10D500000000F83FB00A01086168504601F08DF94B
:10D51000DAF8243020601B680493B8F10E0F00F293
:10D520005D81002D00F05A819DED007BBBF1000F65
:10D530008DED0E7B31DDA04A0BF00F0302EBC30330
:10D5400093ED007B4FEA2B14E2068DED0A7B0CD5A0
:10D550009A4BDDE90E01D3E90823F3F783F904F0D0
:10D560000F04CDE90001032600E00226934D6CB1C3
:10D57000E30708D5DDE90A01D5E90023F3F748F808
:10D58000CDE90A01013664100835F0E7DDE90A2328
:10D59000DDE90001F3F766F920E0CBF1000404B304
:10D5A000854B864D04F00F0203EBC203D3E9002341
:10D5B000DDE90E01F3F72CF8CDE900012411002379
:10D5C000022654B1E70705D5D5E90023F3F720F883
:10D5D0000136012364100835F3E71BB1CDE90001E2
:10D5E00000E002260D9BEBB1DDE900450022744B03
:10D5F00020462946F3F77EFAA0B1B8F1000F11D00A
:10D60000039B002B40F3E6800BF1FF330A930022CB
:10D610006C4B20462946F2F7FBFF0136CDE90001AD
:10D62000039F02E0CDF828B047463046F2F78AFF64
:10D63000DDE90023F2F7ECFF0022634BF2F736FE40
:10D640000446A1F15075CFB90022604BDDE900011D
:10D65000F2F72AFE22462B46CDE90001F3F768FADD
:10D66000002840F04182224605F10043DDE9000137
:10D67000F3F740FA002840F02E82ABE0089A4E4BB8
:10D68000791E002A4AD003EBC103D3E9002300200E
:10D690004F49F3F7E7F822462B46F2F705FE049CC4
:10D6A00005460E46DDE90001F3F762FA1290F2F743
:10D6B00049FF02460B46DDE90001F2F7F5FD129B3A
:10D6C000303304F8013B2A463346CDE90001F3F735
:10D6D00011FA002840F02183DDE9002300203849B9
:10D6E000F2F7E2FD2A463346F3F704FA002840F049
:10D6F000D280049BE31ABB426CDA0022314B2846ED
:10D700003146F2F785FF002205460E462D4BDDE936
:10D710000001F2F77DFFCDE90001C3E703EBC10192
:10D7200022462B46D1E90001F2F772FF049BCDE9B6
:10D730001201DC191D46DDE90001F3F719FA06466E
:10D74000F2F700FF303602460B46DDE90001F2F742
:10D75000ABFD05F8016BAC42CDE900014FF00002D2
:10D7600023D11B4BDDE91201F2F7A0FD02460B4667
:10D77000DDE90001F3F7DCF9002840F08C80DDE9F9
:10D78000122300201249F2F78FFD02460B46DDE915
:10D790000001F3F7AFF9E8B114F8013C302B04F1C4
:10D7A000FF3240F0BA821446F6E7064BF2F730FF3C
:10D7B000CDE90001BFE700BFB00A0108780B0108FE
:10D7C0000000F03F0000244000001C400000144016
:10D7D0000000E03FDDE90E34CDE90034159B002B5D
:10D7E0007CDBBBF10E0F79DC8F4B03EBCB03D3E972
:10D7F0000067099B002B14DAB8F1000F11DC40F030
:10D800006C810022894B30463946F2F701FFDDE991
:10D810000023F3F783F945464646002840F05F8130
:10D8200066E1049C32463B46DDE90001F3F71AF855
:10D83000F3F79EF90546F2F785FE32463B46F2F7CE
:10D84000E7FE0B460246DDE90001F2F72DFD05F18A
:10D85000300E04F801EB049BC3EB040EF045CDE958
:10D8600000012ED102460B46F2F720FD8046894684
:10D8700002460B4630463946F3F73CF978B9424642
:10D880004B4630463946F3F72BF9002800F0478223
:10D89000E90704D443E2DDF828B000E01C4614F8A0
:10D8A000012C392A04F1FF3307D1049A9A42F5D1A9
:10D8B000049930220BF1010B0A701A7801321A70A8
:10D8C0002DE200225A4BF2F7A3FE00220023CDE9FD
:10D8D0000001F3F705F90028A4D020E2089A002AF5
:10D8E0002DD0069A012A0ADC119A12B103F23343B1
:10D8F00002E0149BC3F13603079D4C4615E0079BDD
:10D9000008F1FF35AB42BFBF079B0795EA1A0C9B96
:10D91000B7BF9B185D1B0C930025B8F1000FB9BF72
:10D92000C8EB090400234C464346059A01211A44DA
:10D9300050469944059201F08AF8064602E0079D98
:10D94000089E4C465CB1059B002B08DDA342059A5E
:10D95000A8BF2346C3EB0909E41AD31A0593079B12
:10D96000002B1DDD089BABB185B131462A465046E0
:10D9700001F008F9029A01460646504601F070F897
:10D9800002990746504600F085FF0297079B5A1BF5
:10D9900006D000E0079A0299504601F0F3F8029091
:10D9A0000121504601F053F80C9B05465BB31A4623
:10D9B0000146504601F0E6F8069B012B054618DCAF
:10D9C000009B83B9019BC3F3130373B9019B23F03D
:10D9D00000473F0D3F054FB1059B013309F1010998
:10D9E0000593012702E0002700E0009F0C9B73B124
:10D9F00000E000272B6905EB8303186900F0DAFFCC
:10DA0000C0F1200004E0069B012BD9DD0C9F012012
:10DA1000059B184410F01F000ED0C0F12003042B0A
:10DA200008DDC0F11C0008E0B00A01080000144045
:10DA30000000244006D018461C30059B0344814456
:10DA400004440593B9F1000F05DD4A46029950469A
:10DA500001F0E6F80290059B002B05DD29461A46E9
:10DA6000504601F0DDF805460D9BEBB129460298C2
:10DA700001F027F9002817DA00230A2202995046FC
:10DA800000F01FFF089B02900BF1FF3B002B00F002
:10DA90005881002331460A22504600F012FF039BB2
:10DAA000002B064637DC33E0B8F1000F2ADC069B7A
:10DAB000022B27DDCDF80C80039B83B92946052274
:10DAC000504600F0FEFE01460546029801F0F9F8C6
:10DAD00000280DDC03E03D4600E000252E46099BB2
:10DAE000049C6FEA030B0AE0DDF828B03D463E4691
:10DAF000049B049A5C1C312313700BF1010BB0469C
:10DB00000026F7E0089BCDF80C8023B9049CB1E017
:10DB1000069B022BD0DC002C05DD31462246504608
:10DB200001F07EF806469FB17168504600F07DFE18
:10DB3000326902320446920006F10C010C30FDF706
:10DB400007FA01222146504601F06AF8804600E0BB
:10DB5000B046009BDDF8109003F0010305932946C1
:10DB60000298FFF7CBFA3146044600F130070298DD
:10DB700001F0A7F8424600902946504601F0BDF852
:10DB8000C36802463BB901460790029801F099F834
:10DB9000079A034600E0012311465046079300F020
:10DBA00079FE079B4BB9069A3AB9059A2AB9392FDB
:10DBB00028D0009B002B1ADC1BE0009A002A04DB13
:10DBC0001AD1069AC2B9059AB2B9002B11DD012209
:10DBD0000299504601F024F82946029001F071F8AC
:10DBE000002802DC05D1FA0703D5392F0AD004F149
:10DBF000310709F101040CE0002B09F101040BDDF0
:10DC0000392F05D1392389F8003009F1010954E091
:10DC1000013789F800706DE0049B039A04F8017CD9
:10DC2000E31A9342A1463AD000230A2202995046B1
:10DC300000F047FE464502904FF000034FF00A0205
:10DC40003146504604D100F03CFE0646804686E749
:10DC500000F037FE4146064600230A22504600F0F7
:10DC600030FE80467BE700230A220299504600F0EE
:10DC700028FE029029460298FFF740FA00F130078B
:10DC800004F8017B049B039AE31A9342EBDB049BA9
:10DC9000012AACBF9B180133B046994600260122E9
:10DCA0000299504600F0BCFF2946029001F009F8A5
:10DCB000002802DC15D1FB0713D54C4614F8013CB3
:10DCC000392B04F1FF3209D1049B934204D10BF1AB
:10DCD000010B3123049A02E01446EFE7013313707D
:10DCE00008E04C4614F8013C302B04F1FF3201D11E
:10DCF0001446F7E72946504600F0CCFDB8F1000F76
:10DD00000DD02EB1464503D03146504600F0C2FD3D
:10DD10004146504600F0BEFD01E0DDF828B0029912
:10DD2000504600F0B7FD0023109A23700BF1010359
:10DD30001360219B1BB11C6001E008480AE00498B5
:10DD400008E0039B002B3FF7E1AE069B022B7FF719
:10DD5000DDAEB1E617B0BDE8F08F00BFC20B010821
:10DD60008A892DE9F041054610070C4659D44B68C5
:10DD7000002B02DC0B6C002B17DDE66AAEB102F45F
:10DD80008052002392B22F682B600AB1606D15E0BB
:10DD9000216A01232846B047411C0FD12B686BB183
:10DDA0001D2B01D0162B03D12F600020BDE8F08180
:10DDB000A38943F04003A381BDE8F081A3895A07FA
:10DDC00005D56368C01A636B0BB1236CC01A0023BE
:10DDD0000246E66A216A2846B047431CA38906D159
:10DDE00029681D293AD8214ACA40D60736D50022CB
:10DDF0006260D9042269226004D5421C01D12B68DB
:10DE000003B96065616B2F600029CED004F1440333
:10DE1000994202D02846FDF7AFF800206063BDE8C4
:10DE2000F0810F69002FC0D093070E6808BF4B69BF
:10DE30000F6018BF0023C7EB06088B6002E00744A1
:10DE4000C0EB0808B8F1000FAFDD43463A46216A3F
:10DE5000A66A2846B0470028F1DCA38943F04003B6
:10DE6000A3814FF0FF30BDE8F08100BF01004020EA
:10DE700038B50B6905460C46DBB118B183690BB99F
:10DE800000F060F80C4B9C4201D16C6808E00B4B31
:10DE90009C4201D1AC6803E0094B9C4208BFEC688E
:10DEA000B4F90C302BB121462846BDE83840FFF7C5
:10DEB00057BF002038BD00BF440A0108640A0108AA
:10DEC000840A0108014900F0A9B800BF71DE00080A
:10DED000002310B50446036043608360818143667C
:10DEE000C281036143618361194608225C30FDF7FA
:10DEF0003AF8054B6362054BA362054BE362054BA1
:10DF00002462236310BD00BF19C100083FC100088F
:10DF100077C100089BC1000870B568234D1E5D43A2
:10DF20000E4605F17401FDF775F8044640B1002175
:10DF300080E842000C30A06005F16802FDF713F89C
:10DF4000204670BD836910B5044633BB8364C36447
:10DF50000365124B124A1B688262984204BF012378
:10DF6000836100F01FF86060204600F01BF8A0609D
:10DF7000204600F017F80022E06004216068FFF7F7
:10DF8000A7FF01220921A068FFF7A2FF02221221A8
:10DF9000E068FFF79DFF0123A36110BD9809010808
:10DFA000C5DE0008F8B51C4B1E68B369074613B9F7
:10DFB0003046FFF7C7FF4836B4687368013B04D4A6
:10DFC000B4F90C507DB16834F8E733680BB13668AA
:10DFD000F2E704213846FFF79FFF30600028F6D1B2
:10DFE0000C233B60F8BD4FF6FF73E3810123A3814F
:10DFF00065662560A560656025616561A56108228B
:10E00000294604F15C00FCF7AEFF6563A563A564D7
:10E01000E5642046F8BD00BF980901082DE9F843E2
:10E020008046894600F14804002694B1A5686768D7
:10E03000013F0CD4AB89012B07D9B5F90E30013360
:10E0400003D029464046C84706436835F0E72468B0
:10E05000EBE73046BDE8F883F0B506694B11B342F3
:10E0600000F1140527DA11F01F0105EB860605EB18
:10E07000830201D1294616E0141D55F82320C1F171
:10E08000200ECA402B46B44209D2276807FA0EF781
:10E090003A4343F8042B54F8042BCA40F3E71A60C0
:10E0A00052B1043308E0B2420B4605D252F8043BA9
:10E0B00041F8043BF7E72B465B1B9B10036103B958
:10E0C0004361F0BDA0F13003092B01D820380AE0EC
:10E0D000A0F16103052B01D8473804E0A0F141030A
:10E0E000052B02D82738C0B27047002070472DE9B1
:10E0F000F04F8BB08A46029016980693904600F037
:10E10000E3FA036803931846F2F770F8039B019053
:10E1100003444FF0000B13F8013C0793DAF800308A
:10E1200002331F4613F8010B302802D10BF1010B0B
:10E13000F7E7FFF7C7FF0446E0B9019A03993846AD
:10E1400001F0B2FC002834D1019BF85CFE18FFF707
:10E15000B9FF80B33346187830281F4603F1010316
:10E16000F9D0FFF7AFFFB0FA80F56D0934464FF0F4
:10E17000010B01E000252C463A4616460132307864
:10E18000FFF7A0FF0028F8D1019A0399304601F06B
:10E190008BFC50B954B9019BF41822461646013243
:10E1A0003078FFF78FFF0028F8D134B1A41BA4000A
:10E1B00003E03E4600E0044601253378502B01D0B1
:10E1C000702B2AD173782B2B08D02D2B03D0711CE8
:10E1D0004FF0000905E04FF0010901E04FF00009A0
:10E1E000B11C0878FFF76EFF431EDBB2182B14D862
:10E1F000A0F1100211F8010FFFF764FF431EDBB21C
:10E20000182B04D80A2303FB0202103AF2E7B9F1F3
:10E21000000F00D05242144400E03146CAF800100A
:10E220002DB1BBF1000F14BF002006207CE1F31BD1
:10E23000013B2946072B02DD01315B10FAE702980A
:10E2400000F0F3FA019B00F1140A4FF00009C3F14A
:10E2500001030546CDF810A0CB460893B7422FD254
:10E26000731E0593079A16F8013C93420BD0BBF13D
:10E27000200F16D1049BC3F8009004334FF000091F
:10E280000493CB460DE0059B089A13449F42EED8B9
:10E290001846019A0399099301F006FC099B68B19D
:10E2A000E5E716F8010CFFF70DFF00F00F0000FA8C
:10E2B0000BF0059B49EA00090BF1040B1E46CDE764
:10E2C000049840F8049BCAEB0000801028614701C5
:10E2D000484600F06FFBD8F80060381AB04226DDDF
:10E2E000871B3946284600F06EFEC8B17B1E5911C7
:10E2F00003F01F024FF001095AF8211009FA02F247
:10E300000A420ED04B4502DC4FF0020909E0B91E6B
:10E31000284600F058FE0028F6D04FF0030900E030
:10E32000814639462846FFF797FE3C440CE009DA5F
:10E33000371A29463A46029800F072FCE41B05465B
:10E3400000F1140A4FF00009D8F808309C4208DDAB
:10E350000298294600F09EFA149A00231360A32025
:10E36000E2E0D8F80400844253DA041BA6422EDC13
:10E37000D8F80C30022B1AD0032B1CD0012B1DD146
:10E38000A6421BD1012E0BDC069AD8F8043013608C
:10E3900001232B61CAF80030149B62201D60C3E08A
:10E3A000711E284600F00FFE0028EDD106E0159BF7
:10E3B000002BE9D002E0159B002BE5D102982946FD
:10E3C00000F068FA149A002313605020ACE0671E36
:10E3D000B9F1000F06D13FB13946284600F0F3FDF0
:10E3E000814601E04FF001097A11012307F01F0770
:10E3F00003FA07F75AF8223021461F42284618BF71
:10E4000049F00209361BFFF727FE0227D8F804401F
:10E4100000E00127B9F1000F00F08180D8F80C303E
:10E42000022B0ED0032B10D0012B76D119F0020F46
:10E4300073D0DAF8000049EA000919F0010F07D19A
:10E440006BE0159BC3F101031593159B002B64D062
:10E45000D5F810A005F114034FEA8A0903EB09016E
:10E4600000201A68B2F1FF3F02D001321A6020E0AA
:10E4700043F8040B9942F4D8AB689A4512DB6968FB
:10E480000298013100F0D1F92A69023205F10C013C
:10E49000834692000C30FCF75BFD2946029800F0A1
:10E4A000F9F95D462B695A1C05EB83032A610122A9
:10E4B0005A61022F05F1140211D1D8F80030013B46
:10E4C0009E4227D17111012306F01F0603FA06F6BA
:10E4D00052F821301E420CBF022701271AE02B6997
:10E4E0009A450ADA01212846FFF7B6FDD8F8083028
:10E4F00001349C423FF72CAF0BE016F01F0608D00A
:10E500009144C6F1200659F8040C00F053FAB042C9
:10E51000E8DB012747F0200701E047F01007149BD4
:10E520001D60069B38461C600BB0BDE8F08FC2F141
:10E530000802920070B5C2F120064368056803FA2C
:10E5400006F42C43D340046040F8043F8842F4D3DF
:10E5500070BD30B5036811F8014B01334CB11A7826
:10E56000A2F14105192D98BF2032A242F3D000201C
:10E5700030BD0360012030BD2DE9F04F0B68D0F8AD
:10E5800000B05E1102EB860613F01F0385B018BFC2
:10E590000436351F174600228246019346F8042CA4
:10E5A000A8462C46009291461BF8011F00293CD03A
:10E5B000084603920291FFF785FD039A00BB02997A
:10E5C000202916D8009B9945EEDD444505D2072A3F
:10E5D00003DC41462046FFF7AAFFBC4223D90023B3
:10E5E000A4F1040844F8043CCDF8009044461A46CF
:10E5F000DAE7292948D10BF10103CAF8003014E009
:10E600000132082A09F1010906DDBC42CCD90023F8
:10E6100044F8043C0122043C216800F00F0040EA69
:10E6200001102060C0E70822BEE7B9F1000F2BD02F
:10E63000444505D2072A03DC41462046FFF777FF11
:10E64000BC420CD93B4654F8042B43F8042BA5429A
:10E65000F9D2002243F8042B9D42FBD20BE0019B30
:10E660004BB1C3F120024FF0FF33D34056F8042CD6
:10E67000134046F8043C2B6843B9BD4202D1012344
:10E680002B6003E0043DF6E7042000E0052005B020
:10E69000BDE8F08F034B1B68186A034B002808BFC6
:10E6A000184670477004002074040020D0F8EC0075
:10E6B0007047000008B5034B1868FFF7EBFFD0F870
:10E6C000EC0008BD70040020F0307047044B1B685C
:10E6D000186A044B002808BF1846F030704700BF86
:10E6E000700400207404002038B5074C0546084625
:10E6F0001146002222601A4601F01AFB431C02D187
:10E70000236803B12B6038BD6051002070B50E4600
:10E71000B1F90E10002990B014461D4606DA002308
:10E720002B60B3891A060ED540230EE001AA01F032
:10E73000ABFA0028F3DB029A02F47042A2F5005310
:10E740005A425A412A604FF480630020236010B07F
:10E7500070BD00008B8973B59E0705460C4610D42A
:10E7600001AB6A46FFF7D2FF009906462846FCF740
:10E7700051FC68B9B4F90C309A0522D443F0020375
:10E78000A38104F14703236023610123636118E03F
:10E790000D4BAB62A389206043F08003A381009BF3
:10E7A0006361019B20614BB1B4F90E10284601F062
:10E7B0007DFA18B1A38943F00103A381A0893043F6
:10E7C000A08102B070BD00BFC5DE000882B001B9F3
:10E7D00001A93AB143B113780B601278101C18BF2D
:10E7E000012003E0104601E06FF0010002B0704725
:10E7F000884210B501EB020301D8421E0BE098429B
:10E80000FBD28118D21AD34204D013F8014D01F87B
:10E81000014DF8E710BD994204D011F8014B02F800
:10E82000014FF8E710BD7047704770B5456A044660
:10E830000E463DB91020FCF77BFB606245608560A9
:10E840000560C560656AEB6843B1636ADB6853F8CD
:10E85000260078B1026843F8262017E0212204211F
:10E86000204600F0D2FB636AE860DB68002BECD145
:10E87000002070BD012101FA06F56A1D92002046B4
:10E8800000F0C3FB0028F3D04660856000230361DD
:10E89000C36070BD70B5446A06460D463CB9102091
:10E8A000FCF746FB7062446084600460C4603DB164
:10E8B000736A6A68DB6853F82210296043F82250B3
:10E8C00070BD2DE9F0410D691F4606460C4601F169
:10E8D000140E0023DEF8000081B202FB01710F0C60
:10E8E000000C02FB007089B2013301EB00419D4234
:10E8F0004FEA10474EF8041BECDCD7B1A3689D42E9
:10E9000012DB616830460131FFF78FFF2269023266
:10E9100004F10C01804692000C30FCF719FB2146F3
:10E920003046FFF7B7FF444604EB850301355F61CE
:10E9300025612046BDE8F0812DE9F8430C461546D7
:10E940001F4609220833064693FBF2F300210122F9
:10E950009A4202DA52000131FAE73046FFF765FFCA
:10E96000089B4361092D4FF00103036111DD04F1A0
:10E970000908C1462C4419F8013B0146303B0A22E4
:10E980003046FFF79EFFA145F5D108EB0504083C92
:10E9900001E00A3409252D1B63199F4208DD14F894
:10E9A000013B0146303B0A223046FFF78AFFF3E77E
:10E9B000BDE8F883030C1B0413B90004102300E026
:10E9C000002310F07F4F04BF0002083310F0704F97
:10E9D00004BF0001043310F0404F04BF8000023335
:10E9E000002803DB420003D5581C704718467047C7
:10E9F00020207047036813F007020BD0D90722D4F8
:10EA00009A074BBF5B089B08036003604CBF012063
:10EA10000220704799B209B91B0C102213F0FF0FA6
:10EA200004BF1B0A0832190704BF1B0904329907E7
:10EA300004BF9B080232D90702D45B0805D001321B
:10EA4000036010467047002070472020704710B5C3
:10EA50000C460121FFF7E9FE01224461026110BD6D
:10EA60002DE9F74F14460A6923699A42B8BF0B464D
:10EA70008846BCBFA0461C46D8F81070D4F8109049
:10EA8000D8F80830D8F8041007EB09069E42C8BF32
:10EA90000131FFF7CAFE00F1140505EB860C2B4689
:10EAA0000022634502D243F8042BFAE704F1140272
:10EAB00008F1140102EB890301EB87070093009B27
:10EAC0000192934257D9B2F800B0BBF1000F23D0A6
:10EAD0008946AE464FF0000859F8044BBEF800A036
:10EAE000A3B20BFB03A34FEA144ADEF800404344F1
:10EAF0004FEA14480BFB0A8404EB1344F2469BB222
:10EB000043EA04434F454FEA14484AF8043B01D90D
:10EB1000D646E1E7CEF80480019BB3F802A00432A8
:10EB2000BAF1000F21D02B682C4689464FF000081F
:10EB3000B9F800E0B4F802B00AFB0EBEF044A346F8
:10EB40009BB243EA08434BF8043B59F8043BB4F842
:10EB500004E01B0C0AFB03E303EB18434F454FEAA9
:10EB6000134801D95C46E3E763600435A7E75CF826
:10EB7000043D13B9013E002EF9DC066103B0BDE887
:10EB8000F08F00002DE9F843154612F00302064607
:10EB90000F4607D0013A214C002354F82220FFF7FA
:10EBA00090FE0746AD1036D0746A3CB91020FCF7D1
:10EBB000BFF97062446084600460C460D6F8248049
:10EBC000D8F808404CB940F271213046FFF73FFFBA
:10EBD0000023C8F80800044603604FF00008EB0764
:10EBE0000AD5394622463046FFF73AFF3946814674
:10EBF0003046FFF74FFE4F466D100CD0206808B12D
:10EC00000446ECE7224621463046FFF729FF206004
:10EC1000C0F80080F4E73846BDE8F883A00B01088F
:10EC20002DE9F0470C464FEA621A26694968A36845
:10EC3000564407469146751CAB4202DA01315B002F
:10EC4000FAE73846FFF7F1FD0023804600F1140192
:10EC50001A46534503DA41F823200133F9E72AEA3B
:10EC6000EA73206901EB830319F01F0904F1140111
:10EC700001EB800E14D0C9F1200C0022086800FAC4
:10EC800009F002439A4643F8042B51F8042B8E45B1
:10EC900022FA0CF2F2D8CAF8042042B1B51C06E000
:10ECA000043B51F8042B43F8042F8E45F9D8013D5D
:10ECB0003846C8F810502146FFF7ECFD4046BDE845
:10ECC000F08703690A699B1A10B511D192001430BC
:10ECD000143183180A4453F8044D52F8041D8C4231
:10ECE00002D007D3012010BD9842F4D3002010BDFC
:10ECF000184610BD4FF0FF3010BD2DE9F8430C460B
:10ED00000746114620461546FFF7DBFF061E08D1D1
:10ED100031463846FFF789FD012303614661BDE8AE
:10ED2000F883BCBF23462C4638466168BABF1D46EF
:10ED300001260026FFF779FD2B69C660266905F1DB
:10ED40001409143404EB860709EB830800F1140559
:10ED50004FF0000C54F8043B59F8042B1CFA83F1D3
:10ED60001FFA82FE120CCEEB0101C2EB134303EB40
:10ED7000214389B24FEA234CC84541EA0343A646E2
:10ED800045F8043BE6D8BE450ED25EF8041B1CFADB
:10ED900081F2131403EB114392B242EA03424FEAA9
:10EDA000234C45F8042BEEE755F8043D0BB9013E22
:10EDB000FAE70661BDE8F883124B10EE902A1A407C
:10EDC000A2F15073002B02DD0020194617E05B42D0
:10EDD0001B15132B4FF000004FF0000104DC4FF423
:10EDE000002242FA03F10AE0143B1E2B4FF001020D
:10EDF000DABFC3F11F0302FA03F31346184641ECCE
:10EE0000100B70470000F07FF8B5056900F114069B
:10EE100006EB85052F1F55F8044C2046FFF7CAFD69
:10EE2000C0F120030A280B6014DCC0F10B0E24FA99
:10EE30000EF1BE4241F07F5334BF55F8081C00214B
:10EE4000153004FA00F021FA0EF143F4401340EAC1
:10EE5000010223E0BE423ABFA5F1080755F8081C9D
:10EE600000210B3815D08440C0F1200544F07F54B8
:10EE700044F44014B74221FA05FE44EA0E038CBF65
:10EE800057F8044C002401FA00F0EC4040EA040278
:10EE900004E044F07F5343F440130A4643EC102B44
:10EEA000F8BD2DE9F7430E46012159EC108B1546AC
:10EEB000FFF7BBFCC9F30A540746C9F313030CB1AF
:10EEC00043F480130193B8F1000F19D002A840F861
:10EED000088DFFF78FFD009B48B1019AC0F120011A
:10EEE00002FA01F10B43C2407B61019200E07B61B9
:10EEF000019BBB61002B14BF02210121396107E096
:10EF000001A8FFF777FD019B7B610121396120306A
:10EF100034B1A4F2334404443460C0F1350009E054
:10EF200007EB8103A0F2324030601869FFF742FD21
:10EF3000C0EB41102860384603B0BDE8F0832DE9EE
:10EF4000F743884669468146FFF75EFF01A94046C0
:10EF500055EC104BFFF758FFD9F81030D8F81020B7
:10EF60009A1A9DE80A00C91A57EC106B01EB42137C
:10EF7000002BCCBF05EB0355A7EB035732463B46AE
:10EF800020462946F1F76EFC41EC100B03B0BDE8BA
:10EF9000F083013910B549111469013102F11403EC
:10EFA00000EB810103EB8404A342024604D253F830
:10EFB000042B40F8042BF7E700238A4202D242F8E0
:10EFC000043BFAE710BD00F1140200694B119842AE
:10EFD00010B50CDB0CDD11F01F0109D052F82340F5
:10EFE00024FA01F000FA01F18C420CD100E0034652
:10EFF00002EB8303934204D953F8041D0029F9D08E
:10F0000001E0002010BD012010BD38B502FB01F465
:10F010002146FBF7FFFF054618B122460021FBF70A
:10F02000A2FF284638BDF8B5074615460E4621B959
:10F030001146BDE8F840FBF7EDBF1AB9FBF79CFF9E
:10F040002846F8BD00F042FE85420ED929463846D2
:10F05000FBF7E0FF044650B131462A46FBF778FF44
:10F0600031463846FBF788FF01E03046F8BD2046C0
:10F07000F8BD2DE9F0478E689E4282460C469146C7
:10F0800098463ED88A8912F4906F3AD0256809696B
:10F090006F1A6569022305EB450595FBF3F57B1CAB
:10F0A00043449D4238BF1D4653050FD52946FBF703
:10F0B000B1FF064698B13A462169FBF749FFA3899B
:10F0C00023F4906343F08003A38113E02A46FFF703
:10F0D000AAFF064670B921695046FBF74DFF0C2385
:10F0E000CAF80030A38943F04003A3814FF0FF30FA
:10F0F000BDE8F087266165613E44ED1B2660A56092
:10F100004646464528BF4646324649462068FFF7F0
:10F110006FFBA3689B1BA36023681E44266000202E
:10F12000BDE8F0872DE9F04F9DB0804603938B89B1
:10F130001C060D4616460DD50B695BB94021FBF741
:10F1400069FF2860286118B90C23C8F80030CDE0A9
:10F1500040236B610023099320238DF82930DFF8C9
:10F160009CB130238DF82A3037463C4614F8013BD9
:10F170001BB9B7EB060910D003E0252BF9D02746C1
:10F18000F3E74B46324629464046FFF772FF01300F
:10F1900000F0A780099B4B4409933B78002B00F0BB
:10F1A000A08000234FF0FF3204930793059206934B
:10F1B0008DF853301A930126052221784E48F1F735
:10F1C0001FF8671C049B38B14B4A801A06FA00F0FE
:10F1D000184304903C46EFE7D90644BF20228DF83F
:10F1E00053201A0744BF2B228DF8532022782A2A55
:10F1F00003D0079A00210A200BE0039A111D126820
:10F200000391002A10DA524243F002000792049060
:10F210000BE0274601343B78303B092B03D800FB39
:10F2200002320121F5E701B107923B782E2B1ED166
:10F230007B782A2B0AD1039B1A1D1B680392002B93
:10F24000B8BF4FF0FF330237059310E0002305935A
:10F25000781C19460A24074601303A78303A092AC0
:10F2600003D804FB01210123F5E703B10591032233
:10F2700039782248F0F7C4FF40B14023CBEB0000BF
:10F2800003FA00F0049B18430490013739781C48B6
:10F290008DF8281006227E1CF0F7B2FF88B1194BBA
:10F2A00033B9039B073323F007030833039314E0B8
:10F2B00003AB00932A46144B04A94046FCF7E2F83E
:10F2C00007E003AB00932A460F4B04A94046FCF726
:10F2D0008DFBB0F1FF3F824603D0099B5344099355
:10F2E00042E7AB895B0601D4099801E04FF0FF309B
:10F2F0001DB0BDE8F08F00BF9C090108A2090108FC
:10F30000A609010885B4000873F000084B1C70B50D
:10F310000D46144602D14FF0FF3633E0938923F0B7
:10F3200020039381536B5268CEB283B1A36B9A4290
:10F3300007DA23685A1E226003F8015C6368013310
:10F340001FE0214600F058FC0028F2D0E3E72169D5
:10F35000236851B1994208D213F8011C8E4204D19E
:10F36000013B0132236062600CE0E36304F144037B
:10F3700063630323A3632346226403F8465F236089
:10F3800001236360304670BD10B50C46496B69B10E
:10F3900004F14403994201D0FBF7EEFD236C636056
:10F3A0000020606313B1E36B236010BD2369236009
:10F3B00000236360A38943F02003A3814FF0FF3053
:10F3C00010BD00002DE9F04FADF5257D0DF10C09C4
:10F3D0000193002346934793A24BA293DFF88CA29C
:10F3E000A14BCDF8209107460C469346A3934FF0CE
:10F3F0000A089BF80030002B00F02B81FFF75AF928
:10F400009BF800502844437803F0080303F0FF0101
:10F41000EBB16368002B10DDFFF74CF92368197816
:10F42000084441780D070ED547990131479161682D
:10F430000133013961602360EBE7A39B2146384625
:10F4400098470028E8D00BF10106B346D1E7252DF7
:10F450000BF1010654D1459143919BF801302A2BC1
:10F4600003D1102343930BF102063178A1F130034D
:10F47000092B354606F1010605D8459B08FB031309
:10F48000303B4593F1E703227848F0F7B9FE40B1ED
:10F490000123CAEB000003FA00F0439B03434393AC
:10F4A00035466E1C2D78672D17D8652D80F081802C
:10F4B000472D07D8452D7CD2002D00F0CC80252D7E
:10F4C0001ED078E05B2D52D002D8582D3ED072E08D
:10F4D000632D58D0642D3FD06DE0702D32D007D809
:10F4E0006E2D56D03BD8692D65D1002344933CE066
:10F4F000752D31D0782D29D0732D5CD1022340E0B9
:10F500006368002B0DDD23681A78954240F0A180D6
:10F51000013362682360479B013A0133626047937D
:10F5200093E7A39B2146384698470028EBD046989E
:10F53000002800F09080A38913F0400F18BF4FF00F
:10F54000FF308AE0439B43F020034393439B43F403
:10F5500000734393102303E0CDF8108101E00823EA
:10F5600044936E2D01DD04230BE0032309E03146B3
:10F57000484600F021FA439B43F04003439306467C
:10F58000012349931BE0439B43F040034393002333
:10F59000F7E7439AD0063FF558AF12F0010F019AF2
:10F5A000479B02F104010191126814BF138013609C
:10F5B0004BE70523E5E703234993CDF81081636802
:10F5C000002B03DD439B590611D518E0A39B214670
:10F5D000384698470028F5D0A9E7479A0132479264
:10F5E0006268013A002A626013DD01332360FFF78D
:10F5F00061F823681A78104442781207EDD4499BC9
:10F60000022B0DDC01AB224643A9384600F032F84C
:10F6100019E0A39B2146384698470028E7D086E7A3
:10F62000042B06DC01AB224643A9384600F08AF8D9
:10F6300009E00F4B002B3FF408AF01AB224643A972
:10F640003846FCF7F9FA012803D002287FF4FDAE12
:10F650006DE7469801E04FF0FF300DF5257DBDE8E0
:10F66000F08F00BF0DF3000889F30008A20901081C
:10F6700039BC00082DE9F04115468A6880460C46E1
:10F6800032B98A69002A0CBF01224FF0FF328A602A
:10F690002268D1065FBF1A68111D1960176800261D
:10F6A000A36903BB2368DA065EBF2B681B783B7037
:10F6B0002A686B6802F101022A60A26803F1FF3335
:10F6C00002F1FF326B6006F1010658BF0137A260FC
:10F6D0003AB3002BE4DCD4F8803129464046984701
:10F6E0000028DDD01DE0012B06D12B6862691B7854
:10F6F000D35C002BD6D112E0022B01D04EB110E02A
:10F70000FEF7D8FF2B681B78184443781B07C9D530
:10F71000F4E7A369012B04D10120BDE8F081002E9C
:10F72000FAD0236813F0100305D1E2680132E260D9
:10F73000A26902B13B7023691E4426610020BDE826
:10F74000F08100002DE9F04F9A46734B0C4683463A
:10F75000164693E8070087B003ABA76883E8070065
:10F760006E4BA1696E4A032918BF1A467B1EB3F57A
:10F77000AE7F84BF40F25D13A3602368009243F420
:10F78000506388BF6FF4AE7504F11C0923608CBF11
:10F790007F1900274B464FF000080193316803ABF7
:10F7A000022253F828000978F0F72AFD019B00286F
:10F7B00033D0B8F1010F0BD162682AB90822626018
:10F7C000226842F400722260226822F4A0620CE0F7
:10F7D000B8F1020F0AD1226802F4C061B1F5007FCE
:10F7E0001BD11021616042F480722260A268511E18
:10F7F000A16092B13268511C316012781A705D1CA0
:10F800007368013B002B736006DCD4F8803131460D
:10F8100058469847002840D12B4608F10108B8F116
:10F82000030FBAD162680AB90A22626062683D4970
:10F8300060690193891A00F0BFF8019B4FF000083E
:10F840001D46A3685BB3316860690A78805C30B399
:10F85000302A226808D1100506D508F101084FB1F9
:10F860000133013FA36005E022F4106222600B78AF
:10F870002B7001357368013B002B736003DD336827
:10F880000133336005E0D4F880313146584698475B
:10F8900028B9A368013BA360D3E74FF000082368B1
:10F8A000D9050CD54D4508D915F8011CD4F87C3183
:10F8B0003246584698476F1E3D464D4527D0226830
:10F8C00012F010021BD12A706368009E4946584608
:10F8D000B0472268DAF8003012F0200F07D1D207C3
:10F8E00005D51A1DCAF800201B68188004E01A1DEF
:10F8F000CAF800201B681860E3680133E3602369DD
:10F90000C9EB050545441D442561002000E00120A8
:10F9100007B0BDE8F08F00BFECFD0008D5FB000884
:10F9200001CF0008BC0B010870B50D461446064611
:10F9300018B183690BB9FEF705FB134B9C4201D14B
:10F94000746808E0114B9C4201D1B46803E0104B8D
:10F950009C4208BFF468A368013B002BA3600CDA4B
:10F96000A269934202DBEBB20A2B06D1224629465A
:10F970003046BDE87040FDF7D5BA23685A1C2260B6
:10F980001D70E8B270BD00BF440A0108640A010896
:10F99000840A010838B5074C05460846114600227E
:10F9A00022601A4600F0CCF9431C02D1236803B14F
:10F9B0002B6038BD6051002070B50B785E2B13BFF3
:10F9C0004A1C8A1C4B78002108BF0121441E00F10B
:10F9D000FF0504F8011FAC42FBD10BB9501E70BDEE
:10F9E00081F00104C45411460D782D2D01F101025E
:10F9F00006D05D2D0FD00DB12B46F3E7084670BD44
:10FA00004E785D2EF8D0B342F6DC023101339E42CF
:10FA1000C454FBDCE8E7104670BD1F2938B5044626
:10FA20000D4604D9162303604FF0FF3038BD426CF9
:10FA300012B152F821304BB9204600F033F82A4673
:10FA400001462046BDE8384000F01AB8012B0CD022
:10FA5000591C03D116230360012038BD0024284619
:10FA600042F825409847204638BD002038BD0000A8
:10FA7000024B01461868FFF7D0BF00BF700400209A
:10FA800038B5074C0023054608461146236000F0B0
:10FA900047F9431C02D1236803B12B6038BD00BF76
:10FAA0006051002000F02CB930B582B1451E0139FB
:10FAB00015F8013F11F8014FA34206D1EC4314445D
:10FAC000E04201D0002BF3D11C46181B30BD10467C
:10FAD00030BD2DE9F0478046894692461E460F46C6
:10FAE0003D46089815F8014BFEF7E0FD20444378A9
:10FAF00003F0080303F0FF020BB12F46F0E72D2CB3
:10FB000003D1BD1C7C78012203E02B2C04BF7C7840
:10FB1000BD1C16B1102E0AD157E0302C53D12B78D2
:10FB200003F0DF03582B49D16C78102602354FF0D3
:10FB3000FF310023B1FBF6F106FB01FE6FEA0E0E6A
:10FB40001846A4F13007092F01D83C460AE0A4F179
:10FB50004107192F01D8373C04E0A4F16107192FA0
:10FB600013D8573CA64210DD002B09DB814207D396
:10FB700001D1A64503DB00FB0640012302E0084655
:10FB80004FF0FF3315F8014BDBE7002B09DA222396
:10FB9000C8F800304FF0FF30BAF1000F07D1BDE8D0
:10FBA000F08702B14042BAF1000F11D00BB1013D14
:10FBB00000E04D46CAF80050BDE8F0873024002E22
:10FBC000B5D10826B3E70A26B1E7302CA7D0AEE7B7
:10FBD000BDE8F08737B5064C064D2468246A002C32
:10FBE00008BF2C460094FFF774FF03B030BD00BF80
:10FBF00070040020740400202DE9F0410C46496B8C
:10FC000004F1440399421CD14FF48061FBF702FADE
:10FC100018B94FF0FF30BDE8F0814FF48063A36363
:10FC200094F84630606380F8FF3394F8453080F8EC
:10FC3000FE3394F8443080F8FD3300F2FD3020604C
:10FC400012E0A66B77003A46FFF7EDF9054600286B
:10FC5000DFD000EB0608014632464046FBF778F954
:10FC6000C4F800806563A7630020BDE8F08149B156
:10FC7000FF2A85BF8A2303600A704FF0FF3098BFC8
:10FC8000012070470846704738B5074C00230546E9
:10FC900008461146236000F02BF8431C02D123686C
:10FCA00003B12B6038BD00BF6051002038B5064C51
:10FCB000002305460846236000F02AF8431C02D1C1
:10FCC000236803B12B6038BD6051002051F8040C4B
:10FCD0000028BEBF091851F8043CC018043870470A
:10FCE000024B58221A604FF0FF30704760510020DD
:10FCF000024B58221A604FF0FF30704760510020CD
:10FD0000024B58221A604FF0FF30704760510020BC
:10FD1000024B58221A600020704700BF605100203B
:10FD2000024B58221A604FF0FF307047605100209C
:10FD3000024B58221A604FF0FF307047605100208C
:10FD4000024B58221A604FF0FF307047605100207C
:10FD5000044A05491368002B08BF0B46184410607D
:10FD600018467047C444002068510020FEE700BFD9
:10FD7000F8B500BFF8BC08BC9E467047F8B500BF98
:08FD8000F8BC08BC9E46704768
:10FD88006CFE0008C5AB000803000000000000007E
:10FD9800000200005CFE0008C5AB0008020000007D
:10FDA80000000000000200004CFE00085D970008FB
:10FDB8000000000000000000000200003CFE0008F7
:10FDC8004D9800080000000000000000000200003C
:10FDD8007CFE000825410008FDFF0000000000002F
:10FDE80000010000BE0B0108C10B0108C40B01088B
:10FDF80049444C45000000000000000000000000DD
:10FE080001020304060708090000000001020304B8
:10FE18005372632F74696D2E630000005372632F51
:10FE28006D61696E2E6300005372632F6164632EE7
:10FE3800630000007461736B5F7573625F70756D4A
:10FE4800700000007461736B5F636D645F70617252
:10FE5800736500007461736B5F6D6F746F725F31EF
:10FE6800000000007461736B5F6D6F746F725F30B8
:10FE78000000000064656661756C745461736B0002
:10FE88005372632F7370692E630000005372632FDF
:10FE980063616E2E630000005372632F7573617285
:10FEA800742E63005372632F757362645F636F6EA1
:10FEB800662E63004F44726976652076332E3300D0
:10FEC8004F44726976650000303030303030303061
:10FED800303030310000000043444320436F6E66E9
:10FEE8006967000043444320496E74657266616324
:10FEF800650000007265636275666620213D2030EA
:10FF08007862656566000000447269766572732FD1
:10FF1800445256383330312F647276383330312EAC
:10FF280063000000445256383330315F72656164B3
:10FF3800537069000006101600061016AA0100206A
:10FF4800AC010020020300200403002025660900FC
:10FF580025640900256875090000000070202575D2
:10FF68002025662025662025660000007620257558
:10FF7800202566202566000063202575202566005B
:10FF88005369676E61747572653A202523780A0093
:10FF98005265766973696F6E3A202523780A0000E6
:10FFA800466C6173682053697A653A202523782066
:10FFB8004B69420A00000000555549443A20307800
:10FFC800256C78256C78256C780A000067202575E3
:10FFD8002025750025660A0025640A002568750A2B
:10FFE80000000000732025752025750073202575F5
:08FFF80020257520256600009C
:020000040801F1
:100000007320257520257520256400007320257533
:1000100020257520256875006D2025752025752003
:10002000257500006F202575000000009C01002050
:100030009D0100209E0100209F010020F40200206D
:10004000F5020020F6020020F70200205C010020EB
:10005000000000006C0100207001002074010020ED
:10006000780100207C010020800100208401002014
:10007000880100208C0100209001002094010020C4
:10008000B0010020B4010020B8010020BC01002014
:10009000F0010020F4010020F8010020FC01002004
:1000A0000002002004020020080200200C020020B0
:1000B0003002002034020020380200203C020020E0
:1000C00040020020C4020020C8020020CC02002010
:1000D000D0020020D4020020D8020020DC02002040
:1000E000E0020020E4020020E8020020EC020020F0
:1000F000080300200C03002010030020140300203C
:10010000480300204C03002050030020540300202B
:10011000580300205C0300206003002064030020DB
:10012000880300208C03002090030020940300200B
:1001300098030020600100202402002028020020F3
:1001400068010020B80200207C030020800300200A
:10015000C00200200200000000000000920E493C96
:10016000B10AC93C2BC3163D2EFB483D752B7B3D88
:1001700004A9963D80B6AF3D36BDC83D2FBCE13DDC
:1001800073B2FA3D87CF093E8340163EB5AB223E9F
:10019000A2102F3ECF6E3B3EC2C5473E0115543ED6
:1001A000135C603E7F9A6C3ECCCF783EC07D823E31
:1001B000938E883E229A8E3E32A0943E86A09A3E2E
:1001C000E59AA03E128FA63ED47CAC3EEF63B23ED1
:1001D0002A44B83E491DBE3E15EFC33E53B9C93E41
:1001E000CA7BCF3E4136D53E80E8DA3E4F92E03EB4
:1001F0007533E63EBBCBEB3EEA5AF13ECBE0F63E32
:10020000275DFC3EE4E7003F3D9C033F824B063FF9
:100210009BF5083F6B9A0B3FDA390E3FCDD3103F69
:100220002A68133FD9F6153FC07F183FC6021B3F0F
:10023000D17F1D3FCBF61F3F9967223F25D2243F38
:100240005636273F1594293F4AEB2B3FDE3B2E3F86
:10025000BB85303FC9C8323FF304353F233A373FAF
:100260004268393F3B8F3B3FF9AE3D3F67C73F3F59
:1002700070D8413F01E2433F03E4453F65DE473F1D
:1002800012D1493FF8BB4B3F029F4D3F207A4F3F71
:100290003D4D513F4918533F31DB543FE595563FA3
:1002A0005348583F6AF2593F1A945B3F532D5D3FC4
:1002B00005BE5E3F2146603F97C5613F5A3C633FA4
:1002C00059AA643F880F663FD86B673F3CBF683FC1
:1002D000A7096A3F0C4B6B3F5E836C3F93B26D3F47
:1002E0009ED86E3F73F56F3F0809713F5213723FFE
:1002F0004714733FDD0B743F0BFA743FC6DE753F46
:1003000007BA763FC58B773FF853783F9812793F0D
:100310009DC7793F02737A3FBE147B3FCDAC7B3FD4
:10032000283B7C3FC9BF7C3FAC3A7D3FCCAB7D3F97
:1003300023137E3FB0707E3F6DC47E3F580E7F3FDB
:100340006D4E7F3FAB847F3F0FB17F3F97D37F3FA1
:1003500043EC7F3F11FB7F3F0000803F11FB7F3F5D
:1003600043EC7F3F97D37F3F0FB17F3FAB847F3F0D
:100370006D4E7F3F580E7F3F6DC47E3FB0707E3F15
:1003800023137E3FCCAB7D3FAC3A7D3FC9BF7C3F62
:10039000283B7C3FCDAC7B3FBE147B3F02737A3F52
:1003A0009DC7793F9812793FF853783FC58B773FC7
:1003B00007BA763FC6DE753F0BFA743FDD0B743F1C
:1003C0004714733F5213723F0809713F73F56F3F33
:1003D0009ED86E3F93B26D3F5E836C3F0C4B6B3F7C
:1003E000A7096A3F3CBF683FD86B673F880F663FED
:1003F00059AA643F5A3C633F97C5613F2146603F1D
:1004000005BE5E3F532D5D3F1A945B3F6AF2593F34
:100410005348583FE595563F31DB543F4918533F09
:100420003D4D513F207A4F3F029F4D3FF8BB4B3F20
:1004300012D1493F65DE473F03E4453F01E2433FB8
:1004400070D8413F67C73F3FF9AE3D3F3B8F3B3FD1
:100450004268393F233A373FF304353FC9C8323F3A
:10046000BB85303FDE3B2E3F4AEB2B3F1594293FA7
:100470005636273F25D2243F9967223FCBF61F3FB0
:10048000D17F1D3FC6021B3FC07F183FD9F6153FE5
:100490002A68133FCDD3103FDA390E3F6B9A0B3FDA
:1004A0009BF5083F824B063F3D9C033FE4E7003F3E
:1004B000275DFC3ECBE0F63EEA5AF13EBBCBEB3E7D
:1004C0007533E63E4F92E03E80E8DA3E4136D53E57
:1004D000CA7BCF3E53B9C93E15EFC33E491DBE3E50
:1004E0002A44B83EEF63B23ED47CAC3E128FA63EA7
:1004F000E59AA03E86A09A3E32A0943E229A8E3E75
:10050000938E883EC07D823ECCCF783E7F9A6C3EF3
:10051000135C603E0115543EC2C5473ECF6E3B3E64
:10052000A2102F3EB5AB223E8340163E87CF093E38
:1005300073B2FA3D2FBCE13D36BDC83D80B6AF3D3C
:1005400004A9963D752B7B3D2EFB483D2BC3163DE4
:10055000B10AC93C920E493C00000000920E49BC11
:10056000B10AC9BC2BC316BD2EFB48BD752B7BBD84
:1005700004A996BD80B6AFBD36BDC8BD2FBCE1BDD8
:1005800073B2FABD87CF09BE834016BEB5AB22BE9B
:10059000A2102FBECF6E3BBEC2C547BE011554BED2
:1005A000135C60BE7F9A6CBECCCF78BEC07D82BE2D
:1005B000938E88BE229A8EBE32A094BE86A09ABE2A
:1005C000E59AA0BE128FA6BED47CACBEEF63B2BECD
:1005D0002A44B8BE491DBEBE15EFC3BE53B9C9BE3D
:1005E000CA7BCFBE4136D5BE80E8DABE4F92E0BEB0
:1005F0007533E6BEBBCBEBBEEA5AF1BECBE0F6BE2E
:10060000275DFCBEE4E700BF3D9C03BF824B06BFF5
:100610009BF508BF6B9A0BBFDA390EBFCDD310BF65
:100620002A6813BFD9F615BFC07F18BFC6021BBF0B
:10063000D17F1DBFCBF61FBF996722BF25D224BF34
:10064000563627BF159429BF4AEB2BBFDE3B2EBF82
:10065000BB8530BFC9C832BFF30435BF233A37BFAB
:10066000426839BF3B8F3BBFF9AE3DBF67C73FBF55
:1006700070D841BF01E243BF03E445BF65DE47BF19
:1006800012D149BFF8BB4BBF029F4DBF207A4FBF6D
:100690003D4D51BF491853BF31DB54BFE59556BF9F
:1006A000534858BF6AF259BF1A945BBF532D5DBFC0
:1006B00005BE5EBF214660BF97C561BF5A3C63BFA0
:1006C00059AA64BF880F66BFD86B67BF3CBF68BFBD
:1006D000A7096ABF0C4B6BBF5E836CBF93B26DBF43
:1006E0009ED86EBF73F56FBF080971BF521372BFFA
:1006F000471473BFDD0B74BF0BFA74BFC6DE75BF42
:1007000007BA76BFC58B77BFF85378BF981279BF09
:100710009DC779BF02737ABFBE147BBFCDAC7BBFD0
:10072000283B7CBFC9BF7CBFAC3A7DBFCCAB7DBF93
:1007300023137EBFB0707EBF6DC47EBF580E7FBFD7
:100740006D4E7FBFAB847FBF0FB17FBF97D37FBF9D
:1007500043EC7FBF11FB7FBF000080BF11FB7FBF59
:1007600043EC7FBF97D37FBF0FB17FBFAB847FBF09
:100770006D4E7FBF580E7FBF6DC47EBFB0707EBF11
:1007800023137EBFCCAB7DBFAC3A7DBFC9BF7CBF5E
:10079000283B7CBFCDAC7BBFBE147BBF02737ABF4E
:1007A0009DC779BF981279BFF85378BFC58B77BFC3
:1007B00007BA76BFC6DE75BF0BFA74BFDD0B74BF18
:1007C000471473BF521372BF080971BF73F56FBF2F
:1007D0009ED86EBF93B26DBF5E836CBF0C4B6BBF78
:1007E000A7096ABF3CBF68BFD86B67BF880F66BFE9
:1007F00059AA64BF5A3C63BF97C561BF214660BF19
:1008000005BE5EBF532D5DBF1A945BBF6AF259BF30
:10081000534858BFE59556BF31DB54BF491853BF05
:100820003D4D51BF207A4FBF029F4DBFF8BB4BBF1C
:1008300012D149BF65DE47BF03E445BF01E243BFB4
:1008400070D841BF67C73FBFF9AE3DBF3B8F3BBFCD
:10085000426839BF233A37BFF30435BFC9C832BF36
:10086000BB8530BFDE3B2EBF4AEB2BBF159429BFA3
:10087000563627BF25D224BF996722BFCBF61FBFAC
:10088000D17F1DBFC6021BBFC07F18BFD9F615BFE1
:100890002A6813BFCDD310BFDA390EBF6B9A0BBFD6
:1008A0009BF508BF824B06BF3D9C03BFE4E700BF3A
:1008B000275DFCBECBE0F6BEEA5AF1BEBBCBEBBE79
:1008C0007533E6BE4F92E0BE80E8DABE4136D5BE53
:1008D000CA7BCFBE53B9C9BE15EFC3BE491DBEBE4C
:1008E0002A44B8BEEF63B2BED47CACBE128FA6BEA3
:1008F000E59AA0BE86A09ABE32A094BE229A8EBE71
:10090000938E88BEC07D82BECCCF78BE7F9A6CBEEF
:10091000135C60BE011554BEC2C547BECF6E3BBE60
:10092000A2102FBEB5AB22BE834016BE87CF09BE34
:1009300073B2FABD2FBCE1BD36BDC8BD80B6AFBD38
:1009400004A996BD752B7BBD2EFB48BD2BC316BDE0
:10095000B10AC9BC920E49BC000000802C2066750B
:100960006E6374696F6E3A200061737365727469A7
:100970006F6E2022257322206661696C65643A20BF
:1009800066696C6520222573222C206C696E6520B7
:100990002564257325730A0010040020232D302BB5
:1009A0002000686C4C0065666745464700494E4626
:1009B00000696E66004E414E006E616E003031324D
:1009C00033343536373839414243444546003031B7
:1009D00032333435363738396162636465660065B1
:1009E000256C640035000000CEFBFFFFCB03000048
:1009F0000100000000000000BC89D897B2D29C3CE6
:100A000033A7A8D523F649393DA7F444FD0FA532F5
:100A10009D978CCF08BA5B25436FAC64280668119C
:100A200034000000CEFBFFFFCB03000001000000FC
:100A300000000000496E66696E697479004E614E6F
:100A400000000000000000000000000000000000A6
:100A50000000000000000000000000000000000096
:100A60000000000000000000000000000000000086
:100A70000000000000000000000000000000000076
:100A80000000000000000000000000000000000066
:100A90000000000000000000000000000000000056
:100AA000000000004300504F534958002E00000042
:100AB000000000000000F03F0000000000002440A3
:100AC00000000000000059400000000000408F407E
:100AD000000000000088C34000000000006AF840E9
:100AE0000000000080842E4100000000D01263410D
:100AF0000000000084D797410000000065CDCD4183
:100B0000000000205FA00242000000E87648374263
:100B1000000000A2941A6D42000040E59C30A24201
:100B20000000901EC4BCD64200003426F56B0C4376
:100B30000080E03779C3414300A0D885573476431D
:100B400000C84E676DC1AB43003D9160E458E1437E
:100B5000408CB5781DAF154450EFE2D6E41A4B44F3
:100B600092D54D06CFF08044F64AE1C7022DB54438
:100B7000B49DD9794378EA440080E03779C3414392
:100B8000176E05B5B5B89346F5F93FE9034F384DF3
:100B9000321D30F94877825A3CBF737FDD4F15759F
:100BA00005000000190000007D000000412D466195
:100BB0002D66383930313233343536375D002B2DE0
:100BC00000303000785800002020202020202020F5
:100BD00020282828282820202020202020202020ED
:100BE000202020202020202088101010101010100D
:100BF0001010101010101010040404040404040455
:100C000004041010101010101041414141414101E5
:100C100001010101010101010101010101010101C4
:100C200001010110101010101042424242424202D3
:100C30000202020202020202020202020202020294
:100C4000020202101010102000000000000000003E
:100C50000000000000000000000000000000000094
:100C60000000000000000000000000000000000084
:100C70000000000000000000000000000000000074
:100C80000000000000000000000000000000000064
:100C90000000000000000000000000000000000054
:100CA0000000000000000000000000000000000044
:100CB0000000000000000000000000000000000034
:080CC00000000000000000002C
:040CC800B50100086A
:040CCC00910100088A
:100CD000AAAAAAAA09024300020100C0320904001C
:100CE0000001020201000524001001052401000199
:100CF00004240202052406000107058203080010EF
:100D000009040100020A000000070501024000007A
:100D100007058102400000008D32000851320008B2
:100D2000DD3100080000000031310008B931000851
:100D300089310008000000000000000000000000F1
:100D40006531000859310008713100087D31000813
:100D50000A060002000000400100000009074300ED
:100D6000020104C03209040000010202010005244E
:100D700000100105240100010424020205240600DC
:100D800001070582030800FF09040100020A0000B0
:100D90000007050102400000070581024000000035
:100DA00009024300020100C03209040000010202EE
:100DB00001000524001001052401000104240202A1
:100DC000052406000107058203080010090401003C
:100DD000020A000000070501020002000705810267
:100DE000000200000024F400014800080D4800083B
:100DF0003D48000819480008594800087D48000887
:100E0000A148000804030904120100020202004084
:100E10000912310D0002010203010000AD8E00082D
:100E20007D8E0008818E0008858E000800004041FC
:100E3000030000000000004000000000000000006F
:100E40000000A04100000000A69BC43A6F12833A44
:100E50000000000000409C4600000000000020410F
:100E60000000000000000000000000000001010080
:100E7000B8450020E813E813E813D027000000006D
:100E80000000000000000000000000000000000062
:100E90002C4700200004024000100000000802401F
:100EA0000020000000000000000000000000000022
:100EB0000000000000000000000000000000000032
:100EC000FFFFF94400000000000020410000000086
:100ED0000000000000000000000000000000000012
:100EE0000000000000000000000000000000000002
:100EF0007C45002000000000000000000000000011
:100F000000000000000000000000000000000000E1
:100F100000000000000000000000000000000000D1
:100F2000000000000000000000007A440000000003
:100F30000000000000000000000000000118CF3A8F
:100F400000000000000020410000C8430000C8432A
:100F50000000000000000000000000000000000091
:100F60000000000000000000000000000000000081
:100F70000000000000000000000000000000000071
:100F80000000803F0000803F0300000000000040A0
:100F900000000000000000000000A0410000000070
:100FA000A69BC43A6F12833A0000000000409C46A2
:100FB00000000000000020410000000000000000D0
:100FC000000000000001010004450020E813E813C0
:100FD000E813B83B00000000000000000000000023
:100FE00000000000000000002C4700200004024028
:100FF0000010000000080240004000000000000057
:1010000000000000000000000000000000000000E0
:101010000000000000000000FFFFF9440000000095
:10102000000020410000000000000000000000005F
:1010300000000000000000000000000000000000B0
:1010400000000000000000004045002000000000FB
:101050000000000000000000000000000000000090
:101060000000000000000000000000000000000080
:101070000000000000000000000000000000000070
:1010800000007A44000000000000000000000000A2
:10109000000000000118CF3A0000000000002041CD
:1010A0000000C8430000C84300000000000000002A
:1010B0000000000000000000000000000000000030
:1010C0000000000000000000000000000000000020
:1010D00000000000000000000000803F0000803F92
:1010E00000000000440A0108640A0108840A01089B
:1010F00000000000000000000000000000000000F0
:1011000000000000000000000000000000000000DF
:1011100000000000000000000000000000000000CF
:1011200000000000000000000000000000000000BF
:1011300000000000000000000000000000000000AF
:101140001004002043000000000000000000000028
:10115000000000000000000000000000000000008F
:10116000000000004300000000000000000000003C
:10117000000000000000000000000000000000006F
:10118000000000004300000000000000000000001C
:10119000000000000000000000000000000000004F
:1011A00000000000430000000000000000000000FC
:1011B000000000000000000000000000000000002F
:1011C00000000000430000000000000000000000DC
:1011D000000000000000000000000000000000000F
:1011E00000000000430000000000000000000000BC
:1011F00000000000000000000000000000000000EF
:10120000000000004300000000000000000000009B
:1012100000000000000000000000000000000000CE
:10122000000000006FFC0008CDE70008000000008F
:10123000C70B0108AC0A01089709010897090108C2
:1012400097090108970901089709010897090108FA
:10125000970901089709010897090108FFFFFFFF97
:10126000FFFFFFFFFFFFFFFFFFFF000001004153F3
:101270004349490000000000000000000000000099
:1012800000000000000000000000000000004153CA
:101290004349490000000000000000000000000079
:1012A000000000000000000000000000000000003E
:040000050800AC99AA
:00000001FF
