:020000040800F2
:10000000B88C0020B9C00008E3150108530D0108A1
:10001000E1150108EDD100082138010800000000B9
:1000200000000000000000000000000001C0000807
:1000300033D600080000000055C00008011A01086E
:10004000D3C00008D3C00008D3C00008D3C0000844
:10005000D3C00008D3C0000835D60008D3C00008BC
:100060003BD60008D3C0000841D60008D3C0000822
:10007000D3C000088DD20008D3C0000899D2000870
:10008000D3C00008D3C0000865D10008D3C0000861
:10009000D3C00008D3C00008D3C00008D3C00008F4
:1000A000D3C00008D3C00008D3C00008D3C00008E4
:1000B000D3C00008D3C00008D3C00008D3C00008D4
:1000C000D3C00008D3C00008D3C00008D3C00008C4
:1000D000D3C00008D3C00008D3C00008D3C00008B4
:1000E000D3C00008D3C00008D3C00008D3C00008A4
:1000F000D3C00008FD1A0108D3C00008D3C000080F
:10010000D3C00008D3C00008D3C00008D3C0000883
:10011000DD1C0108D3C00008D3C00008D3C000080C
:10012000D3C00008D3C00008D3C00008D3C0000863
:10013000D3C00008D3C00008D3C00008D3C0000853
:10014000D3C00008D3C00008D3C0000809160108B6
:10015000D3C00008D3C00008D3C00008D3C0000833
:10016000D3C00008D3C00008D3C00008D3C0000823
:10017000D3C00008D3C00008D3C00008D3C0000813
:10018000D3C00008D3C00008DFF810D000F008F892
:10019000004800470D590108AFF30080B88C0020DB
:1001A000064C074D06E0E06840F0010394E80700C4
:1001B00098471034AC42F6D3FFF7EAFFE401000899
:1001C0000402000802E008C8121F08C1002AFAD180
:1001D00070477047002001E001C1121F002AFBD1C7
:1001E000704700000402000800000020C405000061
:1001F0000CD10008AC030008C4050020F486000000
:10020000D401000801291324F413F9D11B08F304C5
:100210001AEF04131DD2180B08E12401081125015F
:10022000081D041A39041A59041AC1141AED0417C6
:100230000403090412011402020216400912310DCE
:10024000460201020301874041D7A3F03EA20242C9
:1002500040920743A041258FC2753C4B803F2263EB
:100260009C461A201C391439249119601380072CDC
:1002700020E813020314D02713E40612201404020A
:100280004032101A0808023E208DABAAA644940101
:100290002E19AF19846982CD204160091C1C0AD730
:1002A000A3FC01285A7A88A18DD66EBB3A9C4BC814
:1002B000430401484B803F0461A203424092071A65
:1002C000A07C214808A69BC43A6F1283908C409C66
:1002D000469839443924A9FD1380082C20E81302DC
:1002E0000314B83B13E40612201404024032101A1F
:1002F00008083976013A8DABAAA64494012E19AFAD
:10030000111A40B06940CB60091C052A0AD7A33CEA
:100310005A7A8899448C18CF3A9C4BC843040148B8
:100320004B803F0401721AAA010124130A0632020B
:100330003340011409024313020125C03209041B92
:1003400001020B13052416100105240110090104F4
:100350002402020524061701070582030815100967
:10036000040133020A1D07050102432C070581071A
:100370000938442A40072A8107112B0907440A2219
:1003800004440A16FF44400D89220108F5210108A2
:10039000812301081A31101AA1101AC504C11A715B
:0C03A000181A65041A7D041A5904011093
:020000040800F2
:10C000002A4B19680868B0E8F04F80F30988BFF33D
:10C010006F8F4FF0000080F3118870470000000020
:10C0200006480068006880F3088862B661B6BFF30E
:10C030004F8FBFF36F8F00DF00BF00BF08ED00E040
:10C04000DFF80C00016841F470010160704700BF27
:10C0500088ED00E0EFF30980BFF36F8F134B1A6890
:10C060001EF0100F08BF20ED108A20E9F04F10607D
:10C0700008B44FF0500080F31188BFF34F8FBFF327
:10C080006F8F0CF01FFF4FF0000080F3118808BC89
:10C0900019680868B0E8F04F1EF0100F08BFB0EC48
:10C0A000108A80F30988BFF36F8F70473C0400202B
:10C0B000EFF30580704700000648804706480047B8
:10C0C000FEE7FEE7FEE7FEE7FEE7FEE7FEE7FEE748
:10C0D000FEE7FEE7A51A0108890100082DE9F05FD7
:10C0E0000546002092469B468846064681464024E7
:10C0F0001BE0284641464746224600F07DFB53465A
:10C100005A46C01A914110D311461846224600F0F3
:10C1100064FB2D1A67EB01084F46224601200021DF
:10C1200000F05BFB17EB00094E41201EA4F1010457
:10C13000DFDC484631462A464346BDE8F09F40EAE8
:10C1400001039B0703D009E008C9121F08C0042A95
:10C15000FAD203E011F8013B00F8013B521EF9D27C
:10C16000704710B5002200E0521C835C8C5CA34237
:10C1700001D1002BF8D1D8B2E1B2401A10BD0000B5
:10C1800070B50F4D00B92868002412E00A4602E09D
:10C190009E4203D0521C1378002BF9D1DAB222430D
:10C1A00005D02BB124B1002100F8011B04E00446A6
:10C1B000401C0678002EE9D12860204670BD0000A2
:10C1C000B80500200FB400B58DB010A909900B90F0
:10C1D00000914FF0FF300A9000200C900548069027
:10C1E000054807906A4609A80F9900F029FB0DB091
:10C1F0005DF814FB5DC800087BC800082DE9FF5FEF
:10C200001D464FF0FF3BD5E9014691465F464FF092
:10C210000008A9697F1C01988847296A82468847D7
:10C220000028F6D1BAF1FF3F0CD024F4C064002EF0
:10C2300019DD600614D5BAF12B0F09D0BAF12D0F14
:10C240000ED103E0584604B0BDE8F09F44F480648A
:10C25000A9697F1C01988847761E8246002E02DD60
:10C26000BAF1300F03D0B9F1000F26D032E0A9693E
:10C27000761E44F400747F1C019888478246002E85
:10C2800005DDBAF1780F06D0BAF1580F03D0B9F135
:10C29000000F10D01EE0B9F1000F02D0B9F1100F5D
:10C2A00018D1A969761E24F400747F1C0198884770
:10C2B0008246102002E0082000E00A20814609E0C2
:10C2C00008FB0908A969761E44F400747F1C0198D4
:10C2D00088478246002E05DD4946504600F09CFA0C
:10C2E0000028EDDAE96901988847A00502D46FF0CB
:10C2F0000100A8E7E00725D1600613D5600502D547
:10C30000C8F1000000E0404629680A1D2A6009685B
:10C31000220501D5087015E0220701D5088011E03B
:10C3200008600FE02868011D29600068210502D51A
:10C3300080F8008006E0210702D5A0F8008001E027
:10C34000C0F8008038467EE72DE9FF5FD2E901A7FB
:10C350004FF00008916999461446DDF838B046461A
:10C3600001988847054659EA0B0005D009E0A16904
:10C37000761C019888470546216A28468847002888
:10C38000F5D1681C03D05FEACA7005D015E04FF004
:10C39000FF3004B0BDE8F09F2068011D2160D0F897
:10C3A00000800AE05FEACA7001D108F8015BA16968
:10C3B000761C7F1E019888470546002F1ADD681CF1
:10C3C00018D0B9F1000F0DD0E81705EBD06042117D
:10C3D00020F01F0059F822102A1A01209040014233
:10C3E000E0D107E0BBF1000FDCD1216A2846884785
:10C3F0000028D7D0E16901988847BBF1000F07D129
:10C40000002E05DD5FEACA7002D1002188F8001015
:10C41000A068B84203DDBBF1000F03D017B16FF085
:10C420000100B6E73046B4E72DE9FF4F087883B046
:10C430009946FF2805D0491C2D2804D0002400204F
:10C4400008E000200BE00124F9E700EB800003EB9B
:10C450004000491C0B78FF2BF7D104B14042002368
:10C460000293147819461D462D2C01D02B2C04D193
:10C47000521C2D2C13D000240294AA461478FF2CB1
:10C480000FD00A25A3FB057801FB05814FF0000CB6
:10C4900003FB0C11521CE3194AEB0101EEE70124E6
:10C4A000EAE7814453EA010002D019F5C87F06DAB1
:10C4B00003980021C0E9001107B0BDE8F08F002506
:10C4C000AE4E2F46DFF8B882184600F06FFBCDE97C
:10C4D0000001B9F1000002DAC9F1000400E00446ED
:10C4E0000023A74A1AEB030B42EB045A12E0E007C1
:10C4F00007D02A4633463846414600F076FA0746CA
:10C5000088462A4633461046194600F06EFA05461C
:10C510000E466410002CEAD1DDE90001B9F1000FEC
:10C520005A46534606DA00F0D2FA3A46434600F03D
:10C53000CEFA05E000F059FA3A46434600F055FAC3
:10C54000029A0AB181F00041039AC2E90001B3E7FF
:10C550002DE9FF4F1F468DB0D7E901464FF0FF3858
:10C560002E2045464FF000090B90B9696D1C0E98BE
:10C570008847396A824688470028F6D1BAF1FF3FDA
:10C580000AD024F4D064002E11DDBAF12B0F08D0AC
:10C59000BAF12D0F0BD102E0404611B08DE744F403
:10C5A0008064B9696D1C0E9888478246761E69467C
:10C5B000600501D52D2000E02B208DF8000001F151
:10C5C000010B0DF1200809E0B9696D1C0E98884730
:10C5D00082460F9844F40074761E0560002E02DD3A
:10C5E000BAF1300FF0D00B998A453ED144F0800467
:10C5F00006E00F99681CA9F1010944F40074086071
:10C60000B9696D1C761E0E98884782463028F0D096
:10C610002BE00B998A4505D1200603D444F0800411
:10C62000761E18E0504607F017FA08B30DF1130113
:10C63000761E44F400748B4508D2AAF130000BF842
:10C64000010B200607D5A9F1010003E0200602D462
:10C6500009F101008146A00502D50F99681C086008
:10C66000B9696D1C0E9888478246002ED1DC53E0D4
:10C67000002E51DDBAF1650F02D0BAF1450F4BD152
:10C68000A00549D5B9696D1C24F44074761E0E9836
:10C6900088478246002E0CDD2B2804D0BAF12D0FDE
:10C6A00007D144F48074B9696D1C0E98884782469E
:10C6B000761EE00501D52D2100E02B2108F8011B95
:10C6C000CDF82C8021E00DF12901761E44F4007490
:10C6D00088450CD2AAF1300010F0FF0088F8000065
:10C6E00002D10B99884509D908F1010806E0E00557
:10C6F00001D5244801E042F20F708146B9696D1CF2
:10C700000E98884782460F980560002E04DD50463B
:10C7100007F0A2F90028D6D1F9690E988847FF20C2
:10C720008BF8000088F800000020069007904B4628
:10C730006A4608A906A8FFF777FEA00502D46FF0A5
:10C7400001002AE714F0240F0AD0E00714D1DDE934
:10C7500006123868031D3B600068C0E900120BE058
:10C76000DDE9060100F05EFA0146E00704D1386811
:10C77000021D3A600068016028460EE70000144080
:10C780000000F03FF1D8FFFF00F0004230F0004021
:10C790000AD0C10D01F56071C0F3160042EA0151E3
:10C7A000C20840071143704700200146704730B56A
:10C7B0000B46014600202022012409E021FA02F55F
:10C7C0009D4205D303FA02F5491B04FA02F52844F9
:10C7D000151EA2F10102F1DC30BD202A04DB203A53
:10C7E00000FA02F1002070479140C2F1200320FAC4
:10C7F00003F3194390407047202A04DB203A21FAC2
:10C8000002F00021704721FA02F3D040C2F1200269
:10C8100091400843194670473A2800D2303820F03A
:10C820002002412A01D3A2F13700884201D34FF000
:10C83000FF30704702681144137801601846704752
:10C84000D16004495161044911620021116111460E
:10C8500000F01CBA35C8000881CC0008426842B11B
:10C86000016811F8013B23B1521EC0E900121846BD
:10C8700070470121C160881E704742685AB1C36881
:10C88000016843B983688B4205D0491E521CC0E938
:10C890000012002070474FF0FF3070472DE9FE4F27
:10C8A000804681EA0300C00F0C46009021F0004151
:10C8B00023F00045B8EB0200A94105D240462146CD
:10C8C00090461C460B46024623F00040104347D0DA
:10C8D000270DC7F30A00C3F30A510290401A0190D2
:10C8E00040286BDAC3F3130040F4801B0098924693
:10C8F00020B10023D2EB030A63EB0B0B01985946DE
:10C90000C0F140025046FFF768FF06460D4650460C
:10C910005946019A00F0A2F910EB08006141002489
:10C9200087EA115284EAE7731A4340D0009A62B34F
:10C93000019A012A4FEA075215DC001B61EB020144
:10C940004FF0004202EA0752CDE90042001C41F5D7
:10C95000801132462B4600F077FB03B0BDE8F08F24
:10C9600040462146F9E7001B61EB0201001C41F53E
:10C97000801300185B412018A2F5001747EB030154
:10C9800040EAD570B6196D4111E06D084FEA3606E0
:10C9900045EAC0754FEA0752001B61EB0201001C1B
:10C9A00041F5801149084FEA3000001951413246E3
:10C9B0002B4603B0BDE8F04F00F037BB00980122D2
:10C9C00040000023D0EB020263EBE07300982146A5
:10C9D0004FEAE074B8EB000061EB0401E9E783F093
:10C9E00000435BE781F0004158E72DE9FE4F81EA03
:10C9F000030404F0004421F0004100944FF0000BC8
:10CA000023F0004350EA01045ED052EA03045BD0F5
:10CA1000C3F30A54C1F30A552C44A4F2F33401942D
:10CA2000A0FB0254C1F3130141F48011C3F31303BB
:10CA300043F4801301FB024400FB034E840A970A6F
:10CA400044EA815447EA8357A4FB076802958D0A9C
:10CA500005FB07854FEA932C04FB0C542705029D28
:10CA60004FEA065847EA1637B5EB08056EEB070C98
:10CA7000870E920E47EA811742EA8312A7FB020152
:10CA8000B6EB0B0164EB00042B0D43EA0C335E188C
:10CA900044EB1C50DA465146E7FB0201C5F3130490
:10CAA0004FEA0B3343EA14534FEA0432019C43EA42
:10CAB0000603A4F10C040294009CCDE900B400F03C
:10CAC000C3FA03B0BDE8F08F00200146F9E72DE975
:10CAD000F04D81EA030404F0004B21F000451446B8
:10CAE0004FF0000A23F0004150EA050220D054EA3A
:10CAF00001021DD0C5F30A570246C5F31303C1F363
:10CB00001300C1F30A5640F4801543F48013A7EBD9
:10CB10000608101BD64608F2FD3873EB050002D359
:10CB200008F1010801E092185B41B8F1000F03DA47
:10CB300000200146BDE8F08D00204FF4801106462C
:10CB400084460EE0171B73EB050705D3121B63EB3E
:10CB5000050306434CEA010C49084FEA30009218DD
:10CB60005B4150EA0107EDD152EA030012D082EA9C
:10CB7000040083EA0501084305D0101BAB4106D22F
:10CB80000122002306E000224FF0004302E06FF094
:10CB9000010253101AEB06004CEB085110EB0A008F
:10CBA00041EB0B01BDE8F04D00F03FBA0EB540F28D
:10CBB000334202920022CDE90022134600F044FAEB
:10CBC00003B000BDC1F30A52C1F3130140F2FF33B9
:10CBD00041F480119A4202DA00200146704740F287
:10CBE00033439A42A2F2334202DC5242FFF704BEC0
:10CBF000FFF7F3BD30B5041E71F1000404DB4FF004
:10CC00000044404264EB0101141E73F1000405DB93
:10CC10001C464FF00043524263EB0403994208BFA5
:10CC2000904230BD01F0004330B421F0004150EAA1
:10CC3000010206D00A0DA2F56072C1F31301002AA9
:10CC400002DC30BC00207047440F44EAC104C1003C
:10CC5000E01830BC00EBC25000F0B0B9202A06DB6F
:10CC6000CB17203A41FA02F043EAE07306E041FABA
:10CC700002F3D040C2F120029140084319467047A8
:10CC8000C0B24FF4F05100F02DBA00002DE9F34F7F
:10CC90008BB04FF0000801F10C000C464FF0010B77
:10CCA00046460DF1080A01906269012101989047FA
:10CCB000051E2DD0252D2CD0216A8847C0B1626970
:10CCC000012101989047216A88470028F7D1411E29
:10CCD00062690198904700E0761CA1690B9888472B
:10CCE000216A88470028F7D1E1690B988847DBE77C
:10CCF000A1690B9888470746A84201D1761CD3E763
:10CD0000E1690B9888477F1C02D1B8F1000F6FD002
:10CD100047E1002762693D463946019890472A2835
:10CD200004D162690121019890470125DFF88892BA
:10CD30006269012101989047A0F130010A290AD2C5
:10CD40004F45E5DC07EB870100EB4107303FDFD4BF
:10CD500045F01005ECE7E90601D46FF000476C28B8
:10CD60000AD04C2814D0682815D06A280DD0742811
:10CD70001CD07A281AD01DE06269012101989047E1
:10CD80006C2802D045F0040514E045F002050DE0E2
:10CD900045F020050AE06269012101989047682862
:10CDA00002D045F0080505E045F4006562690121FF
:10CDB00001989047C4E9015765283DD019DC5828EF
:10CDC0007AD00CDC452837D004DC252826D0412831
:10CDD00031D131E046282FD047282CD12CE05B28D8
:10CDE00077D0612828D063287CD0642823D15AE0EA
:10CDF000D1E06F2848D008DC66281DD067281BD0FA
:10CE0000692821D06E2816D127E0702845D07328D4
:10CE100068D0752847D078280DD14DE0A1690B98CE
:10CE20008847054625283FF469AFE1690B98884794
:10CE30006D1C3FF46AAFB4E023466A466FF0010010
:10CE40000B99FFF785FB9FE045F040006060A80765
:10CE500023464FF0000236D43EE0E8077FF447AFA8
:10CE60002068011D21600068290501D506701BE7B7
:10CE7000290701D5068017E7A90703D5F117C0E9EF
:10CE8000006111E706600FE745F040006060A80709
:10CE900023464FF0080216D41EE040F60E0125EAA4
:10CEA0000100606016E045F040006060A80723467E
:10CEB0004FF00A0207D40FE045F040006060A80779
:10CEC00008D5234610226FF001000B99AFF30080C4
:10CED0005AE007E0234610226FF001000B99FFF79C
:10CEE0008DF951E04FF000094F464B46632802D0C0
:10CEF0005B2807D041E02079C00601D40120A06062
:10CF000001273AE062690121019890475E2805D126
:10CF10004FF001096269494601989047216939B982
:10CF200000210A46534643F82120491C0829FADB10
:10CF3000B0B3216969B9C11700EBD16253110AEB93
:10CF4000830122F01F02821A01200B6890400343E4
:10CF50000B6062690121019890475D28E8D1B9F121
:10CF6000000F09D00020514651F82020D24341F84B
:10CF70002020401C0828F7DB02AB224600976FF008
:10CF800001000B99FFF7E0F900280CDA401C08D1EA
:10CF9000BBF1000F05D04FF0FF300DB0BDE8F08FB2
:10CFA000FFE74046F9E7E90701D108F10108064427
:10CFB0004FF0000B78E60000CCCCCC0C0029A8BFC9
:10CFC0007047401C490008BF20F00100704710B4B2
:10CFD000B0FA80FC00FA0CF050EA010404BF10BC67
:10CFE000704749B1CCF1200421FA04F411FA0CF194
:10CFF00018BF012121430843A3EB0C01CB1D4FEACD
:10D0000000614FEA102042BF002010BC704700EBC7
:10D01000C35010440029A4BF10BC7047401C4900F5
:10D0200008BF20F0010010BC704710B5141E73F14A
:10D03000000408DA401C41F1000192185B411A43D8
:10D0400001D120F0010010BD2DE9F04D92469B4624
:10D0500011B1B1FA81F202E0B0FA80F220329046CA
:10D06000FFF7BBFB04460F4640EA0A0041EA0B010A
:10D0700053465A46084313D0114653EA010019D0CB
:10D08000C8F140025046FFF7B7FB05460E46504632
:10D0900059464246FFF7A1FB084305D0012004E0B2
:10D0A00020463946BDE8F08D0020054346EAE0768B
:10D0B0002C4337430A986305E40AA0EB08000022DA
:10D0C000FD0A44EA47540A3002D500200146E9E748
:10D0D000010510196941DDE9084500196941BDE8FC
:10D0E000F04DA2E77F2801D9002208E0064A02EBB2
:10D0F0005002C007127800D1120902F00F0201207D
:10D10000904008407047000080A9010870B58C1855
:10D1100010F8015B15F0070301D110F8013B2A114B
:10D1200006D110F8012B03E010F8016B01F8016B38
:10D130005B1EF9D12B0705D40023521E0DD401F834
:10D14000013BFAE710F8013BCB1A921C03E013F8FD
:10D15000015B01F8015B521EF9D5A142D8D3002032
:10D1600070BD000010B50749074800F015F80749E1
:10D17000074800F011F8BDE810400449054800F0E8
:10D180000BB80000218F0108C405002029660108A2
:10D190000C0600205406002070B5044600680D46B9
:10D1A00001684068C1F38001C0F3C010002918BFB6
:10D1B000002807D04FF001012046A84721686FF0F2
:10D1C0000C000860206801684068C1F34001C0F3AA
:10D1D0004010002914BF002870BD4FF00001204608
:10D1E000A84721686FF01200086070BDFEE70020BC
:10D1F000704700207047000010B500220449054820
:10D2000005F0B5F80449034805F0ABF8002010BD5F
:10D21000340C0020D0090020F40B002010B5096860
:10D220004A1C402A34BF491C40210022431803F8FD
:10D23000012C09F0D7FB0348006808F041FE0020EC
:10D2400010BD000008000020402984BF0220704764
:10D2500010B50C460B49D1F81812D1F81412002958
:10D260001CBF012010BD224601460748FEF767FF9C
:10D2700022460549034805F07AF8BDE81040014808
:10D2800005F0BAB8D0090020340C0020014800F0A5
:10D29000F1BE000008090020014800F0EBBE0000CC
:10D2A0006C09002010B5044601894068012201F094
:10D2B0000EFA0A2008F0E4FD0021204600F081F873
:10D2C00010F4806FF8D1BDE81040012008F0D8BDFF
:10D2D00070B500240546214600F073F810F4806F05
:10D2E0000CD04405640D09D14FF40061284600F0CC
:10D2F00068F810F0800F18BF4FF48064204670BDAE
:10D3000070B5054691F835000C46002808BF70BD81
:10D310000021284600F055F8C0F380212170C0F3A9
:10D3200040216170C0F30021A170C0F3C011E17011
:10D33000C0F380112171C0F340116171C0F300117D
:10D34000A171C0F3C001E171C0F380012172C0F38B
:10D350004001617200F00100A0724FF400612846A4
:10D3600000F02FF8C0F3C011217300F00F00E0812E
:10D370004FF48051284600F024F800F003012161A9
:10D3800000F00401616100F00801A16100F03001CA
:10D3900000F4F860C4E907104FF4C051284600F0CB
:10D3A00010F800F00301616200F00C01A16200F0CE
:10D3B000300100F04000C4E90B10002084F8350073
:10D3C00070BD30B50D460446018A85B0C0680022A4
:10D3D00001F07DF9012008F053FD0020ADF80800B0
:10D3E00045F40040ADF80C004BF6EF60ADF80400DA
:10D3F0004FF47A73012203A9206802F059FB218AB5
:10D400000122E06801F063F9012008F039FD218A6A
:10D410000022E06801F05BF9012008F031FD4FF4D3
:10D420007A700090012301AA02A9206802F005FC8D
:10D43000012008F025FD218A0122E06801F047F96A
:10D44000012008F01DFDBDF8040005B0C0F30A007E
:10D4500030BD000070B5054600F1740600F1880487
:10D460003046FFF71FFF2146304600F035F8102008
:10D47000E0614FF4A86020620820DFED140AA0628A
:10D48000C5ED320A95ED311A9FED110A61EE200AC1
:10D4900021EE000A9FED0F1A60EE810AB4EEE00A59
:10D4A000F1EE10FA28BFB0EE600A85ED3D0A0125C5
:10D4B00084F834502146304600F06FF884F8355037
:10D4C00021463046BDE87040FFF71ABFCDCCCC3CBA
:10D4D000713D8A3EEB51B83F70B50026054681F894
:10D4E00034600C4681F83560012008F0C9FC3146F3
:10D4F0002846FFF766FFC0F380212170C0F340216A
:10D500006170C0F30021A170C0F3C011E170C0F3DD
:10D5100080112171C0F340116171C0F30011A1713C
:10D52000C0F3C001E171C0F380012172C0F340017A
:10D53000617200F00100A0724FF400612846FFF70D
:10D5400040FFC0F3C011217300F00F00E0814FF4E1
:10D5500080512846FFF735FF00F00301216100F0FC
:10D560000401616100F00801A16100F0300100F4E4
:10D57000F860C4E907104FF4C0512846FFF721FFB7
:10D5800000F00301616200F00C01A16200F03001C3
:10D5900000F04000C4E90B1070BD70B5054691F86D
:10D5A00034000C46002808BF70BD4FF48051208A1B
:10D5B000A28AA38B1043228B1A431043228C104360
:10D5C00082B2284600F011F8A08C228D238E1043E1
:10D5D000A28D4FF4C0511A43104382B2284600F086
:10D5E00004F8002084F8340070BDF8B50D461646E6
:10D5F0000446018AC068002201F069F8012008F0A1
:10D600003FFCC6F30A002843ADF800004FF47A73DC
:10D6100001226946206802F04BFA012008F030FC34
:10D62000218A0122E06801F052F8012008F028FC6C
:10D63000F8BD7047012000F027BF042000F024BF90
:10D64000102000F021BF000070B505462DED088BBD
:10D65000F0EE60AAB0EE40BA00F1CC04C0ED3BAAF7
:10D6600090ED190A90ED1A1AF1EE400A30EE410AD7
:10D6700070EEC19ADFED5E0AD0F8000120EE20AA1C
:10D680009FED5C8A002814BF022895ED499A05D0C9
:10D6900001280CBF95ED4E9AB0EE489AB0EE490ABB
:10D6A00006F070FDF0EE408AB0EE490A06F0A6FDE5
:10D6B00068EE8A1A28EEA92A4F4840EE691A00EE51
:10D6C0000A2AC4ED091A84ED0B2AD4ED033A3BEE85
:10D6D000424A7AEEE14AD4ED010AD4ED042AB0EED2
:10D6E000631A04EE201A44EEA02AD0ED000A9FED42
:10D6F000433AB7EE005A20EE833AC5EE030A20EE15
:10D70000811A60EEA20A61EE012A40EEA02AB1EE73
:10D71000E25ADFED3B5AC5EE852A12EE900AB0F1CF
:10D720007E5F10DA21EE221A60EEA20ADFED352AC2
:10D7300063EEA23AC4ED033AD4ED043A63EEA22AB2
:10D74000C4ED042A11E0DFED302A94ED025A24EEF4
:10D75000224A64EEA22A45EE043AC4ED033AD4ED1F
:10D76000043A45EE223AC4ED043A21EE022A284654
:10D7700000EEA12A68EE811A40EE601A68EEA00A57
:10D7800084ED052A40EE010A23EE210A84ED060A03
:10D7900023EE200A84ED070AB0EE610A09F024F8AE
:10D7A0000A21284606F008FFA5F86000B5F85E10CB
:10D7B00088423CBF0020154905D30B20286100207A
:10D7C000BDEC088B70BDC0EBC002C2EB801201EB58
:10D7D000C202401C92ED380A022830EE088AF2D3C9
:10D7E000B1EE480A09F0BCF8BDEC088B012070BD11
:10D7F0003ACD133F0000000070000020ABAA2A3F82
:10D80000AC5C313FA4707D3F5674FE387C00002034
:10D81000C26BDFF8D4C1012A04BF0220704730B4C4
:10D820000122C2630A6807240368092A13D9DD6844
:10D830000A3A02EB420204FA02F225EA0202DA6034
:10D840000A788B680A3A02EB420293400268D46875
:10D850002343D36010E01D6902EB420204FA02F296
:10D8600025EA02021A610A788B6802EB42029340B1
:10D8700002681469234313610268936B23F4401315
:10D8800093630268936B0C8A584D05EB0454234351
:10D8900093630A790B7CD21AD21C02EB82021F23FB
:10D8A00093400268946B24EA030393630A790B7C28
:10D8B000D21A0B88D21C02EB82029BB29340026800
:10D8C000946B23439363CA6962450268936823F4A7
:10D8D000702393600268936808BF23F440130FD04D
:10D8E000D1F81CC043EA0C0393600268936823F4E8
:10D8F0004013936002689368D1F820C043EA0C0398
:10D9000093608A69002A0268536814BF43F48063F5
:10D9100023F4806353604A69002A0268536814BF85
:10D9200043F4805323F4805353604A68012A1BD088
:10D93000022A26D0032A026830D0136A6FF30B0341
:10D9400013620268136AD1F80CC043EA0C03136235
:10D95000284BD0F800C0264A9C4504BFD1F800C02F
:10D96000BCF1120F2CD125E0026853696FF30B0351
:10D97000536102685369D1F80CC043EA0C03536148
:10D98000E6E7026893696FF30B039361026893699A
:10D99000D1F80CC043EA0C039361D9E7D3696FF364
:10D9A0000B03D3610268D369D1F80CC043EA0C03BE
:10D9B000D361CDE7D2F804C04CF4800CC2F804C0A7
:10D9C000D0F800C09C4508D10968102918BF11295A
:10D9D00003D1516841F4000151604FF00001C1636F
:10D9E00030BC08467047000001000F000000F0FF47
:10D9F000002301400020014081B000220092036812
:10DA0000521F1A60012904BF0068C06B11D002299F
:10DA100004BF0068006C0CD0032904BF0068406C90
:10DA200007D0042904BF0068806C02D0009801B0C0
:10DA30007047009001B0704738B44FF0000CCDF83B
:10DA400000C0C26B012A02BF022038BC704701220D
:10DA5000C2630A6807240368092A13D9DD680A3AF1
:10DA600002EB420204FA02F225EA0202DA600A78C4
:10DA70008B680A3A02EB420293400268D46823435F
:10DA8000D36010E01D6902EB420204FA02F225EABB
:10DA900002021A610A788B6802EB42029340026824
:10DAA0001469234313614A681F24072A15D20368A7
:10DAB0005D6B521E02EB820204FA02F225EA0202B8
:10DAC0005A630A8893B20A79521E02EB820293408B
:10DAD0000268546B234353632BE003680D2A14D26E
:10DAE0001D6BD21F02EB820204FA02F225EA020247
:10DAF0001A630A8893B20A79D21F02EB820293401A
:10DB00000268146B2343136313E0DD6A0D3A02EBE2
:10DB1000820204FA02F225EA0202DA620A8893B269
:10DB20000A790D3A02EB820293400268D46A2343D9
:10DB3000D362174B0468154A9C4204BF0C68122C30
:10DB400003D1546844F48004546004689C4218D1A2
:10DB50000B68102B18BF112B13D1536843F400032B
:10DB60005360096810290CD10A490B4A0968B1FBB6
:10DB7000F2F101EB81014900009102D0491E0091B0
:10DB8000FCD1C0F83CC038BC0020704700230140E5
:10DB9000002001402800002040420F000068C06CB7
:10DBA000704700002DE9F04104004FF0000504BF6C
:10DBB0000120BDE8F081574F206C002620B9666433
:10DBC0002046E66300F0ACF8206C10F0100F18BF90
:10DBD000012503D02846E663BDE8F081206C20F4DF
:10DBE000885040F0020020644B48416821F44031E5
:10DBF000416041686268114341602068416821F4D6
:10DC00008071416020684168226941EA02214160D7
:10DC10002068416821F04071416020684168A26835
:10DC2000114341602068816821F4006181602068AF
:10DC30008168E26811438160A06AB8422068816807
:10DC400021F0706181602068816808BF21F0405137
:10DC50000BD0A26A114381602068816821F0405195
:10DC6000816020688168E26A114381602068816870
:10DC700021F00201816020688168A26941EA4201C5
:10DC80008160206A00282068416808BF21F4006193
:10DC900013D041F4006141602068416821F4604183
:10DCA0004160206842684FF46043616A93FAA3F3CD
:10DCB000B3FA83F3491E9940114341602068C16A59
:10DCC00021F47001C1622068C16AA28B134B03EB7F
:10DCD00002521143C1622068816821F400718160A1
:10DCE00020688168226B41EA422181602068816856
:10DCF00021F48061816020688168626941EA822143
:10DD000081606664206C20F0020040F00100206415
:10DD100060E700000100000F002301400000F0FF59
:10DD2000F0B501680025374A3F23032436487026A2
:10DD3000364FA1F1804C87B0BCF5903C22D0DFF883
:10DD4000D0C061453DD1116841F400711160116886
:10DD5000029501F400710591CDE90034694600F0A7
:10DD60009FFB009669463846CDE9014500F098FBD7
:10DD700000220521122000F055FD122000F046FD82
:10DD800007B0F0BD116841F480711160116802950F
:10DD900001F480710591CDE90034694600F080FB03
:10DDA000009669463846CDE9014500F079FB00222E
:10DDB0000521122000F036FD122000F027FD07B0EB
:10DDC000F0BDA1F18043B3F591331CBF07B0F0BDA6
:10DDD000116841F4806111601168029501F480615D
:10DDE00005910F21CDE90014694600F059FB00228E
:10DDF0000521122000F016FD122000F007FD07B0EB
:10DE0000F0BD00004438024000080240000002401B
:10DE1000002101402DE9F04104004FF0000704BF4C
:10DE20000120BDE8F081E06B002618B92046266489
:10DE300000F09AF80220E0632068016821F00201F6
:10DE400001602068016841F00101016000F044FCBC
:10DE50000546206840684FF0030810F0010F09D113
:10DE600000F03AFC401B0A2862D82068406810F095
:10DE7000010FF5D02068416811F0010F68D0A16949
:10DE8000012901680CBF41F0800121F0800101608F
:10DE9000E0690128206801680CBF41F0400121F0D1
:10DEA00040010160206A0128206801680CBF41F030
:10DEB000200121F020010160606A012820680168CA
:10DEC0000CBF41F0100121F010010160A06A01288F
:10DED000206801680CBF41F0080121F008010160D1
:10DEE000E06A0128206801680CBF41F0040121F0BC
:10DEF00004010160D4E902010843D4E9041211438A
:10DF000008436168491E08432168C86120680168A8
:10DF100021F00101016000F0DFFB05462068406848
:10DF200010F0010F0FD000F0D7FB401B0A2805D9D5
:10DF3000C4F83C8003202664BDE8F0812068406876
:10DF400010F0010FEFD12068406810F0010F00D0F1
:10DF50002FB166640120E0630020BDE8F081042059
:10DF6000E0630120BDE8F08100B5006887B0A0F152
:10DF70008041B1F5C8411CBF07B000BD00210C486D
:10DF8000026842F000720260006800F000700590C4
:10DF90004FF4407000900220CDE90101032003906E
:10DFA000092004906946034800F07AFA07B000BDE2
:10DFB00040380240000402402DE9F0410446C66D9D
:10DFC00000F08AFB0546A06B0027022805D08020C0
:10DFD000A06501206763BDE8F0812068016821F039
:10DFE000160101602068416921F080014161606C87
:10DFF000002804BFE06C002804D02068016821F0EC
:10E00000080101602068016821F0010101602068B9
:10E01000006810F0010F10D000F05EFB401B0528D7
:10E0200006D92020A06503206763A063BDE8F081C6
:10E030002068006810F0010FEED194F860003F21D5
:10E0400001FA00F0B06001206763A0630020BDE822
:10E05000F081816B022903D0802181650120704706
:10E06000052181630068016821F001010160002041
:10E07000704700002DE9F84304464FF00008CDF842
:10E08000008070484FF41651E56D0068B0FBF1F761
:10E090002E6894F86000082101FA00F0304211D097
:10E0A0002068026812F0040F0CD0026822F004020B
:10E0B000026094F8600001FA00F0A860A06D40F0E2
:10E0C0000100A06594F860105F488840304209D094
:10E0D0002168496911F0800F04D0A860A06D40F05C
:10E0E0000200A06594F8601058488840304209D07A
:10E0F0002168096811F0020F04D0A860A06D40F0FB
:10E100000400A06594F8601010208840304220D0B0
:10E110002168096811F0080F1BD0A8602068016809
:10E1200011F4802F09D0006810F4002F02D0E16CA8
:10E1300079B10CE0616C51B90BE0016811F4807F9A
:10E1400003D1016821F008010160616C09B120462A
:10E15000884794F860102020884030424FF0010634
:10E1600047D02168096811F0100F42D0A860A06B59
:10E1700005282068016809D011F4802F2AD0006892
:10E1800010F4002F23D0216C19B330E021F01601D8
:10E1900001602068416921F080014161606C0028C4
:10E1A00004BFE06C002804D02068016821F0080159
:10E1B000016094F860004FF03F0101FA00F0A860A0
:10E1C000C4F83480A663616DB9BBBDE8F883A16C67
:10E1D00069B90EE0016811F4807F06D1016821F071
:10E1E00010010160C4F83480A663216C09B1204697
:10E1F0008847A06D002808BFBDE8F883A06D10F027
:10E20000010F15D04FF00500A0632068016821F0D0
:10E2100001010160009800F101000090B84204D8AB
:10E220002068006810F0010FF4D1C4F83480A663B0
:10E23000216D002908BFBDE8F883204601B0BDE884
:10E24000F0430847280000200100800004008000FF
:10E2500070B5044600F040FA0646002C04BF0120C9
:10E2600070BD002502206563A0632068016821F06D
:10E27000010101602068006810F0010F0ED000F06D
:10E280002BFA801B052804D92020A0650320A06359
:10E2900070BD2068006810F0010FF0D12168086897
:10E2A0003C4A1040D4E901231A43D4E9033C43EA31
:10E2B0000C031A4363691A43A3691A43E3691A43B7
:10E2C000236A1A431043626A042A03D1D4E90B2358
:10E2D0001A4310430860266870694FF0010C20F063
:10E2E0000701606A40EA0102042837D1A16AE06AA6
:10E2F0000A4318B3A36953B1B3F5005F14D00029E2
:10E300001CBF0129022921D003291CD026E019B104
:10E31000012905D0022921D110F0807F1ED015E0FF
:10E32000B0F1C07F1AD111E081B1012907D00229D3
:10E330000CD0032908BFB0F1C07F07D00EE010F069
:10E34000807F03D10AE010F0807F07D04FF04000BB
:10E35000A065C4F838C04FF0010070BD726120683C
:10E360000D4AC1B2A1F11001A2FB01210B4A4FEAF3
:10E3700011110329525C22666FF3090088BF001D4A
:10E380003F219140E0658160A565C4F838C0002058
:10E3900070BD00003F8010F0ABAAAAAA78A90108BE
:10E3A00070B4D0F834C00024C56DBCF1010F02BFB9
:10E3B000022070BC70474FF0010CC0F834C0866B6F
:10E3C0004FF0000C012E1CBFC0F834C0022402D054
:10E3D000204670BC704702268663C0F858C0D0F84B
:10E3E00000C0DCF8006026F48026CCF80060D0F88D
:10E3F00000C0CCF804308368402B036803BF9A60E8
:10E400000268D16099601CBF0168CA6090F8601012
:10E410003F2202FA01F1A96001680A6842F016027F
:10E420000A6001684A6942F080024A61416C21B188
:10E4300001680A6842F008020A600068016841F059
:10E4400001010160C4E731B500F046F9009C0546C2
:10E45000B4F1FF3F18BF641C00F03EF9401BA0421E
:10E46000FAD338BD10F0050F01D008F0E3BC10F46A
:10E47000004F02D0002107F047B910F0080F08BF85
:10E480007047012107F040B904490A68024208BFF9
:10E49000704710B50860FFF7E5FF10BD143C014060
:10E4A0002DE9F84FDFF810920022DFF808824FF0D4
:10E4B000010E0F2709F1040A0B680EFA02F52B4032
:10E4C000AB4240F0F080D1F804C0BCF1020F18BF9D
:10E4D000BCF1120F14D14FEAD20C00EB8C04266A67
:10E4E0004FEA427C4FEADC6C07FA0CFB26EA0B068B
:10E4F000D1F810B00BFA0CFC4CEA060CC4F820C0A2
:10E5000006684FEA420C91F804B04FF0030404FA95
:10E510000CF40BF0030B26EA04060BFA0CFB4BEA97
:10E52000060606604E68012E18BF022E03D0112E7B
:10E5300018BF122E14D18668D1F80CB026EA040652
:10E540000BFA0CFB4BEA06068660466826EA0505D0
:10E550000E79C6F3001606FA02F646EA050545608E
:10E56000C56825EA04048D6805FA0CFC4CEA040C25
:10E57000C0F80CC0D1F804C01CF0805F7ED0D8F881
:10E5800000C04CF4804CC8F800C0D8F800C00CF4AF
:10E59000804CCDF800C022F0030C0CF1804404F54F
:10E5A0009834D4F808C84FEA82754FEA157507FA0F
:10E5B00005F62CEA0606A0F1804CBCF5003C38D0EC
:10E5C000A0F1804CBCF5013C08BF4FF0010C30D0ED
:10E5D000A0F1804CBCF5023C08BF4FF0020C28D0E3
:10E5E000A0F1804CBCF5033C08BF4FF0030C20D0D9
:10E5F000A0F1804CBCF5043C08BF4FF0040C18D0CF
:10E60000A0F1804CBCF5053C08BF4FF0050C10D0C4
:10E61000A0F1804CBCF5063C08BF4FF0060C08D0BA
:10E62000A0F1804CBCF5073C0CBF4FF0070C4FF03D
:10E63000080C0CFA05FC4CEA060CC4F808C8D9F81A
:10E6400000C04C682CEA030C14F4803F18BF4CEA5D
:10E65000030CC9F800C0DAF800C04C682CEA030CBF
:10E6600014F4003F18BF4CEA030CCAF800C0134C66
:10E67000D4F800C04D682CEA030C00E013E015F458
:10E68000801F18BF4CEA030CC4F800C00C4CD4F82F
:10E6900000C04D682CEA030C15F4001F18BF4CEAAB
:10E6A000030CC4F800C0521C102AFFF405AFBDE8EB
:10E6B000F88F000044380240003C0140083C014013
:10E6C0000C3C01400069084018BF01207047002A37
:10E6D00008BF090481617047014800687047000065
:10E6E000B405002002480168491C01607047000021
:10E6F000B40500200B4810B5016841F400710160B9
:10E70000016841F480610160016841F48071016039
:10E71000032000F0B9F8002000F006F800F03EF801
:10E72000002010BD003C024010B5014688B0002218
:10E730002D2000F077F82D2000F068F81348002411
:10E74000016841F480710160006805A900F48070DF
:10E750000690684600F0C4FE00F0E8FE0C49400058
:10E76000B0FBF1F0411E0C480A4A026040F2E73269
:10E77000C0E90324C0E9011401F0EAFB00280ABF44
:10E780000548012001F012FC08B010BD40380240DD
:10E7900040420F00002000404007002010B5032039
:10E7A00000F072F8002211466FF00B0000F03AF80A
:10E7B000002211466FF00A0000F034F800221146E2
:10E7C0006FF0090000F02EF800221146501F00F0F3
:10E7D00029F800221146101F00F024F800220F2112
:10E7E000901E00F01FF800220F21BDE81040501EBF
:10E7F00000F018B800F01F01012202FA01F14009EF
:10E80000800000F1E020C0F88011704700F01F0187
:10E81000012202FA01F14009800000F1E020C0F875
:10E8200000117047174B10B41B68C3F30223C3F1E8
:10E83000070CBCF1040F88BF4FF0040C1C1D072C03
:10E8400034BF0023DB1E012404FA0CFCACF1010CE4
:10E850000CEA0101994004FA03F35B1E1A401143CC
:10E8600000284FEA0111A1BF00F1E02080F8001458
:10E8700010BC704700F00F0000F1E02080F8141D7C
:10E8800010BC70470CED00E0074A00F0070011686B
:10E890004FF6FF03194041EA002040F0FD7040F0C0
:10E8A00080601060704700000CED00E0006841627D
:10E8B0000020704770B400680023D0F824C00029FD
:10E8C00004BF4CEA0241816218D0846A0CEB144CFC
:10E8D0004C1E002CC8BF4FF4827508DD05EB830683
:10E8E00086595B1CDBB20CEB164C9C42F6DC4FF4F9
:10E8F000807303EB81014CEA0242425070BC00205D
:10E900007047D0F8F00303F030BFC1EBC10200EB59
:10E910008202D0F8F003526C03F09ABEC1EBC10240
:10E9200000EB8202D0F8F003D2F8042203F0E8BE34
:10E93000D0F8F00303F01BBF10B504460A4611F0EF
:10E94000800F01F07F00C0EBC00104EB810114BF18
:10E95000383101F5FC710870D0094870D4F8B8035B
:10E96000012804BF022010BD0120C4F8B8032068AC
:10E9700004F016FB0020C4F8B80310BD70B50446BF
:10E980000A4611F0800F01F07F0014BFC0EBC001F8
:10E99000C2EBC20104EB810114BF383101F5FC71F7
:10E9A00000258D700870D0094870D4F8B80301288C
:10E9B00004BF022070BD0120C4F8B803206804F031
:10E9C000E7FC0020C4F8B85370BD01F00F01C1EBA3
:10E9D000C10100EB8100B0F8100280B2704770B541
:10E9E00004468C4611F0800F01F07F00C0EBC0019F
:10E9F00004EB810114BF383101F5FC7108705FEA46
:10EA0000DC1C81F801C08A60CB7018BFC88000256B
:10EA1000022B08BF0D71D4F8B803012804BF0220EF
:10EA200070BD0120C4F8B803206804F0EDF9284651
:10EA3000C4F8B85370BD10B50C4601F07F0CCCEB98
:10EA4000CC0100EB8101C1F80C32C1F80422002393
:10EA5000C1F8103281F8F93181F8F8C1036901F584
:10EA6000FC71012B08BF0A6114F07F0F027C006863
:10EA700003D004F0F2FC002010BD04F0C1FBFAE763
:10EA800070B504460D4611F0800F01F07F0014BFF1
:10EA9000C0EBC001C5EBC50104EB810114BF3831E7
:10EAA00001F5FC7101228A700870E8094870D4F8F9
:10EAB000B803012804BF022070BDC4F8B823206841
:10EAC00004F099FC15F07F0F05D1217C04F57072DC
:10EAD000206804F03EFC0020C4F8B80370BD10B5F7
:10EAE0000C4601F07F0CCCEBCC0100EB8101CB6438
:10EAF0004A6400230B65012381F8393001F838CFCF
:10EB00000369012B08BF0A6114F07F0F027C0068C3
:10EB100003D004F0A2FC002010BD04F071FBFAE762
:10EB20002DE9F04F0668044683B00025304604F016
:10EB3000FAFD00281CBF03B0BDE8F08F206804F088
:10EB40001BFE002804BF03B0BDE8F08F206804F06E
:10EB500013FE10F0020F04D02068416901F0020199
:10EB60004161206804F008FE10F4002F4FF00808FF
:10EB70004FF010094FF0010B50D0206804F0DEFD7B
:10EB800007004BD017F0010F44D0E9B2206804F021
:10EB9000EBFD824610F0010F2BD006EB4512C2F8B8
:10EBA00008BB2069012811D1C5EBC50004EB80002A
:10EBB000D2F8102BD0F80012C2F312028A1AC0F851
:10EBC0001022D0F804221144C0F80412E9B2204601
:10EBD000FFF7A4FE2069012802BF002DD4F80C0223
:10EBE000002806D104F570724FF00101206804F08E
:10EBF000B0FB1AF0080F06D0204600F058FB06EBD9
:10EC00004510C0F8088B1AF0100F1CBF06EB45101A
:10EC1000C0F8089B05F101057F08B3D1206804F016
:10EC2000ABFD10F4802F7BD0206804F080FD5FEAFC
:10EC3000000A4FF0000573D01AF0010F71D0E9B24D
:10EC4000206804F082FD074610F0010F29D0012151
:10EC5000D6F8342801FA05F022EA0000C6F8340894
:10EC600006EB4510C0F808192069012807D1C5EB4B
:10EC7000C50004EB8000D0E9102111444164E9B2E1
:10EC80002046FFF742FE2069012802BF002DE06CFC
:10EC9000002806D104F570724FF00101206804F0DD
:10ECA00058FB17F0080F05D006EB45114FF0080090
:10ECB000C1F8080917F0100F05D006EB45114FF009
:10ECC0001000C1F8080917F0400F05D006EB4511F8
:10ECD0004FF04000C1F8080917F0020F05D006EB0D
:10ECE00045114FF00200C1F8080917F0800F4AD013
:10ECF000C5EBC50004EB800000F13807D7E905013A
:10ED0000A0EB0108B868D4F800B0804588BF804601
:10ED100008F103004FEA90090BEB451001901BE04E
:10ED200036E030E0A0EB0108B868404538BF8046C7
:10ED300008F103004FEA9009207C00901FFA88F345
:10ED4000EAB25846F96804F054FDF8684044F860A7
:10ED5000B8694044B8610198D0F8180980B24845B4
:10ED600084BFD7E90501884201D90028DAD1B8F17A
:10ED7000000F08D1012101FA05F0DBF8341821EA6F
:10ED80000000CBF834086D1C5FEA5A0A7FF454AFD8
:10ED9000206804F0F1FC10F0004F0DD0D6F8040804
:10EDA00020F00100C6F80408204600F066FA20684A
:10EDB000416901F000414161206804F0DDFC10F47C
:10EDC000006F0CD0D6F8080810F0010F1CBF2046C9
:10EDD00000F08AFA2068416901F40061416120680D
:10EDE00004F0CAFC10F4805F4FD0D6F8040820F07D
:10EDF0000100C6F804081021206804F063FC616873
:10EE00000020002988BFFF2209D906EB4011C1F874
:10EE10000829C1F8082B6168401C8142F5D84FF0E1
:10EE2000FF30C6F81808D6F81C0840F00110C6F8E4
:10EE30001C08206B60B1D6F8840840F00B00C6F8BF
:10EE40008408D6F8440840F00B00C6F844080BE0EC
:10EE5000D6F8140840F00B00C6F81408D6F81008CD
:10EE600040F00B00C6F81008D6F8000820F4FE6049
:10EE7000C6F80008217C04F57072206804F069FA75
:10EE80002068416901F480514161206804F074FCFC
:10EE900010F4005F38D0206803F0FEFF2068C168DE
:10EEA00021F47051C160206804F020FC78B1032087
:10EEB000E0604020606100F033FB8349834A0144F5
:10EEC00091420FD22068C16841F4705113E00020D4
:10EED000E0604FF4007060612068C16841F4105137
:10EEE000C16009E07A497B4A0144914228D22068F6
:10EEF000C16841F46051C160204600F0ADF920685E
:10EF0000416901F400514161206804F035FC10F0C2
:10EF1000100F75D02068816921F010018161D6F849
:10EF2000208008F00F00C0EBC00004EB800000F56B
:10EF3000FC77C8F34340022850D0062861D06BE02C
:10EF4000A0F57401644AA1F51051914204D22068E1
:10EF5000C16841F45051CEE7A0F183715F4AA1F539
:10EF6000E741914204D22068C16841F44051C2E7B0
:10EF70005B495C4A0144914204D22068C16841F473
:10EF80003051B8E75849594A0144914204D22068A7
:10EF9000C16841F42051AEE75549564A01449142B7
:10EFA00004D22068C16841F41051A4E7A0F1B77100
:10EFB000514AA1F55851914204D22068C16841F4E8
:10EFC000005198E74D4908444D4988422068C1687E
:10EFD00034BF41F4E05141F4C0518CE747F6F07082
:10EFE00018EA000F18D0C8F30A1290463046F968A4
:10EFF00004F0C6FBF8684044F860B86940440AE091
:10F000000FE0082204F57071304604F0B9FBB869CE
:10F01000C8F30A110844B8612068816941F0100101
:10F020008161206804F0A8FB10F0080F07D020468B
:10F0300000F027F92068416901F00801416120686A
:10F0400004F09AFB10F4801F08D0E9B2204600F0CB
:10F0500059F82068416901F480114161206804F089
:10F060008BFB10F4001F08D0E9B2204600F04EF8E8
:10F070002068416901F400114161206804F07CFBC3
:10F0800010F0804F07D02046FFF73BFC2068416915
:10F0900001F080414161206804F06EFB10F0040F24
:10F0A00004BF03B0BDE8F08F2068456815F0040F79
:10F0B0001CBF2046FFF73CFC2068416829434160A3
:10F0C00003B0BDE8F08F0000405327FF00350C006F
:10F0D000401E1BFF40420F00804F120020D613003D
:10F0E00060B6E5FE60E3160000D3CEFE40771B005D
:10F0F000C05BB3FEC091210020753800E05459FE7A
:10F10000E09C4100D0F8F00303F08EBBD0F8F00390
:10F1100003F08CBB2DE9F0418AB004004FF00005EC
:10F1200002BF01200AB0BDE8F0810320C4F8BC038F
:10F13000204600F05BF8206804F05CF81034B4E876
:10F14000CF118DE8CF1174E80C01CDE9080194E8E6
:10F150000F0003F0BBFE0021206804F022FB012613
:10F160000022C5EBC50004EB800080F8396080F810
:10F170003850C58780F83B20026442646D1CC2642D
:10F180000F2DEED300204FF48273C0EBC00104EBCF
:10F19000810103EB800C81F8F92181F8F801C8871F
:10F1A00081F8FB21C1F80022C1F80422C1F80C2229
:10F1B000216841F80C20401C0F28E6D304F1100010
:10F1C00090E8AF118DE8AF11D4E90C01CDE9080149
:10F1D00094E80F0003F062FFC4F8BC63206803F0FA
:10F1E00051FF0AB00020BDE8F081000000B50068C2
:10F1F00087B0B0F1A04F1CBF07B000BD4FF4C050A6
:10F2000000900220019000200290032003900A2029
:10F21000049069460D48FFF743F90D48016841F035
:10F22000800101600B48016841F480410160006881
:10F23000002200F48040059005214320FFF7F2FAF8
:10F240004320FFF7E3FA07B000BD000000000240D2
:10F25000343802404438024010B50446C0680121E9
:10F26000002808BF0021D4F8F00303F036FBD4F8DF
:10F27000F003BDE8104003F0FEBAD0F8F00303F04D
:10F2800019BBD0F8F00303F01BBB10B50446D0F84F
:10F29000B803012804BF022010BD0120C4F8B80340
:10F2A000206804F095FA0020C4F8B80310BDD0F827
:10F2B000F02300F57071104603F022BB10B5044630
:10F2C000D0F8B803012804BF022010BD0120C4F803
:10F2D000B803206803F0CAFE206804F0EDF90020AE
:10F2E000C4F8B80310BD000010B50446D0F8F00310
:10F2F00003F055FB2068D0F8001E41F00101C0F872
:10F30000001E206A002808BF10BD0348016841F0B4
:10F310000601016010BD000010ED00E02DE9F05F76
:10F32000DFF8A89104460E46D9F80000CFB200F0ED
:10F330000F00B04207D289F80070D9F8000000F041
:10F340000F00B04242D12078DFF8848110F0020F24
:10F3500007D0D8F80000A16820F0F0000843C8F8F2
:10F360000000207810F0010F6ED060685949012824
:10F3700028D0022818BF0328096828D011F0020FEE
:10F3800070D0D8F8001021F0030141EA0000C8F85D
:10F390000000FFF7A1F90546606841F2883A0128AC
:10F3A00019D0022829D00328D8F8000037D010F04F
:10F3B0000C0F49D0FFF790F9401B50453FD903206F
:10F3C000BDE8F09F096811F4003FDAD14AE011F07E
:10F3D000007FD6D146E0D8F8000000F00C000428E9
:10F3E00032D0FFF779F9401B5045E8D8D8F8000033
:10F3F00000F00C000428F4D126E0D8F8000000F05A
:10F400000C00082820D0FFF767F9401B5045D6D8DC
:10F41000D8F8000000F00C000828F4D114E04FF0F8
:10F420000C0B3BEA00000FD0FFF756F9401B50458C
:10F43000C5D8D8F800003BEA0000F5D104E0D8F8C0
:10F44000000010F00C0FB5D1D9F8000000F00F004B
:10F4500086420AD289F80070D9F8000000F00F0047
:10F46000B04202D00120BDE8F09F207810F0040FD8
:10F4700007D0D8F80000E16820F4E0500843C8F84D
:10F480000000207810F0080F08D0D8F8000021699B
:10F4900020F4604040EAC100C8F8000000F076F8AF
:10F4A000D8F80010F02292FAA2F201F0F001B2FABC
:10F4B00082F2D140084A515CC840084908600020E7
:10F4C000FFF732F90020BDE8F09F0000003C024049
:10F4D0000838024000380240209E01082800002021
:10F4E0000F2202600C4A136803F0030343601368A1
:10F4F00003F0F0038360136803F4E053C360126801
:10F500004FF4E05303EAD20202610448006800F0BD
:10F510000F0008607047000008380240003C0240BD
:10F520000148006870470000280000200848094989
:10F53000006809684FF4E05292FAA2F201F4E05137
:10F54000B2FA82F2D140044A515CC84070470000D0
:10F550002800002008380240309E01080848094968
:10F56000006809684FF4604292FAA2F201F4604127
:10F57000B2FA82F2D140044A515CC84070470000A0
:10F580002800002008380240309E01081F4800680B
:10F5900010F00C011E4808BF7047DFF878C004293E
:10F5A00004BF60467047082918BF704710B41A4A54
:10F5B0001168136801F03F0113F4800F47F6C07320
:10F5C0000AD0BCFBF1F01168194093FAA3F3B3FA27
:10F5D00083F3D940484309E0B0FBF1F011681940CA
:10F5E00093FAA3F3B3FA83F3D940484311684FF475
:10F5F000403292FAA2F201F44031B2FA82F2D140E2
:10F60000491C4900B0FBF1F010BC704708380240BB
:10F610000024F40000127A00043802402DE9F84F6B
:10F620000446DFF8A8830078A8F1040710F0010F62
:10F63000A7F1040557D0D8F8000000F00C0004280A
:10F6400009D0D8F8000000F00C0008280CD1386868
:10F6500010F4800F08D0286810F4003F43D0606891
:10F66000002800F0B0813EE06068B0F5803F19D01E
:10F67000B0F5A02F28680CBF40F4802020F4803023
:10F68000286028680CBF40F4803020F48020286077
:10F690006068B8B1FFF720F80646286810F4003F0C
:10F6A00005D020E0286840F480302860F0E7FFF7BC
:10F6B00013F8801B642800F23181286810F4003FA1
:10F6C000F5D010E0FFF708F80646286810F4003F70
:10F6D00009D0FFF701F8801B642800F21F81286819
:10F6E00010F4003FF5D12078DFF8E49210F0020F1B
:10F6F0004FF0000650D0D8F800004FF0F80B10F093
:10F700000C0F17D0D8F8000000F00C00082804BF38
:10F71000386810F4800F0DD0E06850B34FF001004E
:10F72000C9F80000FEF7D8FF8246286810F0020FE3
:10F7300009D012E0286810F0020F1CBFE068012811
:10F740000BD000F040B9FEF7C7FFA0EB0A0002287B
:10F750007ED8286810F0020FF5D028689BFAABF22B
:10F760002169B2FA82F220F0F80091400843286043
:10F7700012E0C9F80060FEF7AFFF8246286810F07B
:10F78000020F09D0FEF7A8FFA0EB0A0002285FD8FD
:10F79000286810F0020FF5D1207810F0080F2ED055
:10F7A0008C48DFF834B26169A9B101210160FEF72C
:10F7B00093FF8246DBF8000010F0020F1FD1FEF726
:10F7C0008BFFA0EB0A00022842D8DBF8000010F003
:10F7D000020FF4D013E00660FEF77EFF8246DBF8EE
:10F7E000000010F0020F0AD0FEF776FFA0EB0A002F
:10F7F00002282DD8DBF8000010F0020FF4D1207899
:10F8000010F0040F72D07548016841F0805101601A
:10F810000068DFF8CCB100F080500090DBF8000009
:10F8200040F48070CBF80000FEF756FF8246DBF80C
:10F83000000010F4807F0AD1FEF74EFFA0EB0A0013
:10F8400002286BD8DBF8000010F4807FF4D000E0D1
:10F8500064E0A068DFF88CB101281DD00528DBF832
:10F8600000000CBF40F0040020F00100CBF80000C5
:10F87000DBF800000CBF40F0010020F00400CBF8E2
:10F880000000A068E8B1FEF727FF8246DBF8000021
:10F8900010F0020F07D029E0DBF8000040F0010073
:10F8A000CBF80000EDE7FEF717FFA0EB0A0141F2ED
:10F8B0008830814232D8DBF8000010F0020FF2D01D
:10F8C00014E0FEF709FF8246DBF8000010F0020F9B
:10F8D0000CD0FEF701FFA0EB0A0141F28830814213
:10F8E0001CD8DBF8000010F0020FF2D1A069E8B3D9
:10F8F000D8F8001001F00C01082964D00228C9F8DA
:10F9000060600ED0FEF7E8FE0446286810F0007F25
:10F9100056D0FEF7E1FE001B02284DD90320BDE8BA
:10F92000F88FFEF7D9FE0646286810F0007F08D051
:10F93000FEF7D2FE801B0228F0D8286810F0007F66
:10F94000F6D1D4E9070140EA010247F6C07191FA05
:10F95000A1F1606AB1FA81F100FA01F1A06A4FF0F9
:10F96000FF3303EB50004FF4403300E028E093FAFC
:10F97000A3F3B3FA83F39840084310434FF0706247
:10F9800092FAA2F2E16AB2FA82F291400843386038
:10F990000120C9F86000FEF79FFE0446286810F0B9
:10F9A000007F0DD1FEF798FE001B0228B6D828680C
:10F9B00010F0007FF6D003E0286810F0007FA8D197
:10F9C0000020BDE8F88F0120BDE8F88F083802401C
:10F9D00000004742800E47427438024040380240DF
:10F9E0000070004070380240002804BF01207047BA
:10F9F00070B5002504468562406D18B9204625651E
:10FA000000F02EF8022060652068016821F04001B6
:10FA10000160D4E901010843D4E90312114308430A
:10FA200061690843218B01F400710843E1690843CF
:10FA3000216A0843A16A084321680860A06904217B
:10FA400001EA1040616A0843216848602068C16982
:10FA500021F40061C161A56501206065002070BDD1
:10FA600000B5006887B0A0F18041B1F570511CBFAE
:10FA700007B000BD00210C48026842F40042026059
:10FA8000006800F4004005904FF4E0500090022020
:10FA9000CDE9010103200390062004906946034844
:10FAA000FEF7FEFC07B000BD4038024000080240EF
:10FAB0002DE9F84F0446006D00271E4693460D467B
:10FAC000012804BF0220BDE8F88F4FF0010AC4F8F6
:10FAD00050A0FEF701FE8046606D4FF0000901283E
:10FAE00018BF022774D1002D18BFBBF1000F71D0D1
:10FAF0004FF003006065C4F858902563A4F834B053
:10FB0000A4F836B0C4F83890A4F83C90A4F83E901D
:10FB1000C4F84490C4F84090A068B0F5004F04D1F8
:10FB20002068016841F4804101602068016811F09B
:10FB3000400F03D1016841F040010160E068B0F579
:10FB4000006F606805D000281CBFE08E01282AD015
:10FB500030E000281CBFE08E012807D1216835F86D
:10FB6000020BC860E08EA0F10100E086E08E80B359
:10FB70002068816811F0020F07D035F8021BC160C0
:10FB8000E08EA0F10100E08609E0D6B3B6F1FF3FB8
:10FB900005D0FEF7A1FDA0EB0800B04231D2E08E07
:10FBA0000028E5D124E0216815F8010B0873E08EE8
:10FBB000401EE086E08E60B12068816811F0020F7F
:10FBC00009D015F8011B0173E08E401EE0860CE0A1
:10FBD0002CE00DE029E0A6B1B6F1FF3F05D0FEF71D
:10FBE0007BFDA0EB0800B0420BD2E08E0028E3D1F1
:10FBF0003346012202212046CDF8008001F021FD8C
:10FC000008B1032712E042463146204601F008FDC4
:10FC100018B101272020A06508E0A06818B9206865
:10FC2000C16880680090A06D00B10127C4F854A09D
:10FC30003846C4F85090BDE8F88F2DE9F84F0446D7
:10FC4000006D0127DDF828809B4616460D464FF0D3
:10FC50000009012804BF0220BDE8F88F01202065BB
:10FC6000FEF73AFD8246606D6168012809D0B1F562
:10FC7000827F03BFA168002904284FF0020940F0E9
:10FC8000CB80002D1ABF002EBBF1000F4FF00109F1
:10FC900000F0C280606D012804BF0520606500206F
:10FCA000A065A663A4F83EB0A4F83CB02563A4F810
:10FCB00036B0A4F834B0206460642068016811F0A4
:10FCC000400F03D1016841F040010160E068B0F5E8
:10FCD000006F606805D000281CBFE08E01284ED060
:10FCE00081E000281CBFE08E012834D1216835F85E
:10FCF000020BC860E08EA0F10100E0862BE0002F2F
:10FD00001CBFE08E00280DD02068816811F0020F22
:10FD100008D035F8021BC160E08EA0F10100E0863A
:10FD20004FF00007E08F68B12068816811F0010F83
:10FD300008D0C06826F8020BE08FA0F10100E08730
:10FD40004FF00107B8F1FF3F05D0FEF7C5FCA0EB6F
:10FD50000A00404510D2E08E002804BFE08F002842
:10FD6000CDD143464FF001024FF002012046CDF8BD
:10FD700000A001F066FCE8B34FF003094CE02168F5
:10FD800015F8010B0873E08E401EE0862BE0002F73
:10FD90001CBFE08E00280DD02068816811F0020F92
:10FDA00008D015F8011B0173E08EA0F10100E08678
:10FDB0004FF00007E08F68B12068816811F0010FF3
:10FDC00008D0C06806F8010BE08FA0F10100E087C1
:10FDD0004FF00107B8F1FF3F05D0FEF77DFCA0EB27
:10FDE0000A004045C8D2E08E002804BFE08F0028FA
:10FDF000CDD1B6E7FFE752464146204601F010FC60
:10FE000020B120204FF00109A06505E0A06818B9D5
:10FE10002068C1688068009001206065002020652E
:10FE20004846BDE8F88F4FF0E021042808690CBF70
:10FE300040F0040020F0040008617047401EB0F15B
:10FE4000807F24BF012070474FF0E0214861054AC0
:10FE5000F02082F8140D002088610720086100203E
:10FE6000704700000FE000E070477047826B012A86
:10FE700004BF0220704701228263CA68D1F808C01B
:10FE800022F4407242EA0C02D1F804C022F48062EB
:10FE900042EA0C02D1F800C022F4006242EA0C02ED
:10FEA000D1F810C022F4805242EA0C02D1F814C0FA
:10FEB00022F4005242EA0C02896922F480420A4389
:10FEC000002322F40042114302685164836300203E
:10FED0007047826B012A04BF0220704710B40123CF
:10FEE00002228363C2630268D2F804C02CF0700C53
:10FEF000C2F804C00268D2F804C00C684CEA040CD2
:10FF0000C2F804C00268D2F808C02CF0800CC2F815
:10FF100008C00268D2F808C049684CEA0101916043
:10FF2000C3630021816310BC0846704710B50446C6
:10FF30000068042201F061FE2068416C41F4004138
:10FF400041642068016841F001010160002010BD9A
:10FF5000002804BF0120704710B50446C06B20B9CB
:10FF60000020A063204600F00BF80220E063211D72
:10FF7000206801F0D1FD0120E063002010BD0000E9
:10FF8000006881B0A0F18041B1F580311CBF01B0A3
:10FF900070470548016841F001010160006800F008
:10FFA0000100009001B07047443802400168CA68FF
:10FFB00042F00102CA600068016841F0010101607D
:10FFC00000207047826B012A0DBF0220012383634A
:10FFD000704730B40222C2630268D2F808C02CF025
:10FFE000770C2CF47F4CC2F808C00A68502A41D024
:10FFF0000CDC202A76D004DC002A74D0102A73D0BE
:020000040801F1
:10000000B1E0302A71D0402A71D0ACE0602A4DD0E6
:10001000702A0BD0B2F5805F03D0B2F5005F17D025
:10002000A1E001688A6822F007023DE00268D1F889
:1000300004C08C68C96895684CEA012125F47F45A5
:1000400021432943916001688A6842F077022BE0DE
:100050000268D1F804C08C68C96895684CEA01212F
:1000600025F47F4521432943916001688A6842F461
:10007000804219E00268D1F804C0CC68116A156AA0
:1000800025F001051562956921F00A0125F0F005BA
:1000900045EA041441EA0C019461116201688A681E
:1000A00022F0700242F057028A605CE00268D1F8E8
:1000B00004C0CC68116A21F0100111629569116ABF
:1000C00025F4704545EA043421F0A00141EA0C1101
:1000D0009461116201688A6822F0700242F067023E
:1000E0008A6040E030E01FE026E035E0FFE702688C
:1000F000D1F804C0C968146A156A25F001051562B3
:10010000956924F00A0425F0F00545EA011144EA56
:100110000C0C9161C2F820C001688A6822F070025C
:1001200042F047028A601EE001688A6822F070028D
:1001300042F007028A6016E001688A6822F07002C5
:1001400042F017028A600EE001688A6822F07002AD
:1001500042F027028A6006E001688A6822F0700295
:1001600042F037028A60C3630021816330BC0846D5
:100170007047002804BF0120704770B50446C06B6B
:100180000D4620B90020A063204600F045F802206B
:10019000E0632068816821F007018160211D2068EB
:1001A00001F0BAFC206883688169026AD5F800C052
:1001B00021F00301AE694CEA030321F4407141EAE6
:1001C0000621D5F808C0EE694CEA010121F0FC01D6
:1001D00021F47C41D5F80CC041EA06214CEA01012A
:1001E000D5F810C02E6A4FEA0C1C4CEA063C4CEACB
:1001F0000101D5F804C06D6922F0AA0242EA051295
:100200004CEA02028360206881612068026201205A
:10021000E063002070BD000010B501681B4A022396
:100220001B48A1F1804486B04FF0000CB4F5806407
:1002300019D0A1F18044B4F500641CBF06B010BD14
:10024000116841F004011160116801F00401059189
:10025000C0210091CDE9013CCDE903C36946FEF719
:100260001FF906B010BD116841F00201116011685C
:1002700001F00201059130210091CDE9013CCDE969
:1002800003C36946FEF70CF906B010BD40380240C2
:100290000004024010B504460068002908BF01228E
:1002A00012D004294FF001020ED0002101F098FC79
:1002B00001220421206801F093FC2068016841F0CC
:1002C00001010160002010BD01F08AFCF5E77047D4
:1002D00070B50446006801694FF0000511F0020F87
:1002E0001CBFC16811F0020F13D06FF00201016151
:1002F0000120A0612068806910F0030F204602D021
:10030000FFF7E5FF04E000F07FF9204600F096FAE1
:10031000A5612068016911F0040F1CBFC16811F0CC
:10032000040F13D06FF0040101610220A061206866
:10033000806910F4407F204602D0FFF7C8FF04E038
:1003400000F062F9204600F079FAA56120680169A1
:1003500011F0080F1CBFC16811F0080F13D06FF027
:10036000080101610420A0612068C06910F0030F3A
:10037000204602D0FFF7ABFF04E000F045F920462D
:1003800000F05CFAA5612068016911F0100F1CBF34
:10039000C16811F0100F13D06FF010010161082037
:1003A000A0612068C06910F4407F204602D0FFF7AA
:1003B0008EFF04E000F028F9204600F03FFAA56126
:1003C0002068016911F0010F1CBFC16811F0010F15
:1003D00005D06FF001010161204600F082FA20682B
:1003E000016911F0800F1CBFC16811F0800F05D0AA
:1003F0006FF0800101612046FFF736FD206801693A
:1004000011F0400F1CBFC16811F0400F05D06FF014
:1004100040010161204600F06DFA2068016911F089
:10042000200F1ABFC16811F0200F70BD6FF02001BE
:1004300001612046BDE87040FFF717BD2DE9F0418E
:1004400001680024022601252E4FDFF8BC80A1F1AF
:10045000804086B0B0F580302CD0B1F1804F42D0D2
:10046000A1F18040B0F582301CBF06B0BDE8F0813C
:1004700080200090CDE90164032569464046CDE91E
:100480000345FEF70DF80095CDE90164694638464D
:10049000CDE90345FEF704F84FF4E0700090CDE994
:1004A000016469461948CDE90345FDF7F9FF06B037
:1004B000BDE8F0814FF460400090CDE901646946E9
:1004C0003846CDE90345FDF7EBFF4FF4E0600090BF
:1004D000CDE9016469464046CDE90345FDF7E0FFFB
:1004E00006B0BDE8F0814FF440600090CDE90164B2
:1004F00069463846CDE90345FDF7D2FF06B0BDE8B1
:10050000F0810000000402400000024000080240A8
:100510002DE9F0410446806B012804BF0220BDE8AC
:10052000F08101250220A563E06342B1042A0AD0CC
:10053000334E344F082A0AD00C2A37D05AE02068AC
:1005400001F068FB56E0206801F094FB52E022685D
:10055000106A20F480701062106A5368D2F81CC0D0
:10056000D1F800802CF0730C48EA0C0CD1F808800C
:1005700020F4007040EA0820B24218BFBA420ED1FF
:10058000CE6820F4006040EA06204E6923F4405310
:1005900043EA06138E6920F4806043EA0613536031
:1005A000C2F81CC04968D163106223E02268106A57
:1005B00020F480501062D2F820C05068D369D1F87E
:1005C000008023F4E64343EA0823D1F808802CF4A2
:1005D000005C4CEA083CB24218BFBA4204D14E69F2
:1005E00020F4804040EA86105060D361486810646F
:1005F000C2F820C0E5634FF00000A063BDE8F081C1
:1006000000000140000401407047002804BF0120A1
:10061000704710B50446C06B20B90020A063204687
:1006200000F00AF80220E063211D206801F074FA4E
:100630000120E063002010BD704700002DE9F0416B
:100640000446806B0D46012804BF0220BDE8F081FE
:1006500001260220A663E0634AB1042A19D0DFF81C
:100660004CC1534F082A28D00C2A65D097E0206847
:1006700001F0D0FA2068816941F0080181612068A9
:10068000816921F004018161206881692A6911432F
:1006900011E0206801F0EEFA2068816941F4006100
:1006A00081612068816921F48061816120688169AC
:1006B0002A6941EA0221816171E02068016A21F41E
:1006C00080710162016A4268C369D5F8008023F035
:1006D000730348EA0303D5F8088021F4007141EA66
:1006E0000821604518BFB84211D1D5F80CC021F4DB
:1006F000006141EA0C21D5F814C022F4405242EACC
:100700000C12D5F818C021F4806142EA0C12426044
:10071000C3616A68C26301622068C16941F008016F
:10072000C1612068C16921F00401C1612068C1690B
:100730002A6941EA020131E02068016A21F480510E
:100740000162026A4168C369D5F8008023F4E64378
:1007500043EA0823D5F8088022F4005242EA08321E
:10076000604518BFB84205D1D5F814C021F48041C6
:1007700041EA8C114160C3616968016402622068CA
:10078000C16941F40061C1612068C16921F48061DF
:10079000C1612068C1692A6941EA0221C161E66339
:1007A0004FF00000A063BDE8F081000000000140B0
:1007B00000040140002804BF0120704710B5044622
:1007C000C06B20B90020A063204600F00BF8022087
:1007D000E063211D206801F09FF90120E063002003
:1007E00010BD000008B50068B0F1804F18D0A0F12E
:1007F0008041B1F5823118BF08BD0E48016841F053
:10080000020101600068002200F002000090114621
:100810002D20FEF707F8BDE808402D20FDF7F6BFB4
:100820000548016841F001010160006800F0010025
:10083000009008BD4438024040380240704710B56F
:1008400004460068012201F0CBF92168A1F1804043
:10085000B0F580301CBFA1F18040B0F5823003D1EB
:10086000486C40F4004048642068016841F0010190
:100870000160002010BD10B502680446002904BFC5
:10088000D06840F0020011D0042904BFD06840F0C5
:1008900004000BD0082904BFD06840F0080005D040
:1008A0000C2904BFD06840F0100000D1D0600122B4
:1008B000206801F095F92068A0F18041B1F5803100
:1008C0001CBFA0F18041B1F5823103D1416C41F4EC
:1008D000004141642068016841F00101016000208D
:1008E00010BD0068A0F18041B1F5005118BF7047FC
:1008F000FDF7F8BE704770B504460068C16821F482
:100900009071C1602068416921F001014161206856
:1009100041694FF0000511F0400F09D0416921F005
:1009200040014161606B18B14565606BFDF744FBA8
:10093000E58520202064002070BD704770B50268F6
:1009400004461068D168536910F00F0F4FF020056E
:1009500066D003F0010C01F490765CEA060C75D0C9
:1009600010F0010F18BF11F4807F03D0626C42F0C9
:100970000102626410F0040F18BF13F0010F03D0DE
:10098000626C42F00202626410F0020F18BF13F0B2
:10099000010F03D0626C42F00402626410F0080F91
:1009A00018BF13F0010F03D0626C42F008026264BA
:1009B000626C002A08BF70BD10F0200F1EBF11F03E
:1009C000200F204601F008FA20684169626CC1F3EB
:1009D000801112F0080F08BF002931D0C16821F43E
:1009E0009071C1602068416921F001014161256475
:1009F0002068416911F0400F1DD0416921F040018C
:100A00004161606BB8B132494165606BFDF721FB14
:100A1000002808BF70BD606B416DBDE8704008479D
:100A200010F0200F18BF11F0200F0FD02046BDE8A6
:100A3000704001F0D1B92046FFF77FFF70BD05E09F
:100A40002046FFF77AFF0020606470BD10F0800F31
:100A500018BF11F0800F2BD0E06B212818BF70BD9C
:100A6000A068B0F5805F206A16D0411C2162216821
:100A700000784860E08C401E0004000CE08418BF41
:100A800070BD2068C16821F08001C1602068C16824
:100A900041F04001C16070BD0088C0F308005060A3
:100AA00020690028206A14BF401C801C2062E1E7F6
:100AB00010F0400F14BF11F0400F70BD2046D168F8
:100AC00021F04001D160E56300F03CF970BD000009
:100AD000E91C0108002804BF0120704770B50446D6
:100AE000C06B002518B92046A56300F01FF824202C
:100AF000E0632068C16821F40051C160204601F024
:100B0000AFF92068016921F49041016120684169D1
:100B100021F02A0141612068C16841F40051C1609F
:100B200065642020E0632064002070BD2DE9F0435F
:100B30000446006887B0A0F18041B1F598411CBF20
:100B400007B0BDE8F08300262E48016841F400217B
:100B500001600068022500F4002005900120CDE925
:100B600000050327DFF8A090CDE902574FF00808F1
:100B700069464846CDF81080FDF792FC01AA009521
:100B800082E8E00169464846FDF78AFC204D1F488F
:100B90004FF000682860C5E901860715C5E90367BD
:100BA00080156E61C5E906602E6228466E62FDF70B
:100BB0004FFB18B17A2117A002F033FE6563EC6396
:100BC000194D1848C5E900084020C5E90206C5E9E5
:100BD0000476AE61EE612E6228466E62FDF738FB48
:100BE00018B18B210BA002F01CFE25630022052109
:100BF0003420EC63FDF716FE3420FDF707FE07B046
:100C0000BDE8F083403802400000024040600240EE
:100C1000080900202E2E5C5372635C757361727438
:100C20002E630000706002406C09002037B5044656
:100C3000006C82B01346202837D1039A002A11BFD6
:100C4000002B012005B030BDA06B01282DD0012064
:100C5000A262A063A3850025656422202064616BE5
:100C600013480864616B13484864616B1248086557
:100C7000606B45652068011D606BFDF791FB206886
:100C8000016841680091A563C16841F48071C16049
:100C90002068416941F0010141612068416941F0EA
:100CA0004001416105B0002030BD05B0022030BDDB
:100CB000591D0108951D0108F91C0108704770476E
:100CC00037B50446C06B202832D10199002911BFE5
:100CD000002A012003B030BDA06B012828D00120DC
:100CE0002162A063A284E284002565642120E06380
:100CF000236B11481864236B10485864236B104809
:100D00001865206B13464565206800F1040C6246A7
:100D1000206BFDF745FB21686FF040000860A5637C
:100D20002068416941F08001416103B0002030BD7D
:100D300003B0022030BD00009F1D0108CF1D010837
:100D4000F91C01080148006805F0BAB80400002049
:100D50007047FEE7F0B521488FB01F4901604FF49E
:100D600080360024C0E90164046184611C49046286
:100D7000C0E90A140125C460C56145610463FCF73C
:100D800011FF18B1592117A002F04BFD06270A9751
:100D9000CDE90B540AA91148FCF74EFE18B16321A6
:100DA00010A002F03EFDCDE900754FF480100294D2
:100DB0000890CDE90646CDE90454694607480394F6
:100DC000FCF726FD002804BF0FB0F0BD732105A07D
:100DD00002F027FD0FB0F0BD00200140C405002047
:100DE0000100000F2E2E5C5372635C6164632E63FE
:100DF0000000000070B523488EB0214901604FF417
:100E000080360024C0E9016404618461090504623C
:100E1000C1620125C460C56145614FF06061046332
:100E20008162FCF7BFFE18B18D2117A002F0F9FC1A
:100E30000D20CDE90A050AA90C941248FCF7FCFD27
:100E400018B1972110A002F0ECFC0A20CDE90005B2
:100E50004FF4801002940890CDE90646CDE9045481
:100E6000694608480394FCF7D3FC002804BF0EB081
:100E700070BDA72104A002F0D4FC0EB070BD00002C
:100E8000002101400C0600202E2E5C5372635C6131
:100E900064632E630000000070B523488EB02149C2
:100EA00001604FF480360024C0E90164046184616C
:100EB000C9040462C1620125C460C56145614FF087
:100EC000606104638162FCF76DFE18B1C12117A057
:100ED00002F0A7FC0C20CDE90A050AA90C941248DF
:100EE000FCF7AAFD18B1CB2110A002F09AFC0B2050
:100EF000CDE900054FF4801002940890CDE9064634
:100F0000CDE90454694608480394FCF781FC0028A5
:100F100004BF0EB070BDDB2104A002F082FC0EB055
:100F200070BD000000220140540600202E2E5C53AC
:100F300072635C6164632E63000000000E4810B5AC
:100F40000C4901601021416000218160C160016194
:100F500041618161C161016241628162C162FCF7EC
:100F600059FF002808BF10BD4F21BDE8104003A065
:100F700002F057BC006400409C0600202E2E5C53FB
:100F800072635C63616E2E63000000000D4808B55B
:100F9000016841F4001101600068002200F40010B3
:100FA000009005210D20FDF73DFC0D20FDF72EFCE6
:100FB000002205210F20FDF735FCBDE808400F2079
:100FC000FDF724BC3038024030B589B0002501213E
:100FD00005A8059504F061FF134C0021206004F082
:100FE00097FF012106A8069504F057FF60600121D4
:100FF00007A8079504F051FFA0600021206804F0C5
:1010000087FF012108A8089504F047FFE060074822
:1010100090E80F108DE80F100021684605F012F8D7
:10102000606209B030BD000000000020A89D0108EA
:101030002DE9F041404886B00024016841F00401E8
:101040000160016801F004010591016841F080012F
:101050000160016801F080010591016841F0010122
:101060000160016801F001010591016841F0020190
:101070000160016801F002010591016841F0080179
:10108000016000682D4D00F00800059001224FF42A
:10109000C0412846FDF71BFB00224FF402412846C1
:1010A000FDF715FB264F0022A9143846FDF70FFB6C
:1010B0004FF4624000900126CDE90164694628465C
:1010C0000394FDF7EDF91F480425CDE900500220F7
:1010D000DFF87480029069464046FDF7E1F948F276
:1010E0000800CDE90004694640460294FDF7D8F9AE
:1010F0000C20CDE90004694638460294FDF7D0F98A
:10110000A8020090CDE90164694638460394FDF7D2
:10111000C7F9CDE9005469460C480296FDF7C0F9BD
:10112000002211460820FDF77DFB0820FDF76EFB2D
:1011300006B0BDE8F08100003038024000080240EF
:10114000000402400000111000000240000C0240A8
:10115000124810B5104901604FF4827141600021BE
:101160004FF40062C0E902120122C0E904125202E7
:1011700082611822C0E90721416281620A21C162AD
:10118000FEF732FC002808BF10BD4F21BDE810401B
:1011900003A002F046BB0000003C0040E406002033
:1011A0002E2E5C5372635C7370692E630000000026
:1011B00010B5454894B043490024C0E900146021AB
:1011C000816042F2D071C0E903144461FEF7C0FEB1
:1011D00018B163213DA002F024FB4FF480500E9023
:1011E0000EA93948FEF7EEFE18B1692137A002F0CA
:1011F00018FB3548FFF7DEFA18B16E2133A002F074
:1012000010FB3148FFF701FA18B173212FA002F04B
:1012100008FB2020CDE9120412A92B48FEF759FE45
:1012200018B17A2129A002F0FCFA7020CDE900045F
:10123000029403940494059400226946224806947B
:10124000FFF7FCF918B1862120A002F0EAFA042287
:1012500069461D48FFF7F2F918B18B211BA002F077
:10126000E0FA082269461848FFF7E8F918B190211A
:1012700016A002F0D6FA0C22694613480094FFF734
:1012800047F918B1962111A002F0CBFA4FF4006093
:1012900007904010CDE908041420CDE90A044FF46A
:1012A0000050CDE90C0407A90748FEF7DFFD18B18F
:1012B000A22106A002F0B5FA0348FFF7BFF814B068
:1012C00010BD000000000140800700202E2E5C535E
:1012D00072635C74696D2E630000000010B52148D4
:1012E0008AB04FF080410024C0E900146021816081
:1012F0004FF48051C0E90314FFF75CFA18B1B5212F
:1013000019A002F08EFA089408A916480994FEF76D
:10131000E0FD18B1BC2114A002F083FA7020CDE9E1
:101320000004022002900822694604940D48FFF749
:1013300085F918B1C5210CA002F073FA41F2010041
:10134000CDE901040C2269460648FFF777F918B188
:10135000CC2105A002F065FA0248FFF76FF80AB049
:1013600010BD0000C00700202E2E5C5372635C7419
:10137000696D2E630000000010B519488CB0174944
:101380000024C0E900144FF6FF71C0E90241046176
:101390000320CDE90004012102910420CDE903409E
:1013A000CDE90541CDE9074069460D48FEF7E1FE6C
:1013B00018B1E8210BA002F034FA0A940AA90848EF
:1013C0000B94FEF786FD002804BF0CB010BDEF2182
:1013D00004A002F026FA0CB010BD0000000400408A
:1013E000000800202E2E5C5372635C74696D2E63BE
:1013F0000000000010B51A488CB018490024C0E95C
:1014000000144FF6FF71C0E9024104610320CDE9E9
:101410000004012102910420CDE90340CDE90541FA
:10142000CDE9074069460E48FEF7A3FE20B140F221
:1014300009110CA002F0F5F90A940AA908480B94C6
:10144000FEF747FD002804BF0CB010BD4FF48871B3
:1014500004A002F0E6F90CB010BD00000008004046
:10146000400800202E2E5C5372635C74696D2E63FD
:101470000000000010B5344890B032490024C0E9A3
:1014800000146021816042F2D071C0E9031444610C
:10149000FFF790F920B140F223112CA002F0C1F91E
:1014A0002020CDE90E040EA92748FEF712FD20B139
:1014B0004FF4957125A002F0B4F97020CDE9000435
:1014C0000294039404940594002269461E480694ED
:1014D000FFF7B4F820B14FF49B711CA002F0A1F902
:1014E000042269461848FFF7A9F820B140F23B11E1
:1014F00016A002F096F9082269461348FFF79EF8F5
:1015000020B14FF4A07111A002F08BF94FF40060EC
:1015100007904010CDE908041420CDE90A044FF4E7
:101520000050CDE90C0407A90748FEF79FFC20B145
:101530004FF4A67105A002F074F90348FEF77EFF90
:1015400010B010BD00040140800800202E2E5C5316
:1015500072635C74696D2E63000000000D4810B565
:101560000B4901604FF4E1314160002181600C22A0
:10157000C160C0E904128161C161FFF7ABFA0028C4
:1015800008BF10BD4C21BDE8104003A002F049B9CE
:10159000004C0040C00800202E2E5C5372635C7526
:1015A000736172742E63000010B500220849094867
:1015B00001F016F80849074801F01EFA07490548E6
:1015C00000F0C7FEBDE81040024801F029BA000053
:1015D0003C000020D00900207C0500202C000020C9
:1015E000FEE7704700B587B070210091012101919D
:1015F0000021029103910491059106910C22694604
:10160000FEF786FF07B000BD10B54320FDF7F2F8E6
:1016100002480068BDE8104004F052BC0000002001
:1016200038B50B46009204460022802100F009F8EC
:10163000002808BF38BDA06D40F02000A065032041
:1016400038BD2DE9F04104460068069E1D468068BD
:101650001746884631EA00000CBF01200020B8423E
:101660003CD0B5F1FF3F30D025B1FDF735F8801BF8
:10167000A8422AD32068416821F0E00141606068F7
:10168000B0F5827F0BD1A068B0F5004F18BFB0F560
:10169000806F04D12068016821F040010160A06AD8
:1016A000B0F5005F0AD1206801684DF6FF72114065
:1016B00001602068016841F400510160012060650B
:1016C000002020650320BDE8F0812068806838EAAA
:1016D00000000CBF01200020B842C2D10020BDE8AC
:1016E000F08100009FED721A60EE811A9FED711A71
:1016F000F5EEC00A20EE811AF1EE10FA15DBB5EE18
:10170000C00AF1EE10FA07DBB4EEE10AF1EE10FACE
:1017100028BF01231ED206E0B4EEC10AF1EE10FA92
:1017200038BF032316D3022314E0B5EEC00AF1EE4E
:1017300010FA07DBB4EEC10AF1EE10FA28BF062357
:1017400008D206E0B4EEE10AF1EE10FA38BF042345
:1017500000D30523DFED564AF0EE402A40EEE42A9E
:101760009FED551AB0EE402AF0EE401A20EE813A75
:10177000B1EE401A00EEA42A50EEA41A00EEE41ACC
:10178000F7EE003AB6EE004A9FED4C0A072B20EE2A
:10179000800A64D2DFE803F0630413243344530067
:1017A00033EEE20A30EE430A20EE040A80ED000A2E
:1017B00030EE220A81ED000A30EE030A0DE033EE2E
:1017C000C20A30EE610A20EE040A81ED000A30EE12
:1017D000210A80ED000A30EE020A82ED000A3EE0A6
:1017E00033EEC30A30EE410A20EE040A81ED000A0E
:1017F00030EE030A82ED000A30EE010A0DE073EECE
:10180000E10A70EEC00A60EE840AC2ED000A30EE12
:10181000800A81ED000A30EE210A80ED000A1EE008
:1018200033EEC10A30EE620A20EE040A82ED000AAD
:1018300030EE010A80ED000A30EE220A0DE073EE70
:10184000C00A70EEC20A60EE840AC0ED000A70EEB3
:10185000820AC2ED000A30EE800A81ED000A90EDA6
:10186000000A0023B5EEC00AF1EE10FA1CD310EE08
:10187000100AB0F17E5F17DC91ED000AB5EEC00AE8
:10188000F1EE10FA10D310EE100AB0F17E5F0BDC0F
:1018900092ED000AB5EEC00AF1EE10FA04D310EE94
:1018A000100AB0F17E5F01DD4FF0FF33184670473C
:1018B0003ACD133F3ACD13BF3ACD933F3ACD93BFC4
:1018C000F0B585B00620FCF795FF02240120CDE994
:1018D000000403260A4FCDE902460825694638462A
:1018E0000495FCF7DDFD00200094CDE90140CDE931
:1018F000036569463846FCF7D3FD05B0F0BD00002E
:101900000000024030B585B0124D4FF40040CDE9E3
:1019100000050024694602940F48FCF7C1FD00222F
:1019200011462820FCF77EFF2820FCF76FFF0820D7
:10193000CDE90005694602940848FCF7B1FD002294
:1019400011460920FCF76EFF0920FCF75FFF05B088
:1019500030BD0000000011100000024000040240F1
:1019600030B599B0FFF720FE03F098FF03F0A4FF15
:101970001F4C05ADB4E80F108DE80F1094E80F1060
:1019800085E80F101B496846283C04F05BFB1A4DA4
:101990001A49286105A804F055FB3C34686194E8B5
:1019A0000F100DF1280E3C3C8EE80F1000210AA804
:1019B00004F048FB5034A86194E80F100DF13C0E80
:1019C000503C8EE80F1000210FA804F03BFB64345C
:1019D000E86194E80F1014AC84E80F10002114A8FB
:1019E00004F030FB2862686A07F04AF919B030BD8C
:1019F000BC9D01087C000020000000204402002063
:101A000004F016BB30B5254893B00025016841F0BD
:101A100080510160006800F08050119020480168FA
:101A200041F4804101600068022400F4804011907C
:101A300001200090000401908001CDE906400420BF
:101A40000890A820CDE9090407200B906846FDF70F
:101A5000E5FD00B1FEE70F20CDE90C044FF4A050E6
:101A6000CDE90E504FF48050109005210CA8FDF7E1
:101A700055FC00B1FEE7FDF753FD4FF47A71B0FB62
:101A8000F1F0FEF7DBF90420FEF7CDF900220F217B
:101A9000501EFCF7C7FE13B030BD000040380240B6
:101AA000007000400F48016841F4700101600E4869
:101AB000016841F0010101600C4A002111600268D7
:101AC00022F4102222F080720260031D084A1A607C
:101AD000026822F480220260064801600649580626
:101AE0000860704788ED00E0003802400838024086
:101AF000103000240C38024008ED00E010B5044816
:101B0000FEF7E6FBBDE810400248FEF7E1BB00002F
:101B10008008002040070020F0B402682B4BDFF85B
:101B2000B0C02C4D2C4E2D4C984218BFB0F1804FB8
:101B300007D0604518BFA84203D0B04218BFA042EA
:101B400004D14F6822F0700247EA0202984218BF9F
:101B5000B0F1804F25D0604518BFA84221D0B042D7
:101B600018BFA0421DD0A0F1804CBCF5A03C1CBF0A
:101B7000A0F1804CBCF5A23C13D0A0F1804CBCF588
:101B8000A43C1CBFA0F1804CBCF5C05C09D0A0F106
:101B9000804CBCF5E05C1CBFA0F1804CBCF5005C47
:101BA00005D1D1F80CC022F440724CEA0202026066
:101BB0008A68C2620A688262984212BFA0420969BA
:101BC00001634FF001014161F0BC7047000001402A
:101BD0000004004000080040000C004000040140E8
:101BE0000123D0F820C08B402CEA03030362036A70
:101BF00002FA01F11943016270470423D0F820C0B2
:101C00008B402CEA03030362036A02FA01F11943D1
:101C10000162704710B4026A22F001020262036A94
:101C20004268D0F818C00C682CF0730C44EA0C0C15
:101C30008C6823F002032343A0F18044B4F5803480
:101C40001CBFA0F18044B4F582340BD1CC6823F0E2
:101C5000080323434C6922F4407222438C6923F029
:101C6000040322434260C0F818C04968416303621C
:101C700010BC704710B4026A22F010020262036ABC
:101C80004268D0F818C00C682CF4E64C4CEA042CDE
:101C90008C6823F0200343EA0413A0F18044B4F5D8
:101CA00080341CBFA0F18044B4F582340ED1CC68DE
:101CB00023F0800343EA04134C6922F4406242EAB1
:101CC00084028C6923F0400342EA84024260C0F837
:101CD00018C049688163036210BC70470148FEF771
:101CE0002DBE0000C008002010B5C06B0021C185CA
:101CF000C184FEF722FE10BD10B5C06B01684969B2
:101D0000C26BC1F3C01100234FF0200C212A08D16F
:101D100039B1C3840168CA6822F0C002CA60C0F841
:101D20003CC001684A69046CC2F38012222C0CD1B9
:101D30005AB1C385CA6822F49072CA6001684A69C0
:101D400022F001024A61C0F840C0416C41F010012C
:101D50004164FEF7F2FD10BD10B50146C06B096885
:101D6000096811F4807F12D10021C1850168CA6819
:101D700022F48072CA6001684A6922F001024A6155
:101D800001684A6922F040024A6120210164FEF79D
:101D900095FF10BD10B5C06BFEF791FF10BD10B5DB
:101DA0000146C06B0968096811F4807F02D0FEF714
:101DB000C9FF10BD0021C18401684A6922F0800278
:101DC0004A610068C16841F04001C16010BD10B5B2
:101DD000C06BFEF7BDFF10BD10B5016C22291CBF02
:101DE000022010BD8168B1F5805F22D00169002911
:101DF00001682ED0496801F07F02816A4B1C836222
:101E00000A70C18D491E0904090CC1851CBF002040
:101E100010BD0168CA6822F49072CA6001684A69FC
:101E200022F001024A6120210164FEF747FF0020F1
:101E300010BD0269816A002A0268526814BFD2B2DA
:101E4000C2F308020A80816A14BF491C891C81629E
:101E5000D7E74A68816A4B1C83620A70D1E70000A9
:101E60002DE9F041044600680169E26821F440511F
:101E7000114301612068C1682369A268D4F81CC0BD
:101E80001A43636921F4037143EA0C0321F41441FA
:101E90001A431143C16020684169A26921F440716D
:101EA00011434161E0693226B0F5004FB94ABA49A1
:101EB000BA4D20685DD0884218BF904240F0118131
:101EC000FDF74CFB00EBC00101EB001061688900DD
:101ED000B0FBF1F7FDF742FB00EBC00101EB001096
:101EE00061688900B0FBF1F0A5FB001040096FF0BC
:101EF0001801484307EB800006EB0010A5FB00101B
:101F0000400900F0F007FDF729FB00EBC00101EBF1
:101F1000001061688900B0FBF1F0A5FB00104009DA
:101F200007EB0017FDF71AFB00EBC00101EB0010F7
:101F300061688900B0FBF1F8FDF710FB00EBC00110
:101F400001EB001061688900B0FBF1F0A5FB001007
:101F500040096FF01801484308EB800006EB0010C1
:101F6000A5FB00102168C0F3431038448860BDE829
:101F7000F081884218BF904259D1FDF7EFFA00EB8B
:101F8000C00101EB001061684900B0FBF1F0A5FB56
:101F9000001040090701FDF7E1FA00EBC00101EB79
:101FA000001061684900B0FBF1F8FDF7D7FA00EBCB
:101FB000C00101EB001061684900B0FBF1F0A5FB26
:101FC000001040096FF01801484308EB800006EB51
:101FD000C000A5FB0010400900F0F80007EB400727
:101FE000FDF7BCFA00EBC00101EB0010616849008D
:101FF000B0FBF1F8FDF7B2FA00EBC00101EB001005
:1020000061684900B0FBF1F0A5FB001040096FF0DA
:102010001801484308EB800006EBC000A5FB001048
:102020002168C0F3421038448860BDE8F081FDF7B4
:102030007DFA00EBC00101EB001061684900B0FBC4
:10204000F1F0A5FB001040090701FDF76FFA00EB66
:10205000C00101EB001061684900B0FBF1F8FDF729
:1020600065FA00EBC00101EB001061684900B0FBAC
:10207000F1F0A5FB001040096FF01801484308EB90
:10208000800006EBC000A5FB0010400900F0F8003E
:1020900007EB4007FDF74AFA00EBC00101EB001027
:1020A00061684900B0FBF1F8FDF740FA00EBC001B0
:1020B00001EB001061684900B0FBF1F0A5FB0010D6
:1020C00040096FF01801484308EB800006EBC000A0
:1020D000A5FB00102168C0F3421038448860BDE8B9
:1020E000F081FDF723FA00EBC00101EB00106168FD
:1020F0008900B0FBF1F7FDF719FA00EBC00101EB25
:10210000001061688900B0FBF1F0A5FB00104009E8
:102110006FF01801484307EB800006EB0010A5FBA9
:102120000010400900F0F007FDF700FA00EBC001D5
:1021300001EB001061688900B0FBF1F0A5FB001015
:10214000400907EB0017FDF7F1F900EBC00101EBC7
:10215000001061688900B0FBF1F8FDF7E7F900EBCA
:10216000C00101EB001061688900B0FBF1F0A5FB34
:10217000001040096FF01801484308EB800006EB9F
:102180000010A5FB00102168C0F34310384488609C
:10219000BDE8F08100140140001001401F85EB51A3
:1021A00010B5D0F81802002804BF022010BD00218D
:1021B000C0F814120248006803F082FE002010BD2F
:1021C0000C00002070B50546D0F8184200F0DAFA8D
:1021D000C4F80C02D5F81802002804BF022070BD14
:1021E000D4F80402D5F81C12CA6804F503719047AC
:1021F000002070BD70B504460025812100F018FA5A
:102200000121204600F014FA8221204600F010FA45
:10221000D4F8180250B1D4F81C0240688047D4F8B2
:10222000180203F0E9FA0020C4F81802284670BD2D
:1022300010B5D0E9864100291CBF94F80002FF28A0
:1022400007D08B6894F8012221469847FF2084F834
:102250000002002010BD00000A21018000487047E4
:10226000A40400204321018000487047F4040020AA
:102270004321018000487047B004002043210180C1
:10228000004870473805002070B5054600690026F3
:10229000002830D0402302228121284600F0C8FACD
:1022A000402302220121284600F0C2FA082303221B
:1022B0008221284600F0BCFA4FF4077003F054FB6B
:1022C000C5F81802002808BF012612D00446D5F828
:1022D0001C02006880470020C4F81402C4F81802E9
:1022E0002869D4F80422A8B140230121284600F02F
:1022F000B2FA304670BD4FF40073022281212846A5
:1023000000F096FA4FF4007302220121284600F0F3
:102310008FFACBE74FF400730121284600F09BFAB7
:10232000E7E710B5D0F81812002904BF022010BD4D
:102330000269002AD1F8042205D04023012100F0CF
:102340008AFA002010BD4FF40073012100F083FAD7
:10235000F7E70246022000291CBFC2F81C12002029
:102360007047D0F81802C0F8041200207047D0F867
:102370001802C0F81022C0F80812002070470000B0
:1023800070B50546D0F8186208780C4610F0600168
:1023900025D020292BD1E288CAB110F0800F6078B7
:1023A0000AD0D5F81C128B6831469847E28831462E
:1023B000284600F06CF81AE086F80002A07986F84A
:1023C0000102E2883146284600F047F80FE0D5F8D0
:1023D0001C12607800228B682146984707E06078DD
:1023E0000A2804D101220349284600F050F80020B1
:1023F00070BD0000A004002010B5D0F8181200290C
:1024000004BF022010BDD1F81422002A1CBF0120F5
:1024100010BD0122C1F81422B1F8102293B2D1F8F4
:102420000822812100F0C4FA002010BD10B5D0F8B8
:10243000142252689047002010BD134610B50A467A
:10244000002100F008FA002010BD134610B50A461E
:10245000002100F0ADFA002010BD10B50323C0F834
:102460000821C0F8F431C0F80C2113460A460021B7
:1024700000F0F1F9002010BD10B505210023C0F8CF
:10248000F4111A46194600F0E6F9002010BD10B507
:1024900002238261C0F8F431C26113460A4600216A
:1024A00000F086FA002010BD10B504210023C0F80A
:1024B000F4111A46194600F07BFA002010BD000006
:1024C00010B50A46024903A000F058F8004810BDB4
:1024D0006810002043444320436F6E666967000024
:1024E00012200880004870475C00002010B50A46A2
:1024F000024903A000F042F8004810BD6810002017
:1025000043444320496E7465726661636500000050
:1025100004200880004870475800002010B50A4683
:10252000024903A000F02AF8004810BD68100020FE
:102530004F4472697665000010B50A46024903A04F
:1025400000F01CF8004810BD681000204F4472696C
:1025500076652076332E340010B50A46024903A072
:1025600000F00CF8004810BD68100020303030300A
:1025700030303030303030310000000030B40025D1
:10258000002804BF30BC7047034604784FF0000CAD
:102590003CB113F8014F0CF1010C0CF0FF0C002CB6
:1025A000F7D1022303EB4C0313804B556A1C032322
:1025B0008B540378AA1C002B12BF002330BC704739
:1025C00010F801CB01F802C0521CD2B28B54521C3D
:1025D00090F800C0D2B2BCF1000FF1D130BC70470E
:1025E000002804BF02207047D0F81432002B1CBF13
:1025F0000023C0F81432002918BFC0F8101210B51B
:10260000012180F8FC11027000F0C0F8002010BD1C
:1026100010B50024D0F82002FCF7B0F930B1012841
:1026200003D0022808BF012400D00224204610BD98
:1026300010B50024D0F82002FCF77EF930B1012853
:1026400003D0022808BF012400D00224204610BD78
:1026500070B59446044659B1D4F814024269002A70
:102660004CD094F8FC01032804BF2046904745E075
:10267000D4F8F411002504F11400022938D1D0E96E
:1026800002318B420DD9591A81608AB261462046C7
:10269000FFF7DBFE00231A461946204600F0DBF860
:1026A00026E04068B0FBF1F201FB12029AB98842C1
:1026B00011D3D4F8F81188420DD2002211462046D9
:1026C000FFF7C3FE00231A4619462046C4F8F85106
:1026D00000F0C1F80CE0D4F81402C16829B194F8F4
:1026E000FC01032804BF204688472046FFF7C4FEAC
:1026F00094F80002012808BF84F80052002070BD41
:1027000070B51546044651B1D4F81402826952B32B
:1027100094F8FC01032804BF2046904723E0D4F836
:10272000F41104F5827003291DD1D0E9023C634500
:102730000CD9A3EB0C03836060469C4598BF03460D
:102740009AB229462046FFF778FE0CE0D4F814022E
:10275000016929B194F8FC01032804BF2046884789
:102760002046FFF7A1FE002070BD0020704710B585
:10277000012180F8FC11D0F81422017952689047A9
:10278000002010BDD0F82002FCF71FB910B5017869
:1027900000292BD116490222C1F8F003C0F82012FB
:1027A0004FF0A0400860042048600020C1E90320E9
:1027B000C1E90502C86108624862C8620863084648
:1027C000FCF7A8FC20B14FF49A710AA001F029F897
:1027D00080210748FCF76AF8402200210448FCF7F2
:1027E00069F8802201210248FCF764F8002010BD3E
:1027F000740C00202E2E5C5372635C757362645FF0
:10280000636F6E662E63000011F0800F01F07F0190
:10281000D0F82002C1EBC10100EB810014BF90F899
:102820003A0090F8FA017047002070470020704786
:1028300010B59C4613460024D0F820026246FCF7EF
:10284000CEF830B1012803D0022808BF012400D0FF
:102850000224204610BD10B50024D0F82002FCF759
:10286000EAF830B1012803D0022808BF012400D0C3
:102870000224204610BD70B50022044640231146B4
:10288000FFF7D6FF40252B46002280212046C4F8C2
:102890001051FFF7CDFF0120256284F8FC01D4F828
:1028A000180228B1D4F814022179426820469047D2
:1028B000002070BD90F8FD1180F8FC1100207047D9
:1028C00010B590F8FC11032905D1D0F81412C9698C
:1028D000002918BF8847002010BD01610020704703
:1028E00010B50024D0F82002FCF7CFFC30B101284D
:1028F00003D0022808BF012400D00224204610BDC6
:1029000010B5044600F5027000F062F80120C4F82A
:10291000F401B4F80E02C4F8F80194F8081211F0AA
:102920001F000AD001280ED0022812D001F0800129
:10293000204600F014F8002010BD04F50271204676
:1029400000F074F8F7E704F50271204600F03BFA56
:10295000F1E704F50271204600F0B0F9EBE710B59D
:102960000024D0F82002FCF78BF830B1012803D006
:10297000022808BF012400D00224204610BD10B553
:102980000024D0F82002FCF799FC30B1012803D0D4
:10299000022808BF012400D00224204610BD90F870
:1029A000FC1180F8FD11042180F8FC110020704713
:1029B00010B50024D0F82002FCF791F830B10128BE
:1029C00003D0022808BF012400D00224204610BDF5
:1029D0000A7802704A7842708A78CB7802EB032238
:1029E00042800A794B7902EB032282808A79C97985
:1029F00002EB0121C180704702460020002914BF6C
:102A0000C2F814120220704710B5D0F81422022424
:102A100022B112689047002808BF0024204610BD4C
:102A200010B5FFF7ACFF002010BD0000F8B50D4653
:102A3000497800260A2980F0F180DFE801F0FAF9F0
:102A4000EFF8EF8505EFE3A404466888010A08293A
:102A500080F0C380DFE801F0C1040C1EC1C1555FE6
:102A6000D4F8101220690A686946904701465DE073
:102A700020690028D4F8140205D0C16A6846884746
:102A80000146022051E0816A6846884701460220DB
:102A900048704BE0C0B2062874D2DFE800F0030BA8
:102AA000131B232BD4F8101220694A6869469047FB
:102AB00001463BE0D4F8101220698A6869469047C5
:102AC000014633E0D4F810122069CA68694690477D
:102AD00001462BE0D4F8101220690A696946904734
:102AE000014623E0D4F8101220694A6969469047EC
:102AF00001461BE0D4F8101220698A6969469047A4
:102B000007E02069002868D1D4F81402416B6846B8
:102B1000884701460AE0206900285ED1D4F81402F3
:102B2000016B68468847014607204870BDF80000E1
:102B300000281CBFEA88002A57D0824288BF02467C
:102B4000ADF8002020467AE00446A888002804BF9B
:102B5000E888002841D1A87800F07F0594F8FC01AE
:102B600003283AD084F8FE5129462046FFF7B8FEE4
:102B70002046FFF799FC002D0CBF0120022084F8AD
:102B8000FC0132E029E0A9784B4D04460129297067
:102B900023D894F8FC01022802D003280ED01CE0B0
:102BA00041B10320616084F8FC012046FFF72CFF4F
:102BB000022812D02046FFF777FC16E0B9B1606812
:102BC0008842F7D0C1B22046FFF730FC2978204672
:102BD0006160FFF719FF0228ECD180212046FFF742
:102BE000BEFE00212046FFF7BAFE3046F8BD0220A7
:102BF00084F8FC0120466160FFF718FC2046FFF7CF
:102C000053FCF2E7E988012908D190F8FC11022968
:102C100010D0032904BF0122011D10D004468021D9
:102C2000FFF79DFE00212046FFF799FEDDE71CE03F
:102C30002BE007E000218160012200F10801FFF78D
:102C400026FCD2E790F8FC11022918BF0329E5D130
:102C50004FF00101C160D0F8041200291CBF03210C
:102C6000C160022200F10C01E9E7044668882946A8
:102C70000128BAD1C4F80402D4F8140282682046AC
:102C800090472046FFF710FCAFE7044690F8FC01A0
:102C90002946022818BF03289FD148880128A4D1BB
:102CA0000020C4F80402D4F8140282682046904739
:102CB0002046FFF7F9FB98E79C04002070B50D460D
:102CC000044628780026097900F06000202807D003
:102CD0006878002848D0012828D0032808D051E07F
:102CE000D4F814022946826820469047002070BD1F
:102CF00094F8FC01022802D0032805D03AE000290C
:102D000018BF802943D13DE0688828B900291EBF3B
:102D100080292046FFF723FED4F814022946826852
:102D2000204690472046FFF7BFFB2BE094F8FC01BC
:102D3000022802D0032805D01CE0002918BF8029F2
:102D400025D11FE06888E8B911F07F0F08D0204630
:102D5000FFF75EFCD4F814022946826820469047AB
:102D60002046FFF7A1FB0DE094F8FC0102280BD0F0
:102D7000032810D080212046FFF7F1FD00212046D6
:102D8000FFF7EDFD304670BD11F07F0FFAD0204601
:102D9000FFF7E5FDF6E701F07F0011F0800F04EB8F
:102DA000001014BF00F1140500F582752046FFF7EE
:102DB0002BFD002818BF012002222860294620464A
:102DC000FFF765FBDEE770B5044690F8FC010D46A1
:102DD00003280ED1287901280BD8D4F81402826870
:102DE00020469047E888002804BF2046FFF75CFB98
:102DF00007E080212046FFF7B2FD00212046FFF7C3
:102E0000AEFD002070BD00004B78012291F800C09B
:102E100002FA0CF2012BD0F81C380CD043EA024223
:102E2000C0F81C280A7800EB4210D0F8002B12F4EE
:102E3000004F20D02CE092B21A43C0F81C280A7828
:102E400000EB4210D0F8003913F4004F20D1D0F835
:102E50000039B1F808C0CCF30A0C43EA0C03C97876
:102E6000890441EA8251194341F4004141F0805103
:102E7000C0F800190CE0D0F8002B0B89C3F30A034B
:102E80001A43C978034B43EA81411143C0F8001B40
:102E90000020704700800010D0F800196FF30A017D
:102EA000C0F80019D0F8081801F00601042905D16E
:102EB000D0F8001941F00301C0F80019D0F8041847
:102EC00041F48071C0F8041800207047334ADDF8DF
:102ED00008C0009B0999BCF1010F21D0C16841F0E5
:102EE0004001C1600021491C914213D8D0F810C0A4
:102EF0001CF0004FF7D00021D0F810C04CF0010CAE
:102F0000C0F810C0491C914204D8D0F810C01CF081
:102F1000010FF7D14FF480318163012B3BD132E0B7
:102F2000D0F838C02CF4803CC0F838C0D0F80CC0C1
:102F30002CF0400C2CF4840CC0F80CC0D0F80CC061
:102F40002CF4401CC0F80CC0012903D1C16841F425
:102F50008011C1600021491C9142DED8D0F810C018
:102F60001CF0004FF7D00021D0F810C04CF0010C3D
:102F7000C0F810C0491C9142CFD8D0F810C01CF046
:102F8000010FF7D1C9E7816841F0060181608168CE
:102F900041F020018160002070470000400D0300D7
:102FA000F0B50D46044600204F780126F3064FF099
:102FB000804C2D4A097804EB4111012F14D0D1F82F
:102FC000007B27F40047C1F8007B297804EB41110E
:102FD000C1F8003B297804EB4111C1F800CB401C3B
:102FE000904228D90320F0BDD1F8007927F400479A
:102FF000C1F80079297804EB4111C1F8003929782A
:1030000004EB4111C1F800C9401C9042EAD829786C
:1030100004EB4111D1F8081911F0804FF4D11021BF
:10302000204600F04FFBD4F81C08297806FA01F17D
:1030300089B2884314E0297804EB4111D1F8081BC8
:1030400011F0100FCBD1D4F8040840F48060C4F81C
:103050000408D4F81C08297806FA01F120EA014096
:10306000C4F81C080020F0BD400D030010B5D0F8D6
:10307000041821F00201C0F804180320FBF7E3F95B
:10308000002010BD10B5D0F8041841F00201C0F8BE
:1030900004180320FBF7D7F9002010BD2DE9F043F9
:1030A0000D460446DDE909090E9F079E002FA16B1E
:1030B0000CBF41F4001141F40021A1634FF000085E
:1030C000C4F8008ED4F80018C4F80018012854D0B1
:1030D000D4F8000840F00300C4F80008102120468E
:1030E00000F0F0FA0020102121613F49401C884285
:1030F00003D8226912F0100FF8D1C4F81088C4F870
:1031000014884FF0FF30C4F81808C4F81C88002158
:103110004FF09042FF23002D11D904EB4110D0F85D
:1031200000C91CF0004F14BFC0F80029C0F8008986
:10313000C0F81089C0F80839491C8D42EDD800212B
:10314000002D11D904EB4110D0F800CB1CF0004F3A
:1031500014BFC0F8002BC0F8008BC0F8108BC0F86B
:10316000083B491C8D42EDD8D4F8100820F480703B
:10317000C4F81008012E16D108E0002BD4F800087E
:1031800018BF40F00100C4F80008A7E71748C4F8CA
:103190003008D4F8300840F0030040F48030C4F820
:1031A0003008D4F83008C4F818806FF080406061AF
:1031B0001EB9A06940F01000A061A0690C49084345
:1031C000A061B9F1000F03D0A06940F00800A06130
:1031D000012F05D1A06940F0040040F08040A061BB
:1031E0000020BDE8F0830000400D030000018000D6
:1031F00000383C80816821F0010181600020704727
:1032000010B491F801C00B7800EB4313BCF1010F2F
:103210002BD0D3F810CB6FF3120CC3F810CB0B7874
:1032200000EB4313D3F810CB6FF3DC4CC3F810CB97
:103230004B69002B1CBF8B684B610B7800EB431371
:10324000D3F810CB4CF4002CC3F810CB0B7800EB68
:103250004313D3F810CB8C68C4F312044CEA040C6B
:10326000C3F810CB012A68D161E0D1F814C0BCF1D9
:10327000000FD3F810C93ED06FF3120CC3F810C979
:103280000B7800EB4313D3F810C96FF3DC4CC3F891
:1032900010C9D1F814C08B689C4588BF4B610B786E
:1032A00000EB4313D3F810C94CF4002CC3F810C939
:1032B0000B7800EB4313D3F810C94C69C4F3120424
:1032C0004CEA040CC3F810C90B7800EB4313D3F895
:1032D00000C94CF0044CC3F800C9012A20D04A6947
:1032E00022B3D0F834280978012303FA01F11143FD
:1032F000C0F834182AE06FF3DC4CC3F810C90B781F
:1033000000EB4313D3F810C94CF4002CC3F810C9D8
:103310000B7800EB4313D3F810C96FF3120CD1E70D
:103320000A69097800EB4110C0F814290EE00B7807
:1033300000EB4313CA68C3F8142B097800EB411063
:10334000D0F8001B41F00441C0F8001B002010BC65
:1033500070470023C0F8103BD0F8103B43F4002323
:10336000C0F8103BD0F8103B43F01803C0F8103BF6
:10337000D0F8103B43F0C043C0F8103B012905D101
:10338000C0F8142B4FF08021C0F8001B00207047BC
:103390004B780A7800EB4212012B0BD0D2F8003B9D
:1033A00023F40013C2F8003BCA78032A18BF022A8C
:1033B00015D01DE0D2F8003923F40013C2F800390B
:1033C000CA78032A18BF022A12D1097800EB4110EB
:1033D000D0F8001941F08051C0F8001908E00978D0
:1033E00000EB4110D0F8001B41F08051C0F8001BE9
:1033F0004FF0000070474B780A7800EB4212012B27
:1034000005D0D2F8003B13F0004F15D01AE0D2F8E7
:10341000003913F0004F05D1D2F8003923F0804372
:10342000C2F80039097800EB4110D0F8001941F4D6
:103430000011C0F800190EE0D2F8003B23F08043E1
:10344000C2F8003B097800EB4110D0F8001B41F4B2
:103450000011C0F8001B0020704730B491F801C083
:103460006FF060440B7800EB4313BCF1010F33D0D5
:10347000D3F810CB6FF3120CC3F810CB0B7800EB22
:103480004313D3F810CB6FF3DC4CC3F810CB4B696C
:10349000002B7ED0D1F808C063445B1EB3FBFCF365
:1034A0009BB291F800C000EB4C1CDCF8105B04EA06
:1034B000C3442C43CCF8104B91F800C000EB4C1CDB
:1034C000DCF8104B8D686B43C3F312032343CCF835
:1034D000103B012A7DD1C9E0D1F814C0BCF1000F26
:1034E000D3F810C92FD06FF3120CC3F810C90B78A2
:1034F00000EB4313D3F810C96FF3DC4CC3F810C9C9
:10350000D1F814C08B689C44ACF1010CBCFBF3F304
:1035100004EAC34C0B7800EB4313D3F810494CEA90
:10352000040CC3F810C90B7800EB4313D3F810C98F
:103530004C69C4F312044CEA040CC3F810C9CB78EC
:10354000012B15D028E06FF3DC4CC3F810C90B78C1
:1035500000EB4313D3F810C94CF4002CC3F810C986
:103560000B7800EB4313D3F810C96FF3120C0FE084
:103570000B7800EB4313D3F810C92CF0C04CC3F800
:1035800010C90B7800EB4313D3F810C94CF0005C62
:1035900000E055E0C3F810C9012A21D0CB78012BF7
:1035A00026D04B696BB1D0F8343891F800C00124B3
:1035B00004FA0CFC43EA0C03C0F83438CB78012B36
:1035C00016D00B7800EB4313D3F800C94CF0044C31
:1035D00000E051E0C3F800C9CB78012B58D118E0C6
:1035E00091F800C000EB4C1C0B69CCF81439E5E7EE
:1035F000D0F8083813F4807F0B7800EB4313D3F82E
:1036000000C90CBF4CF0005C4CF0805CC3F800C9F2
:10361000D7E791F800C0CB68898A8CB20021BABB89
:10362000E21C92081CBF00EB0C3000F580502FD03C
:1036300053F804CBC0F800C0491C8A42F8D827E0F0
:103640000B7800EB4313D3F810CB8C68C4F312044F
:103650004CEA040CC3F810CB0B7800EB4313D3F8FF
:1036600010CB4CF4002CC3F810CB32E70B7800EBF6
:103670004313CA68C3F8142BCA78012A0BD00978FF
:1036800000EB4110D0F8001B41F00441C0F8001BD2
:10369000002030BC7047D0F8082812F4807F0A78E8
:1036A00000EB4212D2F8003B14BF43F0805343F0CA
:1036B0000053C2F8003BE2E7816841F001018160FC
:1036C000002070470022202343EA8111016106494E
:1036D000521C8A4201D903207047036913F0200F5E
:1036E000F6D1002070470000400D03000021D0F803
:1036F000082812F0060F14D0D0F8082802F00602AD
:10370000022A0DD0D0F80828062333EA020207D097
:10371000D0F8080800F00600042808BF022100E0E5
:10372000032108467047406900F001007047D0F857
:103730001818D0F81C08084080B27047D0F8181844
:10374000D0F81C080840000C7047D0F81038D0F8AA
:103750003428CA4002F0010243EAC21200EB4110D1
:10376000D0F808091040704700EB4111D1F8081B50
:10377000D0F81408084070474169806908407047D4
:1037800084460023D01C800818BF0CF5805206D058
:10379000D2F800C041F804CB5B1C9842F8D8084628
:1037A000704710B5C26822F0C042C260012904BF50
:1037B000C16841F0005105D0002904BFC16841F043
:1037C000804100D1C1603220FAF73DFE002010BDDB
:1037D000D0F8002822F4FE62C0F80028D0F80028B3
:1037E0004FF4FE6303EA01111143C0F800180020F2
:1037F000704710B44FF0000C019C74B9DB1C9B089F
:103800001CBF00EB023000F5805006D051F8042BAD
:1038100002600CF1010C6345F8D8002010BC704721
:10382000FEE7FEE77CB50C001D461646014601D0BA
:10383000601E00E00020CDE90010064B6A462946D4
:10384000304600F011F9002C02D0009A00211170CE
:103850007CBD00006F4101080A6802600B790371AA
:103860007047000010EE100AC0F3C7517F391729C6
:10387000A8BF7047DFED140A002970EE200A0DDAA8
:10388000F5EEC00AF1EE10FA1ADD0028A8BF0020FC
:1038900016DAB0F1004F18BF0C4811E00C4ACA40CC
:1038A000104208BF7047F5EEC00AF1EE10FA07DDCE
:1038B000002804DA4FF4000323FA01F1084490438E
:1038C00000EE100A70470000CAF24971000080BF84
:1038D000FFFF7F002DE9FF5F82B00021DDE90430AA
:1038E000020DDDF840B0034318D044F61050A2F2A8
:1038F000FF3242431514119801281FD0A5EB0B008D
:10390000401C5FEA000A4FF000064E4FDFF8389186
:10391000B046504615D5CAF1000413E011980124B1
:103920004AA3012801D16FEA0B010298119AC0E95C
:103930000031C0E9024206B0BDE8F09FCBF10000C3
:10394000DFE704460021404A491842EB0450CDE924
:10395000001012E0E00707D032463B464046494699
:10396000F9F743F88046894632463B4610461946E9
:10397000F9F73BF806460F466410002CEAD1DDE962
:103980000401DDE90023BAF1000F06DAF9F72DF89A
:1039900042464B46F9F729F805E0F9F798F8424610
:1039A0004B46F9F794F804460E460022284BF9F7E7
:1039B00021F903D84FF0FF30014607E00022254BE4
:1039C00020463146F8F76AFFF9F7FCF8102409E0C1
:1039D000002C0ADB0A220023F8F780FB039B30321D
:1039E0001A55641E50EA0102F2D1641C039AC4F114
:1039F00011031444119A012A03D0012208430DD166
:103A00000AE0084304D000204FF0110B119072E738
:103A1000A3EB0B056D1E0DE05B4504DD4FF00002CE
:103A200005F1010504E003DA4FF00002A5F10105FC
:103A3000002AECD002981199C0E90231C0E9004592
:103A400079E70000000014400000F03F3000000063
:103A50000000F0430000E03F30380A2801D2012086
:103A600070470020704700002DE9FF4F95B09A463F
:103A7000884606460025EEE1252877D10024274612
:103A8000F94A0121039400E0044316F8013F203B6A
:103A900001FA03F01042F7D130782A2811D06FF0E4
:103AA0002F033078A0F13002092A16D8039A44F087
:103AB000020402EB820203EB42021044761C0390E4
:103AC000EFE758F8042B0392002A03DA504244F43B
:103AD0000054039044F00204761C30782E2816D14E
:103AE00016F8010F44F004042A280DD06FF02F02BD
:103AF0003078A0F13003092B09D807EB870302EBDC
:103B00004303C718761CF3E758F8047B761C30781B
:103B10006C280FD006DC4C2817D068280DD06A28F6
:103B200014D104E0742810D07A280FD10DE044F4A9
:103B300000140AE044F4801401E044F44014727864
:103B4000824202D104F58014761C761C30786628F7
:103B50000BD013DC582877D009DC002875D0452815
:103B6000F6D04628F4D047281AD193E118E063280C
:103B700035D0642879D0652812D18BE1702873D0B4
:103B800008DC6728F1D069286FD06E280DD06F2827
:103B900006D1ACE073282CD0752874D0782853D087
:103BA0005246179990476D1C54E1C4F30250022805
:103BB00009D003280DD0D8F8001004280DD00D60CE
:103BC00008F1040846E1D8F80010EA17C1E90052EC
:103BD000F6E7D8F800100D80F2E70D70F0E718F85E
:103BE000041B8DF8001000208DF80100EB46012029
:103BF00003E058F804BB4FF0FF3061074FF00001BD
:103C000002D40DE009F101018946B9420FDA81457C
:103C1000F8DB1BF809100029F4D108E009F10101D3
:103C200089468142FADB1BF809100029F6D1039876
:103C30005346A0EB090721463846179A00F080FA50
:103C4000284400EB090507E044E008E10DE01BF81B
:103C5000010B524617999047B9F10109F7D2534623
:103C600021463846179AF2E039E00A21C4F302529D
:103C70004FF0000B0091022A06D058F8040BC11730
:103C8000032A09D00AE023E008F1070020F0070228
:103C9000F2E80201904605E000B2C117042A01D102
:103CA00040B2C117002906DA0A460021404261EB02
:103CB00002012D2202E0220504D52B228DF80420DA
:103CC000012203E0E20701D02022F7E7914657E006
:103CD0000A2100E010214FF0000B00910BE01021B1
:103CE0004FF0000B44F004040827009103E0082083
:103CF0004FF0000B0090C4F30252022A05D058F88E
:103D0000040B0021032A08D008E008F1070020F086
:103D10000702F2E80201904603E080B2042A00D1D3
:103D2000C0B24FF0000922072AD53278702A07D096
:103D3000DDF800C08CF0100C5CEA0B0C05D00EE036
:103D400040228DF80420012208E050EA010306D049
:103D500030238DF804308DF8052002229146009B17
:103D600083F0080353EA0B030AD150EA010201D1A0
:103D7000620705D530228DF804204FF001097F1E1F
:103D80003278582A04D039A20C920CAA02920BE085
:103D90003BA2F9E75B46009AF8F7A0F90C9B9B5C05
:103DA000029A521E0292137050EA0102F2D1029856
:103DB00004A9081A00F1200B600702D524F480340E
:103DC00000E001275F4502DDA7EB0B0000E00020CB
:103DD00000EB0B01009003984944401A0390E00364
:103DE00006D453462146179A039800F0A9F90544D2
:103DF000002706E001A85246C05D179990476D1C48
:103E00007F1C4F45F6DBE0030CD553462146179A3D
:103E1000039800F095F9054404E0302052461799C4
:103E200090476D1C0099481E00900029F5DC08E0C1
:103E30000298029952460078491C029117999047BE
:103E40006D1CBBF10001ABF1010BF1DC5BE100F09B
:103E500065F90544761C307800287FF40DAE19B062
:103E60002846BDE8F08F00000928010030313233C8
:103E700034353637383961626364656600000000A6
:103E80003031323334353637383941424344454690
:103E900000000000600700D4062708F1070020F0AA
:103EA0000700F0E80223804603F0004C5FEA0C00B4
:103EB00001D097A009E0200501D596A005E0E00714
:103EC00001D095A001E0AFF24C001390307823F0C0
:103ED000004365280CD006DC452809D046281DD0B3
:103EE00047287FD13BE0662818D067287AD136E092
:103EF0000021112F01DB112000E0781CCDE9000129
:103F000004A90CA8FFF7E6FCDDE90D010C9A4FF0BF
:103F1000000B07F10109109200914EE04FF00040B4
:103F20000097CDE9011004A90CA8FFF7D3FCDDE947
:103F30000D020C9B0F994FF0000B914610930092CD
:103F400011B9791C00EB0109B7EB090003D4C0F1EA
:103F5000FF3B07F10109A9EB0700019042E0012FA7
:103F600000DA01270021112F01DD112000E0384681
:103F7000CDE9000104A90CA8FFF7ACFCDDE90D01B7
:103F80000C9A00914FF0000BB946109221070FD404
:103F9000009A4A4503DA914601E0A9F10109B9F115
:103FA000010F05DD109AA9F10101515C3029F4D00F
:103FB000B84202DA10F1040F03DA0121CDE9011051
:103FC00010E0002803DC8344A9EB000102E0411C5F
:103FD000494500DD8946A0EB0B00401C01904FF0E5
:103FE00000400290200705D40198484502DB4FF0BD
:103FF000FF30019000208DF84B0002980DF14B0727
:10400000B0F1004F25D002200C902B200D9002988B
:1040100000280CDA404202902D200D9007E00A2182
:104020000298F8F7C4FB3031029007F8011D0C9993
:10403000481E0C900029F2DC02980028EFD1791E6E
:104040000D980870307800F0200040F0450007F827
:10405000020D11A8C01BC01D02901398007800B17A
:10406000012000EB0901019801EBE0710298014485
:104070000398401A401E0390E00306D4534621469D
:10408000179A039800F05CF805441398007818B16B
:104090005246179990476D1CE00323D5534621469D
:1040A000179A039800F04CF805441BE0BBF1000F91
:1040B00007DB0098584504DD1098179910F80B009D
:1040C00001E0179930205246904701980BF1010BFF
:1040D000401E05F10105019004D12E20524617998A
:1040E00090476D1CB9F10001A9F10109DEDC05E082
:1040F00017F8010B5246179990476D1C0299481EFC
:1041000002900029F4DC53462146179A03989EE654
:104110002D0000002B000000200000002DE9F041E0
:10412000044600251E461746880404D405E0394697
:104130002020B0476D1C641EF9D52846BDE8F081EB
:104140002DE9F041044600251E469046C80301D5DE
:10415000302700E02027880404D505E04146384692
:10416000B0476D1C641EF9D52846BDE8F0814A6849
:10417000002A06D00A68531C0B6010704868401E65
:10418000486070479FED1A1AF5EE000A40EE010AEA
:10419000BDEEE00AF5EEC00A10EE100AF1EE10FADC
:1041A00038BF401E00EE100A1349F7EE001AB8EEB1
:1041B000C00A30EEC00ADFED0F0A20EE200AFCEE46
:1041C000C00A10EE900AC0F3080000EE900A01EB5E
:1041D0008000F8EE600A90ED011A70EE600A90ED32
:1041E000000A71EEE01A21EE800A00EE810A7047A3
:1041F00083F9223E0000004474A10108DFED190A92
:10420000B5EEC00A60EE200ABDEEE01A11EE100A0B
:10421000F1EE10FA38BF401E00EE100A1349F7EE17
:10422000001AB8EEC00A30EEC00ADFED0F0A20EE29
:10423000200AFCEEC00A10EE900AC0F3080000EE5F
:10424000900A01EB8000F8EE600A90ED011A70EE22
:10425000600A90ED000A71EEE01A21EE800A00EE8D
:10426000810A704783F9223E0000004474A10108CE
:1042700020EE200A10B40B68BDEEC00A5C1C0C6076
:1042800010EE102A4FEA122C00F803C00B6803F15D
:10429000010CC1F800C0C25410BC704720EE200AC7
:1042A00010B40B68BDEEC00A5C1C0C6010EE102A46
:1042B0004FEA126C00F803C00B684FEA124C5C1C0A
:1042C0000C6000F803C00B684FEA122C5C1C0C60F9
:1042D00000F803C00B6803F1010CC1F800C0C25420
:1042E00010BC704710B413684FEA116C5C1C14606A
:1042F00000F803C013684FEA114C5C1C146000F80E
:1043000003C013684FEA112C5C1C146000F803C052
:10431000136803F1010CC2F800C0C15410BC70470F
:104320000A6800F1020C1318C01C1B8812F80CC09C
:104330005BBA1B04105C43EA0C231843121D0A608D
:10434000704700002DE9F04F04462DED068B83B039
:10435000B0EE408A9FED8DAA00254FF0080A42F288
:104360003106DFED8B8A8B4FDFED8B9AB7EE009A2B
:1043700002220121684601F029FE0098082807D092
:104380000020C4F810A003B0BDEC068BBDE8F08F90
:10439000204601F08BF90028F5D097ED000A204661
:1043A00060EE290A89EE200A20EE081A60EE280A3B
:1043B000B0EE410A02F018FA6D1CB542D8DBD4F811
:1043C00004010068406A00260FFA80F8DFED73AA46
:1043D000DFF8CCB1DFF8CC9100250222012168463C
:1043E00001F0F4FD009808287DD1204601F05EF927
:1043F0000028C8D0B0EE6A0AFFF7C4FE60EE088A53
:10440000B0EE6A0AFFF7FAFE60EE080A97ED000ABE
:10441000204620EE291A89EE010A20EE281A60EEC5
:10442000200AB0EE410A02F0DFF96D1C00EE105ACE
:10443000B8EEC00A10EE100A4845CEDBD4F80401ED
:104440000068406A06FA80F67AEE8AAA1AEE900AA6
:104450005845C1DB94ED440A6069B8EEC00A4000DB
:10446000C9EE000A00EE100AB8EEC00A9FED4E1A1F
:10447000D4F8040120EE010A9FED4C1A0068416A4D
:1044800060EE800A81EE200A09B2A1EB080100EE7D
:10449000901AF8EEE00AF0EEE00A70EEC00AF0EED4
:1044A000E00A80EE801A94ED480AB4EEC10AF1EEFB
:1044B00010FA38BF16201CD3416A08F1080209B26D
:1044C0009142C8BF012009DC406AA8F1080100B28E
:1044D0008142CCBF4FF0FF3007200ADDDFF8D480E7
:1044E000DFED33AA00E00FE0C4F81C0103E0002078
:1044F00049E72061FBE7002502220121684601F01F
:1045000065FD0098082802D0C4F810A0EFE7204607
:1045100001F0CCF800283FF436AFB0EE6A0AFFF79E
:1045200031FE60EE088AB0EE6A0AFFF767FE60EEC1
:10453000080A97ED000A204620EE291A89EE010AA2
:1045400020EE281A60EE200AB0EE410A02F04CF983
:104550006D1C00EE105AB8EEC00A10EE100A484565
:10456000CADBD4F804010068406A06FA80F67AEEE5
:10457000CAAA1AEE900A4045BDD3F01706EB1050B8
:104580000013C4F814010120FDE60000DB0FC93C54
:104590000000000070000020ABAA2A3FDB0FC9C159
:1045A000DB0FC94123DB8341DB0F4940DB0F49426D
:1045B000DB0FC941DB0FC9C10346406D0268506A79
:1045C000126880B2C2F3001222B142F2D072101A05
:1045D000104480B210293CBF03EB4101A1F87801DF
:1045E0007047000040223B493B48FCF71FFB3A481C
:1045F000416B09684968DFF8E4B0DFF8E4A0C1F175
:1046000040054FF000094F464E463348416C39B1E2
:10461000FCF771F940222F492F48FCF707FBF0E720
:10462000406B00684068C0F14008A8451ED029488A
:104630000021445D0220CAF80000204601F026FD5A
:104640006D1C402D08BF0025242C0CBF0127002F16
:104650000AD00BF8064006F101060D2C1CBF0A2CEF
:10466000212C0AD03F2E1DD0A845E0D11D480121A4
:10467000006801F04DFC40BB17E00BEB0601002089
:1046800001F8010CDAF80410481CCAF8040016A05E
:1046900000F032F802223146104800F019FB4FF0CA
:1046A0000109E3E74FF00109E0E7DAF80410481CDC
:1046B000CAF804000CA000F01FF8DAE90301012297
:1046C00000F006FB0B48FDF72CFEB9F1000F9CD063
:1046D00097E7000047270020C00800208727002018
:1046E0000C04002008000020496E205B25755D2029
:1046F0003A200A00D00900200FB440F2FF3110B573
:1047000003AB0B48029AFFF78DF80028DCBF10BC02
:104710005DF814FB40F2FE318142D4BF40F2FF311C
:10472000411C034800F0F0FD10BC5DF814FB0000D4
:10473000482300200FB40E4810B5152100F8011BC6
:1047400003AB40F2FE31029AFFF76CF80028DCBFA1
:1047500010BC5DF814FB40F2FE318142D4BF40F240
:10476000FF31411C024800F0C1FD10BC5DF814FB94
:10477000C82F0020002908BF7047F0B500242DED98
:10478000028B81B04B1E009410F8012BFA4F0121CF
:10479000FA4D9FEDFB8AFB4E0A2A00F07F820CDC6B
:1047A0000A2A22BF01B0BDEC028BF0BDDFE802F0A7
:1047B0003012121285FEFDFCFBFA122A05D00DDC28
:1047C0000E2A1CBF0F2A112A04D13A70EA48009120
:1047D00000F08CFD01B0BDEC028BF0BD142A00F09E
:1047E00073821D2A1EBF01B0BDEC028BF0BD72B6F4
:1047F0004FF00060E44908600020810001F1E021F1
:10480000D1F80023C1F88021401C0828F5DBFEE721
:104810003C70032078706621B9700090D648DBA107
:104820000968C0F8031006200090D348D8A10A6890
:10483000C0F80620898841810B200090CE48D6A17F
:104840000A68C0F80B204A68C0F80F208A68C0F8D0
:104850001320C968C0F81710C4761B30D3A1FEF727
:10486000FBFF1F200090C448D2A10A68C0F81F2097
:104870004A68C0F823208968C0F827102A30D0A1E0
:10488000FEF7EAFF2E200090BB48CFA10A68C0F8CF
:104890002E204968C0F83210CE4980F836400A68A8
:1048A000C0F837204A68C0F83B208968C0F83F103C
:1048B0004321009100F01AFD8CE70420C64E3870A9
:1048C0000091B0686946F2EE040A90ED000AAA4829
:1048D000FFF7CEFCF0686946F2EE040A90ED000A9C
:1048E000A548FFF7C5FC95ED380A6946DFEDBB8AA0
:1048F000A148F0EE680AFFF7D1FC95EDAA0A6946D7
:10490000F0EE680A9C48FFF7C9FC95ED3E0A69463F
:10491000F0EE680A9848FFF7C1FC95ED3C0A69463D
:10492000F0EE680A9448FFF7B9FC95ED080A69466D
:10493000F2EE040A9048FFF79BFC95ED500A694699
:10494000F7EE000A8C48FFF7A9FC30686946F2EEE2
:10495000040A90ED000A8848FFF78AFC6946F2EEE7
:10496000040AB0EE480A8448FFF798FC95ED0D0A5A
:104970006946F2EE040A8048FFF790FC95ED3E0A86
:1049800069469FED978A7C48F0EE480AFFF786FC5F
:1049900095ED3C0A6946F0EE480A7748FFF77EFC41
:1049A000904E04E0CDE0B5E061E045E01CE0F06849
:1049B0006A4601687048FFF795FCF0696A4601682D
:1049C0006D48FFF78FFC009869463C54401C0090EE
:1049D00095ED4F0ADFED840A6748FFF75FFC6648F4
:1049E000009900F083FCF5E66946FFF799FC00EEBC
:1049F000100AB8EEC00ADFED7D0A20EE200AB5EEFF
:104A0000C00AF1EE10FA06D179487AA145607EA07D
:104A1000FFF790FEDEE610EE100AB0F17E5F1CBFDD
:104A20007DA182A002D0FFF785FED3E670498448BD
:104A3000486084A174A0F6E76946FFF771FC00EEB8
:104A4000100AB8EEC00ADFED840A694820EE200A99
:104A500080ED040A10EE100AF7F796FE41EC100BF9
:104A60007EA153EC102B80A0FFF764FEB2E66946EE
:104A7000FFF756FC00EE100AB8EEC00ADFED760A2A
:104A800020EE200AB5EEC00AF1EE10FA15D130681A
:104A9000002400287FF69EAEC4EBC400B0EE480AA6
:104AA000C0EB841005EBC000F0EE400A02F048F8BD
:104AB0003068641CA042EFD88CE610EE100AB0F10A
:104AC0007E5F17D010EE100AB0F1804F19D010EEB3
:104AD000100AA0F18041B1F580017FF47BAE44481B
:104AE00090ED041AD0ED030A90ED020A406801F03F
:104AF000B9FF6FE63E4890ED040A406801F078FF88
:104B000068E63B48D0ED040A90ED030A406802F0E5
:104B100017F85FE66946FFF703FC00EE100A344819
:104B2000B8EEC00A80ED030A10EE100AF7F72CFE6B
:104B300041EC100B50A153EC102B4BA0FFF7FAFDEA
:104B400048E66946FFF7ECFB00EE100AB8EEC00A33
:104B5000DFED4D0A264820EE200A80ED020A10EE15
:104B6000100AF7F711FE41EC100B48A153EC102B83
:104B70003DA0FFF7DFFD2DE6C73300207C000020BD
:104B800000000000389E010804ED00E033346200AC
:104B9000204D444B200000004F44726976652D661D
:104BA000772D76302E332E360000000020627920DB
:104BB000000000005365702031342032303235005F
:104BC000206174200000000031333A35333A323826
:104BD00000000000107AFF1F3CA001080000C8423E
:104BE00000401C4624A1010800247449ACC52737A5
:104BF000280400204E6F77206D6F746F72206973E8
:104C0000204D302E00000000252D333273203A2035
:104C10006F6B65640A0000004E6F77206D6F746FD4
:104C200072206973204E4F4E452E0000252D3332E1
:104C300073203A206661696C757265640A00000031
:104C4000440200204E6F77206D6F746F722069737D
:104C5000204D312E000000006F12833A5345545FFF
:104C600043555252454E5400252D333273203A207D
:104C700025332E33660A00005345545F56454C4F8A
:104C80004349545900000000BD3786355345545FF1
:104C9000504F534954494F4E0000000030680024E3
:104CA00000287FF697ADC4EBC400B0EE480AC0EB15
:104CB000841005EBC000F0EE400A01F041FF3068BF
:104CC000641CA042EFD885E5C45402F09BF981E54D
:104CD0002DE9F04FFC4B00262DED028BC5B01A607C
:104CE00000291CBF421802F8016C00244654F7A1A9
:104CF000F7F746FA6D4606E045F82400F3A10020D8
:104D0000641CF7F73DFA002818BF402CF4DB002C98
:104D100002BF45B0BDEC028BBDE8F08FECA100985E
:104D2000F7F71FFAEB4DEC4F002872D0EBA100987B
:104D3000F7F717FA00286BD0E9A10098F7F711FAF6
:104D4000002800F0B880E7A10098F7F70AFA0028D9
:104D500000F0D080E4A10098F7F703FADFF88C8325
:104D6000002808F1E80908F5847A08F5947B00F03A
:104D7000DB80DFA10098F7F7F4F9002800F00C8140
:104D8000DCA10098F7F7EDF9002800F02D81DAA1F9
:104D90000098F7F7E6F9002800F03F81D7A10098C6
:104DA000F7F7DFF9002800F06C81D5A10098F7F73C
:104DB000D8F9002800F02F82D2A10098F7F7D1F996
:104DC000002800F04A82D0A10098F7F7CAF900281D
:104DD00000F05382DFF8F08200273D46D8F8080043
:104DE0000028C8BFC94E0DDD06EB0510016800980C
:104DF000F7F7B7F9002800F05D82D8F808006D1CBD
:104E00008542F1DB45B0BDEC028BBDE8F08F00E0E0
:104E10002CE040AABEA10198F7F7D4F9052C22D1C5
:104E20004098396888421ED241AABAA10298F7F781
:104E3000C9F942AAB7A10398F7F7C4F943AAB5A1E3
:104E40000498F7F7BFF940989DED431AC0EBC001F5
:104E5000C1EB801005EBC000DDED420A9DED410A7B
:104E600001F000FECEE7ACA000F008B940AAA8A16E
:104E70000198F7F7A7F9042C40F0FF8040983968B3
:104E8000884280F0FA8041AAA2A10298F7F79AF925
:104E900042AAA0A10398F7F795F94098DDED420AE0
:104EA000C0EBC001C1EB801005EBC0009DED410AD5
:104EB00001F046FEA6E740AA95A10198F7F782F90E
:104EC000032C14D140983968884210D241AA91A18C
:104ED0000298F7F777F940989DED410AC0EBC001C1
:104EE000C1EB801005EBC00001F082FD8AE793A0C2
:104EF00000F0C4B89A4C2088C0F30B0199A0FFF7CA
:104F0000FBFB61889BA0FFF7F7FB9E4801889EA0F2
:104F1000FFF7F2FBA2480368001D0268001D01684C
:104F2000A0A0FFF7E9FB6DE741964096032CDED188
:104F300041AA77A10198F7F745F940AA74A1029810
:104F4000F7F740F9419830B1012812D0022815D066
:104F5000032819D056E7409858F820000068F7F762
:104F600013FC41EC100B94A053EC102BFFF7C4FB87
:104F700048E7409859F82000016803E040985AF843
:104F8000200001788DA004E040985BF820000188A3
:104F90008BA0FFF7B1FB35E74096032CA7D141AAC0
:104FA00089A10198F7F70EF940AA59A10298F7F7DD
:104FB00009F99DF8040162280ED06628CBD0692833
:104FC00002D07528E0D01DE7409859F8200001680C
:104FD0007AA0FFF791FB15E740985AF82000017876
:104FE00076A0FFF789FB0DE738680024002888BF0A
:104FF0009FED768A7FF606AFC4EBC400B0EE480A98
:10500000C0EB841005EBC000F0EE400A01F098FD03
:105010003868641CA042EFD8F4E641964096042C10
:105020002BD141AA3AA10198F7F7CCF840AA38A1B0
:105030000298F7F7C7F8419830B101280AD0022842
:105040000ED0032835D0DDE6409832A158F8202054
:10505000039833E040985EA159F8202003982DE092
:10506000429642AA5AA10398F7F7ACF8429840BB7F
:1050700040995AF821100870C4E656A0FFF73CFB8F
:10508000C0E641964096042CF7D141AA20A1019890
:10509000F7F798F840AA1EA10298F7F793F84198FD
:1050A00062280FD06628CFD06928D3D075287FF426
:1050B000A9AE409850A15BF820200398F7F782F83A
:1050C000A0E6A6E09AE000000C040020200000000A
:1050D000700000007C000020389E0108760000006F
:1050E0006300000069000000670000003CA00108A8
:1050F0006765740068000000730000007365740049
:105100006D0000006F00000074000000C82B00203C
:1051100025750000256600005468697320636F6D73
:105120006D616E64207265717569726573203520DA
:10513000617267756D656E742E0A0000546869733C
:1051400020636F6D6D616E64207265717569726543
:1051500073203320617267756D656E742E0A0000CE
:10516000002004E05369676E61747572653A20250A
:1051700023780A005265766973696F6E3A20252399
:10518000780A0000227AFF1F466C61736820536919
:105190007A653A20252378204B69420A00000000F6
:1051A000107AFF1F555549443A203078256C7825F0
:1051B0006C78256C780A000025660A0025640A00D0
:1051C0002568750A0000000025730000000000003B
:1051D000256400005468697320636F6D6D616E64AF
:1051E000207265717569726573203420617267750C
:1051F0006D656E742E0A000025687500429642AAFD
:10520000AFF234010398F6F7DDFF429800283FF42F
:105210002FAF01202CE7409641964296042C7FF454
:105220002CAF40AAAFF218110198F6F7CBFF41AAB4
:10523000AFF224110298F6F7C5FF42AAAFF230117F
:105240000398F6F7BFFF1F494298409A41F8302073
:1052500001EBC000419A4260D4E54096022C18BF91
:1052600019A07FF40BAF40AAAFF25C110198F6F7DA
:10527000A9FF409800F0D8FFC4E53A680020002A52
:1052800088BF01237FF6BEADC0EBC001C1EB80112A
:1052900005EBC101D1F8B4C1BCF1000F06D0D1F8C3
:1052A00010C0BCF1000F08BF81F8B931401C90421A
:1052B000EAD3A7E506EB05106946C2682046904789
:1052C000A0E50000A82200205468697320636F6D78
:1052D0006D616E642072657175697265732032202C
:1052E000617267756D656E742E0A0000024A12685D
:1052F000002A08BF704710472804002001490860B1
:10530000704700002804002070B5064617480025A5
:105310000C460068012802D002280FD023E0144870
:105320006421006800F0F4FDE8B9A1B23046F7F757
:105330008BFF002818BF0024254614E0B4F5806FC9
:10534000C4BF002070BD64210A48006800F0E0FD81
:1053500048B9224631460848F6F7F1FEA2B206499E
:105360000648FBF7ADFC284670BD00000C04002089
:105370000C00002004000020C7270020C0080020E7
:1053800070B504462DED088B84B090F851009FED68
:10539000B69A002800F04D810025DFEDB4AA9FEDFC
:1053A000B4BA012602220121684600F00FFE0098DF
:1053B000082801D00C20B6E0204600F077F900283C
:1053C00000F03781204603F019FA94F8B90100285B
:1053D0001CBFD4F8B411002947D0D4F8B001D4EDE3
:1053E0004A0A00EE100AB8EEC00A30EE600AD4EDA8
:1053F0006F0AB0EEC00AB4EEE00AF1EE10FA13D86C
:1054000094ED4B0AD4ED700AB0EEC00AB4EEE00A97
:10541000F1EE10FA08D294ED0B0A01EB8001421C68
:10542000C4F8B02181ED000AD4F81011D4F8B0010D
:1054300088420BDA00EE100AF0EE490A2046B8EE78
:10544000C00AB0EE601A01F00DFB0EE0B0EE490AA2
:105450002046B0EE401AF0EE400AC4F8B05101F018
:1054600001FB84F8B86184F8B951606894ED088A4A
:1054700003280DD3D4F80001012852D094ED060A78
:10548000D4ED4A0A30EE600AD4ED070A00EE808AB5
:1054900094ED0C0AB4EEC08AF1EE10FAC8BFB0EE7B
:1054A000408AB1EE400AB4EEC08AF1EE10FA38BF7D
:1054B000B0EE408AD4ED0D8A94F8B80188B194ED2D
:1054C0004A0AD4F81011BDEEC00A10EE100A00F01E
:1054D000CFFBD4F8B41101EB800090ED000A70EE20
:1054E000288AD4F80011002914BF022994ED4B0A30
:1054F00005D001290CBF94ED500AB0EE490A78EEB0
:10550000401A6268022A24BF94ED090A40EE218AFB
:1055100094ED0B1A002971EE280A18BF02290AD14E
:1055200003E04FF01200206183E094ED470AB8EEEB
:10553000C00A60EE200A94ED330A94ED3D2AB4EEE1
:10554000C20AF1EE10FA28BFB0EE420A0020F4EED3
:10555000C00AF1EE10FAC4BF0120F0EE400AB1EE2D
:10556000400AF4EEC00AF1EE10FA3CBF0120F0EE62
:10557000400A022A38BF84ED0B9A0ED300281CBFC4
:1055800021EE2A0A84ED0B0A07D161EE8B1A94ED05
:105590000A0A00EE211A84ED0B1AD4F8C00020B1DB
:1055A000022809D01520206143E0B0EE490A2046C8
:1055B000F8F74AF890BB3CE0F0EE498AF0EE609ACA
:1055C000002914BF022994ED498A05D001290CBF96
:1055D00094ED4E8AB0EE688AB0EE480AFEF7D2FD2E
:1055E000B0EE40AAB0EE480AFEF708FE2AEE281AEE
:1055F0006AEE290A204600EE691A40EE280AB0EE4B
:10560000410A01F01DF909212046FEF7D5FFB4F843
:105610005E10884203D30E2121610AE0FFE7D4F82F
:105620007401401CC4F8740194F8510000287FF400
:10563000B9AE104984ED389A0020C0EBC002C2EB2D
:10564000801201EBC202401C92ED380A022830EEB3
:10565000099AF2D304B0B1EE490ABDEC088BBDE85B
:10566000704001F07DB9000000000000A4707D3F93
:105670005674FE387C0000200346002010B4024619
:1056800000298EBFDFF820C010BC704713F8014B13
:10569000521C84EA102491423CF8144084EA002011
:1056A00080B2F3D810BC70473C9E010810B5044688
:1056B00004211348F9F706F878B1124894ED100A5E
:1056C000D0ED000AB4EEE00AF1EE10FAD3BF0120EB
:1056D0001720206110BD002010BD1420206104F1AE
:1056E0007400F7F7F5FDC4F8C401012084F8BD008B
:1056F00004F1880104F17400F7F702FEEBE7000003
:10570000000C024070000020C1EBC102C2EB81110D
:10571000114A02EBC10191F80921A2B90022EFF36D
:10572000108372B6C1F81821D1F804C1DCF800C0AA
:10573000CCF824209FED090A81ED4A0A83F31088F2
:10574000012281F80921B0F5004F02D00920F9F7B4
:1057500051B82820F9F74EB87C0000200000000066
:10576000B0EE403AB0EEE01AF0EEC31AB4EEE11A31
:10577000F1EE10FA34BFB0EE410AB0EE610ACCBFD0
:10578000F0EE412AF0EE612A80EE222ADFED153A92
:10579000DFED152AF4EEC11A22EE020A40EE232AAA
:1057A000DFED123A52EE803A63EE802AB0EE420A02
:1057B00002EE820AF1EE10FAC4BF9FED0D1A31EE2F
:1057C000400AF5EEC00AF1EE10FA3CBFDFED090A1F
:1057D00030EEC00AB5EEC03AF1EE10FA38BFB1EEC5
:1057E000400A704716733EBD4423233E2CBEA73E9D
:1057F000DB0FC93FDB0F494010B5002821D0114B0A
:105800000022001F196803E0814203D80A46496854
:105810000029F9D152B11368841A9C4204D100685E
:1058200018441060104602E0506000E0186039B182
:1058300002680B1A934203D10B681A44026049684C
:10584000416010BDBC050020124B0021C1EBC1021C
:10585000C2EB811203EBC202526D1268D2F844C04F
:105860002CF4004CC2F844C0491C0229EED300219C
:105870008C46C1EBC102C2EB811203EBC202491C90
:10588000106182F851C00229F3D39FED030A01F0A1
:1058900067B800007C0000200000000010B5002266
:1058A0000349044800F0E8FBBDE81040FCF708B8E5
:1058B000E16201085569010810B51148F7F7CAFD02
:1058C0000F4C04F5E470F7F7C5FD01F015FA182147
:1058D0000C48FAF7DFFC18210B48FAF7DBFC94F8C8
:1058E0000801002804BF94F8D002002801D0FCF77A
:1058F00009F8BDE8104040F2DC5000F0C1BA0000E9
:105900007C0000200008002040080020F8F7F2FE8C
:10591000FCF778F8FBF78CFBFBF738FBFBF71AFA80
:10592000FBF768FAFBF70AFBFBF742FCFBF7A2FD6B
:10593000FBF722FDFBF75EFDFBF70AFCFBF7ACFA79
:10594000FBF7CCFCFBF70AFE0548FBF74BFE0548CE
:10595000FBF748FEFBF738FB00F09AFAFEE7000081
:105960008007002080080020F0B50B30154D20F096
:1059700007010024144A0FE003688B420BD38B42CB
:1059800005D95E1A43184768C3E9006700E0436819
:10599000136002C004E0021D10680028ECD120460C
:1059A000002802D1286808B10020F0BD064A074847
:1059B0001060074A121A22F00702C0E900240120F1
:1059C0002860D7E7C0050020BC050020BC7400207B
:1059D000B87C00202DE9F04F04462DED068B87B0F2
:1059E000B0EE40AAF0EE609A8DED02AA0020CDED57
:1059F000039A009006460DF1080AE846DFED46AA34
:105A0000DFF81891DFED468AB7EE009A42F2D077C0
:105A100041F2883B01900025B0EE6A8A0222012102
:105A200004A800F0D3FA0498082807D005202061C4
:105A3000002007B0BDEC068BBDE8F08F2046FFF7D5
:105A400035FE0028F5D094ED190AD4ED1A0A08EBBA
:105A50008500B1EE400A30EE600AD0ED000A30EE6B
:105A6000200A80ED000A99ED000A0AEB850020EE7D
:105A7000281AD0ED000A204689EE010A20EE201AED
:105A800060EE080AB0EE410A00F0AEFE606D0168FB
:105A9000486A096880B2C1F3001111B1381A38445C
:105AA00080B2A4F88401A4F86000B4F85E108842C3
:105AB00003D3042020610020BBE76D1C022DADDB69
:105AC000761C5E45A7DBB0EE6A0A2046F0EE400A7F
:105AD00000F0B6FE39EECA0AF6EE000A9DED001A95
:105AE000114960EE200A9DED010A30EE410A9FED5A
:105AF0000D1A20EE011A80EE810A10EE100A84EDD4
:105B0000110A08440949884238BF012091D3062070
:105B1000206100208DE700000000000070000020E0
:105B2000ABAA2A3F31FDD23F43C879CAB3DA7C041D
:105B30002DE9F04104462DED088B84B0F0EE608A2B
:105B4000B0EE40AA9FED458A0025DFED45AA454FFE
:105B5000B1EE689AF0EE489A9FED43BAF7EE00BABC
:105B600042F2D07646F2950802220121684600F002
:105B70002DFA0098082807D002202061002004B0E8
:105B8000BDEC088BBDE8F0812046FFF78FFD0028B3
:105B9000F5D094ED190AD4ED1A0A30EE200A3AEE47
:105BA000000A00EE2A8AB4EEE88AF1EE10FAC8BFC5
:105BB000B0EE688AB4EEC98AF1EE10FA38BFB0EEE2
:105BC000498A97ED000A204660EE0B0A8BEEA00A88
:105BD00020EE081A60EE290AB0EE410A00F004FE39
:105BE000606D0168486A096880B2C1F3001111B1A3
:105BF000301A304480B2A4F88201A4F86000B4F8EE
:105C00005E10884203D3012020610020B7E76D1C9D
:105C10004545A9DBB0EE690A2046F0EE400A00F0E7
:105C20000FFE88EE0A0AF0EEC80AB0EEE81AF4EEAB
:105C3000410AF1EE10FA84ED120A0AD010EE100AB1
:105C40000A498142DEBF10EE100AB0F17E5F0120EA
:105C500095DD03202061002091E700000000000096
:105C6000B6089F3A70000020ABAA2A3F0AD7233C0F
:105C700090FBF1F201FB12000028B8BF0844704706
:105C800010B504462DED028B00202061D4ED0F8A63
:105C9000D4F8C00040B102280CBF94ED0E8A002059
:105CA00020D0BDEC028B10BD94ED0E0AF0EE680A18
:105CB0002046FFF73DFF002804BFBDEC028B10BD5E
:105CC00094ED0E0AD4ED120A204620EE208AF0EE62
:105CD000680AB1EE680AFFF77DFE002804BFBDEC3C
:105CE000028B10BDD4F80001002818BF022824D16F
:105CF00094F80801A0B194F8090188B994ED470A15
:105D0000D4ED430A2046B8EEC00A20EE200AF0EE99
:105D1000480A00F0ABFD002804BFBDEC028B10BDAB
:105D200094F80A0148B9B0EE480A2046FEF70AFB8B
:105D3000002804BFBDEC028B10BDDFED110A94ED0D
:105D4000110A012060EE200AC4ED340AD4ED121AC3
:105D500081EE801A20EE810ADFED0B0A84ED350A10
:105D60009FED080A84ED4C0AC4ED4D0A84ED510AFA
:105D7000C4ED520A84F85300BDEC028B10BD000044
:105D800000007A440000FA44002474492DED048B8D
:105D90000446D0F81051A800FFF7E6FD9FED358AC4
:105DA000C4F8B40100281CBF0020002D08DDD4F881
:105DB000B41101EB8001401C81ED008A8542F6DCC4
:105DC00000F057F90125E0642B4F9FED2C9A84F8E1
:105DD00050500026F7EE008A94F8520080B9606DAA
:105DE0000068416C41F4004141642046FFF748FFE0
:105DF000606D0068416C21F40041416484F85250A8
:105E000094F8530000281CBF94F85100002820D0BB
:105E10002572606D0068416C41F400414164D4F822
:105E20000001012803D1204600F0DAFE10B120461F
:105E3000FFF7A6FA606D0068416C21F400414164EF
:105E4000267294F8510000281CBF84F8536084F82F
:105E5000516097ED000A204660EE090A88EEA00A1C
:105E600020EE080AF0EE400A00F0BEFC642000F0CC
:105E700007F8B1E70000000070000020ABAA2A3F3D
:105E800010B5002808BF012002F0D4FE002010BD8C
:105E900010B502F0D7FF002010BD10B501291CBFBE
:105EA000002010BD03220021012003F009F90400A5
:105EB00004D000231A46194603F042FA204610BDCA
:105EC00038B584464FF00004EFF30580009490B19C
:105ED0006946604603F01EFB01281CBFFF2038BD49
:105EE000009888B109494FF080500860BFF34F8F88
:105EF000BFF36F8F08E000231A461946604603F08F
:105F00001FFA012818BFFF24204638BD04ED00E029
:105F100008B500220092002804BF802008BD00229E
:105F20004B1C002B08BF4FF0FF3203D0002918BFD5
:105F3000B1F10002EFF3058131B16A46002103F0AF
:105F400038FB012808D005E00023194603F0DCF8EF
:105F500001280BD0FF2008BD009838B104494FF04C
:105F600080500860BFF34F8FBFF36F8F002008BDD4
:105F700004ED00E000B583B04FF000020192029200
:105F8000EFF3058242B101AA009202AB012203F0B5
:105F9000C3FC01280AD005E002AB012203F056FC45
:105FA00001280DD003B04FF0004000BD019838B17A
:105FB00005494FF080500860BFF34F8FBFF36F8FDC
:105FC000029803B000BD000004ED00E070B50026AB
:105FD00084B00546501C34460196002808BF4FF097
:105FE000FF3403D0002A18BFB2F10004EFF305829A
:105FF000002A18BF822008D00090DDE90001029A33
:10600000AA60C5E9000104B070BD234601AA0020C2
:1060100003F086FD012805D0002C0CBF009640201F
:10602000EBD0E9E701980028B4BF86200820E3E719
:1060300010B503F0F1FC012808BF10BDBDE8104009
:1060400003F028B800B50B468268002183B0842A8B
:1060500018BFD11C02AACDE90012018A8AB2D0E988
:10606000001003F037FB012814BF0020029803B092
:1060700000BD03F0CBBC000002EB8213024A02EB2E
:106080004312C2E9010170476812002070B5DFF8C1
:10609000C8C001EB81120CEB4214237800254FF4A9
:1060A0007A71072B55D2DFE803F004191C283D4014
:1060B0004300022802D0032808D04AE02078801C40
:1060C00020706180C4F81858E56070BD2078401CCD
:1060D00020706180C4F81858E56070BD0002E0606F
:1060E00006E0E2681043E060401EB0F5806F30D2F9
:1060F0002078401C2070618070BDD4F818381025BD
:106100009C4405EB42125B1CC4F818380CF80200E2
:10611000E268D4F81808904202D12078401C207020
:10612000618070BD84F81D08E2E784F81C08DFE791
:1061300003280ED104F11000E168FFF79DFAB4F8CE
:106140001C18884205D1A2681AB104F11000E16858
:106150009047257070BD000068120020B1F5806F77
:1061600088BF70472DE9F04180460D461D4802EB7F
:1061700082120327C9B200EB4214B5F5807F06D81E
:10618000022084F8100484F81114064607E0280A57
:1061900084F8107484F8110484F812140326A019EA
:1061A0002A46414600F58260F5F7C9FF2E4429468C
:1061B0004046FFF761FAA219010A82F81014711C17
:1061C000621882F81004B01C211881F810746268FB
:1061D000F11C002A08BFBDE8F08104F58260BDE82B
:1061E000F04110476812002000F004F8012002F08E
:1061F00021FDF9E700200B4A034600EB801102EB7A
:106200004111B1F802C0BCF1000F08BF0B7005D0FE
:10621000B1F802C0ACF1010CA1F802C0401C022888
:10622000EBDB7047681200202DE9F047061E4FF0A7
:10623000000415DD234F244D07F1E80807F58479A4
:1062400007F5947A55F8341079B101291DD0022947
:1062500023D0032918BF642429D0641CB442F1DB85
:10626000BDE8F04719A0FEF747BA05EBC400406847
:1062700057F820000068F6F787FA41EC100B14A0DD
:1062800053EC102BFEF738FAE7E705EBC400406843
:1062900058F8200001680FA010E005EBC40040682A
:1062A00059F8200001780BA0FEF726FAD5E705EB98
:1062B000C40040685AF82000018807A0FEF71CFAC5
:1062C000CBE700003CA00108A82200200A00000043
:1062D000256609002564090025687509000000008D
:1062E00070B505460C460448FFF708F821462846D5
:1062F000BDE87040FEF73EBA596901082DE9F0414A
:10630000194E0F460446F5683068001D02F0BAFBCE
:1063100048B93068012190F82C0001FA00F0316989
:1063200021EA00003061B4F1FF3F07D137B1306896
:10633000BDE8F041011D0D4802F0DFBB30682C4480
:10634000AC424460306800F1040104D2B06BBDE897
:10635000F04102F0B7BB706B02F0B4FBB06AA04230
:1063600088BFB462BDE8F0813C040020A43800205E
:106370001B4E1C4DDFF87090A6F1C8074FF08058F7
:10638000686810B3286B401C2863306800280CBF75
:106390000124002403F094FCA4B902F0BBFBF068D4
:1063A000C468201D02F06EFBA868401EA8606868E3
:1063B000401E686002F0CEFB206B02F0E1FB20463D
:1063C00002F0DEFB68680028DCD138680128D7D9E4
:1063D000C9F80080BFF34F8FBFF36F8FD0E7000085
:1063E000903800203C04002004ED00E010B4154972
:1063F0000A68824238BF1146FAD34B6803EB010C9E
:10640000844503D14068184448600846436803EB5C
:10641000000C944518BF02600ED1DFF82CC0DCF8E8
:1064200000C0624508BFC0F800C005D052681A44D9
:1064300042600A6812680260814218BF086010BC9E
:10644000704700009404002084040020094840683C
:10645000B0F1FF3F4FF0500080F3118804D0BFF33C
:106460004F8FBFF36F8FFEE7BFF34F8FBFF36F8F79
:10647000FEE700007804002070B5044602F04AFBF5
:1064800094F94550002D0DDD606A58B104F12400E7
:1064900003F0DCFB002818BF02F05CFC681E45B26C
:1064A000002DF1DC4FF0FF3684F8456002F052FB1E
:1064B00002F030FB94F94450002D0DDD206958B1F5
:1064C00004F1100003F0C2FB002818BF02F042FCE8
:1064D000681E45B2002DF1DC84F84460BDE87040D0
:1064E00002F038BB2DE9F0410446002502F0E2FC41
:1064F000444E002706F110023068002818BFF068EB
:106500001DD141494FF4705011F0070F06D0C81D3E
:1065100020F007013C48081AC0F5705008440838BC
:10652000C2E9001720F0070030604760431A076097
:10653000C1E90003B3604FF000407360F0600442B3
:106540004FD1002C4DD004F1080111F0070F0FD0EE
:1065500001F00700C0F10800014411F0070F07D057
:10656000502080F31188BFF34F8FBFF36F8FFEE78A
:10657000002936D0706881429CBF2448146830D806
:1065800062688A4205D22268002A1CBF204614464F
:10659000F6D13268944224D0026802F108052268DC
:1065A00002606068421A102A0FD9601810F0070FB5
:1065B00007D0502080F31188BFF34F8FBFF36F8F48
:1065C000FEE742606160FFF711FF61687068401A82
:1065D0007060B268824288BFB060F0680843C4E966
:1065E000007003F06DFB15F0070F04BF2846BDE8EF
:1065F000F081502080F31188BFF34F8FBFF36F8F6E
:10660000FEE7000084040020B83800209404002035
:106610000449086818B10868826C521C82640868D2
:10662000704700003C0400202DE9F0415D4F884692
:106630000546B8421CBF5C48854205D0BDE8F04124
:106640004FF00900FFF700B95849B8F1000F14BF27
:10665000564C01F5E474606D00680068544AC0F35C
:106660000010944217D1B0B10026BD420ED14A6D40
:10667000B1F85800126850634A6DB1F85A001268B8
:106680009063B1F85C00496D0968C8630421204635
:10669000FDF792FF2FE08C4208BF00280CD09442F7
:1066A00008BF002822D08C422DD160B300260221E1
:1066B0002046FDF781FF1EE00126BD4211D1D1F831
:1066C0001C22B1F8200212685063D1F81C22B1F8E4
:1066D000220212689063B1F82402D1F81C120968F2
:1066E000C86301212046FDF767FF04E0012603216E
:1066F0002046FDF761FFB8F1000F09D001212846BF
:10670000F7F77AF907E0BDE8F0411020FFF79CB8F1
:106710002846F7F743FAA0F5006000EE100ADFED17
:10672000250AB8EEC00A20EE200AD4ED320A20EE87
:10673000800AD4ED310A20EE800ADEB1BD4207D1D5
:10674000D4ED1B0A30EE600A84ED190ABDE8F08131
:10675000D4ED1C0A30EE600A84ED1A0A94F8500059
:10676000002808BFBDE8F0810121E06CBDE8F041E0
:10677000FFF700BC9FED101ABD4209D1D4ED1B0AF2
:1067800030EE600A40EE010AC4ED1B0ABDE8F0815C
:10679000D4ED1C0A30EE600A40EE010AC4ED1C0A7A
:1067A000BDE8F0810C060020540600207C0000208B
:1067B000440200203333533AB6081F3A4FF0807C2E
:1067C00040F804CC21F0010140F8081C054B40F8CA
:1067D0000C3C40F8202C6FF0020240F8242C443886
:1067E000704700004D64010810B584B0044602AA49
:1067F00001A96846FAF776FFDDED000A9FED0F0A62
:1068000060EE800AFCEEE00A10EE900AA4F8580050
:10681000DDED010A60EE800AFCEEE00A10EE900A5F
:10682000A4F85A00DDED020A20EE800ABCEEC00A90
:1068300010EE100AA4F85C0004B010BD00401F4622
:106840000849DFED091AB7EE002A91ED001A61EE52
:10685000211A82EE211A21EE000A61EE200AFFF7CA
:10686000C3BF000070000020ABAA2A3FF0B5354F2F
:10687000364E04462DED088B83B0F0EE608AF0EEC4
:10688000409AB7EE00AADFED2EBA9FED2FBADFEDEA
:1068900030AA42F2D075B0EE6B8A4FF0FF32012180
:1068A0006846FFF793FB2046FEF700FF002802BF73
:1068B00003B0BDEC088BF0BD94F8090120B103B022
:1068C0000120BDEC088BF0BDB0EE480AFDF75AFC84
:1068D00020EE289AB0EE480AFDF790FC60EE280AF8
:1068E00097ED000A204620EE0B1A8AEE010A20EEF0
:1068F000091A60EE200AB0EE410AFFF775FF606DDD
:106900000168486A096880B2C1F3001111B1281A00
:10691000284480B2A4F88801A4F86000B4F85E109E
:10692000884206D30D20206103B00020BDEC088B07
:10693000F0BD09EEAA8A18EE100AB042ADDBAAE754
:106940000000000070000020ABAA2A3FDB0FC94006
:106950005674FE38FEF7D8BC0022FFF7FFBB0000DC
:10696000B5EEC00AF1EE10FA38BF9FED180A1848CC
:106970001849D0ED010A90ED001A60EE200A80EE71
:10698000810A10EE100A8842C8BF9FED130AF7EE85
:10699000000A30EEC00ADFED110A20EE200ABDEE3B
:1069A000C00A10EE101AB1F1280048BF00200022E2
:1069B0000B4BD3F800C0CCF83C201A6841F2010C14
:1069C000C2F840C0D063186801647047000000003E
:1069D000700000206666663F6666663F0000804580
:1069E000C0070020014AC2E9030170470C040020DF
:1069F00010B5044680ED0D0A0120606008A10CA0CE
:106A0000FDF798FE606BF5F7BFFE41EC100BBDE89B
:106A1000104053EC102B0AA10EA0FDF78BBE000016
:106A200043555252454E545F434F4E54524F4C00C3
:106A3000252D333273203A206F6B65640A00000005
:106A400063757272656E745F736574706F696E746E
:106A500000000000252D333273203A2025332E33D9
:106A6000660A000010B580ED060AC0ED080A04466B
:106A700080ED0D1A0320606013A118A0FDF75AFEE7
:106A8000A069F5F781FE41EC100B18A153EC102B17
:106A90001AA0FDF74FFE206AF5F776FE41EC100BC9
:106AA0001AA153EC102B1DA0FDF744FE606BF5F707
:106AB0006BFE41EC100BBDE8104053EC102B1BA1FA
:106AC00016A0FDF737BE0000504F534954494F4EB2
:106AD0005F434F4E54524F4C00000000252D33327F
:106AE00073203A206F6B65640A000000706F735F5B
:106AF000736574706F696E7400000000252D333269
:106B000073203A2025362E30660A000076656C5FC9
:106B1000736574706F696E7400000000252D333248
:106B200073203A2025332E33660A00006375727293
:106B3000656E745F736574706F696E740000000039
:106B400010B580ED080A0446C0ED0D0A0220606011
:106B50000DA112A0FDF7EEFD206AF5F715FE41EC40
:106B6000100B12A153EC102B14A0FDF7E3FD606B8A
:106B7000F5F70AFE41EC100BBDE8104053EC102B6A
:106B800012A10EA0FDF7D6BD56454C4F43495459AE
:106B90005F434F4E54524F4C00000000252D3332BE
:106BA00073203A206F6B65640A00000076656C5FA5
:106BB000736574706F696E7400000000252D3332A8
:106BC00073203A2025332E33660A000063757272F3
:106BD000656E745F736574706F696E740000000099
:106BE00030B504462DED088B83B013259FED3E8A0A
:106BF0009FED3CAA9FED3D9A9FED3DBAF0EE48AA6D
:106C000028EE0B0A02F0A0F9F0EE408A94ED5A0A41
:106C10000222012160EE089A6846FFF7D7F9009832
:106C2000082801D0256157E02046FEF73FFD0028E7
:106C300052D0204601F0E2FDB0EE681A204684ED05
:106C40004E1AF0EE6A0AB0EE690AF6F7FDFC38EE6D
:106C50000A8A18EE100AB0F17E5FD1DB94ED5C0A6F
:106C6000B4EEC09AF1EE10FA38BFDFED229A2ED2C0
:106C700094ED5B0A00EE299AB0EE680A09EE290A43
:106C800002F062F9F0EE408A94ED5AAAB0EE688AFA
:106C9000022201216846FFF799F900980828C1D11E
:106CA0002046FEF703FDB8B1204601F0A7FD2046BF
:106CB00084ED4E8AF0EE6A0AB0EE4A0AF6F7C4FC9A
:106CC00094ED5C0AB4EEC90AF1EE10FAD0DC03B020
:106CD0000120BDEC088B30BD03B00020BDEC088B5B
:106CE00030BD0000B6089F3900000000D253FB41C0
:106CF000DB0F49415674FE3870B5314E30688168FB
:106D000041F0010181602F4C2068816841F0010150
:106D100081602D4D2868816841F001018160022069
:106D2000FFF7AEF83068416841F0800141602068AB
:106D3000416841F0800141602868416841F080016C
:106D400041602068416841F0200141602868416845
:106D500041F0200141601D48C16841F00101C1605E
:106D6000C16841F00201C160194800F037F81948C4
:106D700000F034F841F2683300221649144800F05C
:106D800097F813480068416C21F4004141641148B0
:106D90000068416C21F4004141640F480021026801
:106DA000D163006841F20101016408210A48F9F742
:106DB00046FDBDE870400C210748F9F740BD0000D2
:106DC000C40500200C06002054060020002004E02A
:106DD0008007002080080020C007002010B504466E
:106DE00041F2E83021684863216888632168C863FC
:106DF00000212046F9F723FD00212046F9F796F8F7
:106E000004212046F9F71BFD04212046F9F78EF8EE
:106E100008212046F9F713FD08212046F9F786F8E6
:106E20002168012008642046BDE810400C21F9F7D4
:106E300022BD000010B501461B481C4C012906D09C
:106E400004291AD0BDE810401120FEF7FDBC217ABC
:106E5000002908BF10BD0221F7F734FC01280CBF40
:106E6000B7EE000ABFEE000AD4ED060A94ED031A4D
:106E700040EE010AC4ED060A10BD94F8D0110029B5
:106E800008BF10BD0821F7F71DFC01280CBFB7EEA5
:106E9000000ABFEE000AD4ED780A94ED751A40EEB0
:106EA000010AC4ED780A10BD000002407C000020F9
:106EB0002DE9F003D0F800C0DCF8444004F40047AA
:106EC0000C68656C05F40046DCF80450A468ADB2AB
:106ED000DCF84480A4B228F40048CCF84480D1F80F
:106EE00000C0DCF8448028F40048CCF84480D0F896
:106EF00000C0DCF8008028F00108CCF80080D1F850
:106F000000C0DCF8008028F00108CCF80080D0F840
:106F100000C0DCF8048028F07008CCF80480D0F8B9
:106F200000C0DCF8048048F01008CCF80480D1F8E8
:106F300000C0DCF8088028F07008CCF80880D1F890
:106F400000C0DCF8088048EA0202CCF808200A6891
:106F5000D2F808C02CF0070CC2F808C00A68D2F8B2
:106F600008C04CF0060CC2F808C00268D2F800C095
:106F70000CF06008D1F800C0DCF800C0D2F8009036
:106F80000CF0600C29F06009C2F800900A68D2F891
:106F9000009029F06009C2F800900268D2F80090D1
:106FA00029F01009C2F800900A68D2F8009029F080
:106FB0001009C2F800900268D2F8009049EA080867
:106FC000C2F800800A68D2F8008048EA0C0CC2F8C7
:106FD00000C0026853620B6800225A62026813689C
:106FE00043F001031360026855600A68946000680A
:106FF000426C3A4342640868416C31434164BDE8E5
:10700000F00370472DE9F04F2DED028BCBB000243B
:10701000FEA1F5F7B5F80AAD06E045F82400FBA19E
:107020000020641CF5F7ACF8002818BF402CF4DBF6
:10703000F7480A9A41684B1C4360F6A0FDF77AFBBB
:10704000F848FDF777FB002C00F0B080F6A10A9815
:10705000F5F787F8DFF8D4A3DFF8D483002800F031
:10706000A980F4A10A98F5F77CF8002800F0D080F8
:10707000F1A10A98F5F775F8002800F0EF80EFA16C
:107080000A98F5F76EF8002800F00581ECA10A983F
:10709000F5F767F8EB4EEC4FDFF8B0930025DFF81B
:1070A000B0B3002800F01081EAA10A98F5F759F86A
:1070B000002800F04281E8A10A98F5F752F800286C
:1070C00000F07581D6A10A98F5F74BF8002800F07A
:1070D0008981E2A10A98F5F744F8002800F090822F
:1070E000DFA10A98F5F73DF8002800F0B682DDA18F
:1070F0000A98F5F736F8002800F0D082DAA10A984D
:10710000F5F72FF8002800F0DB82D8A10A98F5F7F0
:1071100028F8002800F0F282D6A10A98F5F721F8A5
:10712000002800F06787D5A10A98F5F71AF800281B
:1071300001F05E81D3A10A98F5F713F8002801F059
:10714000A081D2A10A98F5F70CF8002801F0C181BE
:10715000D1A10A98F5F705F8D14E002801F0F18188
:10716000DFF8AC8200273D46D8F80000002814DD87
:1071700006EB051001680A98F4F7F3FF002801F008
:107180001082D8F800006D1C8542F1DB002F1EBF75
:107190004BB0BDEC028BBDE8F08FC2A00A99FDF7A1
:1071A000C9FA4BB0BDEC028BBDE8F08FCDA0FDF766
:1071B000C1FAF6E703AAD1A10B98F5F703F8052C5D
:1071C00023D10398D8F8001088421ED202AACCA17D
:1071D0000C98F4F7F7FF01AAC9A10D98F4F7F2FF94
:1071E0006A46C7A10E98F4F7EDFF03989DED001ACB
:1071F000C0EBC001C1EB80100AEBC000DDED010A5D
:107200009DED020AFFF72EFCCBE7BEA000F04BBAC3
:1072100002AABAA10B98F4F7D5FF042C40F0EE8136
:107220000298D8F80010884280F0E88101AAB4A141
:107230000C98F4F7C7FF6A46B1A10D98F4F7C2FFA6
:107240000298DDED000AC0EBC001C1EB80100AEB33
:10725000C0009DED010AFFF773FCA2E76A46A7A1F3
:107260000B98F4F7AFFF032C64D10098D8F8001006
:1072700088425FD201AAA2A10C98F4F7A3FF00985C
:107280009DED010AC0EBC001C1EB80100AEBC0000C
:10729000FFF7AEFB85E7A44C2088C0F30B01A3A049
:1072A000FDF748FA6188A5A0FDF744FAA7480188D0
:1072B000A7A0FDF73FFAAC480368001D0268001D57
:1072C0000168AAA001F001B900950195032C31D104
:1072D0006A468AA10B98F4F775FF01AA87A10C985A
:1072E000F4F770FF009860B1012818D002281BD075
:1072F00003287FF456AF019859F820000188A0A018
:107300004DE701985BF820000068F5F73DFA41EC85
:10731000100B9DA053EC102BFDF70CFA41E70198E0
:1073200056F82000016803E0019857F82000017822
:1073300096A034E796A000F0B6B90095032CF9D1D9
:1073400001AA9CA10B98F4F73DFF6A466BA10C982B
:10735000F4F738FF9DF80400622822D066280AD08E
:10736000692816D075287FF41CAF009859F82000C2
:10737000018883A013E700985BF820000068F5F708
:1073800003FA41EC100B80A053EC102BFDF7D2F95F
:1073900007E7009856F8200001687CA0FDF7CAF9BD
:1073A000FFE6009857F82000017878A0F7E6D8F8B3
:1073B00000000024002888BF9FED7F8A7FF6F1AE91
:1073C000C4EBC400B0EE480AC0EB84100AEBC00066
:1073D000F0EE400AFFF7B4FBD8F80000641CA042AE
:1073E000EED8DEE600950195042C0ED16A4643A145
:1073F0000B98F4F7E7FE01AA40A10C98F4F7E2FE1F
:10740000009808B10128D9E0DEE0F7E02000000094
:10741000200400200A496E205B25755D203A202556
:107420007300000064AA0108700000007C000020C6
:10743000389E01087600000063000000690000002B
:107440006700000024A1010844A1010864A101080B
:107450003CA0010867657400680000007365740053
:107460006D0000006F000000740000006765746626
:1074700000000000676574690000000067657462C1
:1074800000000000676574750000000068775F7396
:10749000746174757300000068656C700000000012
:1074A000C82D0020496E76616C696420636F6D6D34
:1074B000616E643A2025730A747970652068656C82
:1074C0007020746F206C69737420616C6C2061761D
:1074D00061696C61626C6520636F6D6D616E647370
:1074E0000A0000004E6F20636F6D6D616E64207244
:1074F000656365697665640A000000002575000013
:10750000256600005468697320636F6D6D616E6459
:1075100020726571756972657320352061726775B7
:107520006D656E742E0A0000002004E05369676EDA
:1075300061747572653A202523780A005265766970
:1075400073696F6E3A202523780A0000227AFF1FA4
:10755000466C6173682053697A653A202523782048
:107560004B69420A00000000107AFF1F555549443C
:107570003A203078256C78256C78256C780A0000E4
:107580002568750A0000000025660A0025640A00C7
:107590005468697320636F6D6D616E6420726571EC
:1075A0007569726573203320617267756D656E74DD
:1075B0002E0A000025730000000000000BD00228F6
:1075C0000FD0032836D0ECE501985BF82020AFF20D
:1075D000D0010D9833E00198FEA156F820200D98B7
:1075E0002DE0029502AAFBA10D98F4F7EBFD02989D
:1075F00088BB019957F821100870D2E5F6A052E037
:1076000000950195042CF9D16A46AFF210110B9840
:10761000F4F7D8FD01AAAFF21C110C98F4F7D2FDD3
:10762000009862280ED06628CED06928D3D075285D
:107630007FF4B7AD0198F1A159F820200D98F4F727
:10764000C1FDAEE5029502AAE2A10D98F4F7BAFDDC
:1076500002980028CDD00120CBE700950195029536
:10766000042CCBD16A46AFF26C110B98F4F7AAFD4B
:1076700001AAAFF278110C98F4F7A4FD02AAAFF2B8
:1076800084110D98F4F79EFDDD490298009A41F8A7
:10769000302001EBC000019A426082E50095022C87
:1076A00018BFD8A002D0FDF745F87AE56A46AFF2D8
:1076B000B4110B98F4F786FD0098FEF7B5FD70E560
:1076C000D8F800200020002A88BF01237FF669AD8A
:1076D000C0EBC001C1EB80110AEBC101D1F8B4C10C
:1076E000BCF1000F06D0D1F810C0BCF1000F08BFEC
:1076F00081F8B931401C9042EAD352E5DBF8000032
:1077000000240068F5F740F8CDE900010125C6A284
:107710002146C9A0FDF70EF8DBF804000068F5F774
:1077200033F8CDE900010226C7A22946C2A0FDF721
:1077300001F8C748FCF7FEFFDBF808000068F5F722
:1077400023F8CDE900010324C2A23146BAA0FCF718
:10775000F1FFDBF80C000068F5F716F8CDE9000141
:107760000425C0A22146B4A0FCF7E4FFDBF810001A
:107770000068F5F709F8CDE900010524BCA2294607
:10778000ADA0FCF7D7FFDBF814000068F4F7FCFFAE
:10779000CDE900010625BAA22146A7A0FCF7CAFF41
:1077A000DBF818000068F4F7EFFFCDE900010724CB
:1077B000B6A22946A0A0FCF7BDFFDBF81C000068BC
:1077C000F4F7E2FFCDE900010825B6A221469AA010
:1077D000FCF7B0FFDBF820000068F4F7D5FFCDE937
:1077E00000010924B6A2294693A0FCF7A3FFDBF809
:1077F00024000068F4F7C8FFCDE900010A25B4A20F
:1078000021468DA0FCF796FFDBF828000068F4F70E
:10781000BBFFCDE900010B24B2A2294686A0FCF7EC
:1078200089FFDBF82C000068F4F7AEFFCDE900011A
:107830000C25B2A2214680A0FCF77CFFDBF83000CB
:107840000068F4F7A1FFCDE900010D24B0A229469C
:1078500079A0FCF76FFFDBF834000068F4F794FFC1
:10786000CDE900010E25AFA2214673A0FCF762FF0F
:10787000DBF838000068F4F787FFCDE900010F243A
:10788000ADA229466CA0FCF755FFDBF83C00006870
:10789000F4F77AFFCDE900011025ACA2214666A0DD
:1078A000FCF748FFDBF840000068F4F76DFFCDE916
:1078B00000011124A9A229465FA0FCF73BFFDBF8D9
:1078C00044000068F4F760FFCDE900011225A7A28B
:1078D000214659A0FCF72EFFDBF848000068F4F7BA
:1078E00053FFCDE900011324A6A2294652A0FCF7BC
:1078F00021FFDBF84C000068F4F746FFCDE90001FA
:107900001425A7A221464CA0FCF714FFDBF8500079
:107910000068F4F739FFCDE900011524A8A2294633
:1079200045A0FCF707FFDBF854000068F4F72CFFD4
:10793000CDE900011625A9A221463FA0FCF7FAFED9
:10794000DBF858000068F4F71FFFCDE900011724A9
:10795000A9A2294638A0FCF7EDFEDBF85C00006820
:10796000F4F712FFCDE900011825AFA2214632A09D
:10797000FCF7E0FEDBF860000068F4F705FFCDE9F6
:1079800000011924B4A229462BA0FCF7D3FEDBF892
:1079900064000068F4F7F8FECDE900011A25B4A2EE
:1079A000214625A0FCF7C6FEDBF868000068F4F766
:1079B000EBFECDE900011B24B2A229461EA0FCF774
:1079C000B9FEDBF86C000068F4F7DEFE1C25CDE99B
:1079D000000161E1256400005468697320636F6DE4
:1079E0006D616E64207265717569726573203420F3
:1079F000617267756D656E742E0A000025687500EA
:107A0000A82200205468697320636F6D6D616E64F5
:107A100020726571756972657320322061726775B5
:107A20006D656E742E0A0000564255535F564F4CDA
:107A300054414745000000005B25645D252D33322D
:107A400073203A2025660A004E554C4C45440000F0
:107A500020AA01084D305F504F535F534554504F9B
:107A6000494E54004D305F504F535F4741494E00DF
:107A70004D305F56454C5F534554504F494E54006E
:107A80004D305F56454C5F4741494E004D305F5683
:107A9000454C5F494E5445475241544F525F474110
:107AA000494E00004D305F56454C5F494E544547A6
:107AB0005241544F525F43555252454E54000000BC
:107AC0004D305F56454C5F4C494D49540000000015
:107AD0004D305F43555252454E545F534554504FBD
:107AE000494E54004D305F43414C49425241544944
:107AF0004F4E5F43555252454E5400004D305F503B
:107B0000484153455F494E44554354414E43450017
:107B10004D305F50484153455F524553495354419E
:107B20004E4345004D305F43555252454E545F4DD4
:107B30004541535F504842004D305F4355525245D6
:107B40004E545F4D4541535F504843004D305F44B4
:107B5000435F43414C49425F504842004D305F44CF
:107B6000435F43414C49425F504843004D305F53AF
:107B700048554E545F434F4E44554354414E434540
:107B8000000000004D305F50484153455F4355525F
:107B900052454E545F5245565F4741494E000000E2
:107BA0004D305F43555252454E545F434F4E5452F1
:107BB0004F4C5F43555252454E545F4C494D000067
:107BC0004D305F43555252454E545F434F4E5452D1
:107BD0004F4C5F505F4741494E0000004D305F43BE
:107BE000555252454E545F434F4E54524F4C5F498D
:107BF0005F4741494E0000004D305F4355525245AA
:107C00004E545F434F4E54524F4C5F565F43555254
:107C100052454E545F434F4E54524F4C5F494E5461
:107C2000454752414C5F44004D305F4355525245E9
:107C30004E545F434F4E54524F4C5F565F43555224
:107C400052454E545F434F4E54524F4C5F494E5431
:107C5000454752414C5F51004D305F4355525245AC
:107C60004E545F434F4E54524F4C5F494255530060
:107C70004D305F454E434F4445525F504841534558
:107C8000000000004D305F454E434F4445525F5069
:107C90004C4C5F504F530000F7A22146AFF26820D2
:107CA000FCF748FDDBF870000068F4F76DFDCDE9E6
:107CB00000011D24F5A22946AFF28420FCF73AFD0D
:107CC000DBF874000068F4F75FFDCDE900011E25C4
:107CD000F3A22146AFF2A020FCF72CFDF548FCF7FB
:107CE00029FDDBF878000068F4F74EFDCDE90001CE
:107CF0001F24F1A22946AFF2C020FCF71BFDDBF8E0
:107D00007C000068F4F740FDCDE900012025EEA2DB
:107D10002146AFF2DC20FCF70DFDDBF880000068A7
:107D2000F4F732FDCDE900012124EAA22946AFF2A1
:107D3000F820FCF7FFFCDBF884000068F4F724FD72
:107D4000CDE900012225E7A22146AFF21430FCF76D
:107D5000F1FCDBF888000068F4F716FDCDE90001BE
:107D60002324E3A22946AFF23030FCF7E3FCDBF832
:107D70008C000068F4F708FDCDE900012426E2A29A
:107D80002146AFF24C30FCF7D5FCDBF890000068E0
:107D9000F4F7FAFCCDE900012525E2A23146AFF265
:107DA0006830FCF7C7FCDBF894000068F4F7ECFCE3
:107DB000CDE900012624DFA22946AFF28430FCF78A
:107DC000B9FCDBF898000068F4F7DEFCCDE90001AF
:107DD0002725DDA22146AFF2A030FCF7ABFCDBF893
:107DE0009C000068F4F7D0FCCDE900012824DCA257
:107DF0002946AFF2BC30FCF79DFCDBF8A000006820
:107E0000F4F7C2FCCDE900012925DAA22146AFF240
:107E1000D830FCF78FFCDBF8A4000068F4F7B4FC62
:107E2000CDE900012A24D8A22946AFF2F430FCF7AC
:107E300081FCDBF8A8000068F4F7A6FCCDE900019E
:107E40002B25D6A22146AFF21040FCF773FCDBF8DD
:107E5000AC000068F4F798FCCDE900012C24D4A212
:107E60002946AFF22C40FCF765FCDBF8B000006857
:107E7000F4F78AFCCDE900012D25D1A22146AFF20D
:107E80004840FCF757FCDBF8B4000068F4F77CFCD2
:107E9000CDE900012E24CEA22946AFF26440FCF7C2
:107EA00049FCDBF8B8000068F4F76EFCCDE900018E
:107EB0002F25CDA22146AFF28040FCF73BFCDBF83A
:107EC000BC000068F4F760FCCDE900013024CDA2CD
:107ED0002946AFF29C40FCF72DFCDBF8C00000689F
:107EE000F4F752FCCDE900013125CEA22146AFF2D4
:107EF000B840FCF71FFCDBF8C4000068F4F744FC52
:107F0000CDE900013224CEA22946AFF2D440FCF7DD
:107F100011FCDBF8C8000068F4F736FCCDE900017D
:107F20003325CEA22146AFF2F040FCF703FCDBF88C
:107F3000CC000068F4F728FCCDE900013424D3A27A
:107F40002946AFF20C50FCF7F5FBDBF8D0000068D7
:107F5000F4F71AFCCDE900013525D8A22146AFF28D
:107F60002850FCF7E7FBDBF8D4000068F4F70CFCC2
:107F7000CDE900013624D7A22946AFF24450FCF7E0
:107F8000D9FBDBF8D8000068F4F7FEFBCDE900016F
:107F90003725D5A22146AFF26050FCF7CBFBDBF8CA
:107FA000DC000068F4F7F0FBCDE900013824D3A22F
:107FB0002946AFF27C50FCF7BDFBDBF8E00000681F
:107FC000F4F7E2FBCDE900013925D1A22146AFF259
:107FD0009850FCF7AFFBDBF8E4000068F4F7D4FB43
:107FE000CDE90001CFA22946AFF2B450FCF7A2FBC5
:107FF000FFF7D7B83068002101250368CEA2D2A0D0
:10800000FCF798FB70680224D3A203682946CEA02F
:10801000FCF790FBB0680325D6A203682146CAA0EE
:10802000FCF788FBF0680424D9A203682946C6A09F
:10803000FCF780FB1F48FCF77DFB30690525D7A2C4
:1080400003682146C0A0FCF775FB70690624D7A21F
:1080500003682946BCA0FCF76DFBB0690725DAA2CE
:1080600003682146B8A0FCF765FBF069DDA229464C
:108070000368B5A029E200004D305F454E434F44F0
:1080800045525F504C4C5F56454C00004D305F45AB
:108090004E434F4445525F504C4C5F4B50000000E4
:1080A0004D305F454E434F4445525F504C4C5F4B03
:1080B0004900000020AA01084D315F504F535F5323
:1080C0004554504F494E54004D315F504F535F4718
:1080D00041494E004D315F56454C5F534554504F1A
:1080E000494E54004D315F56454C5F4741494E0063
:1080F0004D315F56454C5F494E5445475241544FB0
:10810000525F4741494E00004D315F56454C5F4933
:108110004E5445475241544F525F43555252454E7B
:10812000540000004D315F56454C5F4C494D495459
:10813000000000004D315F43555252454E545F538D
:108140004554504F494E54004D315F43414C4942D4
:10815000524154494F4E5F43555252454E540000D0
:108160004D315F50484153455F494E44554354415A
:108170004E4345004D315F50484153455F52455392
:10818000495354414E4345004D315F43555252458A
:108190004E545F4D4541535F504842004D315F435F
:1081A000555252454E545F4D4541535F5048430030
:1081B0004D315F44435F43414C49425F5048420068
:1081C0004D315F44435F43414C49425F5048430057
:1081D0004D315F5348554E545F434F4E44554354C1
:1081E000414E4345000000004D315F50484153452A
:1081F0005F43555252454E545F5245565F47414981
:108200004E0000004D315F43555252454E545F437E
:108210004F4E54524F4C5F43555252454E545F4C53
:10822000494D00004D315F43555252454E545F4316
:108230004F4E54524F4C5F505F4741494E00000033
:108240004D315F43555252454E545F434F4E545249
:108250004F4C5F495F4741494E0000004D315F433D
:10826000555252454E545F434F4E54524F4C5F56F9
:108270005F43555252454E545F434F4E54524F4CFC
:108280005F494E54454752414C5F44004D315F4376
:10829000555252454E545F434F4E54524F4C5F56C9
:1082A0005F43555252454E545F434F4E54524F4CCC
:1082B0005F494E54454752414C5F51004D315F4339
:1082C000555252454E545F434F4E54524F4C5F49A6
:1082D000425553004D315F454E434F4445525F5028
:1082E00048415345000000004D315F454E434F4427
:1082F00045525F504C4C5F504F5300004D315F452D
:108300004E434F4445525F504C4C5F56454C000025
:108310004D315F454E434F4445525F504C4C5F4B8F
:10832000500000004D315F454E434F4445525F5071
:108330004C4C5F4B490000004D305F434F4E545250
:108340004F4C5F4D4F4445005B25645D252D333216
:1083500073203A2025640A004D305F454E434F4458
:1083600045525F454E434F4445525F4F4646534545
:10837000540000004D305F454E434F4445525F4529
:108380004E434F4445525F53544154450000000052
:108390004D305F4552524F52000000004D315F4357
:1083A0004F4E54524F4C5F4D4F4445004D315F4549
:1083B0004E434F4445525F454E434F4445525F4FF5
:1083C00046465345540000004D315F454E434F44EF
:1083D00045525F454E434F4445525F5354415445C7
:1083E000000000004D315F4552524F520000000026
:1083F00038680021012503786EA2AFF2B400FCF7C3
:1084000099F9786802246FA203782946AFF2C80070
:10841000FCF790F9B86803256FA203782146AFF204
:10842000D800FCF787F9F868042470A2037829467D
:10843000AFF2EC00FCF77EF97148FCF77BF9386984
:10844000052570A203782146AFF20410FCF772F9FB
:10845000786906246FA203782946AFF21410FCF75E
:1084600069F9B869072570A203782146AFF2281090
:10847000FCF760F9F86971A229460378AFF2381069
:1084800023E0D9F8000000210124038870A275A020
:10849000FCF750F9D9F80400022577A20388214699
:1084A00070A0FCF747F95648FCF744F9D9F80800E2
:1084B000032476A2038829466AA0FCF73BF9D9F881
:1084C0000C0077A22146038866A0FCF733F9FEF77B
:1084D00068BE06230322002176A0FCF72BF97AA1BF
:1084E0007BA0FCF727F97EA27FA181A0FCF722F9EF
:1084F00085A18AA0FCF71EF98F4805AC0378401EC1
:108500000278401E0178401E007884E80F008B48F6
:108510008B4B0178401E1B780278401E0078CDE915
:1085200002028848019304910078009086480378FD
:10853000401E0278401E01788448FCF7FBF8FEF7E5
:1085400030BE83A0FCF7F6F886A0FCF7F3F887A00E
:10855000FCF7F0F88AA0FCF7EDF88CA0FCF7EAF83D
:10856000954F00243868002818DD06EB0415AA682A
:1085700022B192A02968FCF7DDF802E02868FCF738
:10858000D9F8696819B18FA0FCF7D4F802E08FA080
:10859000FCF7D0F83868641C8442E6DB53A0FFF790
:1085A00082B806EB05100AA9C26820469047FEF77C
:1085B000F8BD00004D305F5448524541445F52457C
:1085C000414459004D305F454E41424C455F434F59
:1085D0004E54524F4C0000004D305F444F5F4341BA
:1085E0004C4942524154494F4E0000004D305F43C8
:1085F000414C4942524154494F4E5F4F4B0000009D
:1086000020AA01084D315F5448524541445F52450C
:10861000414459004D315F454E41424C455F434F07
:108620004E54524F4C0000004D315F444F5F434168
:108630004C4942524154494F4E0000004D315F4376
:10864000414C4942524154494F4E5F4F4B0000004C
:108650004D305F434F4E54524F4C5F444541444C64
:10866000494E45005B25645D252D333273203A2049
:108670002568750A000000004D305F4C4153545F7F
:108680004350555F54494D45000000004D315F4354
:108690004F4E54524F4C5F444541444C494E450067
:1086A0004D315F4C4153545F4350555F54494D45E4
:1086B000000000004669726D776172653A2025649A
:1086C0002E25642E25640000332E34620000000045
:1086D00048617264776172653A202573000000007A
:1086E000617070322E300000204D444B200000009D
:1086F0004669726D776172652076657273696F6E17
:108700003A2025732025730032332F30352F323035
:1087100031382031313A32323A3539004669726D9A
:1087200077617265206368616E67656C6F6720743E
:10873000696D653A202573001B7AFF1F177AFF1FAA
:10874000147AFF1F137AFF1F127AFF1FA8AA0108CD
:1087500056616C696420636F6D6D616E6473206136
:1087600072653A0068656C70000000002020536854
:108770006F7720746869732068656C700000000072
:1087800068775F7374617475730000002020507205
:10879000696E7420736F6D652068617264776172B1
:1087A000652073746174757320696E666F726D6194
:1087B00074696F6E2E0000002004002025732025B0
:1087C0007300000020202573000000002020546862
:1087D000657265206973206E6F2068656C7020611A
:1087E0007661696C61626C6520666F72207468697D
:1087F0007320636F6D6D616E642E000030B50546A9
:108800002DED048B85B0F7EE008AD0F800019FEDC6
:108810008E8A38B1012864D002281EBF05B0BDEC95
:10882000048B30BD05F58274D5F804010068416AF7
:10883000D5F81801091A09B20144C5F81811D5F87C
:10884000100100EE100A91FBF0F2B8EEC00A00FB36
:108850001211D5F81421C8EE800A891AD5F81C2106
:1088600068695143400000EE100AB8EEC00A9FED5F
:10887000771A20EE010A20EE800A00EE901AF8EE38
:10888000E00A20EE200A00F05FFB84ED080A94ED78
:10889000099A94ED0A0A00EE089A84ED099AB0EE5E
:1088A000490AFAF7DFFFBDEEC00A616994ED0B1AC1
:1088B00010EE100A081A00EE100AB8EEC00A60EEB8
:1088C000080A01EE209A84ED099A94ED0A0A94EDC3
:1088D0000C1A01EE200A84ED0A0AD5F800010228DC
:1088E0007ED1D5ED190A95ED1A0A05F59C74B1EE05
:1088F000601A31EE401A30EEC00A8DED021ADFED3B
:10890000540A00200DF1080C20EE200A6B468DED74
:10891000030A04EB80010CEB800291ED081A95ED3F
:10892000120AD2ED000A00EE601A91ED060A01EE7D
:10893000080A81ED060A95ED111A03EB8001401C2F
:1089400001EE600A012881ED000AE2DDDDED000A9A
:1089500094ED0A0AD4ED051A20EEA01A20EE000AC2
:10896000DDED010A3B4800EEA01AC8EE800A30EEA9
:10897000410AB6EE001A20EE010A61EEA00ADFED10
:10898000361A60EE800A90ED020A30EEC01A01EE4F
:10899000210A80ED020A002003EB800104EB800233
:1089A00091ED000A20EE201A92ED060A01EE080A67
:1089B00082ED060A0CEB800295ED111AD2ED001A39
:1089C000401C012801EE610A81ED000AE4DD95ED0D
:1089D000390A84ED080A95ED3A0A84ED090A00E0A7
:1089E0002DE094ED010AD4ED020A00EE880A00F0B1
:1089F000ABFA84ED010ADDED000A9DED010AFCF7FA
:108A0000AFFE84ED000AD4ED010A30EE600A00F0FA
:108A10009BFA20EE088AD4ED010A94ED031A41EE88
:108A2000080AB0EE600A00F08FFA84ED010A94EDB6
:108A3000020AD4ED040A00EE880A84ED020A05B0A9
:108A4000BDEC048B30BD00005674FE38DB0F49408E
:108A50003ACD133F700000206F12833A074C4FF05D
:108A6000FF312068FDF754FA0028F8D10448F6F7E2
:108A700057F84320F5F7CAFEF1E700000000002098
:108A8000740C0020D0E9013201699A60D0E9012319
:108A90005A604A68824204BF82684A6000220261CA
:108AA0000868401E0860704700F108014FF0FF326F
:108AB000C0E90112C160016100210160704700211D
:108AC0000161704710B4D1F800C0BCF1FF3F0CBF8A
:108AD000026900F1080205D053681C68644598BF1C
:108AE0001A46F9D953684B6099608A6051600861F1
:108AF0000168491C016010BC704742684A60936875
:108B00008B6093685960916008610168491C01603D
:108B100070470000502080F31188BFF34F8FBFF3E0
:108B20006F8F0A494868401C4860012818BF704789
:108B30000748006810F0FF0F08BF7047502080F30F
:108B40001188BFF34F8FBFF36F8FFEE778040020CB
:108B500004ED00E00949486838B1401E486018BF7C
:108B60007047002080F311887047502080F31188EF
:108B7000BFF34F8FBFF36F8FFEE700007804002034
:108B8000002808BF704770B5144DA0F1080450F8D4
:108B9000040CE968084207D1502080F31188BFF324
:108BA0004F8FBFF36F8FFEE722683AB1502080F3FA
:108BB0001188BFF34F8FBFF36F8FFEE7884360606C
:108BC00000F078F960686968084468602046FDF73D
:108BD0000DFCBDE8704001F073B800008404002073
:108BE00010B5F3F765FA114910280ED300F1E02013
:108BF00090F8F0030A78824207D9502080F3118858
:108C0000BFF34F8FBFF36F8FFEE709480068896895
:108C100000F4E060884298BF10BD502080F31188B6
:108C2000BFF34F8FBFF36F8FFEE700007804002083
:108C30000CED00E010B5A8B10F490A6B3AB1502015
:108C400080F31188BFF34F8FBFF36F8FFEE70A6B7E
:108C5000521C0A630021FDF751FB01F031F8002896
:108C600018BF10BD4FF0805004490860BFF34F8F0C
:108C7000BFF36F8F10BD00003C04002004ED00E046
:108C800070B50446FFF746FF2E4D002C08BF2C6838
:108C9000201DFFF7F7FE68B9E06A2B4900EB800260
:108CA00051F8221031B9012101FA00F0296921EAB5
:108CB00000002861A06A00281CBF04F11800FFF71B
:108CC000E1FE686A401C68622868844207D1211D61
:108CD0001E48FFF712FF6868401C686014E0A8682F
:108CE000401EA860206BFFF74BFF2046FFF748FFB0
:108CF000686B006800280FBF4FF0FF30686BC068DA
:108D0000C06818BF4068A862FFF724FF68690028A0
:108D100008BF70BD2868844218BF70BD286B38B189
:108D2000502080F31188BFF34F8FBFF36F8FFEE7A2
:108D300007494FF080500860BFF34F8FBFF36F8F2C
:108D400070BD00003C040020C8370020903800208F
:108D500004ED00E001490120C86170473C04002097
:108D600010B50C4658B10A4A126802F11801FFF713
:108D7000A9FE2046BDE810400121FDF7BFBA5020F2
:108D800080F31188BFF34F8FBFF36F8FFEE70000B2
:108D90003C04002070B5040008BF70BD1E4DE06AA1
:108DA0002968C96A814298BF70BDA06910F0004F60
:108DB00004D12868C06AC0F10700A061E06A174EBC
:108DC00000EB8000616906EB8000814220D1201D0C
:108DD000FFF758FE012158B9E06A00EB800256F80F
:108DE00022202AB92A6901FA00F022EA000028614B
:108DF0002868C06AE0622A6981401143296100EB5A
:108E0000800006EB8000211DBDE87040FFF775BEB5
:108E10002868C06AE06270BD3C040020C8370020AA
:108E200028B107490A6A0260C9684160704750204A
:108E300080F31188BFF34F8FBFF36F8FFEE7000001
:108E40003C04002010B582B015480024CDE9004054
:108E50002346802213A1154800F03CFC01280CD0C9
:108E6000B0F1FF3F1CBF02B010BD502080F311884D
:108E7000BFF34F8FBFF36F8FFEE7502080F3118851
:108E8000BFF34F8FBFF36F8F09484FF0FF318162FF
:108E900001214161C46002B0BDE8104000F074B827
:108EA0006804002049444C4500000000716301083B
:108EB0003C0400200248016B491C0163704700001C
:108EC0003C040020144A106B00281EBF0120D06112
:108ED00070470020D06110691049B0FA80F0C0F1ED
:108EE0001F0000EB800051F820306BB101EB8000D7
:108EF00000F10803416849684160994204BF49682C
:108F00004160C86810607047502080F31188BFF33B
:108F10004F8FBFF36F8FFEE73C040020C83700205F
:108F200010B50121F4F768FD00EE100ADFED040A28
:108F30000448B8EE400A20EE200A80ED000A10BD79
:108F40003333113C7000002010EE101A0B48DFED97
:108F50000C0A814205DB30EE600A10EE101A8142E5
:108F6000F9DA10EE101A0748814298BF704730EEC8
:108F7000200A10EE101A8142F9D87047DB0F4940E1
:108F8000DB0FC940DB0F49C03A4800B5026883B027
:108F900039498A4207D1502080F31188BFF34F8F9F
:108FA000BFF36F8FFEE700683449884207D1502035
:108FB00080F31188BFF34F8FBFF36F8FFEE7304B05
:108FC00018780190FF20187018788DF800009DF82F
:108FD00000009DF8001000F0F000884207D05020FB
:108FE00080F31188BFF34F8FBFF36F8FFEE79DF8BB
:108FF0000000072200F050012248017082609DF8B5
:10900000001011F0800F0CD08168491E81609DF81E
:10901000001049008DF800109DF8001011F0800F2D
:10902000F2D1017A090201F4E061816001991970BD
:1090300015490B6843F470030B600B6843F07043F1
:109040000B6012494FF47A730968B1FBF3F14B1EC0
:109050004FF0E0214B610A6100214160F2F7F0FF1F
:109060000B48016841F040410160F2F7D9FF03B0BD
:10907000002000BD00ED00E071C20F4170C20F4141
:1090800000E400E07804002020ED00E0280000204B
:1090900034EF00E010B5502080F31188BFF34F8FFC
:1090A000BFF36F8F00F0C6FC18B104494FF0805039
:1090B0000860002080F3118810BD000004ED00E07E
:1090C00070B50C46050016D0002C0CBF002005FB27
:1090D00004F04830FDF706FA06000AD006F1480110
:1090E000002C0CBF006001600121C0E90F5400F0AA
:1090F000E3F8304670BD502080F31188BFF34F8FE6
:10910000BFF36F8FFEE700002DE9FF4F83B09B4652
:109110000F4604004FF0000601D047B111E0502087
:1091200080F31188BFF34F8FBFF36F8FFEE7206C82
:1091300038B1502080F31188BFF34F8FBFF36F8F8A
:10914000FEE700F069FCDFF86C914FF0000A4FF089
:10915000805848B9059838B1502080F31188BFF382
:109160004F8FBFF36F8FFEE7FFF7D4FCA56BADB356
:10917000E668226C52B1B018E0606168884224BF92
:109180002068E06001463846F2F7D9FFBBF1000FD6
:1091900013D0E660606A50B104F1240000F056FD7F
:1091A00028B1C9F80080BFF34F8FBFF36F8FFFF76F
:1091B000D1FC07B00120BDE8F08F681EA0632068D5
:1091C00010B9FDF725FA606020690028EFD004F19E
:1091D000100000F03BFD0028E9D0E2E7FFE705982A
:1091E00008B136B109E0FFF7B5FC07B00020BDE8D3
:1091F000F08F6846FFF714FE0126FFF7ABFCFFF780
:1092000059FEFFF787FC94F94400B0F1FF3F08BF17
:1092100084F844A094F94500B0F1FF3F08BF84F8FA
:1092200045A0FFF797FC05A9684600F019FA98B128
:109230002046FDF721F900F043FDFFF76BFCA06B22
:1092400000280CBF01250025FFF784FC002D8BD0E2
:1092500007B00020BDE8F08FFFF75CFCA06B002892
:1092600014BF00250125FFF775FCE5B1206830B972
:10927000FFF750FC6068FFF78DFDFFF76BFC04F112
:1092800024000599FFF76CFD2046FDF7F5F800F086
:1092900017FD00287FF468AFC9F80080BFF34F8F37
:1092A000BFF36F8F60E72046FDF7E6F800F008FD9A
:1092B0005AE7000004ED00E070B50D46040022D02E
:1092C000FFF728FCD4E90F12206801FB0200606060
:1092D0000020A0632068491EA06001FB0200E0603E
:1092E0004FF0FF3084F8440084F845009DB104F14C
:1092F0001000FFF7D9FB04F12400FFF7D5FBFFF7BF
:1093000029FC012070BD502080F31188BFF34F8FDE
:10931000BFF36F8FFEE720690028F0D004F1100042
:1093200000F094FC0028EAD004494FF08050086017
:10933000BFF34F8FBFF36F8FE1E7000004ED00E054
:109340002DE9FF4F83B09B46884604004FF000068E
:1093500003D0B8F1000F08D011E0502080F311883D
:10936000BFF34F8FBFF36F8FFEE7206C38B15020F3
:1093700080F31188BFF34F8FBFF36F8FFEE7BBF110
:10938000020F0AD1E06B012807D0502080F311882A
:10939000BFF34F8FBFF36F8FFEE700F03DFBDFF8A9
:1093A00070A100274FF0805948B9059838B1502076
:1093B00080F31188BFF34F8FBFF36F8FFEE7FFF786
:1093C000A9FBA06BE16B884208D3BBF1020F05D06B
:1093D000059800284BD0002E4CD04FE0A56B0026FE
:1093E000226CA2B1BBF1000F19D04146E068F2F740
:1093F000A6FEE168206C091AE1602268914202D25F
:109400006168081AE060BBF1020F19D115E020680D
:10941000B0B9606800F0CCFB0646676010E04146DA
:10942000A068F2F78CFE216CA0680844A060616817
:10943000884224BF2068A06002E0002D18BF6D1E86
:10944000681CA063606A28B104F1240000F0FEFBF0
:1094500038B100E02EB1CAF80090BFF34F8FBFF3D0
:109460006F8FFFF777FB07B00120BDE8F08FFFF7A4
:1094700071FB23E06846FFF7D3FC0126FFF76AFB88
:10948000FFF718FDFFF746FB94F94400B0F1FF3FEA
:1094900008BF84F8447094F94500B0F1FF3F08BF5D
:1094A00084F84570FFF756FB05A9684600F0D8F828
:1094B00040B12046FCF7E0FF00F002FC07B00020BE
:1094C000BDE8F08FFFF726FBA06BE16B884214BF6D
:1094D00000250125FFF73EFB9DB104F11000059921
:1094E000FFF73EFC2046FCF7C7FF00F0E9FB002831
:1094F0007FF465AFCAF80090BFF34F8FBFF36F8F53
:109500005DE72046FCF7B8FF00F0DAFB57E7000004
:1095100004ED00E070B50D46040009D0206C78B170
:10952000502080F31188BFF34F8FBFF36F8FFEE79A
:10953000502080F31188BFF34F8FBFF36F8FFEE78A
:10954000206848B9606838B1502080F31188BFF3B3
:109550004F8FBFF36F8FFEE7FFF742FB5020EFF313
:10956000118680F31188BFF34F8FBFF36F8FA26B0B
:10957000E06B904298BF00200BD994F94500511C34
:10958000A163B0F1FF3F1CBF401C84F8450003D02D
:10959000012086F3118870BD606A0028F8D004F1BC
:1095A000240000F053FB00281EBF002D012028607E
:1095B000EEE72DE9F04790460F46040001D047B191
:1095C00011E0502080F31188BFF34F8FBFF36F8FEE
:1095D000FEE7206C38B1502080F31188BFF34F8F25
:1095E000BFF36F8FFEE7FFF7FBFA5020EFF311890F
:1095F00080F31188BFF34F8FBFF36F8FA66B002EE0
:1096000008BF002018D094F94450206C60B1E16884
:109610000844E0606168884224BF2068E060014639
:109620003846226CF2F78BFD701EA063681C18BFD1
:1096300084F8440004D0012089F31188BDE8F08744
:1096400020690028F7D004F1100000F0FFFA00288C
:109650001EBFB8F1000F0120C8F80000EBE70000C2
:1096600070B50D4604001ED02DB3FFF753FA184A0B
:10967000D0682968B1F1FF3F08BF002424D02368D7
:10968000D2F820C0634502D0636883421BD9636867
:10969000C01A814217D9081A2860106A2060D06861
:1096A0006060002410E0502080F31188BFF34F8FDA
:1096B000BFF36F8FFEE7502080F31188BFF34F8F09
:1096C000BFF36F8FFEE70124FFF744FA204670BD19
:1096D0003C0400202DE9F05F8246DDE90A579B46F5
:1096E00090460E469000FCF7FDFE5FEA00094BD065
:1096F0005420FCF7F7FE040043D06FF0030000EBAA
:1097000088004844C4F8309020F007084FF0000962
:1097100048462118325C81F83420315C00291CBF96
:10972000401C1028F5D384F84390072D28BF062548
:10973000201DE562C4E91159FFF7C1F904F11800D1
:10974000FFF7BDF92461C5F107016462A161C4F8A6
:109750004C9084F850905A4651464046FDF72EF8FA
:109760002060002F18BF3C602546FFF7D3F92F4F2C
:10977000B868401CB86038682D4E48B1786950B35D
:109780002FE04846FFF7FCF94FF0FF30BDE8F09FAF
:109790003D60B868012808BF002422D104EB840092
:1097A00006EB8000FFF780F9641C072CF6D32148F4
:1097B000FFF77AF92048FFF777F92048FFF774F9A7
:1097C0001F48FFF771F91F48FFF76EF919487863D2
:1097D0001430B86305E03868E96AC06A884298BF07
:1097E0003D60786A0121401C7862E86A3A698140EC
:1097F0001143396100EB800006EB8000291DFFF763
:109800007CF9FFF7A7F9786960B13868E96AC06A3E
:10981000884207D20C494FF080500860BFF34F8F49
:10982000BFF36F8F0120BDE8F09F00003C040020D3
:10983000C837002054380020683800207C380020C9
:1098400090380020A438002004ED00E02DE9F0411C
:109850001E4690460D46012798B10446FFF75AF977
:10986000002E1CBFE06C306094F85000022184F898
:109870005010B8F1050F18D2DFE808F0170B0E16DC
:109880001200502080F31188BFF34F8FBFF36F8F0A
:10989000FEE7E16C294301E0E16C491CE16404E06E
:1098A000022808BF00272BD0E564012828D1201DFD
:1098B000FFF7E8F8154DE06A01212A69814011435C
:1098C0002961134900EB800001EB8000211DFFF7A7
:1098D00014F9A06A38B1502080F31188BFF34F8F7C
:1098E000BFF36F8FFEE7E06A2968C96A884207D92B
:1098F00008494FF080500860BFF34F8FBFF36F8F60
:10990000FFF728F93846BDE8F08100003C0400204C
:10991000C837002004ED00E02DE9F0479A46089E84
:1099200091460D4604004FF001071DD0FFF758F98E
:109930005020EFF3118880F31188BFF34F8FBFF3EE
:109940006F8FBAF1000F1CBFE06CCAF8000094F8EA
:109950005000022184F85010B9F1050F18D2DFE849
:1099600009F0170B0E161200502080F31188BFF378
:109970004F8FBFF36F8FFEE7E16C294301E0E16C8D
:10998000491CE16404E0022808BF002723D0E564F5
:10999000012820D1A06A38B1502080F31188BFF38C
:1099A0004F8FBFF36F8FFEE7154D286B4FF0010906
:1099B00000281CBF04F11801124811D0FFF79DF8D0
:1099C000E06A2968C96A884205D9002E14BFC6F822
:1099D0000090C5F81C9088F311883846BDE8F087E0
:1099E000201DFFF74FF8E06A2A6909FA00F11143D8
:1099F0002961054900EB800001EB8000211DDDE7B6
:109A00003C0400207C380020C83700200148006852
:109A1000704700003C04002005484169002904BF4C
:109A200001207047006B00280CBF02200020704707
:109A30003C0400202DE9F047374F0026386B48B131
:109A4000B869401CB861F869002818BF0126304683
:109A5000BDE8F087F868451CFD604FF0FF391DD167
:109A6000786B006838B1502080F31188BFF34F8FB6
:109A7000BFF36F8FFEE7786BB96B7963B863386AB1
:109A8000401C3862786B0068002808BFC7F828902F
:109A900004D0786BC068C0684068B862B86ADFF804
:109AA0007C80A84298BF4FF0010A0CD8786B006800
:109AB00038B1786BC068C468606885420DD2B862FE
:109AC00001E0C7F828903868C06A00EB800058F8B9
:109AD0002000012888BF0126B5E7201DFEF7D2FF30
:109AE000A06A00281CBF04F11800FEF7CBFFE06A53
:109AF0003A690AFA00F11143396100EB800008EB82
:109B00008000211DFEF7F9FFE06A3968C96A8842C2
:109B100028BF0126CAE700003C040020C837002007
:109B20002DE9F0411F4614460E468046FEF7F2FF2F
:109B30001D4D286890F85000022818D0D5F800C0B4
:109B4000DCF84C0020EA0800CCF84C002968012021
:109B500081F850005FB101213846FCF7CFFB134973
:109B60004FF080500860BFF34F8FBFF36F8FFEF749
:109B7000F1FFFEF7CFFF14B12868C06C20602868A1
:109B800090F85000012808BF002404D02868C16C58
:109B9000B143C16401242968002081F85000FEF718
:109BA000D9FF2046BDE8F0813C04002004ED00E030
:109BB00070B504004FF0000141D0224D2868844266
:109BC00007D0502080F31188BFF34F8FBFF36F8F02
:109BD000FEE7A06C38B1401EA064636CE26A9A4252
:109BE0002DD040B12BE0502080F31188BFF34F8F70
:109BF000BFF36F8FFEE7201DFEF744FF12490122DD
:109C000058B9E06A00EB800351F823302BB92B6977
:109C100002FA00F023EA00002861606CE062C0F103
:109C20000700A061E06A2B6982401A432A6100EBB9
:109C3000800001EB8000211DFEF75FFF0121084637
:109C400070BD00003C040020C837002070B5C0681B
:109C5000C468BCB104F11800FEF714FF154D286B61
:109C6000012600281CBF04F11801134812D0FEF78A
:109C700044FFE06A2968C96A884286BF0120EE6114
:109C8000002070BD502080F31188BFF34F8FBFF3C9
:109C90006F8FFEE7201DFEF7F5FEE06A2A6906FADF
:109CA00000F111432961054900EB800001EB8000C0
:109CB000211DDCE73C0400207C380020C837002050
:109CC0002DE9F047344D4FF00008286B38B1FEF70E
:109CD00021FF286B401E2863286B40B156E05020BE
:109CE00080F31188BFF34F8FBFF36F8FFEE7A86833
:109CF00000284BD0294F01263868002818BFDFF80C
:109D0000A0902CD0F868C46804F11800FEF7BAFEE1
:109D1000201DFEF7B7FEE06A2A6906FA00F111433A
:109D2000296100EB800009EB8000211DFEF7E5FEB4
:109D3000E06A2968C96A884228BFEE61386800284D
:109D4000E0D164B1686B2946006800280FBF4FF06E
:109D5000FF30486BC068C06818BF40688862AC6953
:109D600044B1FFF767FE002818BFEE61641EF8D10A
:109D70000020A861E86948B10A494FF080504FF0CF
:109D800001080860BFF34F8FBFF36F8FFEF7E2FE4D
:109D90004046BDE8F08700003C0400207C380020ED
:109DA000C837002004ED00E0F0A90108611901089E
:109DB000FDFFFFFF0000000000010000C0A9010836
:109DC0008D5D01080300000000000000000200009B
:109DD000D0A901088D5D010802000000000000000C
:109DE00000020000E0A90108E545010800000000AC
:109DF0000000000000020000FCA901085D8A0108C3
:109E00000000000000000000000200000CAA010891
:109E1000E9610108FFFFFFFF0000000000020000F1
:109E2000000000000000000001020304060708090A
:109E300000000000010203040200000000002110E5
:109E4000422063308440A550C660E77008812991A4
:109E50004AA16BB18CC1ADD1CEE1EFF1311210024C
:109E600073325222B5529442F772D66239931883F4
:109E70007BB35AA3BDD39CC3FFF3DEE36224433418
:109E800020040114E664C774A44485546AA54BB544
:109E900028850995EEE5CFF5ACC58DD553367226EC
:109EA00011163006D776F6669556B4465BB77AA794
:109EB00019973887DFF7FEE79DD7BCC7C448E55838
:109EC0008668A7784008611802282338CCC9EDD9E4
:109ED0008EE9AFF9488969990AA92BB9F55AD44A8C
:109EE000B77A966A711A500A333A122AFDDBDCCB34
:109EF000BFFB9EEB799B588B3BBB1AABA66C877C58
:109F0000E44CC55C222C033C600C411CAEED8FFD83
:109F1000ECCDCDDD2AAD0BBD688D499D977EB66E2B
:109F2000D55EF44E133E322E511E700E9FFFBEEFD3
:109F3000DDDFFCCF1BBF3AAF599F788F8891A98195
:109F4000CAB1EBA10CD12DC14EF16FE18010A1007F
:109F5000C230E3200450254046706760B98398936F
:109F6000FBA3DAB33DC31CD37FE35EF3B1029012CF
:109F7000F322D2323542145277625672EAB5CBA53B
:109F8000A89589856EF54FE52CD50DC5E234C3241F
:109F9000A01481046674476424540544DBA7FAB70F
:109FA0009987B8975FE77EF71DC73CD7D326F2366F
:109FB0009106B01657667676154634564CD96DC95B
:109FC0000EF92FE9C899E9898AB9ABA944586548BF
:109FD00006782768C018E1088238A3287DCB5CDBAF
:109FE0003FEB1EFBF98BD89BBBAB9ABB754A545A0F
:109FF000376A167AF10AD01AB32A923A2EFD0FED7B
:10A000006CDD4DCDAABD8BADE89DC98D267C076C5E
:10A01000645C454CA23C832CE01CC10C1FEF3EFF4E
:10A020005DCF7CDF9BAFBABFD98FF89F176E367EAE
:10A03000554E745E932EB23ED10EF01E700000207D
:10A040000000000094000020980000209C000020E8
:10A05000A0000020A4000020A8000020AC000020E8
:10A06000B0000020B4000020C0000020C400002088
:10A07000E0000020E4000020E8000020EC000020C8
:10A080004001002044010020480100204C01002034
:10A090005001002054010020580100205C010020E4
:10A0A000A0010020A4010020A8010020AC01002094
:10A0B000B00100205C020020600200206402002049
:10A0C000680200206C020020700200207402002050
:10A0D000780200207C020020880200208C020020F0
:10A0E000A8020020AC020020B0020020B402002030
:10A0F000080300200C03002010030020140300209C
:10A10000180300201C03002020030020240300204B
:10A11000680300206C0300207003002074030020FB
:10A12000780300208000002090010020940100208E
:10A130008C00002048020020580300205C0300200F
:10A1400054020020CC000020CD000020CE000020D2
:10A15000CF000020940200209502002096020020EB
:10A1600097020020DA000020DC000020A20200207C
:10A17000A402002000000000920E493CB10AC93C34
:10A180002BC3163D2EFB483D752B7B3D04A9963D08
:10A1900080B6AF3D36BDC83D2FBCE13D73B2FA3D40
:10A1A00087CF093E8340163EB5AB223EA2102F3E1C
:10A1B000CF6E3B3EC2C5473E0115543E135C603E28
:10A1C0007F9A6C3ECCCF783EC07D823E938E883E97
:10A1D000229A8E3E32A0943E86A09A3EE59AA03EF8
:10A1E000128FA63ED47CAC3EEF63B23E2A44B83E0A
:10A1F000491DBE3E15EFC33E53B9C93ECA7BCF3E93
:10A200004136D53E80E8DA3E4F92E03E7533E63E79
:10A21000BBCBEB3EEA5AF13ECBE0F63E275DFC3E7F
:10A22000E4E7003F3D9C033F824B063F9BF5083F20
:10A230006B9A0B3FDA390E3FCDD3103F2A68133F9C
:10A24000D9F6153FC07F183FC6021B3FD17F1D3F87
:10A25000CBF61F3F9967223F25D2243F5636273F32
:10A260001594293F4AEB2B3FDE3B2E3FBB85303F09
:10A27000C9C8323FF304353F233A373F4268393F7C
:10A280003B8F3B3FF9AE3D3F67C73F3F70D8413FF3
:10A2900001E2433F03E4453F65DE473F12D1493FBA
:10A2A000F8BB4B3F029F4D3F207A4F3F3D4D513F02
:10A2B0004918533F31DB543FE595563F5348583FCB
:10A2C0006AF2593F1A945B3F532D5D3F05BE5E3FD6
:10A2D0002146603F97C5613F5A3C633F59AA643F9E
:10A2E000880F663FD86B673F3CBF683FA7096A3F4E
:10A2F0000C4B6B3F5E836C3F93B26D3F9ED86E3FBD
:10A3000073F56F3F0809713F5213723F4714733F53
:10A31000DD0B743F0BFA743FC6DE753F07BA763F1C
:10A32000C58B773FF853783F9812793F9DC7793FA7
:10A3300002737A3FBE147B3FCDAC7B3F283B7C3F12
:10A34000C9BF7C3FAC3A7D3FCCAB7D3F23137E3F02
:10A35000B0707E3F6DC47E3F580E7F3F6D4E7F3F95
:10A36000AB847F3F0FB17F3F97D37F3F43EC7F3F6D
:10A3700011FB7F3F0000803F11FB7F3F43EC7F3F9D
:10A3800097D37F3F0FB17F3FAB847F3F6D4E7F3FC1
:10A39000580E7F3F6DC47E3FB0707E3F23137E3FDB
:10A3A000CCAB7D3FAC3A7D3FC9BF7C3F283B7C3F77
:10A3B000CDAC7B3FBE147B3F02737A3F9DC7793F94
:10A3C0009812793FF853783FC58B773F07BA763FAD
:10A3D000C6DE753F0BFA743FDD0B743F4714733FC5
:10A3E0005213723F0809713F73F56F3F9ED86E3F5D
:10A3F00093B26D3F5E836C3F0C4B6B3FA7096A3F86
:10A400003CBF683FD86B673F880F663F59AA643FDF
:10A410005A3C633F97C5613F2146603F05BE5E3FA2
:10A42000532D5D3F1A945B3F6AF2593F5348583FA2
:10A43000E595563F31DB543F4918533F3D4D513F61
:10A44000207A4F3F029F4D3FF8BB4B3F12D1493F0F
:10A4500065DE473F03E4453F01E2433F70D8413F9B
:10A4600067C73F3FF9AE3D3F3B8F3B3F4268393FB7
:10A47000233A373FF304353FC9C8323FBB85303FED
:10A48000DE3B2E3F4AEB2B3F1594293F5636273FA4
:10A4900025D2243F9967223FCBF61F3FD17F1D3F36
:10A4A000C6021B3FC07F183FD9F6153F2A68133FED
:10A4B000CDD3103FDA390E3F6B9A0B3F9BF5083F27
:10A4C000824B063F3D9C033FE4E7003F275DFC3E97
:10A4D000CBE0F63EEA5AF13EBBCBEB3E7533E63EAF
:10A4E0004F92E03E80E8DA3E4136D53ECA7BCF3E11
:10A4F00053B9C93E15EFC33E491DBE3E2A44B83E7E
:10A50000EF63B23ED47CAC3E128FA63EE59AA03EED
:10A5100086A09A3E32A0943E229A8E3E938E883E2A
:10A52000C07D823ECCCF783E7F9A6C3E135C603E0D
:10A530000115543EC2C5473ECF6E3B3EA2102F3E92
:10A54000B5AB223E8340163E87CF093E73B2FA3D3B
:10A550002FBCE13D36BDC83D80B6AF3D04A9963D58
:10A56000752B7B3D2EFB483D2BC3163DB10AC93CE4
:10A57000920E493C00000000920E49BCB10AC9BCD1
:10A580002BC316BD2EFB48BD752B7BBD04A996BD04
:10A5900080B6AFBD36BDC8BD2FBCE1BD73B2FABD3C
:10A5A00087CF09BE834016BEB5AB22BEA2102FBE18
:10A5B000CF6E3BBEC2C547BE011554BE135C60BE24
:10A5C0007F9A6CBECCCF78BEC07D82BE938E88BE93
:10A5D000229A8EBE32A094BE86A09ABEE59AA0BEF4
:10A5E000128FA6BED47CACBEEF63B2BE2A44B8BE06
:10A5F000491DBEBE15EFC3BE53B9C9BECA7BCFBE8F
:10A600004136D5BE80E8DABE4F92E0BE7533E6BE75
:10A61000BBCBEBBEEA5AF1BECBE0F6BE275DFCBE7B
:10A62000E4E700BF3D9C03BF824B06BF9BF508BF1C
:10A630006B9A0BBFDA390EBFCDD310BF2A6813BF98
:10A64000D9F615BFC07F18BFC6021BBFD17F1DBF83
:10A65000CBF61FBF996722BF25D224BF563627BF2E
:10A66000159429BF4AEB2BBFDE3B2EBFBB8530BF05
:10A67000C9C832BFF30435BF233A37BF426839BF78
:10A680003B8F3BBFF9AE3DBF67C73FBF70D841BFEF
:10A6900001E243BF03E445BF65DE47BF12D149BFB6
:10A6A000F8BB4BBF029F4DBF207A4FBF3D4D51BFFE
:10A6B000491853BF31DB54BFE59556BF534858BFC7
:10A6C0006AF259BF1A945BBF532D5DBF05BE5EBFD2
:10A6D000214660BF97C561BF5A3C63BF59AA64BF9A
:10A6E000880F66BFD86B67BF3CBF68BFA7096ABF4A
:10A6F0000C4B6BBF5E836CBF93B26DBF9ED86EBFB9
:10A7000073F56FBF080971BF521372BF471473BF4F
:10A71000DD0B74BF0BFA74BFC6DE75BF07BA76BF18
:10A72000C58B77BFF85378BF981279BF9DC779BFA3
:10A7300002737ABFBE147BBFCDAC7BBF283B7CBF0E
:10A74000C9BF7CBFAC3A7DBFCCAB7DBF23137EBFFE
:10A75000B0707EBF6DC47EBF580E7FBF6D4E7FBF91
:10A76000AB847FBF0FB17FBF97D37FBF43EC7FBF69
:10A7700011FB7FBF000080BF11FB7FBF43EC7FBF99
:10A7800097D37FBF0FB17FBFAB847FBF6D4E7FBFBD
:10A79000580E7FBF6DC47EBFB0707EBF23137EBFD7
:10A7A000CCAB7DBFAC3A7DBFC9BF7CBF283B7CBF73
:10A7B000CDAC7BBFBE147BBF02737ABF9DC779BF90
:10A7C000981279BFF85378BFC58B77BF07BA76BFA9
:10A7D000C6DE75BF0BFA74BFDD0B74BF471473BFC1
:10A7E000521372BF080971BF73F56FBF9ED86EBF59
:10A7F00093B26DBF5E836CBF0C4B6BBFA7096ABF82
:10A800003CBF68BFD86B67BF880F66BF59AA64BFDB
:10A810005A3C63BF97C561BF214660BF05BE5EBF9E
:10A82000532D5DBF1A945BBF6AF259BF534858BF9E
:10A83000E59556BF31DB54BF491853BF3D4D51BF5D
:10A84000207A4FBF029F4DBFF8BB4BBF12D149BF0B
:10A8500065DE47BF03E445BF01E243BF70D841BF97
:10A8600067C73FBFF9AE3DBF3B8F3BBF426839BFB3
:10A87000233A37BFF30435BFC9C832BFBB8530BFE9
:10A88000DE3B2EBF4AEB2BBF159429BF563627BFA0
:10A8900025D224BF996722BFCBF61FBFD17F1DBF32
:10A8A000C6021BBFC07F18BFD9F615BF2A6813BFE9
:10A8B000CDD310BFDA390EBF6B9A0BBF9BF508BF23
:10A8C000824B06BF3D9C03BFE4E700BF275DFCBE93
:10A8D000CBE0F6BEEA5AF1BEBBCBEBBE7533E6BEAB
:10A8E0004F92E0BE80E8DABE4136D5BECA7BCFBE0D
:10A8F00053B9C9BE15EFC3BE491DBEBE2A44B8BE7A
:10A90000EF63B2BED47CACBE128FA6BEE59AA0BEE9
:10A9100086A09ABE32A094BE229A8EBE938E88BE26
:10A92000C07D82BECCCF78BE7F9A6CBE135C60BE09
:10A93000011554BEC2C547BECF6E3BBEA2102FBE8E
:10A94000B5AB22BE834016BE87CF09BE73B2FABD37
:10A950002FBCE1BD36BDC8BD80B6AFBD04A996BD54
:10A96000752B7BBD2EFB48BD2BC316BDB10AC9BCE0
:10A97000920E49BC0000008000061016000610165A
:10A98000DDDDDDDDDCBBBBDDDDDDDDDDDDDDDDDD3C
:10A99000988888888888888877777777778888887C
:10A9A0008555555666666666666666666668888814
:10A9B0008333333222222222222222222228888D0D
:10A9C0007461736B5F6D6F746F725F3000000000B5
:10A9D0007461736B5F6D6F746F725F3100000000A4
:10A9E0007461736B5F636D645F70617273650000A7
:10A9F00064656661756C745461736B007461736B2C
:10AA00005F7573625F70756D700000007461736BC9
:10AA10005F7061636B65745F74696D6572000000DF
:10AA20002D2D2D2D2D2D2D2D2D2D2D2D2D2D2D2D56
:10AA30002D2D2D2D2D2D2D2D2D2D2D2D2D2D2D2D46
:10AA40002D2D2D2D2D2D2D2D2D2D2D2D2D2D2D2D36
:10AA50002D2D2D2D2D2D2D2D2D2D2D2D2D2D2D2D26
:10AA60000A0000002D2D2D2D2D2D2D2D2D2D2D2DC0
:10AA70002D2D2D2D2D2D2D2D2D2D2D2D2D2D2D2D06
:10AA80002D2D2D2D2D2D2D2D2D2D2D2D2D2D2D2DF6
:10AA90002D2D2D2D2D2D2D2D2D2D2D2D2D2D2D2DE6
:10AAA0002D2D2D2D00000000555549443A2025300C
:10AAB0003258202530325820253032582025303267
:10AAC0005820253032582025303258202530325831
:10AAD0002025303258202530325820253032582059
:0CAAE0002530325820253032580000008C
:040000050800018965
:00000001FF
